ISO-10303-21;
HEADER;
FILE_DESCRIPTION(('FreeCAD Model'),'2;1');
FILE_NAME('Open CASCADE Shape Model','2026-09-04T11:13:30',('FreeCAD'),(
    'FreeCAD'),'Open CASCADE STEP processor 7.8','FreeCAD','Unknown');
FILE_SCHEMA(('AUTOMOTIVE_DESIGN { 1 0 10303 214 1 1 1 1 }'));
ENDSEC;
DATA;
#1 = APPLICATION_PROTOCOL_DEFINITION('international standard',
  'automotive_design',2000,#2);
#2 = APPLICATION_CONTEXT(
  'core data for automotive mechanical design processes');
#3 = SHAPE_DEFINITION_REPRESENTATION(#4,#10);
#4 = PRODUCT_DEFINITION_SHAPE('','',#5);
#5 = PRODUCT_DEFINITION('design','',#6,#9);
#6 = PRODUCT_DEFINITION_FORMATION('','',#7);
#7 = PRODUCT('Open CASCADE STEP translator 7.8 1',
  'Open CASCADE STEP translator 7.8 1','',(#8));
#8 = PRODUCT_CONTEXT('',#2,'mechanical');
#9 = PRODUCT_DEFINITION_CONTEXT('part definition',#2,'design');
#10 = ADVANCED_BREP_SHAPE_REPRESENTATION('',(#11,#15),#5251);
#11 = AXIS2_PLACEMENT_3D('',#12,#13,#14);
#12 = CARTESIAN_POINT('',(0.,0.,0.));
#13 = DIRECTION('',(0.,0.,1.));
#14 = DIRECTION('',(1.,0.,-0.));
#15 = BREP_WITH_VOIDS('',#16,(#4951,#5101));
#16 = CLOSED_SHELL('',(#17,#57,#152,#215,#239,#256,#268,#324,#387,#411,
    #435,#452,#501,#525,#581,#621,#706,#826,#923,#972,#989,#1001,#1036,
    #1053,#1138,#1162,#1240,#1289,#1306,#1323,#1404,#1435,#1459,#1483,
    #1500,#1604,#1628,#1725,#1765,#1789,#1822,#1926,#1950,#2047,#2078,
    #2102,#2126,#2143,#2228,#2313,#2362,#2379,#2403,#2454,#2478,#2522,
    #2539,#2564,#2588,#2612,#2629,#2654,#2670,#2686,#2712,#2729,#2741,
    #2758,#2789,#2806,#2905,#2922,#3021,#3038,#3137,#3163,#3175,#3187,
    #3199,#3211,#3228,#3240,#3252,#3264,#3276,#3300,#3351,#3375,#3419,
    #3436,#3461,#3485,#3509,#3526,#3551,#3567,#3583,#3614,#3638,#3662,
    #3679,#3712,#3729,#3746,#3769,#3802,#3819,#3847,#3859,#3890,#3914,
    #3938,#3955,#3986,#4010,#4034,#4051,#4082,#4106,#4130,#4147,#4159,
    #4184,#4209,#4234,#4259,#4305,#4351,#4363,#4383,#4403,#4423,#4443,
    #4485,#4520,#4555,#4583,#4625,#4660,#4695,#4723,#4740,#4757,#4774,
    #4791,#4803,#4828,#4853,#4865,#4890,#4915,#4924,#4933,#4942));
#17 = ADVANCED_FACE('',(#18),#52,.F.);
#18 = FACE_BOUND('',#19,.F.);
#19 = EDGE_LOOP('',(#20,#30,#38,#46));
#20 = ORIENTED_EDGE('',*,*,#21,.F.);
#21 = EDGE_CURVE('',#22,#24,#26,.T.);
#22 = VERTEX_POINT('',#23);
#23 = CARTESIAN_POINT('',(-80.4,216.,35.04));
#24 = VERTEX_POINT('',#25);
#25 = CARTESIAN_POINT('',(-74.,216.,35.04));
#26 = LINE('',#27,#28);
#27 = CARTESIAN_POINT('',(-106.,216.,35.04));
#28 = VECTOR('',#29,1.);
#29 = DIRECTION('',(1.,0.,-0.));
#30 = ORIENTED_EDGE('',*,*,#31,.F.);
#31 = EDGE_CURVE('',#32,#22,#34,.T.);
#32 = VERTEX_POINT('',#33);
#33 = CARTESIAN_POINT('',(-80.4,30.,35.04));
#34 = LINE('',#35,#36);
#35 = CARTESIAN_POINT('',(-80.4,24.,35.04));
#36 = VECTOR('',#37,1.);
#37 = DIRECTION('',(-0.,1.,0.));
#38 = ORIENTED_EDGE('',*,*,#39,.T.);
#39 = EDGE_CURVE('',#32,#40,#42,.T.);
#40 = VERTEX_POINT('',#41);
#41 = CARTESIAN_POINT('',(-74.,30.,35.04));
#42 = LINE('',#43,#44);
#43 = CARTESIAN_POINT('',(-106.,30.,35.04));
#44 = VECTOR('',#45,1.);
#45 = DIRECTION('',(1.,0.,-0.));
#46 = ORIENTED_EDGE('',*,*,#47,.T.);
#47 = EDGE_CURVE('',#40,#24,#48,.T.);
#48 = LINE('',#49,#50);
#49 = CARTESIAN_POINT('',(-74.,24.,35.04));
#50 = VECTOR('',#51,1.);
#51 = DIRECTION('',(-0.,1.,0.));
#52 = PLANE('',#53);
#53 = AXIS2_PLACEMENT_3D('',#54,#55,#56);
#54 = CARTESIAN_POINT('',(-106.,24.,35.04));
#55 = DIRECTION('',(0.,0.,1.));
#56 = DIRECTION('',(1.,0.,-0.));
#57 = ADVANCED_FACE('',(#58),#147,.T.);
#58 = FACE_BOUND('',#59,.T.);
#59 = EDGE_LOOP('',(#60,#68,#69,#77,#85,#93,#101,#109,#117,#125,#133,
    #141));
#60 = ORIENTED_EDGE('',*,*,#61,.F.);
#61 = EDGE_CURVE('',#24,#62,#64,.T.);
#62 = VERTEX_POINT('',#63);
#63 = CARTESIAN_POINT('',(-74.,216.,39.54));
#64 = LINE('',#65,#66);
#65 = CARTESIAN_POINT('',(-74.,216.,35.04));
#66 = VECTOR('',#67,1.);
#67 = DIRECTION('',(0.,0.,1.));
#68 = ORIENTED_EDGE('',*,*,#21,.F.);
#69 = ORIENTED_EDGE('',*,*,#70,.F.);
#70 = EDGE_CURVE('',#71,#22,#73,.T.);
#71 = VERTEX_POINT('',#72);
#72 = CARTESIAN_POINT('',(-80.4,216.,14.04));
#73 = LINE('',#74,#75);
#74 = CARTESIAN_POINT('',(-80.4,216.,14.04));
#75 = VECTOR('',#76,1.);
#76 = DIRECTION('',(0.,0.,1.));
#77 = ORIENTED_EDGE('',*,*,#78,.T.);
#78 = EDGE_CURVE('',#71,#79,#81,.T.);
#79 = VERTEX_POINT('',#80);
#80 = CARTESIAN_POINT('',(-74.,216.,14.04));
#81 = LINE('',#82,#83);
#82 = CARTESIAN_POINT('',(-106.,216.,14.04));
#83 = VECTOR('',#84,1.);
#84 = DIRECTION('',(1.,0.,-0.));
#85 = ORIENTED_EDGE('',*,*,#86,.F.);
#86 = EDGE_CURVE('',#87,#79,#89,.T.);
#87 = VERTEX_POINT('',#88);
#88 = CARTESIAN_POINT('',(-74.,216.,9.54));
#89 = LINE('',#90,#91);
#90 = CARTESIAN_POINT('',(-74.,216.,9.54));
#91 = VECTOR('',#92,1.);
#92 = DIRECTION('',(0.,0.,1.));
#93 = ORIENTED_EDGE('',*,*,#94,.T.);
#94 = EDGE_CURVE('',#87,#95,#97,.T.);
#95 = VERTEX_POINT('',#96);
#96 = CARTESIAN_POINT('',(74.,216.,9.54));
#97 = LINE('',#98,#99);
#98 = CARTESIAN_POINT('',(-106.,216.,9.54));
#99 = VECTOR('',#100,1.);
#100 = DIRECTION('',(1.,0.,-0.));
#101 = ORIENTED_EDGE('',*,*,#102,.T.);
#102 = EDGE_CURVE('',#95,#103,#105,.T.);
#103 = VERTEX_POINT('',#104);
#104 = CARTESIAN_POINT('',(74.,216.,14.04));
#105 = LINE('',#106,#107);
#106 = CARTESIAN_POINT('',(74.,216.,9.54));
#107 = VECTOR('',#108,1.);
#108 = DIRECTION('',(0.,0.,1.));
#109 = ORIENTED_EDGE('',*,*,#110,.T.);
#110 = EDGE_CURVE('',#103,#111,#113,.T.);
#111 = VERTEX_POINT('',#112);
#112 = CARTESIAN_POINT('',(80.4,216.,14.04));
#113 = LINE('',#114,#115);
#114 = CARTESIAN_POINT('',(-106.,216.,14.04));
#115 = VECTOR('',#116,1.);
#116 = DIRECTION('',(1.,0.,-0.));
#117 = ORIENTED_EDGE('',*,*,#118,.T.);
#118 = EDGE_CURVE('',#111,#119,#121,.T.);
#119 = VERTEX_POINT('',#120);
#120 = CARTESIAN_POINT('',(80.4,216.,35.04));
#121 = LINE('',#122,#123);
#122 = CARTESIAN_POINT('',(80.4,216.,14.04));
#123 = VECTOR('',#124,1.);
#124 = DIRECTION('',(0.,0.,1.));
#125 = ORIENTED_EDGE('',*,*,#126,.F.);
#126 = EDGE_CURVE('',#127,#119,#129,.T.);
#127 = VERTEX_POINT('',#128);
#128 = CARTESIAN_POINT('',(74.,216.,35.04));
#129 = LINE('',#130,#131);
#130 = CARTESIAN_POINT('',(-106.,216.,35.04));
#131 = VECTOR('',#132,1.);
#132 = DIRECTION('',(1.,0.,-0.));
#133 = ORIENTED_EDGE('',*,*,#134,.T.);
#134 = EDGE_CURVE('',#127,#135,#137,.T.);
#135 = VERTEX_POINT('',#136);
#136 = CARTESIAN_POINT('',(74.,216.,39.54));
#137 = LINE('',#138,#139);
#138 = CARTESIAN_POINT('',(74.,216.,35.04));
#139 = VECTOR('',#140,1.);
#140 = DIRECTION('',(0.,0.,1.));
#141 = ORIENTED_EDGE('',*,*,#142,.F.);
#142 = EDGE_CURVE('',#62,#135,#143,.T.);
#143 = LINE('',#144,#145);
#144 = CARTESIAN_POINT('',(-106.,216.,39.54));
#145 = VECTOR('',#146,1.);
#146 = DIRECTION('',(1.,0.,-0.));
#147 = PLANE('',#148);
#148 = AXIS2_PLACEMENT_3D('',#149,#150,#151);
#149 = CARTESIAN_POINT('',(9.533487439968E-15,216.,24.54));
#150 = DIRECTION('',(-0.,-1.,-0.));
#151 = DIRECTION('',(0.,0.,-1.));
#152 = ADVANCED_FACE('',(#153),#210,.T.);
#153 = FACE_BOUND('',#154,.T.);
#154 = EDGE_LOOP('',(#155,#163,#171,#179,#187,#193,#194,#202,#208,#209)
  );
#155 = ORIENTED_EDGE('',*,*,#156,.F.);
#156 = EDGE_CURVE('',#157,#62,#159,.T.);
#157 = VERTEX_POINT('',#158);
#158 = CARTESIAN_POINT('',(-74.,10.,39.54));
#159 = LINE('',#160,#161);
#160 = CARTESIAN_POINT('',(-74.,10.,39.54));
#161 = VECTOR('',#162,1.);
#162 = DIRECTION('',(-0.,1.,0.));
#163 = ORIENTED_EDGE('',*,*,#164,.F.);
#164 = EDGE_CURVE('',#165,#157,#167,.T.);
#165 = VERTEX_POINT('',#166);
#166 = CARTESIAN_POINT('',(-74.,10.,16.));
#167 = LINE('',#168,#169);
#168 = CARTESIAN_POINT('',(-74.,10.,9.54));
#169 = VECTOR('',#170,1.);
#170 = DIRECTION('',(0.,0.,1.));
#171 = ORIENTED_EDGE('',*,*,#172,.T.);
#172 = EDGE_CURVE('',#165,#173,#175,.T.);
#173 = VERTEX_POINT('',#174);
#174 = CARTESIAN_POINT('',(-74.,14.,16.));
#175 = LINE('',#176,#177);
#176 = CARTESIAN_POINT('',(-74.,-1.25,16.));
#177 = VECTOR('',#178,1.);
#178 = DIRECTION('',(-0.,1.,0.));
#179 = ORIENTED_EDGE('',*,*,#180,.T.);
#180 = EDGE_CURVE('',#173,#181,#183,.T.);
#181 = VERTEX_POINT('',#182);
#182 = CARTESIAN_POINT('',(-74.,14.,9.54));
#183 = LINE('',#184,#185);
#184 = CARTESIAN_POINT('',(-74.,14.,4.77));
#185 = VECTOR('',#186,1.);
#186 = DIRECTION('',(-0.,0.,-1.));
#187 = ORIENTED_EDGE('',*,*,#188,.T.);
#188 = EDGE_CURVE('',#181,#87,#189,.T.);
#189 = LINE('',#190,#191);
#190 = CARTESIAN_POINT('',(-74.,24.,9.54));
#191 = VECTOR('',#192,1.);
#192 = DIRECTION('',(-0.,1.,0.));
#193 = ORIENTED_EDGE('',*,*,#86,.T.);
#194 = ORIENTED_EDGE('',*,*,#195,.F.);
#195 = EDGE_CURVE('',#196,#79,#198,.T.);
#196 = VERTEX_POINT('',#197);
#197 = CARTESIAN_POINT('',(-74.,30.,14.04));
#198 = LINE('',#199,#200);
#199 = CARTESIAN_POINT('',(-74.,24.,14.04));
#200 = VECTOR('',#201,1.);
#201 = DIRECTION('',(-0.,1.,0.));
#202 = ORIENTED_EDGE('',*,*,#203,.T.);
#203 = EDGE_CURVE('',#196,#40,#204,.T.);
#204 = LINE('',#205,#206);
#205 = CARTESIAN_POINT('',(-74.,30.,9.54));
#206 = VECTOR('',#207,1.);
#207 = DIRECTION('',(0.,0.,1.));
#208 = ORIENTED_EDGE('',*,*,#47,.T.);
#209 = ORIENTED_EDGE('',*,*,#61,.T.);
#210 = PLANE('',#211);
#211 = AXIS2_PLACEMENT_3D('',#212,#213,#214);
#212 = CARTESIAN_POINT('',(-74.,112.81023696682,24.570616113744));
#213 = DIRECTION('',(1.,0.,0.));
#214 = DIRECTION('',(-0.,0.,1.));
#215 = ADVANCED_FACE('',(#216),#234,.T.);
#216 = FACE_BOUND('',#217,.T.);
#217 = EDGE_LOOP('',(#218,#219,#227,#233));
#218 = ORIENTED_EDGE('',*,*,#203,.F.);
#219 = ORIENTED_EDGE('',*,*,#220,.F.);
#220 = EDGE_CURVE('',#221,#196,#223,.T.);
#221 = VERTEX_POINT('',#222);
#222 = CARTESIAN_POINT('',(-80.4,30.,14.04));
#223 = LINE('',#224,#225);
#224 = CARTESIAN_POINT('',(-106.,30.,14.04));
#225 = VECTOR('',#226,1.);
#226 = DIRECTION('',(1.,0.,-0.));
#227 = ORIENTED_EDGE('',*,*,#228,.F.);
#228 = EDGE_CURVE('',#32,#221,#229,.T.);
#229 = LINE('',#230,#231);
#230 = CARTESIAN_POINT('',(-80.4,30.,11.79));
#231 = VECTOR('',#232,1.);
#232 = DIRECTION('',(-0.,0.,-1.));
#233 = ORIENTED_EDGE('',*,*,#39,.T.);
#234 = PLANE('',#235);
#235 = AXIS2_PLACEMENT_3D('',#236,#237,#238);
#236 = CARTESIAN_POINT('',(-106.,30.,9.54));
#237 = DIRECTION('',(-0.,1.,0.));
#238 = DIRECTION('',(0.,0.,1.));
#239 = ADVANCED_FACE('',(#240),#251,.T.);
#240 = FACE_BOUND('',#241,.T.);
#241 = EDGE_LOOP('',(#242,#243,#244,#250));
#242 = ORIENTED_EDGE('',*,*,#31,.F.);
#243 = ORIENTED_EDGE('',*,*,#228,.T.);
#244 = ORIENTED_EDGE('',*,*,#245,.T.);
#245 = EDGE_CURVE('',#221,#71,#246,.T.);
#246 = LINE('',#247,#248);
#247 = CARTESIAN_POINT('',(-80.4,24.,14.04));
#248 = VECTOR('',#249,1.);
#249 = DIRECTION('',(-0.,1.,0.));
#250 = ORIENTED_EDGE('',*,*,#70,.T.);
#251 = PLANE('',#252);
#252 = AXIS2_PLACEMENT_3D('',#253,#254,#255);
#253 = CARTESIAN_POINT('',(-80.4,24.,14.04));
#254 = DIRECTION('',(1.,0.,-0.));
#255 = DIRECTION('',(0.,0.,1.));
#256 = ADVANCED_FACE('',(#257),#263,.T.);
#257 = FACE_BOUND('',#258,.T.);
#258 = EDGE_LOOP('',(#259,#260,#261,#262));
#259 = ORIENTED_EDGE('',*,*,#78,.F.);
#260 = ORIENTED_EDGE('',*,*,#245,.F.);
#261 = ORIENTED_EDGE('',*,*,#220,.T.);
#262 = ORIENTED_EDGE('',*,*,#195,.T.);
#263 = PLANE('',#264);
#264 = AXIS2_PLACEMENT_3D('',#265,#266,#267);
#265 = CARTESIAN_POINT('',(-106.,24.,14.04));
#266 = DIRECTION('',(0.,0.,1.));
#267 = DIRECTION('',(1.,0.,-0.));
#268 = ADVANCED_FACE('',(#269),#319,.T.);
#269 = FACE_BOUND('',#270,.T.);
#270 = EDGE_LOOP('',(#271,#279,#280,#281,#289,#297,#305,#313));
#271 = ORIENTED_EDGE('',*,*,#272,.T.);
#272 = EDGE_CURVE('',#273,#95,#275,.T.);
#273 = VERTEX_POINT('',#274);
#274 = CARTESIAN_POINT('',(74.,14.,9.54));
#275 = LINE('',#276,#277);
#276 = CARTESIAN_POINT('',(74.,24.,9.54));
#277 = VECTOR('',#278,1.);
#278 = DIRECTION('',(-0.,1.,0.));
#279 = ORIENTED_EDGE('',*,*,#94,.F.);
#280 = ORIENTED_EDGE('',*,*,#188,.F.);
#281 = ORIENTED_EDGE('',*,*,#282,.F.);
#282 = EDGE_CURVE('',#283,#181,#285,.T.);
#283 = VERTEX_POINT('',#284);
#284 = CARTESIAN_POINT('',(-106.,14.,9.54));
#285 = LINE('',#286,#287);
#286 = CARTESIAN_POINT('',(-106.5,14.,9.54));
#287 = VECTOR('',#288,1.);
#288 = DIRECTION('',(1.,0.,-0.));
#289 = ORIENTED_EDGE('',*,*,#290,.T.);
#290 = EDGE_CURVE('',#283,#291,#293,.T.);
#291 = VERTEX_POINT('',#292);
#292 = CARTESIAN_POINT('',(-106.,258.2,9.54));
#293 = LINE('',#294,#295);
#294 = CARTESIAN_POINT('',(-106.,10.,9.54));
#295 = VECTOR('',#296,1.);
#296 = DIRECTION('',(-0.,1.,0.));
#297 = ORIENTED_EDGE('',*,*,#298,.T.);
#298 = EDGE_CURVE('',#291,#299,#301,.T.);
#299 = VERTEX_POINT('',#300);
#300 = CARTESIAN_POINT('',(106.,258.2,9.54));
#301 = LINE('',#302,#303);
#302 = CARTESIAN_POINT('',(-106.,258.2,9.54));
#303 = VECTOR('',#304,1.);
#304 = DIRECTION('',(1.,0.,-0.));
#305 = ORIENTED_EDGE('',*,*,#306,.F.);
#306 = EDGE_CURVE('',#307,#299,#309,.T.);
#307 = VERTEX_POINT('',#308);
#308 = CARTESIAN_POINT('',(106.,14.,9.54));
#309 = LINE('',#310,#311);
#310 = CARTESIAN_POINT('',(106.,10.,9.54));
#311 = VECTOR('',#312,1.);
#312 = DIRECTION('',(-0.,1.,0.));
#313 = ORIENTED_EDGE('',*,*,#314,.F.);
#314 = EDGE_CURVE('',#273,#307,#315,.T.);
#315 = LINE('',#316,#317);
#316 = CARTESIAN_POINT('',(73.5,14.,9.54));
#317 = VECTOR('',#318,1.);
#318 = DIRECTION('',(1.,0.,-0.));
#319 = PLANE('',#320);
#320 = AXIS2_PLACEMENT_3D('',#321,#322,#323);
#321 = CARTESIAN_POINT('',(0.,152.33488301428,9.54));
#322 = DIRECTION('',(-0.,-0.,-1.));
#323 = DIRECTION('',(-1.,0.,0.));
#324 = ADVANCED_FACE('',(#325),#382,.T.);
#325 = FACE_BOUND('',#326,.T.);
#326 = EDGE_LOOP('',(#327,#337,#343,#344,#352,#360,#366,#367,#368,#376)
  );
#327 = ORIENTED_EDGE('',*,*,#328,.T.);
#328 = EDGE_CURVE('',#329,#331,#333,.T.);
#329 = VERTEX_POINT('',#330);
#330 = CARTESIAN_POINT('',(74.,10.,16.));
#331 = VERTEX_POINT('',#332);
#332 = CARTESIAN_POINT('',(74.,10.,39.54));
#333 = LINE('',#334,#335);
#334 = CARTESIAN_POINT('',(74.,10.,9.54));
#335 = VECTOR('',#336,1.);
#336 = DIRECTION('',(0.,0.,1.));
#337 = ORIENTED_EDGE('',*,*,#338,.T.);
#338 = EDGE_CURVE('',#331,#135,#339,.T.);
#339 = LINE('',#340,#341);
#340 = CARTESIAN_POINT('',(74.,10.,39.54));
#341 = VECTOR('',#342,1.);
#342 = DIRECTION('',(-0.,1.,0.));
#343 = ORIENTED_EDGE('',*,*,#134,.F.);
#344 = ORIENTED_EDGE('',*,*,#345,.F.);
#345 = EDGE_CURVE('',#346,#127,#348,.T.);
#346 = VERTEX_POINT('',#347);
#347 = CARTESIAN_POINT('',(74.,30.,35.04));
#348 = LINE('',#349,#350);
#349 = CARTESIAN_POINT('',(74.,24.,35.04));
#350 = VECTOR('',#351,1.);
#351 = DIRECTION('',(-0.,1.,0.));
#352 = ORIENTED_EDGE('',*,*,#353,.F.);
#353 = EDGE_CURVE('',#354,#346,#356,.T.);
#354 = VERTEX_POINT('',#355);
#355 = CARTESIAN_POINT('',(74.,30.,14.04));
#356 = LINE('',#357,#358);
#357 = CARTESIAN_POINT('',(74.,30.,9.54));
#358 = VECTOR('',#359,1.);
#359 = DIRECTION('',(0.,0.,1.));
#360 = ORIENTED_EDGE('',*,*,#361,.T.);
#361 = EDGE_CURVE('',#354,#103,#362,.T.);
#362 = LINE('',#363,#364);
#363 = CARTESIAN_POINT('',(74.,24.,14.04));
#364 = VECTOR('',#365,1.);
#365 = DIRECTION('',(-0.,1.,0.));
#366 = ORIENTED_EDGE('',*,*,#102,.F.);
#367 = ORIENTED_EDGE('',*,*,#272,.F.);
#368 = ORIENTED_EDGE('',*,*,#369,.F.);
#369 = EDGE_CURVE('',#370,#273,#372,.T.);
#370 = VERTEX_POINT('',#371);
#371 = CARTESIAN_POINT('',(74.,14.,16.));
#372 = LINE('',#373,#374);
#373 = CARTESIAN_POINT('',(74.,14.,4.77));
#374 = VECTOR('',#375,1.);
#375 = DIRECTION('',(-0.,0.,-1.));
#376 = ORIENTED_EDGE('',*,*,#377,.F.);
#377 = EDGE_CURVE('',#329,#370,#378,.T.);
#378 = LINE('',#379,#380);
#379 = CARTESIAN_POINT('',(74.,-1.25,16.));
#380 = VECTOR('',#381,1.);
#381 = DIRECTION('',(-0.,1.,0.));
#382 = PLANE('',#383);
#383 = AXIS2_PLACEMENT_3D('',#384,#385,#386);
#384 = CARTESIAN_POINT('',(74.,112.81023696682,24.570616113744));
#385 = DIRECTION('',(-1.,-0.,-0.));
#386 = DIRECTION('',(0.,0.,-1.));
#387 = ADVANCED_FACE('',(#388),#406,.T.);
#388 = FACE_BOUND('',#389,.T.);
#389 = EDGE_LOOP('',(#390,#391,#392,#400));
#390 = ORIENTED_EDGE('',*,*,#110,.F.);
#391 = ORIENTED_EDGE('',*,*,#361,.F.);
#392 = ORIENTED_EDGE('',*,*,#393,.T.);
#393 = EDGE_CURVE('',#354,#394,#396,.T.);
#394 = VERTEX_POINT('',#395);
#395 = CARTESIAN_POINT('',(80.4,30.,14.04));
#396 = LINE('',#397,#398);
#397 = CARTESIAN_POINT('',(74.,30.,14.04));
#398 = VECTOR('',#399,1.);
#399 = DIRECTION('',(1.,0.,-0.));
#400 = ORIENTED_EDGE('',*,*,#401,.T.);
#401 = EDGE_CURVE('',#394,#111,#402,.T.);
#402 = LINE('',#403,#404);
#403 = CARTESIAN_POINT('',(80.4,24.,14.04));
#404 = VECTOR('',#405,1.);
#405 = DIRECTION('',(-0.,1.,0.));
#406 = PLANE('',#407);
#407 = AXIS2_PLACEMENT_3D('',#408,#409,#410);
#408 = CARTESIAN_POINT('',(74.,24.,14.04));
#409 = DIRECTION('',(0.,0.,1.));
#410 = DIRECTION('',(1.,0.,-0.));
#411 = ADVANCED_FACE('',(#412),#430,.F.);
#412 = FACE_BOUND('',#413,.F.);
#413 = EDGE_LOOP('',(#414,#422,#428,#429));
#414 = ORIENTED_EDGE('',*,*,#415,.F.);
#415 = EDGE_CURVE('',#416,#119,#418,.T.);
#416 = VERTEX_POINT('',#417);
#417 = CARTESIAN_POINT('',(80.4,30.,35.04));
#418 = LINE('',#419,#420);
#419 = CARTESIAN_POINT('',(80.4,24.,35.04));
#420 = VECTOR('',#421,1.);
#421 = DIRECTION('',(-0.,1.,0.));
#422 = ORIENTED_EDGE('',*,*,#423,.T.);
#423 = EDGE_CURVE('',#416,#394,#424,.T.);
#424 = LINE('',#425,#426);
#425 = CARTESIAN_POINT('',(80.4,30.,11.79));
#426 = VECTOR('',#427,1.);
#427 = DIRECTION('',(-0.,0.,-1.));
#428 = ORIENTED_EDGE('',*,*,#401,.T.);
#429 = ORIENTED_EDGE('',*,*,#118,.T.);
#430 = PLANE('',#431);
#431 = AXIS2_PLACEMENT_3D('',#432,#433,#434);
#432 = CARTESIAN_POINT('',(80.4,24.,14.04));
#433 = DIRECTION('',(1.,0.,-0.));
#434 = DIRECTION('',(0.,0.,1.));
#435 = ADVANCED_FACE('',(#436),#447,.F.);
#436 = FACE_BOUND('',#437,.F.);
#437 = EDGE_LOOP('',(#438,#439,#440,#446));
#438 = ORIENTED_EDGE('',*,*,#126,.F.);
#439 = ORIENTED_EDGE('',*,*,#345,.F.);
#440 = ORIENTED_EDGE('',*,*,#441,.T.);
#441 = EDGE_CURVE('',#346,#416,#442,.T.);
#442 = LINE('',#443,#444);
#443 = CARTESIAN_POINT('',(74.,30.,35.04));
#444 = VECTOR('',#445,1.);
#445 = DIRECTION('',(1.,0.,-0.));
#446 = ORIENTED_EDGE('',*,*,#415,.T.);
#447 = PLANE('',#448);
#448 = AXIS2_PLACEMENT_3D('',#449,#450,#451);
#449 = CARTESIAN_POINT('',(74.,24.,35.04));
#450 = DIRECTION('',(0.,0.,1.));
#451 = DIRECTION('',(1.,0.,-0.));
#452 = ADVANCED_FACE('',(#453),#496,.T.);
#453 = FACE_BOUND('',#454,.T.);
#454 = EDGE_LOOP('',(#455,#456,#464,#472,#480,#488,#494,#495));
#455 = ORIENTED_EDGE('',*,*,#338,.F.);
#456 = ORIENTED_EDGE('',*,*,#457,.T.);
#457 = EDGE_CURVE('',#331,#458,#460,.T.);
#458 = VERTEX_POINT('',#459);
#459 = CARTESIAN_POINT('',(106.,10.,39.54));
#460 = LINE('',#461,#462);
#461 = CARTESIAN_POINT('',(74.,10.,39.54));
#462 = VECTOR('',#463,1.);
#463 = DIRECTION('',(1.,0.,-0.));
#464 = ORIENTED_EDGE('',*,*,#465,.T.);
#465 = EDGE_CURVE('',#458,#466,#468,.T.);
#466 = VERTEX_POINT('',#467);
#467 = CARTESIAN_POINT('',(106.,228.015,39.54));
#468 = LINE('',#469,#470);
#469 = CARTESIAN_POINT('',(106.,216.,39.54));
#470 = VECTOR('',#471,1.);
#471 = DIRECTION('',(-0.,1.,0.));
#472 = ORIENTED_EDGE('',*,*,#473,.F.);
#473 = EDGE_CURVE('',#474,#466,#476,.T.);
#474 = VERTEX_POINT('',#475);
#475 = CARTESIAN_POINT('',(-106.,228.015,39.54));
#476 = LINE('',#477,#478);
#477 = CARTESIAN_POINT('',(-106.,228.015,39.54));
#478 = VECTOR('',#479,1.);
#479 = DIRECTION('',(1.,0.,-0.));
#480 = ORIENTED_EDGE('',*,*,#481,.F.);
#481 = EDGE_CURVE('',#482,#474,#484,.T.);
#482 = VERTEX_POINT('',#483);
#483 = CARTESIAN_POINT('',(-106.,10.,39.54));
#484 = LINE('',#485,#486);
#485 = CARTESIAN_POINT('',(-106.,216.,39.54));
#486 = VECTOR('',#487,1.);
#487 = DIRECTION('',(-0.,1.,0.));
#488 = ORIENTED_EDGE('',*,*,#489,.T.);
#489 = EDGE_CURVE('',#482,#157,#490,.T.);
#490 = LINE('',#491,#492);
#491 = CARTESIAN_POINT('',(-106.,10.,39.54));
#492 = VECTOR('',#493,1.);
#493 = DIRECTION('',(1.,0.,-0.));
#494 = ORIENTED_EDGE('',*,*,#156,.T.);
#495 = ORIENTED_EDGE('',*,*,#142,.T.);
#496 = PLANE('',#497);
#497 = AXIS2_PLACEMENT_3D('',#498,#499,#500);
#498 = CARTESIAN_POINT('',(0.,141.0297085957,39.54));
#499 = DIRECTION('',(0.,0.,1.));
#500 = DIRECTION('',(1.,0.,-0.));
#501 = ADVANCED_FACE('',(#502),#520,.F.);
#502 = FACE_BOUND('',#503,.F.);
#503 = EDGE_LOOP('',(#504,#505,#513,#519));
#504 = ORIENTED_EDGE('',*,*,#164,.F.);
#505 = ORIENTED_EDGE('',*,*,#506,.T.);
#506 = EDGE_CURVE('',#165,#507,#509,.T.);
#507 = VERTEX_POINT('',#508);
#508 = CARTESIAN_POINT('',(-106.,10.,16.));
#509 = LINE('',#510,#511);
#510 = CARTESIAN_POINT('',(-106.5,10.,16.));
#511 = VECTOR('',#512,1.);
#512 = DIRECTION('',(-1.,-0.,0.));
#513 = ORIENTED_EDGE('',*,*,#514,.T.);
#514 = EDGE_CURVE('',#507,#482,#515,.T.);
#515 = LINE('',#516,#517);
#516 = CARTESIAN_POINT('',(-106.,10.,9.54));
#517 = VECTOR('',#518,1.);
#518 = DIRECTION('',(0.,0.,1.));
#519 = ORIENTED_EDGE('',*,*,#489,.T.);
#520 = PLANE('',#521);
#521 = AXIS2_PLACEMENT_3D('',#522,#523,#524);
#522 = CARTESIAN_POINT('',(-106.,10.,9.54));
#523 = DIRECTION('',(-0.,1.,0.));
#524 = DIRECTION('',(0.,0.,1.));
#525 = ADVANCED_FACE('',(#526),#576,.T.);
#526 = FACE_BOUND('',#527,.T.);
#527 = EDGE_LOOP('',(#528,#538,#546,#554,#562,#568,#569,#570));
#528 = ORIENTED_EDGE('',*,*,#529,.F.);
#529 = EDGE_CURVE('',#530,#532,#534,.T.);
#530 = VERTEX_POINT('',#531);
#531 = CARTESIAN_POINT('',(-107.,14.,16.));
#532 = VERTEX_POINT('',#533);
#533 = CARTESIAN_POINT('',(-106.,14.,16.));
#534 = LINE('',#535,#536);
#535 = CARTESIAN_POINT('',(-107.,14.,16.));
#536 = VECTOR('',#537,1.);
#537 = DIRECTION('',(1.,0.,-0.));
#538 = ORIENTED_EDGE('',*,*,#539,.F.);
#539 = EDGE_CURVE('',#540,#530,#542,.T.);
#540 = VERTEX_POINT('',#541);
#541 = CARTESIAN_POINT('',(-107.,-12.5,16.));
#542 = LINE('',#543,#544);
#543 = CARTESIAN_POINT('',(-107.,-12.5,16.));
#544 = VECTOR('',#545,1.);
#545 = DIRECTION('',(-0.,1.,0.));
#546 = ORIENTED_EDGE('',*,*,#547,.T.);
#547 = EDGE_CURVE('',#540,#548,#550,.T.);
#548 = VERTEX_POINT('',#549);
#549 = CARTESIAN_POINT('',(-73.,-12.5,16.));
#550 = LINE('',#551,#552);
#551 = CARTESIAN_POINT('',(-107.,-12.5,16.));
#552 = VECTOR('',#553,1.);
#553 = DIRECTION('',(1.,0.,-0.));
#554 = ORIENTED_EDGE('',*,*,#555,.T.);
#555 = EDGE_CURVE('',#548,#556,#558,.T.);
#556 = VERTEX_POINT('',#557);
#557 = CARTESIAN_POINT('',(-73.,14.,16.));
#558 = LINE('',#559,#560);
#559 = CARTESIAN_POINT('',(-73.,-12.5,16.));
#560 = VECTOR('',#561,1.);
#561 = DIRECTION('',(-0.,1.,0.));
#562 = ORIENTED_EDGE('',*,*,#563,.F.);
#563 = EDGE_CURVE('',#173,#556,#564,.T.);
#564 = LINE('',#565,#566);
#565 = CARTESIAN_POINT('',(-107.,14.,16.));
#566 = VECTOR('',#567,1.);
#567 = DIRECTION('',(1.,0.,-0.));
#568 = ORIENTED_EDGE('',*,*,#172,.F.);
#569 = ORIENTED_EDGE('',*,*,#506,.T.);
#570 = ORIENTED_EDGE('',*,*,#571,.T.);
#571 = EDGE_CURVE('',#507,#532,#572,.T.);
#572 = LINE('',#573,#574);
#573 = CARTESIAN_POINT('',(-106.,-1.25,16.));
#574 = VECTOR('',#575,1.);
#575 = DIRECTION('',(-0.,1.,0.));
#576 = PLANE('',#577);
#577 = AXIS2_PLACEMENT_3D('',#578,#579,#580);
#578 = CARTESIAN_POINT('',(-107.,-12.5,16.));
#579 = DIRECTION('',(0.,0.,1.));
#580 = DIRECTION('',(1.,0.,-0.));
#581 = ADVANCED_FACE('',(#582),#616,.T.);
#582 = FACE_BOUND('',#583,.T.);
#583 = EDGE_LOOP('',(#584,#592,#600,#606,#607,#613,#614,#615));
#584 = ORIENTED_EDGE('',*,*,#585,.F.);
#585 = EDGE_CURVE('',#586,#556,#588,.T.);
#586 = VERTEX_POINT('',#587);
#587 = CARTESIAN_POINT('',(-73.,14.,0.));
#588 = LINE('',#589,#590);
#589 = CARTESIAN_POINT('',(-73.,14.,0.));
#590 = VECTOR('',#591,1.);
#591 = DIRECTION('',(0.,0.,1.));
#592 = ORIENTED_EDGE('',*,*,#593,.F.);
#593 = EDGE_CURVE('',#594,#586,#596,.T.);
#594 = VERTEX_POINT('',#595);
#595 = CARTESIAN_POINT('',(-107.,14.,0.));
#596 = LINE('',#597,#598);
#597 = CARTESIAN_POINT('',(-107.,14.,0.));
#598 = VECTOR('',#599,1.);
#599 = DIRECTION('',(1.,0.,-0.));
#600 = ORIENTED_EDGE('',*,*,#601,.T.);
#601 = EDGE_CURVE('',#594,#530,#602,.T.);
#602 = LINE('',#603,#604);
#603 = CARTESIAN_POINT('',(-107.,14.,0.));
#604 = VECTOR('',#605,1.);
#605 = DIRECTION('',(0.,0.,1.));
#606 = ORIENTED_EDGE('',*,*,#529,.T.);
#607 = ORIENTED_EDGE('',*,*,#608,.T.);
#608 = EDGE_CURVE('',#532,#283,#609,.T.);
#609 = LINE('',#610,#611);
#610 = CARTESIAN_POINT('',(-106.,14.,4.77));
#611 = VECTOR('',#612,1.);
#612 = DIRECTION('',(-0.,0.,-1.));
#613 = ORIENTED_EDGE('',*,*,#282,.T.);
#614 = ORIENTED_EDGE('',*,*,#180,.F.);
#615 = ORIENTED_EDGE('',*,*,#563,.T.);
#616 = PLANE('',#617);
#617 = AXIS2_PLACEMENT_3D('',#618,#619,#620);
#618 = CARTESIAN_POINT('',(-107.,14.,0.));
#619 = DIRECTION('',(-0.,1.,0.));
#620 = DIRECTION('',(0.,0.,1.));
#621 = ADVANCED_FACE('',(#622,#667),#701,.T.);
#622 = FACE_BOUND('',#623,.T.);
#623 = EDGE_LOOP('',(#624,#625,#633,#641,#649,#657,#663,#664,#665,#666)
  );
#624 = ORIENTED_EDGE('',*,*,#481,.T.);
#625 = ORIENTED_EDGE('',*,*,#626,.F.);
#626 = EDGE_CURVE('',#627,#474,#629,.T.);
#627 = VERTEX_POINT('',#628);
#628 = CARTESIAN_POINT('',(-106.,228.015,35.04));
#629 = LINE('',#630,#631);
#630 = CARTESIAN_POINT('',(-106.,228.015,35.04));
#631 = VECTOR('',#632,1.);
#632 = DIRECTION('',(0.,0.,1.));
#633 = ORIENTED_EDGE('',*,*,#634,.F.);
#634 = EDGE_CURVE('',#635,#627,#637,.T.);
#635 = VERTEX_POINT('',#636);
#636 = CARTESIAN_POINT('',(-106.,220.5,35.04));
#637 = LINE('',#638,#639);
#638 = CARTESIAN_POINT('',(-106.,216.,35.04));
#639 = VECTOR('',#640,1.);
#640 = DIRECTION('',(-0.,1.,0.));
#641 = ORIENTED_EDGE('',*,*,#642,.F.);
#642 = EDGE_CURVE('',#643,#635,#645,.T.);
#643 = VERTEX_POINT('',#644);
#644 = CARTESIAN_POINT('',(-106.,220.5,14.04));
#645 = LINE('',#646,#647);
#646 = CARTESIAN_POINT('',(-106.,220.5,14.04));
#647 = VECTOR('',#648,1.);
#648 = DIRECTION('',(0.,0.,1.));
#649 = ORIENTED_EDGE('',*,*,#650,.T.);
#650 = EDGE_CURVE('',#643,#651,#653,.T.);
#651 = VERTEX_POINT('',#652);
#652 = CARTESIAN_POINT('',(-106.,258.2,14.04));
#653 = LINE('',#654,#655);
#654 = CARTESIAN_POINT('',(-106.,216.,14.04));
#655 = VECTOR('',#656,1.);
#656 = DIRECTION('',(-0.,1.,0.));
#657 = ORIENTED_EDGE('',*,*,#658,.F.);
#658 = EDGE_CURVE('',#291,#651,#659,.T.);
#659 = LINE('',#660,#661);
#660 = CARTESIAN_POINT('',(-106.,258.2,9.54));
#661 = VECTOR('',#662,1.);
#662 = DIRECTION('',(0.,0.,1.));
#663 = ORIENTED_EDGE('',*,*,#290,.F.);
#664 = ORIENTED_EDGE('',*,*,#608,.F.);
#665 = ORIENTED_EDGE('',*,*,#571,.F.);
#666 = ORIENTED_EDGE('',*,*,#514,.T.);
#667 = FACE_BOUND('',#668,.T.);
#668 = EDGE_LOOP('',(#669,#679,#687,#695));
#669 = ORIENTED_EDGE('',*,*,#670,.F.);
#670 = EDGE_CURVE('',#671,#673,#675,.T.);
#671 = VERTEX_POINT('',#672);
#672 = CARTESIAN_POINT('',(-106.,30.,35.04));
#673 = VERTEX_POINT('',#674);
#674 = CARTESIAN_POINT('',(-106.,216.,35.04));
#675 = LINE('',#676,#677);
#676 = CARTESIAN_POINT('',(-106.,24.,35.04));
#677 = VECTOR('',#678,1.);
#678 = DIRECTION('',(-0.,1.,0.));
#679 = ORIENTED_EDGE('',*,*,#680,.F.);
#680 = EDGE_CURVE('',#681,#671,#683,.T.);
#681 = VERTEX_POINT('',#682);
#682 = CARTESIAN_POINT('',(-106.,30.,14.04));
#683 = LINE('',#684,#685);
#684 = CARTESIAN_POINT('',(-106.,30.,9.54));
#685 = VECTOR('',#686,1.);
#686 = DIRECTION('',(0.,0.,1.));
#687 = ORIENTED_EDGE('',*,*,#688,.T.);
#688 = EDGE_CURVE('',#681,#689,#691,.T.);
#689 = VERTEX_POINT('',#690);
#690 = CARTESIAN_POINT('',(-106.,216.,14.04));
#691 = LINE('',#692,#693);
#692 = CARTESIAN_POINT('',(-106.,24.,14.04));
#693 = VECTOR('',#694,1.);
#694 = DIRECTION('',(-0.,1.,0.));
#695 = ORIENTED_EDGE('',*,*,#696,.T.);
#696 = EDGE_CURVE('',#689,#673,#697,.T.);
#697 = LINE('',#698,#699);
#698 = CARTESIAN_POINT('',(-106.,216.,14.04));
#699 = VECTOR('',#700,1.);
#700 = DIRECTION('',(0.,0.,1.));
#701 = PLANE('',#702);
#702 = AXIS2_PLACEMENT_3D('',#703,#704,#705);
#703 = CARTESIAN_POINT('',(-106.,134.89340378524,23.238217629456));
#704 = DIRECTION('',(-1.,-0.,-0.));
#705 = DIRECTION('',(0.,0.,-1.));
#706 = ADVANCED_FACE('',(#707),#821,.T.);
#707 = FACE_BOUND('',#708,.T.);
#708 = EDGE_LOOP('',(#709,#719,#727,#733,#734,#735,#743,#751,#759,#767,
    #775,#783,#791,#799,#807,#815));
#709 = ORIENTED_EDGE('',*,*,#710,.F.);
#710 = EDGE_CURVE('',#711,#713,#715,.T.);
#711 = VERTEX_POINT('',#712);
#712 = CARTESIAN_POINT('',(78.,258.2,14.04));
#713 = VERTEX_POINT('',#714);
#714 = CARTESIAN_POINT('',(78.,258.2,14.));
#715 = LINE('',#716,#717);
#716 = CARTESIAN_POINT('',(78.,258.2,11.77));
#717 = VECTOR('',#718,1.);
#718 = DIRECTION('',(-0.,0.,-1.));
#719 = ORIENTED_EDGE('',*,*,#720,.T.);
#720 = EDGE_CURVE('',#711,#721,#723,.T.);
#721 = VERTEX_POINT('',#722);
#722 = CARTESIAN_POINT('',(106.,258.2,14.04));
#723 = LINE('',#724,#725);
#724 = CARTESIAN_POINT('',(-106.,258.2,14.04));
#725 = VECTOR('',#726,1.);
#726 = DIRECTION('',(1.,0.,-0.));
#727 = ORIENTED_EDGE('',*,*,#728,.F.);
#728 = EDGE_CURVE('',#299,#721,#729,.T.);
#729 = LINE('',#730,#731);
#730 = CARTESIAN_POINT('',(106.,258.2,9.54));
#731 = VECTOR('',#732,1.);
#732 = DIRECTION('',(0.,0.,1.));
#733 = ORIENTED_EDGE('',*,*,#298,.F.);
#734 = ORIENTED_EDGE('',*,*,#658,.T.);
#735 = ORIENTED_EDGE('',*,*,#736,.T.);
#736 = EDGE_CURVE('',#651,#737,#739,.T.);
#737 = VERTEX_POINT('',#738);
#738 = CARTESIAN_POINT('',(-78.,258.2,14.04));
#739 = LINE('',#740,#741);
#740 = CARTESIAN_POINT('',(-106.,258.2,14.04));
#741 = VECTOR('',#742,1.);
#742 = DIRECTION('',(1.,0.,-0.));
#743 = ORIENTED_EDGE('',*,*,#744,.T.);
#744 = EDGE_CURVE('',#737,#745,#747,.T.);
#745 = VERTEX_POINT('',#746);
#746 = CARTESIAN_POINT('',(-78.,258.2,14.));
#747 = LINE('',#748,#749);
#748 = CARTESIAN_POINT('',(-78.,258.2,11.77));
#749 = VECTOR('',#750,1.);
#750 = DIRECTION('',(-0.,0.,-1.));
#751 = ORIENTED_EDGE('',*,*,#752,.T.);
#752 = EDGE_CURVE('',#745,#753,#755,.T.);
#753 = VERTEX_POINT('',#754);
#754 = CARTESIAN_POINT('',(-70.4,258.2,14.));
#755 = LINE('',#756,#757);
#756 = CARTESIAN_POINT('',(-92.,258.2,14.));
#757 = VECTOR('',#758,1.);
#758 = DIRECTION('',(1.,0.,-0.));
#759 = ORIENTED_EDGE('',*,*,#760,.F.);
#760 = EDGE_CURVE('',#761,#753,#763,.T.);
#761 = VERTEX_POINT('',#762);
#762 = CARTESIAN_POINT('',(-70.4,258.2,14.04));
#763 = LINE('',#764,#765);
#764 = CARTESIAN_POINT('',(-70.4,258.2,11.77));
#765 = VECTOR('',#766,1.);
#766 = DIRECTION('',(-0.,0.,-1.));
#767 = ORIENTED_EDGE('',*,*,#768,.T.);
#768 = EDGE_CURVE('',#761,#769,#771,.T.);
#769 = VERTEX_POINT('',#770);
#770 = CARTESIAN_POINT('',(-70.,258.2,14.04));
#771 = LINE('',#772,#773);
#772 = CARTESIAN_POINT('',(-106.,258.2,14.04));
#773 = VECTOR('',#774,1.);
#774 = DIRECTION('',(1.,0.,-0.));
#775 = ORIENTED_EDGE('',*,*,#776,.T.);
#776 = EDGE_CURVE('',#769,#777,#779,.T.);
#777 = VERTEX_POINT('',#778);
#778 = CARTESIAN_POINT('',(-70.,258.2,12.));
#779 = LINE('',#780,#781);
#780 = CARTESIAN_POINT('',(-70.,258.2,10.77));
#781 = VECTOR('',#782,1.);
#782 = DIRECTION('',(-0.,0.,-1.));
#783 = ORIENTED_EDGE('',*,*,#784,.T.);
#784 = EDGE_CURVE('',#777,#785,#787,.T.);
#785 = VERTEX_POINT('',#786);
#786 = CARTESIAN_POINT('',(70.,258.2,12.));
#787 = LINE('',#788,#789);
#788 = CARTESIAN_POINT('',(-88.,258.2,12.));
#789 = VECTOR('',#790,1.);
#790 = DIRECTION('',(1.,0.,-0.));
#791 = ORIENTED_EDGE('',*,*,#792,.F.);
#792 = EDGE_CURVE('',#793,#785,#795,.T.);
#793 = VERTEX_POINT('',#794);
#794 = CARTESIAN_POINT('',(70.,258.2,14.04));
#795 = LINE('',#796,#797);
#796 = CARTESIAN_POINT('',(70.,258.2,10.77));
#797 = VECTOR('',#798,1.);
#798 = DIRECTION('',(-0.,0.,-1.));
#799 = ORIENTED_EDGE('',*,*,#800,.T.);
#800 = EDGE_CURVE('',#793,#801,#803,.T.);
#801 = VERTEX_POINT('',#802);
#802 = CARTESIAN_POINT('',(70.4,258.2,14.04));
#803 = LINE('',#804,#805);
#804 = CARTESIAN_POINT('',(-106.,258.2,14.04));
#805 = VECTOR('',#806,1.);
#806 = DIRECTION('',(1.,0.,-0.));
#807 = ORIENTED_EDGE('',*,*,#808,.T.);
#808 = EDGE_CURVE('',#801,#809,#811,.T.);
#809 = VERTEX_POINT('',#810);
#810 = CARTESIAN_POINT('',(70.4,258.2,14.));
#811 = LINE('',#812,#813);
#812 = CARTESIAN_POINT('',(70.4,258.2,11.77));
#813 = VECTOR('',#814,1.);
#814 = DIRECTION('',(-0.,0.,-1.));
#815 = ORIENTED_EDGE('',*,*,#816,.T.);
#816 = EDGE_CURVE('',#809,#713,#817,.T.);
#817 = LINE('',#818,#819);
#818 = CARTESIAN_POINT('',(-17.8,258.2,14.));
#819 = VECTOR('',#820,1.);
#820 = DIRECTION('',(1.,0.,-0.));
#821 = PLANE('',#822);
#822 = AXIS2_PLACEMENT_3D('',#823,#824,#825);
#823 = CARTESIAN_POINT('',(-106.,258.2,9.54));
#824 = DIRECTION('',(-0.,1.,0.));
#825 = DIRECTION('',(0.,0.,1.));
#826 = ADVANCED_FACE('',(#827,#884),#918,.T.);
#827 = FACE_BOUND('',#828,.T.);
#828 = EDGE_LOOP('',(#829,#837,#845,#851,#852,#853,#861,#869,#877,#883)
  );
#829 = ORIENTED_EDGE('',*,*,#830,.F.);
#830 = EDGE_CURVE('',#831,#458,#833,.T.);
#831 = VERTEX_POINT('',#832);
#832 = CARTESIAN_POINT('',(106.,10.,16.));
#833 = LINE('',#834,#835);
#834 = CARTESIAN_POINT('',(106.,10.,9.54));
#835 = VECTOR('',#836,1.);
#836 = DIRECTION('',(0.,0.,1.));
#837 = ORIENTED_EDGE('',*,*,#838,.T.);
#838 = EDGE_CURVE('',#831,#839,#841,.T.);
#839 = VERTEX_POINT('',#840);
#840 = CARTESIAN_POINT('',(106.,14.,16.));
#841 = LINE('',#842,#843);
#842 = CARTESIAN_POINT('',(106.,-1.25,16.));
#843 = VECTOR('',#844,1.);
#844 = DIRECTION('',(-0.,1.,0.));
#845 = ORIENTED_EDGE('',*,*,#846,.T.);
#846 = EDGE_CURVE('',#839,#307,#847,.T.);
#847 = LINE('',#848,#849);
#848 = CARTESIAN_POINT('',(106.,14.,4.77));
#849 = VECTOR('',#850,1.);
#850 = DIRECTION('',(-0.,0.,-1.));
#851 = ORIENTED_EDGE('',*,*,#306,.T.);
#852 = ORIENTED_EDGE('',*,*,#728,.T.);
#853 = ORIENTED_EDGE('',*,*,#854,.F.);
#854 = EDGE_CURVE('',#855,#721,#857,.T.);
#855 = VERTEX_POINT('',#856);
#856 = CARTESIAN_POINT('',(106.,220.5,14.04));
#857 = LINE('',#858,#859);
#858 = CARTESIAN_POINT('',(106.,216.,14.04));
#859 = VECTOR('',#860,1.);
#860 = DIRECTION('',(-0.,1.,0.));
#861 = ORIENTED_EDGE('',*,*,#862,.T.);
#862 = EDGE_CURVE('',#855,#863,#865,.T.);
#863 = VERTEX_POINT('',#864);
#864 = CARTESIAN_POINT('',(106.,220.5,35.04));
#865 = LINE('',#866,#867);
#866 = CARTESIAN_POINT('',(106.,220.5,14.04));
#867 = VECTOR('',#868,1.);
#868 = DIRECTION('',(0.,0.,1.));
#869 = ORIENTED_EDGE('',*,*,#870,.T.);
#870 = EDGE_CURVE('',#863,#871,#873,.T.);
#871 = VERTEX_POINT('',#872);
#872 = CARTESIAN_POINT('',(106.,228.015,35.04));
#873 = LINE('',#874,#875);
#874 = CARTESIAN_POINT('',(106.,216.,35.04));
#875 = VECTOR('',#876,1.);
#876 = DIRECTION('',(-0.,1.,0.));
#877 = ORIENTED_EDGE('',*,*,#878,.T.);
#878 = EDGE_CURVE('',#871,#466,#879,.T.);
#879 = LINE('',#880,#881);
#880 = CARTESIAN_POINT('',(106.,228.015,35.04));
#881 = VECTOR('',#882,1.);
#882 = DIRECTION('',(0.,0.,1.));
#883 = ORIENTED_EDGE('',*,*,#465,.F.);
#884 = FACE_BOUND('',#885,.T.);
#885 = EDGE_LOOP('',(#886,#896,#904,#912));
#886 = ORIENTED_EDGE('',*,*,#887,.T.);
#887 = EDGE_CURVE('',#888,#890,#892,.T.);
#888 = VERTEX_POINT('',#889);
#889 = CARTESIAN_POINT('',(106.,30.,14.04));
#890 = VERTEX_POINT('',#891);
#891 = CARTESIAN_POINT('',(106.,30.,35.04));
#892 = LINE('',#893,#894);
#893 = CARTESIAN_POINT('',(106.,30.,9.54));
#894 = VECTOR('',#895,1.);
#895 = DIRECTION('',(0.,0.,1.));
#896 = ORIENTED_EDGE('',*,*,#897,.T.);
#897 = EDGE_CURVE('',#890,#898,#900,.T.);
#898 = VERTEX_POINT('',#899);
#899 = CARTESIAN_POINT('',(106.,216.,35.04));
#900 = LINE('',#901,#902);
#901 = CARTESIAN_POINT('',(106.,24.,35.04));
#902 = VECTOR('',#903,1.);
#903 = DIRECTION('',(-0.,1.,0.));
#904 = ORIENTED_EDGE('',*,*,#905,.F.);
#905 = EDGE_CURVE('',#906,#898,#908,.T.);
#906 = VERTEX_POINT('',#907);
#907 = CARTESIAN_POINT('',(106.,216.,14.04));
#908 = LINE('',#909,#910);
#909 = CARTESIAN_POINT('',(106.,216.,14.04));
#910 = VECTOR('',#911,1.);
#911 = DIRECTION('',(0.,0.,1.));
#912 = ORIENTED_EDGE('',*,*,#913,.F.);
#913 = EDGE_CURVE('',#888,#906,#914,.T.);
#914 = LINE('',#915,#916);
#915 = CARTESIAN_POINT('',(106.,24.,14.04));
#916 = VECTOR('',#917,1.);
#917 = DIRECTION('',(-0.,1.,0.));
#918 = PLANE('',#919);
#919 = AXIS2_PLACEMENT_3D('',#920,#921,#922);
#920 = CARTESIAN_POINT('',(106.,134.89340378524,23.238217629456));
#921 = DIRECTION('',(1.,0.,0.));
#922 = DIRECTION('',(-0.,0.,1.));
#923 = ADVANCED_FACE('',(#924),#967,.T.);
#924 = FACE_BOUND('',#925,.T.);
#925 = EDGE_LOOP('',(#926,#936,#944,#952,#958,#959,#960,#961));
#926 = ORIENTED_EDGE('',*,*,#927,.F.);
#927 = EDGE_CURVE('',#928,#930,#932,.T.);
#928 = VERTEX_POINT('',#929);
#929 = CARTESIAN_POINT('',(107.,14.,0.));
#930 = VERTEX_POINT('',#931);
#931 = CARTESIAN_POINT('',(107.,14.,16.));
#932 = LINE('',#933,#934);
#933 = CARTESIAN_POINT('',(107.,14.,0.));
#934 = VECTOR('',#935,1.);
#935 = DIRECTION('',(0.,0.,1.));
#936 = ORIENTED_EDGE('',*,*,#937,.F.);
#937 = EDGE_CURVE('',#938,#928,#940,.T.);
#938 = VERTEX_POINT('',#939);
#939 = CARTESIAN_POINT('',(73.,14.,0.));
#940 = LINE('',#941,#942);
#941 = CARTESIAN_POINT('',(73.,14.,0.));
#942 = VECTOR('',#943,1.);
#943 = DIRECTION('',(1.,0.,-0.));
#944 = ORIENTED_EDGE('',*,*,#945,.T.);
#945 = EDGE_CURVE('',#938,#946,#948,.T.);
#946 = VERTEX_POINT('',#947);
#947 = CARTESIAN_POINT('',(73.,14.,16.));
#948 = LINE('',#949,#950);
#949 = CARTESIAN_POINT('',(73.,14.,0.));
#950 = VECTOR('',#951,1.);
#951 = DIRECTION('',(0.,0.,1.));
#952 = ORIENTED_EDGE('',*,*,#953,.T.);
#953 = EDGE_CURVE('',#946,#370,#954,.T.);
#954 = LINE('',#955,#956);
#955 = CARTESIAN_POINT('',(73.,14.,16.));
#956 = VECTOR('',#957,1.);
#957 = DIRECTION('',(1.,0.,-0.));
#958 = ORIENTED_EDGE('',*,*,#369,.T.);
#959 = ORIENTED_EDGE('',*,*,#314,.T.);
#960 = ORIENTED_EDGE('',*,*,#846,.F.);
#961 = ORIENTED_EDGE('',*,*,#962,.T.);
#962 = EDGE_CURVE('',#839,#930,#963,.T.);
#963 = LINE('',#964,#965);
#964 = CARTESIAN_POINT('',(73.,14.,16.));
#965 = VECTOR('',#966,1.);
#966 = DIRECTION('',(1.,0.,-0.));
#967 = PLANE('',#968);
#968 = AXIS2_PLACEMENT_3D('',#969,#970,#971);
#969 = CARTESIAN_POINT('',(73.,14.,0.));
#970 = DIRECTION('',(-0.,1.,0.));
#971 = DIRECTION('',(0.,0.,1.));
#972 = ADVANCED_FACE('',(#973),#984,.F.);
#973 = FACE_BOUND('',#974,.F.);
#974 = EDGE_LOOP('',(#975,#976,#982,#983));
#975 = ORIENTED_EDGE('',*,*,#830,.F.);
#976 = ORIENTED_EDGE('',*,*,#977,.T.);
#977 = EDGE_CURVE('',#831,#329,#978,.T.);
#978 = LINE('',#979,#980);
#979 = CARTESIAN_POINT('',(73.5,10.,16.));
#980 = VECTOR('',#981,1.);
#981 = DIRECTION('',(-1.,-0.,0.));
#982 = ORIENTED_EDGE('',*,*,#328,.T.);
#983 = ORIENTED_EDGE('',*,*,#457,.T.);
#984 = PLANE('',#985);
#985 = AXIS2_PLACEMENT_3D('',#986,#987,#988);
#986 = CARTESIAN_POINT('',(74.,10.,9.54));
#987 = DIRECTION('',(-0.,1.,0.));
#988 = DIRECTION('',(0.,0.,1.));
#989 = ADVANCED_FACE('',(#990),#996,.T.);
#990 = FACE_BOUND('',#991,.T.);
#991 = EDGE_LOOP('',(#992,#993,#994,#995));
#992 = ORIENTED_EDGE('',*,*,#393,.F.);
#993 = ORIENTED_EDGE('',*,*,#353,.T.);
#994 = ORIENTED_EDGE('',*,*,#441,.T.);
#995 = ORIENTED_EDGE('',*,*,#423,.T.);
#996 = PLANE('',#997);
#997 = AXIS2_PLACEMENT_3D('',#998,#999,#1000);
#998 = CARTESIAN_POINT('',(74.,30.,9.54));
#999 = DIRECTION('',(-0.,1.,0.));
#1000 = DIRECTION('',(0.,0.,1.));
#1001 = ADVANCED_FACE('',(#1002),#1031,.T.);
#1002 = FACE_BOUND('',#1003,.T.);
#1003 = EDGE_LOOP('',(#1004,#1005,#1013,#1021,#1027,#1028,#1029,#1030));
#1004 = ORIENTED_EDGE('',*,*,#953,.F.);
#1005 = ORIENTED_EDGE('',*,*,#1006,.F.);
#1006 = EDGE_CURVE('',#1007,#946,#1009,.T.);
#1007 = VERTEX_POINT('',#1008);
#1008 = CARTESIAN_POINT('',(73.,-12.5,16.));
#1009 = LINE('',#1010,#1011);
#1010 = CARTESIAN_POINT('',(73.,-12.5,16.));
#1011 = VECTOR('',#1012,1.);
#1012 = DIRECTION('',(-0.,1.,0.));
#1013 = ORIENTED_EDGE('',*,*,#1014,.T.);
#1014 = EDGE_CURVE('',#1007,#1015,#1017,.T.);
#1015 = VERTEX_POINT('',#1016);
#1016 = CARTESIAN_POINT('',(107.,-12.5,16.));
#1017 = LINE('',#1018,#1019);
#1018 = CARTESIAN_POINT('',(73.,-12.5,16.));
#1019 = VECTOR('',#1020,1.);
#1020 = DIRECTION('',(1.,0.,-0.));
#1021 = ORIENTED_EDGE('',*,*,#1022,.T.);
#1022 = EDGE_CURVE('',#1015,#930,#1023,.T.);
#1023 = LINE('',#1024,#1025);
#1024 = CARTESIAN_POINT('',(107.,-12.5,16.));
#1025 = VECTOR('',#1026,1.);
#1026 = DIRECTION('',(-0.,1.,0.));
#1027 = ORIENTED_EDGE('',*,*,#962,.F.);
#1028 = ORIENTED_EDGE('',*,*,#838,.F.);
#1029 = ORIENTED_EDGE('',*,*,#977,.T.);
#1030 = ORIENTED_EDGE('',*,*,#377,.T.);
#1031 = PLANE('',#1032);
#1032 = AXIS2_PLACEMENT_3D('',#1033,#1034,#1035);
#1033 = CARTESIAN_POINT('',(73.,-12.5,16.));
#1034 = DIRECTION('',(0.,0.,1.));
#1035 = DIRECTION('',(1.,0.,-0.));
#1036 = ADVANCED_FACE('',(#1037),#1048,.T.);
#1037 = FACE_BOUND('',#1038,.T.);
#1038 = EDGE_LOOP('',(#1039,#1045,#1046,#1047));
#1039 = ORIENTED_EDGE('',*,*,#1040,.F.);
#1040 = EDGE_CURVE('',#627,#871,#1041,.T.);
#1041 = LINE('',#1042,#1043);
#1042 = CARTESIAN_POINT('',(-106.,228.015,35.04));
#1043 = VECTOR('',#1044,1.);
#1044 = DIRECTION('',(1.,0.,-0.));
#1045 = ORIENTED_EDGE('',*,*,#626,.T.);
#1046 = ORIENTED_EDGE('',*,*,#473,.T.);
#1047 = ORIENTED_EDGE('',*,*,#878,.F.);
#1048 = PLANE('',#1049);
#1049 = AXIS2_PLACEMENT_3D('',#1050,#1051,#1052);
#1050 = CARTESIAN_POINT('',(-106.,228.015,35.04));
#1051 = DIRECTION('',(-0.,1.,0.));
#1052 = DIRECTION('',(0.,0.,1.));
#1053 = ADVANCED_FACE('',(#1054,#1122),#1133,.T.);
#1054 = FACE_BOUND('',#1055,.T.);
#1055 = EDGE_LOOP('',(#1056,#1057,#1058,#1066,#1074,#1083,#1092,#1100,
    #1108,#1116));
#1056 = ORIENTED_EDGE('',*,*,#585,.T.);
#1057 = ORIENTED_EDGE('',*,*,#555,.F.);
#1058 = ORIENTED_EDGE('',*,*,#1059,.F.);
#1059 = EDGE_CURVE('',#1060,#548,#1062,.T.);
#1060 = VERTEX_POINT('',#1061);
#1061 = CARTESIAN_POINT('',(-73.,-12.5,0.));
#1062 = LINE('',#1063,#1064);
#1063 = CARTESIAN_POINT('',(-73.,-12.5,0.));
#1064 = VECTOR('',#1065,1.);
#1065 = DIRECTION('',(0.,0.,1.));
#1066 = ORIENTED_EDGE('',*,*,#1067,.T.);
#1067 = EDGE_CURVE('',#1060,#1068,#1070,.T.);
#1068 = VERTEX_POINT('',#1069);
#1069 = CARTESIAN_POINT('',(-73.,-6.31,0.));
#1070 = LINE('',#1071,#1072);
#1071 = CARTESIAN_POINT('',(-73.,-12.5,0.));
#1072 = VECTOR('',#1073,1.);
#1073 = DIRECTION('',(-0.,1.,0.));
#1074 = ORIENTED_EDGE('',*,*,#1075,.F.);
#1075 = EDGE_CURVE('',#1076,#1068,#1078,.T.);
#1076 = VERTEX_POINT('',#1077);
#1077 = CARTESIAN_POINT('',(-73.,1.545504260524E-15,6.31));
#1078 = CIRCLE('',#1079,6.31);
#1079 = AXIS2_PLACEMENT_3D('',#1080,#1081,#1082);
#1080 = CARTESIAN_POINT('',(-73.,0.,0.));
#1081 = DIRECTION('',(1.,0.,0.));
#1082 = DIRECTION('',(-0.,0.,1.));
#1083 = ORIENTED_EDGE('',*,*,#1084,.F.);
#1084 = EDGE_CURVE('',#1085,#1076,#1087,.T.);
#1085 = VERTEX_POINT('',#1086);
#1086 = CARTESIAN_POINT('',(-73.,-6.,-1.953484066994));
#1087 = CIRCLE('',#1088,6.31);
#1088 = AXIS2_PLACEMENT_3D('',#1089,#1090,#1091);
#1089 = CARTESIAN_POINT('',(-73.,0.,0.));
#1090 = DIRECTION('',(1.,0.,0.));
#1091 = DIRECTION('',(-0.,0.,1.));
#1092 = ORIENTED_EDGE('',*,*,#1093,.F.);
#1093 = EDGE_CURVE('',#1094,#1085,#1096,.T.);
#1094 = VERTEX_POINT('',#1095);
#1095 = CARTESIAN_POINT('',(-73.,-6.,-14.));
#1096 = LINE('',#1097,#1098);
#1097 = CARTESIAN_POINT('',(-73.,-6.,-14.));
#1098 = VECTOR('',#1099,1.);
#1099 = DIRECTION('',(0.,0.,1.));
#1100 = ORIENTED_EDGE('',*,*,#1101,.T.);
#1101 = EDGE_CURVE('',#1094,#1102,#1104,.T.);
#1102 = VERTEX_POINT('',#1103);
#1103 = CARTESIAN_POINT('',(-73.,13.,-14.));
#1104 = LINE('',#1105,#1106);
#1105 = CARTESIAN_POINT('',(-73.,-6.,-14.));
#1106 = VECTOR('',#1107,1.);
#1107 = DIRECTION('',(-0.,1.,0.));
#1108 = ORIENTED_EDGE('',*,*,#1109,.T.);
#1109 = EDGE_CURVE('',#1102,#1110,#1112,.T.);
#1110 = VERTEX_POINT('',#1111);
#1111 = CARTESIAN_POINT('',(-73.,13.,0.));
#1112 = LINE('',#1113,#1114);
#1113 = CARTESIAN_POINT('',(-73.,13.,-14.));
#1114 = VECTOR('',#1115,1.);
#1115 = DIRECTION('',(0.,0.,1.));
#1116 = ORIENTED_EDGE('',*,*,#1117,.T.);
#1117 = EDGE_CURVE('',#1110,#586,#1118,.T.);
#1118 = LINE('',#1119,#1120);
#1119 = CARTESIAN_POINT('',(-73.,-12.5,0.));
#1120 = VECTOR('',#1121,1.);
#1121 = DIRECTION('',(-0.,1.,0.));
#1122 = FACE_BOUND('',#1123,.T.);
#1123 = EDGE_LOOP('',(#1124));
#1124 = ORIENTED_EDGE('',*,*,#1125,.F.);
#1125 = EDGE_CURVE('',#1126,#1126,#1128,.T.);
#1126 = VERTEX_POINT('',#1127);
#1127 = CARTESIAN_POINT('',(-73.,3.,-8.2));
#1128 = CIRCLE('',#1129,2.3);
#1129 = AXIS2_PLACEMENT_3D('',#1130,#1131,#1132);
#1130 = CARTESIAN_POINT('',(-73.,3.,-10.5));
#1131 = DIRECTION('',(1.,0.,0.));
#1132 = DIRECTION('',(-0.,0.,1.));
#1133 = PLANE('',#1134);
#1134 = AXIS2_PLACEMENT_3D('',#1135,#1136,#1137);
#1135 = CARTESIAN_POINT('',(-73.,1.431415929204,1.929203539823));
#1136 = DIRECTION('',(1.,0.,0.));
#1137 = DIRECTION('',(-0.,0.,1.));
#1138 = ADVANCED_FACE('',(#1139),#1157,.F.);
#1139 = FACE_BOUND('',#1140,.F.);
#1140 = EDGE_LOOP('',(#1141,#1149,#1155,#1156));
#1141 = ORIENTED_EDGE('',*,*,#1142,.F.);
#1142 = EDGE_CURVE('',#1143,#1060,#1145,.T.);
#1143 = VERTEX_POINT('',#1144);
#1144 = CARTESIAN_POINT('',(-107.,-12.5,0.));
#1145 = LINE('',#1146,#1147);
#1146 = CARTESIAN_POINT('',(-107.,-12.5,0.));
#1147 = VECTOR('',#1148,1.);
#1148 = DIRECTION('',(1.,0.,-0.));
#1149 = ORIENTED_EDGE('',*,*,#1150,.T.);
#1150 = EDGE_CURVE('',#1143,#540,#1151,.T.);
#1151 = LINE('',#1152,#1153);
#1152 = CARTESIAN_POINT('',(-107.,-12.5,0.));
#1153 = VECTOR('',#1154,1.);
#1154 = DIRECTION('',(0.,0.,1.));
#1155 = ORIENTED_EDGE('',*,*,#547,.T.);
#1156 = ORIENTED_EDGE('',*,*,#1059,.F.);
#1157 = PLANE('',#1158);
#1158 = AXIS2_PLACEMENT_3D('',#1159,#1160,#1161);
#1159 = CARTESIAN_POINT('',(-107.,-12.5,0.));
#1160 = DIRECTION('',(-0.,1.,0.));
#1161 = DIRECTION('',(0.,0.,1.));
#1162 = ADVANCED_FACE('',(#1163,#1224),#1235,.T.);
#1163 = FACE_BOUND('',#1164,.T.);
#1164 = EDGE_LOOP('',(#1165,#1166,#1167,#1175,#1183,#1191,#1199,#1208,
    #1217,#1223));
#1165 = ORIENTED_EDGE('',*,*,#539,.T.);
#1166 = ORIENTED_EDGE('',*,*,#601,.F.);
#1167 = ORIENTED_EDGE('',*,*,#1168,.F.);
#1168 = EDGE_CURVE('',#1169,#594,#1171,.T.);
#1169 = VERTEX_POINT('',#1170);
#1170 = CARTESIAN_POINT('',(-107.,13.,0.));
#1171 = LINE('',#1172,#1173);
#1172 = CARTESIAN_POINT('',(-107.,-12.5,0.));
#1173 = VECTOR('',#1174,1.);
#1174 = DIRECTION('',(-0.,1.,0.));
#1175 = ORIENTED_EDGE('',*,*,#1176,.F.);
#1176 = EDGE_CURVE('',#1177,#1169,#1179,.T.);
#1177 = VERTEX_POINT('',#1178);
#1178 = CARTESIAN_POINT('',(-107.,13.,-14.));
#1179 = LINE('',#1180,#1181);
#1180 = CARTESIAN_POINT('',(-107.,13.,-14.));
#1181 = VECTOR('',#1182,1.);
#1182 = DIRECTION('',(0.,0.,1.));
#1183 = ORIENTED_EDGE('',*,*,#1184,.F.);
#1184 = EDGE_CURVE('',#1185,#1177,#1187,.T.);
#1185 = VERTEX_POINT('',#1186);
#1186 = CARTESIAN_POINT('',(-107.,-6.,-14.));
#1187 = LINE('',#1188,#1189);
#1188 = CARTESIAN_POINT('',(-107.,-6.,-14.));
#1189 = VECTOR('',#1190,1.);
#1190 = DIRECTION('',(-0.,1.,0.));
#1191 = ORIENTED_EDGE('',*,*,#1192,.T.);
#1192 = EDGE_CURVE('',#1185,#1193,#1195,.T.);
#1193 = VERTEX_POINT('',#1194);
#1194 = CARTESIAN_POINT('',(-107.,-6.,-1.953484066994));
#1195 = LINE('',#1196,#1197);
#1196 = CARTESIAN_POINT('',(-107.,-6.,-14.));
#1197 = VECTOR('',#1198,1.);
#1198 = DIRECTION('',(0.,0.,1.));
#1199 = ORIENTED_EDGE('',*,*,#1200,.T.);
#1200 = EDGE_CURVE('',#1193,#1201,#1203,.T.);
#1201 = VERTEX_POINT('',#1202);
#1202 = CARTESIAN_POINT('',(-107.,1.545504260524E-15,6.31));
#1203 = CIRCLE('',#1204,6.31);
#1204 = AXIS2_PLACEMENT_3D('',#1205,#1206,#1207);
#1205 = CARTESIAN_POINT('',(-107.,0.,0.));
#1206 = DIRECTION('',(1.,0.,0.));
#1207 = DIRECTION('',(-0.,0.,1.));
#1208 = ORIENTED_EDGE('',*,*,#1209,.T.);
#1209 = EDGE_CURVE('',#1201,#1210,#1212,.T.);
#1210 = VERTEX_POINT('',#1211);
#1211 = CARTESIAN_POINT('',(-107.,-6.31,0.));
#1212 = CIRCLE('',#1213,6.31);
#1213 = AXIS2_PLACEMENT_3D('',#1214,#1215,#1216);
#1214 = CARTESIAN_POINT('',(-107.,0.,0.));
#1215 = DIRECTION('',(1.,0.,0.));
#1216 = DIRECTION('',(-0.,0.,1.));
#1217 = ORIENTED_EDGE('',*,*,#1218,.F.);
#1218 = EDGE_CURVE('',#1143,#1210,#1219,.T.);
#1219 = LINE('',#1220,#1221);
#1220 = CARTESIAN_POINT('',(-107.,-12.5,0.));
#1221 = VECTOR('',#1222,1.);
#1222 = DIRECTION('',(-0.,1.,0.));
#1223 = ORIENTED_EDGE('',*,*,#1150,.T.);
#1224 = FACE_BOUND('',#1225,.T.);
#1225 = EDGE_LOOP('',(#1226));
#1226 = ORIENTED_EDGE('',*,*,#1227,.T.);
#1227 = EDGE_CURVE('',#1228,#1228,#1230,.T.);
#1228 = VERTEX_POINT('',#1229);
#1229 = CARTESIAN_POINT('',(-107.,3.,-8.2));
#1230 = CIRCLE('',#1231,2.3);
#1231 = AXIS2_PLACEMENT_3D('',#1232,#1233,#1234);
#1232 = CARTESIAN_POINT('',(-107.,3.,-10.5));
#1233 = DIRECTION('',(1.,0.,0.));
#1234 = DIRECTION('',(-0.,0.,1.));
#1235 = PLANE('',#1236);
#1236 = AXIS2_PLACEMENT_3D('',#1237,#1238,#1239);
#1237 = CARTESIAN_POINT('',(-107.,1.431415929204,1.929203539823));
#1238 = DIRECTION('',(-1.,-0.,-0.));
#1239 = DIRECTION('',(0.,0.,-1.));
#1240 = ADVANCED_FACE('',(#1241),#1284,.F.);
#1241 = FACE_BOUND('',#1242,.F.);
#1242 = EDGE_LOOP('',(#1243,#1253,#1261,#1269,#1275,#1276,#1277,#1278));
#1243 = ORIENTED_EDGE('',*,*,#1244,.F.);
#1244 = EDGE_CURVE('',#1245,#1247,#1249,.T.);
#1245 = VERTEX_POINT('',#1246);
#1246 = CARTESIAN_POINT('',(-103.,6.31,0.));
#1247 = VERTEX_POINT('',#1248);
#1248 = CARTESIAN_POINT('',(-103.,13.,0.));
#1249 = LINE('',#1250,#1251);
#1250 = CARTESIAN_POINT('',(-103.,-9.25,0.));
#1251 = VECTOR('',#1252,1.);
#1252 = DIRECTION('',(-0.,1.,0.));
#1253 = ORIENTED_EDGE('',*,*,#1254,.T.);
#1254 = EDGE_CURVE('',#1245,#1255,#1257,.T.);
#1255 = VERTEX_POINT('',#1256);
#1256 = CARTESIAN_POINT('',(-77.,6.31,0.));
#1257 = LINE('',#1258,#1259);
#1258 = CARTESIAN_POINT('',(-110.,6.31,0.));
#1259 = VECTOR('',#1260,1.);
#1260 = DIRECTION('',(1.,0.,0.));
#1261 = ORIENTED_EDGE('',*,*,#1262,.T.);
#1262 = EDGE_CURVE('',#1255,#1263,#1265,.T.);
#1263 = VERTEX_POINT('',#1264);
#1264 = CARTESIAN_POINT('',(-77.,13.,0.));
#1265 = LINE('',#1266,#1267);
#1266 = CARTESIAN_POINT('',(-77.,-9.25,0.));
#1267 = VECTOR('',#1268,1.);
#1268 = DIRECTION('',(-0.,1.,0.));
#1269 = ORIENTED_EDGE('',*,*,#1270,.F.);
#1270 = EDGE_CURVE('',#1110,#1263,#1271,.T.);
#1271 = LINE('',#1272,#1273);
#1272 = CARTESIAN_POINT('',(-92.,13.,0.));
#1273 = VECTOR('',#1274,1.);
#1274 = DIRECTION('',(-1.,-0.,0.));
#1275 = ORIENTED_EDGE('',*,*,#1117,.T.);
#1276 = ORIENTED_EDGE('',*,*,#593,.F.);
#1277 = ORIENTED_EDGE('',*,*,#1168,.F.);
#1278 = ORIENTED_EDGE('',*,*,#1279,.F.);
#1279 = EDGE_CURVE('',#1247,#1169,#1280,.T.);
#1280 = LINE('',#1281,#1282);
#1281 = CARTESIAN_POINT('',(-107.,13.,0.));
#1282 = VECTOR('',#1283,1.);
#1283 = DIRECTION('',(-1.,-0.,0.));
#1284 = PLANE('',#1285);
#1285 = AXIS2_PLACEMENT_3D('',#1286,#1287,#1288);
#1286 = CARTESIAN_POINT('',(-107.,-12.5,0.));
#1287 = DIRECTION('',(0.,0.,1.));
#1288 = DIRECTION('',(1.,0.,-0.));
#1289 = ADVANCED_FACE('',(#1290),#1301,.F.);
#1290 = FACE_BOUND('',#1291,.F.);
#1291 = EDGE_LOOP('',(#1292,#1293,#1299,#1300));
#1292 = ORIENTED_EDGE('',*,*,#634,.F.);
#1293 = ORIENTED_EDGE('',*,*,#1294,.T.);
#1294 = EDGE_CURVE('',#635,#863,#1295,.T.);
#1295 = LINE('',#1296,#1297);
#1296 = CARTESIAN_POINT('',(-106.,220.5,35.04));
#1297 = VECTOR('',#1298,1.);
#1298 = DIRECTION('',(1.,0.,-0.));
#1299 = ORIENTED_EDGE('',*,*,#870,.T.);
#1300 = ORIENTED_EDGE('',*,*,#1040,.F.);
#1301 = PLANE('',#1302);
#1302 = AXIS2_PLACEMENT_3D('',#1303,#1304,#1305);
#1303 = CARTESIAN_POINT('',(-106.,216.,35.04));
#1304 = DIRECTION('',(0.,0.,1.));
#1305 = DIRECTION('',(1.,0.,-0.));
#1306 = ADVANCED_FACE('',(#1307),#1318,.T.);
#1307 = FACE_BOUND('',#1308,.T.);
#1308 = EDGE_LOOP('',(#1309,#1315,#1316,#1317));
#1309 = ORIENTED_EDGE('',*,*,#1310,.F.);
#1310 = EDGE_CURVE('',#643,#855,#1311,.T.);
#1311 = LINE('',#1312,#1313);
#1312 = CARTESIAN_POINT('',(-106.,220.5,14.04));
#1313 = VECTOR('',#1314,1.);
#1314 = DIRECTION('',(1.,0.,-0.));
#1315 = ORIENTED_EDGE('',*,*,#642,.T.);
#1316 = ORIENTED_EDGE('',*,*,#1294,.T.);
#1317 = ORIENTED_EDGE('',*,*,#862,.F.);
#1318 = PLANE('',#1319);
#1319 = AXIS2_PLACEMENT_3D('',#1320,#1321,#1322);
#1320 = CARTESIAN_POINT('',(-106.,220.5,14.04));
#1321 = DIRECTION('',(-0.,1.,0.));
#1322 = DIRECTION('',(0.,0.,1.));
#1323 = ADVANCED_FACE('',(#1324),#1399,.T.);
#1324 = FACE_BOUND('',#1325,.T.);
#1325 = EDGE_LOOP('',(#1326,#1327,#1328,#1329,#1330,#1338,#1346,#1352,
    #1353,#1361,#1369,#1375,#1376,#1384,#1392,#1398));
#1326 = ORIENTED_EDGE('',*,*,#650,.F.);
#1327 = ORIENTED_EDGE('',*,*,#1310,.T.);
#1328 = ORIENTED_EDGE('',*,*,#854,.T.);
#1329 = ORIENTED_EDGE('',*,*,#720,.F.);
#1330 = ORIENTED_EDGE('',*,*,#1331,.F.);
#1331 = EDGE_CURVE('',#1332,#711,#1334,.T.);
#1332 = VERTEX_POINT('',#1333);
#1333 = CARTESIAN_POINT('',(78.,244.665,14.04));
#1334 = LINE('',#1335,#1336);
#1335 = CARTESIAN_POINT('',(78.,230.3325,14.04));
#1336 = VECTOR('',#1337,1.);
#1337 = DIRECTION('',(-0.,1.,0.));
#1338 = ORIENTED_EDGE('',*,*,#1339,.T.);
#1339 = EDGE_CURVE('',#1332,#1340,#1342,.T.);
#1340 = VERTEX_POINT('',#1341);
#1341 = CARTESIAN_POINT('',(70.4,244.665,14.04));
#1342 = LINE('',#1343,#1344);
#1343 = CARTESIAN_POINT('',(-17.8,244.665,14.04));
#1344 = VECTOR('',#1345,1.);
#1345 = DIRECTION('',(-1.,-0.,0.));
#1346 = ORIENTED_EDGE('',*,*,#1347,.T.);
#1347 = EDGE_CURVE('',#1340,#801,#1348,.T.);
#1348 = LINE('',#1349,#1350);
#1349 = CARTESIAN_POINT('',(70.4,230.3325,14.04));
#1350 = VECTOR('',#1351,1.);
#1351 = DIRECTION('',(-0.,1.,0.));
#1352 = ORIENTED_EDGE('',*,*,#800,.F.);
#1353 = ORIENTED_EDGE('',*,*,#1354,.F.);
#1354 = EDGE_CURVE('',#1355,#793,#1357,.T.);
#1355 = VERTEX_POINT('',#1356);
#1356 = CARTESIAN_POINT('',(70.,244.665,14.04));
#1357 = LINE('',#1358,#1359);
#1358 = CARTESIAN_POINT('',(70.,230.3325,14.04));
#1359 = VECTOR('',#1360,1.);
#1360 = DIRECTION('',(-0.,1.,0.));
#1361 = ORIENTED_EDGE('',*,*,#1362,.T.);
#1362 = EDGE_CURVE('',#1355,#1363,#1365,.T.);
#1363 = VERTEX_POINT('',#1364);
#1364 = CARTESIAN_POINT('',(-70.,244.665,14.04));
#1365 = LINE('',#1366,#1367);
#1366 = CARTESIAN_POINT('',(-88.,244.665,14.04));
#1367 = VECTOR('',#1368,1.);
#1368 = DIRECTION('',(-1.,-0.,0.));
#1369 = ORIENTED_EDGE('',*,*,#1370,.T.);
#1370 = EDGE_CURVE('',#1363,#769,#1371,.T.);
#1371 = LINE('',#1372,#1373);
#1372 = CARTESIAN_POINT('',(-70.,230.3325,14.04));
#1373 = VECTOR('',#1374,1.);
#1374 = DIRECTION('',(-0.,1.,0.));
#1375 = ORIENTED_EDGE('',*,*,#768,.F.);
#1376 = ORIENTED_EDGE('',*,*,#1377,.F.);
#1377 = EDGE_CURVE('',#1378,#761,#1380,.T.);
#1378 = VERTEX_POINT('',#1379);
#1379 = CARTESIAN_POINT('',(-70.4,244.665,14.04));
#1380 = LINE('',#1381,#1382);
#1381 = CARTESIAN_POINT('',(-70.4,230.3325,14.04));
#1382 = VECTOR('',#1383,1.);
#1383 = DIRECTION('',(-0.,1.,0.));
#1384 = ORIENTED_EDGE('',*,*,#1385,.T.);
#1385 = EDGE_CURVE('',#1378,#1386,#1388,.T.);
#1386 = VERTEX_POINT('',#1387);
#1387 = CARTESIAN_POINT('',(-78.,244.665,14.04));
#1388 = LINE('',#1389,#1390);
#1389 = CARTESIAN_POINT('',(-92.,244.665,14.04));
#1390 = VECTOR('',#1391,1.);
#1391 = DIRECTION('',(-1.,-0.,0.));
#1392 = ORIENTED_EDGE('',*,*,#1393,.T.);
#1393 = EDGE_CURVE('',#1386,#737,#1394,.T.);
#1394 = LINE('',#1395,#1396);
#1395 = CARTESIAN_POINT('',(-78.,230.3325,14.04));
#1396 = VECTOR('',#1397,1.);
#1397 = DIRECTION('',(-0.,1.,0.));
#1398 = ORIENTED_EDGE('',*,*,#736,.F.);
#1399 = PLANE('',#1400);
#1400 = AXIS2_PLACEMENT_3D('',#1401,#1402,#1403);
#1401 = CARTESIAN_POINT('',(-106.,216.,14.04));
#1402 = DIRECTION('',(0.,0.,1.));
#1403 = DIRECTION('',(1.,0.,-0.));
#1404 = ADVANCED_FACE('',(#1405),#1430,.F.);
#1405 = FACE_BOUND('',#1406,.F.);
#1406 = EDGE_LOOP('',(#1407,#1415,#1416,#1424));
#1407 = ORIENTED_EDGE('',*,*,#1408,.F.);
#1408 = EDGE_CURVE('',#673,#1409,#1411,.T.);
#1409 = VERTEX_POINT('',#1410);
#1410 = CARTESIAN_POINT('',(-99.6,216.,35.04));
#1411 = LINE('',#1412,#1413);
#1412 = CARTESIAN_POINT('',(-106.,216.,35.04));
#1413 = VECTOR('',#1414,1.);
#1414 = DIRECTION('',(1.,0.,-0.));
#1415 = ORIENTED_EDGE('',*,*,#670,.F.);
#1416 = ORIENTED_EDGE('',*,*,#1417,.T.);
#1417 = EDGE_CURVE('',#671,#1418,#1420,.T.);
#1418 = VERTEX_POINT('',#1419);
#1419 = CARTESIAN_POINT('',(-99.6,30.,35.04));
#1420 = LINE('',#1421,#1422);
#1421 = CARTESIAN_POINT('',(-106.,30.,35.04));
#1422 = VECTOR('',#1423,1.);
#1423 = DIRECTION('',(1.,0.,-0.));
#1424 = ORIENTED_EDGE('',*,*,#1425,.T.);
#1425 = EDGE_CURVE('',#1418,#1409,#1426,.T.);
#1426 = LINE('',#1427,#1428);
#1427 = CARTESIAN_POINT('',(-99.6,24.,35.04));
#1428 = VECTOR('',#1429,1.);
#1429 = DIRECTION('',(-0.,1.,0.));
#1430 = PLANE('',#1431);
#1431 = AXIS2_PLACEMENT_3D('',#1432,#1433,#1434);
#1432 = CARTESIAN_POINT('',(-106.,24.,35.04));
#1433 = DIRECTION('',(0.,0.,1.));
#1434 = DIRECTION('',(1.,0.,-0.));
#1435 = ADVANCED_FACE('',(#1436),#1454,.T.);
#1436 = FACE_BOUND('',#1437,.T.);
#1437 = EDGE_LOOP('',(#1438,#1446,#1447,#1448));
#1438 = ORIENTED_EDGE('',*,*,#1439,.F.);
#1439 = EDGE_CURVE('',#681,#1440,#1442,.T.);
#1440 = VERTEX_POINT('',#1441);
#1441 = CARTESIAN_POINT('',(-99.6,30.,14.04));
#1442 = LINE('',#1443,#1444);
#1443 = CARTESIAN_POINT('',(-106.,30.,14.04));
#1444 = VECTOR('',#1445,1.);
#1445 = DIRECTION('',(1.,0.,-0.));
#1446 = ORIENTED_EDGE('',*,*,#680,.T.);
#1447 = ORIENTED_EDGE('',*,*,#1417,.T.);
#1448 = ORIENTED_EDGE('',*,*,#1449,.T.);
#1449 = EDGE_CURVE('',#1418,#1440,#1450,.T.);
#1450 = LINE('',#1451,#1452);
#1451 = CARTESIAN_POINT('',(-99.6,30.,11.79));
#1452 = VECTOR('',#1453,1.);
#1453 = DIRECTION('',(-0.,0.,-1.));
#1454 = PLANE('',#1455);
#1455 = AXIS2_PLACEMENT_3D('',#1456,#1457,#1458);
#1456 = CARTESIAN_POINT('',(-106.,30.,9.54));
#1457 = DIRECTION('',(-0.,1.,0.));
#1458 = DIRECTION('',(0.,0.,1.));
#1459 = ADVANCED_FACE('',(#1460),#1478,.T.);
#1460 = FACE_BOUND('',#1461,.T.);
#1461 = EDGE_LOOP('',(#1462,#1470,#1471,#1472));
#1462 = ORIENTED_EDGE('',*,*,#1463,.F.);
#1463 = EDGE_CURVE('',#689,#1464,#1466,.T.);
#1464 = VERTEX_POINT('',#1465);
#1465 = CARTESIAN_POINT('',(-99.6,216.,14.04));
#1466 = LINE('',#1467,#1468);
#1467 = CARTESIAN_POINT('',(-106.,216.,14.04));
#1468 = VECTOR('',#1469,1.);
#1469 = DIRECTION('',(1.,0.,-0.));
#1470 = ORIENTED_EDGE('',*,*,#688,.F.);
#1471 = ORIENTED_EDGE('',*,*,#1439,.T.);
#1472 = ORIENTED_EDGE('',*,*,#1473,.T.);
#1473 = EDGE_CURVE('',#1440,#1464,#1474,.T.);
#1474 = LINE('',#1475,#1476);
#1475 = CARTESIAN_POINT('',(-99.6,24.,14.04));
#1476 = VECTOR('',#1477,1.);
#1477 = DIRECTION('',(-0.,1.,0.));
#1478 = PLANE('',#1479);
#1479 = AXIS2_PLACEMENT_3D('',#1480,#1481,#1482);
#1480 = CARTESIAN_POINT('',(-106.,24.,14.04));
#1481 = DIRECTION('',(0.,0.,1.));
#1482 = DIRECTION('',(1.,0.,-0.));
#1483 = ADVANCED_FACE('',(#1484),#1495,.F.);
#1484 = FACE_BOUND('',#1485,.F.);
#1485 = EDGE_LOOP('',(#1486,#1487,#1488,#1489));
#1486 = ORIENTED_EDGE('',*,*,#1463,.F.);
#1487 = ORIENTED_EDGE('',*,*,#696,.T.);
#1488 = ORIENTED_EDGE('',*,*,#1408,.T.);
#1489 = ORIENTED_EDGE('',*,*,#1490,.F.);
#1490 = EDGE_CURVE('',#1464,#1409,#1491,.T.);
#1491 = LINE('',#1492,#1493);
#1492 = CARTESIAN_POINT('',(-99.6,216.,14.04));
#1493 = VECTOR('',#1494,1.);
#1494 = DIRECTION('',(0.,0.,1.));
#1495 = PLANE('',#1496);
#1496 = AXIS2_PLACEMENT_3D('',#1497,#1498,#1499);
#1497 = CARTESIAN_POINT('',(-106.,216.,14.04));
#1498 = DIRECTION('',(-0.,1.,0.));
#1499 = DIRECTION('',(0.,0.,1.));
#1500 = ADVANCED_FACE('',(#1501),#1599,.T.);
#1501 = FACE_BOUND('',#1502,.T.);
#1502 = EDGE_LOOP('',(#1503,#1504,#1505,#1513,#1521,#1529,#1537,#1545,
    #1553,#1561,#1569,#1577,#1585,#1593));
#1503 = ORIENTED_EDGE('',*,*,#1331,.T.);
#1504 = ORIENTED_EDGE('',*,*,#710,.T.);
#1505 = ORIENTED_EDGE('',*,*,#1506,.T.);
#1506 = EDGE_CURVE('',#713,#1507,#1509,.T.);
#1507 = VERTEX_POINT('',#1508);
#1508 = CARTESIAN_POINT('',(78.,258.665,14.));
#1509 = LINE('',#1510,#1511);
#1510 = CARTESIAN_POINT('',(78.,244.665,14.));
#1511 = VECTOR('',#1512,1.);
#1512 = DIRECTION('',(-0.,1.,0.));
#1513 = ORIENTED_EDGE('',*,*,#1514,.T.);
#1514 = EDGE_CURVE('',#1507,#1515,#1517,.T.);
#1515 = VERTEX_POINT('',#1516);
#1516 = CARTESIAN_POINT('',(78.,258.665,20.));
#1517 = LINE('',#1518,#1519);
#1518 = CARTESIAN_POINT('',(78.,258.665,14.));
#1519 = VECTOR('',#1520,1.);
#1520 = DIRECTION('',(0.,0.,1.));
#1521 = ORIENTED_EDGE('',*,*,#1522,.T.);
#1522 = EDGE_CURVE('',#1515,#1523,#1525,.T.);
#1523 = VERTEX_POINT('',#1524);
#1524 = CARTESIAN_POINT('',(78.,276.765,20.));
#1525 = LINE('',#1526,#1527);
#1526 = CARTESIAN_POINT('',(78.,258.165,20.));
#1527 = VECTOR('',#1528,1.);
#1528 = DIRECTION('',(-0.,1.,0.));
#1529 = ORIENTED_EDGE('',*,*,#1530,.T.);
#1530 = EDGE_CURVE('',#1523,#1531,#1533,.T.);
#1531 = VERTEX_POINT('',#1532);
#1532 = CARTESIAN_POINT('',(78.,276.765,24.));
#1533 = LINE('',#1534,#1535);
#1534 = CARTESIAN_POINT('',(78.,276.765,20.));
#1535 = VECTOR('',#1536,1.);
#1536 = DIRECTION('',(0.,0.,1.));
#1537 = ORIENTED_EDGE('',*,*,#1538,.F.);
#1538 = EDGE_CURVE('',#1539,#1531,#1541,.T.);
#1539 = VERTEX_POINT('',#1540);
#1540 = CARTESIAN_POINT('',(78.,258.665,24.));
#1541 = LINE('',#1542,#1543);
#1542 = CARTESIAN_POINT('',(78.,258.165,24.));
#1543 = VECTOR('',#1544,1.);
#1544 = DIRECTION('',(-0.,1.,0.));
#1545 = ORIENTED_EDGE('',*,*,#1546,.T.);
#1546 = EDGE_CURVE('',#1539,#1547,#1549,.T.);
#1547 = VERTEX_POINT('',#1548);
#1548 = CARTESIAN_POINT('',(78.,258.665,38.));
#1549 = LINE('',#1550,#1551);
#1550 = CARTESIAN_POINT('',(78.,258.665,14.));
#1551 = VECTOR('',#1552,1.);
#1552 = DIRECTION('',(0.,0.,1.));
#1553 = ORIENTED_EDGE('',*,*,#1554,.T.);
#1554 = EDGE_CURVE('',#1547,#1555,#1557,.T.);
#1555 = VERTEX_POINT('',#1556);
#1556 = CARTESIAN_POINT('',(78.,276.765,38.));
#1557 = LINE('',#1558,#1559);
#1558 = CARTESIAN_POINT('',(78.,258.165,38.));
#1559 = VECTOR('',#1560,1.);
#1560 = DIRECTION('',(-0.,1.,0.));
#1561 = ORIENTED_EDGE('',*,*,#1562,.T.);
#1562 = EDGE_CURVE('',#1555,#1563,#1565,.T.);
#1563 = VERTEX_POINT('',#1564);
#1564 = CARTESIAN_POINT('',(78.,276.765,42.));
#1565 = LINE('',#1566,#1567);
#1566 = CARTESIAN_POINT('',(78.,276.765,38.));
#1567 = VECTOR('',#1568,1.);
#1568 = DIRECTION('',(0.,0.,1.));
#1569 = ORIENTED_EDGE('',*,*,#1570,.F.);
#1570 = EDGE_CURVE('',#1571,#1563,#1573,.T.);
#1571 = VERTEX_POINT('',#1572);
#1572 = CARTESIAN_POINT('',(78.,258.665,42.));
#1573 = LINE('',#1574,#1575);
#1574 = CARTESIAN_POINT('',(78.,258.165,42.));
#1575 = VECTOR('',#1576,1.);
#1576 = DIRECTION('',(-0.,1.,0.));
#1577 = ORIENTED_EDGE('',*,*,#1578,.T.);
#1578 = EDGE_CURVE('',#1571,#1579,#1581,.T.);
#1579 = VERTEX_POINT('',#1580);
#1580 = CARTESIAN_POINT('',(78.,258.665,49.8));
#1581 = LINE('',#1582,#1583);
#1582 = CARTESIAN_POINT('',(78.,258.665,14.));
#1583 = VECTOR('',#1584,1.);
#1584 = DIRECTION('',(0.,0.,1.));
#1585 = ORIENTED_EDGE('',*,*,#1586,.F.);
#1586 = EDGE_CURVE('',#1587,#1579,#1589,.T.);
#1587 = VERTEX_POINT('',#1588);
#1588 = CARTESIAN_POINT('',(78.,244.665,49.8));
#1589 = LINE('',#1590,#1591);
#1590 = CARTESIAN_POINT('',(78.,244.665,49.8));
#1591 = VECTOR('',#1592,1.);
#1592 = DIRECTION('',(-0.,1.,0.));
#1593 = ORIENTED_EDGE('',*,*,#1594,.F.);
#1594 = EDGE_CURVE('',#1332,#1587,#1595,.T.);
#1595 = LINE('',#1596,#1597);
#1596 = CARTESIAN_POINT('',(78.,244.665,14.));
#1597 = VECTOR('',#1598,1.);
#1598 = DIRECTION('',(0.,0.,1.));
#1599 = PLANE('',#1600);
#1600 = AXIS2_PLACEMENT_3D('',#1601,#1602,#1603);
#1601 = CARTESIAN_POINT('',(78.,259.26593837209,31.524310465116));
#1602 = DIRECTION('',(1.,0.,0.));
#1603 = DIRECTION('',(-0.,0.,1.));
#1604 = ADVANCED_FACE('',(#1605),#1623,.F.);
#1605 = FACE_BOUND('',#1606,.F.);
#1606 = EDGE_LOOP('',(#1607,#1615,#1616,#1617));
#1607 = ORIENTED_EDGE('',*,*,#1608,.F.);
#1608 = EDGE_CURVE('',#809,#1609,#1611,.T.);
#1609 = VERTEX_POINT('',#1610);
#1610 = CARTESIAN_POINT('',(70.4,258.665,14.));
#1611 = LINE('',#1612,#1613);
#1612 = CARTESIAN_POINT('',(70.4,244.665,14.));
#1613 = VECTOR('',#1614,1.);
#1614 = DIRECTION('',(-0.,1.,0.));
#1615 = ORIENTED_EDGE('',*,*,#816,.T.);
#1616 = ORIENTED_EDGE('',*,*,#1506,.T.);
#1617 = ORIENTED_EDGE('',*,*,#1618,.F.);
#1618 = EDGE_CURVE('',#1609,#1507,#1619,.T.);
#1619 = LINE('',#1620,#1621);
#1620 = CARTESIAN_POINT('',(70.4,258.665,14.));
#1621 = VECTOR('',#1622,1.);
#1622 = DIRECTION('',(1.,0.,-0.));
#1623 = PLANE('',#1624);
#1624 = AXIS2_PLACEMENT_3D('',#1625,#1626,#1627);
#1625 = CARTESIAN_POINT('',(70.4,244.665,14.));
#1626 = DIRECTION('',(0.,0.,1.));
#1627 = DIRECTION('',(1.,0.,-0.));
#1628 = ADVANCED_FACE('',(#1629),#1720,.F.);
#1629 = FACE_BOUND('',#1630,.F.);
#1630 = EDGE_LOOP('',(#1631,#1639,#1640,#1641,#1642,#1650,#1658,#1666,
    #1674,#1682,#1690,#1698,#1706,#1714));
#1631 = ORIENTED_EDGE('',*,*,#1632,.F.);
#1632 = EDGE_CURVE('',#1340,#1633,#1635,.T.);
#1633 = VERTEX_POINT('',#1634);
#1634 = CARTESIAN_POINT('',(70.4,244.665,46.4));
#1635 = LINE('',#1636,#1637);
#1636 = CARTESIAN_POINT('',(70.4,244.665,14.));
#1637 = VECTOR('',#1638,1.);
#1638 = DIRECTION('',(0.,0.,1.));
#1639 = ORIENTED_EDGE('',*,*,#1347,.T.);
#1640 = ORIENTED_EDGE('',*,*,#808,.T.);
#1641 = ORIENTED_EDGE('',*,*,#1608,.T.);
#1642 = ORIENTED_EDGE('',*,*,#1643,.T.);
#1643 = EDGE_CURVE('',#1609,#1644,#1646,.T.);
#1644 = VERTEX_POINT('',#1645);
#1645 = CARTESIAN_POINT('',(70.4,258.665,20.));
#1646 = LINE('',#1647,#1648);
#1647 = CARTESIAN_POINT('',(70.4,258.665,14.));
#1648 = VECTOR('',#1649,1.);
#1649 = DIRECTION('',(0.,0.,1.));
#1650 = ORIENTED_EDGE('',*,*,#1651,.T.);
#1651 = EDGE_CURVE('',#1644,#1652,#1654,.T.);
#1652 = VERTEX_POINT('',#1653);
#1653 = CARTESIAN_POINT('',(70.4,258.165,20.));
#1654 = LINE('',#1655,#1656);
#1655 = CARTESIAN_POINT('',(70.4,251.415,20.));
#1656 = VECTOR('',#1657,1.);
#1657 = DIRECTION('',(0.,-1.,0.));
#1658 = ORIENTED_EDGE('',*,*,#1659,.T.);
#1659 = EDGE_CURVE('',#1652,#1660,#1662,.T.);
#1660 = VERTEX_POINT('',#1661);
#1661 = CARTESIAN_POINT('',(70.4,258.165,24.));
#1662 = LINE('',#1663,#1664);
#1663 = CARTESIAN_POINT('',(70.4,258.165,17.));
#1664 = VECTOR('',#1665,1.);
#1665 = DIRECTION('',(0.,0.,1.));
#1666 = ORIENTED_EDGE('',*,*,#1667,.F.);
#1667 = EDGE_CURVE('',#1668,#1660,#1670,.T.);
#1668 = VERTEX_POINT('',#1669);
#1669 = CARTESIAN_POINT('',(70.4,258.665,24.));
#1670 = LINE('',#1671,#1672);
#1671 = CARTESIAN_POINT('',(70.4,251.415,24.));
#1672 = VECTOR('',#1673,1.);
#1673 = DIRECTION('',(0.,-1.,0.));
#1674 = ORIENTED_EDGE('',*,*,#1675,.T.);
#1675 = EDGE_CURVE('',#1668,#1676,#1678,.T.);
#1676 = VERTEX_POINT('',#1677);
#1677 = CARTESIAN_POINT('',(70.4,258.665,38.));
#1678 = LINE('',#1679,#1680);
#1679 = CARTESIAN_POINT('',(70.4,258.665,14.));
#1680 = VECTOR('',#1681,1.);
#1681 = DIRECTION('',(0.,0.,1.));
#1682 = ORIENTED_EDGE('',*,*,#1683,.T.);
#1683 = EDGE_CURVE('',#1676,#1684,#1686,.T.);
#1684 = VERTEX_POINT('',#1685);
#1685 = CARTESIAN_POINT('',(70.4,258.165,38.));
#1686 = LINE('',#1687,#1688);
#1687 = CARTESIAN_POINT('',(70.4,251.415,38.));
#1688 = VECTOR('',#1689,1.);
#1689 = DIRECTION('',(0.,-1.,0.));
#1690 = ORIENTED_EDGE('',*,*,#1691,.T.);
#1691 = EDGE_CURVE('',#1684,#1692,#1694,.T.);
#1692 = VERTEX_POINT('',#1693);
#1693 = CARTESIAN_POINT('',(70.4,258.165,42.));
#1694 = LINE('',#1695,#1696);
#1695 = CARTESIAN_POINT('',(70.4,258.165,26.));
#1696 = VECTOR('',#1697,1.);
#1697 = DIRECTION('',(0.,0.,1.));
#1698 = ORIENTED_EDGE('',*,*,#1699,.F.);
#1699 = EDGE_CURVE('',#1700,#1692,#1702,.T.);
#1700 = VERTEX_POINT('',#1701);
#1701 = CARTESIAN_POINT('',(70.4,258.665,42.));
#1702 = LINE('',#1703,#1704);
#1703 = CARTESIAN_POINT('',(70.4,251.415,42.));
#1704 = VECTOR('',#1705,1.);
#1705 = DIRECTION('',(0.,-1.,0.));
#1706 = ORIENTED_EDGE('',*,*,#1707,.T.);
#1707 = EDGE_CURVE('',#1700,#1708,#1710,.T.);
#1708 = VERTEX_POINT('',#1709);
#1709 = CARTESIAN_POINT('',(70.4,258.665,46.4));
#1710 = LINE('',#1711,#1712);
#1711 = CARTESIAN_POINT('',(70.4,258.665,14.));
#1712 = VECTOR('',#1713,1.);
#1713 = DIRECTION('',(0.,0.,1.));
#1714 = ORIENTED_EDGE('',*,*,#1715,.T.);
#1715 = EDGE_CURVE('',#1708,#1633,#1716,.T.);
#1716 = LINE('',#1717,#1718);
#1717 = CARTESIAN_POINT('',(70.4,244.665,46.4));
#1718 = VECTOR('',#1719,1.);
#1719 = DIRECTION('',(0.,-1.,0.));
#1720 = PLANE('',#1721);
#1721 = AXIS2_PLACEMENT_3D('',#1722,#1723,#1724);
#1722 = CARTESIAN_POINT('',(70.4,244.665,14.));
#1723 = DIRECTION('',(1.,0.,-0.));
#1724 = DIRECTION('',(0.,0.,1.));
#1725 = ADVANCED_FACE('',(#1726),#1760,.T.);
#1726 = FACE_BOUND('',#1727,.T.);
#1727 = EDGE_LOOP('',(#1728,#1736,#1737,#1738,#1746,#1754));
#1728 = ORIENTED_EDGE('',*,*,#1729,.F.);
#1729 = EDGE_CURVE('',#1355,#1730,#1732,.T.);
#1730 = VERTEX_POINT('',#1731);
#1731 = CARTESIAN_POINT('',(70.,244.665,15.6));
#1732 = LINE('',#1733,#1734);
#1733 = CARTESIAN_POINT('',(70.,244.665,12.));
#1734 = VECTOR('',#1735,1.);
#1735 = DIRECTION('',(0.,0.,1.));
#1736 = ORIENTED_EDGE('',*,*,#1354,.T.);
#1737 = ORIENTED_EDGE('',*,*,#792,.T.);
#1738 = ORIENTED_EDGE('',*,*,#1739,.T.);
#1739 = EDGE_CURVE('',#785,#1740,#1742,.T.);
#1740 = VERTEX_POINT('',#1741);
#1741 = CARTESIAN_POINT('',(70.,258.665,12.));
#1742 = LINE('',#1743,#1744);
#1743 = CARTESIAN_POINT('',(70.,244.665,12.));
#1744 = VECTOR('',#1745,1.);
#1745 = DIRECTION('',(-0.,1.,0.));
#1746 = ORIENTED_EDGE('',*,*,#1747,.T.);
#1747 = EDGE_CURVE('',#1740,#1748,#1750,.T.);
#1748 = VERTEX_POINT('',#1749);
#1749 = CARTESIAN_POINT('',(70.,258.665,15.6));
#1750 = LINE('',#1751,#1752);
#1751 = CARTESIAN_POINT('',(70.,258.665,12.));
#1752 = VECTOR('',#1753,1.);
#1753 = DIRECTION('',(0.,0.,1.));
#1754 = ORIENTED_EDGE('',*,*,#1755,.F.);
#1755 = EDGE_CURVE('',#1730,#1748,#1756,.T.);
#1756 = LINE('',#1757,#1758);
#1757 = CARTESIAN_POINT('',(70.,244.665,15.6));
#1758 = VECTOR('',#1759,1.);
#1759 = DIRECTION('',(-0.,1.,0.));
#1760 = PLANE('',#1761);
#1761 = AXIS2_PLACEMENT_3D('',#1762,#1763,#1764);
#1762 = CARTESIAN_POINT('',(70.,244.665,12.));
#1763 = DIRECTION('',(1.,0.,-0.));
#1764 = DIRECTION('',(0.,0.,1.));
#1765 = ADVANCED_FACE('',(#1766),#1784,.F.);
#1766 = FACE_BOUND('',#1767,.F.);
#1767 = EDGE_LOOP('',(#1768,#1776,#1777,#1778));
#1768 = ORIENTED_EDGE('',*,*,#1769,.F.);
#1769 = EDGE_CURVE('',#777,#1770,#1772,.T.);
#1770 = VERTEX_POINT('',#1771);
#1771 = CARTESIAN_POINT('',(-70.,258.665,12.));
#1772 = LINE('',#1773,#1774);
#1773 = CARTESIAN_POINT('',(-70.,244.665,12.));
#1774 = VECTOR('',#1775,1.);
#1775 = DIRECTION('',(-0.,1.,0.));
#1776 = ORIENTED_EDGE('',*,*,#784,.T.);
#1777 = ORIENTED_EDGE('',*,*,#1739,.T.);
#1778 = ORIENTED_EDGE('',*,*,#1779,.F.);
#1779 = EDGE_CURVE('',#1770,#1740,#1780,.T.);
#1780 = LINE('',#1781,#1782);
#1781 = CARTESIAN_POINT('',(-70.,258.665,12.));
#1782 = VECTOR('',#1783,1.);
#1783 = DIRECTION('',(1.,0.,-0.));
#1784 = PLANE('',#1785);
#1785 = AXIS2_PLACEMENT_3D('',#1786,#1787,#1788);
#1786 = CARTESIAN_POINT('',(-70.,244.665,12.));
#1787 = DIRECTION('',(0.,0.,1.));
#1788 = DIRECTION('',(1.,0.,-0.));
#1789 = ADVANCED_FACE('',(#1790),#1817,.F.);
#1790 = FACE_BOUND('',#1791,.F.);
#1791 = EDGE_LOOP('',(#1792,#1800,#1801,#1802,#1803,#1811));
#1792 = ORIENTED_EDGE('',*,*,#1793,.F.);
#1793 = EDGE_CURVE('',#1363,#1794,#1796,.T.);
#1794 = VERTEX_POINT('',#1795);
#1795 = CARTESIAN_POINT('',(-70.,244.665,15.6));
#1796 = LINE('',#1797,#1798);
#1797 = CARTESIAN_POINT('',(-70.,244.665,12.));
#1798 = VECTOR('',#1799,1.);
#1799 = DIRECTION('',(0.,0.,1.));
#1800 = ORIENTED_EDGE('',*,*,#1370,.T.);
#1801 = ORIENTED_EDGE('',*,*,#776,.T.);
#1802 = ORIENTED_EDGE('',*,*,#1769,.T.);
#1803 = ORIENTED_EDGE('',*,*,#1804,.T.);
#1804 = EDGE_CURVE('',#1770,#1805,#1807,.T.);
#1805 = VERTEX_POINT('',#1806);
#1806 = CARTESIAN_POINT('',(-70.,258.665,15.6));
#1807 = LINE('',#1808,#1809);
#1808 = CARTESIAN_POINT('',(-70.,258.665,12.));
#1809 = VECTOR('',#1810,1.);
#1810 = DIRECTION('',(0.,0.,1.));
#1811 = ORIENTED_EDGE('',*,*,#1812,.F.);
#1812 = EDGE_CURVE('',#1794,#1805,#1813,.T.);
#1813 = LINE('',#1814,#1815);
#1814 = CARTESIAN_POINT('',(-70.,244.665,15.6));
#1815 = VECTOR('',#1816,1.);
#1816 = DIRECTION('',(-0.,1.,0.));
#1817 = PLANE('',#1818);
#1818 = AXIS2_PLACEMENT_3D('',#1819,#1820,#1821);
#1819 = CARTESIAN_POINT('',(-70.,244.665,12.));
#1820 = DIRECTION('',(1.,0.,-0.));
#1821 = DIRECTION('',(0.,0.,1.));
#1822 = ADVANCED_FACE('',(#1823),#1921,.T.);
#1823 = FACE_BOUND('',#1824,.T.);
#1824 = EDGE_LOOP('',(#1825,#1833,#1834,#1835,#1843,#1851,#1859,#1867,
    #1875,#1883,#1891,#1899,#1907,#1915));
#1825 = ORIENTED_EDGE('',*,*,#1826,.F.);
#1826 = EDGE_CURVE('',#1378,#1827,#1829,.T.);
#1827 = VERTEX_POINT('',#1828);
#1828 = CARTESIAN_POINT('',(-70.4,244.665,46.4));
#1829 = LINE('',#1830,#1831);
#1830 = CARTESIAN_POINT('',(-70.4,244.665,14.));
#1831 = VECTOR('',#1832,1.);
#1832 = DIRECTION('',(0.,0.,1.));
#1833 = ORIENTED_EDGE('',*,*,#1377,.T.);
#1834 = ORIENTED_EDGE('',*,*,#760,.T.);
#1835 = ORIENTED_EDGE('',*,*,#1836,.T.);
#1836 = EDGE_CURVE('',#753,#1837,#1839,.T.);
#1837 = VERTEX_POINT('',#1838);
#1838 = CARTESIAN_POINT('',(-70.4,258.665,14.));
#1839 = LINE('',#1840,#1841);
#1840 = CARTESIAN_POINT('',(-70.4,244.665,14.));
#1841 = VECTOR('',#1842,1.);
#1842 = DIRECTION('',(-0.,1.,0.));
#1843 = ORIENTED_EDGE('',*,*,#1844,.T.);
#1844 = EDGE_CURVE('',#1837,#1845,#1847,.T.);
#1845 = VERTEX_POINT('',#1846);
#1846 = CARTESIAN_POINT('',(-70.4,258.665,20.));
#1847 = LINE('',#1848,#1849);
#1848 = CARTESIAN_POINT('',(-70.4,258.665,14.));
#1849 = VECTOR('',#1850,1.);
#1850 = DIRECTION('',(0.,0.,1.));
#1851 = ORIENTED_EDGE('',*,*,#1852,.T.);
#1852 = EDGE_CURVE('',#1845,#1853,#1855,.T.);
#1853 = VERTEX_POINT('',#1854);
#1854 = CARTESIAN_POINT('',(-70.4,258.165,20.));
#1855 = LINE('',#1856,#1857);
#1856 = CARTESIAN_POINT('',(-70.4,251.415,20.));
#1857 = VECTOR('',#1858,1.);
#1858 = DIRECTION('',(0.,-1.,0.));
#1859 = ORIENTED_EDGE('',*,*,#1860,.T.);
#1860 = EDGE_CURVE('',#1853,#1861,#1863,.T.);
#1861 = VERTEX_POINT('',#1862);
#1862 = CARTESIAN_POINT('',(-70.4,258.165,24.));
#1863 = LINE('',#1864,#1865);
#1864 = CARTESIAN_POINT('',(-70.4,258.165,17.));
#1865 = VECTOR('',#1866,1.);
#1866 = DIRECTION('',(0.,0.,1.));
#1867 = ORIENTED_EDGE('',*,*,#1868,.F.);
#1868 = EDGE_CURVE('',#1869,#1861,#1871,.T.);
#1869 = VERTEX_POINT('',#1870);
#1870 = CARTESIAN_POINT('',(-70.4,258.665,24.));
#1871 = LINE('',#1872,#1873);
#1872 = CARTESIAN_POINT('',(-70.4,251.415,24.));
#1873 = VECTOR('',#1874,1.);
#1874 = DIRECTION('',(0.,-1.,0.));
#1875 = ORIENTED_EDGE('',*,*,#1876,.T.);
#1876 = EDGE_CURVE('',#1869,#1877,#1879,.T.);
#1877 = VERTEX_POINT('',#1878);
#1878 = CARTESIAN_POINT('',(-70.4,258.665,38.));
#1879 = LINE('',#1880,#1881);
#1880 = CARTESIAN_POINT('',(-70.4,258.665,14.));
#1881 = VECTOR('',#1882,1.);
#1882 = DIRECTION('',(0.,0.,1.));
#1883 = ORIENTED_EDGE('',*,*,#1884,.T.);
#1884 = EDGE_CURVE('',#1877,#1885,#1887,.T.);
#1885 = VERTEX_POINT('',#1886);
#1886 = CARTESIAN_POINT('',(-70.4,258.165,38.));
#1887 = LINE('',#1888,#1889);
#1888 = CARTESIAN_POINT('',(-70.4,251.415,38.));
#1889 = VECTOR('',#1890,1.);
#1890 = DIRECTION('',(0.,-1.,0.));
#1891 = ORIENTED_EDGE('',*,*,#1892,.T.);
#1892 = EDGE_CURVE('',#1885,#1893,#1895,.T.);
#1893 = VERTEX_POINT('',#1894);
#1894 = CARTESIAN_POINT('',(-70.4,258.165,42.));
#1895 = LINE('',#1896,#1897);
#1896 = CARTESIAN_POINT('',(-70.4,258.165,26.));
#1897 = VECTOR('',#1898,1.);
#1898 = DIRECTION('',(0.,0.,1.));
#1899 = ORIENTED_EDGE('',*,*,#1900,.F.);
#1900 = EDGE_CURVE('',#1901,#1893,#1903,.T.);
#1901 = VERTEX_POINT('',#1902);
#1902 = CARTESIAN_POINT('',(-70.4,258.665,42.));
#1903 = LINE('',#1904,#1905);
#1904 = CARTESIAN_POINT('',(-70.4,251.415,42.));
#1905 = VECTOR('',#1906,1.);
#1906 = DIRECTION('',(0.,-1.,0.));
#1907 = ORIENTED_EDGE('',*,*,#1908,.T.);
#1908 = EDGE_CURVE('',#1901,#1909,#1911,.T.);
#1909 = VERTEX_POINT('',#1910);
#1910 = CARTESIAN_POINT('',(-70.4,258.665,46.4));
#1911 = LINE('',#1912,#1913);
#1912 = CARTESIAN_POINT('',(-70.4,258.665,14.));
#1913 = VECTOR('',#1914,1.);
#1914 = DIRECTION('',(0.,0.,1.));
#1915 = ORIENTED_EDGE('',*,*,#1916,.T.);
#1916 = EDGE_CURVE('',#1909,#1827,#1917,.T.);
#1917 = LINE('',#1918,#1919);
#1918 = CARTESIAN_POINT('',(-70.4,244.665,46.4));
#1919 = VECTOR('',#1920,1.);
#1920 = DIRECTION('',(0.,-1.,0.));
#1921 = PLANE('',#1922);
#1922 = AXIS2_PLACEMENT_3D('',#1923,#1924,#1925);
#1923 = CARTESIAN_POINT('',(-70.4,244.665,14.));
#1924 = DIRECTION('',(1.,0.,-0.));
#1925 = DIRECTION('',(0.,0.,1.));
#1926 = ADVANCED_FACE('',(#1927),#1945,.F.);
#1927 = FACE_BOUND('',#1928,.F.);
#1928 = EDGE_LOOP('',(#1929,#1937,#1938,#1939));
#1929 = ORIENTED_EDGE('',*,*,#1930,.F.);
#1930 = EDGE_CURVE('',#745,#1931,#1933,.T.);
#1931 = VERTEX_POINT('',#1932);
#1932 = CARTESIAN_POINT('',(-78.,258.665,14.));
#1933 = LINE('',#1934,#1935);
#1934 = CARTESIAN_POINT('',(-78.,244.665,14.));
#1935 = VECTOR('',#1936,1.);
#1936 = DIRECTION('',(-0.,1.,0.));
#1937 = ORIENTED_EDGE('',*,*,#752,.T.);
#1938 = ORIENTED_EDGE('',*,*,#1836,.T.);
#1939 = ORIENTED_EDGE('',*,*,#1940,.F.);
#1940 = EDGE_CURVE('',#1931,#1837,#1941,.T.);
#1941 = LINE('',#1942,#1943);
#1942 = CARTESIAN_POINT('',(-78.,258.665,14.));
#1943 = VECTOR('',#1944,1.);
#1944 = DIRECTION('',(1.,0.,-0.));
#1945 = PLANE('',#1946);
#1946 = AXIS2_PLACEMENT_3D('',#1947,#1948,#1949);
#1947 = CARTESIAN_POINT('',(-78.,244.665,14.));
#1948 = DIRECTION('',(0.,0.,1.));
#1949 = DIRECTION('',(1.,0.,-0.));
#1950 = ADVANCED_FACE('',(#1951),#2042,.T.);
#1951 = FACE_BOUND('',#1952,.T.);
#1952 = EDGE_LOOP('',(#1953,#1961,#1969,#1977,#1985,#1993,#2001,#2009,
    #2017,#2025,#2033,#2039,#2040,#2041));
#1953 = ORIENTED_EDGE('',*,*,#1954,.T.);
#1954 = EDGE_CURVE('',#1386,#1955,#1957,.T.);
#1955 = VERTEX_POINT('',#1956);
#1956 = CARTESIAN_POINT('',(-78.,244.665,49.8));
#1957 = LINE('',#1958,#1959);
#1958 = CARTESIAN_POINT('',(-78.,244.665,14.));
#1959 = VECTOR('',#1960,1.);
#1960 = DIRECTION('',(0.,0.,1.));
#1961 = ORIENTED_EDGE('',*,*,#1962,.T.);
#1962 = EDGE_CURVE('',#1955,#1963,#1965,.T.);
#1963 = VERTEX_POINT('',#1964);
#1964 = CARTESIAN_POINT('',(-78.,258.665,49.8));
#1965 = LINE('',#1966,#1967);
#1966 = CARTESIAN_POINT('',(-78.,244.665,49.8));
#1967 = VECTOR('',#1968,1.);
#1968 = DIRECTION('',(-0.,1.,0.));
#1969 = ORIENTED_EDGE('',*,*,#1970,.F.);
#1970 = EDGE_CURVE('',#1971,#1963,#1973,.T.);
#1971 = VERTEX_POINT('',#1972);
#1972 = CARTESIAN_POINT('',(-78.,258.665,42.));
#1973 = LINE('',#1974,#1975);
#1974 = CARTESIAN_POINT('',(-78.,258.665,14.));
#1975 = VECTOR('',#1976,1.);
#1976 = DIRECTION('',(0.,0.,1.));
#1977 = ORIENTED_EDGE('',*,*,#1978,.T.);
#1978 = EDGE_CURVE('',#1971,#1979,#1981,.T.);
#1979 = VERTEX_POINT('',#1980);
#1980 = CARTESIAN_POINT('',(-78.,276.765,42.));
#1981 = LINE('',#1982,#1983);
#1982 = CARTESIAN_POINT('',(-78.,258.165,42.));
#1983 = VECTOR('',#1984,1.);
#1984 = DIRECTION('',(-0.,1.,0.));
#1985 = ORIENTED_EDGE('',*,*,#1986,.F.);
#1986 = EDGE_CURVE('',#1987,#1979,#1989,.T.);
#1987 = VERTEX_POINT('',#1988);
#1988 = CARTESIAN_POINT('',(-78.,276.765,38.));
#1989 = LINE('',#1990,#1991);
#1990 = CARTESIAN_POINT('',(-78.,276.765,38.));
#1991 = VECTOR('',#1992,1.);
#1992 = DIRECTION('',(0.,0.,1.));
#1993 = ORIENTED_EDGE('',*,*,#1994,.F.);
#1994 = EDGE_CURVE('',#1995,#1987,#1997,.T.);
#1995 = VERTEX_POINT('',#1996);
#1996 = CARTESIAN_POINT('',(-78.,258.665,38.));
#1997 = LINE('',#1998,#1999);
#1998 = CARTESIAN_POINT('',(-78.,258.165,38.));
#1999 = VECTOR('',#2000,1.);
#2000 = DIRECTION('',(-0.,1.,0.));
#2001 = ORIENTED_EDGE('',*,*,#2002,.F.);
#2002 = EDGE_CURVE('',#2003,#1995,#2005,.T.);
#2003 = VERTEX_POINT('',#2004);
#2004 = CARTESIAN_POINT('',(-78.,258.665,24.));
#2005 = LINE('',#2006,#2007);
#2006 = CARTESIAN_POINT('',(-78.,258.665,14.));
#2007 = VECTOR('',#2008,1.);
#2008 = DIRECTION('',(0.,0.,1.));
#2009 = ORIENTED_EDGE('',*,*,#2010,.T.);
#2010 = EDGE_CURVE('',#2003,#2011,#2013,.T.);
#2011 = VERTEX_POINT('',#2012);
#2012 = CARTESIAN_POINT('',(-78.,276.765,24.));
#2013 = LINE('',#2014,#2015);
#2014 = CARTESIAN_POINT('',(-78.,258.165,24.));
#2015 = VECTOR('',#2016,1.);
#2016 = DIRECTION('',(-0.,1.,0.));
#2017 = ORIENTED_EDGE('',*,*,#2018,.F.);
#2018 = EDGE_CURVE('',#2019,#2011,#2021,.T.);
#2019 = VERTEX_POINT('',#2020);
#2020 = CARTESIAN_POINT('',(-78.,276.765,20.));
#2021 = LINE('',#2022,#2023);
#2022 = CARTESIAN_POINT('',(-78.,276.765,20.));
#2023 = VECTOR('',#2024,1.);
#2024 = DIRECTION('',(0.,0.,1.));
#2025 = ORIENTED_EDGE('',*,*,#2026,.F.);
#2026 = EDGE_CURVE('',#2027,#2019,#2029,.T.);
#2027 = VERTEX_POINT('',#2028);
#2028 = CARTESIAN_POINT('',(-78.,258.665,20.));
#2029 = LINE('',#2030,#2031);
#2030 = CARTESIAN_POINT('',(-78.,258.165,20.));
#2031 = VECTOR('',#2032,1.);
#2032 = DIRECTION('',(-0.,1.,0.));
#2033 = ORIENTED_EDGE('',*,*,#2034,.F.);
#2034 = EDGE_CURVE('',#1931,#2027,#2035,.T.);
#2035 = LINE('',#2036,#2037);
#2036 = CARTESIAN_POINT('',(-78.,258.665,14.));
#2037 = VECTOR('',#2038,1.);
#2038 = DIRECTION('',(0.,0.,1.));
#2039 = ORIENTED_EDGE('',*,*,#1930,.F.);
#2040 = ORIENTED_EDGE('',*,*,#744,.F.);
#2041 = ORIENTED_EDGE('',*,*,#1393,.F.);
#2042 = PLANE('',#2043);
#2043 = AXIS2_PLACEMENT_3D('',#2044,#2045,#2046);
#2044 = CARTESIAN_POINT('',(-78.,259.26593837209,31.524310465116));
#2045 = DIRECTION('',(-1.,-0.,-0.));
#2046 = DIRECTION('',(0.,0.,-1.));
#2047 = ADVANCED_FACE('',(#2048),#2073,.T.);
#2048 = FACE_BOUND('',#2049,.T.);
#2049 = EDGE_LOOP('',(#2050,#2051,#2059,#2067));
#2050 = ORIENTED_EDGE('',*,*,#887,.F.);
#2051 = ORIENTED_EDGE('',*,*,#2052,.F.);
#2052 = EDGE_CURVE('',#2053,#888,#2055,.T.);
#2053 = VERTEX_POINT('',#2054);
#2054 = CARTESIAN_POINT('',(99.6,30.,14.04));
#2055 = LINE('',#2056,#2057);
#2056 = CARTESIAN_POINT('',(74.,30.,14.04));
#2057 = VECTOR('',#2058,1.);
#2058 = DIRECTION('',(1.,0.,-0.));
#2059 = ORIENTED_EDGE('',*,*,#2060,.F.);
#2060 = EDGE_CURVE('',#2061,#2053,#2063,.T.);
#2061 = VERTEX_POINT('',#2062);
#2062 = CARTESIAN_POINT('',(99.6,30.,35.04));
#2063 = LINE('',#2064,#2065);
#2064 = CARTESIAN_POINT('',(99.6,30.,11.79));
#2065 = VECTOR('',#2066,1.);
#2066 = DIRECTION('',(-0.,0.,-1.));
#2067 = ORIENTED_EDGE('',*,*,#2068,.T.);
#2068 = EDGE_CURVE('',#2061,#890,#2069,.T.);
#2069 = LINE('',#2070,#2071);
#2070 = CARTESIAN_POINT('',(74.,30.,35.04));
#2071 = VECTOR('',#2072,1.);
#2072 = DIRECTION('',(1.,0.,-0.));
#2073 = PLANE('',#2074);
#2074 = AXIS2_PLACEMENT_3D('',#2075,#2076,#2077);
#2075 = CARTESIAN_POINT('',(74.,30.,9.54));
#2076 = DIRECTION('',(-0.,1.,0.));
#2077 = DIRECTION('',(0.,0.,1.));
#2078 = ADVANCED_FACE('',(#2079),#2097,.F.);
#2079 = FACE_BOUND('',#2080,.F.);
#2080 = EDGE_LOOP('',(#2081,#2089,#2095,#2096));
#2081 = ORIENTED_EDGE('',*,*,#2082,.F.);
#2082 = EDGE_CURVE('',#2083,#898,#2085,.T.);
#2083 = VERTEX_POINT('',#2084);
#2084 = CARTESIAN_POINT('',(99.6,216.,35.04));
#2085 = LINE('',#2086,#2087);
#2086 = CARTESIAN_POINT('',(-106.,216.,35.04));
#2087 = VECTOR('',#2088,1.);
#2088 = DIRECTION('',(1.,0.,-0.));
#2089 = ORIENTED_EDGE('',*,*,#2090,.F.);
#2090 = EDGE_CURVE('',#2061,#2083,#2091,.T.);
#2091 = LINE('',#2092,#2093);
#2092 = CARTESIAN_POINT('',(99.6,24.,35.04));
#2093 = VECTOR('',#2094,1.);
#2094 = DIRECTION('',(-0.,1.,0.));
#2095 = ORIENTED_EDGE('',*,*,#2068,.T.);
#2096 = ORIENTED_EDGE('',*,*,#897,.T.);
#2097 = PLANE('',#2098);
#2098 = AXIS2_PLACEMENT_3D('',#2099,#2100,#2101);
#2099 = CARTESIAN_POINT('',(74.,24.,35.04));
#2100 = DIRECTION('',(0.,0.,1.));
#2101 = DIRECTION('',(1.,0.,-0.));
#2102 = ADVANCED_FACE('',(#2103),#2121,.F.);
#2103 = FACE_BOUND('',#2104,.F.);
#2104 = EDGE_LOOP('',(#2105,#2113,#2119,#2120));
#2105 = ORIENTED_EDGE('',*,*,#2106,.F.);
#2106 = EDGE_CURVE('',#2107,#906,#2109,.T.);
#2107 = VERTEX_POINT('',#2108);
#2108 = CARTESIAN_POINT('',(99.6,216.,14.04));
#2109 = LINE('',#2110,#2111);
#2110 = CARTESIAN_POINT('',(-106.,216.,14.04));
#2111 = VECTOR('',#2112,1.);
#2112 = DIRECTION('',(1.,0.,-0.));
#2113 = ORIENTED_EDGE('',*,*,#2114,.T.);
#2114 = EDGE_CURVE('',#2107,#2083,#2115,.T.);
#2115 = LINE('',#2116,#2117);
#2116 = CARTESIAN_POINT('',(99.6,216.,14.04));
#2117 = VECTOR('',#2118,1.);
#2118 = DIRECTION('',(0.,0.,1.));
#2119 = ORIENTED_EDGE('',*,*,#2082,.T.);
#2120 = ORIENTED_EDGE('',*,*,#905,.F.);
#2121 = PLANE('',#2122);
#2122 = AXIS2_PLACEMENT_3D('',#2123,#2124,#2125);
#2123 = CARTESIAN_POINT('',(-106.,216.,14.04));
#2124 = DIRECTION('',(-0.,1.,0.));
#2125 = DIRECTION('',(0.,0.,1.));
#2126 = ADVANCED_FACE('',(#2127),#2138,.T.);
#2127 = FACE_BOUND('',#2128,.T.);
#2128 = EDGE_LOOP('',(#2129,#2130,#2136,#2137));
#2129 = ORIENTED_EDGE('',*,*,#2106,.F.);
#2130 = ORIENTED_EDGE('',*,*,#2131,.F.);
#2131 = EDGE_CURVE('',#2053,#2107,#2132,.T.);
#2132 = LINE('',#2133,#2134);
#2133 = CARTESIAN_POINT('',(99.6,24.,14.04));
#2134 = VECTOR('',#2135,1.);
#2135 = DIRECTION('',(-0.,1.,0.));
#2136 = ORIENTED_EDGE('',*,*,#2052,.T.);
#2137 = ORIENTED_EDGE('',*,*,#913,.T.);
#2138 = PLANE('',#2139);
#2139 = AXIS2_PLACEMENT_3D('',#2140,#2141,#2142);
#2140 = CARTESIAN_POINT('',(74.,24.,14.04));
#2141 = DIRECTION('',(0.,0.,1.));
#2142 = DIRECTION('',(1.,0.,-0.));
#2143 = ADVANCED_FACE('',(#2144,#2212),#2223,.T.);
#2144 = FACE_BOUND('',#2145,.T.);
#2145 = EDGE_LOOP('',(#2146,#2147,#2148,#2156,#2164,#2173,#2182,#2190,
    #2198,#2206));
#2146 = ORIENTED_EDGE('',*,*,#927,.T.);
#2147 = ORIENTED_EDGE('',*,*,#1022,.F.);
#2148 = ORIENTED_EDGE('',*,*,#2149,.F.);
#2149 = EDGE_CURVE('',#2150,#1015,#2152,.T.);
#2150 = VERTEX_POINT('',#2151);
#2151 = CARTESIAN_POINT('',(107.,-12.5,0.));
#2152 = LINE('',#2153,#2154);
#2153 = CARTESIAN_POINT('',(107.,-12.5,0.));
#2154 = VECTOR('',#2155,1.);
#2155 = DIRECTION('',(0.,0.,1.));
#2156 = ORIENTED_EDGE('',*,*,#2157,.T.);
#2157 = EDGE_CURVE('',#2150,#2158,#2160,.T.);
#2158 = VERTEX_POINT('',#2159);
#2159 = CARTESIAN_POINT('',(107.,-6.31,0.));
#2160 = LINE('',#2161,#2162);
#2161 = CARTESIAN_POINT('',(107.,-12.5,0.));
#2162 = VECTOR('',#2163,1.);
#2163 = DIRECTION('',(-0.,1.,0.));
#2164 = ORIENTED_EDGE('',*,*,#2165,.F.);
#2165 = EDGE_CURVE('',#2166,#2158,#2168,.T.);
#2166 = VERTEX_POINT('',#2167);
#2167 = CARTESIAN_POINT('',(107.,1.545504260524E-15,6.31));
#2168 = CIRCLE('',#2169,6.31);
#2169 = AXIS2_PLACEMENT_3D('',#2170,#2171,#2172);
#2170 = CARTESIAN_POINT('',(107.,0.,0.));
#2171 = DIRECTION('',(1.,0.,0.));
#2172 = DIRECTION('',(-0.,0.,1.));
#2173 = ORIENTED_EDGE('',*,*,#2174,.F.);
#2174 = EDGE_CURVE('',#2175,#2166,#2177,.T.);
#2175 = VERTEX_POINT('',#2176);
#2176 = CARTESIAN_POINT('',(107.,-6.,-1.953484066994));
#2177 = CIRCLE('',#2178,6.31);
#2178 = AXIS2_PLACEMENT_3D('',#2179,#2180,#2181);
#2179 = CARTESIAN_POINT('',(107.,0.,0.));
#2180 = DIRECTION('',(1.,0.,0.));
#2181 = DIRECTION('',(-0.,0.,1.));
#2182 = ORIENTED_EDGE('',*,*,#2183,.F.);
#2183 = EDGE_CURVE('',#2184,#2175,#2186,.T.);
#2184 = VERTEX_POINT('',#2185);
#2185 = CARTESIAN_POINT('',(107.,-6.,-14.));
#2186 = LINE('',#2187,#2188);
#2187 = CARTESIAN_POINT('',(107.,-6.,-14.));
#2188 = VECTOR('',#2189,1.);
#2189 = DIRECTION('',(0.,0.,1.));
#2190 = ORIENTED_EDGE('',*,*,#2191,.T.);
#2191 = EDGE_CURVE('',#2184,#2192,#2194,.T.);
#2192 = VERTEX_POINT('',#2193);
#2193 = CARTESIAN_POINT('',(107.,13.,-14.));
#2194 = LINE('',#2195,#2196);
#2195 = CARTESIAN_POINT('',(107.,-6.,-14.));
#2196 = VECTOR('',#2197,1.);
#2197 = DIRECTION('',(-0.,1.,0.));
#2198 = ORIENTED_EDGE('',*,*,#2199,.T.);
#2199 = EDGE_CURVE('',#2192,#2200,#2202,.T.);
#2200 = VERTEX_POINT('',#2201);
#2201 = CARTESIAN_POINT('',(107.,13.,0.));
#2202 = LINE('',#2203,#2204);
#2203 = CARTESIAN_POINT('',(107.,13.,-14.));
#2204 = VECTOR('',#2205,1.);
#2205 = DIRECTION('',(0.,0.,1.));
#2206 = ORIENTED_EDGE('',*,*,#2207,.T.);
#2207 = EDGE_CURVE('',#2200,#928,#2208,.T.);
#2208 = LINE('',#2209,#2210);
#2209 = CARTESIAN_POINT('',(107.,-12.5,0.));
#2210 = VECTOR('',#2211,1.);
#2211 = DIRECTION('',(-0.,1.,0.));
#2212 = FACE_BOUND('',#2213,.T.);
#2213 = EDGE_LOOP('',(#2214));
#2214 = ORIENTED_EDGE('',*,*,#2215,.F.);
#2215 = EDGE_CURVE('',#2216,#2216,#2218,.T.);
#2216 = VERTEX_POINT('',#2217);
#2217 = CARTESIAN_POINT('',(107.,3.,-8.2));
#2218 = CIRCLE('',#2219,2.3);
#2219 = AXIS2_PLACEMENT_3D('',#2220,#2221,#2222);
#2220 = CARTESIAN_POINT('',(107.,3.,-10.5));
#2221 = DIRECTION('',(1.,0.,0.));
#2222 = DIRECTION('',(-0.,0.,1.));
#2223 = PLANE('',#2224);
#2224 = AXIS2_PLACEMENT_3D('',#2225,#2226,#2227);
#2225 = CARTESIAN_POINT('',(107.,1.431415929204,1.929203539823));
#2226 = DIRECTION('',(1.,0.,0.));
#2227 = DIRECTION('',(-0.,0.,1.));
#2228 = ADVANCED_FACE('',(#2229,#2297),#2308,.T.);
#2229 = FACE_BOUND('',#2230,.T.);
#2230 = EDGE_LOOP('',(#2231,#2232,#2233,#2241,#2249,#2257,#2265,#2274,
    #2283,#2291));
#2231 = ORIENTED_EDGE('',*,*,#1006,.T.);
#2232 = ORIENTED_EDGE('',*,*,#945,.F.);
#2233 = ORIENTED_EDGE('',*,*,#2234,.F.);
#2234 = EDGE_CURVE('',#2235,#938,#2237,.T.);
#2235 = VERTEX_POINT('',#2236);
#2236 = CARTESIAN_POINT('',(73.,13.,0.));
#2237 = LINE('',#2238,#2239);
#2238 = CARTESIAN_POINT('',(73.,-12.5,0.));
#2239 = VECTOR('',#2240,1.);
#2240 = DIRECTION('',(-0.,1.,0.));
#2241 = ORIENTED_EDGE('',*,*,#2242,.F.);
#2242 = EDGE_CURVE('',#2243,#2235,#2245,.T.);
#2243 = VERTEX_POINT('',#2244);
#2244 = CARTESIAN_POINT('',(73.,13.,-14.));
#2245 = LINE('',#2246,#2247);
#2246 = CARTESIAN_POINT('',(73.,13.,-14.));
#2247 = VECTOR('',#2248,1.);
#2248 = DIRECTION('',(0.,0.,1.));
#2249 = ORIENTED_EDGE('',*,*,#2250,.F.);
#2250 = EDGE_CURVE('',#2251,#2243,#2253,.T.);
#2251 = VERTEX_POINT('',#2252);
#2252 = CARTESIAN_POINT('',(73.,-6.,-14.));
#2253 = LINE('',#2254,#2255);
#2254 = CARTESIAN_POINT('',(73.,-6.,-14.));
#2255 = VECTOR('',#2256,1.);
#2256 = DIRECTION('',(-0.,1.,0.));
#2257 = ORIENTED_EDGE('',*,*,#2258,.T.);
#2258 = EDGE_CURVE('',#2251,#2259,#2261,.T.);
#2259 = VERTEX_POINT('',#2260);
#2260 = CARTESIAN_POINT('',(73.,-6.,-1.953484066994));
#2261 = LINE('',#2262,#2263);
#2262 = CARTESIAN_POINT('',(73.,-6.,-14.));
#2263 = VECTOR('',#2264,1.);
#2264 = DIRECTION('',(0.,0.,1.));
#2265 = ORIENTED_EDGE('',*,*,#2266,.T.);
#2266 = EDGE_CURVE('',#2259,#2267,#2269,.T.);
#2267 = VERTEX_POINT('',#2268);
#2268 = CARTESIAN_POINT('',(73.,1.545504260524E-15,6.31));
#2269 = CIRCLE('',#2270,6.31);
#2270 = AXIS2_PLACEMENT_3D('',#2271,#2272,#2273);
#2271 = CARTESIAN_POINT('',(73.,0.,0.));
#2272 = DIRECTION('',(1.,0.,0.));
#2273 = DIRECTION('',(-0.,0.,1.));
#2274 = ORIENTED_EDGE('',*,*,#2275,.T.);
#2275 = EDGE_CURVE('',#2267,#2276,#2278,.T.);
#2276 = VERTEX_POINT('',#2277);
#2277 = CARTESIAN_POINT('',(73.,-6.31,0.));
#2278 = CIRCLE('',#2279,6.31);
#2279 = AXIS2_PLACEMENT_3D('',#2280,#2281,#2282);
#2280 = CARTESIAN_POINT('',(73.,0.,0.));
#2281 = DIRECTION('',(1.,0.,0.));
#2282 = DIRECTION('',(-0.,0.,1.));
#2283 = ORIENTED_EDGE('',*,*,#2284,.F.);
#2284 = EDGE_CURVE('',#2285,#2276,#2287,.T.);
#2285 = VERTEX_POINT('',#2286);
#2286 = CARTESIAN_POINT('',(73.,-12.5,0.));
#2287 = LINE('',#2288,#2289);
#2288 = CARTESIAN_POINT('',(73.,-12.5,0.));
#2289 = VECTOR('',#2290,1.);
#2290 = DIRECTION('',(-0.,1.,0.));
#2291 = ORIENTED_EDGE('',*,*,#2292,.T.);
#2292 = EDGE_CURVE('',#2285,#1007,#2293,.T.);
#2293 = LINE('',#2294,#2295);
#2294 = CARTESIAN_POINT('',(73.,-12.5,0.));
#2295 = VECTOR('',#2296,1.);
#2296 = DIRECTION('',(0.,0.,1.));
#2297 = FACE_BOUND('',#2298,.T.);
#2298 = EDGE_LOOP('',(#2299));
#2299 = ORIENTED_EDGE('',*,*,#2300,.T.);
#2300 = EDGE_CURVE('',#2301,#2301,#2303,.T.);
#2301 = VERTEX_POINT('',#2302);
#2302 = CARTESIAN_POINT('',(73.,3.,-8.2));
#2303 = CIRCLE('',#2304,2.3);
#2304 = AXIS2_PLACEMENT_3D('',#2305,#2306,#2307);
#2305 = CARTESIAN_POINT('',(73.,3.,-10.5));
#2306 = DIRECTION('',(1.,0.,0.));
#2307 = DIRECTION('',(-0.,0.,1.));
#2308 = PLANE('',#2309);
#2309 = AXIS2_PLACEMENT_3D('',#2310,#2311,#2312);
#2310 = CARTESIAN_POINT('',(73.,1.431415929204,1.929203539823));
#2311 = DIRECTION('',(-1.,-0.,-0.));
#2312 = DIRECTION('',(0.,0.,-1.));
#2313 = ADVANCED_FACE('',(#2314),#2357,.F.);
#2314 = FACE_BOUND('',#2315,.F.);
#2315 = EDGE_LOOP('',(#2316,#2326,#2334,#2342,#2348,#2349,#2350,#2351));
#2316 = ORIENTED_EDGE('',*,*,#2317,.F.);
#2317 = EDGE_CURVE('',#2318,#2320,#2322,.T.);
#2318 = VERTEX_POINT('',#2319);
#2319 = CARTESIAN_POINT('',(77.,6.31,0.));
#2320 = VERTEX_POINT('',#2321);
#2321 = CARTESIAN_POINT('',(77.,13.,0.));
#2322 = LINE('',#2323,#2324);
#2323 = CARTESIAN_POINT('',(77.,-9.25,0.));
#2324 = VECTOR('',#2325,1.);
#2325 = DIRECTION('',(-0.,1.,0.));
#2326 = ORIENTED_EDGE('',*,*,#2327,.T.);
#2327 = EDGE_CURVE('',#2318,#2328,#2330,.T.);
#2328 = VERTEX_POINT('',#2329);
#2329 = CARTESIAN_POINT('',(103.,6.31,0.));
#2330 = LINE('',#2331,#2332);
#2331 = CARTESIAN_POINT('',(70.,6.31,0.));
#2332 = VECTOR('',#2333,1.);
#2333 = DIRECTION('',(1.,0.,0.));
#2334 = ORIENTED_EDGE('',*,*,#2335,.T.);
#2335 = EDGE_CURVE('',#2328,#2336,#2338,.T.);
#2336 = VERTEX_POINT('',#2337);
#2337 = CARTESIAN_POINT('',(103.,13.,0.));
#2338 = LINE('',#2339,#2340);
#2339 = CARTESIAN_POINT('',(103.,-9.25,0.));
#2340 = VECTOR('',#2341,1.);
#2341 = DIRECTION('',(-0.,1.,0.));
#2342 = ORIENTED_EDGE('',*,*,#2343,.F.);
#2343 = EDGE_CURVE('',#2200,#2336,#2344,.T.);
#2344 = LINE('',#2345,#2346);
#2345 = CARTESIAN_POINT('',(88.,13.,0.));
#2346 = VECTOR('',#2347,1.);
#2347 = DIRECTION('',(-1.,-0.,0.));
#2348 = ORIENTED_EDGE('',*,*,#2207,.T.);
#2349 = ORIENTED_EDGE('',*,*,#937,.F.);
#2350 = ORIENTED_EDGE('',*,*,#2234,.F.);
#2351 = ORIENTED_EDGE('',*,*,#2352,.F.);
#2352 = EDGE_CURVE('',#2320,#2235,#2353,.T.);
#2353 = LINE('',#2354,#2355);
#2354 = CARTESIAN_POINT('',(73.,13.,0.));
#2355 = VECTOR('',#2356,1.);
#2356 = DIRECTION('',(-1.,-0.,0.));
#2357 = PLANE('',#2358);
#2358 = AXIS2_PLACEMENT_3D('',#2359,#2360,#2361);
#2359 = CARTESIAN_POINT('',(73.,-12.5,0.));
#2360 = DIRECTION('',(0.,0.,1.));
#2361 = DIRECTION('',(1.,0.,-0.));
#2362 = ADVANCED_FACE('',(#2363),#2374,.F.);
#2363 = FACE_BOUND('',#2364,.F.);
#2364 = EDGE_LOOP('',(#2365,#2371,#2372,#2373));
#2365 = ORIENTED_EDGE('',*,*,#2366,.F.);
#2366 = EDGE_CURVE('',#2285,#2150,#2367,.T.);
#2367 = LINE('',#2368,#2369);
#2368 = CARTESIAN_POINT('',(73.,-12.5,0.));
#2369 = VECTOR('',#2370,1.);
#2370 = DIRECTION('',(1.,0.,-0.));
#2371 = ORIENTED_EDGE('',*,*,#2292,.T.);
#2372 = ORIENTED_EDGE('',*,*,#1014,.T.);
#2373 = ORIENTED_EDGE('',*,*,#2149,.F.);
#2374 = PLANE('',#2375);
#2375 = AXIS2_PLACEMENT_3D('',#2376,#2377,#2378);
#2376 = CARTESIAN_POINT('',(73.,-12.5,0.));
#2377 = DIRECTION('',(-0.,1.,0.));
#2378 = DIRECTION('',(0.,0.,1.));
#2379 = ADVANCED_FACE('',(#2380),#2398,.T.);
#2380 = FACE_BOUND('',#2381,.T.);
#2381 = EDGE_LOOP('',(#2382,#2383,#2391,#2397));
#2382 = ORIENTED_EDGE('',*,*,#1109,.F.);
#2383 = ORIENTED_EDGE('',*,*,#2384,.F.);
#2384 = EDGE_CURVE('',#2385,#1102,#2387,.T.);
#2385 = VERTEX_POINT('',#2386);
#2386 = CARTESIAN_POINT('',(-77.,13.,-14.));
#2387 = LINE('',#2388,#2389);
#2388 = CARTESIAN_POINT('',(-77.,13.,-14.));
#2389 = VECTOR('',#2390,1.);
#2390 = DIRECTION('',(1.,0.,-0.));
#2391 = ORIENTED_EDGE('',*,*,#2392,.T.);
#2392 = EDGE_CURVE('',#2385,#1263,#2393,.T.);
#2393 = LINE('',#2394,#2395);
#2394 = CARTESIAN_POINT('',(-77.,13.,-14.));
#2395 = VECTOR('',#2396,1.);
#2396 = DIRECTION('',(0.,0.,1.));
#2397 = ORIENTED_EDGE('',*,*,#1270,.F.);
#2398 = PLANE('',#2399);
#2399 = AXIS2_PLACEMENT_3D('',#2400,#2401,#2402);
#2400 = CARTESIAN_POINT('',(-77.,13.,-14.));
#2401 = DIRECTION('',(-0.,1.,0.));
#2402 = DIRECTION('',(0.,0.,1.));
#2403 = ADVANCED_FACE('',(#2404,#2415),#2449,.F.);
#2404 = FACE_BOUND('',#2405,.F.);
#2405 = EDGE_LOOP('',(#2406,#2407,#2408,#2409));
#2406 = ORIENTED_EDGE('',*,*,#1218,.F.);
#2407 = ORIENTED_EDGE('',*,*,#1142,.T.);
#2408 = ORIENTED_EDGE('',*,*,#1067,.T.);
#2409 = ORIENTED_EDGE('',*,*,#2410,.F.);
#2410 = EDGE_CURVE('',#1210,#1068,#2411,.T.);
#2411 = LINE('',#2412,#2413);
#2412 = CARTESIAN_POINT('',(-110.,-6.31,0.));
#2413 = VECTOR('',#2414,1.);
#2414 = DIRECTION('',(1.,0.,0.));
#2415 = FACE_BOUND('',#2416,.F.);
#2416 = EDGE_LOOP('',(#2417,#2427,#2435,#2443));
#2417 = ORIENTED_EDGE('',*,*,#2418,.T.);
#2418 = EDGE_CURVE('',#2419,#2421,#2423,.T.);
#2419 = VERTEX_POINT('',#2420);
#2420 = CARTESIAN_POINT('',(-78.,-12.46,0.));
#2421 = VERTEX_POINT('',#2422);
#2422 = CARTESIAN_POINT('',(-102.,-12.46,0.));
#2423 = LINE('',#2424,#2425);
#2424 = CARTESIAN_POINT('',(-104.5,-12.46,0.));
#2425 = VECTOR('',#2426,1.);
#2426 = DIRECTION('',(-1.,-0.,0.));
#2427 = ORIENTED_EDGE('',*,*,#2428,.T.);
#2428 = EDGE_CURVE('',#2421,#2429,#2431,.T.);
#2429 = VERTEX_POINT('',#2430);
#2430 = CARTESIAN_POINT('',(-102.,-6.46,0.));
#2431 = LINE('',#2432,#2433);
#2432 = CARTESIAN_POINT('',(-102.,-12.48,0.));
#2433 = VECTOR('',#2434,1.);
#2434 = DIRECTION('',(-0.,1.,0.));
#2435 = ORIENTED_EDGE('',*,*,#2436,.F.);
#2436 = EDGE_CURVE('',#2437,#2429,#2439,.T.);
#2437 = VERTEX_POINT('',#2438);
#2438 = CARTESIAN_POINT('',(-78.,-6.46,0.));
#2439 = LINE('',#2440,#2441);
#2440 = CARTESIAN_POINT('',(-104.5,-6.46,0.));
#2441 = VECTOR('',#2442,1.);
#2442 = DIRECTION('',(-1.,-0.,0.));
#2443 = ORIENTED_EDGE('',*,*,#2444,.F.);
#2444 = EDGE_CURVE('',#2419,#2437,#2445,.T.);
#2445 = LINE('',#2446,#2447);
#2446 = CARTESIAN_POINT('',(-78.,-12.48,0.));
#2447 = VECTOR('',#2448,1.);
#2448 = DIRECTION('',(-0.,1.,0.));
#2449 = PLANE('',#2450);
#2450 = AXIS2_PLACEMENT_3D('',#2451,#2452,#2453);
#2451 = CARTESIAN_POINT('',(-107.,-12.5,0.));
#2452 = DIRECTION('',(0.,0.,1.));
#2453 = DIRECTION('',(1.,0.,-0.));
#2454 = ADVANCED_FACE('',(#2455),#2473,.F.);
#2455 = FACE_BOUND('',#2456,.F.);
#2456 = EDGE_LOOP('',(#2457,#2465,#2471,#2472));
#2457 = ORIENTED_EDGE('',*,*,#2458,.F.);
#2458 = EDGE_CURVE('',#2459,#2385,#2461,.T.);
#2459 = VERTEX_POINT('',#2460);
#2460 = CARTESIAN_POINT('',(-77.,-6.,-14.));
#2461 = LINE('',#2462,#2463);
#2462 = CARTESIAN_POINT('',(-77.,-6.,-14.));
#2463 = VECTOR('',#2464,1.);
#2464 = DIRECTION('',(-0.,1.,0.));
#2465 = ORIENTED_EDGE('',*,*,#2466,.T.);
#2466 = EDGE_CURVE('',#2459,#1094,#2467,.T.);
#2467 = LINE('',#2468,#2469);
#2468 = CARTESIAN_POINT('',(-77.,-6.,-14.));
#2469 = VECTOR('',#2470,1.);
#2470 = DIRECTION('',(1.,0.,-0.));
#2471 = ORIENTED_EDGE('',*,*,#1101,.T.);
#2472 = ORIENTED_EDGE('',*,*,#2384,.F.);
#2473 = PLANE('',#2474);
#2474 = AXIS2_PLACEMENT_3D('',#2475,#2476,#2477);
#2475 = CARTESIAN_POINT('',(-77.,-6.,-14.));
#2476 = DIRECTION('',(0.,0.,1.));
#2477 = DIRECTION('',(1.,0.,-0.));
#2478 = ADVANCED_FACE('',(#2479),#2517,.F.);
#2479 = FACE_BOUND('',#2480,.F.);
#2480 = EDGE_LOOP('',(#2481,#2489,#2496,#2497,#2506,#2512,#2513,#2514,
    #2515,#2516));
#2481 = ORIENTED_EDGE('',*,*,#2482,.F.);
#2482 = EDGE_CURVE('',#2483,#1085,#2485,.T.);
#2483 = VERTEX_POINT('',#2484);
#2484 = CARTESIAN_POINT('',(-77.,-6.,-1.953484066994));
#2485 = LINE('',#2486,#2487);
#2486 = CARTESIAN_POINT('',(-110.,-6.,-1.953484066994));
#2487 = VECTOR('',#2488,1.);
#2488 = DIRECTION('',(1.,0.,0.));
#2489 = ORIENTED_EDGE('',*,*,#2490,.T.);
#2490 = EDGE_CURVE('',#2483,#1255,#2491,.T.);
#2491 = CIRCLE('',#2492,6.31);
#2492 = AXIS2_PLACEMENT_3D('',#2493,#2494,#2495);
#2493 = CARTESIAN_POINT('',(-77.,0.,0.));
#2494 = DIRECTION('',(1.,0.,0.));
#2495 = DIRECTION('',(-0.,0.,1.));
#2496 = ORIENTED_EDGE('',*,*,#1254,.F.);
#2497 = ORIENTED_EDGE('',*,*,#2498,.F.);
#2498 = EDGE_CURVE('',#2499,#1245,#2501,.T.);
#2499 = VERTEX_POINT('',#2500);
#2500 = CARTESIAN_POINT('',(-103.,-6.,-1.953484066994));
#2501 = CIRCLE('',#2502,6.31);
#2502 = AXIS2_PLACEMENT_3D('',#2503,#2504,#2505);
#2503 = CARTESIAN_POINT('',(-103.,0.,0.));
#2504 = DIRECTION('',(1.,0.,0.));
#2505 = DIRECTION('',(-0.,0.,1.));
#2506 = ORIENTED_EDGE('',*,*,#2507,.F.);
#2507 = EDGE_CURVE('',#1193,#2499,#2508,.T.);
#2508 = LINE('',#2509,#2510);
#2509 = CARTESIAN_POINT('',(-110.,-6.,-1.953484066994));
#2510 = VECTOR('',#2511,1.);
#2511 = DIRECTION('',(1.,0.,0.));
#2512 = ORIENTED_EDGE('',*,*,#1200,.T.);
#2513 = ORIENTED_EDGE('',*,*,#1209,.T.);
#2514 = ORIENTED_EDGE('',*,*,#2410,.T.);
#2515 = ORIENTED_EDGE('',*,*,#1075,.F.);
#2516 = ORIENTED_EDGE('',*,*,#1084,.F.);
#2517 = CYLINDRICAL_SURFACE('',#2518,6.31);
#2518 = AXIS2_PLACEMENT_3D('',#2519,#2520,#2521);
#2519 = CARTESIAN_POINT('',(-110.,0.,0.));
#2520 = DIRECTION('',(1.,0.,0.));
#2521 = DIRECTION('',(-0.,0.,1.));
#2522 = ADVANCED_FACE('',(#2523),#2534,.F.);
#2523 = FACE_BOUND('',#2524,.F.);
#2524 = EDGE_LOOP('',(#2525,#2526,#2527,#2533));
#2525 = ORIENTED_EDGE('',*,*,#1093,.F.);
#2526 = ORIENTED_EDGE('',*,*,#2466,.F.);
#2527 = ORIENTED_EDGE('',*,*,#2528,.T.);
#2528 = EDGE_CURVE('',#2459,#2483,#2529,.T.);
#2529 = LINE('',#2530,#2531);
#2530 = CARTESIAN_POINT('',(-77.,-6.,-14.));
#2531 = VECTOR('',#2532,1.);
#2532 = DIRECTION('',(0.,0.,1.));
#2533 = ORIENTED_EDGE('',*,*,#2482,.T.);
#2534 = PLANE('',#2535);
#2535 = AXIS2_PLACEMENT_3D('',#2536,#2537,#2538);
#2536 = CARTESIAN_POINT('',(-77.,-6.,-14.));
#2537 = DIRECTION('',(-0.,1.,0.));
#2538 = DIRECTION('',(0.,0.,1.));
#2539 = ADVANCED_FACE('',(#2540),#2559,.F.);
#2540 = FACE_BOUND('',#2541,.F.);
#2541 = EDGE_LOOP('',(#2542,#2543,#2551,#2558));
#2542 = ORIENTED_EDGE('',*,*,#1125,.F.);
#2543 = ORIENTED_EDGE('',*,*,#2544,.F.);
#2544 = EDGE_CURVE('',#2545,#1126,#2547,.T.);
#2545 = VERTEX_POINT('',#2546);
#2546 = CARTESIAN_POINT('',(-77.,3.,-8.2));
#2547 = LINE('',#2548,#2549);
#2548 = CARTESIAN_POINT('',(-110.,3.,-8.2));
#2549 = VECTOR('',#2550,1.);
#2550 = DIRECTION('',(1.,0.,0.));
#2551 = ORIENTED_EDGE('',*,*,#2552,.T.);
#2552 = EDGE_CURVE('',#2545,#2545,#2553,.T.);
#2553 = CIRCLE('',#2554,2.3);
#2554 = AXIS2_PLACEMENT_3D('',#2555,#2556,#2557);
#2555 = CARTESIAN_POINT('',(-77.,3.,-10.5));
#2556 = DIRECTION('',(1.,0.,0.));
#2557 = DIRECTION('',(-0.,0.,1.));
#2558 = ORIENTED_EDGE('',*,*,#2544,.T.);
#2559 = CYLINDRICAL_SURFACE('',#2560,2.3);
#2560 = AXIS2_PLACEMENT_3D('',#2561,#2562,#2563);
#2561 = CARTESIAN_POINT('',(-110.,3.,-10.5));
#2562 = DIRECTION('',(1.,0.,0.));
#2563 = DIRECTION('',(-0.,0.,1.));
#2564 = ADVANCED_FACE('',(#2565),#2583,.T.);
#2565 = FACE_BOUND('',#2566,.T.);
#2566 = EDGE_LOOP('',(#2567,#2575,#2581,#2582));
#2567 = ORIENTED_EDGE('',*,*,#2568,.F.);
#2568 = EDGE_CURVE('',#2569,#1247,#2571,.T.);
#2569 = VERTEX_POINT('',#2570);
#2570 = CARTESIAN_POINT('',(-103.,13.,-14.));
#2571 = LINE('',#2572,#2573);
#2572 = CARTESIAN_POINT('',(-103.,13.,-14.));
#2573 = VECTOR('',#2574,1.);
#2574 = DIRECTION('',(0.,0.,1.));
#2575 = ORIENTED_EDGE('',*,*,#2576,.F.);
#2576 = EDGE_CURVE('',#1177,#2569,#2577,.T.);
#2577 = LINE('',#2578,#2579);
#2578 = CARTESIAN_POINT('',(-107.,13.,-14.));
#2579 = VECTOR('',#2580,1.);
#2580 = DIRECTION('',(1.,0.,-0.));
#2581 = ORIENTED_EDGE('',*,*,#1176,.T.);
#2582 = ORIENTED_EDGE('',*,*,#1279,.F.);
#2583 = PLANE('',#2584);
#2584 = AXIS2_PLACEMENT_3D('',#2585,#2586,#2587);
#2585 = CARTESIAN_POINT('',(-107.,13.,-14.));
#2586 = DIRECTION('',(-0.,1.,0.));
#2587 = DIRECTION('',(0.,0.,1.));
#2588 = ADVANCED_FACE('',(#2589),#2607,.F.);
#2589 = FACE_BOUND('',#2590,.F.);
#2590 = EDGE_LOOP('',(#2591,#2592,#2600,#2606));
#2591 = ORIENTED_EDGE('',*,*,#1184,.F.);
#2592 = ORIENTED_EDGE('',*,*,#2593,.T.);
#2593 = EDGE_CURVE('',#1185,#2594,#2596,.T.);
#2594 = VERTEX_POINT('',#2595);
#2595 = CARTESIAN_POINT('',(-103.,-6.,-14.));
#2596 = LINE('',#2597,#2598);
#2597 = CARTESIAN_POINT('',(-107.,-6.,-14.));
#2598 = VECTOR('',#2599,1.);
#2599 = DIRECTION('',(1.,0.,-0.));
#2600 = ORIENTED_EDGE('',*,*,#2601,.T.);
#2601 = EDGE_CURVE('',#2594,#2569,#2602,.T.);
#2602 = LINE('',#2603,#2604);
#2603 = CARTESIAN_POINT('',(-103.,-6.,-14.));
#2604 = VECTOR('',#2605,1.);
#2605 = DIRECTION('',(-0.,1.,0.));
#2606 = ORIENTED_EDGE('',*,*,#2576,.F.);
#2607 = PLANE('',#2608);
#2608 = AXIS2_PLACEMENT_3D('',#2609,#2610,#2611);
#2609 = CARTESIAN_POINT('',(-107.,-6.,-14.));
#2610 = DIRECTION('',(0.,0.,1.));
#2611 = DIRECTION('',(1.,0.,-0.));
#2612 = ADVANCED_FACE('',(#2613),#2624,.F.);
#2613 = FACE_BOUND('',#2614,.F.);
#2614 = EDGE_LOOP('',(#2615,#2621,#2622,#2623));
#2615 = ORIENTED_EDGE('',*,*,#2616,.F.);
#2616 = EDGE_CURVE('',#2594,#2499,#2617,.T.);
#2617 = LINE('',#2618,#2619);
#2618 = CARTESIAN_POINT('',(-103.,-6.,-14.));
#2619 = VECTOR('',#2620,1.);
#2620 = DIRECTION('',(0.,0.,1.));
#2621 = ORIENTED_EDGE('',*,*,#2593,.F.);
#2622 = ORIENTED_EDGE('',*,*,#1192,.T.);
#2623 = ORIENTED_EDGE('',*,*,#2507,.T.);
#2624 = PLANE('',#2625);
#2625 = AXIS2_PLACEMENT_3D('',#2626,#2627,#2628);
#2626 = CARTESIAN_POINT('',(-107.,-6.,-14.));
#2627 = DIRECTION('',(-0.,1.,0.));
#2628 = DIRECTION('',(0.,0.,1.));
#2629 = ADVANCED_FACE('',(#2630),#2649,.F.);
#2630 = FACE_BOUND('',#2631,.F.);
#2631 = EDGE_LOOP('',(#2632,#2641,#2647,#2648));
#2632 = ORIENTED_EDGE('',*,*,#2633,.F.);
#2633 = EDGE_CURVE('',#2634,#2634,#2636,.T.);
#2634 = VERTEX_POINT('',#2635);
#2635 = CARTESIAN_POINT('',(-103.,3.,-8.2));
#2636 = CIRCLE('',#2637,2.3);
#2637 = AXIS2_PLACEMENT_3D('',#2638,#2639,#2640);
#2638 = CARTESIAN_POINT('',(-103.,3.,-10.5));
#2639 = DIRECTION('',(1.,0.,0.));
#2640 = DIRECTION('',(-0.,0.,1.));
#2641 = ORIENTED_EDGE('',*,*,#2642,.F.);
#2642 = EDGE_CURVE('',#1228,#2634,#2643,.T.);
#2643 = LINE('',#2644,#2645);
#2644 = CARTESIAN_POINT('',(-110.,3.,-8.2));
#2645 = VECTOR('',#2646,1.);
#2646 = DIRECTION('',(1.,0.,0.));
#2647 = ORIENTED_EDGE('',*,*,#1227,.T.);
#2648 = ORIENTED_EDGE('',*,*,#2642,.T.);
#2649 = CYLINDRICAL_SURFACE('',#2650,2.3);
#2650 = AXIS2_PLACEMENT_3D('',#2651,#2652,#2653);
#2651 = CARTESIAN_POINT('',(-110.,3.,-10.5));
#2652 = DIRECTION('',(1.,0.,0.));
#2653 = DIRECTION('',(-0.,0.,1.));
#2654 = ADVANCED_FACE('',(#2655,#2662),#2665,.T.);
#2655 = FACE_BOUND('',#2656,.T.);
#2656 = EDGE_LOOP('',(#2657,#2658,#2659,#2660,#2661));
#2657 = ORIENTED_EDGE('',*,*,#2616,.F.);
#2658 = ORIENTED_EDGE('',*,*,#2601,.T.);
#2659 = ORIENTED_EDGE('',*,*,#2568,.T.);
#2660 = ORIENTED_EDGE('',*,*,#1244,.F.);
#2661 = ORIENTED_EDGE('',*,*,#2498,.F.);
#2662 = FACE_BOUND('',#2663,.T.);
#2663 = EDGE_LOOP('',(#2664));
#2664 = ORIENTED_EDGE('',*,*,#2633,.F.);
#2665 = PLANE('',#2666);
#2666 = AXIS2_PLACEMENT_3D('',#2667,#2668,#2669);
#2667 = CARTESIAN_POINT('',(-103.,-6.,-14.));
#2668 = DIRECTION('',(1.,0.,-0.));
#2669 = DIRECTION('',(0.,0.,1.));
#2670 = ADVANCED_FACE('',(#2671,#2678),#2681,.F.);
#2671 = FACE_BOUND('',#2672,.F.);
#2672 = EDGE_LOOP('',(#2673,#2674,#2675,#2676,#2677));
#2673 = ORIENTED_EDGE('',*,*,#2528,.F.);
#2674 = ORIENTED_EDGE('',*,*,#2458,.T.);
#2675 = ORIENTED_EDGE('',*,*,#2392,.T.);
#2676 = ORIENTED_EDGE('',*,*,#1262,.F.);
#2677 = ORIENTED_EDGE('',*,*,#2490,.F.);
#2678 = FACE_BOUND('',#2679,.F.);
#2679 = EDGE_LOOP('',(#2680));
#2680 = ORIENTED_EDGE('',*,*,#2552,.F.);
#2681 = PLANE('',#2682);
#2682 = AXIS2_PLACEMENT_3D('',#2683,#2684,#2685);
#2683 = CARTESIAN_POINT('',(-77.,-6.,-14.));
#2684 = DIRECTION('',(1.,0.,-0.));
#2685 = DIRECTION('',(0.,0.,1.));
#2686 = ADVANCED_FACE('',(#2687),#2707,.T.);
#2687 = FACE_BOUND('',#2688,.T.);
#2688 = EDGE_LOOP('',(#2689,#2690,#2696,#2697,#2698,#2699,#2705,#2706));
#2689 = ORIENTED_EDGE('',*,*,#1826,.T.);
#2690 = ORIENTED_EDGE('',*,*,#2691,.T.);
#2691 = EDGE_CURVE('',#1827,#1633,#2692,.T.);
#2692 = LINE('',#2693,#2694);
#2693 = CARTESIAN_POINT('',(-78.,244.665,46.4));
#2694 = VECTOR('',#2695,1.);
#2695 = DIRECTION('',(1.,0.,-0.));
#2696 = ORIENTED_EDGE('',*,*,#1632,.F.);
#2697 = ORIENTED_EDGE('',*,*,#1339,.F.);
#2698 = ORIENTED_EDGE('',*,*,#1594,.T.);
#2699 = ORIENTED_EDGE('',*,*,#2700,.F.);
#2700 = EDGE_CURVE('',#1955,#1587,#2701,.T.);
#2701 = LINE('',#2702,#2703);
#2702 = CARTESIAN_POINT('',(70.4,244.665,49.8));
#2703 = VECTOR('',#2704,1.);
#2704 = DIRECTION('',(1.,0.,-0.));
#2705 = ORIENTED_EDGE('',*,*,#1954,.F.);
#2706 = ORIENTED_EDGE('',*,*,#1385,.F.);
#2707 = PLANE('',#2708);
#2708 = AXIS2_PLACEMENT_3D('',#2709,#2710,#2711);
#2709 = CARTESIAN_POINT('',(1.26814694942E-16,244.665,41.839382473675));
#2710 = DIRECTION('',(-0.,-1.,-0.));
#2711 = DIRECTION('',(0.,0.,-1.));
#2712 = ADVANCED_FACE('',(#2713),#2724,.F.);
#2713 = FACE_BOUND('',#2714,.F.);
#2714 = EDGE_LOOP('',(#2715,#2716,#2717,#2718));
#2715 = ORIENTED_EDGE('',*,*,#1729,.F.);
#2716 = ORIENTED_EDGE('',*,*,#1362,.T.);
#2717 = ORIENTED_EDGE('',*,*,#1793,.T.);
#2718 = ORIENTED_EDGE('',*,*,#2719,.T.);
#2719 = EDGE_CURVE('',#1794,#1730,#2720,.T.);
#2720 = LINE('',#2721,#2722);
#2721 = CARTESIAN_POINT('',(-70.,244.665,15.6));
#2722 = VECTOR('',#2723,1.);
#2723 = DIRECTION('',(1.,0.,-0.));
#2724 = PLANE('',#2725);
#2725 = AXIS2_PLACEMENT_3D('',#2726,#2727,#2728);
#2726 = CARTESIAN_POINT('',(-70.,244.665,12.));
#2727 = DIRECTION('',(-0.,1.,0.));
#2728 = DIRECTION('',(0.,0.,1.));
#2729 = ADVANCED_FACE('',(#2730),#2736,.F.);
#2730 = FACE_BOUND('',#2731,.F.);
#2731 = EDGE_LOOP('',(#2732,#2733,#2734,#2735));
#2732 = ORIENTED_EDGE('',*,*,#1425,.F.);
#2733 = ORIENTED_EDGE('',*,*,#1449,.T.);
#2734 = ORIENTED_EDGE('',*,*,#1473,.T.);
#2735 = ORIENTED_EDGE('',*,*,#1490,.T.);
#2736 = PLANE('',#2737);
#2737 = AXIS2_PLACEMENT_3D('',#2738,#2739,#2740);
#2738 = CARTESIAN_POINT('',(-99.6,24.,14.04));
#2739 = DIRECTION('',(1.,0.,-0.));
#2740 = DIRECTION('',(0.,0.,1.));
#2741 = ADVANCED_FACE('',(#2742),#2753,.T.);
#2742 = FACE_BOUND('',#2743,.T.);
#2743 = EDGE_LOOP('',(#2744,#2745,#2746,#2747));
#2744 = ORIENTED_EDGE('',*,*,#1514,.F.);
#2745 = ORIENTED_EDGE('',*,*,#1618,.F.);
#2746 = ORIENTED_EDGE('',*,*,#1643,.T.);
#2747 = ORIENTED_EDGE('',*,*,#2748,.T.);
#2748 = EDGE_CURVE('',#1644,#1515,#2749,.T.);
#2749 = LINE('',#2750,#2751);
#2750 = CARTESIAN_POINT('',(-3.8,258.665,20.));
#2751 = VECTOR('',#2752,1.);
#2752 = DIRECTION('',(1.,0.,-0.));
#2753 = PLANE('',#2754);
#2754 = AXIS2_PLACEMENT_3D('',#2755,#2756,#2757);
#2755 = CARTESIAN_POINT('',(70.4,258.665,14.));
#2756 = DIRECTION('',(-0.,1.,0.));
#2757 = DIRECTION('',(0.,0.,1.));
#2758 = ADVANCED_FACE('',(#2759),#2784,.F.);
#2759 = FACE_BOUND('',#2760,.T.);
#2760 = EDGE_LOOP('',(#2761,#2762,#2768,#2769,#2770,#2771,#2777,#2778));
#2761 = ORIENTED_EDGE('',*,*,#2026,.T.);
#2762 = ORIENTED_EDGE('',*,*,#2763,.T.);
#2763 = EDGE_CURVE('',#2019,#1523,#2764,.T.);
#2764 = LINE('',#2765,#2766);
#2765 = CARTESIAN_POINT('',(-78.,276.765,20.));
#2766 = VECTOR('',#2767,1.);
#2767 = DIRECTION('',(1.,0.,-0.));
#2768 = ORIENTED_EDGE('',*,*,#1522,.F.);
#2769 = ORIENTED_EDGE('',*,*,#2748,.F.);
#2770 = ORIENTED_EDGE('',*,*,#1651,.T.);
#2771 = ORIENTED_EDGE('',*,*,#2772,.F.);
#2772 = EDGE_CURVE('',#1853,#1652,#2773,.T.);
#2773 = LINE('',#2774,#2775);
#2774 = CARTESIAN_POINT('',(-78.,258.165,20.));
#2775 = VECTOR('',#2776,1.);
#2776 = DIRECTION('',(1.,0.,-0.));
#2777 = ORIENTED_EDGE('',*,*,#1852,.F.);
#2778 = ORIENTED_EDGE('',*,*,#2779,.F.);
#2779 = EDGE_CURVE('',#2027,#1845,#2780,.T.);
#2780 = LINE('',#2781,#2782);
#2781 = CARTESIAN_POINT('',(-78.,258.665,20.));
#2782 = VECTOR('',#2783,1.);
#2783 = DIRECTION('',(1.,0.,-0.));
#2784 = PLANE('',#2785);
#2785 = AXIS2_PLACEMENT_3D('',#2786,#2787,#2788);
#2786 = CARTESIAN_POINT('',(-78.,258.165,20.));
#2787 = DIRECTION('',(0.,0.,1.));
#2788 = DIRECTION('',(1.,0.,-0.));
#2789 = ADVANCED_FACE('',(#2790),#2801,.T.);
#2790 = FACE_BOUND('',#2791,.T.);
#2791 = EDGE_LOOP('',(#2792,#2793,#2794,#2800));
#2792 = ORIENTED_EDGE('',*,*,#2763,.F.);
#2793 = ORIENTED_EDGE('',*,*,#2018,.T.);
#2794 = ORIENTED_EDGE('',*,*,#2795,.T.);
#2795 = EDGE_CURVE('',#2011,#1531,#2796,.T.);
#2796 = LINE('',#2797,#2798);
#2797 = CARTESIAN_POINT('',(-78.,276.765,24.));
#2798 = VECTOR('',#2799,1.);
#2799 = DIRECTION('',(1.,0.,-0.));
#2800 = ORIENTED_EDGE('',*,*,#1530,.F.);
#2801 = PLANE('',#2802);
#2802 = AXIS2_PLACEMENT_3D('',#2803,#2804,#2805);
#2803 = CARTESIAN_POINT('',(-78.,276.765,20.));
#2804 = DIRECTION('',(-0.,1.,0.));
#2805 = DIRECTION('',(0.,0.,1.));
#2806 = ADVANCED_FACE('',(#2807,#2832,#2866),#2900,.T.);
#2807 = FACE_BOUND('',#2808,.T.);
#2808 = EDGE_LOOP('',(#2809,#2810,#2816,#2817,#2823,#2824,#2830,#2831));
#2809 = ORIENTED_EDGE('',*,*,#2010,.F.);
#2810 = ORIENTED_EDGE('',*,*,#2811,.T.);
#2811 = EDGE_CURVE('',#2003,#1869,#2812,.T.);
#2812 = LINE('',#2813,#2814);
#2813 = CARTESIAN_POINT('',(-78.,258.665,24.));
#2814 = VECTOR('',#2815,1.);
#2815 = DIRECTION('',(1.,0.,-0.));
#2816 = ORIENTED_EDGE('',*,*,#1868,.T.);
#2817 = ORIENTED_EDGE('',*,*,#2818,.T.);
#2818 = EDGE_CURVE('',#1861,#1660,#2819,.T.);
#2819 = LINE('',#2820,#2821);
#2820 = CARTESIAN_POINT('',(-78.,258.165,24.));
#2821 = VECTOR('',#2822,1.);
#2822 = DIRECTION('',(1.,0.,-0.));
#2823 = ORIENTED_EDGE('',*,*,#1667,.F.);
#2824 = ORIENTED_EDGE('',*,*,#2825,.T.);
#2825 = EDGE_CURVE('',#1668,#1539,#2826,.T.);
#2826 = LINE('',#2827,#2828);
#2827 = CARTESIAN_POINT('',(-3.8,258.665,24.));
#2828 = VECTOR('',#2829,1.);
#2829 = DIRECTION('',(1.,0.,-0.));
#2830 = ORIENTED_EDGE('',*,*,#1538,.T.);
#2831 = ORIENTED_EDGE('',*,*,#2795,.F.);
#2832 = FACE_BOUND('',#2833,.T.);
#2833 = EDGE_LOOP('',(#2834,#2844,#2852,#2860));
#2834 = ORIENTED_EDGE('',*,*,#2835,.T.);
#2835 = EDGE_CURVE('',#2836,#2838,#2840,.T.);
#2836 = VERTEX_POINT('',#2837);
#2837 = CARTESIAN_POINT('',(-31.,258.265,24.));
#2838 = VERTEX_POINT('',#2839);
#2839 = CARTESIAN_POINT('',(-53.,258.265,24.));
#2840 = LINE('',#2841,#2842);
#2841 = CARTESIAN_POINT('',(-65.5,258.265,24.));
#2842 = VECTOR('',#2843,1.);
#2843 = DIRECTION('',(-1.,-0.,0.));
#2844 = ORIENTED_EDGE('',*,*,#2845,.T.);
#2845 = EDGE_CURVE('',#2838,#2846,#2848,.T.);
#2846 = VERTEX_POINT('',#2847);
#2847 = CARTESIAN_POINT('',(-53.,276.665,24.));
#2848 = LINE('',#2849,#2850);
#2849 = CARTESIAN_POINT('',(-53.,258.215,24.));
#2850 = VECTOR('',#2851,1.);
#2851 = DIRECTION('',(-0.,1.,0.));
#2852 = ORIENTED_EDGE('',*,*,#2853,.F.);
#2853 = EDGE_CURVE('',#2854,#2846,#2856,.T.);
#2854 = VERTEX_POINT('',#2855);
#2855 = CARTESIAN_POINT('',(-31.,276.665,24.));
#2856 = LINE('',#2857,#2858);
#2857 = CARTESIAN_POINT('',(-65.5,276.665,24.));
#2858 = VECTOR('',#2859,1.);
#2859 = DIRECTION('',(-1.,-0.,0.));
#2860 = ORIENTED_EDGE('',*,*,#2861,.F.);
#2861 = EDGE_CURVE('',#2836,#2854,#2862,.T.);
#2862 = LINE('',#2863,#2864);
#2863 = CARTESIAN_POINT('',(-31.,258.215,24.));
#2864 = VECTOR('',#2865,1.);
#2865 = DIRECTION('',(-0.,1.,0.));
#2866 = FACE_BOUND('',#2867,.T.);
#2867 = EDGE_LOOP('',(#2868,#2878,#2886,#2894));
#2868 = ORIENTED_EDGE('',*,*,#2869,.T.);
#2869 = EDGE_CURVE('',#2870,#2872,#2874,.T.);
#2870 = VERTEX_POINT('',#2871);
#2871 = CARTESIAN_POINT('',(53.,258.265,24.));
#2872 = VERTEX_POINT('',#2873);
#2873 = CARTESIAN_POINT('',(31.,258.265,24.));
#2874 = LINE('',#2875,#2876);
#2875 = CARTESIAN_POINT('',(-23.5,258.265,24.));
#2876 = VECTOR('',#2877,1.);
#2877 = DIRECTION('',(-1.,-0.,0.));
#2878 = ORIENTED_EDGE('',*,*,#2879,.T.);
#2879 = EDGE_CURVE('',#2872,#2880,#2882,.T.);
#2880 = VERTEX_POINT('',#2881);
#2881 = CARTESIAN_POINT('',(31.,276.665,24.));
#2882 = LINE('',#2883,#2884);
#2883 = CARTESIAN_POINT('',(31.,258.215,24.));
#2884 = VECTOR('',#2885,1.);
#2885 = DIRECTION('',(-0.,1.,0.));
#2886 = ORIENTED_EDGE('',*,*,#2887,.F.);
#2887 = EDGE_CURVE('',#2888,#2880,#2890,.T.);
#2888 = VERTEX_POINT('',#2889);
#2889 = CARTESIAN_POINT('',(53.,276.665,24.));
#2890 = LINE('',#2891,#2892);
#2891 = CARTESIAN_POINT('',(-23.5,276.665,24.));
#2892 = VECTOR('',#2893,1.);
#2893 = DIRECTION('',(-1.,-0.,0.));
#2894 = ORIENTED_EDGE('',*,*,#2895,.F.);
#2895 = EDGE_CURVE('',#2870,#2888,#2896,.T.);
#2896 = LINE('',#2897,#2898);
#2897 = CARTESIAN_POINT('',(53.,258.215,24.));
#2898 = VECTOR('',#2899,1.);
#2899 = DIRECTION('',(-0.,1.,0.));
#2900 = PLANE('',#2901);
#2901 = AXIS2_PLACEMENT_3D('',#2902,#2903,#2904);
#2902 = CARTESIAN_POINT('',(-78.,258.165,24.));
#2903 = DIRECTION('',(0.,0.,1.));
#2904 = DIRECTION('',(1.,0.,-0.));
#2905 = ADVANCED_FACE('',(#2906),#2917,.T.);
#2906 = FACE_BOUND('',#2907,.T.);
#2907 = EDGE_LOOP('',(#2908,#2909,#2910,#2911));
#2908 = ORIENTED_EDGE('',*,*,#1546,.F.);
#2909 = ORIENTED_EDGE('',*,*,#2825,.F.);
#2910 = ORIENTED_EDGE('',*,*,#1675,.T.);
#2911 = ORIENTED_EDGE('',*,*,#2912,.T.);
#2912 = EDGE_CURVE('',#1676,#1547,#2913,.T.);
#2913 = LINE('',#2914,#2915);
#2914 = CARTESIAN_POINT('',(-3.8,258.665,38.));
#2915 = VECTOR('',#2916,1.);
#2916 = DIRECTION('',(1.,0.,-0.));
#2917 = PLANE('',#2918);
#2918 = AXIS2_PLACEMENT_3D('',#2919,#2920,#2921);
#2919 = CARTESIAN_POINT('',(70.4,258.665,14.));
#2920 = DIRECTION('',(-0.,1.,0.));
#2921 = DIRECTION('',(0.,0.,1.));
#2922 = ADVANCED_FACE('',(#2923,#2948,#2982),#3016,.F.);
#2923 = FACE_BOUND('',#2924,.F.);
#2924 = EDGE_LOOP('',(#2925,#2926,#2932,#2933,#2939,#2940,#2941,#2942));
#2925 = ORIENTED_EDGE('',*,*,#1994,.F.);
#2926 = ORIENTED_EDGE('',*,*,#2927,.T.);
#2927 = EDGE_CURVE('',#1995,#1877,#2928,.T.);
#2928 = LINE('',#2929,#2930);
#2929 = CARTESIAN_POINT('',(-78.,258.665,38.));
#2930 = VECTOR('',#2931,1.);
#2931 = DIRECTION('',(1.,0.,-0.));
#2932 = ORIENTED_EDGE('',*,*,#1884,.T.);
#2933 = ORIENTED_EDGE('',*,*,#2934,.T.);
#2934 = EDGE_CURVE('',#1885,#1684,#2935,.T.);
#2935 = LINE('',#2936,#2937);
#2936 = CARTESIAN_POINT('',(-78.,258.165,38.));
#2937 = VECTOR('',#2938,1.);
#2938 = DIRECTION('',(1.,0.,-0.));
#2939 = ORIENTED_EDGE('',*,*,#1683,.F.);
#2940 = ORIENTED_EDGE('',*,*,#2912,.T.);
#2941 = ORIENTED_EDGE('',*,*,#1554,.T.);
#2942 = ORIENTED_EDGE('',*,*,#2943,.F.);
#2943 = EDGE_CURVE('',#1987,#1555,#2944,.T.);
#2944 = LINE('',#2945,#2946);
#2945 = CARTESIAN_POINT('',(-78.,276.765,38.));
#2946 = VECTOR('',#2947,1.);
#2947 = DIRECTION('',(1.,0.,-0.));
#2948 = FACE_BOUND('',#2949,.F.);
#2949 = EDGE_LOOP('',(#2950,#2960,#2968,#2976));
#2950 = ORIENTED_EDGE('',*,*,#2951,.T.);
#2951 = EDGE_CURVE('',#2952,#2954,#2956,.T.);
#2952 = VERTEX_POINT('',#2953);
#2953 = CARTESIAN_POINT('',(-31.,258.265,38.));
#2954 = VERTEX_POINT('',#2955);
#2955 = CARTESIAN_POINT('',(-53.,258.265,38.));
#2956 = LINE('',#2957,#2958);
#2957 = CARTESIAN_POINT('',(-65.5,258.265,38.));
#2958 = VECTOR('',#2959,1.);
#2959 = DIRECTION('',(-1.,-0.,0.));
#2960 = ORIENTED_EDGE('',*,*,#2961,.T.);
#2961 = EDGE_CURVE('',#2954,#2962,#2964,.T.);
#2962 = VERTEX_POINT('',#2963);
#2963 = CARTESIAN_POINT('',(-53.,276.665,38.));
#2964 = LINE('',#2965,#2966);
#2965 = CARTESIAN_POINT('',(-53.,258.215,38.));
#2966 = VECTOR('',#2967,1.);
#2967 = DIRECTION('',(-0.,1.,0.));
#2968 = ORIENTED_EDGE('',*,*,#2969,.F.);
#2969 = EDGE_CURVE('',#2970,#2962,#2972,.T.);
#2970 = VERTEX_POINT('',#2971);
#2971 = CARTESIAN_POINT('',(-31.,276.665,38.));
#2972 = LINE('',#2973,#2974);
#2973 = CARTESIAN_POINT('',(-65.5,276.665,38.));
#2974 = VECTOR('',#2975,1.);
#2975 = DIRECTION('',(-1.,-0.,0.));
#2976 = ORIENTED_EDGE('',*,*,#2977,.F.);
#2977 = EDGE_CURVE('',#2952,#2970,#2978,.T.);
#2978 = LINE('',#2979,#2980);
#2979 = CARTESIAN_POINT('',(-31.,258.215,38.));
#2980 = VECTOR('',#2981,1.);
#2981 = DIRECTION('',(-0.,1.,0.));
#2982 = FACE_BOUND('',#2983,.F.);
#2983 = EDGE_LOOP('',(#2984,#2994,#3002,#3010));
#2984 = ORIENTED_EDGE('',*,*,#2985,.T.);
#2985 = EDGE_CURVE('',#2986,#2988,#2990,.T.);
#2986 = VERTEX_POINT('',#2987);
#2987 = CARTESIAN_POINT('',(53.,258.265,38.));
#2988 = VERTEX_POINT('',#2989);
#2989 = CARTESIAN_POINT('',(31.,258.265,38.));
#2990 = LINE('',#2991,#2992);
#2991 = CARTESIAN_POINT('',(-23.5,258.265,38.));
#2992 = VECTOR('',#2993,1.);
#2993 = DIRECTION('',(-1.,-0.,0.));
#2994 = ORIENTED_EDGE('',*,*,#2995,.T.);
#2995 = EDGE_CURVE('',#2988,#2996,#2998,.T.);
#2996 = VERTEX_POINT('',#2997);
#2997 = CARTESIAN_POINT('',(31.,276.665,38.));
#2998 = LINE('',#2999,#3000);
#2999 = CARTESIAN_POINT('',(31.,258.215,38.));
#3000 = VECTOR('',#3001,1.);
#3001 = DIRECTION('',(-0.,1.,0.));
#3002 = ORIENTED_EDGE('',*,*,#3003,.F.);
#3003 = EDGE_CURVE('',#3004,#2996,#3006,.T.);
#3004 = VERTEX_POINT('',#3005);
#3005 = CARTESIAN_POINT('',(53.,276.665,38.));
#3006 = LINE('',#3007,#3008);
#3007 = CARTESIAN_POINT('',(-23.5,276.665,38.));
#3008 = VECTOR('',#3009,1.);
#3009 = DIRECTION('',(-1.,-0.,0.));
#3010 = ORIENTED_EDGE('',*,*,#3011,.F.);
#3011 = EDGE_CURVE('',#2986,#3004,#3012,.T.);
#3012 = LINE('',#3013,#3014);
#3013 = CARTESIAN_POINT('',(53.,258.215,38.));
#3014 = VECTOR('',#3015,1.);
#3015 = DIRECTION('',(-0.,1.,0.));
#3016 = PLANE('',#3017);
#3017 = AXIS2_PLACEMENT_3D('',#3018,#3019,#3020);
#3018 = CARTESIAN_POINT('',(-78.,258.165,38.));
#3019 = DIRECTION('',(0.,0.,1.));
#3020 = DIRECTION('',(1.,0.,-0.));
#3021 = ADVANCED_FACE('',(#3022),#3033,.T.);
#3022 = FACE_BOUND('',#3023,.T.);
#3023 = EDGE_LOOP('',(#3024,#3025,#3026,#3032));
#3024 = ORIENTED_EDGE('',*,*,#2943,.F.);
#3025 = ORIENTED_EDGE('',*,*,#1986,.T.);
#3026 = ORIENTED_EDGE('',*,*,#3027,.T.);
#3027 = EDGE_CURVE('',#1979,#1563,#3028,.T.);
#3028 = LINE('',#3029,#3030);
#3029 = CARTESIAN_POINT('',(-78.,276.765,42.));
#3030 = VECTOR('',#3031,1.);
#3031 = DIRECTION('',(1.,0.,-0.));
#3032 = ORIENTED_EDGE('',*,*,#1562,.F.);
#3033 = PLANE('',#3034);
#3034 = AXIS2_PLACEMENT_3D('',#3035,#3036,#3037);
#3035 = CARTESIAN_POINT('',(-78.,276.765,38.));
#3036 = DIRECTION('',(-0.,1.,0.));
#3037 = DIRECTION('',(0.,0.,1.));
#3038 = ADVANCED_FACE('',(#3039,#3064,#3098),#3132,.T.);
#3039 = FACE_BOUND('',#3040,.T.);
#3040 = EDGE_LOOP('',(#3041,#3042,#3048,#3049,#3055,#3056,#3062,#3063));
#3041 = ORIENTED_EDGE('',*,*,#1978,.F.);
#3042 = ORIENTED_EDGE('',*,*,#3043,.T.);
#3043 = EDGE_CURVE('',#1971,#1901,#3044,.T.);
#3044 = LINE('',#3045,#3046);
#3045 = CARTESIAN_POINT('',(-78.,258.665,42.));
#3046 = VECTOR('',#3047,1.);
#3047 = DIRECTION('',(1.,0.,-0.));
#3048 = ORIENTED_EDGE('',*,*,#1900,.T.);
#3049 = ORIENTED_EDGE('',*,*,#3050,.T.);
#3050 = EDGE_CURVE('',#1893,#1692,#3051,.T.);
#3051 = LINE('',#3052,#3053);
#3052 = CARTESIAN_POINT('',(-78.,258.165,42.));
#3053 = VECTOR('',#3054,1.);
#3054 = DIRECTION('',(1.,0.,-0.));
#3055 = ORIENTED_EDGE('',*,*,#1699,.F.);
#3056 = ORIENTED_EDGE('',*,*,#3057,.T.);
#3057 = EDGE_CURVE('',#1700,#1571,#3058,.T.);
#3058 = LINE('',#3059,#3060);
#3059 = CARTESIAN_POINT('',(-3.8,258.665,42.));
#3060 = VECTOR('',#3061,1.);
#3061 = DIRECTION('',(1.,0.,-0.));
#3062 = ORIENTED_EDGE('',*,*,#1570,.T.);
#3063 = ORIENTED_EDGE('',*,*,#3027,.F.);
#3064 = FACE_BOUND('',#3065,.T.);
#3065 = EDGE_LOOP('',(#3066,#3076,#3084,#3092));
#3066 = ORIENTED_EDGE('',*,*,#3067,.T.);
#3067 = EDGE_CURVE('',#3068,#3070,#3072,.T.);
#3068 = VERTEX_POINT('',#3069);
#3069 = CARTESIAN_POINT('',(-31.,258.265,42.));
#3070 = VERTEX_POINT('',#3071);
#3071 = CARTESIAN_POINT('',(-53.,258.265,42.));
#3072 = LINE('',#3073,#3074);
#3073 = CARTESIAN_POINT('',(-65.5,258.265,42.));
#3074 = VECTOR('',#3075,1.);
#3075 = DIRECTION('',(-1.,-0.,0.));
#3076 = ORIENTED_EDGE('',*,*,#3077,.T.);
#3077 = EDGE_CURVE('',#3070,#3078,#3080,.T.);
#3078 = VERTEX_POINT('',#3079);
#3079 = CARTESIAN_POINT('',(-53.,276.665,42.));
#3080 = LINE('',#3081,#3082);
#3081 = CARTESIAN_POINT('',(-53.,258.215,42.));
#3082 = VECTOR('',#3083,1.);
#3083 = DIRECTION('',(-0.,1.,0.));
#3084 = ORIENTED_EDGE('',*,*,#3085,.F.);
#3085 = EDGE_CURVE('',#3086,#3078,#3088,.T.);
#3086 = VERTEX_POINT('',#3087);
#3087 = CARTESIAN_POINT('',(-31.,276.665,42.));
#3088 = LINE('',#3089,#3090);
#3089 = CARTESIAN_POINT('',(-65.5,276.665,42.));
#3090 = VECTOR('',#3091,1.);
#3091 = DIRECTION('',(-1.,-0.,0.));
#3092 = ORIENTED_EDGE('',*,*,#3093,.F.);
#3093 = EDGE_CURVE('',#3068,#3086,#3094,.T.);
#3094 = LINE('',#3095,#3096);
#3095 = CARTESIAN_POINT('',(-31.,258.215,42.));
#3096 = VECTOR('',#3097,1.);
#3097 = DIRECTION('',(-0.,1.,0.));
#3098 = FACE_BOUND('',#3099,.T.);
#3099 = EDGE_LOOP('',(#3100,#3110,#3118,#3126));
#3100 = ORIENTED_EDGE('',*,*,#3101,.T.);
#3101 = EDGE_CURVE('',#3102,#3104,#3106,.T.);
#3102 = VERTEX_POINT('',#3103);
#3103 = CARTESIAN_POINT('',(53.,258.265,42.));
#3104 = VERTEX_POINT('',#3105);
#3105 = CARTESIAN_POINT('',(31.,258.265,42.));
#3106 = LINE('',#3107,#3108);
#3107 = CARTESIAN_POINT('',(-23.5,258.265,42.));
#3108 = VECTOR('',#3109,1.);
#3109 = DIRECTION('',(-1.,-0.,0.));
#3110 = ORIENTED_EDGE('',*,*,#3111,.T.);
#3111 = EDGE_CURVE('',#3104,#3112,#3114,.T.);
#3112 = VERTEX_POINT('',#3113);
#3113 = CARTESIAN_POINT('',(31.,276.665,42.));
#3114 = LINE('',#3115,#3116);
#3115 = CARTESIAN_POINT('',(31.,258.215,42.));
#3116 = VECTOR('',#3117,1.);
#3117 = DIRECTION('',(-0.,1.,0.));
#3118 = ORIENTED_EDGE('',*,*,#3119,.F.);
#3119 = EDGE_CURVE('',#3120,#3112,#3122,.T.);
#3120 = VERTEX_POINT('',#3121);
#3121 = CARTESIAN_POINT('',(53.,276.665,42.));
#3122 = LINE('',#3123,#3124);
#3123 = CARTESIAN_POINT('',(-23.5,276.665,42.));
#3124 = VECTOR('',#3125,1.);
#3125 = DIRECTION('',(-1.,-0.,0.));
#3126 = ORIENTED_EDGE('',*,*,#3127,.F.);
#3127 = EDGE_CURVE('',#3102,#3120,#3128,.T.);
#3128 = LINE('',#3129,#3130);
#3129 = CARTESIAN_POINT('',(53.,258.215,42.));
#3130 = VECTOR('',#3131,1.);
#3131 = DIRECTION('',(-0.,1.,0.));
#3132 = PLANE('',#3133);
#3133 = AXIS2_PLACEMENT_3D('',#3134,#3135,#3136);
#3134 = CARTESIAN_POINT('',(-78.,258.165,42.));
#3135 = DIRECTION('',(0.,0.,1.));
#3136 = DIRECTION('',(1.,0.,-0.));
#3137 = ADVANCED_FACE('',(#3138),#3158,.T.);
#3138 = FACE_BOUND('',#3139,.T.);
#3139 = EDGE_LOOP('',(#3140,#3141,#3142,#3143,#3149,#3150,#3151,#3152));
#3140 = ORIENTED_EDGE('',*,*,#1578,.F.);
#3141 = ORIENTED_EDGE('',*,*,#3057,.F.);
#3142 = ORIENTED_EDGE('',*,*,#1707,.T.);
#3143 = ORIENTED_EDGE('',*,*,#3144,.F.);
#3144 = EDGE_CURVE('',#1909,#1708,#3145,.T.);
#3145 = LINE('',#3146,#3147);
#3146 = CARTESIAN_POINT('',(-78.,258.665,46.4));
#3147 = VECTOR('',#3148,1.);
#3148 = DIRECTION('',(1.,0.,-0.));
#3149 = ORIENTED_EDGE('',*,*,#1908,.F.);
#3150 = ORIENTED_EDGE('',*,*,#3043,.F.);
#3151 = ORIENTED_EDGE('',*,*,#1970,.T.);
#3152 = ORIENTED_EDGE('',*,*,#3153,.T.);
#3153 = EDGE_CURVE('',#1963,#1579,#3154,.T.);
#3154 = LINE('',#3155,#3156);
#3155 = CARTESIAN_POINT('',(-78.,258.665,49.8));
#3156 = VECTOR('',#3157,1.);
#3157 = DIRECTION('',(1.,0.,-0.));
#3158 = PLANE('',#3159);
#3159 = AXIS2_PLACEMENT_3D('',#3160,#3161,#3162);
#3160 = CARTESIAN_POINT('',(-1.520781122911E-15,258.665,47.697146254459)
  );
#3161 = DIRECTION('',(0.,1.,0.));
#3162 = DIRECTION('',(0.,-0.,1.));
#3163 = ADVANCED_FACE('',(#3164),#3170,.T.);
#3164 = FACE_BOUND('',#3165,.T.);
#3165 = EDGE_LOOP('',(#3166,#3167,#3168,#3169));
#3166 = ORIENTED_EDGE('',*,*,#3153,.F.);
#3167 = ORIENTED_EDGE('',*,*,#1962,.F.);
#3168 = ORIENTED_EDGE('',*,*,#2700,.T.);
#3169 = ORIENTED_EDGE('',*,*,#1586,.T.);
#3170 = PLANE('',#3171);
#3171 = AXIS2_PLACEMENT_3D('',#3172,#3173,#3174);
#3172 = CARTESIAN_POINT('',(0.,251.665,49.8));
#3173 = DIRECTION('',(0.,0.,1.));
#3174 = DIRECTION('',(1.,0.,-0.));
#3175 = ADVANCED_FACE('',(#3176),#3182,.F.);
#3176 = FACE_BOUND('',#3177,.F.);
#3177 = EDGE_LOOP('',(#3178,#3179,#3180,#3181));
#3178 = ORIENTED_EDGE('',*,*,#1916,.T.);
#3179 = ORIENTED_EDGE('',*,*,#2691,.T.);
#3180 = ORIENTED_EDGE('',*,*,#1715,.F.);
#3181 = ORIENTED_EDGE('',*,*,#3144,.F.);
#3182 = PLANE('',#3183);
#3183 = AXIS2_PLACEMENT_3D('',#3184,#3185,#3186);
#3184 = CARTESIAN_POINT('',(-78.,244.665,46.4));
#3185 = DIRECTION('',(0.,0.,1.));
#3186 = DIRECTION('',(1.,0.,-0.));
#3187 = ADVANCED_FACE('',(#3188),#3194,.F.);
#3188 = FACE_BOUND('',#3189,.F.);
#3189 = EDGE_LOOP('',(#3190,#3191,#3192,#3193));
#3190 = ORIENTED_EDGE('',*,*,#2934,.F.);
#3191 = ORIENTED_EDGE('',*,*,#1892,.T.);
#3192 = ORIENTED_EDGE('',*,*,#3050,.T.);
#3193 = ORIENTED_EDGE('',*,*,#1691,.F.);
#3194 = PLANE('',#3195);
#3195 = AXIS2_PLACEMENT_3D('',#3196,#3197,#3198);
#3196 = CARTESIAN_POINT('',(-78.,258.165,38.));
#3197 = DIRECTION('',(-0.,1.,0.));
#3198 = DIRECTION('',(0.,0.,1.));
#3199 = ADVANCED_FACE('',(#3200),#3206,.F.);
#3200 = FACE_BOUND('',#3201,.F.);
#3201 = EDGE_LOOP('',(#3202,#3203,#3204,#3205));
#3202 = ORIENTED_EDGE('',*,*,#2772,.F.);
#3203 = ORIENTED_EDGE('',*,*,#1860,.T.);
#3204 = ORIENTED_EDGE('',*,*,#2818,.T.);
#3205 = ORIENTED_EDGE('',*,*,#1659,.F.);
#3206 = PLANE('',#3207);
#3207 = AXIS2_PLACEMENT_3D('',#3208,#3209,#3210);
#3208 = CARTESIAN_POINT('',(-78.,258.165,20.));
#3209 = DIRECTION('',(-0.,1.,0.));
#3210 = DIRECTION('',(0.,0.,1.));
#3211 = ADVANCED_FACE('',(#3212),#3223,.T.);
#3212 = FACE_BOUND('',#3213,.T.);
#3213 = EDGE_LOOP('',(#3214,#3215,#3216,#3217));
#3214 = ORIENTED_EDGE('',*,*,#1812,.F.);
#3215 = ORIENTED_EDGE('',*,*,#2719,.T.);
#3216 = ORIENTED_EDGE('',*,*,#1755,.T.);
#3217 = ORIENTED_EDGE('',*,*,#3218,.F.);
#3218 = EDGE_CURVE('',#1805,#1748,#3219,.T.);
#3219 = LINE('',#3220,#3221);
#3220 = CARTESIAN_POINT('',(-70.,258.665,15.6));
#3221 = VECTOR('',#3222,1.);
#3222 = DIRECTION('',(1.,0.,-0.));
#3223 = PLANE('',#3224);
#3224 = AXIS2_PLACEMENT_3D('',#3225,#3226,#3227);
#3225 = CARTESIAN_POINT('',(-70.,244.665,15.6));
#3226 = DIRECTION('',(0.,0.,1.));
#3227 = DIRECTION('',(1.,0.,-0.));
#3228 = ADVANCED_FACE('',(#3229),#3235,.T.);
#3229 = FACE_BOUND('',#3230,.T.);
#3230 = EDGE_LOOP('',(#3231,#3232,#3233,#3234));
#3231 = ORIENTED_EDGE('',*,*,#1779,.F.);
#3232 = ORIENTED_EDGE('',*,*,#1804,.T.);
#3233 = ORIENTED_EDGE('',*,*,#3218,.T.);
#3234 = ORIENTED_EDGE('',*,*,#1747,.F.);
#3235 = PLANE('',#3236);
#3236 = AXIS2_PLACEMENT_3D('',#3237,#3238,#3239);
#3237 = CARTESIAN_POINT('',(-70.,258.665,12.));
#3238 = DIRECTION('',(-0.,1.,0.));
#3239 = DIRECTION('',(0.,0.,1.));
#3240 = ADVANCED_FACE('',(#3241),#3247,.T.);
#3241 = FACE_BOUND('',#3242,.T.);
#3242 = EDGE_LOOP('',(#3243,#3244,#3245,#3246));
#3243 = ORIENTED_EDGE('',*,*,#1876,.F.);
#3244 = ORIENTED_EDGE('',*,*,#2811,.F.);
#3245 = ORIENTED_EDGE('',*,*,#2002,.T.);
#3246 = ORIENTED_EDGE('',*,*,#2927,.T.);
#3247 = PLANE('',#3248);
#3248 = AXIS2_PLACEMENT_3D('',#3249,#3250,#3251);
#3249 = CARTESIAN_POINT('',(-78.,258.665,14.));
#3250 = DIRECTION('',(-0.,1.,0.));
#3251 = DIRECTION('',(0.,0.,1.));
#3252 = ADVANCED_FACE('',(#3253),#3259,.T.);
#3253 = FACE_BOUND('',#3254,.T.);
#3254 = EDGE_LOOP('',(#3255,#3256,#3257,#3258));
#3255 = ORIENTED_EDGE('',*,*,#1844,.F.);
#3256 = ORIENTED_EDGE('',*,*,#1940,.F.);
#3257 = ORIENTED_EDGE('',*,*,#2034,.T.);
#3258 = ORIENTED_EDGE('',*,*,#2779,.T.);
#3259 = PLANE('',#3260);
#3260 = AXIS2_PLACEMENT_3D('',#3261,#3262,#3263);
#3261 = CARTESIAN_POINT('',(-78.,258.665,14.));
#3262 = DIRECTION('',(-0.,1.,0.));
#3263 = DIRECTION('',(0.,0.,1.));
#3264 = ADVANCED_FACE('',(#3265),#3271,.T.);
#3265 = FACE_BOUND('',#3266,.T.);
#3266 = EDGE_LOOP('',(#3267,#3268,#3269,#3270));
#3267 = ORIENTED_EDGE('',*,*,#2090,.F.);
#3268 = ORIENTED_EDGE('',*,*,#2060,.T.);
#3269 = ORIENTED_EDGE('',*,*,#2131,.T.);
#3270 = ORIENTED_EDGE('',*,*,#2114,.T.);
#3271 = PLANE('',#3272);
#3272 = AXIS2_PLACEMENT_3D('',#3273,#3274,#3275);
#3273 = CARTESIAN_POINT('',(99.6,24.,14.04));
#3274 = DIRECTION('',(1.,0.,-0.));
#3275 = DIRECTION('',(0.,0.,1.));
#3276 = ADVANCED_FACE('',(#3277),#3295,.T.);
#3277 = FACE_BOUND('',#3278,.T.);
#3278 = EDGE_LOOP('',(#3279,#3280,#3288,#3294));
#3279 = ORIENTED_EDGE('',*,*,#2199,.F.);
#3280 = ORIENTED_EDGE('',*,*,#3281,.F.);
#3281 = EDGE_CURVE('',#3282,#2192,#3284,.T.);
#3282 = VERTEX_POINT('',#3283);
#3283 = CARTESIAN_POINT('',(103.,13.,-14.));
#3284 = LINE('',#3285,#3286);
#3285 = CARTESIAN_POINT('',(103.,13.,-14.));
#3286 = VECTOR('',#3287,1.);
#3287 = DIRECTION('',(1.,0.,-0.));
#3288 = ORIENTED_EDGE('',*,*,#3289,.T.);
#3289 = EDGE_CURVE('',#3282,#2336,#3290,.T.);
#3290 = LINE('',#3291,#3292);
#3291 = CARTESIAN_POINT('',(103.,13.,-14.));
#3292 = VECTOR('',#3293,1.);
#3293 = DIRECTION('',(0.,0.,1.));
#3294 = ORIENTED_EDGE('',*,*,#2343,.F.);
#3295 = PLANE('',#3296);
#3296 = AXIS2_PLACEMENT_3D('',#3297,#3298,#3299);
#3297 = CARTESIAN_POINT('',(103.,13.,-14.));
#3298 = DIRECTION('',(-0.,1.,0.));
#3299 = DIRECTION('',(0.,0.,1.));
#3300 = ADVANCED_FACE('',(#3301,#3312),#3346,.F.);
#3301 = FACE_BOUND('',#3302,.F.);
#3302 = EDGE_LOOP('',(#3303,#3304,#3305,#3306));
#3303 = ORIENTED_EDGE('',*,*,#2284,.F.);
#3304 = ORIENTED_EDGE('',*,*,#2366,.T.);
#3305 = ORIENTED_EDGE('',*,*,#2157,.T.);
#3306 = ORIENTED_EDGE('',*,*,#3307,.F.);
#3307 = EDGE_CURVE('',#2276,#2158,#3308,.T.);
#3308 = LINE('',#3309,#3310);
#3309 = CARTESIAN_POINT('',(70.,-6.31,0.));
#3310 = VECTOR('',#3311,1.);
#3311 = DIRECTION('',(1.,0.,0.));
#3312 = FACE_BOUND('',#3313,.F.);
#3313 = EDGE_LOOP('',(#3314,#3324,#3332,#3340));
#3314 = ORIENTED_EDGE('',*,*,#3315,.T.);
#3315 = EDGE_CURVE('',#3316,#3318,#3320,.T.);
#3316 = VERTEX_POINT('',#3317);
#3317 = CARTESIAN_POINT('',(102.,-12.46,0.));
#3318 = VERTEX_POINT('',#3319);
#3319 = CARTESIAN_POINT('',(78.,-12.46,0.));
#3320 = LINE('',#3321,#3322);
#3321 = CARTESIAN_POINT('',(75.5,-12.46,0.));
#3322 = VECTOR('',#3323,1.);
#3323 = DIRECTION('',(-1.,-0.,0.));
#3324 = ORIENTED_EDGE('',*,*,#3325,.T.);
#3325 = EDGE_CURVE('',#3318,#3326,#3328,.T.);
#3326 = VERTEX_POINT('',#3327);
#3327 = CARTESIAN_POINT('',(78.,-6.46,0.));
#3328 = LINE('',#3329,#3330);
#3329 = CARTESIAN_POINT('',(78.,-12.48,0.));
#3330 = VECTOR('',#3331,1.);
#3331 = DIRECTION('',(-0.,1.,0.));
#3332 = ORIENTED_EDGE('',*,*,#3333,.F.);
#3333 = EDGE_CURVE('',#3334,#3326,#3336,.T.);
#3334 = VERTEX_POINT('',#3335);
#3335 = CARTESIAN_POINT('',(102.,-6.46,0.));
#3336 = LINE('',#3337,#3338);
#3337 = CARTESIAN_POINT('',(75.5,-6.46,0.));
#3338 = VECTOR('',#3339,1.);
#3339 = DIRECTION('',(-1.,-0.,0.));
#3340 = ORIENTED_EDGE('',*,*,#3341,.F.);
#3341 = EDGE_CURVE('',#3316,#3334,#3342,.T.);
#3342 = LINE('',#3343,#3344);
#3343 = CARTESIAN_POINT('',(102.,-12.48,0.));
#3344 = VECTOR('',#3345,1.);
#3345 = DIRECTION('',(-0.,1.,0.));
#3346 = PLANE('',#3347);
#3347 = AXIS2_PLACEMENT_3D('',#3348,#3349,#3350);
#3348 = CARTESIAN_POINT('',(73.,-12.5,0.));
#3349 = DIRECTION('',(0.,0.,1.));
#3350 = DIRECTION('',(1.,0.,-0.));
#3351 = ADVANCED_FACE('',(#3352),#3370,.F.);
#3352 = FACE_BOUND('',#3353,.F.);
#3353 = EDGE_LOOP('',(#3354,#3362,#3368,#3369));
#3354 = ORIENTED_EDGE('',*,*,#3355,.F.);
#3355 = EDGE_CURVE('',#3356,#3282,#3358,.T.);
#3356 = VERTEX_POINT('',#3357);
#3357 = CARTESIAN_POINT('',(103.,-6.,-14.));
#3358 = LINE('',#3359,#3360);
#3359 = CARTESIAN_POINT('',(103.,-6.,-14.));
#3360 = VECTOR('',#3361,1.);
#3361 = DIRECTION('',(-0.,1.,0.));
#3362 = ORIENTED_EDGE('',*,*,#3363,.T.);
#3363 = EDGE_CURVE('',#3356,#2184,#3364,.T.);
#3364 = LINE('',#3365,#3366);
#3365 = CARTESIAN_POINT('',(103.,-6.,-14.));
#3366 = VECTOR('',#3367,1.);
#3367 = DIRECTION('',(1.,0.,-0.));
#3368 = ORIENTED_EDGE('',*,*,#2191,.T.);
#3369 = ORIENTED_EDGE('',*,*,#3281,.F.);
#3370 = PLANE('',#3371);
#3371 = AXIS2_PLACEMENT_3D('',#3372,#3373,#3374);
#3372 = CARTESIAN_POINT('',(103.,-6.,-14.));
#3373 = DIRECTION('',(0.,0.,1.));
#3374 = DIRECTION('',(1.,0.,-0.));
#3375 = ADVANCED_FACE('',(#3376),#3414,.F.);
#3376 = FACE_BOUND('',#3377,.F.);
#3377 = EDGE_LOOP('',(#3378,#3386,#3393,#3394,#3403,#3409,#3410,#3411,
    #3412,#3413));
#3378 = ORIENTED_EDGE('',*,*,#3379,.F.);
#3379 = EDGE_CURVE('',#3380,#2175,#3382,.T.);
#3380 = VERTEX_POINT('',#3381);
#3381 = CARTESIAN_POINT('',(103.,-6.,-1.953484066994));
#3382 = LINE('',#3383,#3384);
#3383 = CARTESIAN_POINT('',(70.,-6.,-1.953484066994));
#3384 = VECTOR('',#3385,1.);
#3385 = DIRECTION('',(1.,0.,0.));
#3386 = ORIENTED_EDGE('',*,*,#3387,.T.);
#3387 = EDGE_CURVE('',#3380,#2328,#3388,.T.);
#3388 = CIRCLE('',#3389,6.31);
#3389 = AXIS2_PLACEMENT_3D('',#3390,#3391,#3392);
#3390 = CARTESIAN_POINT('',(103.,0.,0.));
#3391 = DIRECTION('',(1.,0.,0.));
#3392 = DIRECTION('',(-0.,0.,1.));
#3393 = ORIENTED_EDGE('',*,*,#2327,.F.);
#3394 = ORIENTED_EDGE('',*,*,#3395,.F.);
#3395 = EDGE_CURVE('',#3396,#2318,#3398,.T.);
#3396 = VERTEX_POINT('',#3397);
#3397 = CARTESIAN_POINT('',(77.,-6.,-1.953484066994));
#3398 = CIRCLE('',#3399,6.31);
#3399 = AXIS2_PLACEMENT_3D('',#3400,#3401,#3402);
#3400 = CARTESIAN_POINT('',(77.,0.,0.));
#3401 = DIRECTION('',(1.,0.,0.));
#3402 = DIRECTION('',(-0.,0.,1.));
#3403 = ORIENTED_EDGE('',*,*,#3404,.F.);
#3404 = EDGE_CURVE('',#2259,#3396,#3405,.T.);
#3405 = LINE('',#3406,#3407);
#3406 = CARTESIAN_POINT('',(70.,-6.,-1.953484066994));
#3407 = VECTOR('',#3408,1.);
#3408 = DIRECTION('',(1.,0.,0.));
#3409 = ORIENTED_EDGE('',*,*,#2266,.T.);
#3410 = ORIENTED_EDGE('',*,*,#2275,.T.);
#3411 = ORIENTED_EDGE('',*,*,#3307,.T.);
#3412 = ORIENTED_EDGE('',*,*,#2165,.F.);
#3413 = ORIENTED_EDGE('',*,*,#2174,.F.);
#3414 = CYLINDRICAL_SURFACE('',#3415,6.31);
#3415 = AXIS2_PLACEMENT_3D('',#3416,#3417,#3418);
#3416 = CARTESIAN_POINT('',(70.,0.,0.));
#3417 = DIRECTION('',(1.,0.,0.));
#3418 = DIRECTION('',(-0.,0.,1.));
#3419 = ADVANCED_FACE('',(#3420),#3431,.F.);
#3420 = FACE_BOUND('',#3421,.F.);
#3421 = EDGE_LOOP('',(#3422,#3423,#3424,#3430));
#3422 = ORIENTED_EDGE('',*,*,#2183,.F.);
#3423 = ORIENTED_EDGE('',*,*,#3363,.F.);
#3424 = ORIENTED_EDGE('',*,*,#3425,.T.);
#3425 = EDGE_CURVE('',#3356,#3380,#3426,.T.);
#3426 = LINE('',#3427,#3428);
#3427 = CARTESIAN_POINT('',(103.,-6.,-14.));
#3428 = VECTOR('',#3429,1.);
#3429 = DIRECTION('',(0.,0.,1.));
#3430 = ORIENTED_EDGE('',*,*,#3379,.T.);
#3431 = PLANE('',#3432);
#3432 = AXIS2_PLACEMENT_3D('',#3433,#3434,#3435);
#3433 = CARTESIAN_POINT('',(103.,-6.,-14.));
#3434 = DIRECTION('',(-0.,1.,0.));
#3435 = DIRECTION('',(0.,0.,1.));
#3436 = ADVANCED_FACE('',(#3437),#3456,.F.);
#3437 = FACE_BOUND('',#3438,.F.);
#3438 = EDGE_LOOP('',(#3439,#3440,#3448,#3455));
#3439 = ORIENTED_EDGE('',*,*,#2215,.F.);
#3440 = ORIENTED_EDGE('',*,*,#3441,.F.);
#3441 = EDGE_CURVE('',#3442,#2216,#3444,.T.);
#3442 = VERTEX_POINT('',#3443);
#3443 = CARTESIAN_POINT('',(103.,3.,-8.2));
#3444 = LINE('',#3445,#3446);
#3445 = CARTESIAN_POINT('',(70.,3.,-8.2));
#3446 = VECTOR('',#3447,1.);
#3447 = DIRECTION('',(1.,0.,0.));
#3448 = ORIENTED_EDGE('',*,*,#3449,.T.);
#3449 = EDGE_CURVE('',#3442,#3442,#3450,.T.);
#3450 = CIRCLE('',#3451,2.3);
#3451 = AXIS2_PLACEMENT_3D('',#3452,#3453,#3454);
#3452 = CARTESIAN_POINT('',(103.,3.,-10.5));
#3453 = DIRECTION('',(1.,0.,0.));
#3454 = DIRECTION('',(-0.,0.,1.));
#3455 = ORIENTED_EDGE('',*,*,#3441,.T.);
#3456 = CYLINDRICAL_SURFACE('',#3457,2.3);
#3457 = AXIS2_PLACEMENT_3D('',#3458,#3459,#3460);
#3458 = CARTESIAN_POINT('',(70.,3.,-10.5));
#3459 = DIRECTION('',(1.,0.,0.));
#3460 = DIRECTION('',(-0.,0.,1.));
#3461 = ADVANCED_FACE('',(#3462),#3480,.T.);
#3462 = FACE_BOUND('',#3463,.T.);
#3463 = EDGE_LOOP('',(#3464,#3472,#3478,#3479));
#3464 = ORIENTED_EDGE('',*,*,#3465,.F.);
#3465 = EDGE_CURVE('',#3466,#2320,#3468,.T.);
#3466 = VERTEX_POINT('',#3467);
#3467 = CARTESIAN_POINT('',(77.,13.,-14.));
#3468 = LINE('',#3469,#3470);
#3469 = CARTESIAN_POINT('',(77.,13.,-14.));
#3470 = VECTOR('',#3471,1.);
#3471 = DIRECTION('',(0.,0.,1.));
#3472 = ORIENTED_EDGE('',*,*,#3473,.F.);
#3473 = EDGE_CURVE('',#2243,#3466,#3474,.T.);
#3474 = LINE('',#3475,#3476);
#3475 = CARTESIAN_POINT('',(73.,13.,-14.));
#3476 = VECTOR('',#3477,1.);
#3477 = DIRECTION('',(1.,0.,-0.));
#3478 = ORIENTED_EDGE('',*,*,#2242,.T.);
#3479 = ORIENTED_EDGE('',*,*,#2352,.F.);
#3480 = PLANE('',#3481);
#3481 = AXIS2_PLACEMENT_3D('',#3482,#3483,#3484);
#3482 = CARTESIAN_POINT('',(73.,13.,-14.));
#3483 = DIRECTION('',(-0.,1.,0.));
#3484 = DIRECTION('',(0.,0.,1.));
#3485 = ADVANCED_FACE('',(#3486),#3504,.F.);
#3486 = FACE_BOUND('',#3487,.F.);
#3487 = EDGE_LOOP('',(#3488,#3489,#3497,#3503));
#3488 = ORIENTED_EDGE('',*,*,#2250,.F.);
#3489 = ORIENTED_EDGE('',*,*,#3490,.T.);
#3490 = EDGE_CURVE('',#2251,#3491,#3493,.T.);
#3491 = VERTEX_POINT('',#3492);
#3492 = CARTESIAN_POINT('',(77.,-6.,-14.));
#3493 = LINE('',#3494,#3495);
#3494 = CARTESIAN_POINT('',(73.,-6.,-14.));
#3495 = VECTOR('',#3496,1.);
#3496 = DIRECTION('',(1.,0.,-0.));
#3497 = ORIENTED_EDGE('',*,*,#3498,.T.);
#3498 = EDGE_CURVE('',#3491,#3466,#3499,.T.);
#3499 = LINE('',#3500,#3501);
#3500 = CARTESIAN_POINT('',(77.,-6.,-14.));
#3501 = VECTOR('',#3502,1.);
#3502 = DIRECTION('',(-0.,1.,0.));
#3503 = ORIENTED_EDGE('',*,*,#3473,.F.);
#3504 = PLANE('',#3505);
#3505 = AXIS2_PLACEMENT_3D('',#3506,#3507,#3508);
#3506 = CARTESIAN_POINT('',(73.,-6.,-14.));
#3507 = DIRECTION('',(0.,0.,1.));
#3508 = DIRECTION('',(1.,0.,-0.));
#3509 = ADVANCED_FACE('',(#3510),#3521,.F.);
#3510 = FACE_BOUND('',#3511,.F.);
#3511 = EDGE_LOOP('',(#3512,#3518,#3519,#3520));
#3512 = ORIENTED_EDGE('',*,*,#3513,.F.);
#3513 = EDGE_CURVE('',#3491,#3396,#3514,.T.);
#3514 = LINE('',#3515,#3516);
#3515 = CARTESIAN_POINT('',(77.,-6.,-14.));
#3516 = VECTOR('',#3517,1.);
#3517 = DIRECTION('',(0.,0.,1.));
#3518 = ORIENTED_EDGE('',*,*,#3490,.F.);
#3519 = ORIENTED_EDGE('',*,*,#2258,.T.);
#3520 = ORIENTED_EDGE('',*,*,#3404,.T.);
#3521 = PLANE('',#3522);
#3522 = AXIS2_PLACEMENT_3D('',#3523,#3524,#3525);
#3523 = CARTESIAN_POINT('',(73.,-6.,-14.));
#3524 = DIRECTION('',(-0.,1.,0.));
#3525 = DIRECTION('',(0.,0.,1.));
#3526 = ADVANCED_FACE('',(#3527),#3546,.F.);
#3527 = FACE_BOUND('',#3528,.F.);
#3528 = EDGE_LOOP('',(#3529,#3538,#3544,#3545));
#3529 = ORIENTED_EDGE('',*,*,#3530,.F.);
#3530 = EDGE_CURVE('',#3531,#3531,#3533,.T.);
#3531 = VERTEX_POINT('',#3532);
#3532 = CARTESIAN_POINT('',(77.,3.,-8.2));
#3533 = CIRCLE('',#3534,2.3);
#3534 = AXIS2_PLACEMENT_3D('',#3535,#3536,#3537);
#3535 = CARTESIAN_POINT('',(77.,3.,-10.5));
#3536 = DIRECTION('',(1.,0.,0.));
#3537 = DIRECTION('',(-0.,0.,1.));
#3538 = ORIENTED_EDGE('',*,*,#3539,.F.);
#3539 = EDGE_CURVE('',#2301,#3531,#3540,.T.);
#3540 = LINE('',#3541,#3542);
#3541 = CARTESIAN_POINT('',(70.,3.,-8.2));
#3542 = VECTOR('',#3543,1.);
#3543 = DIRECTION('',(1.,0.,0.));
#3544 = ORIENTED_EDGE('',*,*,#2300,.T.);
#3545 = ORIENTED_EDGE('',*,*,#3539,.T.);
#3546 = CYLINDRICAL_SURFACE('',#3547,2.3);
#3547 = AXIS2_PLACEMENT_3D('',#3548,#3549,#3550);
#3548 = CARTESIAN_POINT('',(70.,3.,-10.5));
#3549 = DIRECTION('',(1.,0.,0.));
#3550 = DIRECTION('',(-0.,0.,1.));
#3551 = ADVANCED_FACE('',(#3552,#3559),#3562,.T.);
#3552 = FACE_BOUND('',#3553,.T.);
#3553 = EDGE_LOOP('',(#3554,#3555,#3556,#3557,#3558));
#3554 = ORIENTED_EDGE('',*,*,#3513,.F.);
#3555 = ORIENTED_EDGE('',*,*,#3498,.T.);
#3556 = ORIENTED_EDGE('',*,*,#3465,.T.);
#3557 = ORIENTED_EDGE('',*,*,#2317,.F.);
#3558 = ORIENTED_EDGE('',*,*,#3395,.F.);
#3559 = FACE_BOUND('',#3560,.T.);
#3560 = EDGE_LOOP('',(#3561));
#3561 = ORIENTED_EDGE('',*,*,#3530,.F.);
#3562 = PLANE('',#3563);
#3563 = AXIS2_PLACEMENT_3D('',#3564,#3565,#3566);
#3564 = CARTESIAN_POINT('',(77.,-6.,-14.));
#3565 = DIRECTION('',(1.,0.,-0.));
#3566 = DIRECTION('',(0.,0.,1.));
#3567 = ADVANCED_FACE('',(#3568,#3575),#3578,.F.);
#3568 = FACE_BOUND('',#3569,.F.);
#3569 = EDGE_LOOP('',(#3570,#3571,#3572,#3573,#3574));
#3570 = ORIENTED_EDGE('',*,*,#3425,.F.);
#3571 = ORIENTED_EDGE('',*,*,#3355,.T.);
#3572 = ORIENTED_EDGE('',*,*,#3289,.T.);
#3573 = ORIENTED_EDGE('',*,*,#2335,.F.);
#3574 = ORIENTED_EDGE('',*,*,#3387,.F.);
#3575 = FACE_BOUND('',#3576,.F.);
#3576 = EDGE_LOOP('',(#3577));
#3577 = ORIENTED_EDGE('',*,*,#3449,.F.);
#3578 = PLANE('',#3579);
#3579 = AXIS2_PLACEMENT_3D('',#3580,#3581,#3582);
#3580 = CARTESIAN_POINT('',(103.,-6.,-14.));
#3581 = DIRECTION('',(1.,0.,-0.));
#3582 = DIRECTION('',(0.,0.,1.));
#3583 = ADVANCED_FACE('',(#3584),#3609,.F.);
#3584 = FACE_BOUND('',#3585,.F.);
#3585 = EDGE_LOOP('',(#3586,#3594,#3602,#3608));
#3586 = ORIENTED_EDGE('',*,*,#3587,.F.);
#3587 = EDGE_CURVE('',#3588,#2419,#3590,.T.);
#3588 = VERTEX_POINT('',#3589);
#3589 = CARTESIAN_POINT('',(-78.,-12.46,-8.));
#3590 = LINE('',#3591,#3592);
#3591 = CARTESIAN_POINT('',(-78.,-12.46,-8.));
#3592 = VECTOR('',#3593,1.);
#3593 = DIRECTION('',(0.,0.,1.));
#3594 = ORIENTED_EDGE('',*,*,#3595,.F.);
#3595 = EDGE_CURVE('',#3596,#3588,#3598,.T.);
#3596 = VERTEX_POINT('',#3597);
#3597 = CARTESIAN_POINT('',(-102.,-12.46,-8.));
#3598 = LINE('',#3599,#3600);
#3599 = CARTESIAN_POINT('',(-102.,-12.46,-8.));
#3600 = VECTOR('',#3601,1.);
#3601 = DIRECTION('',(1.,0.,-0.));
#3602 = ORIENTED_EDGE('',*,*,#3603,.T.);
#3603 = EDGE_CURVE('',#3596,#2421,#3604,.T.);
#3604 = LINE('',#3605,#3606);
#3605 = CARTESIAN_POINT('',(-102.,-12.46,-8.));
#3606 = VECTOR('',#3607,1.);
#3607 = DIRECTION('',(0.,0.,1.));
#3608 = ORIENTED_EDGE('',*,*,#2418,.F.);
#3609 = PLANE('',#3610);
#3610 = AXIS2_PLACEMENT_3D('',#3611,#3612,#3613);
#3611 = CARTESIAN_POINT('',(-102.,-12.46,-8.));
#3612 = DIRECTION('',(-0.,1.,0.));
#3613 = DIRECTION('',(0.,0.,1.));
#3614 = ADVANCED_FACE('',(#3615),#3633,.T.);
#3615 = FACE_BOUND('',#3616,.T.);
#3616 = EDGE_LOOP('',(#3617,#3618,#3626,#3632));
#3617 = ORIENTED_EDGE('',*,*,#3587,.F.);
#3618 = ORIENTED_EDGE('',*,*,#3619,.T.);
#3619 = EDGE_CURVE('',#3588,#3620,#3622,.T.);
#3620 = VERTEX_POINT('',#3621);
#3621 = CARTESIAN_POINT('',(-78.,-6.46,-8.));
#3622 = LINE('',#3623,#3624);
#3623 = CARTESIAN_POINT('',(-78.,-12.46,-8.));
#3624 = VECTOR('',#3625,1.);
#3625 = DIRECTION('',(-0.,1.,0.));
#3626 = ORIENTED_EDGE('',*,*,#3627,.T.);
#3627 = EDGE_CURVE('',#3620,#2437,#3628,.T.);
#3628 = LINE('',#3629,#3630);
#3629 = CARTESIAN_POINT('',(-78.,-6.46,-8.));
#3630 = VECTOR('',#3631,1.);
#3631 = DIRECTION('',(0.,0.,1.));
#3632 = ORIENTED_EDGE('',*,*,#2444,.F.);
#3633 = PLANE('',#3634);
#3634 = AXIS2_PLACEMENT_3D('',#3635,#3636,#3637);
#3635 = CARTESIAN_POINT('',(-78.,-12.46,-8.));
#3636 = DIRECTION('',(1.,0.,-0.));
#3637 = DIRECTION('',(0.,0.,1.));
#3638 = ADVANCED_FACE('',(#3639),#3657,.F.);
#3639 = FACE_BOUND('',#3640,.F.);
#3640 = EDGE_LOOP('',(#3641,#3642,#3650,#3656));
#3641 = ORIENTED_EDGE('',*,*,#3603,.F.);
#3642 = ORIENTED_EDGE('',*,*,#3643,.T.);
#3643 = EDGE_CURVE('',#3596,#3644,#3646,.T.);
#3644 = VERTEX_POINT('',#3645);
#3645 = CARTESIAN_POINT('',(-102.,-6.46,-8.));
#3646 = LINE('',#3647,#3648);
#3647 = CARTESIAN_POINT('',(-102.,-12.46,-8.));
#3648 = VECTOR('',#3649,1.);
#3649 = DIRECTION('',(-0.,1.,0.));
#3650 = ORIENTED_EDGE('',*,*,#3651,.T.);
#3651 = EDGE_CURVE('',#3644,#2429,#3652,.T.);
#3652 = LINE('',#3653,#3654);
#3653 = CARTESIAN_POINT('',(-102.,-6.46,-8.));
#3654 = VECTOR('',#3655,1.);
#3655 = DIRECTION('',(0.,0.,1.));
#3656 = ORIENTED_EDGE('',*,*,#2428,.F.);
#3657 = PLANE('',#3658);
#3658 = AXIS2_PLACEMENT_3D('',#3659,#3660,#3661);
#3659 = CARTESIAN_POINT('',(-102.,-12.46,-8.));
#3660 = DIRECTION('',(1.,0.,-0.));
#3661 = DIRECTION('',(0.,0.,1.));
#3662 = ADVANCED_FACE('',(#3663),#3674,.T.);
#3663 = FACE_BOUND('',#3664,.T.);
#3664 = EDGE_LOOP('',(#3665,#3666,#3672,#3673));
#3665 = ORIENTED_EDGE('',*,*,#3627,.F.);
#3666 = ORIENTED_EDGE('',*,*,#3667,.F.);
#3667 = EDGE_CURVE('',#3644,#3620,#3668,.T.);
#3668 = LINE('',#3669,#3670);
#3669 = CARTESIAN_POINT('',(-102.,-6.46,-8.));
#3670 = VECTOR('',#3671,1.);
#3671 = DIRECTION('',(1.,0.,-0.));
#3672 = ORIENTED_EDGE('',*,*,#3651,.T.);
#3673 = ORIENTED_EDGE('',*,*,#2436,.F.);
#3674 = PLANE('',#3675);
#3675 = AXIS2_PLACEMENT_3D('',#3676,#3677,#3678);
#3676 = CARTESIAN_POINT('',(-102.,-6.46,-8.));
#3677 = DIRECTION('',(-0.,1.,0.));
#3678 = DIRECTION('',(0.,0.,1.));
#3679 = ADVANCED_FACE('',(#3680,#3696),#3707,.F.);
#3680 = FACE_BOUND('',#3681,.F.);
#3681 = EDGE_LOOP('',(#3682,#3683,#3689,#3690));
#3682 = ORIENTED_EDGE('',*,*,#2835,.T.);
#3683 = ORIENTED_EDGE('',*,*,#3684,.T.);
#3684 = EDGE_CURVE('',#2838,#2954,#3685,.T.);
#3685 = LINE('',#3686,#3687);
#3686 = CARTESIAN_POINT('',(-53.,258.265,20.));
#3687 = VECTOR('',#3688,1.);
#3688 = DIRECTION('',(0.,0.,1.));
#3689 = ORIENTED_EDGE('',*,*,#2951,.F.);
#3690 = ORIENTED_EDGE('',*,*,#3691,.F.);
#3691 = EDGE_CURVE('',#2836,#2952,#3692,.T.);
#3692 = LINE('',#3693,#3694);
#3693 = CARTESIAN_POINT('',(-31.,258.265,20.));
#3694 = VECTOR('',#3695,1.);
#3695 = DIRECTION('',(0.,0.,1.));
#3696 = FACE_BOUND('',#3697,.F.);
#3697 = EDGE_LOOP('',(#3698));
#3698 = ORIENTED_EDGE('',*,*,#3699,.F.);
#3699 = EDGE_CURVE('',#3700,#3700,#3702,.T.);
#3700 = VERTEX_POINT('',#3701);
#3701 = CARTESIAN_POINT('',(-42.,258.265,36.8));
#3702 = CIRCLE('',#3703,5.8);
#3703 = AXIS2_PLACEMENT_3D('',#3704,#3705,#3706);
#3704 = CARTESIAN_POINT('',(-42.,258.265,31.));
#3705 = DIRECTION('',(0.,1.,0.));
#3706 = DIRECTION('',(0.,-0.,1.));
#3707 = PLANE('',#3708);
#3708 = AXIS2_PLACEMENT_3D('',#3709,#3710,#3711);
#3709 = CARTESIAN_POINT('',(-53.,258.265,20.));
#3710 = DIRECTION('',(-0.,1.,0.));
#3711 = DIRECTION('',(0.,0.,1.));
#3712 = ADVANCED_FACE('',(#3713),#3724,.T.);
#3713 = FACE_BOUND('',#3714,.T.);
#3714 = EDGE_LOOP('',(#3715,#3716,#3717,#3723));
#3715 = ORIENTED_EDGE('',*,*,#3691,.F.);
#3716 = ORIENTED_EDGE('',*,*,#2861,.T.);
#3717 = ORIENTED_EDGE('',*,*,#3718,.T.);
#3718 = EDGE_CURVE('',#2854,#2970,#3719,.T.);
#3719 = LINE('',#3720,#3721);
#3720 = CARTESIAN_POINT('',(-31.,276.665,20.));
#3721 = VECTOR('',#3722,1.);
#3722 = DIRECTION('',(0.,0.,1.));
#3723 = ORIENTED_EDGE('',*,*,#2977,.F.);
#3724 = PLANE('',#3725);
#3725 = AXIS2_PLACEMENT_3D('',#3726,#3727,#3728);
#3726 = CARTESIAN_POINT('',(-31.,258.265,20.));
#3727 = DIRECTION('',(1.,0.,-0.));
#3728 = DIRECTION('',(0.,0.,1.));
#3729 = ADVANCED_FACE('',(#3730),#3741,.F.);
#3730 = FACE_BOUND('',#3731,.F.);
#3731 = EDGE_LOOP('',(#3732,#3733,#3734,#3740));
#3732 = ORIENTED_EDGE('',*,*,#3684,.F.);
#3733 = ORIENTED_EDGE('',*,*,#2845,.T.);
#3734 = ORIENTED_EDGE('',*,*,#3735,.T.);
#3735 = EDGE_CURVE('',#2846,#2962,#3736,.T.);
#3736 = LINE('',#3737,#3738);
#3737 = CARTESIAN_POINT('',(-53.,276.665,20.));
#3738 = VECTOR('',#3739,1.);
#3739 = DIRECTION('',(0.,0.,1.));
#3740 = ORIENTED_EDGE('',*,*,#2961,.F.);
#3741 = PLANE('',#3742);
#3742 = AXIS2_PLACEMENT_3D('',#3743,#3744,#3745);
#3743 = CARTESIAN_POINT('',(-53.,258.265,20.));
#3744 = DIRECTION('',(1.,0.,-0.));
#3745 = DIRECTION('',(0.,0.,1.));
#3746 = ADVANCED_FACE('',(#3747,#3753),#3764,.T.);
#3747 = FACE_BOUND('',#3748,.T.);
#3748 = EDGE_LOOP('',(#3749,#3750,#3751,#3752));
#3749 = ORIENTED_EDGE('',*,*,#2853,.T.);
#3750 = ORIENTED_EDGE('',*,*,#3735,.T.);
#3751 = ORIENTED_EDGE('',*,*,#2969,.F.);
#3752 = ORIENTED_EDGE('',*,*,#3718,.F.);
#3753 = FACE_BOUND('',#3754,.T.);
#3754 = EDGE_LOOP('',(#3755));
#3755 = ORIENTED_EDGE('',*,*,#3756,.F.);
#3756 = EDGE_CURVE('',#3757,#3757,#3759,.T.);
#3757 = VERTEX_POINT('',#3758);
#3758 = CARTESIAN_POINT('',(-42.,276.665,37.));
#3759 = CIRCLE('',#3760,6.);
#3760 = AXIS2_PLACEMENT_3D('',#3761,#3762,#3763);
#3761 = CARTESIAN_POINT('',(-42.,276.665,31.));
#3762 = DIRECTION('',(0.,1.,0.));
#3763 = DIRECTION('',(0.,-0.,1.));
#3764 = PLANE('',#3765);
#3765 = AXIS2_PLACEMENT_3D('',#3766,#3767,#3768);
#3766 = CARTESIAN_POINT('',(-53.,276.665,20.));
#3767 = DIRECTION('',(-0.,1.,0.));
#3768 = DIRECTION('',(0.,0.,1.));
#3769 = ADVANCED_FACE('',(#3770,#3786),#3797,.F.);
#3770 = FACE_BOUND('',#3771,.F.);
#3771 = EDGE_LOOP('',(#3772,#3773,#3779,#3780));
#3772 = ORIENTED_EDGE('',*,*,#2869,.T.);
#3773 = ORIENTED_EDGE('',*,*,#3774,.T.);
#3774 = EDGE_CURVE('',#2872,#2988,#3775,.T.);
#3775 = LINE('',#3776,#3777);
#3776 = CARTESIAN_POINT('',(31.,258.265,20.));
#3777 = VECTOR('',#3778,1.);
#3778 = DIRECTION('',(0.,0.,1.));
#3779 = ORIENTED_EDGE('',*,*,#2985,.F.);
#3780 = ORIENTED_EDGE('',*,*,#3781,.F.);
#3781 = EDGE_CURVE('',#2870,#2986,#3782,.T.);
#3782 = LINE('',#3783,#3784);
#3783 = CARTESIAN_POINT('',(53.,258.265,20.));
#3784 = VECTOR('',#3785,1.);
#3785 = DIRECTION('',(0.,0.,1.));
#3786 = FACE_BOUND('',#3787,.F.);
#3787 = EDGE_LOOP('',(#3788));
#3788 = ORIENTED_EDGE('',*,*,#3789,.F.);
#3789 = EDGE_CURVE('',#3790,#3790,#3792,.T.);
#3790 = VERTEX_POINT('',#3791);
#3791 = CARTESIAN_POINT('',(42.,258.265,36.8));
#3792 = CIRCLE('',#3793,5.8);
#3793 = AXIS2_PLACEMENT_3D('',#3794,#3795,#3796);
#3794 = CARTESIAN_POINT('',(42.,258.265,31.));
#3795 = DIRECTION('',(0.,1.,0.));
#3796 = DIRECTION('',(0.,-0.,1.));
#3797 = PLANE('',#3798);
#3798 = AXIS2_PLACEMENT_3D('',#3799,#3800,#3801);
#3799 = CARTESIAN_POINT('',(31.,258.265,20.));
#3800 = DIRECTION('',(-0.,1.,0.));
#3801 = DIRECTION('',(0.,0.,1.));
#3802 = ADVANCED_FACE('',(#3803),#3814,.T.);
#3803 = FACE_BOUND('',#3804,.T.);
#3804 = EDGE_LOOP('',(#3805,#3806,#3807,#3813));
#3805 = ORIENTED_EDGE('',*,*,#3781,.F.);
#3806 = ORIENTED_EDGE('',*,*,#2895,.T.);
#3807 = ORIENTED_EDGE('',*,*,#3808,.T.);
#3808 = EDGE_CURVE('',#2888,#3004,#3809,.T.);
#3809 = LINE('',#3810,#3811);
#3810 = CARTESIAN_POINT('',(53.,276.665,20.));
#3811 = VECTOR('',#3812,1.);
#3812 = DIRECTION('',(0.,0.,1.));
#3813 = ORIENTED_EDGE('',*,*,#3011,.F.);
#3814 = PLANE('',#3815);
#3815 = AXIS2_PLACEMENT_3D('',#3816,#3817,#3818);
#3816 = CARTESIAN_POINT('',(53.,258.265,20.));
#3817 = DIRECTION('',(1.,0.,-0.));
#3818 = DIRECTION('',(0.,0.,1.));
#3819 = ADVANCED_FACE('',(#3820,#3831),#3842,.T.);
#3820 = FACE_BOUND('',#3821,.T.);
#3821 = EDGE_LOOP('',(#3822,#3823,#3829,#3830));
#3822 = ORIENTED_EDGE('',*,*,#2887,.T.);
#3823 = ORIENTED_EDGE('',*,*,#3824,.T.);
#3824 = EDGE_CURVE('',#2880,#2996,#3825,.T.);
#3825 = LINE('',#3826,#3827);
#3826 = CARTESIAN_POINT('',(31.,276.665,20.));
#3827 = VECTOR('',#3828,1.);
#3828 = DIRECTION('',(0.,0.,1.));
#3829 = ORIENTED_EDGE('',*,*,#3003,.F.);
#3830 = ORIENTED_EDGE('',*,*,#3808,.F.);
#3831 = FACE_BOUND('',#3832,.T.);
#3832 = EDGE_LOOP('',(#3833));
#3833 = ORIENTED_EDGE('',*,*,#3834,.F.);
#3834 = EDGE_CURVE('',#3835,#3835,#3837,.T.);
#3835 = VERTEX_POINT('',#3836);
#3836 = CARTESIAN_POINT('',(42.,276.665,37.));
#3837 = CIRCLE('',#3838,6.);
#3838 = AXIS2_PLACEMENT_3D('',#3839,#3840,#3841);
#3839 = CARTESIAN_POINT('',(42.,276.665,31.));
#3840 = DIRECTION('',(0.,1.,0.));
#3841 = DIRECTION('',(0.,-0.,1.));
#3842 = PLANE('',#3843);
#3843 = AXIS2_PLACEMENT_3D('',#3844,#3845,#3846);
#3844 = CARTESIAN_POINT('',(31.,276.665,20.));
#3845 = DIRECTION('',(-0.,1.,0.));
#3846 = DIRECTION('',(0.,0.,1.));
#3847 = ADVANCED_FACE('',(#3848),#3854,.F.);
#3848 = FACE_BOUND('',#3849,.F.);
#3849 = EDGE_LOOP('',(#3850,#3851,#3852,#3853));
#3850 = ORIENTED_EDGE('',*,*,#3774,.F.);
#3851 = ORIENTED_EDGE('',*,*,#2879,.T.);
#3852 = ORIENTED_EDGE('',*,*,#3824,.T.);
#3853 = ORIENTED_EDGE('',*,*,#2995,.F.);
#3854 = PLANE('',#3855);
#3855 = AXIS2_PLACEMENT_3D('',#3856,#3857,#3858);
#3856 = CARTESIAN_POINT('',(31.,258.265,20.));
#3857 = DIRECTION('',(1.,0.,-0.));
#3858 = DIRECTION('',(0.,0.,1.));
#3859 = ADVANCED_FACE('',(#3860),#3885,.F.);
#3860 = FACE_BOUND('',#3861,.F.);
#3861 = EDGE_LOOP('',(#3862,#3863,#3871,#3879));
#3862 = ORIENTED_EDGE('',*,*,#3067,.T.);
#3863 = ORIENTED_EDGE('',*,*,#3864,.T.);
#3864 = EDGE_CURVE('',#3070,#3865,#3867,.T.);
#3865 = VERTEX_POINT('',#3866);
#3866 = CARTESIAN_POINT('',(-53.,258.265,44.));
#3867 = LINE('',#3868,#3869);
#3868 = CARTESIAN_POINT('',(-53.,258.265,20.));
#3869 = VECTOR('',#3870,1.);
#3870 = DIRECTION('',(0.,0.,1.));
#3871 = ORIENTED_EDGE('',*,*,#3872,.T.);
#3872 = EDGE_CURVE('',#3865,#3873,#3875,.T.);
#3873 = VERTEX_POINT('',#3874);
#3874 = CARTESIAN_POINT('',(-31.,258.265,44.));
#3875 = LINE('',#3876,#3877);
#3876 = CARTESIAN_POINT('',(-53.,258.265,44.));
#3877 = VECTOR('',#3878,1.);
#3878 = DIRECTION('',(1.,0.,-0.));
#3879 = ORIENTED_EDGE('',*,*,#3880,.F.);
#3880 = EDGE_CURVE('',#3068,#3873,#3881,.T.);
#3881 = LINE('',#3882,#3883);
#3882 = CARTESIAN_POINT('',(-31.,258.265,20.));
#3883 = VECTOR('',#3884,1.);
#3884 = DIRECTION('',(0.,0.,1.));
#3885 = PLANE('',#3886);
#3886 = AXIS2_PLACEMENT_3D('',#3887,#3888,#3889);
#3887 = CARTESIAN_POINT('',(-53.,258.265,20.));
#3888 = DIRECTION('',(-0.,1.,0.));
#3889 = DIRECTION('',(0.,0.,1.));
#3890 = ADVANCED_FACE('',(#3891),#3909,.T.);
#3891 = FACE_BOUND('',#3892,.T.);
#3892 = EDGE_LOOP('',(#3893,#3894,#3895,#3903));
#3893 = ORIENTED_EDGE('',*,*,#3880,.F.);
#3894 = ORIENTED_EDGE('',*,*,#3093,.T.);
#3895 = ORIENTED_EDGE('',*,*,#3896,.T.);
#3896 = EDGE_CURVE('',#3086,#3897,#3899,.T.);
#3897 = VERTEX_POINT('',#3898);
#3898 = CARTESIAN_POINT('',(-31.,276.665,44.));
#3899 = LINE('',#3900,#3901);
#3900 = CARTESIAN_POINT('',(-31.,276.665,20.));
#3901 = VECTOR('',#3902,1.);
#3902 = DIRECTION('',(0.,0.,1.));
#3903 = ORIENTED_EDGE('',*,*,#3904,.F.);
#3904 = EDGE_CURVE('',#3873,#3897,#3905,.T.);
#3905 = LINE('',#3906,#3907);
#3906 = CARTESIAN_POINT('',(-31.,258.265,44.));
#3907 = VECTOR('',#3908,1.);
#3908 = DIRECTION('',(-0.,1.,0.));
#3909 = PLANE('',#3910);
#3910 = AXIS2_PLACEMENT_3D('',#3911,#3912,#3913);
#3911 = CARTESIAN_POINT('',(-31.,258.265,20.));
#3912 = DIRECTION('',(1.,0.,-0.));
#3913 = DIRECTION('',(0.,0.,1.));
#3914 = ADVANCED_FACE('',(#3915),#3933,.F.);
#3915 = FACE_BOUND('',#3916,.F.);
#3916 = EDGE_LOOP('',(#3917,#3918,#3919,#3927));
#3917 = ORIENTED_EDGE('',*,*,#3864,.F.);
#3918 = ORIENTED_EDGE('',*,*,#3077,.T.);
#3919 = ORIENTED_EDGE('',*,*,#3920,.T.);
#3920 = EDGE_CURVE('',#3078,#3921,#3923,.T.);
#3921 = VERTEX_POINT('',#3922);
#3922 = CARTESIAN_POINT('',(-53.,276.665,44.));
#3923 = LINE('',#3924,#3925);
#3924 = CARTESIAN_POINT('',(-53.,276.665,20.));
#3925 = VECTOR('',#3926,1.);
#3926 = DIRECTION('',(0.,0.,1.));
#3927 = ORIENTED_EDGE('',*,*,#3928,.F.);
#3928 = EDGE_CURVE('',#3865,#3921,#3929,.T.);
#3929 = LINE('',#3930,#3931);
#3930 = CARTESIAN_POINT('',(-53.,258.265,44.));
#3931 = VECTOR('',#3932,1.);
#3932 = DIRECTION('',(-0.,1.,0.));
#3933 = PLANE('',#3934);
#3934 = AXIS2_PLACEMENT_3D('',#3935,#3936,#3937);
#3935 = CARTESIAN_POINT('',(-53.,258.265,20.));
#3936 = DIRECTION('',(1.,0.,-0.));
#3937 = DIRECTION('',(0.,0.,1.));
#3938 = ADVANCED_FACE('',(#3939),#3950,.T.);
#3939 = FACE_BOUND('',#3940,.T.);
#3940 = EDGE_LOOP('',(#3941,#3942,#3943,#3949));
#3941 = ORIENTED_EDGE('',*,*,#3085,.T.);
#3942 = ORIENTED_EDGE('',*,*,#3920,.T.);
#3943 = ORIENTED_EDGE('',*,*,#3944,.T.);
#3944 = EDGE_CURVE('',#3921,#3897,#3945,.T.);
#3945 = LINE('',#3946,#3947);
#3946 = CARTESIAN_POINT('',(-53.,276.665,44.));
#3947 = VECTOR('',#3948,1.);
#3948 = DIRECTION('',(1.,0.,-0.));
#3949 = ORIENTED_EDGE('',*,*,#3896,.F.);
#3950 = PLANE('',#3951);
#3951 = AXIS2_PLACEMENT_3D('',#3952,#3953,#3954);
#3952 = CARTESIAN_POINT('',(-53.,276.665,20.));
#3953 = DIRECTION('',(-0.,1.,0.));
#3954 = DIRECTION('',(0.,0.,1.));
#3955 = ADVANCED_FACE('',(#3956),#3981,.F.);
#3956 = FACE_BOUND('',#3957,.F.);
#3957 = EDGE_LOOP('',(#3958,#3959,#3967,#3975));
#3958 = ORIENTED_EDGE('',*,*,#3101,.T.);
#3959 = ORIENTED_EDGE('',*,*,#3960,.T.);
#3960 = EDGE_CURVE('',#3104,#3961,#3963,.T.);
#3961 = VERTEX_POINT('',#3962);
#3962 = CARTESIAN_POINT('',(31.,258.265,44.));
#3963 = LINE('',#3964,#3965);
#3964 = CARTESIAN_POINT('',(31.,258.265,20.));
#3965 = VECTOR('',#3966,1.);
#3966 = DIRECTION('',(0.,0.,1.));
#3967 = ORIENTED_EDGE('',*,*,#3968,.T.);
#3968 = EDGE_CURVE('',#3961,#3969,#3971,.T.);
#3969 = VERTEX_POINT('',#3970);
#3970 = CARTESIAN_POINT('',(53.,258.265,44.));
#3971 = LINE('',#3972,#3973);
#3972 = CARTESIAN_POINT('',(31.,258.265,44.));
#3973 = VECTOR('',#3974,1.);
#3974 = DIRECTION('',(1.,0.,-0.));
#3975 = ORIENTED_EDGE('',*,*,#3976,.F.);
#3976 = EDGE_CURVE('',#3102,#3969,#3977,.T.);
#3977 = LINE('',#3978,#3979);
#3978 = CARTESIAN_POINT('',(53.,258.265,20.));
#3979 = VECTOR('',#3980,1.);
#3980 = DIRECTION('',(0.,0.,1.));
#3981 = PLANE('',#3982);
#3982 = AXIS2_PLACEMENT_3D('',#3983,#3984,#3985);
#3983 = CARTESIAN_POINT('',(31.,258.265,20.));
#3984 = DIRECTION('',(-0.,1.,0.));
#3985 = DIRECTION('',(0.,0.,1.));
#3986 = ADVANCED_FACE('',(#3987),#4005,.T.);
#3987 = FACE_BOUND('',#3988,.T.);
#3988 = EDGE_LOOP('',(#3989,#3990,#3991,#3999));
#3989 = ORIENTED_EDGE('',*,*,#3976,.F.);
#3990 = ORIENTED_EDGE('',*,*,#3127,.T.);
#3991 = ORIENTED_EDGE('',*,*,#3992,.T.);
#3992 = EDGE_CURVE('',#3120,#3993,#3995,.T.);
#3993 = VERTEX_POINT('',#3994);
#3994 = CARTESIAN_POINT('',(53.,276.665,44.));
#3995 = LINE('',#3996,#3997);
#3996 = CARTESIAN_POINT('',(53.,276.665,20.));
#3997 = VECTOR('',#3998,1.);
#3998 = DIRECTION('',(0.,0.,1.));
#3999 = ORIENTED_EDGE('',*,*,#4000,.F.);
#4000 = EDGE_CURVE('',#3969,#3993,#4001,.T.);
#4001 = LINE('',#4002,#4003);
#4002 = CARTESIAN_POINT('',(53.,258.265,44.));
#4003 = VECTOR('',#4004,1.);
#4004 = DIRECTION('',(-0.,1.,0.));
#4005 = PLANE('',#4006);
#4006 = AXIS2_PLACEMENT_3D('',#4007,#4008,#4009);
#4007 = CARTESIAN_POINT('',(53.,258.265,20.));
#4008 = DIRECTION('',(1.,0.,-0.));
#4009 = DIRECTION('',(0.,0.,1.));
#4010 = ADVANCED_FACE('',(#4011),#4029,.T.);
#4011 = FACE_BOUND('',#4012,.T.);
#4012 = EDGE_LOOP('',(#4013,#4014,#4022,#4028));
#4013 = ORIENTED_EDGE('',*,*,#3119,.T.);
#4014 = ORIENTED_EDGE('',*,*,#4015,.T.);
#4015 = EDGE_CURVE('',#3112,#4016,#4018,.T.);
#4016 = VERTEX_POINT('',#4017);
#4017 = CARTESIAN_POINT('',(31.,276.665,44.));
#4018 = LINE('',#4019,#4020);
#4019 = CARTESIAN_POINT('',(31.,276.665,20.));
#4020 = VECTOR('',#4021,1.);
#4021 = DIRECTION('',(0.,0.,1.));
#4022 = ORIENTED_EDGE('',*,*,#4023,.T.);
#4023 = EDGE_CURVE('',#4016,#3993,#4024,.T.);
#4024 = LINE('',#4025,#4026);
#4025 = CARTESIAN_POINT('',(31.,276.665,44.));
#4026 = VECTOR('',#4027,1.);
#4027 = DIRECTION('',(1.,0.,-0.));
#4028 = ORIENTED_EDGE('',*,*,#3992,.F.);
#4029 = PLANE('',#4030);
#4030 = AXIS2_PLACEMENT_3D('',#4031,#4032,#4033);
#4031 = CARTESIAN_POINT('',(31.,276.665,20.));
#4032 = DIRECTION('',(-0.,1.,0.));
#4033 = DIRECTION('',(0.,0.,1.));
#4034 = ADVANCED_FACE('',(#4035),#4046,.F.);
#4035 = FACE_BOUND('',#4036,.F.);
#4036 = EDGE_LOOP('',(#4037,#4038,#4039,#4040));
#4037 = ORIENTED_EDGE('',*,*,#3960,.F.);
#4038 = ORIENTED_EDGE('',*,*,#3111,.T.);
#4039 = ORIENTED_EDGE('',*,*,#4015,.T.);
#4040 = ORIENTED_EDGE('',*,*,#4041,.F.);
#4041 = EDGE_CURVE('',#3961,#4016,#4042,.T.);
#4042 = LINE('',#4043,#4044);
#4043 = CARTESIAN_POINT('',(31.,258.265,44.));
#4044 = VECTOR('',#4045,1.);
#4045 = DIRECTION('',(-0.,1.,0.));
#4046 = PLANE('',#4047);
#4047 = AXIS2_PLACEMENT_3D('',#4048,#4049,#4050);
#4048 = CARTESIAN_POINT('',(31.,258.265,20.));
#4049 = DIRECTION('',(1.,0.,-0.));
#4050 = DIRECTION('',(0.,0.,1.));
#4051 = ADVANCED_FACE('',(#4052),#4077,.F.);
#4052 = FACE_BOUND('',#4053,.F.);
#4053 = EDGE_LOOP('',(#4054,#4062,#4070,#4076));
#4054 = ORIENTED_EDGE('',*,*,#4055,.F.);
#4055 = EDGE_CURVE('',#4056,#3316,#4058,.T.);
#4056 = VERTEX_POINT('',#4057);
#4057 = CARTESIAN_POINT('',(102.,-12.46,-8.));
#4058 = LINE('',#4059,#4060);
#4059 = CARTESIAN_POINT('',(102.,-12.46,-8.));
#4060 = VECTOR('',#4061,1.);
#4061 = DIRECTION('',(0.,0.,1.));
#4062 = ORIENTED_EDGE('',*,*,#4063,.F.);
#4063 = EDGE_CURVE('',#4064,#4056,#4066,.T.);
#4064 = VERTEX_POINT('',#4065);
#4065 = CARTESIAN_POINT('',(78.,-12.46,-8.));
#4066 = LINE('',#4067,#4068);
#4067 = CARTESIAN_POINT('',(78.,-12.46,-8.));
#4068 = VECTOR('',#4069,1.);
#4069 = DIRECTION('',(1.,0.,-0.));
#4070 = ORIENTED_EDGE('',*,*,#4071,.T.);
#4071 = EDGE_CURVE('',#4064,#3318,#4072,.T.);
#4072 = LINE('',#4073,#4074);
#4073 = CARTESIAN_POINT('',(78.,-12.46,-8.));
#4074 = VECTOR('',#4075,1.);
#4075 = DIRECTION('',(0.,0.,1.));
#4076 = ORIENTED_EDGE('',*,*,#3315,.F.);
#4077 = PLANE('',#4078);
#4078 = AXIS2_PLACEMENT_3D('',#4079,#4080,#4081);
#4079 = CARTESIAN_POINT('',(78.,-12.46,-8.));
#4080 = DIRECTION('',(-0.,1.,0.));
#4081 = DIRECTION('',(0.,0.,1.));
#4082 = ADVANCED_FACE('',(#4083),#4101,.T.);
#4083 = FACE_BOUND('',#4084,.T.);
#4084 = EDGE_LOOP('',(#4085,#4086,#4094,#4100));
#4085 = ORIENTED_EDGE('',*,*,#4055,.F.);
#4086 = ORIENTED_EDGE('',*,*,#4087,.T.);
#4087 = EDGE_CURVE('',#4056,#4088,#4090,.T.);
#4088 = VERTEX_POINT('',#4089);
#4089 = CARTESIAN_POINT('',(102.,-6.46,-8.));
#4090 = LINE('',#4091,#4092);
#4091 = CARTESIAN_POINT('',(102.,-12.46,-8.));
#4092 = VECTOR('',#4093,1.);
#4093 = DIRECTION('',(-0.,1.,0.));
#4094 = ORIENTED_EDGE('',*,*,#4095,.T.);
#4095 = EDGE_CURVE('',#4088,#3334,#4096,.T.);
#4096 = LINE('',#4097,#4098);
#4097 = CARTESIAN_POINT('',(102.,-6.46,-8.));
#4098 = VECTOR('',#4099,1.);
#4099 = DIRECTION('',(0.,0.,1.));
#4100 = ORIENTED_EDGE('',*,*,#3341,.F.);
#4101 = PLANE('',#4102);
#4102 = AXIS2_PLACEMENT_3D('',#4103,#4104,#4105);
#4103 = CARTESIAN_POINT('',(102.,-12.46,-8.));
#4104 = DIRECTION('',(1.,0.,-0.));
#4105 = DIRECTION('',(0.,0.,1.));
#4106 = ADVANCED_FACE('',(#4107),#4125,.F.);
#4107 = FACE_BOUND('',#4108,.F.);
#4108 = EDGE_LOOP('',(#4109,#4110,#4118,#4124));
#4109 = ORIENTED_EDGE('',*,*,#4071,.F.);
#4110 = ORIENTED_EDGE('',*,*,#4111,.T.);
#4111 = EDGE_CURVE('',#4064,#4112,#4114,.T.);
#4112 = VERTEX_POINT('',#4113);
#4113 = CARTESIAN_POINT('',(78.,-6.46,-8.));
#4114 = LINE('',#4115,#4116);
#4115 = CARTESIAN_POINT('',(78.,-12.46,-8.));
#4116 = VECTOR('',#4117,1.);
#4117 = DIRECTION('',(-0.,1.,0.));
#4118 = ORIENTED_EDGE('',*,*,#4119,.T.);
#4119 = EDGE_CURVE('',#4112,#3326,#4120,.T.);
#4120 = LINE('',#4121,#4122);
#4121 = CARTESIAN_POINT('',(78.,-6.46,-8.));
#4122 = VECTOR('',#4123,1.);
#4123 = DIRECTION('',(0.,0.,1.));
#4124 = ORIENTED_EDGE('',*,*,#3325,.F.);
#4125 = PLANE('',#4126);
#4126 = AXIS2_PLACEMENT_3D('',#4127,#4128,#4129);
#4127 = CARTESIAN_POINT('',(78.,-12.46,-8.));
#4128 = DIRECTION('',(1.,0.,-0.));
#4129 = DIRECTION('',(0.,0.,1.));
#4130 = ADVANCED_FACE('',(#4131),#4142,.T.);
#4131 = FACE_BOUND('',#4132,.T.);
#4132 = EDGE_LOOP('',(#4133,#4134,#4140,#4141));
#4133 = ORIENTED_EDGE('',*,*,#4095,.F.);
#4134 = ORIENTED_EDGE('',*,*,#4135,.F.);
#4135 = EDGE_CURVE('',#4112,#4088,#4136,.T.);
#4136 = LINE('',#4137,#4138);
#4137 = CARTESIAN_POINT('',(78.,-6.46,-8.));
#4138 = VECTOR('',#4139,1.);
#4139 = DIRECTION('',(1.,0.,-0.));
#4140 = ORIENTED_EDGE('',*,*,#4119,.T.);
#4141 = ORIENTED_EDGE('',*,*,#3333,.F.);
#4142 = PLANE('',#4143);
#4143 = AXIS2_PLACEMENT_3D('',#4144,#4145,#4146);
#4144 = CARTESIAN_POINT('',(78.,-6.46,-8.));
#4145 = DIRECTION('',(-0.,1.,0.));
#4146 = DIRECTION('',(0.,0.,1.));
#4147 = ADVANCED_FACE('',(#4148),#4154,.F.);
#4148 = FACE_BOUND('',#4149,.F.);
#4149 = EDGE_LOOP('',(#4150,#4151,#4152,#4153));
#4150 = ORIENTED_EDGE('',*,*,#3643,.F.);
#4151 = ORIENTED_EDGE('',*,*,#3595,.T.);
#4152 = ORIENTED_EDGE('',*,*,#3619,.T.);
#4153 = ORIENTED_EDGE('',*,*,#3667,.F.);
#4154 = PLANE('',#4155);
#4155 = AXIS2_PLACEMENT_3D('',#4156,#4157,#4158);
#4156 = CARTESIAN_POINT('',(-102.,-12.46,-8.));
#4157 = DIRECTION('',(0.,0.,1.));
#4158 = DIRECTION('',(1.,0.,-0.));
#4159 = ADVANCED_FACE('',(#4160),#4179,.F.);
#4160 = FACE_BOUND('',#4161,.F.);
#4161 = EDGE_LOOP('',(#4162,#4170,#4177,#4178));
#4162 = ORIENTED_EDGE('',*,*,#4163,.T.);
#4163 = EDGE_CURVE('',#3700,#4164,#4166,.T.);
#4164 = VERTEX_POINT('',#4165);
#4165 = CARTESIAN_POINT('',(-42.,259.965,36.8));
#4166 = LINE('',#4167,#4168);
#4167 = CARTESIAN_POINT('',(-42.,252.165,36.8));
#4168 = VECTOR('',#4169,1.);
#4169 = DIRECTION('',(0.,1.,0.));
#4170 = ORIENTED_EDGE('',*,*,#4171,.F.);
#4171 = EDGE_CURVE('',#4164,#4164,#4172,.T.);
#4172 = CIRCLE('',#4173,5.8);
#4173 = AXIS2_PLACEMENT_3D('',#4174,#4175,#4176);
#4174 = CARTESIAN_POINT('',(-42.,259.965,31.));
#4175 = DIRECTION('',(0.,1.,0.));
#4176 = DIRECTION('',(0.,-0.,1.));
#4177 = ORIENTED_EDGE('',*,*,#4163,.F.);
#4178 = ORIENTED_EDGE('',*,*,#3699,.T.);
#4179 = CYLINDRICAL_SURFACE('',#4180,5.8);
#4180 = AXIS2_PLACEMENT_3D('',#4181,#4182,#4183);
#4181 = CARTESIAN_POINT('',(-42.,252.165,31.));
#4182 = DIRECTION('',(0.,1.,0.));
#4183 = DIRECTION('',(0.,-0.,1.));
#4184 = ADVANCED_FACE('',(#4185),#4204,.F.);
#4185 = FACE_BOUND('',#4186,.F.);
#4186 = EDGE_LOOP('',(#4187,#4188,#4196,#4203));
#4187 = ORIENTED_EDGE('',*,*,#3756,.F.);
#4188 = ORIENTED_EDGE('',*,*,#4189,.F.);
#4189 = EDGE_CURVE('',#4190,#3757,#4192,.T.);
#4190 = VERTEX_POINT('',#4191);
#4191 = CARTESIAN_POINT('',(-42.,276.315,37.));
#4192 = LINE('',#4193,#4194);
#4193 = CARTESIAN_POINT('',(-42.,276.315,37.));
#4194 = VECTOR('',#4195,1.);
#4195 = DIRECTION('',(0.,1.,0.));
#4196 = ORIENTED_EDGE('',*,*,#4197,.T.);
#4197 = EDGE_CURVE('',#4190,#4190,#4198,.T.);
#4198 = CIRCLE('',#4199,6.);
#4199 = AXIS2_PLACEMENT_3D('',#4200,#4201,#4202);
#4200 = CARTESIAN_POINT('',(-42.,276.315,31.));
#4201 = DIRECTION('',(0.,1.,0.));
#4202 = DIRECTION('',(0.,-0.,1.));
#4203 = ORIENTED_EDGE('',*,*,#4189,.T.);
#4204 = CYLINDRICAL_SURFACE('',#4205,6.);
#4205 = AXIS2_PLACEMENT_3D('',#4206,#4207,#4208);
#4206 = CARTESIAN_POINT('',(-42.,276.315,31.));
#4207 = DIRECTION('',(0.,1.,0.));
#4208 = DIRECTION('',(0.,-0.,1.));
#4209 = ADVANCED_FACE('',(#4210),#4229,.F.);
#4210 = FACE_BOUND('',#4211,.F.);
#4211 = EDGE_LOOP('',(#4212,#4220,#4227,#4228));
#4212 = ORIENTED_EDGE('',*,*,#4213,.T.);
#4213 = EDGE_CURVE('',#3790,#4214,#4216,.T.);
#4214 = VERTEX_POINT('',#4215);
#4215 = CARTESIAN_POINT('',(42.,259.965,36.8));
#4216 = LINE('',#4217,#4218);
#4217 = CARTESIAN_POINT('',(42.,252.165,36.8));
#4218 = VECTOR('',#4219,1.);
#4219 = DIRECTION('',(0.,1.,0.));
#4220 = ORIENTED_EDGE('',*,*,#4221,.F.);
#4221 = EDGE_CURVE('',#4214,#4214,#4222,.T.);
#4222 = CIRCLE('',#4223,5.8);
#4223 = AXIS2_PLACEMENT_3D('',#4224,#4225,#4226);
#4224 = CARTESIAN_POINT('',(42.,259.965,31.));
#4225 = DIRECTION('',(0.,1.,0.));
#4226 = DIRECTION('',(0.,-0.,1.));
#4227 = ORIENTED_EDGE('',*,*,#4213,.F.);
#4228 = ORIENTED_EDGE('',*,*,#3789,.T.);
#4229 = CYLINDRICAL_SURFACE('',#4230,5.8);
#4230 = AXIS2_PLACEMENT_3D('',#4231,#4232,#4233);
#4231 = CARTESIAN_POINT('',(42.,252.165,31.));
#4232 = DIRECTION('',(0.,1.,0.));
#4233 = DIRECTION('',(0.,-0.,1.));
#4234 = ADVANCED_FACE('',(#4235),#4254,.F.);
#4235 = FACE_BOUND('',#4236,.F.);
#4236 = EDGE_LOOP('',(#4237,#4238,#4246,#4253));
#4237 = ORIENTED_EDGE('',*,*,#3834,.F.);
#4238 = ORIENTED_EDGE('',*,*,#4239,.F.);
#4239 = EDGE_CURVE('',#4240,#3835,#4242,.T.);
#4240 = VERTEX_POINT('',#4241);
#4241 = CARTESIAN_POINT('',(42.,276.315,37.));
#4242 = LINE('',#4243,#4244);
#4243 = CARTESIAN_POINT('',(42.,276.315,37.));
#4244 = VECTOR('',#4245,1.);
#4245 = DIRECTION('',(0.,1.,0.));
#4246 = ORIENTED_EDGE('',*,*,#4247,.T.);
#4247 = EDGE_CURVE('',#4240,#4240,#4248,.T.);
#4248 = CIRCLE('',#4249,6.);
#4249 = AXIS2_PLACEMENT_3D('',#4250,#4251,#4252);
#4250 = CARTESIAN_POINT('',(42.,276.315,31.));
#4251 = DIRECTION('',(0.,1.,0.));
#4252 = DIRECTION('',(0.,-0.,1.));
#4253 = ORIENTED_EDGE('',*,*,#4239,.T.);
#4254 = CYLINDRICAL_SURFACE('',#4255,6.);
#4255 = AXIS2_PLACEMENT_3D('',#4256,#4257,#4258);
#4256 = CARTESIAN_POINT('',(42.,276.315,31.));
#4257 = DIRECTION('',(0.,1.,0.));
#4258 = DIRECTION('',(0.,-0.,1.));
#4259 = ADVANCED_FACE('',(#4260,#4266),#4300,.T.);
#4260 = FACE_BOUND('',#4261,.T.);
#4261 = EDGE_LOOP('',(#4262,#4263,#4264,#4265));
#4262 = ORIENTED_EDGE('',*,*,#3928,.F.);
#4263 = ORIENTED_EDGE('',*,*,#3872,.T.);
#4264 = ORIENTED_EDGE('',*,*,#3904,.T.);
#4265 = ORIENTED_EDGE('',*,*,#3944,.F.);
#4266 = FACE_BOUND('',#4267,.T.);
#4267 = EDGE_LOOP('',(#4268,#4278,#4286,#4294));
#4268 = ORIENTED_EDGE('',*,*,#4269,.T.);
#4269 = EDGE_CURVE('',#4270,#4272,#4274,.T.);
#4270 = VERTEX_POINT('',#4271);
#4271 = CARTESIAN_POINT('',(-33.65,260.115,44.));
#4272 = VERTEX_POINT('',#4273);
#4273 = CARTESIAN_POINT('',(-50.35,260.115,44.));
#4274 = LINE('',#4275,#4276);
#4275 = CARTESIAN_POINT('',(-51.675,260.115,44.));
#4276 = VECTOR('',#4277,1.);
#4277 = DIRECTION('',(-1.,-0.,0.));
#4278 = ORIENTED_EDGE('',*,*,#4279,.T.);
#4279 = EDGE_CURVE('',#4272,#4280,#4282,.T.);
#4280 = VERTEX_POINT('',#4281);
#4281 = CARTESIAN_POINT('',(-50.35,274.815,44.));
#4282 = LINE('',#4283,#4284);
#4283 = CARTESIAN_POINT('',(-50.35,259.19,44.));
#4284 = VECTOR('',#4285,1.);
#4285 = DIRECTION('',(-0.,1.,0.));
#4286 = ORIENTED_EDGE('',*,*,#4287,.F.);
#4287 = EDGE_CURVE('',#4288,#4280,#4290,.T.);
#4288 = VERTEX_POINT('',#4289);
#4289 = CARTESIAN_POINT('',(-33.65,274.815,44.));
#4290 = LINE('',#4291,#4292);
#4291 = CARTESIAN_POINT('',(-51.675,274.815,44.));
#4292 = VECTOR('',#4293,1.);
#4293 = DIRECTION('',(-1.,-0.,0.));
#4294 = ORIENTED_EDGE('',*,*,#4295,.F.);
#4295 = EDGE_CURVE('',#4270,#4288,#4296,.T.);
#4296 = LINE('',#4297,#4298);
#4297 = CARTESIAN_POINT('',(-33.65,259.19,44.));
#4298 = VECTOR('',#4299,1.);
#4299 = DIRECTION('',(-0.,1.,0.));
#4300 = PLANE('',#4301);
#4301 = AXIS2_PLACEMENT_3D('',#4302,#4303,#4304);
#4302 = CARTESIAN_POINT('',(-53.,258.265,44.));
#4303 = DIRECTION('',(0.,0.,1.));
#4304 = DIRECTION('',(1.,0.,-0.));
#4305 = ADVANCED_FACE('',(#4306,#4312),#4346,.T.);
#4306 = FACE_BOUND('',#4307,.T.);
#4307 = EDGE_LOOP('',(#4308,#4309,#4310,#4311));
#4308 = ORIENTED_EDGE('',*,*,#4041,.F.);
#4309 = ORIENTED_EDGE('',*,*,#3968,.T.);
#4310 = ORIENTED_EDGE('',*,*,#4000,.T.);
#4311 = ORIENTED_EDGE('',*,*,#4023,.F.);
#4312 = FACE_BOUND('',#4313,.T.);
#4313 = EDGE_LOOP('',(#4314,#4324,#4332,#4340));
#4314 = ORIENTED_EDGE('',*,*,#4315,.T.);
#4315 = EDGE_CURVE('',#4316,#4318,#4320,.T.);
#4316 = VERTEX_POINT('',#4317);
#4317 = CARTESIAN_POINT('',(50.35,260.115,44.));
#4318 = VERTEX_POINT('',#4319);
#4319 = CARTESIAN_POINT('',(33.65,260.115,44.));
#4320 = LINE('',#4321,#4322);
#4321 = CARTESIAN_POINT('',(32.325,260.115,44.));
#4322 = VECTOR('',#4323,1.);
#4323 = DIRECTION('',(-1.,-0.,0.));
#4324 = ORIENTED_EDGE('',*,*,#4325,.T.);
#4325 = EDGE_CURVE('',#4318,#4326,#4328,.T.);
#4326 = VERTEX_POINT('',#4327);
#4327 = CARTESIAN_POINT('',(33.65,274.815,44.));
#4328 = LINE('',#4329,#4330);
#4329 = CARTESIAN_POINT('',(33.65,259.19,44.));
#4330 = VECTOR('',#4331,1.);
#4331 = DIRECTION('',(-0.,1.,0.));
#4332 = ORIENTED_EDGE('',*,*,#4333,.F.);
#4333 = EDGE_CURVE('',#4334,#4326,#4336,.T.);
#4334 = VERTEX_POINT('',#4335);
#4335 = CARTESIAN_POINT('',(50.35,274.815,44.));
#4336 = LINE('',#4337,#4338);
#4337 = CARTESIAN_POINT('',(32.325,274.815,44.));
#4338 = VECTOR('',#4339,1.);
#4339 = DIRECTION('',(-1.,-0.,0.));
#4340 = ORIENTED_EDGE('',*,*,#4341,.F.);
#4341 = EDGE_CURVE('',#4316,#4334,#4342,.T.);
#4342 = LINE('',#4343,#4344);
#4343 = CARTESIAN_POINT('',(50.35,259.19,44.));
#4344 = VECTOR('',#4345,1.);
#4345 = DIRECTION('',(-0.,1.,0.));
#4346 = PLANE('',#4347);
#4347 = AXIS2_PLACEMENT_3D('',#4348,#4349,#4350);
#4348 = CARTESIAN_POINT('',(31.,258.265,44.));
#4349 = DIRECTION('',(0.,0.,1.));
#4350 = DIRECTION('',(1.,0.,-0.));
#4351 = ADVANCED_FACE('',(#4352),#4358,.F.);
#4352 = FACE_BOUND('',#4353,.F.);
#4353 = EDGE_LOOP('',(#4354,#4355,#4356,#4357));
#4354 = ORIENTED_EDGE('',*,*,#4111,.F.);
#4355 = ORIENTED_EDGE('',*,*,#4063,.T.);
#4356 = ORIENTED_EDGE('',*,*,#4087,.T.);
#4357 = ORIENTED_EDGE('',*,*,#4135,.F.);
#4358 = PLANE('',#4359);
#4359 = AXIS2_PLACEMENT_3D('',#4360,#4361,#4362);
#4360 = CARTESIAN_POINT('',(78.,-12.46,-8.));
#4361 = DIRECTION('',(0.,0.,1.));
#4362 = DIRECTION('',(1.,0.,-0.));
#4363 = ADVANCED_FACE('',(#4364,#4367),#4378,.F.);
#4364 = FACE_BOUND('',#4365,.F.);
#4365 = EDGE_LOOP('',(#4366));
#4366 = ORIENTED_EDGE('',*,*,#4171,.T.);
#4367 = FACE_BOUND('',#4368,.F.);
#4368 = EDGE_LOOP('',(#4369));
#4369 = ORIENTED_EDGE('',*,*,#4370,.F.);
#4370 = EDGE_CURVE('',#4371,#4371,#4373,.T.);
#4371 = VERTEX_POINT('',#4372);
#4372 = CARTESIAN_POINT('',(-42.,259.965,35.45));
#4373 = CIRCLE('',#4374,4.45);
#4374 = AXIS2_PLACEMENT_3D('',#4375,#4376,#4377);
#4375 = CARTESIAN_POINT('',(-42.,259.965,31.));
#4376 = DIRECTION('',(0.,1.,0.));
#4377 = DIRECTION('',(0.,-0.,1.));
#4378 = PLANE('',#4379);
#4379 = AXIS2_PLACEMENT_3D('',#4380,#4381,#4382);
#4380 = CARTESIAN_POINT('',(-42.,259.965,31.));
#4381 = DIRECTION('',(0.,1.,0.));
#4382 = DIRECTION('',(0.,-0.,1.));
#4383 = ADVANCED_FACE('',(#4384,#4387),#4398,.T.);
#4384 = FACE_BOUND('',#4385,.T.);
#4385 = EDGE_LOOP('',(#4386));
#4386 = ORIENTED_EDGE('',*,*,#4197,.T.);
#4387 = FACE_BOUND('',#4388,.T.);
#4388 = EDGE_LOOP('',(#4389));
#4389 = ORIENTED_EDGE('',*,*,#4390,.F.);
#4390 = EDGE_CURVE('',#4391,#4391,#4393,.T.);
#4391 = VERTEX_POINT('',#4392);
#4392 = CARTESIAN_POINT('',(-42.,276.315,35.45));
#4393 = CIRCLE('',#4394,4.45);
#4394 = AXIS2_PLACEMENT_3D('',#4395,#4396,#4397);
#4395 = CARTESIAN_POINT('',(-42.,276.315,31.));
#4396 = DIRECTION('',(0.,1.,0.));
#4397 = DIRECTION('',(0.,-0.,1.));
#4398 = PLANE('',#4399);
#4399 = AXIS2_PLACEMENT_3D('',#4400,#4401,#4402);
#4400 = CARTESIAN_POINT('',(-42.,276.315,31.));
#4401 = DIRECTION('',(0.,1.,0.));
#4402 = DIRECTION('',(0.,-0.,1.));
#4403 = ADVANCED_FACE('',(#4404,#4407),#4418,.F.);
#4404 = FACE_BOUND('',#4405,.F.);
#4405 = EDGE_LOOP('',(#4406));
#4406 = ORIENTED_EDGE('',*,*,#4221,.T.);
#4407 = FACE_BOUND('',#4408,.F.);
#4408 = EDGE_LOOP('',(#4409));
#4409 = ORIENTED_EDGE('',*,*,#4410,.F.);
#4410 = EDGE_CURVE('',#4411,#4411,#4413,.T.);
#4411 = VERTEX_POINT('',#4412);
#4412 = CARTESIAN_POINT('',(42.,259.965,35.45));
#4413 = CIRCLE('',#4414,4.45);
#4414 = AXIS2_PLACEMENT_3D('',#4415,#4416,#4417);
#4415 = CARTESIAN_POINT('',(42.,259.965,31.));
#4416 = DIRECTION('',(0.,1.,0.));
#4417 = DIRECTION('',(0.,-0.,1.));
#4418 = PLANE('',#4419);
#4419 = AXIS2_PLACEMENT_3D('',#4420,#4421,#4422);
#4420 = CARTESIAN_POINT('',(42.,259.965,31.));
#4421 = DIRECTION('',(0.,1.,0.));
#4422 = DIRECTION('',(0.,-0.,1.));
#4423 = ADVANCED_FACE('',(#4424,#4427),#4438,.T.);
#4424 = FACE_BOUND('',#4425,.T.);
#4425 = EDGE_LOOP('',(#4426));
#4426 = ORIENTED_EDGE('',*,*,#4247,.T.);
#4427 = FACE_BOUND('',#4428,.T.);
#4428 = EDGE_LOOP('',(#4429));
#4429 = ORIENTED_EDGE('',*,*,#4430,.F.);
#4430 = EDGE_CURVE('',#4431,#4431,#4433,.T.);
#4431 = VERTEX_POINT('',#4432);
#4432 = CARTESIAN_POINT('',(42.,276.315,35.45));
#4433 = CIRCLE('',#4434,4.45);
#4434 = AXIS2_PLACEMENT_3D('',#4435,#4436,#4437);
#4435 = CARTESIAN_POINT('',(42.,276.315,31.));
#4436 = DIRECTION('',(0.,1.,0.));
#4437 = DIRECTION('',(0.,-0.,1.));
#4438 = PLANE('',#4439);
#4439 = AXIS2_PLACEMENT_3D('',#4440,#4441,#4442);
#4440 = CARTESIAN_POINT('',(42.,276.315,31.));
#4441 = DIRECTION('',(0.,1.,0.));
#4442 = DIRECTION('',(0.,-0.,1.));
#4443 = ADVANCED_FACE('',(#4444,#4469),#4480,.T.);
#4444 = FACE_BOUND('',#4445,.T.);
#4445 = EDGE_LOOP('',(#4446,#4454,#4462,#4468));
#4446 = ORIENTED_EDGE('',*,*,#4447,.F.);
#4447 = EDGE_CURVE('',#4448,#4270,#4450,.T.);
#4448 = VERTEX_POINT('',#4449);
#4449 = CARTESIAN_POINT('',(-33.65,260.115,23.65));
#4450 = LINE('',#4451,#4452);
#4451 = CARTESIAN_POINT('',(-33.65,260.115,23.65));
#4452 = VECTOR('',#4453,1.);
#4453 = DIRECTION('',(0.,0.,1.));
#4454 = ORIENTED_EDGE('',*,*,#4455,.F.);
#4455 = EDGE_CURVE('',#4456,#4448,#4458,.T.);
#4456 = VERTEX_POINT('',#4457);
#4457 = CARTESIAN_POINT('',(-50.35,260.115,23.65));
#4458 = LINE('',#4459,#4460);
#4459 = CARTESIAN_POINT('',(-50.35,260.115,23.65));
#4460 = VECTOR('',#4461,1.);
#4461 = DIRECTION('',(1.,0.,-0.));
#4462 = ORIENTED_EDGE('',*,*,#4463,.T.);
#4463 = EDGE_CURVE('',#4456,#4272,#4464,.T.);
#4464 = LINE('',#4465,#4466);
#4465 = CARTESIAN_POINT('',(-50.35,260.115,23.65));
#4466 = VECTOR('',#4467,1.);
#4467 = DIRECTION('',(0.,0.,1.));
#4468 = ORIENTED_EDGE('',*,*,#4269,.F.);
#4469 = FACE_BOUND('',#4470,.T.);
#4470 = EDGE_LOOP('',(#4471));
#4471 = ORIENTED_EDGE('',*,*,#4472,.F.);
#4472 = EDGE_CURVE('',#4473,#4473,#4475,.T.);
#4473 = VERTEX_POINT('',#4474);
#4474 = CARTESIAN_POINT('',(-42.,260.115,35.45));
#4475 = CIRCLE('',#4476,4.45);
#4476 = AXIS2_PLACEMENT_3D('',#4477,#4478,#4479);
#4477 = CARTESIAN_POINT('',(-42.,260.115,31.));
#4478 = DIRECTION('',(0.,1.,0.));
#4479 = DIRECTION('',(0.,-0.,1.));
#4480 = PLANE('',#4481);
#4481 = AXIS2_PLACEMENT_3D('',#4482,#4483,#4484);
#4482 = CARTESIAN_POINT('',(-50.35,260.115,23.65));
#4483 = DIRECTION('',(-0.,1.,0.));
#4484 = DIRECTION('',(0.,0.,1.));
#4485 = ADVANCED_FACE('',(#4486,#4504),#4515,.F.);
#4486 = FACE_BOUND('',#4487,.F.);
#4487 = EDGE_LOOP('',(#4488,#4489,#4497,#4503));
#4488 = ORIENTED_EDGE('',*,*,#4447,.F.);
#4489 = ORIENTED_EDGE('',*,*,#4490,.T.);
#4490 = EDGE_CURVE('',#4448,#4491,#4493,.T.);
#4491 = VERTEX_POINT('',#4492);
#4492 = CARTESIAN_POINT('',(-33.65,274.815,23.65));
#4493 = LINE('',#4494,#4495);
#4494 = CARTESIAN_POINT('',(-33.65,260.115,23.65));
#4495 = VECTOR('',#4496,1.);
#4496 = DIRECTION('',(-0.,1.,0.));
#4497 = ORIENTED_EDGE('',*,*,#4498,.T.);
#4498 = EDGE_CURVE('',#4491,#4288,#4499,.T.);
#4499 = LINE('',#4500,#4501);
#4500 = CARTESIAN_POINT('',(-33.65,274.815,23.65));
#4501 = VECTOR('',#4502,1.);
#4502 = DIRECTION('',(0.,0.,1.));
#4503 = ORIENTED_EDGE('',*,*,#4295,.F.);
#4504 = FACE_BOUND('',#4505,.F.);
#4505 = EDGE_LOOP('',(#4506));
#4506 = ORIENTED_EDGE('',*,*,#4507,.F.);
#4507 = EDGE_CURVE('',#4508,#4508,#4510,.T.);
#4508 = VERTEX_POINT('',#4509);
#4509 = CARTESIAN_POINT('',(-33.65,267.465,41.7));
#4510 = CIRCLE('',#4511,1.7);
#4511 = AXIS2_PLACEMENT_3D('',#4512,#4513,#4514);
#4512 = CARTESIAN_POINT('',(-33.65,267.465,40.));
#4513 = DIRECTION('',(1.,0.,0.));
#4514 = DIRECTION('',(-0.,0.,1.));
#4515 = PLANE('',#4516);
#4516 = AXIS2_PLACEMENT_3D('',#4517,#4518,#4519);
#4517 = CARTESIAN_POINT('',(-33.65,260.115,23.65));
#4518 = DIRECTION('',(1.,0.,-0.));
#4519 = DIRECTION('',(0.,0.,1.));
#4520 = ADVANCED_FACE('',(#4521,#4539),#4550,.F.);
#4521 = FACE_BOUND('',#4522,.F.);
#4522 = EDGE_LOOP('',(#4523,#4524,#4532,#4538));
#4523 = ORIENTED_EDGE('',*,*,#4498,.F.);
#4524 = ORIENTED_EDGE('',*,*,#4525,.F.);
#4525 = EDGE_CURVE('',#4526,#4491,#4528,.T.);
#4526 = VERTEX_POINT('',#4527);
#4527 = CARTESIAN_POINT('',(-50.35,274.815,23.65));
#4528 = LINE('',#4529,#4530);
#4529 = CARTESIAN_POINT('',(-50.35,274.815,23.65));
#4530 = VECTOR('',#4531,1.);
#4531 = DIRECTION('',(1.,0.,-0.));
#4532 = ORIENTED_EDGE('',*,*,#4533,.T.);
#4533 = EDGE_CURVE('',#4526,#4280,#4534,.T.);
#4534 = LINE('',#4535,#4536);
#4535 = CARTESIAN_POINT('',(-50.35,274.815,23.65));
#4536 = VECTOR('',#4537,1.);
#4537 = DIRECTION('',(0.,0.,1.));
#4538 = ORIENTED_EDGE('',*,*,#4287,.F.);
#4539 = FACE_BOUND('',#4540,.F.);
#4540 = EDGE_LOOP('',(#4541));
#4541 = ORIENTED_EDGE('',*,*,#4542,.F.);
#4542 = EDGE_CURVE('',#4543,#4543,#4545,.T.);
#4543 = VERTEX_POINT('',#4544);
#4544 = CARTESIAN_POINT('',(-42.,274.815,35.45));
#4545 = CIRCLE('',#4546,4.45);
#4546 = AXIS2_PLACEMENT_3D('',#4547,#4548,#4549);
#4547 = CARTESIAN_POINT('',(-42.,274.815,31.));
#4548 = DIRECTION('',(0.,1.,0.));
#4549 = DIRECTION('',(0.,-0.,1.));
#4550 = PLANE('',#4551);
#4551 = AXIS2_PLACEMENT_3D('',#4552,#4553,#4554);
#4552 = CARTESIAN_POINT('',(-50.35,274.815,23.65));
#4553 = DIRECTION('',(-0.,1.,0.));
#4554 = DIRECTION('',(0.,0.,1.));
#4555 = ADVANCED_FACE('',(#4556,#4567),#4578,.T.);
#4556 = FACE_BOUND('',#4557,.T.);
#4557 = EDGE_LOOP('',(#4558,#4559,#4565,#4566));
#4558 = ORIENTED_EDGE('',*,*,#4463,.F.);
#4559 = ORIENTED_EDGE('',*,*,#4560,.T.);
#4560 = EDGE_CURVE('',#4456,#4526,#4561,.T.);
#4561 = LINE('',#4562,#4563);
#4562 = CARTESIAN_POINT('',(-50.35,260.115,23.65));
#4563 = VECTOR('',#4564,1.);
#4564 = DIRECTION('',(-0.,1.,0.));
#4565 = ORIENTED_EDGE('',*,*,#4533,.T.);
#4566 = ORIENTED_EDGE('',*,*,#4279,.F.);
#4567 = FACE_BOUND('',#4568,.T.);
#4568 = EDGE_LOOP('',(#4569));
#4569 = ORIENTED_EDGE('',*,*,#4570,.F.);
#4570 = EDGE_CURVE('',#4571,#4571,#4573,.T.);
#4571 = VERTEX_POINT('',#4572);
#4572 = CARTESIAN_POINT('',(-50.35,267.465,41.7));
#4573 = CIRCLE('',#4574,1.7);
#4574 = AXIS2_PLACEMENT_3D('',#4575,#4576,#4577);
#4575 = CARTESIAN_POINT('',(-50.35,267.465,40.));
#4576 = DIRECTION('',(1.,0.,0.));
#4577 = DIRECTION('',(-0.,0.,1.));
#4578 = PLANE('',#4579);
#4579 = AXIS2_PLACEMENT_3D('',#4580,#4581,#4582);
#4580 = CARTESIAN_POINT('',(-50.35,260.115,23.65));
#4581 = DIRECTION('',(1.,0.,-0.));
#4582 = DIRECTION('',(0.,0.,1.));
#4583 = ADVANCED_FACE('',(#4584,#4609),#4620,.T.);
#4584 = FACE_BOUND('',#4585,.T.);
#4585 = EDGE_LOOP('',(#4586,#4594,#4602,#4608));
#4586 = ORIENTED_EDGE('',*,*,#4587,.F.);
#4587 = EDGE_CURVE('',#4588,#4316,#4590,.T.);
#4588 = VERTEX_POINT('',#4589);
#4589 = CARTESIAN_POINT('',(50.35,260.115,23.65));
#4590 = LINE('',#4591,#4592);
#4591 = CARTESIAN_POINT('',(50.35,260.115,23.65));
#4592 = VECTOR('',#4593,1.);
#4593 = DIRECTION('',(0.,0.,1.));
#4594 = ORIENTED_EDGE('',*,*,#4595,.F.);
#4595 = EDGE_CURVE('',#4596,#4588,#4598,.T.);
#4596 = VERTEX_POINT('',#4597);
#4597 = CARTESIAN_POINT('',(33.65,260.115,23.65));
#4598 = LINE('',#4599,#4600);
#4599 = CARTESIAN_POINT('',(33.65,260.115,23.65));
#4600 = VECTOR('',#4601,1.);
#4601 = DIRECTION('',(1.,0.,-0.));
#4602 = ORIENTED_EDGE('',*,*,#4603,.T.);
#4603 = EDGE_CURVE('',#4596,#4318,#4604,.T.);
#4604 = LINE('',#4605,#4606);
#4605 = CARTESIAN_POINT('',(33.65,260.115,23.65));
#4606 = VECTOR('',#4607,1.);
#4607 = DIRECTION('',(0.,0.,1.));
#4608 = ORIENTED_EDGE('',*,*,#4315,.F.);
#4609 = FACE_BOUND('',#4610,.T.);
#4610 = EDGE_LOOP('',(#4611));
#4611 = ORIENTED_EDGE('',*,*,#4612,.F.);
#4612 = EDGE_CURVE('',#4613,#4613,#4615,.T.);
#4613 = VERTEX_POINT('',#4614);
#4614 = CARTESIAN_POINT('',(42.,260.115,35.45));
#4615 = CIRCLE('',#4616,4.45);
#4616 = AXIS2_PLACEMENT_3D('',#4617,#4618,#4619);
#4617 = CARTESIAN_POINT('',(42.,260.115,31.));
#4618 = DIRECTION('',(0.,1.,0.));
#4619 = DIRECTION('',(0.,-0.,1.));
#4620 = PLANE('',#4621);
#4621 = AXIS2_PLACEMENT_3D('',#4622,#4623,#4624);
#4622 = CARTESIAN_POINT('',(33.65,260.115,23.65));
#4623 = DIRECTION('',(-0.,1.,0.));
#4624 = DIRECTION('',(0.,0.,1.));
#4625 = ADVANCED_FACE('',(#4626,#4644),#4655,.F.);
#4626 = FACE_BOUND('',#4627,.F.);
#4627 = EDGE_LOOP('',(#4628,#4629,#4637,#4643));
#4628 = ORIENTED_EDGE('',*,*,#4587,.F.);
#4629 = ORIENTED_EDGE('',*,*,#4630,.T.);
#4630 = EDGE_CURVE('',#4588,#4631,#4633,.T.);
#4631 = VERTEX_POINT('',#4632);
#4632 = CARTESIAN_POINT('',(50.35,274.815,23.65));
#4633 = LINE('',#4634,#4635);
#4634 = CARTESIAN_POINT('',(50.35,260.115,23.65));
#4635 = VECTOR('',#4636,1.);
#4636 = DIRECTION('',(-0.,1.,0.));
#4637 = ORIENTED_EDGE('',*,*,#4638,.T.);
#4638 = EDGE_CURVE('',#4631,#4334,#4639,.T.);
#4639 = LINE('',#4640,#4641);
#4640 = CARTESIAN_POINT('',(50.35,274.815,23.65));
#4641 = VECTOR('',#4642,1.);
#4642 = DIRECTION('',(0.,0.,1.));
#4643 = ORIENTED_EDGE('',*,*,#4341,.F.);
#4644 = FACE_BOUND('',#4645,.F.);
#4645 = EDGE_LOOP('',(#4646));
#4646 = ORIENTED_EDGE('',*,*,#4647,.F.);
#4647 = EDGE_CURVE('',#4648,#4648,#4650,.T.);
#4648 = VERTEX_POINT('',#4649);
#4649 = CARTESIAN_POINT('',(50.35,267.465,41.7));
#4650 = CIRCLE('',#4651,1.7);
#4651 = AXIS2_PLACEMENT_3D('',#4652,#4653,#4654);
#4652 = CARTESIAN_POINT('',(50.35,267.465,40.));
#4653 = DIRECTION('',(1.,0.,0.));
#4654 = DIRECTION('',(-0.,0.,1.));
#4655 = PLANE('',#4656);
#4656 = AXIS2_PLACEMENT_3D('',#4657,#4658,#4659);
#4657 = CARTESIAN_POINT('',(50.35,260.115,23.65));
#4658 = DIRECTION('',(1.,0.,-0.));
#4659 = DIRECTION('',(0.,0.,1.));
#4660 = ADVANCED_FACE('',(#4661,#4679),#4690,.F.);
#4661 = FACE_BOUND('',#4662,.F.);
#4662 = EDGE_LOOP('',(#4663,#4664,#4672,#4678));
#4663 = ORIENTED_EDGE('',*,*,#4638,.F.);
#4664 = ORIENTED_EDGE('',*,*,#4665,.F.);
#4665 = EDGE_CURVE('',#4666,#4631,#4668,.T.);
#4666 = VERTEX_POINT('',#4667);
#4667 = CARTESIAN_POINT('',(33.65,274.815,23.65));
#4668 = LINE('',#4669,#4670);
#4669 = CARTESIAN_POINT('',(33.65,274.815,23.65));
#4670 = VECTOR('',#4671,1.);
#4671 = DIRECTION('',(1.,0.,-0.));
#4672 = ORIENTED_EDGE('',*,*,#4673,.T.);
#4673 = EDGE_CURVE('',#4666,#4326,#4674,.T.);
#4674 = LINE('',#4675,#4676);
#4675 = CARTESIAN_POINT('',(33.65,274.815,23.65));
#4676 = VECTOR('',#4677,1.);
#4677 = DIRECTION('',(0.,0.,1.));
#4678 = ORIENTED_EDGE('',*,*,#4333,.F.);
#4679 = FACE_BOUND('',#4680,.F.);
#4680 = EDGE_LOOP('',(#4681));
#4681 = ORIENTED_EDGE('',*,*,#4682,.F.);
#4682 = EDGE_CURVE('',#4683,#4683,#4685,.T.);
#4683 = VERTEX_POINT('',#4684);
#4684 = CARTESIAN_POINT('',(42.,274.815,35.45));
#4685 = CIRCLE('',#4686,4.45);
#4686 = AXIS2_PLACEMENT_3D('',#4687,#4688,#4689);
#4687 = CARTESIAN_POINT('',(42.,274.815,31.));
#4688 = DIRECTION('',(0.,1.,0.));
#4689 = DIRECTION('',(0.,-0.,1.));
#4690 = PLANE('',#4691);
#4691 = AXIS2_PLACEMENT_3D('',#4692,#4693,#4694);
#4692 = CARTESIAN_POINT('',(33.65,274.815,23.65));
#4693 = DIRECTION('',(-0.,1.,0.));
#4694 = DIRECTION('',(0.,0.,1.));
#4695 = ADVANCED_FACE('',(#4696,#4707),#4718,.T.);
#4696 = FACE_BOUND('',#4697,.T.);
#4697 = EDGE_LOOP('',(#4698,#4699,#4705,#4706));
#4698 = ORIENTED_EDGE('',*,*,#4603,.F.);
#4699 = ORIENTED_EDGE('',*,*,#4700,.T.);
#4700 = EDGE_CURVE('',#4596,#4666,#4701,.T.);
#4701 = LINE('',#4702,#4703);
#4702 = CARTESIAN_POINT('',(33.65,260.115,23.65));
#4703 = VECTOR('',#4704,1.);
#4704 = DIRECTION('',(-0.,1.,0.));
#4705 = ORIENTED_EDGE('',*,*,#4673,.T.);
#4706 = ORIENTED_EDGE('',*,*,#4325,.F.);
#4707 = FACE_BOUND('',#4708,.T.);
#4708 = EDGE_LOOP('',(#4709));
#4709 = ORIENTED_EDGE('',*,*,#4710,.F.);
#4710 = EDGE_CURVE('',#4711,#4711,#4713,.T.);
#4711 = VERTEX_POINT('',#4712);
#4712 = CARTESIAN_POINT('',(33.65,267.465,41.7));
#4713 = CIRCLE('',#4714,1.7);
#4714 = AXIS2_PLACEMENT_3D('',#4715,#4716,#4717);
#4715 = CARTESIAN_POINT('',(33.65,267.465,40.));
#4716 = DIRECTION('',(1.,0.,0.));
#4717 = DIRECTION('',(-0.,0.,1.));
#4718 = PLANE('',#4719);
#4719 = AXIS2_PLACEMENT_3D('',#4720,#4721,#4722);
#4720 = CARTESIAN_POINT('',(33.65,260.115,23.65));
#4721 = DIRECTION('',(1.,0.,-0.));
#4722 = DIRECTION('',(0.,0.,1.));
#4723 = ADVANCED_FACE('',(#4724),#4735,.F.);
#4724 = FACE_BOUND('',#4725,.F.);
#4725 = EDGE_LOOP('',(#4726,#4727,#4733,#4734));
#4726 = ORIENTED_EDGE('',*,*,#4472,.F.);
#4727 = ORIENTED_EDGE('',*,*,#4728,.F.);
#4728 = EDGE_CURVE('',#4371,#4473,#4729,.T.);
#4729 = LINE('',#4730,#4731);
#4730 = CARTESIAN_POINT('',(-42.,259.965,35.45));
#4731 = VECTOR('',#4732,1.);
#4732 = DIRECTION('',(0.,1.,0.));
#4733 = ORIENTED_EDGE('',*,*,#4370,.T.);
#4734 = ORIENTED_EDGE('',*,*,#4728,.T.);
#4735 = CYLINDRICAL_SURFACE('',#4736,4.45);
#4736 = AXIS2_PLACEMENT_3D('',#4737,#4738,#4739);
#4737 = CARTESIAN_POINT('',(-42.,259.965,31.));
#4738 = DIRECTION('',(0.,1.,0.));
#4739 = DIRECTION('',(0.,-0.,1.));
#4740 = ADVANCED_FACE('',(#4741),#4752,.F.);
#4741 = FACE_BOUND('',#4742,.F.);
#4742 = EDGE_LOOP('',(#4743,#4744,#4750,#4751));
#4743 = ORIENTED_EDGE('',*,*,#4390,.F.);
#4744 = ORIENTED_EDGE('',*,*,#4745,.F.);
#4745 = EDGE_CURVE('',#4543,#4391,#4746,.T.);
#4746 = LINE('',#4747,#4748);
#4747 = CARTESIAN_POINT('',(-42.,259.965,35.45));
#4748 = VECTOR('',#4749,1.);
#4749 = DIRECTION('',(0.,1.,0.));
#4750 = ORIENTED_EDGE('',*,*,#4542,.T.);
#4751 = ORIENTED_EDGE('',*,*,#4745,.T.);
#4752 = CYLINDRICAL_SURFACE('',#4753,4.45);
#4753 = AXIS2_PLACEMENT_3D('',#4754,#4755,#4756);
#4754 = CARTESIAN_POINT('',(-42.,259.965,31.));
#4755 = DIRECTION('',(0.,1.,0.));
#4756 = DIRECTION('',(0.,-0.,1.));
#4757 = ADVANCED_FACE('',(#4758),#4769,.F.);
#4758 = FACE_BOUND('',#4759,.F.);
#4759 = EDGE_LOOP('',(#4760,#4761,#4767,#4768));
#4760 = ORIENTED_EDGE('',*,*,#4612,.F.);
#4761 = ORIENTED_EDGE('',*,*,#4762,.F.);
#4762 = EDGE_CURVE('',#4411,#4613,#4763,.T.);
#4763 = LINE('',#4764,#4765);
#4764 = CARTESIAN_POINT('',(42.,259.965,35.45));
#4765 = VECTOR('',#4766,1.);
#4766 = DIRECTION('',(0.,1.,0.));
#4767 = ORIENTED_EDGE('',*,*,#4410,.T.);
#4768 = ORIENTED_EDGE('',*,*,#4762,.T.);
#4769 = CYLINDRICAL_SURFACE('',#4770,4.45);
#4770 = AXIS2_PLACEMENT_3D('',#4771,#4772,#4773);
#4771 = CARTESIAN_POINT('',(42.,259.965,31.));
#4772 = DIRECTION('',(0.,1.,0.));
#4773 = DIRECTION('',(0.,-0.,1.));
#4774 = ADVANCED_FACE('',(#4775),#4786,.F.);
#4775 = FACE_BOUND('',#4776,.F.);
#4776 = EDGE_LOOP('',(#4777,#4778,#4784,#4785));
#4777 = ORIENTED_EDGE('',*,*,#4430,.F.);
#4778 = ORIENTED_EDGE('',*,*,#4779,.F.);
#4779 = EDGE_CURVE('',#4683,#4431,#4780,.T.);
#4780 = LINE('',#4781,#4782);
#4781 = CARTESIAN_POINT('',(42.,259.965,35.45));
#4782 = VECTOR('',#4783,1.);
#4783 = DIRECTION('',(0.,1.,0.));
#4784 = ORIENTED_EDGE('',*,*,#4682,.T.);
#4785 = ORIENTED_EDGE('',*,*,#4779,.T.);
#4786 = CYLINDRICAL_SURFACE('',#4787,4.45);
#4787 = AXIS2_PLACEMENT_3D('',#4788,#4789,#4790);
#4788 = CARTESIAN_POINT('',(42.,259.965,31.));
#4789 = DIRECTION('',(0.,1.,0.));
#4790 = DIRECTION('',(0.,-0.,1.));
#4791 = ADVANCED_FACE('',(#4792),#4798,.T.);
#4792 = FACE_BOUND('',#4793,.T.);
#4793 = EDGE_LOOP('',(#4794,#4795,#4796,#4797));
#4794 = ORIENTED_EDGE('',*,*,#4560,.F.);
#4795 = ORIENTED_EDGE('',*,*,#4455,.T.);
#4796 = ORIENTED_EDGE('',*,*,#4490,.T.);
#4797 = ORIENTED_EDGE('',*,*,#4525,.F.);
#4798 = PLANE('',#4799);
#4799 = AXIS2_PLACEMENT_3D('',#4800,#4801,#4802);
#4800 = CARTESIAN_POINT('',(-50.35,260.115,23.65));
#4801 = DIRECTION('',(0.,0.,1.));
#4802 = DIRECTION('',(1.,0.,-0.));
#4803 = ADVANCED_FACE('',(#4804),#4823,.F.);
#4804 = FACE_BOUND('',#4805,.F.);
#4805 = EDGE_LOOP('',(#4806,#4814,#4821,#4822));
#4806 = ORIENTED_EDGE('',*,*,#4807,.T.);
#4807 = EDGE_CURVE('',#4508,#4808,#4810,.T.);
#4808 = VERTEX_POINT('',#4809);
#4809 = CARTESIAN_POINT('',(-30.,267.465,41.7));
#4810 = LINE('',#4811,#4812);
#4811 = CARTESIAN_POINT('',(-54.,267.465,41.7));
#4812 = VECTOR('',#4813,1.);
#4813 = DIRECTION('',(1.,0.,0.));
#4814 = ORIENTED_EDGE('',*,*,#4815,.F.);
#4815 = EDGE_CURVE('',#4808,#4808,#4816,.T.);
#4816 = CIRCLE('',#4817,1.7);
#4817 = AXIS2_PLACEMENT_3D('',#4818,#4819,#4820);
#4818 = CARTESIAN_POINT('',(-30.,267.465,40.));
#4819 = DIRECTION('',(1.,0.,0.));
#4820 = DIRECTION('',(-0.,0.,1.));
#4821 = ORIENTED_EDGE('',*,*,#4807,.F.);
#4822 = ORIENTED_EDGE('',*,*,#4507,.T.);
#4823 = CYLINDRICAL_SURFACE('',#4824,1.7);
#4824 = AXIS2_PLACEMENT_3D('',#4825,#4826,#4827);
#4825 = CARTESIAN_POINT('',(-54.,267.465,40.));
#4826 = DIRECTION('',(1.,0.,0.));
#4827 = DIRECTION('',(-0.,0.,1.));
#4828 = ADVANCED_FACE('',(#4829),#4848,.F.);
#4829 = FACE_BOUND('',#4830,.F.);
#4830 = EDGE_LOOP('',(#4831,#4832,#4840,#4847));
#4831 = ORIENTED_EDGE('',*,*,#4570,.F.);
#4832 = ORIENTED_EDGE('',*,*,#4833,.F.);
#4833 = EDGE_CURVE('',#4834,#4571,#4836,.T.);
#4834 = VERTEX_POINT('',#4835);
#4835 = CARTESIAN_POINT('',(-54.,267.465,41.7));
#4836 = LINE('',#4837,#4838);
#4837 = CARTESIAN_POINT('',(-54.,267.465,41.7));
#4838 = VECTOR('',#4839,1.);
#4839 = DIRECTION('',(1.,0.,0.));
#4840 = ORIENTED_EDGE('',*,*,#4841,.T.);
#4841 = EDGE_CURVE('',#4834,#4834,#4842,.T.);
#4842 = CIRCLE('',#4843,1.7);
#4843 = AXIS2_PLACEMENT_3D('',#4844,#4845,#4846);
#4844 = CARTESIAN_POINT('',(-54.,267.465,40.));
#4845 = DIRECTION('',(1.,0.,0.));
#4846 = DIRECTION('',(-0.,0.,1.));
#4847 = ORIENTED_EDGE('',*,*,#4833,.T.);
#4848 = CYLINDRICAL_SURFACE('',#4849,1.7);
#4849 = AXIS2_PLACEMENT_3D('',#4850,#4851,#4852);
#4850 = CARTESIAN_POINT('',(-54.,267.465,40.));
#4851 = DIRECTION('',(1.,0.,0.));
#4852 = DIRECTION('',(-0.,0.,1.));
#4853 = ADVANCED_FACE('',(#4854),#4860,.T.);
#4854 = FACE_BOUND('',#4855,.T.);
#4855 = EDGE_LOOP('',(#4856,#4857,#4858,#4859));
#4856 = ORIENTED_EDGE('',*,*,#4700,.F.);
#4857 = ORIENTED_EDGE('',*,*,#4595,.T.);
#4858 = ORIENTED_EDGE('',*,*,#4630,.T.);
#4859 = ORIENTED_EDGE('',*,*,#4665,.F.);
#4860 = PLANE('',#4861);
#4861 = AXIS2_PLACEMENT_3D('',#4862,#4863,#4864);
#4862 = CARTESIAN_POINT('',(33.65,260.115,23.65));
#4863 = DIRECTION('',(0.,0.,1.));
#4864 = DIRECTION('',(1.,0.,-0.));
#4865 = ADVANCED_FACE('',(#4866),#4885,.F.);
#4866 = FACE_BOUND('',#4867,.F.);
#4867 = EDGE_LOOP('',(#4868,#4876,#4883,#4884));
#4868 = ORIENTED_EDGE('',*,*,#4869,.T.);
#4869 = EDGE_CURVE('',#4648,#4870,#4872,.T.);
#4870 = VERTEX_POINT('',#4871);
#4871 = CARTESIAN_POINT('',(54.,267.465,41.7));
#4872 = LINE('',#4873,#4874);
#4873 = CARTESIAN_POINT('',(30.,267.465,41.7));
#4874 = VECTOR('',#4875,1.);
#4875 = DIRECTION('',(1.,0.,0.));
#4876 = ORIENTED_EDGE('',*,*,#4877,.F.);
#4877 = EDGE_CURVE('',#4870,#4870,#4878,.T.);
#4878 = CIRCLE('',#4879,1.7);
#4879 = AXIS2_PLACEMENT_3D('',#4880,#4881,#4882);
#4880 = CARTESIAN_POINT('',(54.,267.465,40.));
#4881 = DIRECTION('',(1.,0.,0.));
#4882 = DIRECTION('',(-0.,0.,1.));
#4883 = ORIENTED_EDGE('',*,*,#4869,.F.);
#4884 = ORIENTED_EDGE('',*,*,#4647,.T.);
#4885 = CYLINDRICAL_SURFACE('',#4886,1.7);
#4886 = AXIS2_PLACEMENT_3D('',#4887,#4888,#4889);
#4887 = CARTESIAN_POINT('',(30.,267.465,40.));
#4888 = DIRECTION('',(1.,0.,0.));
#4889 = DIRECTION('',(-0.,0.,1.));
#4890 = ADVANCED_FACE('',(#4891),#4910,.F.);
#4891 = FACE_BOUND('',#4892,.F.);
#4892 = EDGE_LOOP('',(#4893,#4894,#4902,#4909));
#4893 = ORIENTED_EDGE('',*,*,#4710,.F.);
#4894 = ORIENTED_EDGE('',*,*,#4895,.F.);
#4895 = EDGE_CURVE('',#4896,#4711,#4898,.T.);
#4896 = VERTEX_POINT('',#4897);
#4897 = CARTESIAN_POINT('',(30.,267.465,41.7));
#4898 = LINE('',#4899,#4900);
#4899 = CARTESIAN_POINT('',(30.,267.465,41.7));
#4900 = VECTOR('',#4901,1.);
#4901 = DIRECTION('',(1.,0.,0.));
#4902 = ORIENTED_EDGE('',*,*,#4903,.T.);
#4903 = EDGE_CURVE('',#4896,#4896,#4904,.T.);
#4904 = CIRCLE('',#4905,1.7);
#4905 = AXIS2_PLACEMENT_3D('',#4906,#4907,#4908);
#4906 = CARTESIAN_POINT('',(30.,267.465,40.));
#4907 = DIRECTION('',(1.,0.,0.));
#4908 = DIRECTION('',(-0.,0.,1.));
#4909 = ORIENTED_EDGE('',*,*,#4895,.T.);
#4910 = CYLINDRICAL_SURFACE('',#4911,1.7);
#4911 = AXIS2_PLACEMENT_3D('',#4912,#4913,#4914);
#4912 = CARTESIAN_POINT('',(30.,267.465,40.));
#4913 = DIRECTION('',(1.,0.,0.));
#4914 = DIRECTION('',(-0.,0.,1.));
#4915 = ADVANCED_FACE('',(#4916),#4919,.F.);
#4916 = FACE_BOUND('',#4917,.F.);
#4917 = EDGE_LOOP('',(#4918));
#4918 = ORIENTED_EDGE('',*,*,#4815,.T.);
#4919 = PLANE('',#4920);
#4920 = AXIS2_PLACEMENT_3D('',#4921,#4922,#4923);
#4921 = CARTESIAN_POINT('',(-30.,267.465,40.));
#4922 = DIRECTION('',(1.,0.,0.));
#4923 = DIRECTION('',(-0.,0.,1.));
#4924 = ADVANCED_FACE('',(#4925),#4928,.T.);
#4925 = FACE_BOUND('',#4926,.F.);
#4926 = EDGE_LOOP('',(#4927));
#4927 = ORIENTED_EDGE('',*,*,#4841,.F.);
#4928 = PLANE('',#4929);
#4929 = AXIS2_PLACEMENT_3D('',#4930,#4931,#4932);
#4930 = CARTESIAN_POINT('',(-54.,267.465,40.));
#4931 = DIRECTION('',(1.,0.,0.));
#4932 = DIRECTION('',(-0.,0.,1.));
#4933 = ADVANCED_FACE('',(#4934),#4937,.F.);
#4934 = FACE_BOUND('',#4935,.F.);
#4935 = EDGE_LOOP('',(#4936));
#4936 = ORIENTED_EDGE('',*,*,#4877,.T.);
#4937 = PLANE('',#4938);
#4938 = AXIS2_PLACEMENT_3D('',#4939,#4940,#4941);
#4939 = CARTESIAN_POINT('',(54.,267.465,40.));
#4940 = DIRECTION('',(1.,0.,0.));
#4941 = DIRECTION('',(-0.,0.,1.));
#4942 = ADVANCED_FACE('',(#4943),#4946,.T.);
#4943 = FACE_BOUND('',#4944,.F.);
#4944 = EDGE_LOOP('',(#4945));
#4945 = ORIENTED_EDGE('',*,*,#4903,.F.);
#4946 = PLANE('',#4947);
#4947 = AXIS2_PLACEMENT_3D('',#4948,#4949,#4950);
#4948 = CARTESIAN_POINT('',(30.,267.465,40.));
#4949 = DIRECTION('',(1.,0.,0.));
#4950 = DIRECTION('',(-0.,0.,1.));
#4951 = ORIENTED_CLOSED_SHELL('',*,#4952,.F.);
#4952 = CLOSED_SHELL('',(#4953,#4993,#5024,#5048,#5072,#5089));
#4953 = ADVANCED_FACE('',(#4954),#4988,.T.);
#4954 = FACE_BOUND('',#4955,.T.);
#4955 = EDGE_LOOP('',(#4956,#4966,#4974,#4982));
#4956 = ORIENTED_EDGE('',*,*,#4957,.F.);
#4957 = EDGE_CURVE('',#4958,#4960,#4962,.T.);
#4958 = VERTEX_POINT('',#4959);
#4959 = CARTESIAN_POINT('',(-96.4,216.,35.04));
#4960 = VERTEX_POINT('',#4961);
#4961 = CARTESIAN_POINT('',(-83.6,216.,35.04));
#4962 = LINE('',#4963,#4964);
#4963 = CARTESIAN_POINT('',(-106.,216.,35.04));
#4964 = VECTOR('',#4965,1.);
#4965 = DIRECTION('',(1.,0.,-0.));
#4966 = ORIENTED_EDGE('',*,*,#4967,.F.);
#4967 = EDGE_CURVE('',#4968,#4958,#4970,.T.);
#4968 = VERTEX_POINT('',#4969);
#4969 = CARTESIAN_POINT('',(-96.4,30.,35.04));
#4970 = LINE('',#4971,#4972);
#4971 = CARTESIAN_POINT('',(-96.4,24.,35.04));
#4972 = VECTOR('',#4973,1.);
#4973 = DIRECTION('',(-0.,1.,0.));
#4974 = ORIENTED_EDGE('',*,*,#4975,.T.);
#4975 = EDGE_CURVE('',#4968,#4976,#4978,.T.);
#4976 = VERTEX_POINT('',#4977);
#4977 = CARTESIAN_POINT('',(-83.6,30.,35.04));
#4978 = LINE('',#4979,#4980);
#4979 = CARTESIAN_POINT('',(-106.,30.,35.04));
#4980 = VECTOR('',#4981,1.);
#4981 = DIRECTION('',(1.,0.,-0.));
#4982 = ORIENTED_EDGE('',*,*,#4983,.T.);
#4983 = EDGE_CURVE('',#4976,#4960,#4984,.T.);
#4984 = LINE('',#4985,#4986);
#4985 = CARTESIAN_POINT('',(-83.6,24.,35.04));
#4986 = VECTOR('',#4987,1.);
#4987 = DIRECTION('',(-0.,1.,0.));
#4988 = PLANE('',#4989);
#4989 = AXIS2_PLACEMENT_3D('',#4990,#4991,#4992);
#4990 = CARTESIAN_POINT('',(-106.,24.,35.04));
#4991 = DIRECTION('',(0.,0.,1.));
#4992 = DIRECTION('',(1.,0.,-0.));
#4993 = ADVANCED_FACE('',(#4994),#5019,.T.);
#4994 = FACE_BOUND('',#4995,.T.);
#4995 = EDGE_LOOP('',(#4996,#5006,#5012,#5013));
#4996 = ORIENTED_EDGE('',*,*,#4997,.F.);
#4997 = EDGE_CURVE('',#4998,#5000,#5002,.T.);
#4998 = VERTEX_POINT('',#4999);
#4999 = CARTESIAN_POINT('',(-96.4,216.,14.04));
#5000 = VERTEX_POINT('',#5001);
#5001 = CARTESIAN_POINT('',(-83.6,216.,14.04));
#5002 = LINE('',#5003,#5004);
#5003 = CARTESIAN_POINT('',(-106.,216.,14.04));
#5004 = VECTOR('',#5005,1.);
#5005 = DIRECTION('',(1.,0.,-0.));
#5006 = ORIENTED_EDGE('',*,*,#5007,.T.);
#5007 = EDGE_CURVE('',#4998,#4958,#5008,.T.);
#5008 = LINE('',#5009,#5010);
#5009 = CARTESIAN_POINT('',(-96.4,216.,14.04));
#5010 = VECTOR('',#5011,1.);
#5011 = DIRECTION('',(0.,0.,1.));
#5012 = ORIENTED_EDGE('',*,*,#4957,.T.);
#5013 = ORIENTED_EDGE('',*,*,#5014,.F.);
#5014 = EDGE_CURVE('',#5000,#4960,#5015,.T.);
#5015 = LINE('',#5016,#5017);
#5016 = CARTESIAN_POINT('',(-83.6,216.,14.04));
#5017 = VECTOR('',#5018,1.);
#5018 = DIRECTION('',(0.,0.,1.));
#5019 = PLANE('',#5020);
#5020 = AXIS2_PLACEMENT_3D('',#5021,#5022,#5023);
#5021 = CARTESIAN_POINT('',(-106.,216.,14.04));
#5022 = DIRECTION('',(-0.,1.,0.));
#5023 = DIRECTION('',(0.,0.,1.));
#5024 = ADVANCED_FACE('',(#5025),#5043,.T.);
#5025 = FACE_BOUND('',#5026,.T.);
#5026 = EDGE_LOOP('',(#5027,#5028,#5036,#5042));
#5027 = ORIENTED_EDGE('',*,*,#4983,.F.);
#5028 = ORIENTED_EDGE('',*,*,#5029,.T.);
#5029 = EDGE_CURVE('',#4976,#5030,#5032,.T.);
#5030 = VERTEX_POINT('',#5031);
#5031 = CARTESIAN_POINT('',(-83.6,30.,14.04));
#5032 = LINE('',#5033,#5034);
#5033 = CARTESIAN_POINT('',(-83.6,30.,11.79));
#5034 = VECTOR('',#5035,1.);
#5035 = DIRECTION('',(-0.,0.,-1.));
#5036 = ORIENTED_EDGE('',*,*,#5037,.T.);
#5037 = EDGE_CURVE('',#5030,#5000,#5038,.T.);
#5038 = LINE('',#5039,#5040);
#5039 = CARTESIAN_POINT('',(-83.6,24.,14.04));
#5040 = VECTOR('',#5041,1.);
#5041 = DIRECTION('',(-0.,1.,0.));
#5042 = ORIENTED_EDGE('',*,*,#5014,.T.);
#5043 = PLANE('',#5044);
#5044 = AXIS2_PLACEMENT_3D('',#5045,#5046,#5047);
#5045 = CARTESIAN_POINT('',(-83.6,24.,14.04));
#5046 = DIRECTION('',(1.,0.,-0.));
#5047 = DIRECTION('',(0.,0.,1.));
#5048 = ADVANCED_FACE('',(#5049),#5067,.F.);
#5049 = FACE_BOUND('',#5050,.F.);
#5050 = EDGE_LOOP('',(#5051,#5059,#5060,#5061));
#5051 = ORIENTED_EDGE('',*,*,#5052,.F.);
#5052 = EDGE_CURVE('',#4968,#5053,#5055,.T.);
#5053 = VERTEX_POINT('',#5054);
#5054 = CARTESIAN_POINT('',(-96.4,30.,14.04));
#5055 = LINE('',#5056,#5057);
#5056 = CARTESIAN_POINT('',(-96.4,30.,11.79));
#5057 = VECTOR('',#5058,1.);
#5058 = DIRECTION('',(-0.,0.,-1.));
#5059 = ORIENTED_EDGE('',*,*,#4975,.T.);
#5060 = ORIENTED_EDGE('',*,*,#5029,.T.);
#5061 = ORIENTED_EDGE('',*,*,#5062,.F.);
#5062 = EDGE_CURVE('',#5053,#5030,#5063,.T.);
#5063 = LINE('',#5064,#5065);
#5064 = CARTESIAN_POINT('',(-106.,30.,14.04));
#5065 = VECTOR('',#5066,1.);
#5066 = DIRECTION('',(1.,0.,-0.));
#5067 = PLANE('',#5068);
#5068 = AXIS2_PLACEMENT_3D('',#5069,#5070,#5071);
#5069 = CARTESIAN_POINT('',(-106.,30.,9.54));
#5070 = DIRECTION('',(-0.,1.,0.));
#5071 = DIRECTION('',(0.,0.,1.));
#5072 = ADVANCED_FACE('',(#5073),#5084,.F.);
#5073 = FACE_BOUND('',#5074,.F.);
#5074 = EDGE_LOOP('',(#5075,#5076,#5077,#5083));
#5075 = ORIENTED_EDGE('',*,*,#4967,.F.);
#5076 = ORIENTED_EDGE('',*,*,#5052,.T.);
#5077 = ORIENTED_EDGE('',*,*,#5078,.T.);
#5078 = EDGE_CURVE('',#5053,#4998,#5079,.T.);
#5079 = LINE('',#5080,#5081);
#5080 = CARTESIAN_POINT('',(-96.4,24.,14.04));
#5081 = VECTOR('',#5082,1.);
#5082 = DIRECTION('',(-0.,1.,0.));
#5083 = ORIENTED_EDGE('',*,*,#5007,.T.);
#5084 = PLANE('',#5085);
#5085 = AXIS2_PLACEMENT_3D('',#5086,#5087,#5088);
#5086 = CARTESIAN_POINT('',(-96.4,24.,14.04));
#5087 = DIRECTION('',(1.,0.,-0.));
#5088 = DIRECTION('',(0.,0.,1.));
#5089 = ADVANCED_FACE('',(#5090),#5096,.F.);
#5090 = FACE_BOUND('',#5091,.F.);
#5091 = EDGE_LOOP('',(#5092,#5093,#5094,#5095));
#5092 = ORIENTED_EDGE('',*,*,#4997,.F.);
#5093 = ORIENTED_EDGE('',*,*,#5078,.F.);
#5094 = ORIENTED_EDGE('',*,*,#5062,.T.);
#5095 = ORIENTED_EDGE('',*,*,#5037,.T.);
#5096 = PLANE('',#5097);
#5097 = AXIS2_PLACEMENT_3D('',#5098,#5099,#5100);
#5098 = CARTESIAN_POINT('',(-106.,24.,14.04));
#5099 = DIRECTION('',(0.,0.,1.));
#5100 = DIRECTION('',(1.,0.,-0.));
#5101 = ORIENTED_CLOSED_SHELL('',*,#5102,.F.);
#5102 = CLOSED_SHELL('',(#5103,#5143,#5174,#5198,#5222,#5239));
#5103 = ADVANCED_FACE('',(#5104),#5138,.F.);
#5104 = FACE_BOUND('',#5105,.F.);
#5105 = EDGE_LOOP('',(#5106,#5116,#5124,#5132));
#5106 = ORIENTED_EDGE('',*,*,#5107,.F.);
#5107 = EDGE_CURVE('',#5108,#5110,#5112,.T.);
#5108 = VERTEX_POINT('',#5109);
#5109 = CARTESIAN_POINT('',(83.6,30.,35.04));
#5110 = VERTEX_POINT('',#5111);
#5111 = CARTESIAN_POINT('',(83.6,216.,35.04));
#5112 = LINE('',#5113,#5114);
#5113 = CARTESIAN_POINT('',(83.6,24.,35.04));
#5114 = VECTOR('',#5115,1.);
#5115 = DIRECTION('',(-0.,1.,0.));
#5116 = ORIENTED_EDGE('',*,*,#5117,.T.);
#5117 = EDGE_CURVE('',#5108,#5118,#5120,.T.);
#5118 = VERTEX_POINT('',#5119);
#5119 = CARTESIAN_POINT('',(83.6,30.,14.04));
#5120 = LINE('',#5121,#5122);
#5121 = CARTESIAN_POINT('',(83.6,30.,11.79));
#5122 = VECTOR('',#5123,1.);
#5123 = DIRECTION('',(-0.,0.,-1.));
#5124 = ORIENTED_EDGE('',*,*,#5125,.T.);
#5125 = EDGE_CURVE('',#5118,#5126,#5128,.T.);
#5126 = VERTEX_POINT('',#5127);
#5127 = CARTESIAN_POINT('',(83.6,216.,14.04));
#5128 = LINE('',#5129,#5130);
#5129 = CARTESIAN_POINT('',(83.6,24.,14.04));
#5130 = VECTOR('',#5131,1.);
#5131 = DIRECTION('',(-0.,1.,0.));
#5132 = ORIENTED_EDGE('',*,*,#5133,.T.);
#5133 = EDGE_CURVE('',#5126,#5110,#5134,.T.);
#5134 = LINE('',#5135,#5136);
#5135 = CARTESIAN_POINT('',(83.6,216.,14.04));
#5136 = VECTOR('',#5137,1.);
#5137 = DIRECTION('',(0.,0.,1.));
#5138 = PLANE('',#5139);
#5139 = AXIS2_PLACEMENT_3D('',#5140,#5141,#5142);
#5140 = CARTESIAN_POINT('',(83.6,24.,14.04));
#5141 = DIRECTION('',(1.,0.,-0.));
#5142 = DIRECTION('',(0.,0.,1.));
#5143 = ADVANCED_FACE('',(#5144),#5169,.T.);
#5144 = FACE_BOUND('',#5145,.T.);
#5145 = EDGE_LOOP('',(#5146,#5154,#5155,#5163));
#5146 = ORIENTED_EDGE('',*,*,#5147,.F.);
#5147 = EDGE_CURVE('',#5110,#5148,#5150,.T.);
#5148 = VERTEX_POINT('',#5149);
#5149 = CARTESIAN_POINT('',(96.4,216.,35.04));
#5150 = LINE('',#5151,#5152);
#5151 = CARTESIAN_POINT('',(-106.,216.,35.04));
#5152 = VECTOR('',#5153,1.);
#5153 = DIRECTION('',(1.,0.,-0.));
#5154 = ORIENTED_EDGE('',*,*,#5107,.F.);
#5155 = ORIENTED_EDGE('',*,*,#5156,.T.);
#5156 = EDGE_CURVE('',#5108,#5157,#5159,.T.);
#5157 = VERTEX_POINT('',#5158);
#5158 = CARTESIAN_POINT('',(96.4,30.,35.04));
#5159 = LINE('',#5160,#5161);
#5160 = CARTESIAN_POINT('',(74.,30.,35.04));
#5161 = VECTOR('',#5162,1.);
#5162 = DIRECTION('',(1.,0.,-0.));
#5163 = ORIENTED_EDGE('',*,*,#5164,.T.);
#5164 = EDGE_CURVE('',#5157,#5148,#5165,.T.);
#5165 = LINE('',#5166,#5167);
#5166 = CARTESIAN_POINT('',(96.4,24.,35.04));
#5167 = VECTOR('',#5168,1.);
#5168 = DIRECTION('',(-0.,1.,0.));
#5169 = PLANE('',#5170);
#5170 = AXIS2_PLACEMENT_3D('',#5171,#5172,#5173);
#5171 = CARTESIAN_POINT('',(74.,24.,35.04));
#5172 = DIRECTION('',(0.,0.,1.));
#5173 = DIRECTION('',(1.,0.,-0.));
#5174 = ADVANCED_FACE('',(#5175),#5193,.T.);
#5175 = FACE_BOUND('',#5176,.T.);
#5176 = EDGE_LOOP('',(#5177,#5185,#5186,#5187));
#5177 = ORIENTED_EDGE('',*,*,#5178,.F.);
#5178 = EDGE_CURVE('',#5126,#5179,#5181,.T.);
#5179 = VERTEX_POINT('',#5180);
#5180 = CARTESIAN_POINT('',(96.4,216.,14.04));
#5181 = LINE('',#5182,#5183);
#5182 = CARTESIAN_POINT('',(-106.,216.,14.04));
#5183 = VECTOR('',#5184,1.);
#5184 = DIRECTION('',(1.,0.,-0.));
#5185 = ORIENTED_EDGE('',*,*,#5133,.T.);
#5186 = ORIENTED_EDGE('',*,*,#5147,.T.);
#5187 = ORIENTED_EDGE('',*,*,#5188,.F.);
#5188 = EDGE_CURVE('',#5179,#5148,#5189,.T.);
#5189 = LINE('',#5190,#5191);
#5190 = CARTESIAN_POINT('',(96.4,216.,14.04));
#5191 = VECTOR('',#5192,1.);
#5192 = DIRECTION('',(0.,0.,1.));
#5193 = PLANE('',#5194);
#5194 = AXIS2_PLACEMENT_3D('',#5195,#5196,#5197);
#5195 = CARTESIAN_POINT('',(-106.,216.,14.04));
#5196 = DIRECTION('',(-0.,1.,0.));
#5197 = DIRECTION('',(0.,0.,1.));
#5198 = ADVANCED_FACE('',(#5199),#5217,.F.);
#5199 = FACE_BOUND('',#5200,.F.);
#5200 = EDGE_LOOP('',(#5201,#5202,#5203,#5211));
#5201 = ORIENTED_EDGE('',*,*,#5178,.F.);
#5202 = ORIENTED_EDGE('',*,*,#5125,.F.);
#5203 = ORIENTED_EDGE('',*,*,#5204,.T.);
#5204 = EDGE_CURVE('',#5118,#5205,#5207,.T.);
#5205 = VERTEX_POINT('',#5206);
#5206 = CARTESIAN_POINT('',(96.4,30.,14.04));
#5207 = LINE('',#5208,#5209);
#5208 = CARTESIAN_POINT('',(74.,30.,14.04));
#5209 = VECTOR('',#5210,1.);
#5210 = DIRECTION('',(1.,0.,-0.));
#5211 = ORIENTED_EDGE('',*,*,#5212,.T.);
#5212 = EDGE_CURVE('',#5205,#5179,#5213,.T.);
#5213 = LINE('',#5214,#5215);
#5214 = CARTESIAN_POINT('',(96.4,24.,14.04));
#5215 = VECTOR('',#5216,1.);
#5216 = DIRECTION('',(-0.,1.,0.));
#5217 = PLANE('',#5218);
#5218 = AXIS2_PLACEMENT_3D('',#5219,#5220,#5221);
#5219 = CARTESIAN_POINT('',(74.,24.,14.04));
#5220 = DIRECTION('',(0.,0.,1.));
#5221 = DIRECTION('',(1.,0.,-0.));
#5222 = ADVANCED_FACE('',(#5223),#5234,.F.);
#5223 = FACE_BOUND('',#5224,.F.);
#5224 = EDGE_LOOP('',(#5225,#5226,#5227,#5233));
#5225 = ORIENTED_EDGE('',*,*,#5117,.F.);
#5226 = ORIENTED_EDGE('',*,*,#5156,.T.);
#5227 = ORIENTED_EDGE('',*,*,#5228,.T.);
#5228 = EDGE_CURVE('',#5157,#5205,#5229,.T.);
#5229 = LINE('',#5230,#5231);
#5230 = CARTESIAN_POINT('',(96.4,30.,11.79));
#5231 = VECTOR('',#5232,1.);
#5232 = DIRECTION('',(-0.,0.,-1.));
#5233 = ORIENTED_EDGE('',*,*,#5204,.F.);
#5234 = PLANE('',#5235);
#5235 = AXIS2_PLACEMENT_3D('',#5236,#5237,#5238);
#5236 = CARTESIAN_POINT('',(74.,30.,9.54));
#5237 = DIRECTION('',(-0.,1.,0.));
#5238 = DIRECTION('',(0.,0.,1.));
#5239 = ADVANCED_FACE('',(#5240),#5246,.T.);
#5240 = FACE_BOUND('',#5241,.T.);
#5241 = EDGE_LOOP('',(#5242,#5243,#5244,#5245));
#5242 = ORIENTED_EDGE('',*,*,#5164,.F.);
#5243 = ORIENTED_EDGE('',*,*,#5228,.T.);
#5244 = ORIENTED_EDGE('',*,*,#5212,.T.);
#5245 = ORIENTED_EDGE('',*,*,#5188,.T.);
#5246 = PLANE('',#5247);
#5247 = AXIS2_PLACEMENT_3D('',#5248,#5249,#5250);
#5248 = CARTESIAN_POINT('',(96.4,24.,14.04));
#5249 = DIRECTION('',(1.,0.,-0.));
#5250 = DIRECTION('',(0.,0.,1.));
#5251 = ( GEOMETRIC_REPRESENTATION_CONTEXT(3) 
GLOBAL_UNCERTAINTY_ASSIGNED_CONTEXT((#5255)) 
GLOBAL_UNIT_ASSIGNED_CONTEXT((#5252,#5253,#5254)) REPRESENTATION_CONTEXT
('Context #1','3D Context with UNIT and UNCERTAINTY') );
#5252 = ( LENGTH_UNIT() NAMED_UNIT(*) SI_UNIT(.MILLI.,.METRE.) );
#5253 = ( NAMED_UNIT(*) PLANE_ANGLE_UNIT() SI_UNIT($,.RADIAN.) );
#5254 = ( NAMED_UNIT(*) SI_UNIT($,.STERADIAN.) SOLID_ANGLE_UNIT() );
#5255 = UNCERTAINTY_MEASURE_WITH_UNIT(LENGTH_MEASURE(1.E-07),#5252,
  'distance_accuracy_value','confusion accuracy');
#5256 = PRODUCT_RELATED_PRODUCT_CATEGORY('part',$,(#7));
ENDSEC;
END-ISO-10303-21;
