ISO-10303-21;
HEADER;
FILE_DESCRIPTION(('FreeCAD Model'),'2;1');
FILE_NAME('Open CASCADE Shape Model','2026-09-14T23:48:47',('FreeCAD'),(
    'FreeCAD'),'Open CASCADE STEP processor 7.8','FreeCAD','Unknown');
FILE_SCHEMA(('AUTOMOTIVE_DESIGN { 1 0 10303 214 1 1 1 1 }'));
ENDSEC;
DATA;
#1 = APPLICATION_PROTOCOL_DEFINITION('international standard',
  'automotive_design',2000,#2);
#2 = APPLICATION_CONTEXT(
  'core data for automotive mechanical design processes');
#3 = SHAPE_DEFINITION_REPRESENTATION(#4,#10);
#4 = PRODUCT_DEFINITION_SHAPE('','',#5);
#5 = PRODUCT_DEFINITION('design','',#6,#9);
#6 = PRODUCT_DEFINITION_FORMATION('','',#7);
#7 = PRODUCT('Open CASCADE STEP translator 7.8 1',
  'Open CASCADE STEP translator 7.8 1','',(#8));
#8 = PRODUCT_CONTEXT('',#2,'mechanical');
#9 = PRODUCT_DEFINITION_CONTEXT('part definition',#2,'design');
#10 = ADVANCED_BREP_SHAPE_REPRESENTATION('',(#11,#15),#11959);
#11 = AXIS2_PLACEMENT_3D('',#12,#13,#14);
#12 = CARTESIAN_POINT('',(0.,0.,0.));
#13 = DIRECTION('',(0.,0.,1.));
#14 = DIRECTION('',(1.,0.,-0.));
#15 = MANIFOLD_SOLID_BREP('',#16);
#16 = CLOSED_SHELL('',(#17,#217,#248,#304,#344,#368,#392,#416,#440,#464,
    #488,#512,#552,#640,#696,#720,#744,#768,#792,#816,#840,#864,#904,
    #928,#978,#1034,#1090,#1146,#1170,#1701,#1725,#2129,#2169,#2202,
    #2290,#2378,#2562,#2593,#2633,#2657,#2930,#2947,#3327,#3351,#3447,
    #3480,#3504,#3526,#3566,#3615,#3632,#3654,#3666,#3683,#3695,#3719,
    #3750,#3795,#3828,#3852,#3876,#3900,#3924,#3948,#3972,#3996,#4020,
    #4044,#4068,#4092,#4116,#4140,#4164,#4188,#4219,#4236,#4253,#4270,
    #4287,#4304,#4321,#4338,#4355,#4372,#4384,#4401,#4418,#4435,#4452,
    #4469,#4486,#4503,#4536,#4560,#4584,#4608,#4632,#4656,#4680,#4704,
    #4728,#4752,#4776,#4800,#4824,#4848,#4872,#4896,#4920,#4937,#4975,
    #5006,#5046,#5102,#5135,#5175,#5199,#5223,#5247,#5271,#5295,#5319,
    #5343,#5367,#5391,#5415,#5455,#5511,#5551,#5575,#5599,#5616,#5633,
    #5650,#5667,#5684,#5701,#5713,#5737,#5802,#5833,#5867,#5907,#5941,
    #5974,#6032,#6049,#6061,#6085,#6109,#6133,#6157,#6174,#6198,#6350,
    #6374,#6638,#6662,#6934,#6958,#7407,#7461,#7485,#7509,#7526,#7543,
    #7560,#7577,#7594,#7606,#7623,#7635,#7659,#7683,#7753,#7793,#7817,
    #7834,#7858,#7882,#7915,#7955,#7979,#7996,#8020,#8044,#8077,#8101,
    #8118,#8178,#8217,#8244,#8262,#8294,#8312,#8330,#8348,#8366,#8376,
    #8394,#8404,#8432,#8471,#8489,#8507,#8525,#8535,#8570,#8602,#8620,
    #8638,#8656,#8666,#8686,#8726,#8763,#8780,#8797,#8832,#8849,#8870,
    #8882,#8906,#9051,#9107,#9131,#9171,#9188,#9209,#9226,#9242,#9275,
    #9292,#9309,#9326,#9343,#9360,#9377,#9394,#9427,#9453,#9502,#9526,
    #9550,#9574,#9598,#9622,#9646,#9670,#9694,#9718,#9742,#9766,#9790,
    #9814,#9838,#9862,#9886,#9903,#9952,#9969,#9986,#10003,#10020,#10037
    ,#10054,#10071,#10088,#10105,#10122,#10139,#10156,#10173,#10190,
    #10207,#10224,#10241,#10258,#10275,#10292,#10309,#10326,#10343,
    #10360,#10377,#10394,#10411,#10428,#10445,#10457,#10488,#10533,
    #10550,#10567,#10584,#10601,#10618,#10635,#10652,#10669,#10686,
    #10703,#10720,#10737,#10754,#10766,#10811,#10842,#10861,#10885,
    #10902,#10919,#10931,#10943,#10960,#10977,#10989,#11001,#11033,
    #11045,#11062,#11079,#11091,#11108,#11125,#11168,#11193,#11284,
    #11315,#11339,#11363,#11387,#11411,#11435,#11459,#11483,#11507,
    #11524,#11542,#11567,#11658,#11689,#11713,#11737,#11761,#11785,
    #11809,#11833,#11857,#11881,#11898,#11916,#11937));
#17 = ADVANCED_FACE('',(#18),#212,.T.);
#18 = FACE_BOUND('',#19,.T.);
#19 = EDGE_LOOP('',(#20,#30,#38,#46,#54,#62,#70,#78,#86,#94,#102,#110,
    #118,#126,#134,#142,#150,#158,#166,#174,#182,#190,#198,#206));
#20 = ORIENTED_EDGE('',*,*,#21,.F.);
#21 = EDGE_CURVE('',#22,#24,#26,.T.);
#22 = VERTEX_POINT('',#23);
#23 = CARTESIAN_POINT('',(-71.,18.,0.));
#24 = VERTEX_POINT('',#25);
#25 = CARTESIAN_POINT('',(-71.,18.,18.));
#26 = LINE('',#27,#28);
#27 = CARTESIAN_POINT('',(-71.,18.,0.));
#28 = VECTOR('',#29,1.);
#29 = DIRECTION('',(0.,0.,1.));
#30 = ORIENTED_EDGE('',*,*,#31,.F.);
#31 = EDGE_CURVE('',#32,#22,#34,.T.);
#32 = VERTEX_POINT('',#33);
#33 = CARTESIAN_POINT('',(-109.,18.,0.));
#34 = LINE('',#35,#36);
#35 = CARTESIAN_POINT('',(-109.,18.,0.));
#36 = VECTOR('',#37,1.);
#37 = DIRECTION('',(1.,0.,-0.));
#38 = ORIENTED_EDGE('',*,*,#39,.T.);
#39 = EDGE_CURVE('',#32,#40,#42,.T.);
#40 = VERTEX_POINT('',#41);
#41 = CARTESIAN_POINT('',(-109.,18.,18.));
#42 = LINE('',#43,#44);
#43 = CARTESIAN_POINT('',(-109.,18.,0.));
#44 = VECTOR('',#45,1.);
#45 = DIRECTION('',(0.,0.,1.));
#46 = ORIENTED_EDGE('',*,*,#47,.T.);
#47 = EDGE_CURVE('',#40,#48,#50,.T.);
#48 = VERTEX_POINT('',#49);
#49 = CARTESIAN_POINT('',(-103.7828082304,18.,18.));
#50 = LINE('',#51,#52);
#51 = CARTESIAN_POINT('',(-109.,18.,18.));
#52 = VECTOR('',#53,1.);
#53 = DIRECTION('',(1.,0.,-0.));
#54 = ORIENTED_EDGE('',*,*,#55,.F.);
#55 = EDGE_CURVE('',#56,#48,#58,.T.);
#56 = VERTEX_POINT('',#57);
#57 = CARTESIAN_POINT('',(-103.8491083676,18.,17.928888888889));
#58 = LINE('',#59,#60);
#59 = CARTESIAN_POINT('',(-109.2590335527,18.,12.126400276657));
#60 = VECTOR('',#61,1.);
#61 = DIRECTION('',(0.681932082106,0.,0.731415501199));
#62 = ORIENTED_EDGE('',*,*,#63,.F.);
#63 = EDGE_CURVE('',#64,#56,#66,.T.);
#64 = VERTEX_POINT('',#65);
#65 = CARTESIAN_POINT('',(-104.3407407407,18.,17.373333333333));
#66 = LINE('',#67,#68);
#67 = CARTESIAN_POINT('',(-109.4291455418,18.,11.623322327665));
#68 = VECTOR('',#69,1.);
#69 = DIRECTION('',(0.662709521533,0.,0.748876551956));
#70 = ORIENTED_EDGE('',*,*,#71,.F.);
#71 = EDGE_CURVE('',#72,#64,#74,.T.);
#72 = VERTEX_POINT('',#73);
#73 = CARTESIAN_POINT('',(-104.792866941,18.,16.817777777778));
#74 = LINE('',#75,#76);
#75 = CARTESIAN_POINT('',(-109.5217051919,18.,11.007160388129));
#76 = VECTOR('',#77,1.);
#77 = DIRECTION('',(0.631212461229,0.,0.77560997208));
#78 = ORIENTED_EDGE('',*,*,#79,.F.);
#79 = EDGE_CURVE('',#80,#72,#82,.T.);
#80 = VERTEX_POINT('',#81);
#81 = CARTESIAN_POINT('',(-105.1923182441,18.,16.262222222222));
#82 = LINE('',#83,#84);
#83 = CARTESIAN_POINT('',(-109.4953679556,18.,10.277554869337));
#84 = VECTOR('',#85,1.);
#85 = DIRECTION('',(0.583776486487,0.,0.811914412869));
#86 = ORIENTED_EDGE('',*,*,#87,.F.);
#87 = EDGE_CURVE('',#88,#80,#90,.T.);
#88 = VERTEX_POINT('',#89);
#89 = CARTESIAN_POINT('',(-105.5259259259,18.,15.706666666667));
#90 = LINE('',#91,#92);
#91 = CARTESIAN_POINT('',(-109.2855291323,18.,9.44581428762));
#92 = VECTOR('',#93,1.);
#93 = DIRECTION('',(0.514807016402,0.,0.857306092282));
#94 = ORIENTED_EDGE('',*,*,#95,.F.);
#95 = EDGE_CURVE('',#96,#88,#98,.T.);
#96 = VERTEX_POINT('',#97);
#97 = CARTESIAN_POINT('',(-105.780521262,18.,15.151111111111));
#98 = LINE('',#99,#100);
#99 = CARTESIAN_POINT('',(-108.80172564,18.,8.558504574978));
#100 = VECTOR('',#101,1.);
#101 = DIRECTION('',(0.416608335402,0.,0.909086076713));
#102 = ORIENTED_EDGE('',*,*,#103,.F.);
#103 = EDGE_CURVE('',#104,#96,#106,.T.);
#104 = VERTEX_POINT('',#105);
#105 = CARTESIAN_POINT('',(-105.9429355281,18.,14.595555555556));
#106 = LINE('',#107,#108);
#107 = CARTESIAN_POINT('',(-107.9475711004,18.,7.738482863158));
#108 = VECTOR('',#109,1.);
#109 = DIRECTION('',(0.280600582118,0.,0.959824626333));
#110 = ORIENTED_EDGE('',*,*,#111,.F.);
#111 = EDGE_CURVE('',#112,#104,#114,.T.);
#112 = VERTEX_POINT('',#113);
#113 = CARTESIAN_POINT('',(-106.,18.,14.04));
#114 = LINE('',#115,#116);
#115 = CARTESIAN_POINT('',(-106.7006668328,18.,7.218604151264));
#116 = VECTOR('',#117,1.);
#117 = DIRECTION('',(0.102178442416,0.,0.994766086025));
#118 = ORIENTED_EDGE('',*,*,#119,.T.);
#119 = EDGE_CURVE('',#112,#120,#122,.T.);
#120 = VERTEX_POINT('',#121);
#121 = CARTESIAN_POINT('',(-106.,18.,9.54));
#122 = LINE('',#123,#124);
#123 = CARTESIAN_POINT('',(-106.,18.,4.77));
#124 = VECTOR('',#125,1.);
#125 = DIRECTION('',(-0.,0.,-1.));
#126 = ORIENTED_EDGE('',*,*,#127,.T.);
#127 = EDGE_CURVE('',#120,#128,#130,.T.);
#128 = VERTEX_POINT('',#129);
#129 = CARTESIAN_POINT('',(-74.,18.,9.54));
#130 = LINE('',#131,#132);
#131 = CARTESIAN_POINT('',(-107.5,18.,9.54));
#132 = VECTOR('',#133,1.);
#133 = DIRECTION('',(1.,0.,-0.));
#134 = ORIENTED_EDGE('',*,*,#135,.F.);
#135 = EDGE_CURVE('',#136,#128,#138,.T.);
#136 = VERTEX_POINT('',#137);
#137 = CARTESIAN_POINT('',(-74.,18.,14.04));
#138 = LINE('',#139,#140);
#139 = CARTESIAN_POINT('',(-74.,18.,4.77));
#140 = VECTOR('',#141,1.);
#141 = DIRECTION('',(-0.,0.,-1.));
#142 = ORIENTED_EDGE('',*,*,#143,.T.);
#143 = EDGE_CURVE('',#136,#144,#146,.T.);
#144 = VERTEX_POINT('',#145);
#145 = CARTESIAN_POINT('',(-74.05706447187,18.,14.595555555556));
#146 = LINE('',#147,#148);
#147 = CARTESIAN_POINT('',(-73.49770141494,18.,9.149833486799));
#148 = VECTOR('',#149,1.);
#149 = DIRECTION('',(-0.102178442416,-0.,0.994766086025));
#150 = ORIENTED_EDGE('',*,*,#151,.T.);
#151 = EDGE_CURVE('',#144,#152,#154,.T.);
#152 = VERTEX_POINT('',#153);
#153 = CARTESIAN_POINT('',(-74.21947873799,18.,15.151111111111));
#154 = LINE('',#155,#156);
#155 = CARTESIAN_POINT('',(-73.54842594659,18.,12.855702491882));
#156 = VECTOR('',#157,1.);
#157 = DIRECTION('',(-0.280600582118,-0.,0.959824626333));
#158 = ORIENTED_EDGE('',*,*,#159,.T.);
#159 = EDGE_CURVE('',#152,#160,#162,.T.);
#160 = VERTEX_POINT('',#161);
#161 = CARTESIAN_POINT('',(-74.47407407407,18.,15.706666666667));
#162 = LINE('',#163,#164);
#163 = CARTESIAN_POINT('',(-74.49596195736,18.,15.754428480957));
#164 = VECTOR('',#165,1.);
#165 = DIRECTION('',(-0.416608335402,-0.,0.909086076713));
#166 = ORIENTED_EDGE('',*,*,#167,.T.);
#167 = EDGE_CURVE('',#160,#168,#170,.T.);
#168 = VERTEX_POINT('',#169);
#169 = CARTESIAN_POINT('',(-74.80768175583,18.,16.262222222222));
#170 = LINE('',#171,#172);
#171 = CARTESIAN_POINT('',(-75.74996988629,18.,17.831410926326));
#172 = VECTOR('',#173,1.);
#173 = DIRECTION('',(-0.514807016402,-0.,0.857306092282));
#174 = ORIENTED_EDGE('',*,*,#175,.T.);
#175 = EDGE_CURVE('',#168,#176,#178,.T.);
#176 = VERTEX_POINT('',#177);
#177 = CARTESIAN_POINT('',(-75.20713305898,18.,16.817777777778));
#178 = LINE('',#179,#180);
#179 = CARTESIAN_POINT('',(-76.97973678166,18.,19.283109191527));
#180 = VECTOR('',#181,1.);
#181 = DIRECTION('',(-0.583776486487,-0.,0.811914412869));
#182 = ORIENTED_EDGE('',*,*,#183,.T.);
#183 = EDGE_CURVE('',#176,#184,#186,.T.);
#184 = VERTEX_POINT('',#185);
#185 = CARTESIAN_POINT('',(-75.65925925925,18.,17.373333333333));
#186 = LINE('',#187,#188);
#187 = CARTESIAN_POINT('',(-78.04844906104,18.,20.309079297298));
#188 = VECTOR('',#189,1.);
#189 = DIRECTION('',(-0.631212461229,-0.,0.77560997208));
#190 = ORIENTED_EDGE('',*,*,#191,.T.);
#191 = EDGE_CURVE('',#184,#192,#194,.T.);
#192 = VERTEX_POINT('',#193);
#193 = CARTESIAN_POINT('',(-76.15089163237,18.,17.928888888889));
#194 = LINE('',#195,#196);
#195 = CARTESIAN_POINT('',(-78.91534874687,18.,21.052787134913));
#196 = VECTOR('',#197,1.);
#197 = DIRECTION('',(-0.662709521533,-0.,0.748876551956));
#198 = ORIENTED_EDGE('',*,*,#199,.T.);
#199 = EDGE_CURVE('',#192,#200,#202,.T.);
#200 = VERTEX_POINT('',#201);
#201 = CARTESIAN_POINT('',(-76.21719176954,18.,18.));
#202 = LINE('',#203,#204);
#203 = CARTESIAN_POINT('',(-79.57656237474,18.,21.603138493388));
#204 = VECTOR('',#205,1.);
#205 = DIRECTION('',(-0.681932082106,-0.,0.731415501199));
#206 = ORIENTED_EDGE('',*,*,#207,.T.);
#207 = EDGE_CURVE('',#200,#24,#208,.T.);
#208 = LINE('',#209,#210);
#209 = CARTESIAN_POINT('',(-109.,18.,18.));
#210 = VECTOR('',#211,1.);
#211 = DIRECTION('',(1.,0.,-0.));
#212 = PLANE('',#213);
#213 = AXIS2_PLACEMENT_3D('',#214,#215,#216);
#214 = CARTESIAN_POINT('',(-109.,18.,0.));
#215 = DIRECTION('',(-0.,1.,0.));
#216 = DIRECTION('',(0.,0.,1.));
#217 = ADVANCED_FACE('',(#218),#243,.T.);
#218 = FACE_BOUND('',#219,.T.);
#219 = EDGE_LOOP('',(#220,#228,#236,#242));
#220 = ORIENTED_EDGE('',*,*,#221,.F.);
#221 = EDGE_CURVE('',#222,#24,#224,.T.);
#222 = VERTEX_POINT('',#223);
#223 = CARTESIAN_POINT('',(-71.,7.,18.));
#224 = LINE('',#225,#226);
#225 = CARTESIAN_POINT('',(-71.,-8.,18.));
#226 = VECTOR('',#227,1.);
#227 = DIRECTION('',(-0.,1.,0.));
#228 = ORIENTED_EDGE('',*,*,#229,.F.);
#229 = EDGE_CURVE('',#230,#222,#232,.T.);
#230 = VERTEX_POINT('',#231);
#231 = CARTESIAN_POINT('',(-71.,7.,0.));
#232 = LINE('',#233,#234);
#233 = CARTESIAN_POINT('',(-71.,7.,0.));
#234 = VECTOR('',#235,1.);
#235 = DIRECTION('',(0.,0.,1.));
#236 = ORIENTED_EDGE('',*,*,#237,.T.);
#237 = EDGE_CURVE('',#230,#22,#238,.T.);
#238 = LINE('',#239,#240);
#239 = CARTESIAN_POINT('',(-71.,-8.,0.));
#240 = VECTOR('',#241,1.);
#241 = DIRECTION('',(-0.,1.,0.));
#242 = ORIENTED_EDGE('',*,*,#21,.T.);
#243 = PLANE('',#244);
#244 = AXIS2_PLACEMENT_3D('',#245,#246,#247);
#245 = CARTESIAN_POINT('',(-71.,-8.,0.));
#246 = DIRECTION('',(1.,0.,-0.));
#247 = DIRECTION('',(0.,0.,1.));
#248 = ADVANCED_FACE('',(#249),#299,.T.);
#249 = FACE_BOUND('',#250,.T.);
#250 = EDGE_LOOP('',(#251,#252,#260,#268,#276,#284,#292,#298));
#251 = ORIENTED_EDGE('',*,*,#207,.F.);
#252 = ORIENTED_EDGE('',*,*,#253,.T.);
#253 = EDGE_CURVE('',#200,#254,#256,.T.);
#254 = VERTEX_POINT('',#255);
#255 = CARTESIAN_POINT('',(-76.21719176954,-8.,18.));
#256 = LINE('',#257,#258);
#257 = CARTESIAN_POINT('',(-76.21719176954,-8.,18.));
#258 = VECTOR('',#259,1.);
#259 = DIRECTION('',(-0.,-1.,0.));
#260 = ORIENTED_EDGE('',*,*,#261,.T.);
#261 = EDGE_CURVE('',#254,#262,#264,.T.);
#262 = VERTEX_POINT('',#263);
#263 = CARTESIAN_POINT('',(-71.,-8.,18.));
#264 = LINE('',#265,#266);
#265 = CARTESIAN_POINT('',(-109.,-8.,18.));
#266 = VECTOR('',#267,1.);
#267 = DIRECTION('',(1.,0.,-0.));
#268 = ORIENTED_EDGE('',*,*,#269,.T.);
#269 = EDGE_CURVE('',#262,#270,#272,.T.);
#270 = VERTEX_POINT('',#271);
#271 = CARTESIAN_POINT('',(-71.,-7.,18.));
#272 = LINE('',#273,#274);
#273 = CARTESIAN_POINT('',(-71.,-8.,18.));
#274 = VECTOR('',#275,1.);
#275 = DIRECTION('',(-0.,1.,0.));
#276 = ORIENTED_EDGE('',*,*,#277,.T.);
#277 = EDGE_CURVE('',#270,#278,#280,.T.);
#278 = VERTEX_POINT('',#279);
#279 = CARTESIAN_POINT('',(-73.3,-7.,18.));
#280 = LINE('',#281,#282);
#281 = CARTESIAN_POINT('',(-91.15,-7.,18.));
#282 = VECTOR('',#283,1.);
#283 = DIRECTION('',(-1.,-0.,0.));
#284 = ORIENTED_EDGE('',*,*,#285,.F.);
#285 = EDGE_CURVE('',#286,#278,#288,.T.);
#286 = VERTEX_POINT('',#287);
#287 = CARTESIAN_POINT('',(-73.3,7.,18.));
#288 = LINE('',#289,#290);
#289 = CARTESIAN_POINT('',(-73.3,-4.,18.));
#290 = VECTOR('',#291,1.);
#291 = DIRECTION('',(0.,-1.,0.));
#292 = ORIENTED_EDGE('',*,*,#293,.F.);
#293 = EDGE_CURVE('',#222,#286,#294,.T.);
#294 = LINE('',#295,#296);
#295 = CARTESIAN_POINT('',(-91.15,7.,18.));
#296 = VECTOR('',#297,1.);
#297 = DIRECTION('',(-1.,-0.,0.));
#298 = ORIENTED_EDGE('',*,*,#221,.T.);
#299 = PLANE('',#300);
#300 = AXIS2_PLACEMENT_3D('',#301,#302,#303);
#301 = CARTESIAN_POINT('',(-109.,-8.,18.));
#302 = DIRECTION('',(0.,0.,1.));
#303 = DIRECTION('',(1.,0.,-0.));
#304 = ADVANCED_FACE('',(#305),#339,.T.);
#305 = FACE_BOUND('',#306,.T.);
#306 = EDGE_LOOP('',(#307,#308,#316,#324,#332,#338));
#307 = ORIENTED_EDGE('',*,*,#199,.F.);
#308 = ORIENTED_EDGE('',*,*,#309,.T.);
#309 = EDGE_CURVE('',#192,#310,#312,.T.);
#310 = VERTEX_POINT('',#311);
#311 = CARTESIAN_POINT('',(-76.15089163237,190.58,17.928888888889));
#312 = LINE('',#313,#314);
#313 = CARTESIAN_POINT('',(-76.15089163237,24.,17.928888888889));
#314 = VECTOR('',#315,1.);
#315 = DIRECTION('',(0.,1.,0.));
#316 = ORIENTED_EDGE('',*,*,#317,.T.);
#317 = EDGE_CURVE('',#310,#318,#320,.T.);
#318 = VERTEX_POINT('',#319);
#319 = CARTESIAN_POINT('',(-76.66886145404,190.58,18.484444444444));
#320 = LINE('',#321,#322);
#321 = CARTESIAN_POINT('',(-75.73239749683,190.58,17.480027329323));
#322 = VECTOR('',#323,1.);
#323 = DIRECTION('',(-0.681932082106,-0.,0.731415501199));
#324 = ORIENTED_EDGE('',*,*,#325,.F.);
#325 = EDGE_CURVE('',#326,#318,#328,.T.);
#326 = VERTEX_POINT('',#327);
#327 = CARTESIAN_POINT('',(-76.66886145404,-8.,18.484444444444));
#328 = LINE('',#329,#330);
#329 = CARTESIAN_POINT('',(-76.66886145404,24.,18.484444444444));
#330 = VECTOR('',#331,1.);
#331 = DIRECTION('',(0.,1.,0.));
#332 = ORIENTED_EDGE('',*,*,#333,.T.);
#333 = EDGE_CURVE('',#326,#254,#334,.T.);
#334 = LINE('',#335,#336);
#335 = CARTESIAN_POINT('',(-76.66886145404,-8.,18.484444444444));
#336 = VECTOR('',#337,1.);
#337 = DIRECTION('',(0.681932082106,0.,-0.731415501199));
#338 = ORIENTED_EDGE('',*,*,#253,.F.);
#339 = PLANE('',#340);
#340 = AXIS2_PLACEMENT_3D('',#341,#342,#343);
#341 = CARTESIAN_POINT('',(-76.41364426236,106.0055250651,
    18.210707784929));
#342 = DIRECTION('',(0.731415501199,0.,0.681932082106));
#343 = DIRECTION('',(-0.681932082106,0.,0.731415501199));
#344 = ADVANCED_FACE('',(#345),#363,.T.);
#345 = FACE_BOUND('',#346,.T.);
#346 = EDGE_LOOP('',(#347,#348,#356,#362));
#347 = ORIENTED_EDGE('',*,*,#191,.F.);
#348 = ORIENTED_EDGE('',*,*,#349,.T.);
#349 = EDGE_CURVE('',#184,#350,#352,.T.);
#350 = VERTEX_POINT('',#351);
#351 = CARTESIAN_POINT('',(-75.65925925925,190.58,17.373333333333));
#352 = LINE('',#353,#354);
#353 = CARTESIAN_POINT('',(-75.65925925925,24.,17.373333333333));
#354 = VECTOR('',#355,1.);
#355 = DIRECTION('',(0.,1.,0.));
#356 = ORIENTED_EDGE('',*,*,#357,.T.);
#357 = EDGE_CURVE('',#350,#310,#358,.T.);
#358 = LINE('',#359,#360);
#359 = CARTESIAN_POINT('',(-75.45910339971,190.58,17.14715274428));
#360 = VECTOR('',#361,1.);
#361 = DIRECTION('',(-0.662709521533,-0.,0.748876551956));
#362 = ORIENTED_EDGE('',*,*,#309,.F.);
#363 = PLANE('',#364);
#364 = AXIS2_PLACEMENT_3D('',#365,#366,#367);
#365 = CARTESIAN_POINT('',(-75.90507544581,119.,17.651111111111));
#366 = DIRECTION('',(0.748876551956,0.,0.662709521533));
#367 = DIRECTION('',(-0.662709521533,0.,0.748876551956));
#368 = ADVANCED_FACE('',(#369),#387,.T.);
#369 = FACE_BOUND('',#370,.T.);
#370 = EDGE_LOOP('',(#371,#372,#380,#386));
#371 = ORIENTED_EDGE('',*,*,#183,.F.);
#372 = ORIENTED_EDGE('',*,*,#373,.T.);
#373 = EDGE_CURVE('',#176,#374,#376,.T.);
#374 = VERTEX_POINT('',#375);
#375 = CARTESIAN_POINT('',(-75.20713305898,190.58,16.817777777778));
#376 = LINE('',#377,#378);
#377 = CARTESIAN_POINT('',(-75.20713305898,24.,16.817777777778));
#378 = VECTOR('',#379,1.);
#379 = DIRECTION('',(0.,1.,0.));
#380 = ORIENTED_EDGE('',*,*,#381,.T.);
#381 = EDGE_CURVE('',#374,#350,#382,.T.);
#382 = LINE('',#383,#384);
#383 = CARTESIAN_POINT('',(-75.18678811322,190.58,16.792778678774));
#384 = VECTOR('',#385,1.);
#385 = DIRECTION('',(-0.631212461229,-0.,0.77560997208));
#386 = ORIENTED_EDGE('',*,*,#349,.F.);
#387 = PLANE('',#388);
#388 = AXIS2_PLACEMENT_3D('',#389,#390,#391);
#389 = CARTESIAN_POINT('',(-75.43319615912,119.,17.095555555556));
#390 = DIRECTION('',(0.77560997208,0.,0.631212461229));
#391 = DIRECTION('',(-0.631212461229,0.,0.77560997208));
#392 = ADVANCED_FACE('',(#393),#411,.T.);
#393 = FACE_BOUND('',#394,.T.);
#394 = EDGE_LOOP('',(#395,#396,#404,#410));
#395 = ORIENTED_EDGE('',*,*,#175,.F.);
#396 = ORIENTED_EDGE('',*,*,#397,.T.);
#397 = EDGE_CURVE('',#168,#398,#400,.T.);
#398 = VERTEX_POINT('',#399);
#399 = CARTESIAN_POINT('',(-74.80768175583,190.58,16.262222222222));
#400 = LINE('',#401,#402);
#401 = CARTESIAN_POINT('',(-74.80768175583,24.,16.262222222222));
#402 = VECTOR('',#403,1.);
#403 = DIRECTION('',(0.,1.,0.));
#404 = ORIENTED_EDGE('',*,*,#405,.T.);
#405 = EDGE_CURVE('',#398,#374,#406,.T.);
#406 = LINE('',#407,#408);
#407 = CARTESIAN_POINT('',(-74.91538747306,190.58,16.412018978674));
#408 = VECTOR('',#409,1.);
#409 = DIRECTION('',(-0.583776486487,-0.,0.811914412869));
#410 = ORIENTED_EDGE('',*,*,#373,.F.);
#411 = PLANE('',#412);
#412 = AXIS2_PLACEMENT_3D('',#413,#414,#415);
#413 = CARTESIAN_POINT('',(-75.0074074074,119.,16.54));
#414 = DIRECTION('',(0.811914412869,0.,0.583776486487));
#415 = DIRECTION('',(-0.583776486487,0.,0.811914412869));
#416 = ADVANCED_FACE('',(#417),#435,.T.);
#417 = FACE_BOUND('',#418,.T.);
#418 = EDGE_LOOP('',(#419,#420,#428,#434));
#419 = ORIENTED_EDGE('',*,*,#167,.F.);
#420 = ORIENTED_EDGE('',*,*,#421,.T.);
#421 = EDGE_CURVE('',#160,#422,#424,.T.);
#422 = VERTEX_POINT('',#423);
#423 = CARTESIAN_POINT('',(-74.47407407407,190.58,15.706666666667));
#424 = LINE('',#425,#426);
#425 = CARTESIAN_POINT('',(-74.47407407407,24.,15.706666666667));
#426 = VECTOR('',#427,1.);
#427 = DIRECTION('',(0.,1.,0.));
#428 = ORIENTED_EDGE('',*,*,#429,.T.);
#429 = EDGE_CURVE('',#422,#398,#430,.T.);
#430 = LINE('',#431,#432);
#431 = CARTESIAN_POINT('',(-74.64809121231,190.58,15.99645672006));
#432 = VECTOR('',#433,1.);
#433 = DIRECTION('',(-0.514807016402,-0.,0.857306092282));
#434 = ORIENTED_EDGE('',*,*,#397,.F.);
#435 = PLANE('',#436);
#436 = AXIS2_PLACEMENT_3D('',#437,#438,#439);
#437 = CARTESIAN_POINT('',(-74.64087791495,119.,15.984444444444));
#438 = DIRECTION('',(0.857306092282,0.,0.514807016402));
#439 = DIRECTION('',(-0.514807016402,0.,0.857306092282));
#440 = ADVANCED_FACE('',(#441),#459,.T.);
#441 = FACE_BOUND('',#442,.T.);
#442 = EDGE_LOOP('',(#443,#444,#452,#458));
#443 = ORIENTED_EDGE('',*,*,#159,.F.);
#444 = ORIENTED_EDGE('',*,*,#445,.T.);
#445 = EDGE_CURVE('',#152,#446,#448,.T.);
#446 = VERTEX_POINT('',#447);
#447 = CARTESIAN_POINT('',(-74.21947873799,190.58,15.151111111111));
#448 = LINE('',#449,#450);
#449 = CARTESIAN_POINT('',(-74.21947873799,24.,15.151111111111));
#450 = VECTOR('',#451,1.);
#451 = DIRECTION('',(0.,1.,0.));
#452 = ORIENTED_EDGE('',*,*,#453,.T.);
#453 = EDGE_CURVE('',#446,#422,#454,.T.);
#454 = LINE('',#455,#456);
#455 = CARTESIAN_POINT('',(-74.39322415397,190.58,15.530243080251));
#456 = VECTOR('',#457,1.);
#457 = DIRECTION('',(-0.416608335402,-0.,0.909086076713));
#458 = ORIENTED_EDGE('',*,*,#421,.F.);
#459 = PLANE('',#460);
#460 = AXIS2_PLACEMENT_3D('',#461,#462,#463);
#461 = CARTESIAN_POINT('',(-74.34677640603,119.,15.428888888889));
#462 = DIRECTION('',(0.909086076713,0.,0.416608335402));
#463 = DIRECTION('',(-0.416608335402,0.,0.909086076713));
#464 = ADVANCED_FACE('',(#465),#483,.T.);
#465 = FACE_BOUND('',#466,.T.);
#466 = EDGE_LOOP('',(#467,#468,#476,#482));
#467 = ORIENTED_EDGE('',*,*,#151,.F.);
#468 = ORIENTED_EDGE('',*,*,#469,.T.);
#469 = EDGE_CURVE('',#144,#470,#472,.T.);
#470 = VERTEX_POINT('',#471);
#471 = CARTESIAN_POINT('',(-74.05706447187,190.58,14.595555555556));
#472 = LINE('',#473,#474);
#473 = CARTESIAN_POINT('',(-74.05706447187,24.,14.595555555556));
#474 = VECTOR('',#475,1.);
#475 = DIRECTION('',(0.,1.,0.));
#476 = ORIENTED_EDGE('',*,*,#477,.T.);
#477 = EDGE_CURVE('',#470,#446,#478,.T.);
#478 = LINE('',#479,#480);
#479 = CARTESIAN_POINT('',(-74.17269517861,190.58,14.991082888555));
#480 = VECTOR('',#481,1.);
#481 = DIRECTION('',(-0.280600582118,-0.,0.959824626333));
#482 = ORIENTED_EDGE('',*,*,#445,.F.);
#483 = PLANE('',#484);
#484 = AXIS2_PLACEMENT_3D('',#485,#486,#487);
#485 = CARTESIAN_POINT('',(-74.13827160493,119.,14.873333333333));
#486 = DIRECTION('',(0.959824626333,0.,0.280600582118));
#487 = DIRECTION('',(-0.280600582118,0.,0.959824626333));
#488 = ADVANCED_FACE('',(#489),#507,.T.);
#489 = FACE_BOUND('',#490,.T.);
#490 = EDGE_LOOP('',(#491,#492,#500,#506));
#491 = ORIENTED_EDGE('',*,*,#143,.F.);
#492 = ORIENTED_EDGE('',*,*,#493,.T.);
#493 = EDGE_CURVE('',#136,#494,#496,.T.);
#494 = VERTEX_POINT('',#495);
#495 = CARTESIAN_POINT('',(-74.,190.58,14.04));
#496 = LINE('',#497,#498);
#497 = CARTESIAN_POINT('',(-74.,24.,14.04));
#498 = VECTOR('',#499,1.);
#499 = DIRECTION('',(-0.,1.,0.));
#500 = ORIENTED_EDGE('',*,*,#501,.T.);
#501 = EDGE_CURVE('',#494,#470,#502,.T.);
#502 = LINE('',#503,#504);
#503 = CARTESIAN_POINT('',(-74.03311411317,190.58,14.362384996048));
#504 = VECTOR('',#505,1.);
#505 = DIRECTION('',(-0.102178442416,-0.,0.994766086025));
#506 = ORIENTED_EDGE('',*,*,#469,.F.);
#507 = PLANE('',#508);
#508 = AXIS2_PLACEMENT_3D('',#509,#510,#511);
#509 = CARTESIAN_POINT('',(-74.02853223594,119.,14.317777777778));
#510 = DIRECTION('',(0.994766086025,0.,0.102178442416));
#511 = DIRECTION('',(-0.102178442416,0.,0.994766086025));
#512 = ADVANCED_FACE('',(#513),#547,.T.);
#513 = FACE_BOUND('',#514,.T.);
#514 = EDGE_LOOP('',(#515,#516,#517,#525,#533,#541));
#515 = ORIENTED_EDGE('',*,*,#493,.F.);
#516 = ORIENTED_EDGE('',*,*,#135,.T.);
#517 = ORIENTED_EDGE('',*,*,#518,.T.);
#518 = EDGE_CURVE('',#128,#519,#521,.T.);
#519 = VERTEX_POINT('',#520);
#520 = CARTESIAN_POINT('',(-74.,216.,9.54));
#521 = LINE('',#522,#523);
#522 = CARTESIAN_POINT('',(-74.,24.,9.54));
#523 = VECTOR('',#524,1.);
#524 = DIRECTION('',(-0.,1.,0.));
#525 = ORIENTED_EDGE('',*,*,#526,.T.);
#526 = EDGE_CURVE('',#519,#527,#529,.T.);
#527 = VERTEX_POINT('',#528);
#528 = CARTESIAN_POINT('',(-74.,216.,14.));
#529 = LINE('',#530,#531);
#530 = CARTESIAN_POINT('',(-74.,216.,9.54));
#531 = VECTOR('',#532,1.);
#532 = DIRECTION('',(0.,0.,1.));
#533 = ORIENTED_EDGE('',*,*,#534,.T.);
#534 = EDGE_CURVE('',#527,#535,#537,.T.);
#535 = VERTEX_POINT('',#536);
#536 = CARTESIAN_POINT('',(-74.,190.58,14.));
#537 = LINE('',#538,#539);
#538 = CARTESIAN_POINT('',(-74.,165.6075,14.));
#539 = VECTOR('',#540,1.);
#540 = DIRECTION('',(0.,-1.,0.));
#541 = ORIENTED_EDGE('',*,*,#542,.T.);
#542 = EDGE_CURVE('',#535,#494,#543,.T.);
#543 = LINE('',#544,#545);
#544 = CARTESIAN_POINT('',(-74.,190.58,12.895));
#545 = VECTOR('',#546,1.);
#546 = DIRECTION('',(0.,-0.,1.));
#547 = PLANE('',#548);
#548 = AXIS2_PLACEMENT_3D('',#549,#550,#551);
#549 = CARTESIAN_POINT('',(-74.,117.,11.79));
#550 = DIRECTION('',(1.,0.,0.));
#551 = DIRECTION('',(-0.,0.,1.));
#552 = ADVANCED_FACE('',(#553),#635,.T.);
#553 = FACE_BOUND('',#554,.T.);
#554 = EDGE_LOOP('',(#555,#565,#573,#581,#589,#597,#605,#613,#621,#627,
    #628,#629));
#555 = ORIENTED_EDGE('',*,*,#556,.T.);
#556 = EDGE_CURVE('',#557,#559,#561,.T.);
#557 = VERTEX_POINT('',#558);
#558 = CARTESIAN_POINT('',(-106.,228.015,9.54));
#559 = VERTEX_POINT('',#560);
#560 = CARTESIAN_POINT('',(106.,228.015,9.54));
#561 = LINE('',#562,#563);
#562 = CARTESIAN_POINT('',(-130.,228.015,9.54));
#563 = VECTOR('',#564,1.);
#564 = DIRECTION('',(1.,0.,-0.));
#565 = ORIENTED_EDGE('',*,*,#566,.F.);
#566 = EDGE_CURVE('',#567,#559,#569,.T.);
#567 = VERTEX_POINT('',#568);
#568 = CARTESIAN_POINT('',(106.,18.,9.54));
#569 = LINE('',#570,#571);
#570 = CARTESIAN_POINT('',(106.,216.,9.54));
#571 = VECTOR('',#572,1.);
#572 = DIRECTION('',(-0.,1.,0.));
#573 = ORIENTED_EDGE('',*,*,#574,.F.);
#574 = EDGE_CURVE('',#575,#567,#577,.T.);
#575 = VERTEX_POINT('',#576);
#576 = CARTESIAN_POINT('',(74.,18.,9.54));
#577 = LINE('',#578,#579);
#578 = CARTESIAN_POINT('',(72.5,18.,9.54));
#579 = VECTOR('',#580,1.);
#580 = DIRECTION('',(1.,0.,-0.));
#581 = ORIENTED_EDGE('',*,*,#582,.T.);
#582 = EDGE_CURVE('',#575,#583,#585,.T.);
#583 = VERTEX_POINT('',#584);
#584 = CARTESIAN_POINT('',(74.,216.,9.54));
#585 = LINE('',#586,#587);
#586 = CARTESIAN_POINT('',(74.,-8.,9.54));
#587 = VECTOR('',#588,1.);
#588 = DIRECTION('',(-0.,1.,0.));
#589 = ORIENTED_EDGE('',*,*,#590,.F.);
#590 = EDGE_CURVE('',#591,#583,#593,.T.);
#591 = VERTEX_POINT('',#592);
#592 = CARTESIAN_POINT('',(70.4,216.,9.54));
#593 = LINE('',#594,#595);
#594 = CARTESIAN_POINT('',(-106.,216.,9.54));
#595 = VECTOR('',#596,1.);
#596 = DIRECTION('',(1.,0.,-0.));
#597 = ORIENTED_EDGE('',*,*,#598,.F.);
#598 = EDGE_CURVE('',#599,#591,#601,.T.);
#599 = VERTEX_POINT('',#600);
#600 = CARTESIAN_POINT('',(70.4,190.68,9.54));
#601 = LINE('',#602,#603);
#602 = CARTESIAN_POINT('',(70.4,190.68,9.54));
#603 = VECTOR('',#604,1.);
#604 = DIRECTION('',(-0.,1.,0.));
#605 = ORIENTED_EDGE('',*,*,#606,.F.);
#606 = EDGE_CURVE('',#607,#599,#609,.T.);
#607 = VERTEX_POINT('',#608);
#608 = CARTESIAN_POINT('',(-70.4,190.68,9.54));
#609 = LINE('',#610,#611);
#610 = CARTESIAN_POINT('',(-70.4,190.68,9.54));
#611 = VECTOR('',#612,1.);
#612 = DIRECTION('',(1.,0.,-0.));
#613 = ORIENTED_EDGE('',*,*,#614,.T.);
#614 = EDGE_CURVE('',#607,#615,#617,.T.);
#615 = VERTEX_POINT('',#616);
#616 = CARTESIAN_POINT('',(-70.4,216.,9.54));
#617 = LINE('',#618,#619);
#618 = CARTESIAN_POINT('',(-70.4,190.68,9.54));
#619 = VECTOR('',#620,1.);
#620 = DIRECTION('',(-0.,1.,0.));
#621 = ORIENTED_EDGE('',*,*,#622,.F.);
#622 = EDGE_CURVE('',#519,#615,#623,.T.);
#623 = LINE('',#624,#625);
#624 = CARTESIAN_POINT('',(-106.,216.,9.54));
#625 = VECTOR('',#626,1.);
#626 = DIRECTION('',(1.,0.,-0.));
#627 = ORIENTED_EDGE('',*,*,#518,.F.);
#628 = ORIENTED_EDGE('',*,*,#127,.F.);
#629 = ORIENTED_EDGE('',*,*,#630,.T.);
#630 = EDGE_CURVE('',#120,#557,#631,.T.);
#631 = LINE('',#632,#633);
#632 = CARTESIAN_POINT('',(-106.,-8.,9.54));
#633 = VECTOR('',#634,1.);
#634 = DIRECTION('',(-0.,1.,0.));
#635 = PLANE('',#636);
#636 = AXIS2_PLACEMENT_3D('',#637,#638,#639);
#637 = CARTESIAN_POINT('',(-2.818674647347E-15,144.25848731666,9.54));
#638 = DIRECTION('',(-0.,-0.,-1.));
#639 = DIRECTION('',(-1.,0.,0.));
#640 = ADVANCED_FACE('',(#641),#691,.T.);
#641 = FACE_BOUND('',#642,.T.);
#642 = EDGE_LOOP('',(#643,#644,#652,#660,#668,#676,#684,#690));
#643 = ORIENTED_EDGE('',*,*,#119,.F.);
#644 = ORIENTED_EDGE('',*,*,#645,.T.);
#645 = EDGE_CURVE('',#112,#646,#648,.T.);
#646 = VERTEX_POINT('',#647);
#647 = CARTESIAN_POINT('',(-106.,219.8,14.04));
#648 = LINE('',#649,#650);
#649 = CARTESIAN_POINT('',(-106.,-8.,14.04));
#650 = VECTOR('',#651,1.);
#651 = DIRECTION('',(-0.,1.,0.));
#652 = ORIENTED_EDGE('',*,*,#653,.T.);
#653 = EDGE_CURVE('',#646,#654,#656,.T.);
#654 = VERTEX_POINT('',#655);
#655 = CARTESIAN_POINT('',(-106.,219.8,35.04));
#656 = LINE('',#657,#658);
#657 = CARTESIAN_POINT('',(-106.,219.8,9.54));
#658 = VECTOR('',#659,1.);
#659 = DIRECTION('',(0.,0.,1.));
#660 = ORIENTED_EDGE('',*,*,#661,.F.);
#661 = EDGE_CURVE('',#662,#654,#664,.T.);
#662 = VERTEX_POINT('',#663);
#663 = CARTESIAN_POINT('',(-106.,-8.,35.04));
#664 = LINE('',#665,#666);
#665 = CARTESIAN_POINT('',(-106.,24.,35.04));
#666 = VECTOR('',#667,1.);
#667 = DIRECTION('',(-0.,1.,0.));
#668 = ORIENTED_EDGE('',*,*,#669,.T.);
#669 = EDGE_CURVE('',#662,#670,#672,.T.);
#670 = VERTEX_POINT('',#671);
#671 = CARTESIAN_POINT('',(-106.,-8.,39.54));
#672 = LINE('',#673,#674);
#673 = CARTESIAN_POINT('',(-106.,-8.,35.04));
#674 = VECTOR('',#675,1.);
#675 = DIRECTION('',(0.,0.,1.));
#676 = ORIENTED_EDGE('',*,*,#677,.T.);
#677 = EDGE_CURVE('',#670,#678,#680,.T.);
#678 = VERTEX_POINT('',#679);
#679 = CARTESIAN_POINT('',(-106.,228.015,39.54));
#680 = LINE('',#681,#682);
#681 = CARTESIAN_POINT('',(-106.,216.,39.54));
#682 = VECTOR('',#683,1.);
#683 = DIRECTION('',(-0.,1.,0.));
#684 = ORIENTED_EDGE('',*,*,#685,.F.);
#685 = EDGE_CURVE('',#557,#678,#686,.T.);
#686 = LINE('',#687,#688);
#687 = CARTESIAN_POINT('',(-106.,228.015,35.04));
#688 = VECTOR('',#689,1.);
#689 = DIRECTION('',(0.,0.,1.));
#690 = ORIENTED_EDGE('',*,*,#630,.F.);
#691 = PLANE('',#692);
#692 = AXIS2_PLACEMENT_3D('',#693,#694,#695);
#693 = CARTESIAN_POINT('',(-106.,126.73530371486,24.432853915663));
#694 = DIRECTION('',(-1.,-0.,-0.));
#695 = DIRECTION('',(0.,0.,-1.));
#696 = ADVANCED_FACE('',(#697),#715,.T.);
#697 = FACE_BOUND('',#698,.T.);
#698 = EDGE_LOOP('',(#699,#700,#701,#709));
#699 = ORIENTED_EDGE('',*,*,#645,.F.);
#700 = ORIENTED_EDGE('',*,*,#111,.T.);
#701 = ORIENTED_EDGE('',*,*,#702,.T.);
#702 = EDGE_CURVE('',#104,#703,#705,.T.);
#703 = VERTEX_POINT('',#704);
#704 = CARTESIAN_POINT('',(-105.9429355281,219.8,14.595555555556));
#705 = LINE('',#706,#707);
#706 = CARTESIAN_POINT('',(-105.9429355281,24.,14.595555555556));
#707 = VECTOR('',#708,1.);
#708 = DIRECTION('',(0.,1.,0.));
#709 = ORIENTED_EDGE('',*,*,#710,.T.);
#710 = EDGE_CURVE('',#703,#646,#711,.T.);
#711 = LINE('',#712,#713);
#712 = CARTESIAN_POINT('',(-106.2144320928,219.8,11.952379865602));
#713 = VECTOR('',#714,1.);
#714 = DIRECTION('',(-0.102178442416,0.,-0.994766086025));
#715 = PLANE('',#716);
#716 = AXIS2_PLACEMENT_3D('',#717,#718,#719);
#717 = CARTESIAN_POINT('',(-105.971467764,119.,14.317777777778));
#718 = DIRECTION('',(-0.994766086025,-0.,0.102178442416));
#719 = DIRECTION('',(-0.102178442416,0.,-0.994766086025));
#720 = ADVANCED_FACE('',(#721),#739,.T.);
#721 = FACE_BOUND('',#722,.T.);
#722 = EDGE_LOOP('',(#723,#724,#725,#733));
#723 = ORIENTED_EDGE('',*,*,#702,.F.);
#724 = ORIENTED_EDGE('',*,*,#103,.T.);
#725 = ORIENTED_EDGE('',*,*,#726,.T.);
#726 = EDGE_CURVE('',#96,#727,#729,.T.);
#727 = VERTEX_POINT('',#728);
#728 = CARTESIAN_POINT('',(-105.780521262,219.8,15.151111111111));
#729 = LINE('',#730,#731);
#730 = CARTESIAN_POINT('',(-105.780521262,24.,15.151111111111));
#731 = VECTOR('',#732,1.);
#732 = DIRECTION('',(0.,1.,0.));
#733 = ORIENTED_EDGE('',*,*,#734,.T.);
#734 = EDGE_CURVE('',#727,#703,#735,.T.);
#735 = LINE('',#736,#737);
#736 = CARTESIAN_POINT('',(-106.5853781827,219.8,12.398011002102));
#737 = VECTOR('',#738,1.);
#738 = DIRECTION('',(-0.280600582118,0.,-0.959824626333));
#739 = PLANE('',#740);
#740 = AXIS2_PLACEMENT_3D('',#741,#742,#743);
#741 = CARTESIAN_POINT('',(-105.861728395,119.,14.873333333333));
#742 = DIRECTION('',(-0.959824626333,-0.,0.280600582118));
#743 = DIRECTION('',(-0.280600582118,0.,-0.959824626333));
#744 = ADVANCED_FACE('',(#745),#763,.T.);
#745 = FACE_BOUND('',#746,.T.);
#746 = EDGE_LOOP('',(#747,#748,#749,#757));
#747 = ORIENTED_EDGE('',*,*,#726,.F.);
#748 = ORIENTED_EDGE('',*,*,#95,.T.);
#749 = ORIENTED_EDGE('',*,*,#750,.T.);
#750 = EDGE_CURVE('',#88,#751,#753,.T.);
#751 = VERTEX_POINT('',#752);
#752 = CARTESIAN_POINT('',(-105.5259259259,219.8,15.706666666667));
#753 = LINE('',#754,#755);
#754 = CARTESIAN_POINT('',(-105.5259259259,24.,15.706666666667));
#755 = VECTOR('',#756,1.);
#756 = DIRECTION('',(0.,1.,0.));
#757 = ORIENTED_EDGE('',*,*,#758,.T.);
#758 = EDGE_CURVE('',#751,#727,#759,.T.);
#759 = LINE('',#760,#761);
#760 = CARTESIAN_POINT('',(-106.7984750831,219.8,12.92982179237));
#761 = VECTOR('',#762,1.);
#762 = DIRECTION('',(-0.416608335402,0.,-0.909086076713));
#763 = PLANE('',#764);
#764 = AXIS2_PLACEMENT_3D('',#765,#766,#767);
#765 = CARTESIAN_POINT('',(-105.6532235939,119.,15.428888888889));
#766 = DIRECTION('',(-0.909086076713,-0.,0.416608335402));
#767 = DIRECTION('',(-0.416608335402,0.,-0.909086076713));
#768 = ADVANCED_FACE('',(#769),#787,.T.);
#769 = FACE_BOUND('',#770,.T.);
#770 = EDGE_LOOP('',(#771,#772,#773,#781));
#771 = ORIENTED_EDGE('',*,*,#750,.F.);
#772 = ORIENTED_EDGE('',*,*,#87,.T.);
#773 = ORIENTED_EDGE('',*,*,#774,.T.);
#774 = EDGE_CURVE('',#80,#775,#777,.T.);
#775 = VERTEX_POINT('',#776);
#776 = CARTESIAN_POINT('',(-105.1923182441,219.8,16.262222222222));
#777 = LINE('',#778,#779);
#778 = CARTESIAN_POINT('',(-105.1923182441,24.,16.262222222222));
#779 = VECTOR('',#780,1.);
#780 = DIRECTION('',(0.,1.,0.));
#781 = ORIENTED_EDGE('',*,*,#782,.T.);
#782 = EDGE_CURVE('',#775,#751,#783,.T.);
#783 = LINE('',#784,#785);
#784 = CARTESIAN_POINT('',(-106.866165553,219.8,13.474770906064));
#785 = VECTOR('',#786,1.);
#786 = DIRECTION('',(-0.514807016402,0.,-0.857306092282));
#787 = PLANE('',#788);
#788 = AXIS2_PLACEMENT_3D('',#789,#790,#791);
#789 = CARTESIAN_POINT('',(-105.359122085,119.,15.984444444444));
#790 = DIRECTION('',(-0.857306092282,-0.,0.514807016402));
#791 = DIRECTION('',(-0.514807016402,0.,-0.857306092282));
#792 = ADVANCED_FACE('',(#793),#811,.T.);
#793 = FACE_BOUND('',#794,.T.);
#794 = EDGE_LOOP('',(#795,#796,#797,#805));
#795 = ORIENTED_EDGE('',*,*,#774,.F.);
#796 = ORIENTED_EDGE('',*,*,#79,.T.);
#797 = ORIENTED_EDGE('',*,*,#798,.T.);
#798 = EDGE_CURVE('',#72,#799,#801,.T.);
#799 = VERTEX_POINT('',#800);
#800 = CARTESIAN_POINT('',(-104.792866941,219.8,16.817777777778));
#801 = LINE('',#802,#803);
#802 = CARTESIAN_POINT('',(-104.792866941,24.,16.817777777778));
#803 = VECTOR('',#804,1.);
#804 = DIRECTION('',(0.,1.,0.));
#805 = ORIENTED_EDGE('',*,*,#806,.T.);
#806 = EDGE_CURVE('',#799,#775,#807,.T.);
#807 = LINE('',#808,#809);
#808 = CARTESIAN_POINT('',(-106.8231701907,219.8,13.9940387113));
#809 = VECTOR('',#810,1.);
#810 = DIRECTION('',(-0.583776486487,0.,-0.811914412869));
#811 = PLANE('',#812);
#812 = AXIS2_PLACEMENT_3D('',#813,#814,#815);
#813 = CARTESIAN_POINT('',(-104.9925925925,119.,16.54));
#814 = DIRECTION('',(-0.811914412869,-0.,0.583776486487));
#815 = DIRECTION('',(-0.583776486487,0.,-0.811914412869));
#816 = ADVANCED_FACE('',(#817),#835,.T.);
#817 = FACE_BOUND('',#818,.T.);
#818 = EDGE_LOOP('',(#819,#820,#821,#829));
#819 = ORIENTED_EDGE('',*,*,#798,.F.);
#820 = ORIENTED_EDGE('',*,*,#71,.T.);
#821 = ORIENTED_EDGE('',*,*,#822,.T.);
#822 = EDGE_CURVE('',#64,#823,#825,.T.);
#823 = VERTEX_POINT('',#824);
#824 = CARTESIAN_POINT('',(-104.3407407407,219.8,17.373333333333));
#825 = LINE('',#826,#827);
#826 = CARTESIAN_POINT('',(-104.3407407407,24.,17.373333333333));
#827 = VECTOR('',#828,1.);
#828 = DIRECTION('',(0.,1.,0.));
#829 = ORIENTED_EDGE('',*,*,#830,.T.);
#830 = EDGE_CURVE('',#823,#799,#831,.T.);
#831 = LINE('',#832,#833);
#832 = CARTESIAN_POINT('',(-106.7018217643,219.8,14.472126371713));
#833 = VECTOR('',#834,1.);
#834 = DIRECTION('',(-0.631212461229,0.,-0.77560997208));
#835 = PLANE('',#836);
#836 = AXIS2_PLACEMENT_3D('',#837,#838,#839);
#837 = CARTESIAN_POINT('',(-104.5668038408,119.,17.095555555556));
#838 = DIRECTION('',(-0.77560997208,-0.,0.631212461229));
#839 = DIRECTION('',(-0.631212461229,0.,-0.77560997208));
#840 = ADVANCED_FACE('',(#841),#859,.T.);
#841 = FACE_BOUND('',#842,.T.);
#842 = EDGE_LOOP('',(#843,#844,#845,#853));
#843 = ORIENTED_EDGE('',*,*,#822,.F.);
#844 = ORIENTED_EDGE('',*,*,#63,.T.);
#845 = ORIENTED_EDGE('',*,*,#846,.T.);
#846 = EDGE_CURVE('',#56,#847,#849,.T.);
#847 = VERTEX_POINT('',#848);
#848 = CARTESIAN_POINT('',(-103.8491083676,219.8,17.928888888889));
#849 = LINE('',#850,#851);
#850 = CARTESIAN_POINT('',(-103.8491083676,24.,17.928888888889));
#851 = VECTOR('',#852,1.);
#852 = DIRECTION('',(0.,1.,0.));
#853 = ORIENTED_EDGE('',*,*,#854,.T.);
#854 = EDGE_CURVE('',#847,#823,#855,.T.);
#855 = LINE('',#856,#857);
#856 = CARTESIAN_POINT('',(-106.5259858159,219.8,14.903957620558));
#857 = VECTOR('',#858,1.);
#858 = DIRECTION('',(-0.662709521533,0.,-0.748876551956));
#859 = PLANE('',#860);
#860 = AXIS2_PLACEMENT_3D('',#861,#862,#863);
#861 = CARTESIAN_POINT('',(-104.0949245541,119.,17.651111111111));
#862 = DIRECTION('',(-0.748876551956,-0.,0.662709521533));
#863 = DIRECTION('',(-0.662709521533,0.,-0.748876551956));
#864 = ADVANCED_FACE('',(#865),#899,.T.);
#865 = FACE_BOUND('',#866,.T.);
#866 = EDGE_LOOP('',(#867,#868,#869,#877,#885,#893));
#867 = ORIENTED_EDGE('',*,*,#846,.F.);
#868 = ORIENTED_EDGE('',*,*,#55,.T.);
#869 = ORIENTED_EDGE('',*,*,#870,.T.);
#870 = EDGE_CURVE('',#48,#871,#873,.T.);
#871 = VERTEX_POINT('',#872);
#872 = CARTESIAN_POINT('',(-103.7828082304,-8.,18.));
#873 = LINE('',#874,#875);
#874 = CARTESIAN_POINT('',(-103.7828082304,-8.,18.));
#875 = VECTOR('',#876,1.);
#876 = DIRECTION('',(0.,-1.,0.));
#877 = ORIENTED_EDGE('',*,*,#878,.F.);
#878 = EDGE_CURVE('',#879,#871,#881,.T.);
#879 = VERTEX_POINT('',#880);
#880 = CARTESIAN_POINT('',(-103.3311385459,-8.,18.484444444444));
#881 = LINE('',#882,#883);
#882 = CARTESIAN_POINT('',(-103.3311385459,-8.,18.484444444444));
#883 = VECTOR('',#884,1.);
#884 = DIRECTION('',(-0.681932082106,0.,-0.731415501199));
#885 = ORIENTED_EDGE('',*,*,#886,.T.);
#886 = EDGE_CURVE('',#879,#887,#889,.T.);
#887 = VERTEX_POINT('',#888);
#888 = CARTESIAN_POINT('',(-103.3311385459,219.8,18.484444444444));
#889 = LINE('',#890,#891);
#890 = CARTESIAN_POINT('',(-103.3311385459,24.,18.484444444444));
#891 = VECTOR('',#892,1.);
#892 = DIRECTION('',(0.,1.,0.));
#893 = ORIENTED_EDGE('',*,*,#894,.T.);
#894 = EDGE_CURVE('',#887,#847,#895,.T.);
#895 = LINE('',#896,#897);
#896 = CARTESIAN_POINT('',(-106.3099350336,219.8,15.289495881158));
#897 = VECTOR('',#898,1.);
#898 = DIRECTION('',(-0.681932082106,0.,-0.731415501199));
#899 = PLANE('',#900);
#900 = AXIS2_PLACEMENT_3D('',#901,#902,#903);
#901 = CARTESIAN_POINT('',(-103.5863557376,106.0055250651,
    18.210707784929));
#902 = DIRECTION('',(-0.731415501199,-0.,0.681932082106));
#903 = DIRECTION('',(-0.681932082106,0.,-0.731415501199));
#904 = ADVANCED_FACE('',(#905),#923,.T.);
#905 = FACE_BOUND('',#906,.T.);
#906 = EDGE_LOOP('',(#907,#908,#916,#922));
#907 = ORIENTED_EDGE('',*,*,#47,.F.);
#908 = ORIENTED_EDGE('',*,*,#909,.F.);
#909 = EDGE_CURVE('',#910,#40,#912,.T.);
#910 = VERTEX_POINT('',#911);
#911 = CARTESIAN_POINT('',(-109.,-8.,18.));
#912 = LINE('',#913,#914);
#913 = CARTESIAN_POINT('',(-109.,-8.,18.));
#914 = VECTOR('',#915,1.);
#915 = DIRECTION('',(-0.,1.,0.));
#916 = ORIENTED_EDGE('',*,*,#917,.T.);
#917 = EDGE_CURVE('',#910,#871,#918,.T.);
#918 = LINE('',#919,#920);
#919 = CARTESIAN_POINT('',(-109.,-8.,18.));
#920 = VECTOR('',#921,1.);
#921 = DIRECTION('',(1.,0.,-0.));
#922 = ORIENTED_EDGE('',*,*,#870,.F.);
#923 = PLANE('',#924);
#924 = AXIS2_PLACEMENT_3D('',#925,#926,#927);
#925 = CARTESIAN_POINT('',(-109.,-8.,18.));
#926 = DIRECTION('',(0.,0.,1.));
#927 = DIRECTION('',(1.,0.,-0.));
#928 = ADVANCED_FACE('',(#929),#973,.F.);
#929 = FACE_BOUND('',#930,.F.);
#930 = EDGE_LOOP('',(#931,#932,#940,#948,#957,#966,#972));
#931 = ORIENTED_EDGE('',*,*,#909,.F.);
#932 = ORIENTED_EDGE('',*,*,#933,.F.);
#933 = EDGE_CURVE('',#934,#910,#936,.T.);
#934 = VERTEX_POINT('',#935);
#935 = CARTESIAN_POINT('',(-109.,-8.,0.));
#936 = LINE('',#937,#938);
#937 = CARTESIAN_POINT('',(-109.,-8.,0.));
#938 = VECTOR('',#939,1.);
#939 = DIRECTION('',(0.,0.,1.));
#940 = ORIENTED_EDGE('',*,*,#941,.T.);
#941 = EDGE_CURVE('',#934,#942,#944,.T.);
#942 = VERTEX_POINT('',#943);
#943 = CARTESIAN_POINT('',(-109.,-6.26,0.));
#944 = LINE('',#945,#946);
#945 = CARTESIAN_POINT('',(-109.,-8.,0.));
#946 = VECTOR('',#947,1.);
#947 = DIRECTION('',(-0.,1.,0.));
#948 = ORIENTED_EDGE('',*,*,#949,.F.);
#949 = EDGE_CURVE('',#950,#942,#952,.T.);
#950 = VERTEX_POINT('',#951);
#951 = CARTESIAN_POINT('',(-109.,1.533257792532E-15,6.26));
#952 = CIRCLE('',#953,6.26);
#953 = AXIS2_PLACEMENT_3D('',#954,#955,#956);
#954 = CARTESIAN_POINT('',(-109.,0.,0.));
#955 = DIRECTION('',(1.,0.,0.));
#956 = DIRECTION('',(-0.,0.,1.));
#957 = ORIENTED_EDGE('',*,*,#958,.F.);
#958 = EDGE_CURVE('',#959,#950,#961,.T.);
#959 = VERTEX_POINT('',#960);
#960 = CARTESIAN_POINT('',(-109.,6.26,0.));
#961 = CIRCLE('',#962,6.26);
#962 = AXIS2_PLACEMENT_3D('',#963,#964,#965);
#963 = CARTESIAN_POINT('',(-109.,0.,0.));
#964 = DIRECTION('',(1.,0.,0.));
#965 = DIRECTION('',(-0.,0.,1.));
#966 = ORIENTED_EDGE('',*,*,#967,.T.);
#967 = EDGE_CURVE('',#959,#32,#968,.T.);
#968 = LINE('',#969,#970);
#969 = CARTESIAN_POINT('',(-109.,-8.,0.));
#970 = VECTOR('',#971,1.);
#971 = DIRECTION('',(-0.,1.,0.));
#972 = ORIENTED_EDGE('',*,*,#39,.T.);
#973 = PLANE('',#974);
#974 = AXIS2_PLACEMENT_3D('',#975,#976,#977);
#975 = CARTESIAN_POINT('',(-109.,-8.,0.));
#976 = DIRECTION('',(1.,0.,-0.));
#977 = DIRECTION('',(0.,0.,1.));
#978 = ADVANCED_FACE('',(#979),#1029,.T.);
#979 = FACE_BOUND('',#980,.T.);
#980 = EDGE_LOOP('',(#981,#989,#990,#991,#999,#1007,#1015,#1023));
#981 = ORIENTED_EDGE('',*,*,#982,.F.);
#982 = EDGE_CURVE('',#230,#983,#985,.T.);
#983 = VERTEX_POINT('',#984);
#984 = CARTESIAN_POINT('',(71.,7.,0.));
#985 = LINE('',#986,#987);
#986 = CARTESIAN_POINT('',(-73.3,7.,0.));
#987 = VECTOR('',#988,1.);
#988 = DIRECTION('',(1.,0.,-0.));
#989 = ORIENTED_EDGE('',*,*,#229,.T.);
#990 = ORIENTED_EDGE('',*,*,#293,.T.);
#991 = ORIENTED_EDGE('',*,*,#992,.T.);
#992 = EDGE_CURVE('',#286,#993,#995,.T.);
#993 = VERTEX_POINT('',#994);
#994 = CARTESIAN_POINT('',(-73.3,7.,33.54));
#995 = LINE('',#996,#997);
#996 = CARTESIAN_POINT('',(-73.3,7.,0.));
#997 = VECTOR('',#998,1.);
#998 = DIRECTION('',(0.,0.,1.));
#999 = ORIENTED_EDGE('',*,*,#1000,.T.);
#1000 = EDGE_CURVE('',#993,#1001,#1003,.T.);
#1001 = VERTEX_POINT('',#1002);
#1002 = CARTESIAN_POINT('',(73.3,7.,33.54));
#1003 = LINE('',#1004,#1005);
#1004 = CARTESIAN_POINT('',(-73.3,7.,33.54));
#1005 = VECTOR('',#1006,1.);
#1006 = DIRECTION('',(1.,0.,-0.));
#1007 = ORIENTED_EDGE('',*,*,#1008,.F.);
#1008 = EDGE_CURVE('',#1009,#1001,#1011,.T.);
#1009 = VERTEX_POINT('',#1010);
#1010 = CARTESIAN_POINT('',(73.3,7.,18.));
#1011 = LINE('',#1012,#1013);
#1012 = CARTESIAN_POINT('',(73.3,7.,0.));
#1013 = VECTOR('',#1014,1.);
#1014 = DIRECTION('',(0.,0.,1.));
#1015 = ORIENTED_EDGE('',*,*,#1016,.T.);
#1016 = EDGE_CURVE('',#1009,#1017,#1019,.T.);
#1017 = VERTEX_POINT('',#1018);
#1018 = CARTESIAN_POINT('',(71.,7.,18.));
#1019 = LINE('',#1020,#1021);
#1020 = CARTESIAN_POINT('',(-1.15,7.,18.));
#1021 = VECTOR('',#1022,1.);
#1022 = DIRECTION('',(-1.,-0.,0.));
#1023 = ORIENTED_EDGE('',*,*,#1024,.F.);
#1024 = EDGE_CURVE('',#983,#1017,#1025,.T.);
#1025 = LINE('',#1026,#1027);
#1026 = CARTESIAN_POINT('',(71.,7.,0.));
#1027 = VECTOR('',#1028,1.);
#1028 = DIRECTION('',(0.,0.,1.));
#1029 = PLANE('',#1030);
#1030 = AXIS2_PLACEMENT_3D('',#1031,#1032,#1033);
#1031 = CARTESIAN_POINT('',(-73.3,7.,0.));
#1032 = DIRECTION('',(-0.,1.,0.));
#1033 = DIRECTION('',(0.,0.,1.));
#1034 = ADVANCED_FACE('',(#1035),#1085,.T.);
#1035 = FACE_BOUND('',#1036,.T.);
#1036 = EDGE_LOOP('',(#1037,#1047,#1055,#1063,#1069,#1070,#1071,#1079));
#1037 = ORIENTED_EDGE('',*,*,#1038,.T.);
#1038 = EDGE_CURVE('',#1039,#1041,#1043,.T.);
#1039 = VERTEX_POINT('',#1040);
#1040 = CARTESIAN_POINT('',(-73.3,-8.,33.54));
#1041 = VERTEX_POINT('',#1042);
#1042 = CARTESIAN_POINT('',(-73.3,-8.,39.54));
#1043 = LINE('',#1044,#1045);
#1044 = CARTESIAN_POINT('',(-73.3,-8.,33.54));
#1045 = VECTOR('',#1046,1.);
#1046 = DIRECTION('',(0.,0.,1.));
#1047 = ORIENTED_EDGE('',*,*,#1048,.T.);
#1048 = EDGE_CURVE('',#1041,#1049,#1051,.T.);
#1049 = VERTEX_POINT('',#1050);
#1050 = CARTESIAN_POINT('',(-73.3,8.,39.54));
#1051 = LINE('',#1052,#1053);
#1052 = CARTESIAN_POINT('',(-73.3,-8.,39.54));
#1053 = VECTOR('',#1054,1.);
#1054 = DIRECTION('',(-0.,1.,0.));
#1055 = ORIENTED_EDGE('',*,*,#1056,.F.);
#1056 = EDGE_CURVE('',#1057,#1049,#1059,.T.);
#1057 = VERTEX_POINT('',#1058);
#1058 = CARTESIAN_POINT('',(-73.3,8.,33.54));
#1059 = LINE('',#1060,#1061);
#1060 = CARTESIAN_POINT('',(-73.3,8.,33.54));
#1061 = VECTOR('',#1062,1.);
#1062 = DIRECTION('',(0.,0.,1.));
#1063 = ORIENTED_EDGE('',*,*,#1064,.F.);
#1064 = EDGE_CURVE('',#993,#1057,#1065,.T.);
#1065 = LINE('',#1066,#1067);
#1066 = CARTESIAN_POINT('',(-73.3,-8.,33.54));
#1067 = VECTOR('',#1068,1.);
#1068 = DIRECTION('',(-0.,1.,0.));
#1069 = ORIENTED_EDGE('',*,*,#992,.F.);
#1070 = ORIENTED_EDGE('',*,*,#285,.T.);
#1071 = ORIENTED_EDGE('',*,*,#1072,.T.);
#1072 = EDGE_CURVE('',#278,#1073,#1075,.T.);
#1073 = VERTEX_POINT('',#1074);
#1074 = CARTESIAN_POINT('',(-73.3,-7.,33.54));
#1075 = LINE('',#1076,#1077);
#1076 = CARTESIAN_POINT('',(-73.3,-7.,0.));
#1077 = VECTOR('',#1078,1.);
#1078 = DIRECTION('',(0.,0.,1.));
#1079 = ORIENTED_EDGE('',*,*,#1080,.F.);
#1080 = EDGE_CURVE('',#1039,#1073,#1081,.T.);
#1081 = LINE('',#1082,#1083);
#1082 = CARTESIAN_POINT('',(-73.3,-8.,33.54));
#1083 = VECTOR('',#1084,1.);
#1084 = DIRECTION('',(-0.,1.,0.));
#1085 = PLANE('',#1086);
#1086 = AXIS2_PLACEMENT_3D('',#1087,#1088,#1089);
#1087 = CARTESIAN_POINT('',(-73.3,0.,19.82022833467));
#1088 = DIRECTION('',(-1.,-0.,-0.));
#1089 = DIRECTION('',(0.,0.,-1.));
#1090 = ADVANCED_FACE('',(#1091),#1141,.F.);
#1091 = FACE_BOUND('',#1092,.F.);
#1092 = EDGE_LOOP('',(#1093,#1103,#1109,#1110,#1111,#1119,#1127,#1135));
#1093 = ORIENTED_EDGE('',*,*,#1094,.F.);
#1094 = EDGE_CURVE('',#1095,#1097,#1099,.T.);
#1095 = VERTEX_POINT('',#1096);
#1096 = CARTESIAN_POINT('',(-71.,-7.,0.));
#1097 = VERTEX_POINT('',#1098);
#1098 = CARTESIAN_POINT('',(71.,-7.,0.));
#1099 = LINE('',#1100,#1101);
#1100 = CARTESIAN_POINT('',(-73.3,-7.,0.));
#1101 = VECTOR('',#1102,1.);
#1102 = DIRECTION('',(1.,0.,-0.));
#1103 = ORIENTED_EDGE('',*,*,#1104,.T.);
#1104 = EDGE_CURVE('',#1095,#270,#1105,.T.);
#1105 = LINE('',#1106,#1107);
#1106 = CARTESIAN_POINT('',(-71.,-7.,0.));
#1107 = VECTOR('',#1108,1.);
#1108 = DIRECTION('',(0.,0.,1.));
#1109 = ORIENTED_EDGE('',*,*,#277,.T.);
#1110 = ORIENTED_EDGE('',*,*,#1072,.T.);
#1111 = ORIENTED_EDGE('',*,*,#1112,.T.);
#1112 = EDGE_CURVE('',#1073,#1113,#1115,.T.);
#1113 = VERTEX_POINT('',#1114);
#1114 = CARTESIAN_POINT('',(73.3,-7.,33.54));
#1115 = LINE('',#1116,#1117);
#1116 = CARTESIAN_POINT('',(-73.3,-7.,33.54));
#1117 = VECTOR('',#1118,1.);
#1118 = DIRECTION('',(1.,0.,-0.));
#1119 = ORIENTED_EDGE('',*,*,#1120,.F.);
#1120 = EDGE_CURVE('',#1121,#1113,#1123,.T.);
#1121 = VERTEX_POINT('',#1122);
#1122 = CARTESIAN_POINT('',(73.3,-7.,18.));
#1123 = LINE('',#1124,#1125);
#1124 = CARTESIAN_POINT('',(73.3,-7.,0.));
#1125 = VECTOR('',#1126,1.);
#1126 = DIRECTION('',(0.,0.,1.));
#1127 = ORIENTED_EDGE('',*,*,#1128,.T.);
#1128 = EDGE_CURVE('',#1121,#1129,#1131,.T.);
#1129 = VERTEX_POINT('',#1130);
#1130 = CARTESIAN_POINT('',(71.,-7.,18.));
#1131 = LINE('',#1132,#1133);
#1132 = CARTESIAN_POINT('',(-1.15,-7.,18.));
#1133 = VECTOR('',#1134,1.);
#1134 = DIRECTION('',(-1.,-0.,0.));
#1135 = ORIENTED_EDGE('',*,*,#1136,.F.);
#1136 = EDGE_CURVE('',#1097,#1129,#1137,.T.);
#1137 = LINE('',#1138,#1139);
#1138 = CARTESIAN_POINT('',(71.,-7.,0.));
#1139 = VECTOR('',#1140,1.);
#1140 = DIRECTION('',(0.,0.,1.));
#1141 = PLANE('',#1142);
#1142 = AXIS2_PLACEMENT_3D('',#1143,#1144,#1145);
#1143 = CARTESIAN_POINT('',(-73.3,-7.,0.));
#1144 = DIRECTION('',(-0.,1.,0.));
#1145 = DIRECTION('',(0.,0.,1.));
#1146 = ADVANCED_FACE('',(#1147),#1165,.T.);
#1147 = FACE_BOUND('',#1148,.T.);
#1148 = EDGE_LOOP('',(#1149,#1150,#1158,#1164));
#1149 = ORIENTED_EDGE('',*,*,#269,.F.);
#1150 = ORIENTED_EDGE('',*,*,#1151,.F.);
#1151 = EDGE_CURVE('',#1152,#262,#1154,.T.);
#1152 = VERTEX_POINT('',#1153);
#1153 = CARTESIAN_POINT('',(-71.,-8.,0.));
#1154 = LINE('',#1155,#1156);
#1155 = CARTESIAN_POINT('',(-71.,-8.,0.));
#1156 = VECTOR('',#1157,1.);
#1157 = DIRECTION('',(0.,0.,1.));
#1158 = ORIENTED_EDGE('',*,*,#1159,.T.);
#1159 = EDGE_CURVE('',#1152,#1095,#1160,.T.);
#1160 = LINE('',#1161,#1162);
#1161 = CARTESIAN_POINT('',(-71.,-8.,0.));
#1162 = VECTOR('',#1163,1.);
#1163 = DIRECTION('',(-0.,1.,0.));
#1164 = ORIENTED_EDGE('',*,*,#1104,.T.);
#1165 = PLANE('',#1166);
#1166 = AXIS2_PLACEMENT_3D('',#1167,#1168,#1169);
#1167 = CARTESIAN_POINT('',(-71.,-8.,0.));
#1168 = DIRECTION('',(1.,0.,-0.));
#1169 = DIRECTION('',(0.,0.,1.));
#1170 = ADVANCED_FACE('',(#1171,#1662),#1696,.T.);
#1171 = FACE_BOUND('',#1172,.T.);
#1172 = EDGE_LOOP('',(#1173,#1183,#1191,#1197,#1198,#1199,#1200,#1208,
    #1216,#1224,#1232,#1240,#1248,#1256,#1264,#1272,#1280,#1288,#1296,
    #1304,#1312,#1320,#1328,#1336,#1344,#1352,#1360,#1368,#1376,#1384,
    #1392,#1400,#1408,#1416,#1424,#1430,#1431,#1439,#1447,#1455,#1463,
    #1471,#1479,#1487,#1495,#1503,#1511,#1519,#1527,#1535,#1543,#1551,
    #1559,#1567,#1575,#1583,#1591,#1599,#1607,#1615,#1623,#1631,#1639,
    #1645,#1646,#1647,#1648,#1656));
#1173 = ORIENTED_EDGE('',*,*,#1174,.T.);
#1174 = EDGE_CURVE('',#1175,#1177,#1179,.T.);
#1175 = VERTEX_POINT('',#1176);
#1176 = CARTESIAN_POINT('',(-99.,-8.,13.));
#1177 = VERTEX_POINT('',#1178);
#1178 = CARTESIAN_POINT('',(-81.,-8.,13.));
#1179 = LINE('',#1180,#1181);
#1180 = CARTESIAN_POINT('',(-99.,-8.,13.));
#1181 = VECTOR('',#1182,1.);
#1182 = DIRECTION('',(1.,0.,0.));
#1183 = ORIENTED_EDGE('',*,*,#1184,.T.);
#1184 = EDGE_CURVE('',#1177,#1185,#1187,.T.);
#1185 = VERTEX_POINT('',#1186);
#1186 = CARTESIAN_POINT('',(-81.,-8.,0.));
#1187 = LINE('',#1188,#1189);
#1188 = CARTESIAN_POINT('',(-81.,-8.,3.013509448515));
#1189 = VECTOR('',#1190,1.);
#1190 = DIRECTION('',(0.,0.,-1.));
#1191 = ORIENTED_EDGE('',*,*,#1192,.T.);
#1192 = EDGE_CURVE('',#1185,#1152,#1193,.T.);
#1193 = LINE('',#1194,#1195);
#1194 = CARTESIAN_POINT('',(-109.,-8.,0.));
#1195 = VECTOR('',#1196,1.);
#1196 = DIRECTION('',(1.,0.,-0.));
#1197 = ORIENTED_EDGE('',*,*,#1151,.T.);
#1198 = ORIENTED_EDGE('',*,*,#261,.F.);
#1199 = ORIENTED_EDGE('',*,*,#333,.F.);
#1200 = ORIENTED_EDGE('',*,*,#1201,.F.);
#1201 = EDGE_CURVE('',#1202,#326,#1204,.T.);
#1202 = VERTEX_POINT('',#1203);
#1203 = CARTESIAN_POINT('',(-77.73113854595,-8.,19.595555555556));
#1204 = LINE('',#1205,#1206);
#1205 = CARTESIAN_POINT('',(-77.2,-8.,19.04));
#1206 = VECTOR('',#1207,1.);
#1207 = DIRECTION('',(0.691044328918,0.,-0.722812379162));
#1208 = ORIENTED_EDGE('',*,*,#1209,.F.);
#1209 = EDGE_CURVE('',#1210,#1202,#1212,.T.);
#1210 = VERTEX_POINT('',#1211);
#1211 = CARTESIAN_POINT('',(-78.24910836762,-8.,20.151111111111));
#1212 = LINE('',#1213,#1214);
#1213 = CARTESIAN_POINT('',(-78.24910836762,-8.,20.151111111111));
#1214 = VECTOR('',#1215,1.);
#1215 = DIRECTION('',(0.681932082106,0.,-0.731415501199));
#1216 = ORIENTED_EDGE('',*,*,#1217,.F.);
#1217 = EDGE_CURVE('',#1218,#1210,#1220,.T.);
#1218 = VERTEX_POINT('',#1219);
#1219 = CARTESIAN_POINT('',(-78.74074074074,-8.,20.706666666667));
#1220 = LINE('',#1221,#1222);
#1221 = CARTESIAN_POINT('',(-78.74074074074,-8.,20.706666666667));
#1222 = VECTOR('',#1223,1.);
#1223 = DIRECTION('',(0.662709521533,0.,-0.748876551956));
#1224 = ORIENTED_EDGE('',*,*,#1225,.F.);
#1225 = EDGE_CURVE('',#1226,#1218,#1228,.T.);
#1226 = VERTEX_POINT('',#1227);
#1227 = CARTESIAN_POINT('',(-79.19286694101,-8.,21.262222222222));
#1228 = LINE('',#1229,#1230);
#1229 = CARTESIAN_POINT('',(-79.19286694101,-8.,21.262222222222));
#1230 = VECTOR('',#1231,1.);
#1231 = DIRECTION('',(0.631212461229,0.,-0.77560997208));
#1232 = ORIENTED_EDGE('',*,*,#1233,.F.);
#1233 = EDGE_CURVE('',#1234,#1226,#1236,.T.);
#1234 = VERTEX_POINT('',#1235);
#1235 = CARTESIAN_POINT('',(-79.59231824417,-8.,21.817777777778));
#1236 = LINE('',#1237,#1238);
#1237 = CARTESIAN_POINT('',(-79.59231824417,-8.,21.817777777778));
#1238 = VECTOR('',#1239,1.);
#1239 = DIRECTION('',(0.583776486487,0.,-0.811914412869));
#1240 = ORIENTED_EDGE('',*,*,#1241,.F.);
#1241 = EDGE_CURVE('',#1242,#1234,#1244,.T.);
#1242 = VERTEX_POINT('',#1243);
#1243 = CARTESIAN_POINT('',(-79.92592592592,-8.,22.373333333333));
#1244 = LINE('',#1245,#1246);
#1245 = CARTESIAN_POINT('',(-79.92592592592,-8.,22.373333333333));
#1246 = VECTOR('',#1247,1.);
#1247 = DIRECTION('',(0.514807016402,0.,-0.857306092282));
#1248 = ORIENTED_EDGE('',*,*,#1249,.F.);
#1249 = EDGE_CURVE('',#1250,#1242,#1252,.T.);
#1250 = VERTEX_POINT('',#1251);
#1251 = CARTESIAN_POINT('',(-80.180521262,-8.,22.928888888889));
#1252 = LINE('',#1253,#1254);
#1253 = CARTESIAN_POINT('',(-80.180521262,-8.,22.928888888889));
#1254 = VECTOR('',#1255,1.);
#1255 = DIRECTION('',(0.416608335402,0.,-0.909086076713));
#1256 = ORIENTED_EDGE('',*,*,#1257,.F.);
#1257 = EDGE_CURVE('',#1258,#1250,#1260,.T.);
#1258 = VERTEX_POINT('',#1259);
#1259 = CARTESIAN_POINT('',(-80.34293552812,-8.,23.484444444444));
#1260 = LINE('',#1261,#1262);
#1261 = CARTESIAN_POINT('',(-80.34293552812,-8.,23.484444444444));
#1262 = VECTOR('',#1263,1.);
#1263 = DIRECTION('',(0.280600582118,0.,-0.959824626333));
#1264 = ORIENTED_EDGE('',*,*,#1265,.F.);
#1265 = EDGE_CURVE('',#1266,#1258,#1268,.T.);
#1266 = VERTEX_POINT('',#1267);
#1267 = CARTESIAN_POINT('',(-80.4,-8.,24.04));
#1268 = LINE('',#1269,#1270);
#1269 = CARTESIAN_POINT('',(-80.4,-8.,24.04));
#1270 = VECTOR('',#1271,1.);
#1271 = DIRECTION('',(0.102178442416,0.,-0.994766086025));
#1272 = ORIENTED_EDGE('',*,*,#1273,.T.);
#1273 = EDGE_CURVE('',#1266,#1274,#1276,.T.);
#1274 = VERTEX_POINT('',#1275);
#1275 = CARTESIAN_POINT('',(-80.4,-8.,25.04));
#1276 = LINE('',#1277,#1278);
#1277 = CARTESIAN_POINT('',(-80.4,-8.,14.04));
#1278 = VECTOR('',#1279,1.);
#1279 = DIRECTION('',(0.,0.,1.));
#1280 = ORIENTED_EDGE('',*,*,#1281,.T.);
#1281 = EDGE_CURVE('',#1274,#1282,#1284,.T.);
#1282 = VERTEX_POINT('',#1283);
#1283 = CARTESIAN_POINT('',(-80.34293552812,-8.,25.595555555556));
#1284 = LINE('',#1285,#1286);
#1285 = CARTESIAN_POINT('',(-80.4,-8.,25.04));
#1286 = VECTOR('',#1287,1.);
#1287 = DIRECTION('',(0.102178442416,0.,0.994766086025));
#1288 = ORIENTED_EDGE('',*,*,#1289,.T.);
#1289 = EDGE_CURVE('',#1282,#1290,#1292,.T.);
#1290 = VERTEX_POINT('',#1291);
#1291 = CARTESIAN_POINT('',(-80.180521262,-8.,26.151111111111));
#1292 = LINE('',#1293,#1294);
#1293 = CARTESIAN_POINT('',(-80.34293552812,-8.,25.595555555556));
#1294 = VECTOR('',#1295,1.);
#1295 = DIRECTION('',(0.280600582118,0.,0.959824626333));
#1296 = ORIENTED_EDGE('',*,*,#1297,.T.);
#1297 = EDGE_CURVE('',#1290,#1298,#1300,.T.);
#1298 = VERTEX_POINT('',#1299);
#1299 = CARTESIAN_POINT('',(-79.92592592592,-8.,26.706666666667));
#1300 = LINE('',#1301,#1302);
#1301 = CARTESIAN_POINT('',(-80.180521262,-8.,26.151111111111));
#1302 = VECTOR('',#1303,1.);
#1303 = DIRECTION('',(0.416608335402,0.,0.909086076713));
#1304 = ORIENTED_EDGE('',*,*,#1305,.T.);
#1305 = EDGE_CURVE('',#1298,#1306,#1308,.T.);
#1306 = VERTEX_POINT('',#1307);
#1307 = CARTESIAN_POINT('',(-79.59231824417,-8.,27.262222222222));
#1308 = LINE('',#1309,#1310);
#1309 = CARTESIAN_POINT('',(-79.92592592592,-8.,26.706666666667));
#1310 = VECTOR('',#1311,1.);
#1311 = DIRECTION('',(0.514807016402,0.,0.857306092282));
#1312 = ORIENTED_EDGE('',*,*,#1313,.T.);
#1313 = EDGE_CURVE('',#1306,#1314,#1316,.T.);
#1314 = VERTEX_POINT('',#1315);
#1315 = CARTESIAN_POINT('',(-79.19286694101,-8.,27.817777777778));
#1316 = LINE('',#1317,#1318);
#1317 = CARTESIAN_POINT('',(-79.59231824417,-8.,27.262222222222));
#1318 = VECTOR('',#1319,1.);
#1319 = DIRECTION('',(0.583776486487,0.,0.811914412869));
#1320 = ORIENTED_EDGE('',*,*,#1321,.T.);
#1321 = EDGE_CURVE('',#1314,#1322,#1324,.T.);
#1322 = VERTEX_POINT('',#1323);
#1323 = CARTESIAN_POINT('',(-78.74074074074,-8.,28.373333333333));
#1324 = LINE('',#1325,#1326);
#1325 = CARTESIAN_POINT('',(-79.19286694101,-8.,27.817777777778));
#1326 = VECTOR('',#1327,1.);
#1327 = DIRECTION('',(0.631212461229,0.,0.77560997208));
#1328 = ORIENTED_EDGE('',*,*,#1329,.T.);
#1329 = EDGE_CURVE('',#1322,#1330,#1332,.T.);
#1330 = VERTEX_POINT('',#1331);
#1331 = CARTESIAN_POINT('',(-78.24910836762,-8.,28.928888888889));
#1332 = LINE('',#1333,#1334);
#1333 = CARTESIAN_POINT('',(-78.74074074074,-8.,28.373333333333));
#1334 = VECTOR('',#1335,1.);
#1335 = DIRECTION('',(0.662709521533,0.,0.748876551956));
#1336 = ORIENTED_EDGE('',*,*,#1337,.T.);
#1337 = EDGE_CURVE('',#1330,#1338,#1340,.T.);
#1338 = VERTEX_POINT('',#1339);
#1339 = CARTESIAN_POINT('',(-77.73113854595,-8.,29.484444444444));
#1340 = LINE('',#1341,#1342);
#1341 = CARTESIAN_POINT('',(-78.24910836762,-8.,28.928888888889));
#1342 = VECTOR('',#1343,1.);
#1343 = DIRECTION('',(0.681932082106,0.,0.731415501199));
#1344 = ORIENTED_EDGE('',*,*,#1345,.T.);
#1345 = EDGE_CURVE('',#1338,#1346,#1348,.T.);
#1346 = VERTEX_POINT('',#1347);
#1347 = CARTESIAN_POINT('',(-76.66886145404,-8.,30.595555555556));
#1348 = LINE('',#1349,#1350);
#1349 = CARTESIAN_POINT('',(-77.73113854595,-8.,29.484444444444));
#1350 = VECTOR('',#1351,1.);
#1351 = DIRECTION('',(0.691044328918,0.,0.722812379162));
#1352 = ORIENTED_EDGE('',*,*,#1353,.T.);
#1353 = EDGE_CURVE('',#1346,#1354,#1356,.T.);
#1354 = VERTEX_POINT('',#1355);
#1355 = CARTESIAN_POINT('',(-76.15089163237,-8.,31.151111111111));
#1356 = LINE('',#1357,#1358);
#1357 = CARTESIAN_POINT('',(-76.66886145404,-8.,30.595555555556));
#1358 = VECTOR('',#1359,1.);
#1359 = DIRECTION('',(0.681932082106,0.,0.731415501199));
#1360 = ORIENTED_EDGE('',*,*,#1361,.T.);
#1361 = EDGE_CURVE('',#1354,#1362,#1364,.T.);
#1362 = VERTEX_POINT('',#1363);
#1363 = CARTESIAN_POINT('',(-75.65925925925,-8.,31.706666666667));
#1364 = LINE('',#1365,#1366);
#1365 = CARTESIAN_POINT('',(-76.15089163237,-8.,31.151111111111));
#1366 = VECTOR('',#1367,1.);
#1367 = DIRECTION('',(0.662709521533,0.,0.748876551956));
#1368 = ORIENTED_EDGE('',*,*,#1369,.T.);
#1369 = EDGE_CURVE('',#1362,#1370,#1372,.T.);
#1370 = VERTEX_POINT('',#1371);
#1371 = CARTESIAN_POINT('',(-75.20713305898,-8.,32.262222222222));
#1372 = LINE('',#1373,#1374);
#1373 = CARTESIAN_POINT('',(-75.65925925925,-8.,31.706666666667));
#1374 = VECTOR('',#1375,1.);
#1375 = DIRECTION('',(0.631212461229,0.,0.77560997208));
#1376 = ORIENTED_EDGE('',*,*,#1377,.T.);
#1377 = EDGE_CURVE('',#1370,#1378,#1380,.T.);
#1378 = VERTEX_POINT('',#1379);
#1379 = CARTESIAN_POINT('',(-74.80768175583,-8.,32.817777777778));
#1380 = LINE('',#1381,#1382);
#1381 = CARTESIAN_POINT('',(-75.20713305898,-8.,32.262222222222));
#1382 = VECTOR('',#1383,1.);
#1383 = DIRECTION('',(0.583776486487,0.,0.811914412869));
#1384 = ORIENTED_EDGE('',*,*,#1385,.T.);
#1385 = EDGE_CURVE('',#1378,#1386,#1388,.T.);
#1386 = VERTEX_POINT('',#1387);
#1387 = CARTESIAN_POINT('',(-74.47407407407,-8.,33.373333333333));
#1388 = LINE('',#1389,#1390);
#1389 = CARTESIAN_POINT('',(-74.80768175583,-8.,32.817777777778));
#1390 = VECTOR('',#1391,1.);
#1391 = DIRECTION('',(0.514807016402,0.,0.857306092282));
#1392 = ORIENTED_EDGE('',*,*,#1393,.T.);
#1393 = EDGE_CURVE('',#1386,#1394,#1396,.T.);
#1394 = VERTEX_POINT('',#1395);
#1395 = CARTESIAN_POINT('',(-74.21947873799,-8.,33.928888888889));
#1396 = LINE('',#1397,#1398);
#1397 = CARTESIAN_POINT('',(-74.47407407407,-8.,33.373333333333));
#1398 = VECTOR('',#1399,1.);
#1399 = DIRECTION('',(0.416608335402,0.,0.909086076713));
#1400 = ORIENTED_EDGE('',*,*,#1401,.T.);
#1401 = EDGE_CURVE('',#1394,#1402,#1404,.T.);
#1402 = VERTEX_POINT('',#1403);
#1403 = CARTESIAN_POINT('',(-74.05706447187,-8.,34.484444444444));
#1404 = LINE('',#1405,#1406);
#1405 = CARTESIAN_POINT('',(-74.21947873799,-8.,33.928888888889));
#1406 = VECTOR('',#1407,1.);
#1407 = DIRECTION('',(0.280600582118,0.,0.959824626333));
#1408 = ORIENTED_EDGE('',*,*,#1409,.T.);
#1409 = EDGE_CURVE('',#1402,#1410,#1412,.T.);
#1410 = VERTEX_POINT('',#1411);
#1411 = CARTESIAN_POINT('',(-74.,-8.,35.04));
#1412 = LINE('',#1413,#1414);
#1413 = CARTESIAN_POINT('',(-74.05706447187,-8.,34.484444444444));
#1414 = VECTOR('',#1415,1.);
#1415 = DIRECTION('',(0.102178442416,0.,0.994766086025));
#1416 = ORIENTED_EDGE('',*,*,#1417,.T.);
#1417 = EDGE_CURVE('',#1410,#1418,#1420,.T.);
#1418 = VERTEX_POINT('',#1419);
#1419 = CARTESIAN_POINT('',(-74.,-8.,39.54));
#1420 = LINE('',#1421,#1422);
#1421 = CARTESIAN_POINT('',(-74.,-8.,35.04));
#1422 = VECTOR('',#1423,1.);
#1423 = DIRECTION('',(0.,0.,1.));
#1424 = ORIENTED_EDGE('',*,*,#1425,.F.);
#1425 = EDGE_CURVE('',#670,#1418,#1426,.T.);
#1426 = LINE('',#1427,#1428);
#1427 = CARTESIAN_POINT('',(-106.,-8.,39.54));
#1428 = VECTOR('',#1429,1.);
#1429 = DIRECTION('',(1.,0.,-0.));
#1430 = ORIENTED_EDGE('',*,*,#669,.F.);
#1431 = ORIENTED_EDGE('',*,*,#1432,.F.);
#1432 = EDGE_CURVE('',#1433,#662,#1435,.T.);
#1433 = VERTEX_POINT('',#1434);
#1434 = CARTESIAN_POINT('',(-105.9429355281,-8.,34.484444444444));
#1435 = LINE('',#1436,#1437);
#1436 = CARTESIAN_POINT('',(-105.9429355281,-8.,34.484444444444));
#1437 = VECTOR('',#1438,1.);
#1438 = DIRECTION('',(-0.102178442416,0.,0.994766086025));
#1439 = ORIENTED_EDGE('',*,*,#1440,.F.);
#1440 = EDGE_CURVE('',#1441,#1433,#1443,.T.);
#1441 = VERTEX_POINT('',#1442);
#1442 = CARTESIAN_POINT('',(-105.780521262,-8.,33.928888888889));
#1443 = LINE('',#1444,#1445);
#1444 = CARTESIAN_POINT('',(-105.780521262,-8.,33.928888888889));
#1445 = VECTOR('',#1446,1.);
#1446 = DIRECTION('',(-0.280600582118,0.,0.959824626333));
#1447 = ORIENTED_EDGE('',*,*,#1448,.F.);
#1448 = EDGE_CURVE('',#1449,#1441,#1451,.T.);
#1449 = VERTEX_POINT('',#1450);
#1450 = CARTESIAN_POINT('',(-105.5259259259,-8.,33.373333333333));
#1451 = LINE('',#1452,#1453);
#1452 = CARTESIAN_POINT('',(-105.5259259259,-8.,33.373333333333));
#1453 = VECTOR('',#1454,1.);
#1454 = DIRECTION('',(-0.416608335402,0.,0.909086076713));
#1455 = ORIENTED_EDGE('',*,*,#1456,.F.);
#1456 = EDGE_CURVE('',#1457,#1449,#1459,.T.);
#1457 = VERTEX_POINT('',#1458);
#1458 = CARTESIAN_POINT('',(-105.1923182441,-8.,32.817777777778));
#1459 = LINE('',#1460,#1461);
#1460 = CARTESIAN_POINT('',(-105.1923182441,-8.,32.817777777778));
#1461 = VECTOR('',#1462,1.);
#1462 = DIRECTION('',(-0.514807016402,0.,0.857306092282));
#1463 = ORIENTED_EDGE('',*,*,#1464,.F.);
#1464 = EDGE_CURVE('',#1465,#1457,#1467,.T.);
#1465 = VERTEX_POINT('',#1466);
#1466 = CARTESIAN_POINT('',(-104.792866941,-8.,32.262222222222));
#1467 = LINE('',#1468,#1469);
#1468 = CARTESIAN_POINT('',(-104.792866941,-8.,32.262222222222));
#1469 = VECTOR('',#1470,1.);
#1470 = DIRECTION('',(-0.583776486487,0.,0.811914412869));
#1471 = ORIENTED_EDGE('',*,*,#1472,.F.);
#1472 = EDGE_CURVE('',#1473,#1465,#1475,.T.);
#1473 = VERTEX_POINT('',#1474);
#1474 = CARTESIAN_POINT('',(-104.3407407407,-8.,31.706666666667));
#1475 = LINE('',#1476,#1477);
#1476 = CARTESIAN_POINT('',(-104.3407407407,-8.,31.706666666667));
#1477 = VECTOR('',#1478,1.);
#1478 = DIRECTION('',(-0.631212461229,0.,0.77560997208));
#1479 = ORIENTED_EDGE('',*,*,#1480,.F.);
#1480 = EDGE_CURVE('',#1481,#1473,#1483,.T.);
#1481 = VERTEX_POINT('',#1482);
#1482 = CARTESIAN_POINT('',(-103.8491083676,-8.,31.151111111111));
#1483 = LINE('',#1484,#1485);
#1484 = CARTESIAN_POINT('',(-103.8491083676,-8.,31.151111111111));
#1485 = VECTOR('',#1486,1.);
#1486 = DIRECTION('',(-0.662709521533,0.,0.748876551956));
#1487 = ORIENTED_EDGE('',*,*,#1488,.F.);
#1488 = EDGE_CURVE('',#1489,#1481,#1491,.T.);
#1489 = VERTEX_POINT('',#1490);
#1490 = CARTESIAN_POINT('',(-103.3311385459,-8.,30.595555555556));
#1491 = LINE('',#1492,#1493);
#1492 = CARTESIAN_POINT('',(-103.3311385459,-8.,30.595555555556));
#1493 = VECTOR('',#1494,1.);
#1494 = DIRECTION('',(-0.681932082106,0.,0.731415501199));
#1495 = ORIENTED_EDGE('',*,*,#1496,.F.);
#1496 = EDGE_CURVE('',#1497,#1489,#1499,.T.);
#1497 = VERTEX_POINT('',#1498);
#1498 = CARTESIAN_POINT('',(-102.268861454,-8.,29.484444444444));
#1499 = LINE('',#1500,#1501);
#1500 = CARTESIAN_POINT('',(-102.8,-8.,30.04));
#1501 = VECTOR('',#1502,1.);
#1502 = DIRECTION('',(-0.691044328918,0.,0.722812379162));
#1503 = ORIENTED_EDGE('',*,*,#1504,.F.);
#1504 = EDGE_CURVE('',#1505,#1497,#1507,.T.);
#1505 = VERTEX_POINT('',#1506);
#1506 = CARTESIAN_POINT('',(-101.7508916323,-8.,28.928888888889));
#1507 = LINE('',#1508,#1509);
#1508 = CARTESIAN_POINT('',(-101.7508916323,-8.,28.928888888889));
#1509 = VECTOR('',#1510,1.);
#1510 = DIRECTION('',(-0.681932082106,0.,0.731415501199));
#1511 = ORIENTED_EDGE('',*,*,#1512,.F.);
#1512 = EDGE_CURVE('',#1513,#1505,#1515,.T.);
#1513 = VERTEX_POINT('',#1514);
#1514 = CARTESIAN_POINT('',(-101.2592592592,-8.,28.373333333333));
#1515 = LINE('',#1516,#1517);
#1516 = CARTESIAN_POINT('',(-101.2592592592,-8.,28.373333333333));
#1517 = VECTOR('',#1518,1.);
#1518 = DIRECTION('',(-0.662709521533,0.,0.748876551956));
#1519 = ORIENTED_EDGE('',*,*,#1520,.F.);
#1520 = EDGE_CURVE('',#1521,#1513,#1523,.T.);
#1521 = VERTEX_POINT('',#1522);
#1522 = CARTESIAN_POINT('',(-100.8071330589,-8.,27.817777777778));
#1523 = LINE('',#1524,#1525);
#1524 = CARTESIAN_POINT('',(-100.8071330589,-8.,27.817777777778));
#1525 = VECTOR('',#1526,1.);
#1526 = DIRECTION('',(-0.631212461229,0.,0.77560997208));
#1527 = ORIENTED_EDGE('',*,*,#1528,.F.);
#1528 = EDGE_CURVE('',#1529,#1521,#1531,.T.);
#1529 = VERTEX_POINT('',#1530);
#1530 = CARTESIAN_POINT('',(-100.4076817558,-8.,27.262222222222));
#1531 = LINE('',#1532,#1533);
#1532 = CARTESIAN_POINT('',(-100.4076817558,-8.,27.262222222222));
#1533 = VECTOR('',#1534,1.);
#1534 = DIRECTION('',(-0.583776486487,0.,0.811914412869));
#1535 = ORIENTED_EDGE('',*,*,#1536,.F.);
#1536 = EDGE_CURVE('',#1537,#1529,#1539,.T.);
#1537 = VERTEX_POINT('',#1538);
#1538 = CARTESIAN_POINT('',(-100.074074074,-8.,26.706666666667));
#1539 = LINE('',#1540,#1541);
#1540 = CARTESIAN_POINT('',(-100.074074074,-8.,26.706666666667));
#1541 = VECTOR('',#1542,1.);
#1542 = DIRECTION('',(-0.514807016402,0.,0.857306092282));
#1543 = ORIENTED_EDGE('',*,*,#1544,.F.);
#1544 = EDGE_CURVE('',#1545,#1537,#1547,.T.);
#1545 = VERTEX_POINT('',#1546);
#1546 = CARTESIAN_POINT('',(-99.81947873799,-8.,26.151111111111));
#1547 = LINE('',#1548,#1549);
#1548 = CARTESIAN_POINT('',(-99.81947873799,-8.,26.151111111111));
#1549 = VECTOR('',#1550,1.);
#1550 = DIRECTION('',(-0.416608335402,0.,0.909086076713));
#1551 = ORIENTED_EDGE('',*,*,#1552,.F.);
#1552 = EDGE_CURVE('',#1553,#1545,#1555,.T.);
#1553 = VERTEX_POINT('',#1554);
#1554 = CARTESIAN_POINT('',(-99.65706447187,-8.,25.595555555556));
#1555 = LINE('',#1556,#1557);
#1556 = CARTESIAN_POINT('',(-99.65706447187,-8.,25.595555555556));
#1557 = VECTOR('',#1558,1.);
#1558 = DIRECTION('',(-0.280600582118,0.,0.959824626333));
#1559 = ORIENTED_EDGE('',*,*,#1560,.F.);
#1560 = EDGE_CURVE('',#1561,#1553,#1563,.T.);
#1561 = VERTEX_POINT('',#1562);
#1562 = CARTESIAN_POINT('',(-99.6,-8.,25.04));
#1563 = LINE('',#1564,#1565);
#1564 = CARTESIAN_POINT('',(-99.6,-8.,25.04));
#1565 = VECTOR('',#1566,1.);
#1566 = DIRECTION('',(-0.102178442416,0.,0.994766086025));
#1567 = ORIENTED_EDGE('',*,*,#1568,.F.);
#1568 = EDGE_CURVE('',#1569,#1561,#1571,.T.);
#1569 = VERTEX_POINT('',#1570);
#1570 = CARTESIAN_POINT('',(-99.6,-8.,24.04));
#1571 = LINE('',#1572,#1573);
#1572 = CARTESIAN_POINT('',(-99.6,-8.,14.04));
#1573 = VECTOR('',#1574,1.);
#1574 = DIRECTION('',(0.,0.,1.));
#1575 = ORIENTED_EDGE('',*,*,#1576,.T.);
#1576 = EDGE_CURVE('',#1569,#1577,#1579,.T.);
#1577 = VERTEX_POINT('',#1578);
#1578 = CARTESIAN_POINT('',(-99.65706447187,-8.,23.484444444444));
#1579 = LINE('',#1580,#1581);
#1580 = CARTESIAN_POINT('',(-99.6,-8.,24.04));
#1581 = VECTOR('',#1582,1.);
#1582 = DIRECTION('',(-0.102178442416,0.,-0.994766086025));
#1583 = ORIENTED_EDGE('',*,*,#1584,.T.);
#1584 = EDGE_CURVE('',#1577,#1585,#1587,.T.);
#1585 = VERTEX_POINT('',#1586);
#1586 = CARTESIAN_POINT('',(-99.81947873799,-8.,22.928888888889));
#1587 = LINE('',#1588,#1589);
#1588 = CARTESIAN_POINT('',(-99.65706447187,-8.,23.484444444444));
#1589 = VECTOR('',#1590,1.);
#1590 = DIRECTION('',(-0.280600582118,0.,-0.959824626333));
#1591 = ORIENTED_EDGE('',*,*,#1592,.T.);
#1592 = EDGE_CURVE('',#1585,#1593,#1595,.T.);
#1593 = VERTEX_POINT('',#1594);
#1594 = CARTESIAN_POINT('',(-100.074074074,-8.,22.373333333333));
#1595 = LINE('',#1596,#1597);
#1596 = CARTESIAN_POINT('',(-99.81947873799,-8.,22.928888888889));
#1597 = VECTOR('',#1598,1.);
#1598 = DIRECTION('',(-0.416608335402,0.,-0.909086076713));
#1599 = ORIENTED_EDGE('',*,*,#1600,.T.);
#1600 = EDGE_CURVE('',#1593,#1601,#1603,.T.);
#1601 = VERTEX_POINT('',#1602);
#1602 = CARTESIAN_POINT('',(-100.4076817558,-8.,21.817777777778));
#1603 = LINE('',#1604,#1605);
#1604 = CARTESIAN_POINT('',(-100.074074074,-8.,22.373333333333));
#1605 = VECTOR('',#1606,1.);
#1606 = DIRECTION('',(-0.514807016402,0.,-0.857306092282));
#1607 = ORIENTED_EDGE('',*,*,#1608,.T.);
#1608 = EDGE_CURVE('',#1601,#1609,#1611,.T.);
#1609 = VERTEX_POINT('',#1610);
#1610 = CARTESIAN_POINT('',(-100.8071330589,-8.,21.262222222222));
#1611 = LINE('',#1612,#1613);
#1612 = CARTESIAN_POINT('',(-100.4076817558,-8.,21.817777777778));
#1613 = VECTOR('',#1614,1.);
#1614 = DIRECTION('',(-0.583776486487,0.,-0.811914412869));
#1615 = ORIENTED_EDGE('',*,*,#1616,.T.);
#1616 = EDGE_CURVE('',#1609,#1617,#1619,.T.);
#1617 = VERTEX_POINT('',#1618);
#1618 = CARTESIAN_POINT('',(-101.2592592592,-8.,20.706666666667));
#1619 = LINE('',#1620,#1621);
#1620 = CARTESIAN_POINT('',(-100.8071330589,-8.,21.262222222222));
#1621 = VECTOR('',#1622,1.);
#1622 = DIRECTION('',(-0.631212461229,0.,-0.77560997208));
#1623 = ORIENTED_EDGE('',*,*,#1624,.T.);
#1624 = EDGE_CURVE('',#1617,#1625,#1627,.T.);
#1625 = VERTEX_POINT('',#1626);
#1626 = CARTESIAN_POINT('',(-101.7508916323,-8.,20.151111111111));
#1627 = LINE('',#1628,#1629);
#1628 = CARTESIAN_POINT('',(-101.2592592592,-8.,20.706666666667));
#1629 = VECTOR('',#1630,1.);
#1630 = DIRECTION('',(-0.662709521533,0.,-0.748876551956));
#1631 = ORIENTED_EDGE('',*,*,#1632,.T.);
#1632 = EDGE_CURVE('',#1625,#1633,#1635,.T.);
#1633 = VERTEX_POINT('',#1634);
#1634 = CARTESIAN_POINT('',(-102.268861454,-8.,19.595555555556));
#1635 = LINE('',#1636,#1637);
#1636 = CARTESIAN_POINT('',(-101.7508916323,-8.,20.151111111111));
#1637 = VECTOR('',#1638,1.);
#1638 = DIRECTION('',(-0.681932082106,0.,-0.731415501199));
#1639 = ORIENTED_EDGE('',*,*,#1640,.T.);
#1640 = EDGE_CURVE('',#1633,#879,#1641,.T.);
#1641 = LINE('',#1642,#1643);
#1642 = CARTESIAN_POINT('',(-102.268861454,-8.,19.595555555556));
#1643 = VECTOR('',#1644,1.);
#1644 = DIRECTION('',(-0.691044328918,0.,-0.722812379162));
#1645 = ORIENTED_EDGE('',*,*,#878,.T.);
#1646 = ORIENTED_EDGE('',*,*,#917,.F.);
#1647 = ORIENTED_EDGE('',*,*,#933,.F.);
#1648 = ORIENTED_EDGE('',*,*,#1649,.T.);
#1649 = EDGE_CURVE('',#934,#1650,#1652,.T.);
#1650 = VERTEX_POINT('',#1651);
#1651 = CARTESIAN_POINT('',(-99.,-8.,0.));
#1652 = LINE('',#1653,#1654);
#1653 = CARTESIAN_POINT('',(-109.,-8.,0.));
#1654 = VECTOR('',#1655,1.);
#1655 = DIRECTION('',(1.,0.,-0.));
#1656 = ORIENTED_EDGE('',*,*,#1657,.F.);
#1657 = EDGE_CURVE('',#1175,#1650,#1658,.T.);
#1658 = LINE('',#1659,#1660);
#1659 = CARTESIAN_POINT('',(-99.,-8.,-2.75));
#1660 = VECTOR('',#1661,1.);
#1661 = DIRECTION('',(0.,0.,-1.));
#1662 = FACE_BOUND('',#1663,.T.);
#1663 = EDGE_LOOP('',(#1664,#1674,#1682,#1690));
#1664 = ORIENTED_EDGE('',*,*,#1665,.F.);
#1665 = EDGE_CURVE('',#1666,#1668,#1670,.T.);
#1666 = VERTEX_POINT('',#1667);
#1667 = CARTESIAN_POINT('',(-96.4,-8.,18.));
#1668 = VERTEX_POINT('',#1669);
#1669 = CARTESIAN_POINT('',(-83.6,-8.,18.));
#1670 = LINE('',#1671,#1672);
#1671 = CARTESIAN_POINT('',(-109.,-8.,18.));
#1672 = VECTOR('',#1673,1.);
#1673 = DIRECTION('',(1.,0.,-0.));
#1674 = ORIENTED_EDGE('',*,*,#1675,.T.);
#1675 = EDGE_CURVE('',#1666,#1676,#1678,.T.);
#1676 = VERTEX_POINT('',#1677);
#1677 = CARTESIAN_POINT('',(-96.4,-8.,35.04));
#1678 = LINE('',#1679,#1680);
#1679 = CARTESIAN_POINT('',(-96.4,-8.,14.04));
#1680 = VECTOR('',#1681,1.);
#1681 = DIRECTION('',(0.,0.,1.));
#1682 = ORIENTED_EDGE('',*,*,#1683,.T.);
#1683 = EDGE_CURVE('',#1676,#1684,#1686,.T.);
#1684 = VERTEX_POINT('',#1685);
#1685 = CARTESIAN_POINT('',(-83.6,-8.,35.04));
#1686 = LINE('',#1687,#1688);
#1687 = CARTESIAN_POINT('',(-106.,-8.,35.04));
#1688 = VECTOR('',#1689,1.);
#1689 = DIRECTION('',(1.,0.,-0.));
#1690 = ORIENTED_EDGE('',*,*,#1691,.F.);
#1691 = EDGE_CURVE('',#1668,#1684,#1692,.T.);
#1692 = LINE('',#1693,#1694);
#1693 = CARTESIAN_POINT('',(-83.6,-8.,14.04));
#1694 = VECTOR('',#1695,1.);
#1695 = DIRECTION('',(0.,0.,1.));
#1696 = PLANE('',#1697);
#1697 = AXIS2_PLACEMENT_3D('',#1698,#1699,#1700);
#1698 = CARTESIAN_POINT('',(-90.,-8.,18.714587924965));
#1699 = DIRECTION('',(-0.,-1.,-0.));
#1700 = DIRECTION('',(0.,0.,-1.));
#1701 = ADVANCED_FACE('',(#1702),#1720,.T.);
#1702 = FACE_BOUND('',#1703,.T.);
#1703 = EDGE_LOOP('',(#1704,#1712,#1713,#1714));
#1704 = ORIENTED_EDGE('',*,*,#1705,.F.);
#1705 = EDGE_CURVE('',#1202,#1706,#1708,.T.);
#1706 = VERTEX_POINT('',#1707);
#1707 = CARTESIAN_POINT('',(-77.73113854595,190.58,19.595555555556));
#1708 = LINE('',#1709,#1710);
#1709 = CARTESIAN_POINT('',(-77.73113854595,24.,19.595555555556));
#1710 = VECTOR('',#1711,1.);
#1711 = DIRECTION('',(0.,1.,0.));
#1712 = ORIENTED_EDGE('',*,*,#1201,.T.);
#1713 = ORIENTED_EDGE('',*,*,#325,.T.);
#1714 = ORIENTED_EDGE('',*,*,#1715,.T.);
#1715 = EDGE_CURVE('',#318,#1706,#1716,.T.);
#1716 = LINE('',#1717,#1718);
#1717 = CARTESIAN_POINT('',(-76.13228850917,190.58,17.923204664811));
#1718 = VECTOR('',#1719,1.);
#1719 = DIRECTION('',(-0.691044328918,-0.,0.722812379162));
#1720 = PLANE('',#1721);
#1721 = AXIS2_PLACEMENT_3D('',#1722,#1723,#1724);
#1722 = CARTESIAN_POINT('',(-77.2,106.,19.04));
#1723 = DIRECTION('',(0.722812379162,0.,0.691044328918));
#1724 = DIRECTION('',(-0.691044328918,0.,0.722812379162));
#1725 = ADVANCED_FACE('',(#1726),#2124,.T.);
#1726 = FACE_BOUND('',#1727,.T.);
#1727 = EDGE_LOOP('',(#1728,#1729,#1737,#1745,#1753,#1762,#1771,#1779,
    #1788,#1797,#1805,#1813,#1821,#1829,#1837,#1845,#1853,#1861,#1869,
    #1877,#1885,#1893,#1901,#1909,#1917,#1925,#1933,#1941,#1949,#1957,
    #1965,#1973,#1981,#1989,#1997,#2005,#2013,#2021,#2029,#2037,#2045,
    #2053,#2061,#2069,#2077,#2085,#2093,#2101,#2109,#2115,#2116,#2117,
    #2118,#2119,#2120,#2121,#2122,#2123));
#1728 = ORIENTED_EDGE('',*,*,#542,.F.);
#1729 = ORIENTED_EDGE('',*,*,#1730,.T.);
#1730 = EDGE_CURVE('',#535,#1731,#1733,.T.);
#1731 = VERTEX_POINT('',#1732);
#1732 = CARTESIAN_POINT('',(-70.4,190.58,14.));
#1733 = LINE('',#1734,#1735);
#1734 = CARTESIAN_POINT('',(-78.,190.58,14.));
#1735 = VECTOR('',#1736,1.);
#1736 = DIRECTION('',(1.,0.,-0.));
#1737 = ORIENTED_EDGE('',*,*,#1738,.T.);
#1738 = EDGE_CURVE('',#1731,#1739,#1741,.T.);
#1739 = VERTEX_POINT('',#1740);
#1740 = CARTESIAN_POINT('',(-70.4,190.58,33.54));
#1741 = LINE('',#1742,#1743);
#1742 = CARTESIAN_POINT('',(-70.4,190.58,14.));
#1743 = VECTOR('',#1744,1.);
#1744 = DIRECTION('',(0.,0.,1.));
#1745 = ORIENTED_EDGE('',*,*,#1746,.T.);
#1746 = EDGE_CURVE('',#1739,#1747,#1749,.T.);
#1747 = VERTEX_POINT('',#1748);
#1748 = CARTESIAN_POINT('',(-47.325260557,190.58,33.54));
#1749 = LINE('',#1750,#1751);
#1750 = CARTESIAN_POINT('',(-78.,190.58,33.54));
#1751 = VECTOR('',#1752,1.);
#1752 = DIRECTION('',(1.,0.,-0.));
#1753 = ORIENTED_EDGE('',*,*,#1754,.T.);
#1754 = EDGE_CURVE('',#1747,#1755,#1757,.T.);
#1755 = VERTEX_POINT('',#1756);
#1756 = CARTESIAN_POINT('',(-42.,190.58,36.9));
#1757 = CIRCLE('',#1758,5.9);
#1758 = AXIS2_PLACEMENT_3D('',#1759,#1760,#1761);
#1759 = CARTESIAN_POINT('',(-42.,190.58,31.));
#1760 = DIRECTION('',(0.,1.,0.));
#1761 = DIRECTION('',(0.,-0.,1.));
#1762 = ORIENTED_EDGE('',*,*,#1763,.T.);
#1763 = EDGE_CURVE('',#1755,#1764,#1766,.T.);
#1764 = VERTEX_POINT('',#1765);
#1765 = CARTESIAN_POINT('',(-36.67473944299,190.58,33.54));
#1766 = CIRCLE('',#1767,5.9);
#1767 = AXIS2_PLACEMENT_3D('',#1768,#1769,#1770);
#1768 = CARTESIAN_POINT('',(-42.,190.58,31.));
#1769 = DIRECTION('',(0.,1.,0.));
#1770 = DIRECTION('',(0.,-0.,1.));
#1771 = ORIENTED_EDGE('',*,*,#1772,.T.);
#1772 = EDGE_CURVE('',#1764,#1773,#1775,.T.);
#1773 = VERTEX_POINT('',#1774);
#1774 = CARTESIAN_POINT('',(36.674739442994,190.58,33.54));
#1775 = LINE('',#1776,#1777);
#1776 = CARTESIAN_POINT('',(-78.,190.58,33.54));
#1777 = VECTOR('',#1778,1.);
#1778 = DIRECTION('',(1.,0.,-0.));
#1779 = ORIENTED_EDGE('',*,*,#1780,.T.);
#1780 = EDGE_CURVE('',#1773,#1781,#1783,.T.);
#1781 = VERTEX_POINT('',#1782);
#1782 = CARTESIAN_POINT('',(42.,190.58,36.9));
#1783 = CIRCLE('',#1784,5.9);
#1784 = AXIS2_PLACEMENT_3D('',#1785,#1786,#1787);
#1785 = CARTESIAN_POINT('',(42.,190.58,31.));
#1786 = DIRECTION('',(0.,1.,0.));
#1787 = DIRECTION('',(0.,-0.,1.));
#1788 = ORIENTED_EDGE('',*,*,#1789,.T.);
#1789 = EDGE_CURVE('',#1781,#1790,#1792,.T.);
#1790 = VERTEX_POINT('',#1791);
#1791 = CARTESIAN_POINT('',(47.325260557006,190.58,33.54));
#1792 = CIRCLE('',#1793,5.9);
#1793 = AXIS2_PLACEMENT_3D('',#1794,#1795,#1796);
#1794 = CARTESIAN_POINT('',(42.,190.58,31.));
#1795 = DIRECTION('',(0.,1.,0.));
#1796 = DIRECTION('',(0.,-0.,1.));
#1797 = ORIENTED_EDGE('',*,*,#1798,.T.);
#1798 = EDGE_CURVE('',#1790,#1799,#1801,.T.);
#1799 = VERTEX_POINT('',#1800);
#1800 = CARTESIAN_POINT('',(70.4,190.58,33.54));
#1801 = LINE('',#1802,#1803);
#1802 = CARTESIAN_POINT('',(-78.,190.58,33.54));
#1803 = VECTOR('',#1804,1.);
#1804 = DIRECTION('',(1.,0.,-0.));
#1805 = ORIENTED_EDGE('',*,*,#1806,.F.);
#1806 = EDGE_CURVE('',#1807,#1799,#1809,.T.);
#1807 = VERTEX_POINT('',#1808);
#1808 = CARTESIAN_POINT('',(70.4,190.58,14.));
#1809 = LINE('',#1810,#1811);
#1810 = CARTESIAN_POINT('',(70.4,190.58,14.));
#1811 = VECTOR('',#1812,1.);
#1812 = DIRECTION('',(0.,0.,1.));
#1813 = ORIENTED_EDGE('',*,*,#1814,.T.);
#1814 = EDGE_CURVE('',#1807,#1815,#1817,.T.);
#1815 = VERTEX_POINT('',#1816);
#1816 = CARTESIAN_POINT('',(74.,190.58,14.));
#1817 = LINE('',#1818,#1819);
#1818 = CARTESIAN_POINT('',(70.4,190.58,14.));
#1819 = VECTOR('',#1820,1.);
#1820 = DIRECTION('',(1.,0.,-0.));
#1821 = ORIENTED_EDGE('',*,*,#1822,.F.);
#1822 = EDGE_CURVE('',#1823,#1815,#1825,.T.);
#1823 = VERTEX_POINT('',#1824);
#1824 = CARTESIAN_POINT('',(74.,190.58,14.04));
#1825 = LINE('',#1826,#1827);
#1826 = CARTESIAN_POINT('',(74.,190.58,12.895));
#1827 = VECTOR('',#1828,1.);
#1828 = DIRECTION('',(0.,0.,-1.));
#1829 = ORIENTED_EDGE('',*,*,#1830,.F.);
#1830 = EDGE_CURVE('',#1831,#1823,#1833,.T.);
#1831 = VERTEX_POINT('',#1832);
#1832 = CARTESIAN_POINT('',(74.057064471879,190.58,14.595555555556));
#1833 = LINE('',#1834,#1835);
#1834 = CARTESIAN_POINT('',(73.993440463615,190.58,13.976139128941));
#1835 = VECTOR('',#1836,1.);
#1836 = DIRECTION('',(-0.102178442416,0.,-0.994766086025));
#1837 = ORIENTED_EDGE('',*,*,#1838,.F.);
#1838 = EDGE_CURVE('',#1839,#1831,#1841,.T.);
#1839 = VERTEX_POINT('',#1840);
#1840 = CARTESIAN_POINT('',(74.219478737997,190.58,15.151111111111));
#1841 = LINE('',#1842,#1843);
#1842 = CARTESIAN_POINT('',(73.87349576921,190.58,13.96763896281));
#1843 = VECTOR('',#1844,1.);
#1844 = DIRECTION('',(-0.280600582118,0.,-0.959824626333));
#1845 = ORIENTED_EDGE('',*,*,#1846,.F.);
#1846 = EDGE_CURVE('',#1847,#1839,#1849,.T.);
#1847 = VERTEX_POINT('',#1848);
#1848 = CARTESIAN_POINT('',(74.474074074074,190.58,15.706666666667));
#1849 = LINE('',#1850,#1851);
#1850 = CARTESIAN_POINT('',(73.733686634497,190.58,14.091058299055));
#1851 = VECTOR('',#1852,1.);
#1852 = DIRECTION('',(-0.416608335402,0.,-0.909086076713));
#1853 = ORIENTED_EDGE('',*,*,#1854,.F.);
#1854 = EDGE_CURVE('',#1855,#1847,#1857,.T.);
#1855 = VERTEX_POINT('',#1856);
#1856 = CARTESIAN_POINT('',(74.80768175583,190.58,16.262222222222));
#1857 = LINE('',#1858,#1859);
#1858 = CARTESIAN_POINT('',(73.640991408589,190.58,14.319337392319));
#1859 = VECTOR('',#1860,1.);
#1860 = DIRECTION('',(-0.514807016402,0.,-0.857306092282));
#1861 = ORIENTED_EDGE('',*,*,#1862,.F.);
#1862 = EDGE_CURVE('',#1863,#1855,#1865,.T.);
#1863 = VERTEX_POINT('',#1864);
#1864 = CARTESIAN_POINT('',(75.207133058985,190.58,16.817777777778));
#1865 = LINE('',#1866,#1867);
#1866 = CARTESIAN_POINT('',(73.620366525594,190.58,14.610908114236));
#1867 = VECTOR('',#1868,1.);
#1868 = DIRECTION('',(-0.583776486487,0.,-0.811914412869));
#1869 = ORIENTED_EDGE('',*,*,#1870,.F.);
#1870 = EDGE_CURVE('',#1871,#1863,#1873,.T.);
#1871 = VERTEX_POINT('',#1872);
#1872 = CARTESIAN_POINT('',(75.659259259259,190.58,17.373333333333));
#1873 = LINE('',#1874,#1875);
#1874 = CARTESIAN_POINT('',(73.672757262629,190.58,14.93239489694));
#1875 = VECTOR('',#1876,1.);
#1876 = DIRECTION('',(-0.631212461229,0.,-0.77560997208));
#1877 = ORIENTED_EDGE('',*,*,#1878,.F.);
#1878 = EDGE_CURVE('',#1879,#1871,#1881,.T.);
#1879 = VERTEX_POINT('',#1880);
#1880 = CARTESIAN_POINT('',(76.150891632373,190.58,17.928888888889));
#1881 = LINE('',#1882,#1883);
#1882 = CARTESIAN_POINT('',(73.790204541975,190.58,15.261259782831));
#1883 = VECTOR('',#1884,1.);
#1884 = DIRECTION('',(-0.662709521533,0.,-0.748876551956));
#1885 = ORIENTED_EDGE('',*,*,#1886,.F.);
#1886 = EDGE_CURVE('',#1887,#1879,#1889,.T.);
#1887 = VERTEX_POINT('',#1888);
#1888 = CARTESIAN_POINT('',(76.668861454047,190.58,18.484444444444));
#1889 = LINE('',#1890,#1891);
#1890 = CARTESIAN_POINT('',(73.965278311337,190.58,15.584679685977));
#1891 = VECTOR('',#1892,1.);
#1892 = DIRECTION('',(-0.681932082106,0.,-0.731415501199));
#1893 = ORIENTED_EDGE('',*,*,#1894,.F.);
#1894 = EDGE_CURVE('',#1895,#1887,#1897,.T.);
#1895 = VERTEX_POINT('',#1896);
#1896 = CARTESIAN_POINT('',(77.731138545953,190.58,19.595555555556));
#1897 = LINE('',#1898,#1899);
#1898 = CARTESIAN_POINT('',(74.31762790396,190.58,16.025122161942));
#1899 = VECTOR('',#1900,1.);
#1900 = DIRECTION('',(-0.691044328918,0.,-0.722812379162));
#1901 = ORIENTED_EDGE('',*,*,#1902,.F.);
#1902 = EDGE_CURVE('',#1903,#1895,#1905,.T.);
#1903 = VERTEX_POINT('',#1904);
#1904 = CARTESIAN_POINT('',(78.,190.58,19.883926553672));
#1905 = LINE('',#1906,#1907);
#1906 = CARTESIAN_POINT('',(74.76056276301,190.58,16.409424220566));
#1907 = VECTOR('',#1908,1.);
#1908 = DIRECTION('',(-0.681932082106,0.,-0.731415501199));
#1909 = ORIENTED_EDGE('',*,*,#1910,.T.);
#1910 = EDGE_CURVE('',#1903,#1911,#1913,.T.);
#1911 = VERTEX_POINT('',#1912);
#1912 = CARTESIAN_POINT('',(78.,190.58,29.196073446328));
#1913 = LINE('',#1914,#1915);
#1914 = CARTESIAN_POINT('',(78.,190.58,14.));
#1915 = VECTOR('',#1916,1.);
#1916 = DIRECTION('',(0.,0.,1.));
#1917 = ORIENTED_EDGE('',*,*,#1918,.F.);
#1918 = EDGE_CURVE('',#1919,#1911,#1921,.T.);
#1919 = VERTEX_POINT('',#1920);
#1920 = CARTESIAN_POINT('',(77.731138545953,190.58,29.484444444444));
#1921 = LINE('',#1922,#1923);
#1922 = CARTESIAN_POINT('',(80.017658594818,190.58,27.032006362373));
#1923 = VECTOR('',#1924,1.);
#1924 = DIRECTION('',(0.681932082106,0.,-0.731415501199));
#1925 = ORIENTED_EDGE('',*,*,#1926,.F.);
#1926 = EDGE_CURVE('',#1927,#1919,#1929,.T.);
#1927 = VERTEX_POINT('',#1928);
#1928 = CARTESIAN_POINT('',(76.668861454047,190.58,30.595555555556));
#1929 = LINE('',#1930,#1931);
#1930 = CARTESIAN_POINT('',(79.582309372444,190.58,27.548173306199));
#1931 = VECTOR('',#1932,1.);
#1932 = DIRECTION('',(0.691044328918,0.,-0.722812379162));
#1933 = ORIENTED_EDGE('',*,*,#1934,.F.);
#1934 = EDGE_CURVE('',#1935,#1927,#1937,.T.);
#1935 = VERTEX_POINT('',#1936);
#1936 = CARTESIAN_POINT('',(76.150891632373,190.58,31.151111111111));
#1937 = LINE('',#1938,#1939);
#1938 = CARTESIAN_POINT('',(79.22049028357,190.58,27.858771456094));
#1939 = VECTOR('',#1940,1.);
#1940 = DIRECTION('',(0.681932082106,0.,-0.731415501199));
#1941 = ORIENTED_EDGE('',*,*,#1942,.F.);
#1942 = EDGE_CURVE('',#1943,#1935,#1945,.T.);
#1943 = VERTEX_POINT('',#1944);
#1944 = CARTESIAN_POINT('',(75.659259259259,190.58,31.706666666667));
#1945 = LINE('',#1946,#1947);
#1946 = CARTESIAN_POINT('',(79.02107607189,190.58,27.90773862784));
#1947 = VECTOR('',#1948,1.);
#1948 = DIRECTION('',(0.662709521533,0.,-0.748876551956));
#1949 = ORIENTED_EDGE('',*,*,#1950,.F.);
#1950 = EDGE_CURVE('',#1951,#1943,#1953,.T.);
#1951 = VERTEX_POINT('',#1952);
#1952 = CARTESIAN_POINT('',(75.207133058985,190.58,32.262222222222));
#1953 = LINE('',#1954,#1955);
#1954 = CARTESIAN_POINT('',(78.832874383821,190.58,27.807048567615));
#1955 = VECTOR('',#1956,1.);
#1956 = DIRECTION('',(0.631212461229,0.,-0.77560997208));
#1957 = ORIENTED_EDGE('',*,*,#1958,.F.);
#1958 = EDGE_CURVE('',#1959,#1951,#1961,.T.);
#1959 = VERTEX_POINT('',#1960);
#1960 = CARTESIAN_POINT('',(74.80768175583,190.58,32.817777777778));
#1961 = LINE('',#1962,#1963);
#1962 = CARTESIAN_POINT('',(78.616079291693,190.58,27.521071040056));
#1963 = VECTOR('',#1964,1.);
#1964 = DIRECTION('',(0.583776486487,0.,-0.811914412869));
#1965 = ORIENTED_EDGE('',*,*,#1966,.F.);
#1966 = EDGE_CURVE('',#1967,#1959,#1969,.T.);
#1967 = VERTEX_POINT('',#1968);
#1968 = CARTESIAN_POINT('',(74.474074074074,190.58,33.373333333333));
#1969 = LINE('',#1970,#1971);
#1970 = CARTESIAN_POINT('',(78.292790807114,190.58,27.014039431684));
#1971 = VECTOR('',#1972,1.);
#1972 = DIRECTION('',(0.514807016402,0.,-0.857306092282));
#1973 = ORIENTED_EDGE('',*,*,#1974,.F.);
#1974 = EDGE_CURVE('',#1975,#1967,#1977,.T.);
#1975 = VERTEX_POINT('',#1976);
#1976 = CARTESIAN_POINT('',(74.219478737997,190.58,33.928888888889));
#1977 = LINE('',#1978,#1979);
#1978 = CARTESIAN_POINT('',(61.14697303871,190.58,62.454561346925));
#1979 = VECTOR('',#1980,1.);
#1980 = DIRECTION('',(0.416608335402,0.,-0.909086076713));
#1981 = ORIENTED_EDGE('',*,*,#1982,.F.);
#1982 = EDGE_CURVE('',#1983,#1975,#1985,.T.);
#1983 = VERTEX_POINT('',#1984);
#1984 = CARTESIAN_POINT('',(74.057064471879,190.58,34.484444444444));
#1985 = LINE('',#1986,#1987);
#1986 = CARTESIAN_POINT('',(68.238615675821,190.58,54.387077572853));
#1987 = VECTOR('',#1988,1.);
#1988 = DIRECTION('',(0.280600582118,0.,-0.959824626333));
#1989 = ORIENTED_EDGE('',*,*,#1990,.F.);
#1990 = EDGE_CURVE('',#1991,#1983,#1993,.T.);
#1991 = VERTEX_POINT('',#1992);
#1992 = CARTESIAN_POINT('',(74.,190.58,35.04));
#1993 = LINE('',#1994,#1995);
#1994 = CARTESIAN_POINT('',(73.297025863706,190.58,41.883858778821));
#1995 = VECTOR('',#1996,1.);
#1996 = DIRECTION('',(0.102178442416,0.,-0.994766086025));
#1997 = ORIENTED_EDGE('',*,*,#1998,.F.);
#1998 = EDGE_CURVE('',#1999,#1991,#2001,.T.);
#1999 = VERTEX_POINT('',#2000);
#2000 = CARTESIAN_POINT('',(74.,190.58,39.54));
#2001 = LINE('',#2002,#2003);
#2002 = CARTESIAN_POINT('',(74.,190.58,35.415));
#2003 = VECTOR('',#2004,1.);
#2004 = DIRECTION('',(0.,0.,-1.));
#2005 = ORIENTED_EDGE('',*,*,#2006,.F.);
#2006 = EDGE_CURVE('',#2007,#1999,#2009,.T.);
#2007 = VERTEX_POINT('',#2008);
#2008 = CARTESIAN_POINT('',(-74.,190.58,39.54));
#2009 = LINE('',#2010,#2011);
#2010 = CARTESIAN_POINT('',(-78.,190.58,39.54));
#2011 = VECTOR('',#2012,1.);
#2012 = DIRECTION('',(1.,0.,-0.));
#2013 = ORIENTED_EDGE('',*,*,#2014,.F.);
#2014 = EDGE_CURVE('',#2015,#2007,#2017,.T.);
#2015 = VERTEX_POINT('',#2016);
#2016 = CARTESIAN_POINT('',(-74.,190.58,35.04));
#2017 = LINE('',#2018,#2019);
#2018 = CARTESIAN_POINT('',(-74.,190.58,35.415));
#2019 = VECTOR('',#2020,1.);
#2020 = DIRECTION('',(0.,-0.,1.));
#2021 = ORIENTED_EDGE('',*,*,#2022,.F.);
#2022 = EDGE_CURVE('',#2023,#2015,#2025,.T.);
#2023 = VERTEX_POINT('',#2024);
#2024 = CARTESIAN_POINT('',(-74.05706447187,190.58,34.484444444444));
#2025 = LINE('',#2026,#2027);
#2026 = CARTESIAN_POINT('',(-74.11137972308,190.58,33.955654138205));
#2027 = VECTOR('',#2028,1.);
#2028 = DIRECTION('',(0.102178442416,0.,0.994766086025));
#2029 = ORIENTED_EDGE('',*,*,#2030,.F.);
#2030 = EDGE_CURVE('',#2031,#2023,#2033,.T.);
#2031 = VERTEX_POINT('',#2032);
#2032 = CARTESIAN_POINT('',(-74.21947873799,190.58,33.928888888889));
#2033 = LINE('',#2034,#2035);
#2034 = CARTESIAN_POINT('',(-74.38007723725,190.58,33.379544360193));
#2035 = VECTOR('',#2036,1.);
#2036 = DIRECTION('',(0.280600582118,0.,0.959824626333));
#2037 = ORIENTED_EDGE('',*,*,#2038,.F.);
#2038 = EDGE_CURVE('',#2039,#2031,#2041,.T.);
#2039 = VERTEX_POINT('',#2040);
#2040 = CARTESIAN_POINT('',(-74.47407407407,190.58,33.373333333333));
#2041 = LINE('',#2042,#2043);
#2042 = CARTESIAN_POINT('',(-78.38506825761,190.58,24.839105723784));
#2043 = VECTOR('',#2044,1.);
#2044 = DIRECTION('',(0.416608335402,0.,0.909086076713));
#2045 = ORIENTED_EDGE('',*,*,#2046,.F.);
#2046 = EDGE_CURVE('',#2047,#2039,#2049,.T.);
#2047 = VERTEX_POINT('',#2048);
#2048 = CARTESIAN_POINT('',(-74.80768175583,190.58,32.817777777778));
#2049 = LINE('',#2050,#2051);
#2050 = CARTESIAN_POINT('',(-79.29989061083,190.58,25.336920103942));
#2051 = VECTOR('',#2052,1.);
#2052 = DIRECTION('',(0.514807016402,0.,0.857306092282));
#2053 = ORIENTED_EDGE('',*,*,#2054,.F.);
#2054 = EDGE_CURVE('',#2055,#2047,#2057,.T.);
#2055 = VERTEX_POINT('',#2056);
#2056 = CARTESIAN_POINT('',(-75.20713305898,190.58,32.262222222222));
#2057 = LINE('',#2058,#2059);
#2058 = CARTESIAN_POINT('',(-79.91110023916,190.58,25.719960175618));
#2059 = VECTOR('',#2060,1.);
#2060 = DIRECTION('',(0.583776486487,0.,0.811914412869));
#2061 = ORIENTED_EDGE('',*,*,#2062,.F.);
#2062 = EDGE_CURVE('',#2063,#2055,#2065,.T.);
#2063 = VERTEX_POINT('',#2064);
#2064 = CARTESIAN_POINT('',(-75.65925925925,190.58,31.706666666667));
#2065 = LINE('',#2066,#2067);
#2066 = CARTESIAN_POINT('',(-80.34690523441,190.58,25.946664785781));
#2067 = VECTOR('',#2068,1.);
#2068 = DIRECTION('',(0.631212461229,0.,0.77560997208));
#2069 = ORIENTED_EDGE('',*,*,#2070,.F.);
#2070 = EDGE_CURVE('',#2071,#2063,#2073,.T.);
#2071 = VERTEX_POINT('',#2072);
#2072 = CARTESIAN_POINT('',(-76.15089163237,190.58,31.151111111111));
#2073 = LINE('',#2074,#2075);
#2074 = CARTESIAN_POINT('',(-80.68997492962,190.58,26.02184566639));
#2075 = VECTOR('',#2076,1.);
#2076 = DIRECTION('',(0.662709521533,0.,0.748876551956));
#2077 = ORIENTED_EDGE('',*,*,#2078,.F.);
#2078 = EDGE_CURVE('',#2079,#2071,#2081,.T.);
#2079 = VERTEX_POINT('',#2080);
#2080 = CARTESIAN_POINT('',(-76.66886145404,190.58,30.595555555556));
#2081 = LINE('',#2082,#2083);
#2082 = CARTESIAN_POINT('',(-80.98760946907,190.58,25.963423812747));
#2083 = VECTOR('',#2084,1.);
#2084 = DIRECTION('',(0.681932082106,0.,0.731415501199));
#2085 = ORIENTED_EDGE('',*,*,#2086,.F.);
#2086 = EDGE_CURVE('',#2087,#2079,#2089,.T.);
#2087 = VERTEX_POINT('',#2088);
#2088 = CARTESIAN_POINT('',(-77.73113854595,190.58,29.484444444444));
#2089 = LINE('',#2090,#2091);
#2090 = CARTESIAN_POINT('',(-81.39696997765,190.58,25.65009080333));
#2091 = VECTOR('',#2092,1.);
#2092 = DIRECTION('',(0.691044328918,0.,0.722812379162));
#2093 = ORIENTED_EDGE('',*,*,#2094,.F.);
#2094 = EDGE_CURVE('',#2095,#2087,#2097,.T.);
#2095 = VERTEX_POINT('',#2096);
#2096 = CARTESIAN_POINT('',(-78.,190.58,29.196073446328));
#2097 = LINE('',#2098,#2099);
#2098 = CARTESIAN_POINT('',(-81.78477778031,190.58,25.136658719027));
#2099 = VECTOR('',#2100,1.);
#2100 = DIRECTION('',(0.681932082106,0.,0.731415501199));
#2101 = ORIENTED_EDGE('',*,*,#2102,.F.);
#2102 = EDGE_CURVE('',#2103,#2095,#2105,.T.);
#2103 = VERTEX_POINT('',#2104);
#2104 = CARTESIAN_POINT('',(-78.,190.58,19.883926553672));
#2105 = LINE('',#2106,#2107);
#2106 = CARTESIAN_POINT('',(-78.,190.58,14.));
#2107 = VECTOR('',#2108,1.);
#2108 = DIRECTION('',(0.,0.,1.));
#2109 = ORIENTED_EDGE('',*,*,#2110,.F.);
#2110 = EDGE_CURVE('',#1706,#2103,#2111,.T.);
#2111 = LINE('',#2112,#2113);
#2112 = CARTESIAN_POINT('',(-76.52768194851,190.58,18.304771863912));
#2113 = VECTOR('',#2114,1.);
#2114 = DIRECTION('',(-0.681932082106,-0.,0.731415501199));
#2115 = ORIENTED_EDGE('',*,*,#1715,.F.);
#2116 = ORIENTED_EDGE('',*,*,#317,.F.);
#2117 = ORIENTED_EDGE('',*,*,#357,.F.);
#2118 = ORIENTED_EDGE('',*,*,#381,.F.);
#2119 = ORIENTED_EDGE('',*,*,#405,.F.);
#2120 = ORIENTED_EDGE('',*,*,#429,.F.);
#2121 = ORIENTED_EDGE('',*,*,#453,.F.);
#2122 = ORIENTED_EDGE('',*,*,#477,.F.);
#2123 = ORIENTED_EDGE('',*,*,#501,.F.);
#2124 = PLANE('',#2125);
#2125 = AXIS2_PLACEMENT_3D('',#2126,#2127,#2128);
#2126 = CARTESIAN_POINT('',(7.618716980654E-15,190.58,33.462889838449));
#2127 = DIRECTION('',(-0.,-1.,-0.));
#2128 = DIRECTION('',(0.,0.,-1.));
#2129 = ADVANCED_FACE('',(#2130),#2164,.T.);
#2130 = FACE_BOUND('',#2131,.T.);
#2131 = EDGE_LOOP('',(#2132,#2133,#2141,#2149,#2157,#2163));
#2132 = ORIENTED_EDGE('',*,*,#534,.F.);
#2133 = ORIENTED_EDGE('',*,*,#2134,.F.);
#2134 = EDGE_CURVE('',#2135,#527,#2137,.T.);
#2135 = VERTEX_POINT('',#2136);
#2136 = CARTESIAN_POINT('',(-70.6,216.,14.));
#2137 = LINE('',#2138,#2139);
#2138 = CARTESIAN_POINT('',(-39.,216.,14.));
#2139 = VECTOR('',#2140,1.);
#2140 = DIRECTION('',(-1.,0.,0.));
#2141 = ORIENTED_EDGE('',*,*,#2142,.T.);
#2142 = EDGE_CURVE('',#2135,#2143,#2145,.T.);
#2143 = VERTEX_POINT('',#2144);
#2144 = CARTESIAN_POINT('',(-70.6,190.68,14.));
#2145 = LINE('',#2146,#2147);
#2146 = CARTESIAN_POINT('',(-70.6,190.63,14.));
#2147 = VECTOR('',#2148,1.);
#2148 = DIRECTION('',(0.,-1.,0.));
#2149 = ORIENTED_EDGE('',*,*,#2150,.F.);
#2150 = EDGE_CURVE('',#2151,#2143,#2153,.T.);
#2151 = VERTEX_POINT('',#2152);
#2152 = CARTESIAN_POINT('',(-70.4,190.68,14.));
#2153 = LINE('',#2154,#2155);
#2154 = CARTESIAN_POINT('',(-39.,190.68,14.));
#2155 = VECTOR('',#2156,1.);
#2156 = DIRECTION('',(-1.,0.,0.));
#2157 = ORIENTED_EDGE('',*,*,#2158,.F.);
#2158 = EDGE_CURVE('',#1731,#2151,#2159,.T.);
#2159 = LINE('',#2160,#2161);
#2160 = CARTESIAN_POINT('',(-70.4,190.58,14.));
#2161 = VECTOR('',#2162,1.);
#2162 = DIRECTION('',(-0.,1.,0.));
#2163 = ORIENTED_EDGE('',*,*,#1730,.F.);
#2164 = PLANE('',#2165);
#2165 = AXIS2_PLACEMENT_3D('',#2166,#2167,#2168);
#2166 = CARTESIAN_POINT('',(-72.28725017229,203.2027498277,14.));
#2167 = DIRECTION('',(-0.,-0.,-1.));
#2168 = DIRECTION('',(-1.,0.,0.));
#2169 = ADVANCED_FACE('',(#2170),#2197,.T.);
#2170 = FACE_BOUND('',#2171,.T.);
#2171 = EDGE_LOOP('',(#2172,#2173,#2174,#2182,#2190,#2196));
#2172 = ORIENTED_EDGE('',*,*,#526,.F.);
#2173 = ORIENTED_EDGE('',*,*,#622,.T.);
#2174 = ORIENTED_EDGE('',*,*,#2175,.T.);
#2175 = EDGE_CURVE('',#615,#2176,#2178,.T.);
#2176 = VERTEX_POINT('',#2177);
#2177 = CARTESIAN_POINT('',(-70.4,216.,13.8));
#2178 = LINE('',#2179,#2180);
#2179 = CARTESIAN_POINT('',(-70.4,216.,17.04));
#2180 = VECTOR('',#2181,1.);
#2181 = DIRECTION('',(0.,-0.,1.));
#2182 = ORIENTED_EDGE('',*,*,#2183,.T.);
#2183 = EDGE_CURVE('',#2176,#2184,#2186,.T.);
#2184 = VERTEX_POINT('',#2185);
#2185 = CARTESIAN_POINT('',(-70.6,216.,13.8));
#2186 = LINE('',#2187,#2188);
#2187 = CARTESIAN_POINT('',(-35.3,216.,13.8));
#2188 = VECTOR('',#2189,1.);
#2189 = DIRECTION('',(-1.,0.,0.));
#2190 = ORIENTED_EDGE('',*,*,#2191,.T.);
#2191 = EDGE_CURVE('',#2184,#2135,#2192,.T.);
#2192 = LINE('',#2193,#2194);
#2193 = CARTESIAN_POINT('',(-70.6,216.,19.17));
#2194 = VECTOR('',#2195,1.);
#2195 = DIRECTION('',(0.,-0.,1.));
#2196 = ORIENTED_EDGE('',*,*,#2134,.T.);
#2197 = PLANE('',#2198);
#2198 = AXIS2_PLACEMENT_3D('',#2199,#2200,#2201);
#2199 = CARTESIAN_POINT('',(0.,216.,24.54));
#2200 = DIRECTION('',(-0.,-1.,-0.));
#2201 = DIRECTION('',(0.,0.,-1.));
#2202 = ADVANCED_FACE('',(#2203),#2285,.T.);
#2203 = FACE_BOUND('',#2204,.T.);
#2204 = EDGE_LOOP('',(#2205,#2206,#2207,#2215,#2223,#2231,#2239,#2247,
    #2255,#2263,#2271,#2279));
#2205 = ORIENTED_EDGE('',*,*,#556,.F.);
#2206 = ORIENTED_EDGE('',*,*,#685,.T.);
#2207 = ORIENTED_EDGE('',*,*,#2208,.T.);
#2208 = EDGE_CURVE('',#678,#2209,#2211,.T.);
#2209 = VERTEX_POINT('',#2210);
#2210 = CARTESIAN_POINT('',(-70.4,228.015,39.54));
#2211 = LINE('',#2212,#2213);
#2212 = CARTESIAN_POINT('',(-106.,228.015,39.54));
#2213 = VECTOR('',#2214,1.);
#2214 = DIRECTION('',(1.,0.,-0.));
#2215 = ORIENTED_EDGE('',*,*,#2216,.T.);
#2216 = EDGE_CURVE('',#2209,#2217,#2219,.T.);
#2217 = VERTEX_POINT('',#2218);
#2218 = CARTESIAN_POINT('',(-70.4,228.015,14.2));
#2219 = LINE('',#2220,#2221);
#2220 = CARTESIAN_POINT('',(-70.4,228.015,20.07));
#2221 = VECTOR('',#2222,1.);
#2222 = DIRECTION('',(-0.,0.,-1.));
#2223 = ORIENTED_EDGE('',*,*,#2224,.T.);
#2224 = EDGE_CURVE('',#2217,#2225,#2227,.T.);
#2225 = VERTEX_POINT('',#2226);
#2226 = CARTESIAN_POINT('',(-70.2,228.015,14.2));
#2227 = LINE('',#2228,#2229);
#2228 = CARTESIAN_POINT('',(-70.6,228.015,14.2));
#2229 = VECTOR('',#2230,1.);
#2230 = DIRECTION('',(1.,0.,-0.));
#2231 = ORIENTED_EDGE('',*,*,#2232,.F.);
#2232 = EDGE_CURVE('',#2233,#2225,#2235,.T.);
#2233 = VERTEX_POINT('',#2234);
#2234 = CARTESIAN_POINT('',(-70.2,228.015,14.04));
#2235 = LINE('',#2236,#2237);
#2236 = CARTESIAN_POINT('',(-70.2,228.015,13.8));
#2237 = VECTOR('',#2238,1.);
#2238 = DIRECTION('',(0.,0.,1.));
#2239 = ORIENTED_EDGE('',*,*,#2240,.F.);
#2240 = EDGE_CURVE('',#2241,#2233,#2243,.T.);
#2241 = VERTEX_POINT('',#2242);
#2242 = CARTESIAN_POINT('',(70.2,228.015,14.04));
#2243 = LINE('',#2244,#2245);
#2244 = CARTESIAN_POINT('',(-130.,228.015,14.04));
#2245 = VECTOR('',#2246,1.);
#2246 = DIRECTION('',(-1.,-0.,0.));
#2247 = ORIENTED_EDGE('',*,*,#2248,.T.);
#2248 = EDGE_CURVE('',#2241,#2249,#2251,.T.);
#2249 = VERTEX_POINT('',#2250);
#2250 = CARTESIAN_POINT('',(70.2,228.015,14.2));
#2251 = LINE('',#2252,#2253);
#2252 = CARTESIAN_POINT('',(70.2,228.015,13.8));
#2253 = VECTOR('',#2254,1.);
#2254 = DIRECTION('',(0.,0.,1.));
#2255 = ORIENTED_EDGE('',*,*,#2256,.T.);
#2256 = EDGE_CURVE('',#2249,#2257,#2259,.T.);
#2257 = VERTEX_POINT('',#2258);
#2258 = CARTESIAN_POINT('',(70.4,228.015,14.2));
#2259 = LINE('',#2260,#2261);
#2260 = CARTESIAN_POINT('',(70.2,228.015,14.2));
#2261 = VECTOR('',#2262,1.);
#2262 = DIRECTION('',(1.,0.,-0.));
#2263 = ORIENTED_EDGE('',*,*,#2264,.T.);
#2264 = EDGE_CURVE('',#2257,#2265,#2267,.T.);
#2265 = VERTEX_POINT('',#2266);
#2266 = CARTESIAN_POINT('',(70.4,228.015,39.54));
#2267 = LINE('',#2268,#2269);
#2268 = CARTESIAN_POINT('',(70.4,228.015,14.));
#2269 = VECTOR('',#2270,1.);
#2270 = DIRECTION('',(0.,0.,1.));
#2271 = ORIENTED_EDGE('',*,*,#2272,.T.);
#2272 = EDGE_CURVE('',#2265,#2273,#2275,.T.);
#2273 = VERTEX_POINT('',#2274);
#2274 = CARTESIAN_POINT('',(106.,228.015,39.54));
#2275 = LINE('',#2276,#2277);
#2276 = CARTESIAN_POINT('',(-106.,228.015,39.54));
#2277 = VECTOR('',#2278,1.);
#2278 = DIRECTION('',(1.,0.,-0.));
#2279 = ORIENTED_EDGE('',*,*,#2280,.F.);
#2280 = EDGE_CURVE('',#559,#2273,#2281,.T.);
#2281 = LINE('',#2282,#2283);
#2282 = CARTESIAN_POINT('',(106.,228.015,-27.78357304216));
#2283 = VECTOR('',#2284,1.);
#2284 = DIRECTION('',(0.,-0.,1.));
#2285 = PLANE('',#2286);
#2286 = AXIS2_PLACEMENT_3D('',#2287,#2288,#2289);
#2287 = CARTESIAN_POINT('',(9.395606423274E-16,228.015,24.54));
#2288 = DIRECTION('',(0.,1.,0.));
#2289 = DIRECTION('',(0.,-0.,1.));
#2290 = ADVANCED_FACE('',(#2291),#2373,.T.);
#2291 = FACE_BOUND('',#2292,.T.);
#2292 = EDGE_LOOP('',(#2293,#2303,#2309,#2310,#2311,#2319,#2327,#2335,
    #2343,#2351,#2359,#2367));
#2293 = ORIENTED_EDGE('',*,*,#2294,.F.);
#2294 = EDGE_CURVE('',#2295,#2297,#2299,.T.);
#2295 = VERTEX_POINT('',#2296);
#2296 = CARTESIAN_POINT('',(106.,18.,14.04));
#2297 = VERTEX_POINT('',#2298);
#2298 = CARTESIAN_POINT('',(106.,219.8,14.04));
#2299 = LINE('',#2300,#2301);
#2300 = CARTESIAN_POINT('',(106.,-8.,14.04));
#2301 = VECTOR('',#2302,1.);
#2302 = DIRECTION('',(-0.,1.,0.));
#2303 = ORIENTED_EDGE('',*,*,#2304,.T.);
#2304 = EDGE_CURVE('',#2295,#567,#2305,.T.);
#2305 = LINE('',#2306,#2307);
#2306 = CARTESIAN_POINT('',(106.,18.,4.77));
#2307 = VECTOR('',#2308,1.);
#2308 = DIRECTION('',(-0.,0.,-1.));
#2309 = ORIENTED_EDGE('',*,*,#566,.T.);
#2310 = ORIENTED_EDGE('',*,*,#2280,.T.);
#2311 = ORIENTED_EDGE('',*,*,#2312,.F.);
#2312 = EDGE_CURVE('',#2313,#2273,#2315,.T.);
#2313 = VERTEX_POINT('',#2314);
#2314 = CARTESIAN_POINT('',(106.,-8.,39.54));
#2315 = LINE('',#2316,#2317);
#2316 = CARTESIAN_POINT('',(106.,216.,39.54));
#2317 = VECTOR('',#2318,1.);
#2318 = DIRECTION('',(-0.,1.,0.));
#2319 = ORIENTED_EDGE('',*,*,#2320,.F.);
#2320 = EDGE_CURVE('',#2321,#2313,#2323,.T.);
#2321 = VERTEX_POINT('',#2322);
#2322 = CARTESIAN_POINT('',(106.,-8.,35.04));
#2323 = LINE('',#2324,#2325);
#2324 = CARTESIAN_POINT('',(106.,-8.,35.04));
#2325 = VECTOR('',#2326,1.);
#2326 = DIRECTION('',(0.,0.,1.));
#2327 = ORIENTED_EDGE('',*,*,#2328,.T.);
#2328 = EDGE_CURVE('',#2321,#2329,#2331,.T.);
#2329 = VERTEX_POINT('',#2330);
#2330 = CARTESIAN_POINT('',(106.,0.,35.04));
#2331 = LINE('',#2332,#2333);
#2332 = CARTESIAN_POINT('',(106.,-8.,35.04));
#2333 = VECTOR('',#2334,1.);
#2334 = DIRECTION('',(-0.,1.,0.));
#2335 = ORIENTED_EDGE('',*,*,#2336,.F.);
#2336 = EDGE_CURVE('',#2337,#2329,#2339,.T.);
#2337 = VERTEX_POINT('',#2338);
#2338 = CARTESIAN_POINT('',(106.,0.,38.75));
#2339 = LINE('',#2340,#2341);
#2340 = CARTESIAN_POINT('',(106.,0.,24.587260291165));
#2341 = VECTOR('',#2342,1.);
#2342 = DIRECTION('',(0.,0.,-1.));
#2343 = ORIENTED_EDGE('',*,*,#2344,.F.);
#2344 = EDGE_CURVE('',#2345,#2337,#2347,.T.);
#2345 = VERTEX_POINT('',#2346);
#2346 = CARTESIAN_POINT('',(106.,20.,38.75));
#2347 = LINE('',#2348,#2349);
#2348 = CARTESIAN_POINT('',(106.,63.36765185743,38.75));
#2349 = VECTOR('',#2350,1.);
#2350 = DIRECTION('',(0.,-1.,0.));
#2351 = ORIENTED_EDGE('',*,*,#2352,.F.);
#2352 = EDGE_CURVE('',#2353,#2345,#2355,.T.);
#2353 = VERTEX_POINT('',#2354);
#2354 = CARTESIAN_POINT('',(106.,20.,35.04));
#2355 = LINE('',#2356,#2357);
#2356 = CARTESIAN_POINT('',(106.,20.,24.587260291165));
#2357 = VECTOR('',#2358,1.);
#2358 = DIRECTION('',(0.,0.,1.));
#2359 = ORIENTED_EDGE('',*,*,#2360,.T.);
#2360 = EDGE_CURVE('',#2353,#2361,#2363,.T.);
#2361 = VERTEX_POINT('',#2362);
#2362 = CARTESIAN_POINT('',(106.,219.8,35.04));
#2363 = LINE('',#2364,#2365);
#2364 = CARTESIAN_POINT('',(106.,-8.,35.04));
#2365 = VECTOR('',#2366,1.);
#2366 = DIRECTION('',(-0.,1.,0.));
#2367 = ORIENTED_EDGE('',*,*,#2368,.F.);
#2368 = EDGE_CURVE('',#2297,#2361,#2369,.T.);
#2369 = LINE('',#2370,#2371);
#2370 = CARTESIAN_POINT('',(106.,219.8,9.54));
#2371 = VECTOR('',#2372,1.);
#2372 = DIRECTION('',(0.,0.,1.));
#2373 = PLANE('',#2374);
#2374 = AXIS2_PLACEMENT_3D('',#2375,#2376,#2377);
#2375 = CARTESIAN_POINT('',(106.,126.73530371485,24.432853915663));
#2376 = DIRECTION('',(1.,0.,0.));
#2377 = DIRECTION('',(-0.,0.,1.));
#2378 = ADVANCED_FACE('',(#2379),#2557,.T.);
#2379 = FACE_BOUND('',#2380,.T.);
#2380 = EDGE_LOOP('',(#2381,#2391,#2399,#2407,#2415,#2423,#2431,#2439,
    #2447,#2455,#2463,#2471,#2479,#2485,#2486,#2487,#2495,#2503,#2511,
    #2519,#2527,#2535,#2543,#2551));
#2381 = ORIENTED_EDGE('',*,*,#2382,.F.);
#2382 = EDGE_CURVE('',#2383,#2385,#2387,.T.);
#2383 = VERTEX_POINT('',#2384);
#2384 = CARTESIAN_POINT('',(109.,18.,0.));
#2385 = VERTEX_POINT('',#2386);
#2386 = CARTESIAN_POINT('',(109.,18.,18.));
#2387 = LINE('',#2388,#2389);
#2388 = CARTESIAN_POINT('',(109.,18.,0.));
#2389 = VECTOR('',#2390,1.);
#2390 = DIRECTION('',(0.,0.,1.));
#2391 = ORIENTED_EDGE('',*,*,#2392,.F.);
#2392 = EDGE_CURVE('',#2393,#2383,#2395,.T.);
#2393 = VERTEX_POINT('',#2394);
#2394 = CARTESIAN_POINT('',(71.,18.,0.));
#2395 = LINE('',#2396,#2397);
#2396 = CARTESIAN_POINT('',(71.,18.,0.));
#2397 = VECTOR('',#2398,1.);
#2398 = DIRECTION('',(1.,0.,-0.));
#2399 = ORIENTED_EDGE('',*,*,#2400,.T.);
#2400 = EDGE_CURVE('',#2393,#2401,#2403,.T.);
#2401 = VERTEX_POINT('',#2402);
#2402 = CARTESIAN_POINT('',(71.,18.,18.));
#2403 = LINE('',#2404,#2405);
#2404 = CARTESIAN_POINT('',(71.,18.,0.));
#2405 = VECTOR('',#2406,1.);
#2406 = DIRECTION('',(0.,0.,1.));
#2407 = ORIENTED_EDGE('',*,*,#2408,.T.);
#2408 = EDGE_CURVE('',#2401,#2409,#2411,.T.);
#2409 = VERTEX_POINT('',#2410);
#2410 = CARTESIAN_POINT('',(76.217191769547,18.,18.));
#2411 = LINE('',#2412,#2413);
#2412 = CARTESIAN_POINT('',(71.,18.,18.));
#2413 = VECTOR('',#2414,1.);
#2414 = DIRECTION('',(1.,0.,-0.));
#2415 = ORIENTED_EDGE('',*,*,#2416,.F.);
#2416 = EDGE_CURVE('',#2417,#2409,#2419,.T.);
#2417 = VERTEX_POINT('',#2418);
#2418 = CARTESIAN_POINT('',(76.150891632373,18.,17.928888888889));
#2419 = LINE('',#2420,#2421);
#2420 = CARTESIAN_POINT('',(70.74096644724,18.,12.126400276657));
#2421 = VECTOR('',#2422,1.);
#2422 = DIRECTION('',(0.681932082106,0.,0.731415501199));
#2423 = ORIENTED_EDGE('',*,*,#2424,.F.);
#2424 = EDGE_CURVE('',#2425,#2417,#2427,.T.);
#2425 = VERTEX_POINT('',#2426);
#2426 = CARTESIAN_POINT('',(75.659259259259,18.,17.373333333333));
#2427 = LINE('',#2428,#2429);
#2428 = CARTESIAN_POINT('',(70.570854458194,18.,11.623322327665));
#2429 = VECTOR('',#2430,1.);
#2430 = DIRECTION('',(0.662709521533,0.,0.748876551956));
#2431 = ORIENTED_EDGE('',*,*,#2432,.F.);
#2432 = EDGE_CURVE('',#2433,#2425,#2435,.T.);
#2433 = VERTEX_POINT('',#2434);
#2434 = CARTESIAN_POINT('',(75.207133058985,18.,16.817777777778));
#2435 = LINE('',#2436,#2437);
#2436 = CARTESIAN_POINT('',(70.478294808051,18.,11.007160388129));
#2437 = VECTOR('',#2438,1.);
#2438 = DIRECTION('',(0.631212461229,0.,0.77560997208));
#2439 = ORIENTED_EDGE('',*,*,#2440,.F.);
#2440 = EDGE_CURVE('',#2441,#2433,#2443,.T.);
#2441 = VERTEX_POINT('',#2442);
#2442 = CARTESIAN_POINT('',(74.80768175583,18.,16.262222222222));
#2443 = LINE('',#2444,#2445);
#2444 = CARTESIAN_POINT('',(70.504632044323,18.,10.277554869337));
#2445 = VECTOR('',#2446,1.);
#2446 = DIRECTION('',(0.583776486487,0.,0.811914412869));
#2447 = ORIENTED_EDGE('',*,*,#2448,.F.);
#2448 = EDGE_CURVE('',#2449,#2441,#2451,.T.);
#2449 = VERTEX_POINT('',#2450);
#2450 = CARTESIAN_POINT('',(74.474074074074,18.,15.706666666667));
#2451 = LINE('',#2452,#2453);
#2452 = CARTESIAN_POINT('',(70.714470867693,18.,9.44581428762));
#2453 = VECTOR('',#2454,1.);
#2454 = DIRECTION('',(0.514807016402,0.,0.857306092282));
#2455 = ORIENTED_EDGE('',*,*,#2456,.F.);
#2456 = EDGE_CURVE('',#2457,#2449,#2459,.T.);
#2457 = VERTEX_POINT('',#2458);
#2458 = CARTESIAN_POINT('',(74.219478737997,18.,15.151111111111));
#2459 = LINE('',#2460,#2461);
#2460 = CARTESIAN_POINT('',(71.198274359957,18.,8.558504574978));
#2461 = VECTOR('',#2462,1.);
#2462 = DIRECTION('',(0.416608335402,0.,0.909086076713));
#2463 = ORIENTED_EDGE('',*,*,#2464,.F.);
#2464 = EDGE_CURVE('',#2465,#2457,#2467,.T.);
#2465 = VERTEX_POINT('',#2466);
#2466 = CARTESIAN_POINT('',(74.057064471879,18.,14.595555555556));
#2467 = LINE('',#2468,#2469);
#2468 = CARTESIAN_POINT('',(72.052428899583,18.,7.738482863158));
#2469 = VECTOR('',#2470,1.);
#2470 = DIRECTION('',(0.280600582118,0.,0.959824626333));
#2471 = ORIENTED_EDGE('',*,*,#2472,.F.);
#2472 = EDGE_CURVE('',#2473,#2465,#2475,.T.);
#2473 = VERTEX_POINT('',#2474);
#2474 = CARTESIAN_POINT('',(74.,18.,14.04));
#2475 = LINE('',#2476,#2477);
#2476 = CARTESIAN_POINT('',(73.299333167142,18.,7.218604151264));
#2477 = VECTOR('',#2478,1.);
#2478 = DIRECTION('',(0.102178442416,0.,0.994766086025));
#2479 = ORIENTED_EDGE('',*,*,#2480,.T.);
#2480 = EDGE_CURVE('',#2473,#575,#2481,.T.);
#2481 = LINE('',#2482,#2483);
#2482 = CARTESIAN_POINT('',(74.,18.,4.77));
#2483 = VECTOR('',#2484,1.);
#2484 = DIRECTION('',(-0.,0.,-1.));
#2485 = ORIENTED_EDGE('',*,*,#574,.T.);
#2486 = ORIENTED_EDGE('',*,*,#2304,.F.);
#2487 = ORIENTED_EDGE('',*,*,#2488,.T.);
#2488 = EDGE_CURVE('',#2295,#2489,#2491,.T.);
#2489 = VERTEX_POINT('',#2490);
#2490 = CARTESIAN_POINT('',(105.94293552812,18.,14.595555555556));
#2491 = LINE('',#2492,#2493);
#2492 = CARTESIAN_POINT('',(106.50229858506,18.,9.149833486799));
#2493 = VECTOR('',#2494,1.);
#2494 = DIRECTION('',(-0.102178442416,-0.,0.994766086025));
#2495 = ORIENTED_EDGE('',*,*,#2496,.T.);
#2496 = EDGE_CURVE('',#2489,#2497,#2499,.T.);
#2497 = VERTEX_POINT('',#2498);
#2498 = CARTESIAN_POINT('',(105.780521262,18.,15.151111111111));
#2499 = LINE('',#2500,#2501);
#2500 = CARTESIAN_POINT('',(106.4515740534,18.,12.855702491882));
#2501 = VECTOR('',#2502,1.);
#2502 = DIRECTION('',(-0.280600582118,-0.,0.959824626333));
#2503 = ORIENTED_EDGE('',*,*,#2504,.T.);
#2504 = EDGE_CURVE('',#2497,#2505,#2507,.T.);
#2505 = VERTEX_POINT('',#2506);
#2506 = CARTESIAN_POINT('',(105.52592592592,18.,15.706666666667));
#2507 = LINE('',#2508,#2509);
#2508 = CARTESIAN_POINT('',(105.50403804263,18.,15.754428480957));
#2509 = VECTOR('',#2510,1.);
#2510 = DIRECTION('',(-0.416608335402,-0.,0.909086076713));
#2511 = ORIENTED_EDGE('',*,*,#2512,.T.);
#2512 = EDGE_CURVE('',#2505,#2513,#2515,.T.);
#2513 = VERTEX_POINT('',#2514);
#2514 = CARTESIAN_POINT('',(105.19231824417,18.,16.262222222222));
#2515 = LINE('',#2516,#2517);
#2516 = CARTESIAN_POINT('',(104.2500301137,18.,17.831410926326));
#2517 = VECTOR('',#2518,1.);
#2518 = DIRECTION('',(-0.514807016402,-0.,0.857306092282));
#2519 = ORIENTED_EDGE('',*,*,#2520,.T.);
#2520 = EDGE_CURVE('',#2513,#2521,#2523,.T.);
#2521 = VERTEX_POINT('',#2522);
#2522 = CARTESIAN_POINT('',(104.79286694101,18.,16.817777777778));
#2523 = LINE('',#2524,#2525);
#2524 = CARTESIAN_POINT('',(103.02026321833,18.,19.283109191527));
#2525 = VECTOR('',#2526,1.);
#2526 = DIRECTION('',(-0.583776486487,-0.,0.811914412869));
#2527 = ORIENTED_EDGE('',*,*,#2528,.T.);
#2528 = EDGE_CURVE('',#2521,#2529,#2531,.T.);
#2529 = VERTEX_POINT('',#2530);
#2530 = CARTESIAN_POINT('',(104.34074074074,18.,17.373333333333));
#2531 = LINE('',#2532,#2533);
#2532 = CARTESIAN_POINT('',(101.95155093895,18.,20.309079297298));
#2533 = VECTOR('',#2534,1.);
#2534 = DIRECTION('',(-0.631212461229,-0.,0.77560997208));
#2535 = ORIENTED_EDGE('',*,*,#2536,.T.);
#2536 = EDGE_CURVE('',#2529,#2537,#2539,.T.);
#2537 = VERTEX_POINT('',#2538);
#2538 = CARTESIAN_POINT('',(103.84910836762,18.,17.928888888889));
#2539 = LINE('',#2540,#2541);
#2540 = CARTESIAN_POINT('',(101.08465125312,18.,21.052787134913));
#2541 = VECTOR('',#2542,1.);
#2542 = DIRECTION('',(-0.662709521533,-0.,0.748876551956));
#2543 = ORIENTED_EDGE('',*,*,#2544,.T.);
#2544 = EDGE_CURVE('',#2537,#2545,#2547,.T.);
#2545 = VERTEX_POINT('',#2546);
#2546 = CARTESIAN_POINT('',(103.78280823045,18.,18.));
#2547 = LINE('',#2548,#2549);
#2548 = CARTESIAN_POINT('',(100.42343762526,18.,21.603138493388));
#2549 = VECTOR('',#2550,1.);
#2550 = DIRECTION('',(-0.681932082106,-0.,0.731415501199));
#2551 = ORIENTED_EDGE('',*,*,#2552,.T.);
#2552 = EDGE_CURVE('',#2545,#2385,#2553,.T.);
#2553 = LINE('',#2554,#2555);
#2554 = CARTESIAN_POINT('',(71.,18.,18.));
#2555 = VECTOR('',#2556,1.);
#2556 = DIRECTION('',(1.,0.,-0.));
#2557 = PLANE('',#2558);
#2558 = AXIS2_PLACEMENT_3D('',#2559,#2560,#2561);
#2559 = CARTESIAN_POINT('',(71.,18.,0.));
#2560 = DIRECTION('',(-0.,1.,0.));
#2561 = DIRECTION('',(0.,0.,1.));
#2562 = ADVANCED_FACE('',(#2563),#2588,.T.);
#2563 = FACE_BOUND('',#2564,.T.);
#2564 = EDGE_LOOP('',(#2565,#2566,#2572,#2573,#2581,#2587));
#2565 = ORIENTED_EDGE('',*,*,#2480,.F.);
#2566 = ORIENTED_EDGE('',*,*,#2567,.T.);
#2567 = EDGE_CURVE('',#2473,#1823,#2568,.T.);
#2568 = LINE('',#2569,#2570);
#2569 = CARTESIAN_POINT('',(74.,-8.,14.04));
#2570 = VECTOR('',#2571,1.);
#2571 = DIRECTION('',(-0.,1.,0.));
#2572 = ORIENTED_EDGE('',*,*,#1822,.T.);
#2573 = ORIENTED_EDGE('',*,*,#2574,.T.);
#2574 = EDGE_CURVE('',#1815,#2575,#2577,.T.);
#2575 = VERTEX_POINT('',#2576);
#2576 = CARTESIAN_POINT('',(74.,216.,14.));
#2577 = LINE('',#2578,#2579);
#2578 = CARTESIAN_POINT('',(74.,153.79,14.));
#2579 = VECTOR('',#2580,1.);
#2580 = DIRECTION('',(0.,1.,0.));
#2581 = ORIENTED_EDGE('',*,*,#2582,.F.);
#2582 = EDGE_CURVE('',#583,#2575,#2583,.T.);
#2583 = LINE('',#2584,#2585);
#2584 = CARTESIAN_POINT('',(74.,216.,9.54));
#2585 = VECTOR('',#2586,1.);
#2586 = DIRECTION('',(0.,0.,1.));
#2587 = ORIENTED_EDGE('',*,*,#582,.F.);
#2588 = PLANE('',#2589);
#2589 = AXIS2_PLACEMENT_3D('',#2590,#2591,#2592);
#2590 = CARTESIAN_POINT('',(74.,117.,11.79));
#2591 = DIRECTION('',(-1.,-0.,-0.));
#2592 = DIRECTION('',(0.,0.,-1.));
#2593 = ADVANCED_FACE('',(#2594),#2628,.T.);
#2594 = FACE_BOUND('',#2595,.T.);
#2595 = EDGE_LOOP('',(#2596,#2604,#2605,#2606,#2614,#2622));
#2596 = ORIENTED_EDGE('',*,*,#2597,.F.);
#2597 = EDGE_CURVE('',#591,#2598,#2600,.T.);
#2598 = VERTEX_POINT('',#2599);
#2599 = CARTESIAN_POINT('',(70.4,216.,13.8));
#2600 = LINE('',#2601,#2602);
#2601 = CARTESIAN_POINT('',(70.4,216.,17.04));
#2602 = VECTOR('',#2603,1.);
#2603 = DIRECTION('',(0.,-0.,1.));
#2604 = ORIENTED_EDGE('',*,*,#590,.T.);
#2605 = ORIENTED_EDGE('',*,*,#2582,.T.);
#2606 = ORIENTED_EDGE('',*,*,#2607,.T.);
#2607 = EDGE_CURVE('',#2575,#2608,#2610,.T.);
#2608 = VERTEX_POINT('',#2609);
#2609 = CARTESIAN_POINT('',(70.6,216.,14.));
#2610 = LINE('',#2611,#2612);
#2611 = CARTESIAN_POINT('',(35.2,216.,14.));
#2612 = VECTOR('',#2613,1.);
#2613 = DIRECTION('',(-1.,0.,0.));
#2614 = ORIENTED_EDGE('',*,*,#2615,.F.);
#2615 = EDGE_CURVE('',#2616,#2608,#2618,.T.);
#2616 = VERTEX_POINT('',#2617);
#2617 = CARTESIAN_POINT('',(70.6,216.,13.8));
#2618 = LINE('',#2619,#2620);
#2619 = CARTESIAN_POINT('',(70.6,216.,19.17));
#2620 = VECTOR('',#2621,1.);
#2621 = DIRECTION('',(0.,-0.,1.));
#2622 = ORIENTED_EDGE('',*,*,#2623,.T.);
#2623 = EDGE_CURVE('',#2616,#2598,#2624,.T.);
#2624 = LINE('',#2625,#2626);
#2625 = CARTESIAN_POINT('',(35.1,216.,13.8));
#2626 = VECTOR('',#2627,1.);
#2627 = DIRECTION('',(-1.,0.,0.));
#2628 = PLANE('',#2629);
#2629 = AXIS2_PLACEMENT_3D('',#2630,#2631,#2632);
#2630 = CARTESIAN_POINT('',(0.,216.,24.54));
#2631 = DIRECTION('',(-0.,-1.,-0.));
#2632 = DIRECTION('',(0.,0.,-1.));
#2633 = ADVANCED_FACE('',(#2634),#2652,.T.);
#2634 = FACE_BOUND('',#2635,.T.);
#2635 = EDGE_LOOP('',(#2636,#2644,#2650,#2651));
#2636 = ORIENTED_EDGE('',*,*,#2637,.T.);
#2637 = EDGE_CURVE('',#2598,#2638,#2640,.T.);
#2638 = VERTEX_POINT('',#2639);
#2639 = CARTESIAN_POINT('',(70.4,190.68,13.8));
#2640 = LINE('',#2641,#2642);
#2641 = CARTESIAN_POINT('',(70.4,190.68,13.8));
#2642 = VECTOR('',#2643,1.);
#2643 = DIRECTION('',(0.,-1.,0.));
#2644 = ORIENTED_EDGE('',*,*,#2645,.F.);
#2645 = EDGE_CURVE('',#599,#2638,#2646,.T.);
#2646 = LINE('',#2647,#2648);
#2647 = CARTESIAN_POINT('',(70.4,190.68,9.54));
#2648 = VECTOR('',#2649,1.);
#2649 = DIRECTION('',(0.,0.,1.));
#2650 = ORIENTED_EDGE('',*,*,#598,.T.);
#2651 = ORIENTED_EDGE('',*,*,#2597,.T.);
#2652 = PLANE('',#2653);
#2653 = AXIS2_PLACEMENT_3D('',#2654,#2655,#2656);
#2654 = CARTESIAN_POINT('',(70.4,190.68,9.54));
#2655 = DIRECTION('',(1.,0.,-0.));
#2656 = DIRECTION('',(0.,0.,1.));
#2657 = ADVANCED_FACE('',(#2658),#2925,.T.);
#2658 = FACE_BOUND('',#2659,.T.);
#2659 = EDGE_LOOP('',(#2660,#2661,#2662,#2670,#2678,#2686,#2694,#2702,
    #2710,#2718,#2726,#2734,#2742,#2750,#2759,#2767,#2775,#2783,#2791,
    #2799,#2807,#2815,#2823,#2831,#2840,#2848,#2856,#2864,#2872,#2880,
    #2888,#2896,#2902,#2903,#2911,#2919));
#2660 = ORIENTED_EDGE('',*,*,#606,.T.);
#2661 = ORIENTED_EDGE('',*,*,#2645,.T.);
#2662 = ORIENTED_EDGE('',*,*,#2663,.T.);
#2663 = EDGE_CURVE('',#2638,#2664,#2666,.T.);
#2664 = VERTEX_POINT('',#2665);
#2665 = CARTESIAN_POINT('',(70.6,190.68,13.8));
#2666 = LINE('',#2667,#2668);
#2667 = CARTESIAN_POINT('',(70.2,190.68,13.8));
#2668 = VECTOR('',#2669,1.);
#2669 = DIRECTION('',(1.,0.,-0.));
#2670 = ORIENTED_EDGE('',*,*,#2671,.T.);
#2671 = EDGE_CURVE('',#2664,#2672,#2674,.T.);
#2672 = VERTEX_POINT('',#2673);
#2673 = CARTESIAN_POINT('',(70.6,190.68,14.));
#2674 = LINE('',#2675,#2676);
#2675 = CARTESIAN_POINT('',(70.6,190.68,13.8));
#2676 = VECTOR('',#2677,1.);
#2677 = DIRECTION('',(0.,0.,1.));
#2678 = ORIENTED_EDGE('',*,*,#2679,.T.);
#2679 = EDGE_CURVE('',#2672,#2680,#2682,.T.);
#2680 = VERTEX_POINT('',#2681);
#2681 = CARTESIAN_POINT('',(70.4,190.68,14.));
#2682 = LINE('',#2683,#2684);
#2683 = CARTESIAN_POINT('',(35.2,190.68,14.));
#2684 = VECTOR('',#2685,1.);
#2685 = DIRECTION('',(-1.,0.,0.));
#2686 = ORIENTED_EDGE('',*,*,#2687,.T.);
#2687 = EDGE_CURVE('',#2680,#2688,#2690,.T.);
#2688 = VERTEX_POINT('',#2689);
#2689 = CARTESIAN_POINT('',(70.4,190.68,14.2));
#2690 = LINE('',#2691,#2692);
#2691 = CARTESIAN_POINT('',(70.4,190.68,15.329498757697));
#2692 = VECTOR('',#2693,1.);
#2693 = DIRECTION('',(0.,-0.,1.));
#2694 = ORIENTED_EDGE('',*,*,#2695,.F.);
#2695 = EDGE_CURVE('',#2696,#2688,#2698,.T.);
#2696 = VERTEX_POINT('',#2697);
#2697 = CARTESIAN_POINT('',(70.2,190.68,14.2));
#2698 = LINE('',#2699,#2700);
#2699 = CARTESIAN_POINT('',(70.2,190.68,14.2));
#2700 = VECTOR('',#2701,1.);
#2701 = DIRECTION('',(1.,0.,-0.));
#2702 = ORIENTED_EDGE('',*,*,#2703,.F.);
#2703 = EDGE_CURVE('',#2704,#2696,#2706,.T.);
#2704 = VERTEX_POINT('',#2705);
#2705 = CARTESIAN_POINT('',(70.2,190.68,14.));
#2706 = LINE('',#2707,#2708);
#2707 = CARTESIAN_POINT('',(70.2,190.68,13.8));
#2708 = VECTOR('',#2709,1.);
#2709 = DIRECTION('',(0.,0.,1.));
#2710 = ORIENTED_EDGE('',*,*,#2711,.F.);
#2711 = EDGE_CURVE('',#2712,#2704,#2714,.T.);
#2712 = VERTEX_POINT('',#2713);
#2713 = CARTESIAN_POINT('',(53.35,190.68,14.));
#2714 = LINE('',#2715,#2716);
#2715 = CARTESIAN_POINT('',(-70.4,190.68,14.));
#2716 = VECTOR('',#2717,1.);
#2717 = DIRECTION('',(1.,0.,-0.));
#2718 = ORIENTED_EDGE('',*,*,#2719,.T.);
#2719 = EDGE_CURVE('',#2712,#2720,#2722,.T.);
#2720 = VERTEX_POINT('',#2721);
#2721 = CARTESIAN_POINT('',(53.35,190.68,20.35));
#2722 = LINE('',#2723,#2724);
#2723 = CARTESIAN_POINT('',(53.35,190.68,13.65));
#2724 = VECTOR('',#2725,1.);
#2725 = DIRECTION('',(0.,0.,1.));
#2726 = ORIENTED_EDGE('',*,*,#2727,.F.);
#2727 = EDGE_CURVE('',#2728,#2720,#2730,.T.);
#2728 = VERTEX_POINT('',#2729);
#2729 = CARTESIAN_POINT('',(53.,190.68,20.35));
#2730 = LINE('',#2731,#2732);
#2731 = CARTESIAN_POINT('',(30.65,190.68,20.35));
#2732 = VECTOR('',#2733,1.);
#2733 = DIRECTION('',(1.,0.,-0.));
#2734 = ORIENTED_EDGE('',*,*,#2735,.T.);
#2735 = EDGE_CURVE('',#2728,#2736,#2738,.T.);
#2736 = VERTEX_POINT('',#2737);
#2737 = CARTESIAN_POINT('',(53.,190.68,33.54));
#2738 = LINE('',#2739,#2740);
#2739 = CARTESIAN_POINT('',(53.,190.68,20.));
#2740 = VECTOR('',#2741,1.);
#2741 = DIRECTION('',(0.,0.,1.));
#2742 = ORIENTED_EDGE('',*,*,#2743,.T.);
#2743 = EDGE_CURVE('',#2736,#2744,#2746,.T.);
#2744 = VERTEX_POINT('',#2745);
#2745 = CARTESIAN_POINT('',(47.325260557006,190.68,33.54));
#2746 = LINE('',#2747,#2748);
#2747 = CARTESIAN_POINT('',(-23.5,190.68,33.54));
#2748 = VECTOR('',#2749,1.);
#2749 = DIRECTION('',(-1.,-0.,0.));
#2750 = ORIENTED_EDGE('',*,*,#2751,.T.);
#2751 = EDGE_CURVE('',#2744,#2752,#2754,.T.);
#2752 = VERTEX_POINT('',#2753);
#2753 = CARTESIAN_POINT('',(36.674739442994,190.68,33.54));
#2754 = CIRCLE('',#2755,5.9);
#2755 = AXIS2_PLACEMENT_3D('',#2756,#2757,#2758);
#2756 = CARTESIAN_POINT('',(42.,190.68,31.));
#2757 = DIRECTION('',(0.,1.,0.));
#2758 = DIRECTION('',(0.,-0.,1.));
#2759 = ORIENTED_EDGE('',*,*,#2760,.T.);
#2760 = EDGE_CURVE('',#2752,#2761,#2763,.T.);
#2761 = VERTEX_POINT('',#2762);
#2762 = CARTESIAN_POINT('',(31.,190.68,33.54));
#2763 = LINE('',#2764,#2765);
#2764 = CARTESIAN_POINT('',(-23.5,190.68,33.54));
#2765 = VECTOR('',#2766,1.);
#2766 = DIRECTION('',(-1.,-0.,0.));
#2767 = ORIENTED_EDGE('',*,*,#2768,.F.);
#2768 = EDGE_CURVE('',#2769,#2761,#2771,.T.);
#2769 = VERTEX_POINT('',#2770);
#2770 = CARTESIAN_POINT('',(31.,190.68,20.35));
#2771 = LINE('',#2772,#2773);
#2772 = CARTESIAN_POINT('',(31.,190.68,20.));
#2773 = VECTOR('',#2774,1.);
#2774 = DIRECTION('',(0.,0.,1.));
#2775 = ORIENTED_EDGE('',*,*,#2776,.F.);
#2776 = EDGE_CURVE('',#2777,#2769,#2779,.T.);
#2777 = VERTEX_POINT('',#2778);
#2778 = CARTESIAN_POINT('',(30.65,190.68,20.35));
#2779 = LINE('',#2780,#2781);
#2780 = CARTESIAN_POINT('',(30.65,190.68,20.35));
#2781 = VECTOR('',#2782,1.);
#2782 = DIRECTION('',(1.,0.,-0.));
#2783 = ORIENTED_EDGE('',*,*,#2784,.F.);
#2784 = EDGE_CURVE('',#2785,#2777,#2787,.T.);
#2785 = VERTEX_POINT('',#2786);
#2786 = CARTESIAN_POINT('',(30.65,190.68,14.));
#2787 = LINE('',#2788,#2789);
#2788 = CARTESIAN_POINT('',(30.65,190.68,13.65));
#2789 = VECTOR('',#2790,1.);
#2790 = DIRECTION('',(0.,0.,1.));
#2791 = ORIENTED_EDGE('',*,*,#2792,.F.);
#2792 = EDGE_CURVE('',#2793,#2785,#2795,.T.);
#2793 = VERTEX_POINT('',#2794);
#2794 = CARTESIAN_POINT('',(-30.65,190.68,14.));
#2795 = LINE('',#2796,#2797);
#2796 = CARTESIAN_POINT('',(-70.4,190.68,14.));
#2797 = VECTOR('',#2798,1.);
#2798 = DIRECTION('',(1.,0.,-0.));
#2799 = ORIENTED_EDGE('',*,*,#2800,.T.);
#2800 = EDGE_CURVE('',#2793,#2801,#2803,.T.);
#2801 = VERTEX_POINT('',#2802);
#2802 = CARTESIAN_POINT('',(-30.65,190.68,20.35));
#2803 = LINE('',#2804,#2805);
#2804 = CARTESIAN_POINT('',(-30.65,190.68,13.65));
#2805 = VECTOR('',#2806,1.);
#2806 = DIRECTION('',(0.,0.,1.));
#2807 = ORIENTED_EDGE('',*,*,#2808,.F.);
#2808 = EDGE_CURVE('',#2809,#2801,#2811,.T.);
#2809 = VERTEX_POINT('',#2810);
#2810 = CARTESIAN_POINT('',(-31.,190.68,20.35));
#2811 = LINE('',#2812,#2813);
#2812 = CARTESIAN_POINT('',(-53.35,190.68,20.35));
#2813 = VECTOR('',#2814,1.);
#2814 = DIRECTION('',(1.,0.,-0.));
#2815 = ORIENTED_EDGE('',*,*,#2816,.T.);
#2816 = EDGE_CURVE('',#2809,#2817,#2819,.T.);
#2817 = VERTEX_POINT('',#2818);
#2818 = CARTESIAN_POINT('',(-31.,190.68,33.54));
#2819 = LINE('',#2820,#2821);
#2820 = CARTESIAN_POINT('',(-31.,190.68,20.));
#2821 = VECTOR('',#2822,1.);
#2822 = DIRECTION('',(0.,0.,1.));
#2823 = ORIENTED_EDGE('',*,*,#2824,.T.);
#2824 = EDGE_CURVE('',#2817,#2825,#2827,.T.);
#2825 = VERTEX_POINT('',#2826);
#2826 = CARTESIAN_POINT('',(-36.67473944299,190.68,33.54));
#2827 = LINE('',#2828,#2829);
#2828 = CARTESIAN_POINT('',(-65.5,190.68,33.54));
#2829 = VECTOR('',#2830,1.);
#2830 = DIRECTION('',(-1.,-0.,0.));
#2831 = ORIENTED_EDGE('',*,*,#2832,.T.);
#2832 = EDGE_CURVE('',#2825,#2833,#2835,.T.);
#2833 = VERTEX_POINT('',#2834);
#2834 = CARTESIAN_POINT('',(-47.325260557,190.68,33.54));
#2835 = CIRCLE('',#2836,5.9);
#2836 = AXIS2_PLACEMENT_3D('',#2837,#2838,#2839);
#2837 = CARTESIAN_POINT('',(-42.,190.68,31.));
#2838 = DIRECTION('',(0.,1.,0.));
#2839 = DIRECTION('',(0.,-0.,1.));
#2840 = ORIENTED_EDGE('',*,*,#2841,.T.);
#2841 = EDGE_CURVE('',#2833,#2842,#2844,.T.);
#2842 = VERTEX_POINT('',#2843);
#2843 = CARTESIAN_POINT('',(-53.,190.68,33.54));
#2844 = LINE('',#2845,#2846);
#2845 = CARTESIAN_POINT('',(-65.5,190.68,33.54));
#2846 = VECTOR('',#2847,1.);
#2847 = DIRECTION('',(-1.,-0.,0.));
#2848 = ORIENTED_EDGE('',*,*,#2849,.F.);
#2849 = EDGE_CURVE('',#2850,#2842,#2852,.T.);
#2850 = VERTEX_POINT('',#2851);
#2851 = CARTESIAN_POINT('',(-53.,190.68,20.35));
#2852 = LINE('',#2853,#2854);
#2853 = CARTESIAN_POINT('',(-53.,190.68,20.));
#2854 = VECTOR('',#2855,1.);
#2855 = DIRECTION('',(0.,0.,1.));
#2856 = ORIENTED_EDGE('',*,*,#2857,.F.);
#2857 = EDGE_CURVE('',#2858,#2850,#2860,.T.);
#2858 = VERTEX_POINT('',#2859);
#2859 = CARTESIAN_POINT('',(-53.35,190.68,20.35));
#2860 = LINE('',#2861,#2862);
#2861 = CARTESIAN_POINT('',(-53.35,190.68,20.35));
#2862 = VECTOR('',#2863,1.);
#2863 = DIRECTION('',(1.,0.,-0.));
#2864 = ORIENTED_EDGE('',*,*,#2865,.F.);
#2865 = EDGE_CURVE('',#2866,#2858,#2868,.T.);
#2866 = VERTEX_POINT('',#2867);
#2867 = CARTESIAN_POINT('',(-53.35,190.68,14.));
#2868 = LINE('',#2869,#2870);
#2869 = CARTESIAN_POINT('',(-53.35,190.68,13.65));
#2870 = VECTOR('',#2871,1.);
#2871 = DIRECTION('',(0.,0.,1.));
#2872 = ORIENTED_EDGE('',*,*,#2873,.F.);
#2873 = EDGE_CURVE('',#2874,#2866,#2876,.T.);
#2874 = VERTEX_POINT('',#2875);
#2875 = CARTESIAN_POINT('',(-70.2,190.68,14.));
#2876 = LINE('',#2877,#2878);
#2877 = CARTESIAN_POINT('',(-70.4,190.68,14.));
#2878 = VECTOR('',#2879,1.);
#2879 = DIRECTION('',(1.,0.,-0.));
#2880 = ORIENTED_EDGE('',*,*,#2881,.T.);
#2881 = EDGE_CURVE('',#2874,#2882,#2884,.T.);
#2882 = VERTEX_POINT('',#2883);
#2883 = CARTESIAN_POINT('',(-70.2,190.68,14.2));
#2884 = LINE('',#2885,#2886);
#2885 = CARTESIAN_POINT('',(-70.2,190.68,13.8));
#2886 = VECTOR('',#2887,1.);
#2887 = DIRECTION('',(0.,0.,1.));
#2888 = ORIENTED_EDGE('',*,*,#2889,.F.);
#2889 = EDGE_CURVE('',#2890,#2882,#2892,.T.);
#2890 = VERTEX_POINT('',#2891);
#2891 = CARTESIAN_POINT('',(-70.4,190.68,14.2));
#2892 = LINE('',#2893,#2894);
#2893 = CARTESIAN_POINT('',(-70.6,190.68,14.2));
#2894 = VECTOR('',#2895,1.);
#2895 = DIRECTION('',(1.,0.,-0.));
#2896 = ORIENTED_EDGE('',*,*,#2897,.F.);
#2897 = EDGE_CURVE('',#2151,#2890,#2898,.T.);
#2898 = LINE('',#2899,#2900);
#2899 = CARTESIAN_POINT('',(-70.4,190.68,15.329498757697));
#2900 = VECTOR('',#2901,1.);
#2901 = DIRECTION('',(0.,-0.,1.));
#2902 = ORIENTED_EDGE('',*,*,#2150,.T.);
#2903 = ORIENTED_EDGE('',*,*,#2904,.F.);
#2904 = EDGE_CURVE('',#2905,#2143,#2907,.T.);
#2905 = VERTEX_POINT('',#2906);
#2906 = CARTESIAN_POINT('',(-70.6,190.68,13.8));
#2907 = LINE('',#2908,#2909);
#2908 = CARTESIAN_POINT('',(-70.6,190.68,13.8));
#2909 = VECTOR('',#2910,1.);
#2910 = DIRECTION('',(0.,0.,1.));
#2911 = ORIENTED_EDGE('',*,*,#2912,.T.);
#2912 = EDGE_CURVE('',#2905,#2913,#2915,.T.);
#2913 = VERTEX_POINT('',#2914);
#2914 = CARTESIAN_POINT('',(-70.4,190.68,13.8));
#2915 = LINE('',#2916,#2917);
#2916 = CARTESIAN_POINT('',(-70.6,190.68,13.8));
#2917 = VECTOR('',#2918,1.);
#2918 = DIRECTION('',(1.,0.,-0.));
#2919 = ORIENTED_EDGE('',*,*,#2920,.F.);
#2920 = EDGE_CURVE('',#607,#2913,#2921,.T.);
#2921 = LINE('',#2922,#2923);
#2922 = CARTESIAN_POINT('',(-70.4,190.68,9.54));
#2923 = VECTOR('',#2924,1.);
#2924 = DIRECTION('',(0.,0.,1.));
#2925 = PLANE('',#2926);
#2926 = AXIS2_PLACEMENT_3D('',#2927,#2928,#2929);
#2927 = CARTESIAN_POINT('',(7.675734425409E-16,190.68,16.658997515394));
#2928 = DIRECTION('',(-0.,-1.,-0.));
#2929 = DIRECTION('',(0.,0.,-1.));
#2930 = ADVANCED_FACE('',(#2931),#2942,.F.);
#2931 = FACE_BOUND('',#2932,.F.);
#2932 = EDGE_LOOP('',(#2933,#2939,#2940,#2941));
#2933 = ORIENTED_EDGE('',*,*,#2934,.T.);
#2934 = EDGE_CURVE('',#2176,#2913,#2935,.T.);
#2935 = LINE('',#2936,#2937);
#2936 = CARTESIAN_POINT('',(-70.4,190.68,13.8));
#2937 = VECTOR('',#2938,1.);
#2938 = DIRECTION('',(0.,-1.,0.));
#2939 = ORIENTED_EDGE('',*,*,#2920,.F.);
#2940 = ORIENTED_EDGE('',*,*,#614,.T.);
#2941 = ORIENTED_EDGE('',*,*,#2175,.T.);
#2942 = PLANE('',#2943);
#2943 = AXIS2_PLACEMENT_3D('',#2944,#2945,#2946);
#2944 = CARTESIAN_POINT('',(-70.4,190.68,9.54));
#2945 = DIRECTION('',(1.,0.,-0.));
#2946 = DIRECTION('',(0.,0.,1.));
#2947 = ADVANCED_FACE('',(#2948,#2998,#3160),#3322,.T.);
#2948 = FACE_BOUND('',#2949,.T.);
#2949 = EDGE_LOOP('',(#2950,#2951,#2957,#2958,#2966,#2972,#2973,#2974,
    #2982,#2990,#2996,#2997));
#2950 = ORIENTED_EDGE('',*,*,#1425,.T.);
#2951 = ORIENTED_EDGE('',*,*,#2952,.T.);
#2952 = EDGE_CURVE('',#1418,#2007,#2953,.T.);
#2953 = LINE('',#2954,#2955);
#2954 = CARTESIAN_POINT('',(-74.,-8.,39.54));
#2955 = VECTOR('',#2956,1.);
#2956 = DIRECTION('',(-0.,1.,0.));
#2957 = ORIENTED_EDGE('',*,*,#2006,.T.);
#2958 = ORIENTED_EDGE('',*,*,#2959,.F.);
#2959 = EDGE_CURVE('',#2960,#1999,#2962,.T.);
#2960 = VERTEX_POINT('',#2961);
#2961 = CARTESIAN_POINT('',(74.,-8.,39.54));
#2962 = LINE('',#2963,#2964);
#2963 = CARTESIAN_POINT('',(74.,-8.,39.54));
#2964 = VECTOR('',#2965,1.);
#2965 = DIRECTION('',(-0.,1.,0.));
#2966 = ORIENTED_EDGE('',*,*,#2967,.T.);
#2967 = EDGE_CURVE('',#2960,#2313,#2968,.T.);
#2968 = LINE('',#2969,#2970);
#2969 = CARTESIAN_POINT('',(74.,-8.,39.54));
#2970 = VECTOR('',#2971,1.);
#2971 = DIRECTION('',(1.,0.,-0.));
#2972 = ORIENTED_EDGE('',*,*,#2312,.T.);
#2973 = ORIENTED_EDGE('',*,*,#2272,.F.);
#2974 = ORIENTED_EDGE('',*,*,#2975,.F.);
#2975 = EDGE_CURVE('',#2976,#2265,#2978,.T.);
#2976 = VERTEX_POINT('',#2977);
#2977 = CARTESIAN_POINT('',(70.4,214.315,39.54));
#2978 = LINE('',#2979,#2980);
#2979 = CARTESIAN_POINT('',(70.4,170.65033424129,39.54));
#2980 = VECTOR('',#2981,1.);
#2981 = DIRECTION('',(-0.,1.,0.));
#2982 = ORIENTED_EDGE('',*,*,#2983,.T.);
#2983 = EDGE_CURVE('',#2976,#2984,#2986,.T.);
#2984 = VERTEX_POINT('',#2985);
#2985 = CARTESIAN_POINT('',(-70.4,214.315,39.54));
#2986 = LINE('',#2987,#2988);
#2987 = CARTESIAN_POINT('',(-35.2,214.315,39.54));
#2988 = VECTOR('',#2989,1.);
#2989 = DIRECTION('',(-1.,-0.,0.));
#2990 = ORIENTED_EDGE('',*,*,#2991,.T.);
#2991 = EDGE_CURVE('',#2984,#2209,#2992,.T.);
#2992 = LINE('',#2993,#2994);
#2993 = CARTESIAN_POINT('',(-70.4,170.65033424129,39.54));
#2994 = VECTOR('',#2995,1.);
#2995 = DIRECTION('',(-0.,1.,0.));
#2996 = ORIENTED_EDGE('',*,*,#2208,.F.);
#2997 = ORIENTED_EDGE('',*,*,#677,.F.);
#2998 = FACE_BOUND('',#2999,.T.);
#2999 = EDGE_LOOP('',(#3000,#3010,#3018,#3026,#3034,#3042,#3050,#3058,
    #3066,#3074,#3082,#3090,#3098,#3106,#3114,#3122,#3130,#3138,#3146,
    #3154));
#3000 = ORIENTED_EDGE('',*,*,#3001,.F.);
#3001 = EDGE_CURVE('',#3002,#3004,#3006,.T.);
#3002 = VERTEX_POINT('',#3003);
#3003 = CARTESIAN_POINT('',(-33.65,198.065,39.54));
#3004 = VERTEX_POINT('',#3005);
#3005 = CARTESIAN_POINT('',(-33.65,204.54413835771,39.54));
#3006 = LINE('',#3007,#3008);
#3007 = CARTESIAN_POINT('',(-33.65,162.52533424129,39.54));
#3008 = VECTOR('',#3009,1.);
#3009 = DIRECTION('',(-0.,1.,0.));
#3010 = ORIENTED_EDGE('',*,*,#3011,.T.);
#3011 = EDGE_CURVE('',#3002,#3012,#3014,.T.);
#3012 = VERTEX_POINT('',#3013);
#3013 = CARTESIAN_POINT('',(-50.35,198.065,39.54));
#3014 = LINE('',#3015,#3016);
#3015 = CARTESIAN_POINT('',(-25.175,198.065,39.54));
#3016 = VECTOR('',#3017,1.);
#3017 = DIRECTION('',(-1.,-0.,0.));
#3018 = ORIENTED_EDGE('',*,*,#3019,.T.);
#3019 = EDGE_CURVE('',#3012,#3020,#3022,.T.);
#3020 = VERTEX_POINT('',#3021);
#3021 = CARTESIAN_POINT('',(-50.35,204.54413835771,39.54));
#3022 = LINE('',#3023,#3024);
#3023 = CARTESIAN_POINT('',(-50.35,162.52533424129,39.54));
#3024 = VECTOR('',#3025,1.);
#3025 = DIRECTION('',(-0.,1.,0.));
#3026 = ORIENTED_EDGE('',*,*,#3027,.F.);
#3027 = EDGE_CURVE('',#3028,#3020,#3030,.T.);
#3028 = VERTEX_POINT('',#3029);
#3029 = CARTESIAN_POINT('',(-53.,204.54413835771,39.54));
#3030 = LINE('',#3031,#3032);
#3031 = CARTESIAN_POINT('',(-54.,204.54413835771,39.54));
#3032 = VECTOR('',#3033,1.);
#3033 = DIRECTION('',(1.,0.,0.));
#3034 = ORIENTED_EDGE('',*,*,#3035,.F.);
#3035 = EDGE_CURVE('',#3036,#3028,#3038,.T.);
#3036 = VERTEX_POINT('',#3037);
#3037 = CARTESIAN_POINT('',(-53.,202.17912299368,39.54));
#3038 = LINE('',#3039,#3040);
#3039 = CARTESIAN_POINT('',(-53.,166.20033424129,39.54));
#3040 = VECTOR('',#3041,1.);
#3041 = DIRECTION('',(0.,1.,0.));
#3042 = ORIENTED_EDGE('',*,*,#3043,.F.);
#3043 = EDGE_CURVE('',#3044,#3036,#3046,.T.);
#3044 = VERTEX_POINT('',#3045);
#3045 = CARTESIAN_POINT('',(-56.,202.17912299368,39.54));
#3046 = LINE('',#3047,#3048);
#3047 = CARTESIAN_POINT('',(-56.,202.17912299368,39.54));
#3048 = VECTOR('',#3049,1.);
#3049 = DIRECTION('',(1.,0.,0.));
#3050 = ORIENTED_EDGE('',*,*,#3051,.T.);
#3051 = EDGE_CURVE('',#3044,#3052,#3054,.T.);
#3052 = VERTEX_POINT('',#3053);
#3053 = CARTESIAN_POINT('',(-56.,208.65087700631,39.54));
#3054 = LINE('',#3055,#3056);
#3055 = CARTESIAN_POINT('',(-56.,166.20033424129,39.54));
#3056 = VECTOR('',#3057,1.);
#3057 = DIRECTION('',(0.,1.,0.));
#3058 = ORIENTED_EDGE('',*,*,#3059,.T.);
#3059 = EDGE_CURVE('',#3052,#3060,#3062,.T.);
#3060 = VERTEX_POINT('',#3061);
#3061 = CARTESIAN_POINT('',(-53.,208.65087700631,39.54));
#3062 = LINE('',#3063,#3064);
#3063 = CARTESIAN_POINT('',(-56.,208.65087700631,39.54));
#3064 = VECTOR('',#3065,1.);
#3065 = DIRECTION('',(1.,0.,0.));
#3066 = ORIENTED_EDGE('',*,*,#3067,.F.);
#3067 = EDGE_CURVE('',#3068,#3060,#3070,.T.);
#3068 = VERTEX_POINT('',#3069);
#3069 = CARTESIAN_POINT('',(-53.,206.28586164228,39.54));
#3070 = LINE('',#3071,#3072);
#3071 = CARTESIAN_POINT('',(-53.,166.20033424129,39.54));
#3072 = VECTOR('',#3073,1.);
#3073 = DIRECTION('',(0.,1.,0.));
#3074 = ORIENTED_EDGE('',*,*,#3075,.T.);
#3075 = EDGE_CURVE('',#3068,#3076,#3078,.T.);
#3076 = VERTEX_POINT('',#3077);
#3077 = CARTESIAN_POINT('',(-50.35,206.28586164228,39.54));
#3078 = LINE('',#3079,#3080);
#3079 = CARTESIAN_POINT('',(-54.,206.28586164228,39.54));
#3080 = VECTOR('',#3081,1.);
#3081 = DIRECTION('',(1.,0.,0.));
#3082 = ORIENTED_EDGE('',*,*,#3083,.T.);
#3083 = EDGE_CURVE('',#3076,#3084,#3086,.T.);
#3084 = VERTEX_POINT('',#3085);
#3085 = CARTESIAN_POINT('',(-50.35,212.765,39.54));
#3086 = LINE('',#3087,#3088);
#3087 = CARTESIAN_POINT('',(-50.35,162.52533424129,39.54));
#3088 = VECTOR('',#3089,1.);
#3089 = DIRECTION('',(-0.,1.,0.));
#3090 = ORIENTED_EDGE('',*,*,#3091,.F.);
#3091 = EDGE_CURVE('',#3092,#3084,#3094,.T.);
#3092 = VERTEX_POINT('',#3093);
#3093 = CARTESIAN_POINT('',(-33.65,212.765,39.54));
#3094 = LINE('',#3095,#3096);
#3095 = CARTESIAN_POINT('',(-25.175,212.765,39.54));
#3096 = VECTOR('',#3097,1.);
#3097 = DIRECTION('',(-1.,-0.,0.));
#3098 = ORIENTED_EDGE('',*,*,#3099,.F.);
#3099 = EDGE_CURVE('',#3100,#3092,#3102,.T.);
#3100 = VERTEX_POINT('',#3101);
#3101 = CARTESIAN_POINT('',(-33.65,206.28586164228,39.54));
#3102 = LINE('',#3103,#3104);
#3103 = CARTESIAN_POINT('',(-33.65,162.52533424129,39.54));
#3104 = VECTOR('',#3105,1.);
#3105 = DIRECTION('',(-0.,1.,0.));
#3106 = ORIENTED_EDGE('',*,*,#3107,.T.);
#3107 = EDGE_CURVE('',#3100,#3108,#3110,.T.);
#3108 = VERTEX_POINT('',#3109);
#3109 = CARTESIAN_POINT('',(-31.,206.28586164228,39.54));
#3110 = LINE('',#3111,#3112);
#3111 = CARTESIAN_POINT('',(-54.,206.28586164228,39.54));
#3112 = VECTOR('',#3113,1.);
#3113 = DIRECTION('',(1.,0.,0.));
#3114 = ORIENTED_EDGE('',*,*,#3115,.T.);
#3115 = EDGE_CURVE('',#3108,#3116,#3118,.T.);
#3116 = VERTEX_POINT('',#3117);
#3117 = CARTESIAN_POINT('',(-31.,209.24624000814,39.54));
#3118 = LINE('',#3119,#3120);
#3119 = CARTESIAN_POINT('',(-31.,166.20033424129,39.54));
#3120 = VECTOR('',#3121,1.);
#3121 = DIRECTION('',(0.,1.,0.));
#3122 = ORIENTED_EDGE('',*,*,#3123,.T.);
#3123 = EDGE_CURVE('',#3116,#3124,#3126,.T.);
#3124 = VERTEX_POINT('',#3125);
#3125 = CARTESIAN_POINT('',(-27.,209.24624000814,39.54));
#3126 = LINE('',#3127,#3128);
#3127 = CARTESIAN_POINT('',(-31.,209.24624000814,39.54));
#3128 = VECTOR('',#3129,1.);
#3129 = DIRECTION('',(1.,0.,0.));
#3130 = ORIENTED_EDGE('',*,*,#3131,.F.);
#3131 = EDGE_CURVE('',#3132,#3124,#3134,.T.);
#3132 = VERTEX_POINT('',#3133);
#3133 = CARTESIAN_POINT('',(-27.,201.58375999185,39.54));
#3134 = LINE('',#3135,#3136);
#3135 = CARTESIAN_POINT('',(-27.,166.20033424129,39.54));
#3136 = VECTOR('',#3137,1.);
#3137 = DIRECTION('',(0.,1.,0.));
#3138 = ORIENTED_EDGE('',*,*,#3139,.F.);
#3139 = EDGE_CURVE('',#3140,#3132,#3142,.T.);
#3140 = VERTEX_POINT('',#3141);
#3141 = CARTESIAN_POINT('',(-31.,201.58375999185,39.54));
#3142 = LINE('',#3143,#3144);
#3143 = CARTESIAN_POINT('',(-31.,201.58375999185,39.54));
#3144 = VECTOR('',#3145,1.);
#3145 = DIRECTION('',(1.,0.,0.));
#3146 = ORIENTED_EDGE('',*,*,#3147,.T.);
#3147 = EDGE_CURVE('',#3140,#3148,#3150,.T.);
#3148 = VERTEX_POINT('',#3149);
#3149 = CARTESIAN_POINT('',(-31.,204.54413835771,39.54));
#3150 = LINE('',#3151,#3152);
#3151 = CARTESIAN_POINT('',(-31.,166.20033424129,39.54));
#3152 = VECTOR('',#3153,1.);
#3153 = DIRECTION('',(0.,1.,0.));
#3154 = ORIENTED_EDGE('',*,*,#3155,.F.);
#3155 = EDGE_CURVE('',#3004,#3148,#3156,.T.);
#3156 = LINE('',#3157,#3158);
#3157 = CARTESIAN_POINT('',(-54.,204.54413835771,39.54));
#3158 = VECTOR('',#3159,1.);
#3159 = DIRECTION('',(1.,0.,0.));
#3160 = FACE_BOUND('',#3161,.T.);
#3161 = EDGE_LOOP('',(#3162,#3172,#3180,#3188,#3196,#3204,#3212,#3220,
    #3228,#3236,#3244,#3252,#3260,#3268,#3276,#3284,#3292,#3300,#3308,
    #3316));
#3162 = ORIENTED_EDGE('',*,*,#3163,.F.);
#3163 = EDGE_CURVE('',#3164,#3166,#3168,.T.);
#3164 = VERTEX_POINT('',#3165);
#3165 = CARTESIAN_POINT('',(50.35,198.065,39.54));
#3166 = VERTEX_POINT('',#3167);
#3167 = CARTESIAN_POINT('',(50.35,204.54413835771,39.54));
#3168 = LINE('',#3169,#3170);
#3169 = CARTESIAN_POINT('',(50.35,162.52533424129,39.54));
#3170 = VECTOR('',#3171,1.);
#3171 = DIRECTION('',(-0.,1.,0.));
#3172 = ORIENTED_EDGE('',*,*,#3173,.T.);
#3173 = EDGE_CURVE('',#3164,#3174,#3176,.T.);
#3174 = VERTEX_POINT('',#3175);
#3175 = CARTESIAN_POINT('',(33.65,198.065,39.54));
#3176 = LINE('',#3177,#3178);
#3177 = CARTESIAN_POINT('',(16.825,198.065,39.54));
#3178 = VECTOR('',#3179,1.);
#3179 = DIRECTION('',(-1.,-0.,0.));
#3180 = ORIENTED_EDGE('',*,*,#3181,.T.);
#3181 = EDGE_CURVE('',#3174,#3182,#3184,.T.);
#3182 = VERTEX_POINT('',#3183);
#3183 = CARTESIAN_POINT('',(33.65,204.54413835771,39.54));
#3184 = LINE('',#3185,#3186);
#3185 = CARTESIAN_POINT('',(33.65,162.52533424129,39.54));
#3186 = VECTOR('',#3187,1.);
#3187 = DIRECTION('',(-0.,1.,0.));
#3188 = ORIENTED_EDGE('',*,*,#3189,.F.);
#3189 = EDGE_CURVE('',#3190,#3182,#3192,.T.);
#3190 = VERTEX_POINT('',#3191);
#3191 = CARTESIAN_POINT('',(31.,204.54413835771,39.54));
#3192 = LINE('',#3193,#3194);
#3193 = CARTESIAN_POINT('',(30.,204.54413835771,39.54));
#3194 = VECTOR('',#3195,1.);
#3195 = DIRECTION('',(1.,0.,0.));
#3196 = ORIENTED_EDGE('',*,*,#3197,.F.);
#3197 = EDGE_CURVE('',#3198,#3190,#3200,.T.);
#3198 = VERTEX_POINT('',#3199);
#3199 = CARTESIAN_POINT('',(31.,202.17912299368,39.54));
#3200 = LINE('',#3201,#3202);
#3201 = CARTESIAN_POINT('',(31.,166.20033424129,39.54));
#3202 = VECTOR('',#3203,1.);
#3203 = DIRECTION('',(0.,1.,0.));
#3204 = ORIENTED_EDGE('',*,*,#3205,.F.);
#3205 = EDGE_CURVE('',#3206,#3198,#3208,.T.);
#3206 = VERTEX_POINT('',#3207);
#3207 = CARTESIAN_POINT('',(28.,202.17912299368,39.54));
#3208 = LINE('',#3209,#3210);
#3209 = CARTESIAN_POINT('',(28.,202.17912299368,39.54));
#3210 = VECTOR('',#3211,1.);
#3211 = DIRECTION('',(1.,0.,0.));
#3212 = ORIENTED_EDGE('',*,*,#3213,.T.);
#3213 = EDGE_CURVE('',#3206,#3214,#3216,.T.);
#3214 = VERTEX_POINT('',#3215);
#3215 = CARTESIAN_POINT('',(28.,208.65087700631,39.54));
#3216 = LINE('',#3217,#3218);
#3217 = CARTESIAN_POINT('',(28.,166.20033424129,39.54));
#3218 = VECTOR('',#3219,1.);
#3219 = DIRECTION('',(0.,1.,0.));
#3220 = ORIENTED_EDGE('',*,*,#3221,.T.);
#3221 = EDGE_CURVE('',#3214,#3222,#3224,.T.);
#3222 = VERTEX_POINT('',#3223);
#3223 = CARTESIAN_POINT('',(31.,208.65087700631,39.54));
#3224 = LINE('',#3225,#3226);
#3225 = CARTESIAN_POINT('',(28.,208.65087700631,39.54));
#3226 = VECTOR('',#3227,1.);
#3227 = DIRECTION('',(1.,0.,0.));
#3228 = ORIENTED_EDGE('',*,*,#3229,.F.);
#3229 = EDGE_CURVE('',#3230,#3222,#3232,.T.);
#3230 = VERTEX_POINT('',#3231);
#3231 = CARTESIAN_POINT('',(31.,206.28586164228,39.54));
#3232 = LINE('',#3233,#3234);
#3233 = CARTESIAN_POINT('',(31.,166.20033424129,39.54));
#3234 = VECTOR('',#3235,1.);
#3235 = DIRECTION('',(0.,1.,0.));
#3236 = ORIENTED_EDGE('',*,*,#3237,.T.);
#3237 = EDGE_CURVE('',#3230,#3238,#3240,.T.);
#3238 = VERTEX_POINT('',#3239);
#3239 = CARTESIAN_POINT('',(33.65,206.28586164228,39.54));
#3240 = LINE('',#3241,#3242);
#3241 = CARTESIAN_POINT('',(30.,206.28586164228,39.54));
#3242 = VECTOR('',#3243,1.);
#3243 = DIRECTION('',(1.,0.,0.));
#3244 = ORIENTED_EDGE('',*,*,#3245,.T.);
#3245 = EDGE_CURVE('',#3238,#3246,#3248,.T.);
#3246 = VERTEX_POINT('',#3247);
#3247 = CARTESIAN_POINT('',(33.65,212.765,39.54));
#3248 = LINE('',#3249,#3250);
#3249 = CARTESIAN_POINT('',(33.65,162.52533424129,39.54));
#3250 = VECTOR('',#3251,1.);
#3251 = DIRECTION('',(-0.,1.,0.));
#3252 = ORIENTED_EDGE('',*,*,#3253,.F.);
#3253 = EDGE_CURVE('',#3254,#3246,#3256,.T.);
#3254 = VERTEX_POINT('',#3255);
#3255 = CARTESIAN_POINT('',(50.35,212.765,39.54));
#3256 = LINE('',#3257,#3258);
#3257 = CARTESIAN_POINT('',(16.825,212.765,39.54));
#3258 = VECTOR('',#3259,1.);
#3259 = DIRECTION('',(-1.,-0.,0.));
#3260 = ORIENTED_EDGE('',*,*,#3261,.F.);
#3261 = EDGE_CURVE('',#3262,#3254,#3264,.T.);
#3262 = VERTEX_POINT('',#3263);
#3263 = CARTESIAN_POINT('',(50.35,206.28586164228,39.54));
#3264 = LINE('',#3265,#3266);
#3265 = CARTESIAN_POINT('',(50.35,162.52533424129,39.54));
#3266 = VECTOR('',#3267,1.);
#3267 = DIRECTION('',(-0.,1.,0.));
#3268 = ORIENTED_EDGE('',*,*,#3269,.T.);
#3269 = EDGE_CURVE('',#3262,#3270,#3272,.T.);
#3270 = VERTEX_POINT('',#3271);
#3271 = CARTESIAN_POINT('',(53.,206.28586164228,39.54));
#3272 = LINE('',#3273,#3274);
#3273 = CARTESIAN_POINT('',(30.,206.28586164228,39.54));
#3274 = VECTOR('',#3275,1.);
#3275 = DIRECTION('',(1.,0.,0.));
#3276 = ORIENTED_EDGE('',*,*,#3277,.T.);
#3277 = EDGE_CURVE('',#3270,#3278,#3280,.T.);
#3278 = VERTEX_POINT('',#3279);
#3279 = CARTESIAN_POINT('',(53.,209.24624000814,39.54));
#3280 = LINE('',#3281,#3282);
#3281 = CARTESIAN_POINT('',(53.,166.20033424129,39.54));
#3282 = VECTOR('',#3283,1.);
#3283 = DIRECTION('',(0.,1.,0.));
#3284 = ORIENTED_EDGE('',*,*,#3285,.T.);
#3285 = EDGE_CURVE('',#3278,#3286,#3288,.T.);
#3286 = VERTEX_POINT('',#3287);
#3287 = CARTESIAN_POINT('',(57.,209.24624000814,39.54));
#3288 = LINE('',#3289,#3290);
#3289 = CARTESIAN_POINT('',(53.,209.24624000814,39.54));
#3290 = VECTOR('',#3291,1.);
#3291 = DIRECTION('',(1.,0.,0.));
#3292 = ORIENTED_EDGE('',*,*,#3293,.F.);
#3293 = EDGE_CURVE('',#3294,#3286,#3296,.T.);
#3294 = VERTEX_POINT('',#3295);
#3295 = CARTESIAN_POINT('',(57.,201.58375999185,39.54));
#3296 = LINE('',#3297,#3298);
#3297 = CARTESIAN_POINT('',(57.,166.20033424129,39.54));
#3298 = VECTOR('',#3299,1.);
#3299 = DIRECTION('',(0.,1.,0.));
#3300 = ORIENTED_EDGE('',*,*,#3301,.F.);
#3301 = EDGE_CURVE('',#3302,#3294,#3304,.T.);
#3302 = VERTEX_POINT('',#3303);
#3303 = CARTESIAN_POINT('',(53.,201.58375999185,39.54));
#3304 = LINE('',#3305,#3306);
#3305 = CARTESIAN_POINT('',(53.,201.58375999185,39.54));
#3306 = VECTOR('',#3307,1.);
#3307 = DIRECTION('',(1.,0.,0.));
#3308 = ORIENTED_EDGE('',*,*,#3309,.T.);
#3309 = EDGE_CURVE('',#3302,#3310,#3312,.T.);
#3310 = VERTEX_POINT('',#3311);
#3311 = CARTESIAN_POINT('',(53.,204.54413835771,39.54));
#3312 = LINE('',#3313,#3314);
#3313 = CARTESIAN_POINT('',(53.,166.20033424129,39.54));
#3314 = VECTOR('',#3315,1.);
#3315 = DIRECTION('',(0.,1.,0.));
#3316 = ORIENTED_EDGE('',*,*,#3317,.F.);
#3317 = EDGE_CURVE('',#3166,#3310,#3318,.T.);
#3318 = LINE('',#3319,#3320);
#3319 = CARTESIAN_POINT('',(30.,204.54413835771,39.54));
#3320 = VECTOR('',#3321,1.);
#3321 = DIRECTION('',(1.,0.,0.));
#3322 = PLANE('',#3323);
#3323 = AXIS2_PLACEMENT_3D('',#3324,#3325,#3326);
#3324 = CARTESIAN_POINT('',(2.813181981837E-15,126.98566848259,39.54));
#3325 = DIRECTION('',(0.,0.,1.));
#3326 = DIRECTION('',(1.,0.,-0.));
#3327 = ADVANCED_FACE('',(#3328),#3346,.T.);
#3328 = FACE_BOUND('',#3329,.T.);
#3329 = EDGE_LOOP('',(#3330,#3331,#3332,#3340));
#3330 = ORIENTED_EDGE('',*,*,#1432,.T.);
#3331 = ORIENTED_EDGE('',*,*,#661,.T.);
#3332 = ORIENTED_EDGE('',*,*,#3333,.T.);
#3333 = EDGE_CURVE('',#654,#3334,#3336,.T.);
#3334 = VERTEX_POINT('',#3335);
#3335 = CARTESIAN_POINT('',(-105.9429355281,219.8,34.484444444444));
#3336 = LINE('',#3337,#3338);
#3337 = CARTESIAN_POINT('',(-104.6897773542,219.8,22.284226645818));
#3338 = VECTOR('',#3339,1.);
#3339 = DIRECTION('',(0.102178442416,0.,-0.994766086025));
#3340 = ORIENTED_EDGE('',*,*,#3341,.F.);
#3341 = EDGE_CURVE('',#1433,#3334,#3342,.T.);
#3342 = LINE('',#3343,#3344);
#3343 = CARTESIAN_POINT('',(-105.9429355281,24.,34.484444444444));
#3344 = VECTOR('',#3345,1.);
#3345 = DIRECTION('',(0.,1.,0.));
#3346 = PLANE('',#3347);
#3347 = AXIS2_PLACEMENT_3D('',#3348,#3349,#3350);
#3348 = CARTESIAN_POINT('',(-105.971467764,106.,34.762222222222));
#3349 = DIRECTION('',(-0.994766086025,-0.,-0.102178442416));
#3350 = DIRECTION('',(0.102178442416,0.,-0.994766086025));
#3351 = ADVANCED_FACE('',(#3352),#3442,.F.);
#3352 = FACE_BOUND('',#3353,.F.);
#3353 = EDGE_LOOP('',(#3354,#3355,#3356,#3357,#3365,#3373,#3381,#3389,
    #3397,#3405,#3413,#3421,#3429,#3435,#3436,#3437,#3438,#3439,#3440,
    #3441));
#3354 = ORIENTED_EDGE('',*,*,#710,.T.);
#3355 = ORIENTED_EDGE('',*,*,#653,.T.);
#3356 = ORIENTED_EDGE('',*,*,#3333,.T.);
#3357 = ORIENTED_EDGE('',*,*,#3358,.T.);
#3358 = EDGE_CURVE('',#3334,#3359,#3361,.T.);
#3359 = VERTEX_POINT('',#3360);
#3360 = CARTESIAN_POINT('',(-105.780521262,219.8,33.928888888889));
#3361 = LINE('',#3362,#3363);
#3362 = CARTESIAN_POINT('',(-102.5454679495,219.8,22.863039298173));
#3363 = VECTOR('',#3364,1.);
#3364 = DIRECTION('',(0.280600582118,0.,-0.959824626333));
#3365 = ORIENTED_EDGE('',*,*,#3366,.T.);
#3366 = EDGE_CURVE('',#3359,#3367,#3369,.T.);
#3367 = VERTEX_POINT('',#3368);
#3368 = CARTESIAN_POINT('',(-105.5259259259,219.8,33.373333333333));
#3369 = LINE('',#3370,#3371);
#3370 = CARTESIAN_POINT('',(-101.1174825257,219.8,23.75361578453));
#3371 = VECTOR('',#3372,1.);
#3372 = DIRECTION('',(0.416608335402,0.,-0.909086076713));
#3373 = ORIENTED_EDGE('',*,*,#3374,.T.);
#3374 = EDGE_CURVE('',#3367,#3375,#3377,.T.);
#3375 = VERTEX_POINT('',#3376);
#3376 = CARTESIAN_POINT('',(-105.1923182441,219.8,32.817777777778));
#3377 = LINE('',#3378,#3379);
#3378 = CARTESIAN_POINT('',(-100.2459576803,219.8,24.580623055989));
#3379 = VECTOR('',#3380,1.);
#3380 = DIRECTION('',(0.514807016402,0.,-0.857306092282));
#3381 = ORIENTED_EDGE('',*,*,#3382,.T.);
#3382 = EDGE_CURVE('',#3375,#3383,#3385,.T.);
#3383 = VERTEX_POINT('',#3384);
#3384 = CARTESIAN_POINT('',(-104.792866941,219.8,32.262222222222));
#3385 = LINE('',#3386,#3387);
#3386 = CARTESIAN_POINT('',(-99.71352204169,219.8,25.197886081336));
#3387 = VECTOR('',#3388,1.);
#3388 = DIRECTION('',(0.583776486487,0.,-0.811914412869));
#3389 = ORIENTED_EDGE('',*,*,#3390,.T.);
#3390 = EDGE_CURVE('',#3383,#3391,#3393,.T.);
#3391 = VERTEX_POINT('',#3392);
#3392 = CARTESIAN_POINT('',(-104.3407407407,219.8,31.706666666667));
#3393 = LINE('',#3394,#3395);
#3394 = CARTESIAN_POINT('',(-99.35820157287,219.8,25.58431119644));
#3395 = VECTOR('',#3396,1.);
#3396 = DIRECTION('',(0.631212461229,0.,-0.77560997208));
#3397 = ORIENTED_EDGE('',*,*,#3398,.T.);
#3398 = EDGE_CURVE('',#3391,#3399,#3401,.T.);
#3399 = VERTEX_POINT('',#3400);
#3400 = CARTESIAN_POINT('',(-103.8491083676,219.8,31.151111111111));
#3401 = LINE('',#3402,#3403);
#3402 = CARTESIAN_POINT('',(-99.08167149443,219.8,25.763801028404));
#3403 = VECTOR('',#3404,1.);
#3404 = DIRECTION('',(0.662709521533,0.,-0.748876551956));
#3405 = ORIENTED_EDGE('',*,*,#3406,.T.);
#3406 = EDGE_CURVE('',#3399,#3407,#3409,.T.);
#3407 = VERTEX_POINT('',#3408);
#3408 = CARTESIAN_POINT('',(-103.3311385459,219.8,30.595555555556));
#3409 = LINE('',#3410,#3411);
#3410 = CARTESIAN_POINT('',(-98.83018345891,219.8,25.767995147052));
#3411 = VECTOR('',#3412,1.);
#3412 = DIRECTION('',(0.681932082106,0.,-0.731415501199));
#3413 = ORIENTED_EDGE('',*,*,#3414,.T.);
#3414 = EDGE_CURVE('',#3407,#3415,#3417,.T.);
#3415 = VERTEX_POINT('',#3416);
#3416 = CARTESIAN_POINT('',(-102.8,219.8,30.04));
#3417 = LINE('',#3418,#3419);
#3418 = CARTESIAN_POINT('',(-98.44423981945,219.8,25.484000844214));
#3419 = VECTOR('',#3420,1.);
#3420 = DIRECTION('',(0.691044328918,0.,-0.722812379162));
#3421 = ORIENTED_EDGE('',*,*,#3422,.F.);
#3422 = EDGE_CURVE('',#3423,#3415,#3425,.T.);
#3423 = VERTEX_POINT('',#3424);
#3424 = CARTESIAN_POINT('',(-102.8,219.8,19.04));
#3425 = LINE('',#3426,#3427);
#3426 = CARTESIAN_POINT('',(-102.8,219.8,9.54));
#3427 = VECTOR('',#3428,1.);
#3428 = DIRECTION('',(0.,0.,1.));
#3429 = ORIENTED_EDGE('',*,*,#3430,.T.);
#3430 = EDGE_CURVE('',#3423,#887,#3431,.T.);
#3431 = LINE('',#3432,#3433);
#3432 = CARTESIAN_POINT('',(-105.9366707518,219.8,15.759133123728));
#3433 = VECTOR('',#3434,1.);
#3434 = DIRECTION('',(-0.691044328918,0.,-0.722812379162));
#3435 = ORIENTED_EDGE('',*,*,#894,.T.);
#3436 = ORIENTED_EDGE('',*,*,#854,.T.);
#3437 = ORIENTED_EDGE('',*,*,#830,.T.);
#3438 = ORIENTED_EDGE('',*,*,#806,.T.);
#3439 = ORIENTED_EDGE('',*,*,#782,.T.);
#3440 = ORIENTED_EDGE('',*,*,#758,.T.);
#3441 = ORIENTED_EDGE('',*,*,#734,.T.);
#3442 = PLANE('',#3443);
#3443 = AXIS2_PLACEMENT_3D('',#3444,#3445,#3446);
#3444 = CARTESIAN_POINT('',(-106.,219.8,9.54));
#3445 = DIRECTION('',(-0.,1.,0.));
#3446 = DIRECTION('',(0.,0.,1.));
#3447 = ADVANCED_FACE('',(#3448),#3475,.T.);
#3448 = FACE_BOUND('',#3449,.T.);
#3449 = EDGE_LOOP('',(#3450,#3451,#3452,#3460,#3468,#3474));
#3450 = ORIENTED_EDGE('',*,*,#886,.F.);
#3451 = ORIENTED_EDGE('',*,*,#1640,.F.);
#3452 = ORIENTED_EDGE('',*,*,#3453,.T.);
#3453 = EDGE_CURVE('',#1633,#3454,#3456,.T.);
#3454 = VERTEX_POINT('',#3455);
#3455 = CARTESIAN_POINT('',(-102.268861454,220.,19.595555555556));
#3456 = LINE('',#3457,#3458);
#3457 = CARTESIAN_POINT('',(-102.268861454,24.,19.595555555556));
#3458 = VECTOR('',#3459,1.);
#3459 = DIRECTION('',(0.,1.,0.));
#3460 = ORIENTED_EDGE('',*,*,#3461,.T.);
#3461 = EDGE_CURVE('',#3454,#3462,#3464,.T.);
#3462 = VERTEX_POINT('',#3463);
#3463 = CARTESIAN_POINT('',(-102.8,220.,19.04));
#3464 = LINE('',#3465,#3466);
#3465 = CARTESIAN_POINT('',(-102.8,220.,19.04));
#3466 = VECTOR('',#3467,1.);
#3467 = DIRECTION('',(-0.691044328918,0.,-0.722812379162));
#3468 = ORIENTED_EDGE('',*,*,#3469,.F.);
#3469 = EDGE_CURVE('',#3423,#3462,#3470,.T.);
#3470 = LINE('',#3471,#3472);
#3471 = CARTESIAN_POINT('',(-102.8,162.9,19.04));
#3472 = VECTOR('',#3473,1.);
#3473 = DIRECTION('',(0.,1.,0.));
#3474 = ORIENTED_EDGE('',*,*,#3430,.T.);
#3475 = PLANE('',#3476);
#3476 = AXIS2_PLACEMENT_3D('',#3477,#3478,#3479);
#3477 = CARTESIAN_POINT('',(-102.8,106.,19.04));
#3478 = DIRECTION('',(-0.722812379162,-0.,0.691044328918));
#3479 = DIRECTION('',(-0.691044328918,0.,-0.722812379162));
#3480 = ADVANCED_FACE('',(#3481),#3499,.F.);
#3481 = FACE_BOUND('',#3482,.F.);
#3482 = EDGE_LOOP('',(#3483,#3491,#3492,#3493));
#3483 = ORIENTED_EDGE('',*,*,#3484,.F.);
#3484 = EDGE_CURVE('',#942,#3485,#3487,.T.);
#3485 = VERTEX_POINT('',#3486);
#3486 = CARTESIAN_POINT('',(-99.,-6.26,0.));
#3487 = LINE('',#3488,#3489);
#3488 = CARTESIAN_POINT('',(-110.,-6.26,0.));
#3489 = VECTOR('',#3490,1.);
#3490 = DIRECTION('',(1.,0.,0.));
#3491 = ORIENTED_EDGE('',*,*,#941,.F.);
#3492 = ORIENTED_EDGE('',*,*,#1649,.T.);
#3493 = ORIENTED_EDGE('',*,*,#3494,.T.);
#3494 = EDGE_CURVE('',#1650,#3485,#3495,.T.);
#3495 = LINE('',#3496,#3497);
#3496 = CARTESIAN_POINT('',(-99.,-6.192649514669,0.));
#3497 = VECTOR('',#3498,1.);
#3498 = DIRECTION('',(0.,1.,0.));
#3499 = PLANE('',#3500);
#3500 = AXIS2_PLACEMENT_3D('',#3501,#3502,#3503);
#3501 = CARTESIAN_POINT('',(-109.,-8.,0.));
#3502 = DIRECTION('',(0.,0.,1.));
#3503 = DIRECTION('',(1.,0.,-0.));
#3504 = ADVANCED_FACE('',(#3505),#3521,.F.);
#3505 = FACE_BOUND('',#3506,.F.);
#3506 = EDGE_LOOP('',(#3507,#3513,#3514,#3520));
#3507 = ORIENTED_EDGE('',*,*,#3508,.F.);
#3508 = EDGE_CURVE('',#1017,#2401,#3509,.T.);
#3509 = LINE('',#3510,#3511);
#3510 = CARTESIAN_POINT('',(71.,-8.,18.));
#3511 = VECTOR('',#3512,1.);
#3512 = DIRECTION('',(-0.,1.,0.));
#3513 = ORIENTED_EDGE('',*,*,#1024,.F.);
#3514 = ORIENTED_EDGE('',*,*,#3515,.T.);
#3515 = EDGE_CURVE('',#983,#2393,#3516,.T.);
#3516 = LINE('',#3517,#3518);
#3517 = CARTESIAN_POINT('',(71.,-8.,0.));
#3518 = VECTOR('',#3519,1.);
#3519 = DIRECTION('',(-0.,1.,0.));
#3520 = ORIENTED_EDGE('',*,*,#2400,.T.);
#3521 = PLANE('',#3522);
#3522 = AXIS2_PLACEMENT_3D('',#3523,#3524,#3525);
#3523 = CARTESIAN_POINT('',(71.,-8.,0.));
#3524 = DIRECTION('',(1.,0.,-0.));
#3525 = DIRECTION('',(0.,0.,1.));
#3526 = ADVANCED_FACE('',(#3527),#3561,.T.);
#3527 = FACE_BOUND('',#3528,.T.);
#3528 = EDGE_LOOP('',(#3529,#3530,#3531,#3532,#3538,#3539,#3547,#3555));
#3529 = ORIENTED_EDGE('',*,*,#2408,.F.);
#3530 = ORIENTED_EDGE('',*,*,#3508,.F.);
#3531 = ORIENTED_EDGE('',*,*,#1016,.F.);
#3532 = ORIENTED_EDGE('',*,*,#3533,.F.);
#3533 = EDGE_CURVE('',#1121,#1009,#3534,.T.);
#3534 = LINE('',#3535,#3536);
#3535 = CARTESIAN_POINT('',(73.3,-4.,18.));
#3536 = VECTOR('',#3537,1.);
#3537 = DIRECTION('',(0.,1.,0.));
#3538 = ORIENTED_EDGE('',*,*,#1128,.T.);
#3539 = ORIENTED_EDGE('',*,*,#3540,.F.);
#3540 = EDGE_CURVE('',#3541,#1129,#3543,.T.);
#3541 = VERTEX_POINT('',#3542);
#3542 = CARTESIAN_POINT('',(71.,-8.,18.));
#3543 = LINE('',#3544,#3545);
#3544 = CARTESIAN_POINT('',(71.,-8.,18.));
#3545 = VECTOR('',#3546,1.);
#3546 = DIRECTION('',(-0.,1.,0.));
#3547 = ORIENTED_EDGE('',*,*,#3548,.T.);
#3548 = EDGE_CURVE('',#3541,#3549,#3551,.T.);
#3549 = VERTEX_POINT('',#3550);
#3550 = CARTESIAN_POINT('',(76.217191769547,-8.,18.));
#3551 = LINE('',#3552,#3553);
#3552 = CARTESIAN_POINT('',(71.,-8.,18.));
#3553 = VECTOR('',#3554,1.);
#3554 = DIRECTION('',(1.,0.,-0.));
#3555 = ORIENTED_EDGE('',*,*,#3556,.F.);
#3556 = EDGE_CURVE('',#2409,#3549,#3557,.T.);
#3557 = LINE('',#3558,#3559);
#3558 = CARTESIAN_POINT('',(76.217191769547,-8.,18.));
#3559 = VECTOR('',#3560,1.);
#3560 = DIRECTION('',(0.,-1.,0.));
#3561 = PLANE('',#3562);
#3562 = AXIS2_PLACEMENT_3D('',#3563,#3564,#3565);
#3563 = CARTESIAN_POINT('',(71.,-8.,18.));
#3564 = DIRECTION('',(0.,0.,1.));
#3565 = DIRECTION('',(1.,0.,-0.));
#3566 = ADVANCED_FACE('',(#3567),#3610,.T.);
#3567 = FACE_BOUND('',#3568,.T.);
#3568 = EDGE_LOOP('',(#3569,#3579,#3587,#3593,#3594,#3595,#3596,#3604));
#3569 = ORIENTED_EDGE('',*,*,#3570,.F.);
#3570 = EDGE_CURVE('',#3571,#3573,#3575,.T.);
#3571 = VERTEX_POINT('',#3572);
#3572 = CARTESIAN_POINT('',(73.3,-8.,39.54));
#3573 = VERTEX_POINT('',#3574);
#3574 = CARTESIAN_POINT('',(73.3,8.,39.54));
#3575 = LINE('',#3576,#3577);
#3576 = CARTESIAN_POINT('',(73.3,-8.,39.54));
#3577 = VECTOR('',#3578,1.);
#3578 = DIRECTION('',(-0.,1.,0.));
#3579 = ORIENTED_EDGE('',*,*,#3580,.F.);
#3580 = EDGE_CURVE('',#3581,#3571,#3583,.T.);
#3581 = VERTEX_POINT('',#3582);
#3582 = CARTESIAN_POINT('',(73.3,-8.,33.54));
#3583 = LINE('',#3584,#3585);
#3584 = CARTESIAN_POINT('',(73.3,-8.,33.54));
#3585 = VECTOR('',#3586,1.);
#3586 = DIRECTION('',(0.,0.,1.));
#3587 = ORIENTED_EDGE('',*,*,#3588,.T.);
#3588 = EDGE_CURVE('',#3581,#1113,#3589,.T.);
#3589 = LINE('',#3590,#3591);
#3590 = CARTESIAN_POINT('',(73.3,-8.,33.54));
#3591 = VECTOR('',#3592,1.);
#3592 = DIRECTION('',(-0.,1.,0.));
#3593 = ORIENTED_EDGE('',*,*,#1120,.F.);
#3594 = ORIENTED_EDGE('',*,*,#3533,.T.);
#3595 = ORIENTED_EDGE('',*,*,#1008,.T.);
#3596 = ORIENTED_EDGE('',*,*,#3597,.T.);
#3597 = EDGE_CURVE('',#1001,#3598,#3600,.T.);
#3598 = VERTEX_POINT('',#3599);
#3599 = CARTESIAN_POINT('',(73.3,8.,33.54));
#3600 = LINE('',#3601,#3602);
#3601 = CARTESIAN_POINT('',(73.3,-8.,33.54));
#3602 = VECTOR('',#3603,1.);
#3603 = DIRECTION('',(-0.,1.,0.));
#3604 = ORIENTED_EDGE('',*,*,#3605,.T.);
#3605 = EDGE_CURVE('',#3598,#3573,#3606,.T.);
#3606 = LINE('',#3607,#3608);
#3607 = CARTESIAN_POINT('',(73.3,8.,33.54));
#3608 = VECTOR('',#3609,1.);
#3609 = DIRECTION('',(0.,0.,1.));
#3610 = PLANE('',#3611);
#3611 = AXIS2_PLACEMENT_3D('',#3612,#3613,#3614);
#3612 = CARTESIAN_POINT('',(73.3,1.204284343191E-16,19.82022833467));
#3613 = DIRECTION('',(1.,0.,0.));
#3614 = DIRECTION('',(-0.,0.,1.));
#3615 = ADVANCED_FACE('',(#3616),#3627,.F.);
#3616 = FACE_BOUND('',#3617,.F.);
#3617 = EDGE_LOOP('',(#3618,#3619,#3620,#3621));
#3618 = ORIENTED_EDGE('',*,*,#1064,.F.);
#3619 = ORIENTED_EDGE('',*,*,#1000,.T.);
#3620 = ORIENTED_EDGE('',*,*,#3597,.T.);
#3621 = ORIENTED_EDGE('',*,*,#3622,.F.);
#3622 = EDGE_CURVE('',#1057,#3598,#3623,.T.);
#3623 = LINE('',#3624,#3625);
#3624 = CARTESIAN_POINT('',(-73.3,8.,33.54));
#3625 = VECTOR('',#3626,1.);
#3626 = DIRECTION('',(1.,0.,-0.));
#3627 = PLANE('',#3628);
#3628 = AXIS2_PLACEMENT_3D('',#3629,#3630,#3631);
#3629 = CARTESIAN_POINT('',(-73.3,-8.,33.54));
#3630 = DIRECTION('',(0.,0.,1.));
#3631 = DIRECTION('',(1.,0.,-0.));
#3632 = ADVANCED_FACE('',(#3633),#3649,.F.);
#3633 = FACE_BOUND('',#3634,.F.);
#3634 = EDGE_LOOP('',(#3635,#3641,#3642,#3648));
#3635 = ORIENTED_EDGE('',*,*,#3636,.F.);
#3636 = EDGE_CURVE('',#1039,#3581,#3637,.T.);
#3637 = LINE('',#3638,#3639);
#3638 = CARTESIAN_POINT('',(-73.3,-8.,33.54));
#3639 = VECTOR('',#3640,1.);
#3640 = DIRECTION('',(1.,0.,-0.));
#3641 = ORIENTED_EDGE('',*,*,#1038,.T.);
#3642 = ORIENTED_EDGE('',*,*,#3643,.T.);
#3643 = EDGE_CURVE('',#1041,#3571,#3644,.T.);
#3644 = LINE('',#3645,#3646);
#3645 = CARTESIAN_POINT('',(-73.3,-8.,39.54));
#3646 = VECTOR('',#3647,1.);
#3647 = DIRECTION('',(1.,0.,-0.));
#3648 = ORIENTED_EDGE('',*,*,#3580,.F.);
#3649 = PLANE('',#3650);
#3650 = AXIS2_PLACEMENT_3D('',#3651,#3652,#3653);
#3651 = CARTESIAN_POINT('',(-73.3,-8.,33.54));
#3652 = DIRECTION('',(-0.,1.,0.));
#3653 = DIRECTION('',(0.,0.,1.));
#3654 = ADVANCED_FACE('',(#3655),#3661,.F.);
#3655 = FACE_BOUND('',#3656,.F.);
#3656 = EDGE_LOOP('',(#3657,#3658,#3659,#3660));
#3657 = ORIENTED_EDGE('',*,*,#1080,.F.);
#3658 = ORIENTED_EDGE('',*,*,#3636,.T.);
#3659 = ORIENTED_EDGE('',*,*,#3588,.T.);
#3660 = ORIENTED_EDGE('',*,*,#1112,.F.);
#3661 = PLANE('',#3662);
#3662 = AXIS2_PLACEMENT_3D('',#3663,#3664,#3665);
#3663 = CARTESIAN_POINT('',(-73.3,-8.,33.54));
#3664 = DIRECTION('',(0.,0.,1.));
#3665 = DIRECTION('',(1.,0.,-0.));
#3666 = ADVANCED_FACE('',(#3667),#3678,.T.);
#3667 = FACE_BOUND('',#3668,.T.);
#3668 = EDGE_LOOP('',(#3669,#3670,#3671,#3677));
#3669 = ORIENTED_EDGE('',*,*,#3622,.F.);
#3670 = ORIENTED_EDGE('',*,*,#1056,.T.);
#3671 = ORIENTED_EDGE('',*,*,#3672,.T.);
#3672 = EDGE_CURVE('',#1049,#3573,#3673,.T.);
#3673 = LINE('',#3674,#3675);
#3674 = CARTESIAN_POINT('',(-73.3,8.,39.54));
#3675 = VECTOR('',#3676,1.);
#3676 = DIRECTION('',(1.,0.,-0.));
#3677 = ORIENTED_EDGE('',*,*,#3605,.F.);
#3678 = PLANE('',#3679);
#3679 = AXIS2_PLACEMENT_3D('',#3680,#3681,#3682);
#3680 = CARTESIAN_POINT('',(-73.3,8.,33.54));
#3681 = DIRECTION('',(-0.,1.,0.));
#3682 = DIRECTION('',(0.,0.,1.));
#3683 = ADVANCED_FACE('',(#3684),#3690,.T.);
#3684 = FACE_BOUND('',#3685,.T.);
#3685 = EDGE_LOOP('',(#3686,#3687,#3688,#3689));
#3686 = ORIENTED_EDGE('',*,*,#1048,.F.);
#3687 = ORIENTED_EDGE('',*,*,#3643,.T.);
#3688 = ORIENTED_EDGE('',*,*,#3570,.T.);
#3689 = ORIENTED_EDGE('',*,*,#3672,.F.);
#3690 = PLANE('',#3691);
#3691 = AXIS2_PLACEMENT_3D('',#3692,#3693,#3694);
#3692 = CARTESIAN_POINT('',(-73.3,-8.,39.54));
#3693 = DIRECTION('',(0.,0.,1.));
#3694 = DIRECTION('',(1.,0.,-0.));
#3695 = ADVANCED_FACE('',(#3696),#3714,.F.);
#3696 = FACE_BOUND('',#3697,.F.);
#3697 = EDGE_LOOP('',(#3698,#3699,#3707,#3713));
#3698 = ORIENTED_EDGE('',*,*,#3540,.F.);
#3699 = ORIENTED_EDGE('',*,*,#3700,.F.);
#3700 = EDGE_CURVE('',#3701,#3541,#3703,.T.);
#3701 = VERTEX_POINT('',#3702);
#3702 = CARTESIAN_POINT('',(71.,-8.,0.));
#3703 = LINE('',#3704,#3705);
#3704 = CARTESIAN_POINT('',(71.,-8.,0.));
#3705 = VECTOR('',#3706,1.);
#3706 = DIRECTION('',(0.,0.,1.));
#3707 = ORIENTED_EDGE('',*,*,#3708,.T.);
#3708 = EDGE_CURVE('',#3701,#1097,#3709,.T.);
#3709 = LINE('',#3710,#3711);
#3710 = CARTESIAN_POINT('',(71.,-8.,0.));
#3711 = VECTOR('',#3712,1.);
#3712 = DIRECTION('',(-0.,1.,0.));
#3713 = ORIENTED_EDGE('',*,*,#1136,.T.);
#3714 = PLANE('',#3715);
#3715 = AXIS2_PLACEMENT_3D('',#3716,#3717,#3718);
#3716 = CARTESIAN_POINT('',(71.,-8.,0.));
#3717 = DIRECTION('',(1.,0.,-0.));
#3718 = DIRECTION('',(0.,0.,1.));
#3719 = ADVANCED_FACE('',(#3720),#3745,.F.);
#3720 = FACE_BOUND('',#3721,.F.);
#3721 = EDGE_LOOP('',(#3722,#3730,#3731,#3739));
#3722 = ORIENTED_EDGE('',*,*,#3723,.F.);
#3723 = EDGE_CURVE('',#1175,#3724,#3726,.T.);
#3724 = VERTEX_POINT('',#3725);
#3725 = CARTESIAN_POINT('',(-99.,-15.69467112597,0.445536583931));
#3726 = LINE('',#3727,#3728);
#3727 = CARTESIAN_POINT('',(-99.,-8.,13.));
#3728 = VECTOR('',#3729,1.);
#3729 = DIRECTION('',(0.,-0.522562057929,-0.852601252411));
#3730 = ORIENTED_EDGE('',*,*,#1174,.T.);
#3731 = ORIENTED_EDGE('',*,*,#3732,.T.);
#3732 = EDGE_CURVE('',#1177,#3733,#3735,.T.);
#3733 = VERTEX_POINT('',#3734);
#3734 = CARTESIAN_POINT('',(-81.,-15.69467112597,0.445536583931));
#3735 = LINE('',#3736,#3737);
#3736 = CARTESIAN_POINT('',(-81.,-8.,13.));
#3737 = VECTOR('',#3738,1.);
#3738 = DIRECTION('',(0.,-0.522562057929,-0.852601252411));
#3739 = ORIENTED_EDGE('',*,*,#3740,.F.);
#3740 = EDGE_CURVE('',#3724,#3733,#3741,.T.);
#3741 = LINE('',#3742,#3743);
#3742 = CARTESIAN_POINT('',(-99.,-15.69467112597,0.445536583932));
#3743 = VECTOR('',#3744,1.);
#3744 = DIRECTION('',(1.,0.,0.));
#3745 = PLANE('',#3746);
#3746 = AXIS2_PLACEMENT_3D('',#3747,#3748,#3749);
#3747 = CARTESIAN_POINT('',(-99.,-8.,13.));
#3748 = DIRECTION('',(0.,0.852601252411,-0.522562057929));
#3749 = DIRECTION('',(0.,-0.522562057929,-0.852601252411));
#3750 = ADVANCED_FACE('',(#3751,#3779),#3790,.T.);
#3751 = FACE_BOUND('',#3752,.T.);
#3752 = EDGE_LOOP('',(#3753,#3761,#3762,#3763,#3772));
#3753 = ORIENTED_EDGE('',*,*,#3754,.F.);
#3754 = EDGE_CURVE('',#1185,#3755,#3757,.T.);
#3755 = VERTEX_POINT('',#3756);
#3756 = CARTESIAN_POINT('',(-81.,-6.26,0.));
#3757 = LINE('',#3758,#3759);
#3758 = CARTESIAN_POINT('',(-81.,-10.,0.));
#3759 = VECTOR('',#3760,1.);
#3760 = DIRECTION('',(0.,1.,0.));
#3761 = ORIENTED_EDGE('',*,*,#1184,.F.);
#3762 = ORIENTED_EDGE('',*,*,#3732,.T.);
#3763 = ORIENTED_EDGE('',*,*,#3764,.T.);
#3764 = EDGE_CURVE('',#3733,#3765,#3767,.T.);
#3765 = VERTEX_POINT('',#3766);
#3766 = CARTESIAN_POINT('',(-81.,-5.400873841802,-3.165147981523));
#3767 = CIRCLE('',#3768,7.);
#3768 = AXIS2_PLACEMENT_3D('',#3769,#3770,#3771);
#3769 = CARTESIAN_POINT('',(-81.,-12.,-5.5));
#3770 = DIRECTION('',(1.,0.,0.));
#3771 = DIRECTION('',(-0.,0.,1.));
#3772 = ORIENTED_EDGE('',*,*,#3773,.F.);
#3773 = EDGE_CURVE('',#3755,#3765,#3774,.T.);
#3774 = CIRCLE('',#3775,6.26);
#3775 = AXIS2_PLACEMENT_3D('',#3776,#3777,#3778);
#3776 = CARTESIAN_POINT('',(-81.,0.,0.));
#3777 = DIRECTION('',(1.,0.,0.));
#3778 = DIRECTION('',(-0.,0.,1.));
#3779 = FACE_BOUND('',#3780,.T.);
#3780 = EDGE_LOOP('',(#3781));
#3781 = ORIENTED_EDGE('',*,*,#3782,.F.);
#3782 = EDGE_CURVE('',#3783,#3783,#3785,.T.);
#3783 = VERTEX_POINT('',#3784);
#3784 = CARTESIAN_POINT('',(-81.,-12.,-3.2));
#3785 = CIRCLE('',#3786,2.3);
#3786 = AXIS2_PLACEMENT_3D('',#3787,#3788,#3789);
#3787 = CARTESIAN_POINT('',(-81.,-12.,-5.5));
#3788 = DIRECTION('',(1.,0.,0.));
#3789 = DIRECTION('',(-0.,0.,1.));
#3790 = PLANE('',#3791);
#3791 = AXIS2_PLACEMENT_3D('',#3792,#3793,#3794);
#3792 = CARTESIAN_POINT('',(-81.,-10.63296179817,-0.492578677057));
#3793 = DIRECTION('',(1.,0.,0.));
#3794 = DIRECTION('',(-0.,0.,1.));
#3795 = ADVANCED_FACE('',(#3796),#3823,.T.);
#3796 = FACE_BOUND('',#3797,.T.);
#3797 = EDGE_LOOP('',(#3798,#3806,#3807,#3808,#3809,#3817));
#3798 = ORIENTED_EDGE('',*,*,#3799,.F.);
#3799 = EDGE_CURVE('',#1210,#3800,#3802,.T.);
#3800 = VERTEX_POINT('',#3801);
#3801 = CARTESIAN_POINT('',(-78.24910836762,220.,20.151111111111));
#3802 = LINE('',#3803,#3804);
#3803 = CARTESIAN_POINT('',(-78.24910836762,24.,20.151111111111));
#3804 = VECTOR('',#3805,1.);
#3805 = DIRECTION('',(0.,1.,0.));
#3806 = ORIENTED_EDGE('',*,*,#1209,.T.);
#3807 = ORIENTED_EDGE('',*,*,#1705,.T.);
#3808 = ORIENTED_EDGE('',*,*,#2110,.T.);
#3809 = ORIENTED_EDGE('',*,*,#3810,.T.);
#3810 = EDGE_CURVE('',#2103,#3811,#3813,.T.);
#3811 = VERTEX_POINT('',#3812);
#3812 = CARTESIAN_POINT('',(-78.,220.,19.883926553672));
#3813 = LINE('',#3814,#3815);
#3814 = CARTESIAN_POINT('',(-78.,148.29,19.883926553672));
#3815 = VECTOR('',#3816,1.);
#3816 = DIRECTION('',(-0.,1.,0.));
#3817 = ORIENTED_EDGE('',*,*,#3818,.F.);
#3818 = EDGE_CURVE('',#3800,#3811,#3819,.T.);
#3819 = LINE('',#3820,#3821);
#3820 = CARTESIAN_POINT('',(-78.24910836762,220.,20.151111111111));
#3821 = VECTOR('',#3822,1.);
#3822 = DIRECTION('',(0.681932082106,0.,-0.731415501199));
#3823 = PLANE('',#3824);
#3824 = AXIS2_PLACEMENT_3D('',#3825,#3826,#3827);
#3825 = CARTESIAN_POINT('',(-77.99012345679,106.,19.873333333333));
#3826 = DIRECTION('',(0.731415501199,0.,0.681932082106));
#3827 = DIRECTION('',(-0.681932082106,0.,0.731415501199));
#3828 = ADVANCED_FACE('',(#3829),#3847,.T.);
#3829 = FACE_BOUND('',#3830,.T.);
#3830 = EDGE_LOOP('',(#3831,#3832,#3840,#3846));
#3831 = ORIENTED_EDGE('',*,*,#3799,.T.);
#3832 = ORIENTED_EDGE('',*,*,#3833,.F.);
#3833 = EDGE_CURVE('',#3834,#3800,#3836,.T.);
#3834 = VERTEX_POINT('',#3835);
#3835 = CARTESIAN_POINT('',(-78.74074074074,220.,20.706666666667));
#3836 = LINE('',#3837,#3838);
#3837 = CARTESIAN_POINT('',(-78.74074074074,220.,20.706666666667));
#3838 = VECTOR('',#3839,1.);
#3839 = DIRECTION('',(0.662709521533,0.,-0.748876551956));
#3840 = ORIENTED_EDGE('',*,*,#3841,.F.);
#3841 = EDGE_CURVE('',#1218,#3834,#3842,.T.);
#3842 = LINE('',#3843,#3844);
#3843 = CARTESIAN_POINT('',(-78.74074074074,24.,20.706666666667));
#3844 = VECTOR('',#3845,1.);
#3845 = DIRECTION('',(0.,1.,0.));
#3846 = ORIENTED_EDGE('',*,*,#1217,.T.);
#3847 = PLANE('',#3848);
#3848 = AXIS2_PLACEMENT_3D('',#3849,#3850,#3851);
#3849 = CARTESIAN_POINT('',(-78.49492455418,106.,20.428888888889));
#3850 = DIRECTION('',(0.748876551956,0.,0.662709521533));
#3851 = DIRECTION('',(-0.662709521533,0.,0.748876551956));
#3852 = ADVANCED_FACE('',(#3853),#3871,.T.);
#3853 = FACE_BOUND('',#3854,.T.);
#3854 = EDGE_LOOP('',(#3855,#3856,#3864,#3870));
#3855 = ORIENTED_EDGE('',*,*,#3841,.T.);
#3856 = ORIENTED_EDGE('',*,*,#3857,.F.);
#3857 = EDGE_CURVE('',#3858,#3834,#3860,.T.);
#3858 = VERTEX_POINT('',#3859);
#3859 = CARTESIAN_POINT('',(-79.19286694101,220.,21.262222222222));
#3860 = LINE('',#3861,#3862);
#3861 = CARTESIAN_POINT('',(-79.19286694101,220.,21.262222222222));
#3862 = VECTOR('',#3863,1.);
#3863 = DIRECTION('',(0.631212461229,0.,-0.77560997208));
#3864 = ORIENTED_EDGE('',*,*,#3865,.F.);
#3865 = EDGE_CURVE('',#1226,#3858,#3866,.T.);
#3866 = LINE('',#3867,#3868);
#3867 = CARTESIAN_POINT('',(-79.19286694101,24.,21.262222222222));
#3868 = VECTOR('',#3869,1.);
#3869 = DIRECTION('',(0.,1.,0.));
#3870 = ORIENTED_EDGE('',*,*,#1225,.T.);
#3871 = PLANE('',#3872);
#3872 = AXIS2_PLACEMENT_3D('',#3873,#3874,#3875);
#3873 = CARTESIAN_POINT('',(-78.96680384087,106.,20.984444444444));
#3874 = DIRECTION('',(0.77560997208,0.,0.631212461229));
#3875 = DIRECTION('',(-0.631212461229,0.,0.77560997208));
#3876 = ADVANCED_FACE('',(#3877),#3895,.T.);
#3877 = FACE_BOUND('',#3878,.T.);
#3878 = EDGE_LOOP('',(#3879,#3880,#3888,#3894));
#3879 = ORIENTED_EDGE('',*,*,#3865,.T.);
#3880 = ORIENTED_EDGE('',*,*,#3881,.F.);
#3881 = EDGE_CURVE('',#3882,#3858,#3884,.T.);
#3882 = VERTEX_POINT('',#3883);
#3883 = CARTESIAN_POINT('',(-79.59231824417,220.,21.817777777778));
#3884 = LINE('',#3885,#3886);
#3885 = CARTESIAN_POINT('',(-79.59231824417,220.,21.817777777778));
#3886 = VECTOR('',#3887,1.);
#3887 = DIRECTION('',(0.583776486487,0.,-0.811914412869));
#3888 = ORIENTED_EDGE('',*,*,#3889,.F.);
#3889 = EDGE_CURVE('',#1234,#3882,#3890,.T.);
#3890 = LINE('',#3891,#3892);
#3891 = CARTESIAN_POINT('',(-79.59231824417,24.,21.817777777778));
#3892 = VECTOR('',#3893,1.);
#3893 = DIRECTION('',(0.,1.,0.));
#3894 = ORIENTED_EDGE('',*,*,#1233,.T.);
#3895 = PLANE('',#3896);
#3896 = AXIS2_PLACEMENT_3D('',#3897,#3898,#3899);
#3897 = CARTESIAN_POINT('',(-79.39259259259,106.,21.54));
#3898 = DIRECTION('',(0.811914412869,0.,0.583776486487));
#3899 = DIRECTION('',(-0.583776486487,0.,0.811914412869));
#3900 = ADVANCED_FACE('',(#3901),#3919,.T.);
#3901 = FACE_BOUND('',#3902,.T.);
#3902 = EDGE_LOOP('',(#3903,#3904,#3912,#3918));
#3903 = ORIENTED_EDGE('',*,*,#3889,.T.);
#3904 = ORIENTED_EDGE('',*,*,#3905,.F.);
#3905 = EDGE_CURVE('',#3906,#3882,#3908,.T.);
#3906 = VERTEX_POINT('',#3907);
#3907 = CARTESIAN_POINT('',(-79.92592592592,220.,22.373333333333));
#3908 = LINE('',#3909,#3910);
#3909 = CARTESIAN_POINT('',(-79.92592592592,220.,22.373333333333));
#3910 = VECTOR('',#3911,1.);
#3911 = DIRECTION('',(0.514807016402,0.,-0.857306092282));
#3912 = ORIENTED_EDGE('',*,*,#3913,.F.);
#3913 = EDGE_CURVE('',#1242,#3906,#3914,.T.);
#3914 = LINE('',#3915,#3916);
#3915 = CARTESIAN_POINT('',(-79.92592592592,24.,22.373333333333));
#3916 = VECTOR('',#3917,1.);
#3917 = DIRECTION('',(0.,1.,0.));
#3918 = ORIENTED_EDGE('',*,*,#1241,.T.);
#3919 = PLANE('',#3920);
#3920 = AXIS2_PLACEMENT_3D('',#3921,#3922,#3923);
#3921 = CARTESIAN_POINT('',(-79.75912208504,106.,22.095555555556));
#3922 = DIRECTION('',(0.857306092282,0.,0.514807016402));
#3923 = DIRECTION('',(-0.514807016402,0.,0.857306092282));
#3924 = ADVANCED_FACE('',(#3925),#3943,.T.);
#3925 = FACE_BOUND('',#3926,.T.);
#3926 = EDGE_LOOP('',(#3927,#3928,#3936,#3942));
#3927 = ORIENTED_EDGE('',*,*,#3913,.T.);
#3928 = ORIENTED_EDGE('',*,*,#3929,.F.);
#3929 = EDGE_CURVE('',#3930,#3906,#3932,.T.);
#3930 = VERTEX_POINT('',#3931);
#3931 = CARTESIAN_POINT('',(-80.180521262,220.,22.928888888889));
#3932 = LINE('',#3933,#3934);
#3933 = CARTESIAN_POINT('',(-80.180521262,220.,22.928888888889));
#3934 = VECTOR('',#3935,1.);
#3935 = DIRECTION('',(0.416608335402,0.,-0.909086076713));
#3936 = ORIENTED_EDGE('',*,*,#3937,.F.);
#3937 = EDGE_CURVE('',#1250,#3930,#3938,.T.);
#3938 = LINE('',#3939,#3940);
#3939 = CARTESIAN_POINT('',(-80.180521262,24.,22.928888888889));
#3940 = VECTOR('',#3941,1.);
#3941 = DIRECTION('',(0.,1.,0.));
#3942 = ORIENTED_EDGE('',*,*,#1249,.T.);
#3943 = PLANE('',#3944);
#3944 = AXIS2_PLACEMENT_3D('',#3945,#3946,#3947);
#3945 = CARTESIAN_POINT('',(-80.05322359396,106.,22.651111111111));
#3946 = DIRECTION('',(0.909086076713,0.,0.416608335402));
#3947 = DIRECTION('',(-0.416608335402,0.,0.909086076713));
#3948 = ADVANCED_FACE('',(#3949),#3967,.T.);
#3949 = FACE_BOUND('',#3950,.T.);
#3950 = EDGE_LOOP('',(#3951,#3952,#3960,#3966));
#3951 = ORIENTED_EDGE('',*,*,#3937,.T.);
#3952 = ORIENTED_EDGE('',*,*,#3953,.F.);
#3953 = EDGE_CURVE('',#3954,#3930,#3956,.T.);
#3954 = VERTEX_POINT('',#3955);
#3955 = CARTESIAN_POINT('',(-80.34293552812,220.,23.484444444444));
#3956 = LINE('',#3957,#3958);
#3957 = CARTESIAN_POINT('',(-80.34293552812,220.,23.484444444444));
#3958 = VECTOR('',#3959,1.);
#3959 = DIRECTION('',(0.280600582118,0.,-0.959824626333));
#3960 = ORIENTED_EDGE('',*,*,#3961,.F.);
#3961 = EDGE_CURVE('',#1258,#3954,#3962,.T.);
#3962 = LINE('',#3963,#3964);
#3963 = CARTESIAN_POINT('',(-80.34293552812,24.,23.484444444444));
#3964 = VECTOR('',#3965,1.);
#3965 = DIRECTION('',(0.,1.,0.));
#3966 = ORIENTED_EDGE('',*,*,#1257,.T.);
#3967 = PLANE('',#3968);
#3968 = AXIS2_PLACEMENT_3D('',#3969,#3970,#3971);
#3969 = CARTESIAN_POINT('',(-80.26172839506,106.,23.206666666667));
#3970 = DIRECTION('',(0.959824626333,0.,0.280600582118));
#3971 = DIRECTION('',(-0.280600582118,0.,0.959824626333));
#3972 = ADVANCED_FACE('',(#3973),#3991,.T.);
#3973 = FACE_BOUND('',#3974,.T.);
#3974 = EDGE_LOOP('',(#3975,#3976,#3984,#3990));
#3975 = ORIENTED_EDGE('',*,*,#3961,.T.);
#3976 = ORIENTED_EDGE('',*,*,#3977,.F.);
#3977 = EDGE_CURVE('',#3978,#3954,#3980,.T.);
#3978 = VERTEX_POINT('',#3979);
#3979 = CARTESIAN_POINT('',(-80.4,220.,24.04));
#3980 = LINE('',#3981,#3982);
#3981 = CARTESIAN_POINT('',(-80.4,220.,24.04));
#3982 = VECTOR('',#3983,1.);
#3983 = DIRECTION('',(0.102178442416,0.,-0.994766086025));
#3984 = ORIENTED_EDGE('',*,*,#3985,.F.);
#3985 = EDGE_CURVE('',#1266,#3978,#3986,.T.);
#3986 = LINE('',#3987,#3988);
#3987 = CARTESIAN_POINT('',(-80.4,24.,24.04));
#3988 = VECTOR('',#3989,1.);
#3989 = DIRECTION('',(0.,1.,0.));
#3990 = ORIENTED_EDGE('',*,*,#1265,.T.);
#3991 = PLANE('',#3992);
#3992 = AXIS2_PLACEMENT_3D('',#3993,#3994,#3995);
#3993 = CARTESIAN_POINT('',(-80.37146776406,106.,23.762222222222));
#3994 = DIRECTION('',(0.994766086025,0.,0.102178442416));
#3995 = DIRECTION('',(-0.102178442416,0.,0.994766086025));
#3996 = ADVANCED_FACE('',(#3997),#4015,.T.);
#3997 = FACE_BOUND('',#3998,.T.);
#3998 = EDGE_LOOP('',(#3999,#4007,#4008,#4009));
#3999 = ORIENTED_EDGE('',*,*,#4000,.F.);
#4000 = EDGE_CURVE('',#1274,#4001,#4003,.T.);
#4001 = VERTEX_POINT('',#4002);
#4002 = CARTESIAN_POINT('',(-80.4,220.,25.04));
#4003 = LINE('',#4004,#4005);
#4004 = CARTESIAN_POINT('',(-80.4,24.,25.04));
#4005 = VECTOR('',#4006,1.);
#4006 = DIRECTION('',(0.,1.,0.));
#4007 = ORIENTED_EDGE('',*,*,#1273,.F.);
#4008 = ORIENTED_EDGE('',*,*,#3985,.T.);
#4009 = ORIENTED_EDGE('',*,*,#4010,.T.);
#4010 = EDGE_CURVE('',#3978,#4001,#4011,.T.);
#4011 = LINE('',#4012,#4013);
#4012 = CARTESIAN_POINT('',(-80.4,220.,14.04));
#4013 = VECTOR('',#4014,1.);
#4014 = DIRECTION('',(0.,0.,1.));
#4015 = PLANE('',#4016);
#4016 = AXIS2_PLACEMENT_3D('',#4017,#4018,#4019);
#4017 = CARTESIAN_POINT('',(-80.4,106.,24.54));
#4018 = DIRECTION('',(1.,0.,0.));
#4019 = DIRECTION('',(-0.,0.,1.));
#4020 = ADVANCED_FACE('',(#4021),#4039,.T.);
#4021 = FACE_BOUND('',#4022,.T.);
#4022 = EDGE_LOOP('',(#4023,#4031,#4032,#4033));
#4023 = ORIENTED_EDGE('',*,*,#4024,.F.);
#4024 = EDGE_CURVE('',#1282,#4025,#4027,.T.);
#4025 = VERTEX_POINT('',#4026);
#4026 = CARTESIAN_POINT('',(-80.34293552812,220.,25.595555555556));
#4027 = LINE('',#4028,#4029);
#4028 = CARTESIAN_POINT('',(-80.34293552812,24.,25.595555555556));
#4029 = VECTOR('',#4030,1.);
#4030 = DIRECTION('',(0.,1.,0.));
#4031 = ORIENTED_EDGE('',*,*,#1281,.F.);
#4032 = ORIENTED_EDGE('',*,*,#4000,.T.);
#4033 = ORIENTED_EDGE('',*,*,#4034,.T.);
#4034 = EDGE_CURVE('',#4001,#4025,#4035,.T.);
#4035 = LINE('',#4036,#4037);
#4036 = CARTESIAN_POINT('',(-80.4,220.,25.04));
#4037 = VECTOR('',#4038,1.);
#4038 = DIRECTION('',(0.102178442416,0.,0.994766086025));
#4039 = PLANE('',#4040);
#4040 = AXIS2_PLACEMENT_3D('',#4041,#4042,#4043);
#4041 = CARTESIAN_POINT('',(-80.37146776406,106.,25.317777777778));
#4042 = DIRECTION('',(0.994766086025,0.,-0.102178442416));
#4043 = DIRECTION('',(0.102178442416,0.,0.994766086025));
#4044 = ADVANCED_FACE('',(#4045),#4063,.T.);
#4045 = FACE_BOUND('',#4046,.T.);
#4046 = EDGE_LOOP('',(#4047,#4055,#4056,#4057));
#4047 = ORIENTED_EDGE('',*,*,#4048,.F.);
#4048 = EDGE_CURVE('',#1290,#4049,#4051,.T.);
#4049 = VERTEX_POINT('',#4050);
#4050 = CARTESIAN_POINT('',(-80.180521262,220.,26.151111111111));
#4051 = LINE('',#4052,#4053);
#4052 = CARTESIAN_POINT('',(-80.180521262,24.,26.151111111111));
#4053 = VECTOR('',#4054,1.);
#4054 = DIRECTION('',(0.,1.,0.));
#4055 = ORIENTED_EDGE('',*,*,#1289,.F.);
#4056 = ORIENTED_EDGE('',*,*,#4024,.T.);
#4057 = ORIENTED_EDGE('',*,*,#4058,.T.);
#4058 = EDGE_CURVE('',#4025,#4049,#4059,.T.);
#4059 = LINE('',#4060,#4061);
#4060 = CARTESIAN_POINT('',(-80.34293552812,220.,25.595555555556));
#4061 = VECTOR('',#4062,1.);
#4062 = DIRECTION('',(0.280600582118,0.,0.959824626333));
#4063 = PLANE('',#4064);
#4064 = AXIS2_PLACEMENT_3D('',#4065,#4066,#4067);
#4065 = CARTESIAN_POINT('',(-80.26172839506,106.,25.873333333333));
#4066 = DIRECTION('',(0.959824626333,0.,-0.280600582118));
#4067 = DIRECTION('',(0.280600582118,0.,0.959824626333));
#4068 = ADVANCED_FACE('',(#4069),#4087,.T.);
#4069 = FACE_BOUND('',#4070,.T.);
#4070 = EDGE_LOOP('',(#4071,#4079,#4080,#4081));
#4071 = ORIENTED_EDGE('',*,*,#4072,.F.);
#4072 = EDGE_CURVE('',#1298,#4073,#4075,.T.);
#4073 = VERTEX_POINT('',#4074);
#4074 = CARTESIAN_POINT('',(-79.92592592592,220.,26.706666666667));
#4075 = LINE('',#4076,#4077);
#4076 = CARTESIAN_POINT('',(-79.92592592592,24.,26.706666666667));
#4077 = VECTOR('',#4078,1.);
#4078 = DIRECTION('',(0.,1.,0.));
#4079 = ORIENTED_EDGE('',*,*,#1297,.F.);
#4080 = ORIENTED_EDGE('',*,*,#4048,.T.);
#4081 = ORIENTED_EDGE('',*,*,#4082,.T.);
#4082 = EDGE_CURVE('',#4049,#4073,#4083,.T.);
#4083 = LINE('',#4084,#4085);
#4084 = CARTESIAN_POINT('',(-80.180521262,220.,26.151111111111));
#4085 = VECTOR('',#4086,1.);
#4086 = DIRECTION('',(0.416608335402,0.,0.909086076713));
#4087 = PLANE('',#4088);
#4088 = AXIS2_PLACEMENT_3D('',#4089,#4090,#4091);
#4089 = CARTESIAN_POINT('',(-80.05322359396,106.,26.428888888889));
#4090 = DIRECTION('',(0.909086076713,0.,-0.416608335402));
#4091 = DIRECTION('',(0.416608335402,0.,0.909086076713));
#4092 = ADVANCED_FACE('',(#4093),#4111,.T.);
#4093 = FACE_BOUND('',#4094,.T.);
#4094 = EDGE_LOOP('',(#4095,#4103,#4104,#4105));
#4095 = ORIENTED_EDGE('',*,*,#4096,.F.);
#4096 = EDGE_CURVE('',#1306,#4097,#4099,.T.);
#4097 = VERTEX_POINT('',#4098);
#4098 = CARTESIAN_POINT('',(-79.59231824417,220.,27.262222222222));
#4099 = LINE('',#4100,#4101);
#4100 = CARTESIAN_POINT('',(-79.59231824417,24.,27.262222222222));
#4101 = VECTOR('',#4102,1.);
#4102 = DIRECTION('',(0.,1.,0.));
#4103 = ORIENTED_EDGE('',*,*,#1305,.F.);
#4104 = ORIENTED_EDGE('',*,*,#4072,.T.);
#4105 = ORIENTED_EDGE('',*,*,#4106,.T.);
#4106 = EDGE_CURVE('',#4073,#4097,#4107,.T.);
#4107 = LINE('',#4108,#4109);
#4108 = CARTESIAN_POINT('',(-79.92592592592,220.,26.706666666667));
#4109 = VECTOR('',#4110,1.);
#4110 = DIRECTION('',(0.514807016402,0.,0.857306092282));
#4111 = PLANE('',#4112);
#4112 = AXIS2_PLACEMENT_3D('',#4113,#4114,#4115);
#4113 = CARTESIAN_POINT('',(-79.75912208504,106.,26.984444444444));
#4114 = DIRECTION('',(0.857306092282,0.,-0.514807016402));
#4115 = DIRECTION('',(0.514807016402,0.,0.857306092282));
#4116 = ADVANCED_FACE('',(#4117),#4135,.T.);
#4117 = FACE_BOUND('',#4118,.T.);
#4118 = EDGE_LOOP('',(#4119,#4127,#4128,#4129));
#4119 = ORIENTED_EDGE('',*,*,#4120,.F.);
#4120 = EDGE_CURVE('',#1314,#4121,#4123,.T.);
#4121 = VERTEX_POINT('',#4122);
#4122 = CARTESIAN_POINT('',(-79.19286694101,220.,27.817777777778));
#4123 = LINE('',#4124,#4125);
#4124 = CARTESIAN_POINT('',(-79.19286694101,24.,27.817777777778));
#4125 = VECTOR('',#4126,1.);
#4126 = DIRECTION('',(0.,1.,0.));
#4127 = ORIENTED_EDGE('',*,*,#1313,.F.);
#4128 = ORIENTED_EDGE('',*,*,#4096,.T.);
#4129 = ORIENTED_EDGE('',*,*,#4130,.T.);
#4130 = EDGE_CURVE('',#4097,#4121,#4131,.T.);
#4131 = LINE('',#4132,#4133);
#4132 = CARTESIAN_POINT('',(-79.59231824417,220.,27.262222222222));
#4133 = VECTOR('',#4134,1.);
#4134 = DIRECTION('',(0.583776486487,0.,0.811914412869));
#4135 = PLANE('',#4136);
#4136 = AXIS2_PLACEMENT_3D('',#4137,#4138,#4139);
#4137 = CARTESIAN_POINT('',(-79.39259259259,106.,27.54));
#4138 = DIRECTION('',(0.811914412869,0.,-0.583776486487));
#4139 = DIRECTION('',(0.583776486487,0.,0.811914412869));
#4140 = ADVANCED_FACE('',(#4141),#4159,.T.);
#4141 = FACE_BOUND('',#4142,.T.);
#4142 = EDGE_LOOP('',(#4143,#4151,#4152,#4153));
#4143 = ORIENTED_EDGE('',*,*,#4144,.F.);
#4144 = EDGE_CURVE('',#1322,#4145,#4147,.T.);
#4145 = VERTEX_POINT('',#4146);
#4146 = CARTESIAN_POINT('',(-78.74074074074,220.,28.373333333333));
#4147 = LINE('',#4148,#4149);
#4148 = CARTESIAN_POINT('',(-78.74074074074,24.,28.373333333333));
#4149 = VECTOR('',#4150,1.);
#4150 = DIRECTION('',(0.,1.,0.));
#4151 = ORIENTED_EDGE('',*,*,#1321,.F.);
#4152 = ORIENTED_EDGE('',*,*,#4120,.T.);
#4153 = ORIENTED_EDGE('',*,*,#4154,.T.);
#4154 = EDGE_CURVE('',#4121,#4145,#4155,.T.);
#4155 = LINE('',#4156,#4157);
#4156 = CARTESIAN_POINT('',(-79.19286694101,220.,27.817777777778));
#4157 = VECTOR('',#4158,1.);
#4158 = DIRECTION('',(0.631212461229,0.,0.77560997208));
#4159 = PLANE('',#4160);
#4160 = AXIS2_PLACEMENT_3D('',#4161,#4162,#4163);
#4161 = CARTESIAN_POINT('',(-78.96680384087,106.,28.095555555556));
#4162 = DIRECTION('',(0.77560997208,0.,-0.631212461229));
#4163 = DIRECTION('',(0.631212461229,0.,0.77560997208));
#4164 = ADVANCED_FACE('',(#4165),#4183,.T.);
#4165 = FACE_BOUND('',#4166,.T.);
#4166 = EDGE_LOOP('',(#4167,#4175,#4176,#4177));
#4167 = ORIENTED_EDGE('',*,*,#4168,.F.);
#4168 = EDGE_CURVE('',#1330,#4169,#4171,.T.);
#4169 = VERTEX_POINT('',#4170);
#4170 = CARTESIAN_POINT('',(-78.24910836762,220.,28.928888888889));
#4171 = LINE('',#4172,#4173);
#4172 = CARTESIAN_POINT('',(-78.24910836762,24.,28.928888888889));
#4173 = VECTOR('',#4174,1.);
#4174 = DIRECTION('',(0.,1.,0.));
#4175 = ORIENTED_EDGE('',*,*,#1329,.F.);
#4176 = ORIENTED_EDGE('',*,*,#4144,.T.);
#4177 = ORIENTED_EDGE('',*,*,#4178,.T.);
#4178 = EDGE_CURVE('',#4145,#4169,#4179,.T.);
#4179 = LINE('',#4180,#4181);
#4180 = CARTESIAN_POINT('',(-78.74074074074,220.,28.373333333333));
#4181 = VECTOR('',#4182,1.);
#4182 = DIRECTION('',(0.662709521533,0.,0.748876551956));
#4183 = PLANE('',#4184);
#4184 = AXIS2_PLACEMENT_3D('',#4185,#4186,#4187);
#4185 = CARTESIAN_POINT('',(-78.49492455418,106.,28.651111111111));
#4186 = DIRECTION('',(0.748876551956,0.,-0.662709521533));
#4187 = DIRECTION('',(0.662709521533,0.,0.748876551956));
#4188 = ADVANCED_FACE('',(#4189),#4214,.T.);
#4189 = FACE_BOUND('',#4190,.T.);
#4190 = EDGE_LOOP('',(#4191,#4197,#4198,#4199,#4207,#4213));
#4191 = ORIENTED_EDGE('',*,*,#4192,.F.);
#4192 = EDGE_CURVE('',#1338,#2087,#4193,.T.);
#4193 = LINE('',#4194,#4195);
#4194 = CARTESIAN_POINT('',(-77.73113854595,24.,29.484444444444));
#4195 = VECTOR('',#4196,1.);
#4196 = DIRECTION('',(0.,1.,0.));
#4197 = ORIENTED_EDGE('',*,*,#1337,.F.);
#4198 = ORIENTED_EDGE('',*,*,#4168,.T.);
#4199 = ORIENTED_EDGE('',*,*,#4200,.T.);
#4200 = EDGE_CURVE('',#4169,#4201,#4203,.T.);
#4201 = VERTEX_POINT('',#4202);
#4202 = CARTESIAN_POINT('',(-78.,220.,29.196073446328));
#4203 = LINE('',#4204,#4205);
#4204 = CARTESIAN_POINT('',(-78.24910836762,220.,28.928888888889));
#4205 = VECTOR('',#4206,1.);
#4206 = DIRECTION('',(0.681932082106,0.,0.731415501199));
#4207 = ORIENTED_EDGE('',*,*,#4208,.F.);
#4208 = EDGE_CURVE('',#2095,#4201,#4209,.T.);
#4209 = LINE('',#4210,#4211);
#4210 = CARTESIAN_POINT('',(-78.,159.48212792774,29.196073446328));
#4211 = VECTOR('',#4212,1.);
#4212 = DIRECTION('',(-0.,1.,0.));
#4213 = ORIENTED_EDGE('',*,*,#2094,.T.);
#4214 = PLANE('',#4215);
#4215 = AXIS2_PLACEMENT_3D('',#4216,#4217,#4218);
#4216 = CARTESIAN_POINT('',(-77.99012345679,106.,29.206666666667));
#4217 = DIRECTION('',(0.731415501199,0.,-0.681932082106));
#4218 = DIRECTION('',(0.681932082106,0.,0.731415501199));
#4219 = ADVANCED_FACE('',(#4220),#4231,.T.);
#4220 = FACE_BOUND('',#4221,.T.);
#4221 = EDGE_LOOP('',(#4222,#4228,#4229,#4230));
#4222 = ORIENTED_EDGE('',*,*,#4223,.F.);
#4223 = EDGE_CURVE('',#1346,#2079,#4224,.T.);
#4224 = LINE('',#4225,#4226);
#4225 = CARTESIAN_POINT('',(-76.66886145404,24.,30.595555555556));
#4226 = VECTOR('',#4227,1.);
#4227 = DIRECTION('',(0.,1.,0.));
#4228 = ORIENTED_EDGE('',*,*,#1345,.F.);
#4229 = ORIENTED_EDGE('',*,*,#4192,.T.);
#4230 = ORIENTED_EDGE('',*,*,#2086,.T.);
#4231 = PLANE('',#4232);
#4232 = AXIS2_PLACEMENT_3D('',#4233,#4234,#4235);
#4233 = CARTESIAN_POINT('',(-77.2,106.,30.04));
#4234 = DIRECTION('',(0.722812379162,0.,-0.691044328918));
#4235 = DIRECTION('',(0.691044328918,0.,0.722812379162));
#4236 = ADVANCED_FACE('',(#4237),#4248,.T.);
#4237 = FACE_BOUND('',#4238,.T.);
#4238 = EDGE_LOOP('',(#4239,#4245,#4246,#4247));
#4239 = ORIENTED_EDGE('',*,*,#4240,.F.);
#4240 = EDGE_CURVE('',#1354,#2071,#4241,.T.);
#4241 = LINE('',#4242,#4243);
#4242 = CARTESIAN_POINT('',(-76.15089163237,24.,31.151111111111));
#4243 = VECTOR('',#4244,1.);
#4244 = DIRECTION('',(0.,1.,0.));
#4245 = ORIENTED_EDGE('',*,*,#1353,.F.);
#4246 = ORIENTED_EDGE('',*,*,#4223,.T.);
#4247 = ORIENTED_EDGE('',*,*,#2078,.T.);
#4248 = PLANE('',#4249);
#4249 = AXIS2_PLACEMENT_3D('',#4250,#4251,#4252);
#4250 = CARTESIAN_POINT('',(-76.40987654321,106.,30.873333333333));
#4251 = DIRECTION('',(0.731415501199,0.,-0.681932082106));
#4252 = DIRECTION('',(0.681932082106,0.,0.731415501199));
#4253 = ADVANCED_FACE('',(#4254),#4265,.T.);
#4254 = FACE_BOUND('',#4255,.T.);
#4255 = EDGE_LOOP('',(#4256,#4262,#4263,#4264));
#4256 = ORIENTED_EDGE('',*,*,#4257,.F.);
#4257 = EDGE_CURVE('',#1362,#2063,#4258,.T.);
#4258 = LINE('',#4259,#4260);
#4259 = CARTESIAN_POINT('',(-75.65925925925,24.,31.706666666667));
#4260 = VECTOR('',#4261,1.);
#4261 = DIRECTION('',(0.,1.,0.));
#4262 = ORIENTED_EDGE('',*,*,#1361,.F.);
#4263 = ORIENTED_EDGE('',*,*,#4240,.T.);
#4264 = ORIENTED_EDGE('',*,*,#2070,.T.);
#4265 = PLANE('',#4266);
#4266 = AXIS2_PLACEMENT_3D('',#4267,#4268,#4269);
#4267 = CARTESIAN_POINT('',(-75.90507544581,106.,31.428888888889));
#4268 = DIRECTION('',(0.748876551956,0.,-0.662709521533));
#4269 = DIRECTION('',(0.662709521533,0.,0.748876551956));
#4270 = ADVANCED_FACE('',(#4271),#4282,.T.);
#4271 = FACE_BOUND('',#4272,.T.);
#4272 = EDGE_LOOP('',(#4273,#4279,#4280,#4281));
#4273 = ORIENTED_EDGE('',*,*,#4274,.F.);
#4274 = EDGE_CURVE('',#1370,#2055,#4275,.T.);
#4275 = LINE('',#4276,#4277);
#4276 = CARTESIAN_POINT('',(-75.20713305898,24.,32.262222222222));
#4277 = VECTOR('',#4278,1.);
#4278 = DIRECTION('',(0.,1.,0.));
#4279 = ORIENTED_EDGE('',*,*,#1369,.F.);
#4280 = ORIENTED_EDGE('',*,*,#4257,.T.);
#4281 = ORIENTED_EDGE('',*,*,#2062,.T.);
#4282 = PLANE('',#4283);
#4283 = AXIS2_PLACEMENT_3D('',#4284,#4285,#4286);
#4284 = CARTESIAN_POINT('',(-75.43319615912,106.,31.984444444444));
#4285 = DIRECTION('',(0.77560997208,0.,-0.631212461229));
#4286 = DIRECTION('',(0.631212461229,0.,0.77560997208));
#4287 = ADVANCED_FACE('',(#4288),#4299,.T.);
#4288 = FACE_BOUND('',#4289,.T.);
#4289 = EDGE_LOOP('',(#4290,#4296,#4297,#4298));
#4290 = ORIENTED_EDGE('',*,*,#4291,.F.);
#4291 = EDGE_CURVE('',#1378,#2047,#4292,.T.);
#4292 = LINE('',#4293,#4294);
#4293 = CARTESIAN_POINT('',(-74.80768175583,24.,32.817777777778));
#4294 = VECTOR('',#4295,1.);
#4295 = DIRECTION('',(0.,1.,0.));
#4296 = ORIENTED_EDGE('',*,*,#1377,.F.);
#4297 = ORIENTED_EDGE('',*,*,#4274,.T.);
#4298 = ORIENTED_EDGE('',*,*,#2054,.T.);
#4299 = PLANE('',#4300);
#4300 = AXIS2_PLACEMENT_3D('',#4301,#4302,#4303);
#4301 = CARTESIAN_POINT('',(-75.0074074074,106.,32.54));
#4302 = DIRECTION('',(0.811914412869,0.,-0.583776486487));
#4303 = DIRECTION('',(0.583776486487,0.,0.811914412869));
#4304 = ADVANCED_FACE('',(#4305),#4316,.T.);
#4305 = FACE_BOUND('',#4306,.T.);
#4306 = EDGE_LOOP('',(#4307,#4313,#4314,#4315));
#4307 = ORIENTED_EDGE('',*,*,#4308,.F.);
#4308 = EDGE_CURVE('',#1386,#2039,#4309,.T.);
#4309 = LINE('',#4310,#4311);
#4310 = CARTESIAN_POINT('',(-74.47407407407,24.,33.373333333333));
#4311 = VECTOR('',#4312,1.);
#4312 = DIRECTION('',(0.,1.,0.));
#4313 = ORIENTED_EDGE('',*,*,#1385,.F.);
#4314 = ORIENTED_EDGE('',*,*,#4291,.T.);
#4315 = ORIENTED_EDGE('',*,*,#2046,.T.);
#4316 = PLANE('',#4317);
#4317 = AXIS2_PLACEMENT_3D('',#4318,#4319,#4320);
#4318 = CARTESIAN_POINT('',(-74.64087791495,106.,33.095555555556));
#4319 = DIRECTION('',(0.857306092282,0.,-0.514807016402));
#4320 = DIRECTION('',(0.514807016402,0.,0.857306092282));
#4321 = ADVANCED_FACE('',(#4322),#4333,.T.);
#4322 = FACE_BOUND('',#4323,.T.);
#4323 = EDGE_LOOP('',(#4324,#4330,#4331,#4332));
#4324 = ORIENTED_EDGE('',*,*,#4325,.F.);
#4325 = EDGE_CURVE('',#1394,#2031,#4326,.T.);
#4326 = LINE('',#4327,#4328);
#4327 = CARTESIAN_POINT('',(-74.21947873799,24.,33.928888888889));
#4328 = VECTOR('',#4329,1.);
#4329 = DIRECTION('',(0.,1.,0.));
#4330 = ORIENTED_EDGE('',*,*,#1393,.F.);
#4331 = ORIENTED_EDGE('',*,*,#4308,.T.);
#4332 = ORIENTED_EDGE('',*,*,#2038,.T.);
#4333 = PLANE('',#4334);
#4334 = AXIS2_PLACEMENT_3D('',#4335,#4336,#4337);
#4335 = CARTESIAN_POINT('',(-74.34677640603,106.,33.651111111111));
#4336 = DIRECTION('',(0.909086076713,0.,-0.416608335402));
#4337 = DIRECTION('',(0.416608335402,0.,0.909086076713));
#4338 = ADVANCED_FACE('',(#4339),#4350,.T.);
#4339 = FACE_BOUND('',#4340,.T.);
#4340 = EDGE_LOOP('',(#4341,#4347,#4348,#4349));
#4341 = ORIENTED_EDGE('',*,*,#4342,.F.);
#4342 = EDGE_CURVE('',#1402,#2023,#4343,.T.);
#4343 = LINE('',#4344,#4345);
#4344 = CARTESIAN_POINT('',(-74.05706447187,-8.,34.484444444444));
#4345 = VECTOR('',#4346,1.);
#4346 = DIRECTION('',(0.,1.,0.));
#4347 = ORIENTED_EDGE('',*,*,#1401,.F.);
#4348 = ORIENTED_EDGE('',*,*,#4325,.T.);
#4349 = ORIENTED_EDGE('',*,*,#2030,.T.);
#4350 = PLANE('',#4351);
#4351 = AXIS2_PLACEMENT_3D('',#4352,#4353,#4354);
#4352 = CARTESIAN_POINT('',(-74.13827160493,106.,34.206666666667));
#4353 = DIRECTION('',(0.959824626333,0.,-0.280600582118));
#4354 = DIRECTION('',(0.280600582118,0.,0.959824626333));
#4355 = ADVANCED_FACE('',(#4356),#4367,.T.);
#4356 = FACE_BOUND('',#4357,.T.);
#4357 = EDGE_LOOP('',(#4358,#4364,#4365,#4366));
#4358 = ORIENTED_EDGE('',*,*,#4359,.F.);
#4359 = EDGE_CURVE('',#1410,#2015,#4360,.T.);
#4360 = LINE('',#4361,#4362);
#4361 = CARTESIAN_POINT('',(-74.,-8.,35.04));
#4362 = VECTOR('',#4363,1.);
#4363 = DIRECTION('',(-0.,1.,0.));
#4364 = ORIENTED_EDGE('',*,*,#1409,.F.);
#4365 = ORIENTED_EDGE('',*,*,#4342,.T.);
#4366 = ORIENTED_EDGE('',*,*,#2022,.T.);
#4367 = PLANE('',#4368);
#4368 = AXIS2_PLACEMENT_3D('',#4369,#4370,#4371);
#4369 = CARTESIAN_POINT('',(-74.02853223594,106.,34.762222222222));
#4370 = DIRECTION('',(0.994766086025,0.,-0.102178442416));
#4371 = DIRECTION('',(0.102178442416,0.,0.994766086025));
#4372 = ADVANCED_FACE('',(#4373),#4379,.T.);
#4373 = FACE_BOUND('',#4374,.T.);
#4374 = EDGE_LOOP('',(#4375,#4376,#4377,#4378));
#4375 = ORIENTED_EDGE('',*,*,#2952,.F.);
#4376 = ORIENTED_EDGE('',*,*,#1417,.F.);
#4377 = ORIENTED_EDGE('',*,*,#4359,.T.);
#4378 = ORIENTED_EDGE('',*,*,#2014,.T.);
#4379 = PLANE('',#4380);
#4380 = AXIS2_PLACEMENT_3D('',#4381,#4382,#4383);
#4381 = CARTESIAN_POINT('',(-74.,104.,37.29));
#4382 = DIRECTION('',(1.,0.,0.));
#4383 = DIRECTION('',(-0.,0.,1.));
#4384 = ADVANCED_FACE('',(#4385),#4396,.T.);
#4385 = FACE_BOUND('',#4386,.T.);
#4386 = EDGE_LOOP('',(#4387,#4388,#4389,#4390));
#4387 = ORIENTED_EDGE('',*,*,#1440,.T.);
#4388 = ORIENTED_EDGE('',*,*,#3341,.T.);
#4389 = ORIENTED_EDGE('',*,*,#3358,.T.);
#4390 = ORIENTED_EDGE('',*,*,#4391,.F.);
#4391 = EDGE_CURVE('',#1441,#3359,#4392,.T.);
#4392 = LINE('',#4393,#4394);
#4393 = CARTESIAN_POINT('',(-105.780521262,24.,33.928888888889));
#4394 = VECTOR('',#4395,1.);
#4395 = DIRECTION('',(0.,1.,0.));
#4396 = PLANE('',#4397);
#4397 = AXIS2_PLACEMENT_3D('',#4398,#4399,#4400);
#4398 = CARTESIAN_POINT('',(-105.861728395,106.,34.206666666667));
#4399 = DIRECTION('',(-0.959824626333,-0.,-0.280600582118));
#4400 = DIRECTION('',(0.280600582118,0.,-0.959824626333));
#4401 = ADVANCED_FACE('',(#4402),#4413,.T.);
#4402 = FACE_BOUND('',#4403,.T.);
#4403 = EDGE_LOOP('',(#4404,#4405,#4406,#4407));
#4404 = ORIENTED_EDGE('',*,*,#1448,.T.);
#4405 = ORIENTED_EDGE('',*,*,#4391,.T.);
#4406 = ORIENTED_EDGE('',*,*,#3366,.T.);
#4407 = ORIENTED_EDGE('',*,*,#4408,.F.);
#4408 = EDGE_CURVE('',#1449,#3367,#4409,.T.);
#4409 = LINE('',#4410,#4411);
#4410 = CARTESIAN_POINT('',(-105.5259259259,24.,33.373333333333));
#4411 = VECTOR('',#4412,1.);
#4412 = DIRECTION('',(0.,1.,0.));
#4413 = PLANE('',#4414);
#4414 = AXIS2_PLACEMENT_3D('',#4415,#4416,#4417);
#4415 = CARTESIAN_POINT('',(-105.6532235939,106.,33.651111111111));
#4416 = DIRECTION('',(-0.909086076713,-0.,-0.416608335402));
#4417 = DIRECTION('',(0.416608335402,0.,-0.909086076713));
#4418 = ADVANCED_FACE('',(#4419),#4430,.T.);
#4419 = FACE_BOUND('',#4420,.T.);
#4420 = EDGE_LOOP('',(#4421,#4422,#4423,#4424));
#4421 = ORIENTED_EDGE('',*,*,#1456,.T.);
#4422 = ORIENTED_EDGE('',*,*,#4408,.T.);
#4423 = ORIENTED_EDGE('',*,*,#3374,.T.);
#4424 = ORIENTED_EDGE('',*,*,#4425,.F.);
#4425 = EDGE_CURVE('',#1457,#3375,#4426,.T.);
#4426 = LINE('',#4427,#4428);
#4427 = CARTESIAN_POINT('',(-105.1923182441,24.,32.817777777778));
#4428 = VECTOR('',#4429,1.);
#4429 = DIRECTION('',(0.,1.,0.));
#4430 = PLANE('',#4431);
#4431 = AXIS2_PLACEMENT_3D('',#4432,#4433,#4434);
#4432 = CARTESIAN_POINT('',(-105.359122085,106.,33.095555555556));
#4433 = DIRECTION('',(-0.857306092282,-0.,-0.514807016402));
#4434 = DIRECTION('',(0.514807016402,0.,-0.857306092282));
#4435 = ADVANCED_FACE('',(#4436),#4447,.T.);
#4436 = FACE_BOUND('',#4437,.T.);
#4437 = EDGE_LOOP('',(#4438,#4439,#4440,#4441));
#4438 = ORIENTED_EDGE('',*,*,#1464,.T.);
#4439 = ORIENTED_EDGE('',*,*,#4425,.T.);
#4440 = ORIENTED_EDGE('',*,*,#3382,.T.);
#4441 = ORIENTED_EDGE('',*,*,#4442,.F.);
#4442 = EDGE_CURVE('',#1465,#3383,#4443,.T.);
#4443 = LINE('',#4444,#4445);
#4444 = CARTESIAN_POINT('',(-104.792866941,24.,32.262222222222));
#4445 = VECTOR('',#4446,1.);
#4446 = DIRECTION('',(0.,1.,0.));
#4447 = PLANE('',#4448);
#4448 = AXIS2_PLACEMENT_3D('',#4449,#4450,#4451);
#4449 = CARTESIAN_POINT('',(-104.9925925925,106.,32.54));
#4450 = DIRECTION('',(-0.811914412869,-0.,-0.583776486487));
#4451 = DIRECTION('',(0.583776486487,0.,-0.811914412869));
#4452 = ADVANCED_FACE('',(#4453),#4464,.T.);
#4453 = FACE_BOUND('',#4454,.T.);
#4454 = EDGE_LOOP('',(#4455,#4456,#4457,#4458));
#4455 = ORIENTED_EDGE('',*,*,#1472,.T.);
#4456 = ORIENTED_EDGE('',*,*,#4442,.T.);
#4457 = ORIENTED_EDGE('',*,*,#3390,.T.);
#4458 = ORIENTED_EDGE('',*,*,#4459,.F.);
#4459 = EDGE_CURVE('',#1473,#3391,#4460,.T.);
#4460 = LINE('',#4461,#4462);
#4461 = CARTESIAN_POINT('',(-104.3407407407,24.,31.706666666667));
#4462 = VECTOR('',#4463,1.);
#4463 = DIRECTION('',(0.,1.,0.));
#4464 = PLANE('',#4465);
#4465 = AXIS2_PLACEMENT_3D('',#4466,#4467,#4468);
#4466 = CARTESIAN_POINT('',(-104.5668038408,106.,31.984444444444));
#4467 = DIRECTION('',(-0.77560997208,-0.,-0.631212461229));
#4468 = DIRECTION('',(0.631212461229,0.,-0.77560997208));
#4469 = ADVANCED_FACE('',(#4470),#4481,.T.);
#4470 = FACE_BOUND('',#4471,.T.);
#4471 = EDGE_LOOP('',(#4472,#4473,#4474,#4475));
#4472 = ORIENTED_EDGE('',*,*,#1480,.T.);
#4473 = ORIENTED_EDGE('',*,*,#4459,.T.);
#4474 = ORIENTED_EDGE('',*,*,#3398,.T.);
#4475 = ORIENTED_EDGE('',*,*,#4476,.F.);
#4476 = EDGE_CURVE('',#1481,#3399,#4477,.T.);
#4477 = LINE('',#4478,#4479);
#4478 = CARTESIAN_POINT('',(-103.8491083676,24.,31.151111111111));
#4479 = VECTOR('',#4480,1.);
#4480 = DIRECTION('',(0.,1.,0.));
#4481 = PLANE('',#4482);
#4482 = AXIS2_PLACEMENT_3D('',#4483,#4484,#4485);
#4483 = CARTESIAN_POINT('',(-104.0949245541,106.,31.428888888889));
#4484 = DIRECTION('',(-0.748876551956,-0.,-0.662709521533));
#4485 = DIRECTION('',(0.662709521533,0.,-0.748876551956));
#4486 = ADVANCED_FACE('',(#4487),#4498,.T.);
#4487 = FACE_BOUND('',#4488,.T.);
#4488 = EDGE_LOOP('',(#4489,#4490,#4491,#4492));
#4489 = ORIENTED_EDGE('',*,*,#1488,.T.);
#4490 = ORIENTED_EDGE('',*,*,#4476,.T.);
#4491 = ORIENTED_EDGE('',*,*,#3406,.T.);
#4492 = ORIENTED_EDGE('',*,*,#4493,.F.);
#4493 = EDGE_CURVE('',#1489,#3407,#4494,.T.);
#4494 = LINE('',#4495,#4496);
#4495 = CARTESIAN_POINT('',(-103.3311385459,24.,30.595555555556));
#4496 = VECTOR('',#4497,1.);
#4497 = DIRECTION('',(0.,1.,0.));
#4498 = PLANE('',#4499);
#4499 = AXIS2_PLACEMENT_3D('',#4500,#4501,#4502);
#4500 = CARTESIAN_POINT('',(-103.5901234567,106.,30.873333333333));
#4501 = DIRECTION('',(-0.731415501199,-0.,-0.681932082106));
#4502 = DIRECTION('',(0.681932082106,0.,-0.731415501199));
#4503 = ADVANCED_FACE('',(#4504),#4531,.T.);
#4504 = FACE_BOUND('',#4505,.T.);
#4505 = EDGE_LOOP('',(#4506,#4514,#4515,#4516,#4517,#4525));
#4506 = ORIENTED_EDGE('',*,*,#4507,.F.);
#4507 = EDGE_CURVE('',#1497,#4508,#4510,.T.);
#4508 = VERTEX_POINT('',#4509);
#4509 = CARTESIAN_POINT('',(-102.268861454,220.,29.484444444444));
#4510 = LINE('',#4511,#4512);
#4511 = CARTESIAN_POINT('',(-102.268861454,24.,29.484444444444));
#4512 = VECTOR('',#4513,1.);
#4513 = DIRECTION('',(0.,1.,0.));
#4514 = ORIENTED_EDGE('',*,*,#1496,.T.);
#4515 = ORIENTED_EDGE('',*,*,#4493,.T.);
#4516 = ORIENTED_EDGE('',*,*,#3414,.T.);
#4517 = ORIENTED_EDGE('',*,*,#4518,.F.);
#4518 = EDGE_CURVE('',#4519,#3415,#4521,.T.);
#4519 = VERTEX_POINT('',#4520);
#4520 = CARTESIAN_POINT('',(-102.8,220.,30.04));
#4521 = LINE('',#4522,#4523);
#4522 = CARTESIAN_POINT('',(-102.8,162.9,30.04));
#4523 = VECTOR('',#4524,1.);
#4524 = DIRECTION('',(0.,-1.,0.));
#4525 = ORIENTED_EDGE('',*,*,#4526,.F.);
#4526 = EDGE_CURVE('',#4508,#4519,#4527,.T.);
#4527 = LINE('',#4528,#4529);
#4528 = CARTESIAN_POINT('',(-102.268861454,220.,29.484444444444));
#4529 = VECTOR('',#4530,1.);
#4530 = DIRECTION('',(-0.691044328918,0.,0.722812379162));
#4531 = PLANE('',#4532);
#4532 = AXIS2_PLACEMENT_3D('',#4533,#4534,#4535);
#4533 = CARTESIAN_POINT('',(-102.8,106.,30.04));
#4534 = DIRECTION('',(-0.722812379162,-0.,-0.691044328918));
#4535 = DIRECTION('',(0.691044328918,0.,-0.722812379162));
#4536 = ADVANCED_FACE('',(#4537),#4555,.T.);
#4537 = FACE_BOUND('',#4538,.T.);
#4538 = EDGE_LOOP('',(#4539,#4540,#4548,#4554));
#4539 = ORIENTED_EDGE('',*,*,#4507,.T.);
#4540 = ORIENTED_EDGE('',*,*,#4541,.F.);
#4541 = EDGE_CURVE('',#4542,#4508,#4544,.T.);
#4542 = VERTEX_POINT('',#4543);
#4543 = CARTESIAN_POINT('',(-101.7508916323,220.,28.928888888889));
#4544 = LINE('',#4545,#4546);
#4545 = CARTESIAN_POINT('',(-101.7508916323,220.,28.928888888889));
#4546 = VECTOR('',#4547,1.);
#4547 = DIRECTION('',(-0.681932082106,0.,0.731415501199));
#4548 = ORIENTED_EDGE('',*,*,#4549,.F.);
#4549 = EDGE_CURVE('',#1505,#4542,#4550,.T.);
#4550 = LINE('',#4551,#4552);
#4551 = CARTESIAN_POINT('',(-101.7508916323,24.,28.928888888889));
#4552 = VECTOR('',#4553,1.);
#4553 = DIRECTION('',(0.,1.,0.));
#4554 = ORIENTED_EDGE('',*,*,#1504,.T.);
#4555 = PLANE('',#4556);
#4556 = AXIS2_PLACEMENT_3D('',#4557,#4558,#4559);
#4557 = CARTESIAN_POINT('',(-102.0098765432,106.,29.206666666667));
#4558 = DIRECTION('',(-0.731415501199,-0.,-0.681932082106));
#4559 = DIRECTION('',(0.681932082106,0.,-0.731415501199));
#4560 = ADVANCED_FACE('',(#4561),#4579,.T.);
#4561 = FACE_BOUND('',#4562,.T.);
#4562 = EDGE_LOOP('',(#4563,#4564,#4572,#4578));
#4563 = ORIENTED_EDGE('',*,*,#4549,.T.);
#4564 = ORIENTED_EDGE('',*,*,#4565,.F.);
#4565 = EDGE_CURVE('',#4566,#4542,#4568,.T.);
#4566 = VERTEX_POINT('',#4567);
#4567 = CARTESIAN_POINT('',(-101.2592592592,220.,28.373333333333));
#4568 = LINE('',#4569,#4570);
#4569 = CARTESIAN_POINT('',(-101.2592592592,220.,28.373333333333));
#4570 = VECTOR('',#4571,1.);
#4571 = DIRECTION('',(-0.662709521533,0.,0.748876551956));
#4572 = ORIENTED_EDGE('',*,*,#4573,.F.);
#4573 = EDGE_CURVE('',#1513,#4566,#4574,.T.);
#4574 = LINE('',#4575,#4576);
#4575 = CARTESIAN_POINT('',(-101.2592592592,24.,28.373333333333));
#4576 = VECTOR('',#4577,1.);
#4577 = DIRECTION('',(0.,1.,0.));
#4578 = ORIENTED_EDGE('',*,*,#1512,.T.);
#4579 = PLANE('',#4580);
#4580 = AXIS2_PLACEMENT_3D('',#4581,#4582,#4583);
#4581 = CARTESIAN_POINT('',(-101.5050754458,106.,28.651111111111));
#4582 = DIRECTION('',(-0.748876551956,-0.,-0.662709521533));
#4583 = DIRECTION('',(0.662709521533,0.,-0.748876551956));
#4584 = ADVANCED_FACE('',(#4585),#4603,.T.);
#4585 = FACE_BOUND('',#4586,.T.);
#4586 = EDGE_LOOP('',(#4587,#4588,#4596,#4602));
#4587 = ORIENTED_EDGE('',*,*,#4573,.T.);
#4588 = ORIENTED_EDGE('',*,*,#4589,.F.);
#4589 = EDGE_CURVE('',#4590,#4566,#4592,.T.);
#4590 = VERTEX_POINT('',#4591);
#4591 = CARTESIAN_POINT('',(-100.8071330589,220.,27.817777777778));
#4592 = LINE('',#4593,#4594);
#4593 = CARTESIAN_POINT('',(-100.8071330589,220.,27.817777777778));
#4594 = VECTOR('',#4595,1.);
#4595 = DIRECTION('',(-0.631212461229,0.,0.77560997208));
#4596 = ORIENTED_EDGE('',*,*,#4597,.F.);
#4597 = EDGE_CURVE('',#1521,#4590,#4598,.T.);
#4598 = LINE('',#4599,#4600);
#4599 = CARTESIAN_POINT('',(-100.8071330589,24.,27.817777777778));
#4600 = VECTOR('',#4601,1.);
#4601 = DIRECTION('',(0.,1.,0.));
#4602 = ORIENTED_EDGE('',*,*,#1520,.T.);
#4603 = PLANE('',#4604);
#4604 = AXIS2_PLACEMENT_3D('',#4605,#4606,#4607);
#4605 = CARTESIAN_POINT('',(-101.0331961591,106.,28.095555555556));
#4606 = DIRECTION('',(-0.77560997208,-0.,-0.631212461229));
#4607 = DIRECTION('',(0.631212461229,0.,-0.77560997208));
#4608 = ADVANCED_FACE('',(#4609),#4627,.T.);
#4609 = FACE_BOUND('',#4610,.T.);
#4610 = EDGE_LOOP('',(#4611,#4612,#4620,#4626));
#4611 = ORIENTED_EDGE('',*,*,#4597,.T.);
#4612 = ORIENTED_EDGE('',*,*,#4613,.F.);
#4613 = EDGE_CURVE('',#4614,#4590,#4616,.T.);
#4614 = VERTEX_POINT('',#4615);
#4615 = CARTESIAN_POINT('',(-100.4076817558,220.,27.262222222222));
#4616 = LINE('',#4617,#4618);
#4617 = CARTESIAN_POINT('',(-100.4076817558,220.,27.262222222222));
#4618 = VECTOR('',#4619,1.);
#4619 = DIRECTION('',(-0.583776486487,0.,0.811914412869));
#4620 = ORIENTED_EDGE('',*,*,#4621,.F.);
#4621 = EDGE_CURVE('',#1529,#4614,#4622,.T.);
#4622 = LINE('',#4623,#4624);
#4623 = CARTESIAN_POINT('',(-100.4076817558,24.,27.262222222222));
#4624 = VECTOR('',#4625,1.);
#4625 = DIRECTION('',(0.,1.,0.));
#4626 = ORIENTED_EDGE('',*,*,#1528,.T.);
#4627 = PLANE('',#4628);
#4628 = AXIS2_PLACEMENT_3D('',#4629,#4630,#4631);
#4629 = CARTESIAN_POINT('',(-100.6074074074,106.,27.54));
#4630 = DIRECTION('',(-0.811914412869,-0.,-0.583776486487));
#4631 = DIRECTION('',(0.583776486487,0.,-0.811914412869));
#4632 = ADVANCED_FACE('',(#4633),#4651,.T.);
#4633 = FACE_BOUND('',#4634,.T.);
#4634 = EDGE_LOOP('',(#4635,#4636,#4644,#4650));
#4635 = ORIENTED_EDGE('',*,*,#4621,.T.);
#4636 = ORIENTED_EDGE('',*,*,#4637,.F.);
#4637 = EDGE_CURVE('',#4638,#4614,#4640,.T.);
#4638 = VERTEX_POINT('',#4639);
#4639 = CARTESIAN_POINT('',(-100.074074074,220.,26.706666666667));
#4640 = LINE('',#4641,#4642);
#4641 = CARTESIAN_POINT('',(-100.074074074,220.,26.706666666667));
#4642 = VECTOR('',#4643,1.);
#4643 = DIRECTION('',(-0.514807016402,0.,0.857306092282));
#4644 = ORIENTED_EDGE('',*,*,#4645,.F.);
#4645 = EDGE_CURVE('',#1537,#4638,#4646,.T.);
#4646 = LINE('',#4647,#4648);
#4647 = CARTESIAN_POINT('',(-100.074074074,24.,26.706666666667));
#4648 = VECTOR('',#4649,1.);
#4649 = DIRECTION('',(0.,1.,0.));
#4650 = ORIENTED_EDGE('',*,*,#1536,.T.);
#4651 = PLANE('',#4652);
#4652 = AXIS2_PLACEMENT_3D('',#4653,#4654,#4655);
#4653 = CARTESIAN_POINT('',(-100.2408779149,106.,26.984444444444));
#4654 = DIRECTION('',(-0.857306092282,-0.,-0.514807016402));
#4655 = DIRECTION('',(0.514807016402,0.,-0.857306092282));
#4656 = ADVANCED_FACE('',(#4657),#4675,.T.);
#4657 = FACE_BOUND('',#4658,.T.);
#4658 = EDGE_LOOP('',(#4659,#4660,#4668,#4674));
#4659 = ORIENTED_EDGE('',*,*,#4645,.T.);
#4660 = ORIENTED_EDGE('',*,*,#4661,.F.);
#4661 = EDGE_CURVE('',#4662,#4638,#4664,.T.);
#4662 = VERTEX_POINT('',#4663);
#4663 = CARTESIAN_POINT('',(-99.81947873799,220.,26.151111111111));
#4664 = LINE('',#4665,#4666);
#4665 = CARTESIAN_POINT('',(-99.81947873799,220.,26.151111111111));
#4666 = VECTOR('',#4667,1.);
#4667 = DIRECTION('',(-0.416608335402,0.,0.909086076713));
#4668 = ORIENTED_EDGE('',*,*,#4669,.F.);
#4669 = EDGE_CURVE('',#1545,#4662,#4670,.T.);
#4670 = LINE('',#4671,#4672);
#4671 = CARTESIAN_POINT('',(-99.81947873799,24.,26.151111111111));
#4672 = VECTOR('',#4673,1.);
#4673 = DIRECTION('',(0.,1.,0.));
#4674 = ORIENTED_EDGE('',*,*,#1544,.T.);
#4675 = PLANE('',#4676);
#4676 = AXIS2_PLACEMENT_3D('',#4677,#4678,#4679);
#4677 = CARTESIAN_POINT('',(-99.94677640603,106.,26.428888888889));
#4678 = DIRECTION('',(-0.909086076713,-0.,-0.416608335402));
#4679 = DIRECTION('',(0.416608335402,0.,-0.909086076713));
#4680 = ADVANCED_FACE('',(#4681),#4699,.T.);
#4681 = FACE_BOUND('',#4682,.T.);
#4682 = EDGE_LOOP('',(#4683,#4684,#4692,#4698));
#4683 = ORIENTED_EDGE('',*,*,#4669,.T.);
#4684 = ORIENTED_EDGE('',*,*,#4685,.F.);
#4685 = EDGE_CURVE('',#4686,#4662,#4688,.T.);
#4686 = VERTEX_POINT('',#4687);
#4687 = CARTESIAN_POINT('',(-99.65706447187,220.,25.595555555556));
#4688 = LINE('',#4689,#4690);
#4689 = CARTESIAN_POINT('',(-99.65706447187,220.,25.595555555556));
#4690 = VECTOR('',#4691,1.);
#4691 = DIRECTION('',(-0.280600582118,0.,0.959824626333));
#4692 = ORIENTED_EDGE('',*,*,#4693,.F.);
#4693 = EDGE_CURVE('',#1553,#4686,#4694,.T.);
#4694 = LINE('',#4695,#4696);
#4695 = CARTESIAN_POINT('',(-99.65706447187,24.,25.595555555556));
#4696 = VECTOR('',#4697,1.);
#4697 = DIRECTION('',(0.,1.,0.));
#4698 = ORIENTED_EDGE('',*,*,#1552,.T.);
#4699 = PLANE('',#4700);
#4700 = AXIS2_PLACEMENT_3D('',#4701,#4702,#4703);
#4701 = CARTESIAN_POINT('',(-99.73827160493,106.,25.873333333333));
#4702 = DIRECTION('',(-0.959824626333,-0.,-0.280600582118));
#4703 = DIRECTION('',(0.280600582118,0.,-0.959824626333));
#4704 = ADVANCED_FACE('',(#4705),#4723,.T.);
#4705 = FACE_BOUND('',#4706,.T.);
#4706 = EDGE_LOOP('',(#4707,#4708,#4716,#4722));
#4707 = ORIENTED_EDGE('',*,*,#4693,.T.);
#4708 = ORIENTED_EDGE('',*,*,#4709,.F.);
#4709 = EDGE_CURVE('',#4710,#4686,#4712,.T.);
#4710 = VERTEX_POINT('',#4711);
#4711 = CARTESIAN_POINT('',(-99.6,220.,25.04));
#4712 = LINE('',#4713,#4714);
#4713 = CARTESIAN_POINT('',(-99.6,220.,25.04));
#4714 = VECTOR('',#4715,1.);
#4715 = DIRECTION('',(-0.102178442416,0.,0.994766086025));
#4716 = ORIENTED_EDGE('',*,*,#4717,.F.);
#4717 = EDGE_CURVE('',#1561,#4710,#4718,.T.);
#4718 = LINE('',#4719,#4720);
#4719 = CARTESIAN_POINT('',(-99.6,24.,25.04));
#4720 = VECTOR('',#4721,1.);
#4721 = DIRECTION('',(0.,1.,0.));
#4722 = ORIENTED_EDGE('',*,*,#1560,.T.);
#4723 = PLANE('',#4724);
#4724 = AXIS2_PLACEMENT_3D('',#4725,#4726,#4727);
#4725 = CARTESIAN_POINT('',(-99.62853223594,106.,25.317777777778));
#4726 = DIRECTION('',(-0.994766086025,-0.,-0.102178442416));
#4727 = DIRECTION('',(0.102178442416,0.,-0.994766086025));
#4728 = ADVANCED_FACE('',(#4729),#4747,.T.);
#4729 = FACE_BOUND('',#4730,.T.);
#4730 = EDGE_LOOP('',(#4731,#4732,#4740,#4746));
#4731 = ORIENTED_EDGE('',*,*,#4717,.T.);
#4732 = ORIENTED_EDGE('',*,*,#4733,.F.);
#4733 = EDGE_CURVE('',#4734,#4710,#4736,.T.);
#4734 = VERTEX_POINT('',#4735);
#4735 = CARTESIAN_POINT('',(-99.6,220.,24.04));
#4736 = LINE('',#4737,#4738);
#4737 = CARTESIAN_POINT('',(-99.6,220.,14.04));
#4738 = VECTOR('',#4739,1.);
#4739 = DIRECTION('',(0.,0.,1.));
#4740 = ORIENTED_EDGE('',*,*,#4741,.F.);
#4741 = EDGE_CURVE('',#1569,#4734,#4742,.T.);
#4742 = LINE('',#4743,#4744);
#4743 = CARTESIAN_POINT('',(-99.6,24.,24.04));
#4744 = VECTOR('',#4745,1.);
#4745 = DIRECTION('',(0.,1.,0.));
#4746 = ORIENTED_EDGE('',*,*,#1568,.T.);
#4747 = PLANE('',#4748);
#4748 = AXIS2_PLACEMENT_3D('',#4749,#4750,#4751);
#4749 = CARTESIAN_POINT('',(-99.6,106.,24.54));
#4750 = DIRECTION('',(-1.,-0.,-0.));
#4751 = DIRECTION('',(0.,0.,-1.));
#4752 = ADVANCED_FACE('',(#4753),#4771,.T.);
#4753 = FACE_BOUND('',#4754,.T.);
#4754 = EDGE_LOOP('',(#4755,#4763,#4764,#4765));
#4755 = ORIENTED_EDGE('',*,*,#4756,.F.);
#4756 = EDGE_CURVE('',#1577,#4757,#4759,.T.);
#4757 = VERTEX_POINT('',#4758);
#4758 = CARTESIAN_POINT('',(-99.65706447187,220.,23.484444444444));
#4759 = LINE('',#4760,#4761);
#4760 = CARTESIAN_POINT('',(-99.65706447187,24.,23.484444444444));
#4761 = VECTOR('',#4762,1.);
#4762 = DIRECTION('',(0.,1.,0.));
#4763 = ORIENTED_EDGE('',*,*,#1576,.F.);
#4764 = ORIENTED_EDGE('',*,*,#4741,.T.);
#4765 = ORIENTED_EDGE('',*,*,#4766,.T.);
#4766 = EDGE_CURVE('',#4734,#4757,#4767,.T.);
#4767 = LINE('',#4768,#4769);
#4768 = CARTESIAN_POINT('',(-99.6,220.,24.04));
#4769 = VECTOR('',#4770,1.);
#4770 = DIRECTION('',(-0.102178442416,0.,-0.994766086025));
#4771 = PLANE('',#4772);
#4772 = AXIS2_PLACEMENT_3D('',#4773,#4774,#4775);
#4773 = CARTESIAN_POINT('',(-99.62853223594,106.,23.762222222222));
#4774 = DIRECTION('',(-0.994766086025,-0.,0.102178442416));
#4775 = DIRECTION('',(-0.102178442416,0.,-0.994766086025));
#4776 = ADVANCED_FACE('',(#4777),#4795,.T.);
#4777 = FACE_BOUND('',#4778,.T.);
#4778 = EDGE_LOOP('',(#4779,#4787,#4788,#4789));
#4779 = ORIENTED_EDGE('',*,*,#4780,.F.);
#4780 = EDGE_CURVE('',#1585,#4781,#4783,.T.);
#4781 = VERTEX_POINT('',#4782);
#4782 = CARTESIAN_POINT('',(-99.81947873799,220.,22.928888888889));
#4783 = LINE('',#4784,#4785);
#4784 = CARTESIAN_POINT('',(-99.81947873799,24.,22.928888888889));
#4785 = VECTOR('',#4786,1.);
#4786 = DIRECTION('',(0.,1.,0.));
#4787 = ORIENTED_EDGE('',*,*,#1584,.F.);
#4788 = ORIENTED_EDGE('',*,*,#4756,.T.);
#4789 = ORIENTED_EDGE('',*,*,#4790,.T.);
#4790 = EDGE_CURVE('',#4757,#4781,#4791,.T.);
#4791 = LINE('',#4792,#4793);
#4792 = CARTESIAN_POINT('',(-99.65706447187,220.,23.484444444444));
#4793 = VECTOR('',#4794,1.);
#4794 = DIRECTION('',(-0.280600582118,0.,-0.959824626333));
#4795 = PLANE('',#4796);
#4796 = AXIS2_PLACEMENT_3D('',#4797,#4798,#4799);
#4797 = CARTESIAN_POINT('',(-99.73827160493,106.,23.206666666667));
#4798 = DIRECTION('',(-0.959824626333,-0.,0.280600582118));
#4799 = DIRECTION('',(-0.280600582118,0.,-0.959824626333));
#4800 = ADVANCED_FACE('',(#4801),#4819,.T.);
#4801 = FACE_BOUND('',#4802,.T.);
#4802 = EDGE_LOOP('',(#4803,#4811,#4812,#4813));
#4803 = ORIENTED_EDGE('',*,*,#4804,.F.);
#4804 = EDGE_CURVE('',#1593,#4805,#4807,.T.);
#4805 = VERTEX_POINT('',#4806);
#4806 = CARTESIAN_POINT('',(-100.074074074,220.,22.373333333333));
#4807 = LINE('',#4808,#4809);
#4808 = CARTESIAN_POINT('',(-100.074074074,24.,22.373333333333));
#4809 = VECTOR('',#4810,1.);
#4810 = DIRECTION('',(0.,1.,0.));
#4811 = ORIENTED_EDGE('',*,*,#1592,.F.);
#4812 = ORIENTED_EDGE('',*,*,#4780,.T.);
#4813 = ORIENTED_EDGE('',*,*,#4814,.T.);
#4814 = EDGE_CURVE('',#4781,#4805,#4815,.T.);
#4815 = LINE('',#4816,#4817);
#4816 = CARTESIAN_POINT('',(-99.81947873799,220.,22.928888888889));
#4817 = VECTOR('',#4818,1.);
#4818 = DIRECTION('',(-0.416608335402,0.,-0.909086076713));
#4819 = PLANE('',#4820);
#4820 = AXIS2_PLACEMENT_3D('',#4821,#4822,#4823);
#4821 = CARTESIAN_POINT('',(-99.94677640603,106.,22.651111111111));
#4822 = DIRECTION('',(-0.909086076713,-0.,0.416608335402));
#4823 = DIRECTION('',(-0.416608335402,0.,-0.909086076713));
#4824 = ADVANCED_FACE('',(#4825),#4843,.T.);
#4825 = FACE_BOUND('',#4826,.T.);
#4826 = EDGE_LOOP('',(#4827,#4835,#4836,#4837));
#4827 = ORIENTED_EDGE('',*,*,#4828,.F.);
#4828 = EDGE_CURVE('',#1601,#4829,#4831,.T.);
#4829 = VERTEX_POINT('',#4830);
#4830 = CARTESIAN_POINT('',(-100.4076817558,220.,21.817777777778));
#4831 = LINE('',#4832,#4833);
#4832 = CARTESIAN_POINT('',(-100.4076817558,24.,21.817777777778));
#4833 = VECTOR('',#4834,1.);
#4834 = DIRECTION('',(0.,1.,0.));
#4835 = ORIENTED_EDGE('',*,*,#1600,.F.);
#4836 = ORIENTED_EDGE('',*,*,#4804,.T.);
#4837 = ORIENTED_EDGE('',*,*,#4838,.T.);
#4838 = EDGE_CURVE('',#4805,#4829,#4839,.T.);
#4839 = LINE('',#4840,#4841);
#4840 = CARTESIAN_POINT('',(-100.074074074,220.,22.373333333333));
#4841 = VECTOR('',#4842,1.);
#4842 = DIRECTION('',(-0.514807016402,0.,-0.857306092282));
#4843 = PLANE('',#4844);
#4844 = AXIS2_PLACEMENT_3D('',#4845,#4846,#4847);
#4845 = CARTESIAN_POINT('',(-100.2408779149,106.,22.095555555556));
#4846 = DIRECTION('',(-0.857306092282,-0.,0.514807016402));
#4847 = DIRECTION('',(-0.514807016402,0.,-0.857306092282));
#4848 = ADVANCED_FACE('',(#4849),#4867,.T.);
#4849 = FACE_BOUND('',#4850,.T.);
#4850 = EDGE_LOOP('',(#4851,#4859,#4860,#4861));
#4851 = ORIENTED_EDGE('',*,*,#4852,.F.);
#4852 = EDGE_CURVE('',#1609,#4853,#4855,.T.);
#4853 = VERTEX_POINT('',#4854);
#4854 = CARTESIAN_POINT('',(-100.8071330589,220.,21.262222222222));
#4855 = LINE('',#4856,#4857);
#4856 = CARTESIAN_POINT('',(-100.8071330589,24.,21.262222222222));
#4857 = VECTOR('',#4858,1.);
#4858 = DIRECTION('',(0.,1.,0.));
#4859 = ORIENTED_EDGE('',*,*,#1608,.F.);
#4860 = ORIENTED_EDGE('',*,*,#4828,.T.);
#4861 = ORIENTED_EDGE('',*,*,#4862,.T.);
#4862 = EDGE_CURVE('',#4829,#4853,#4863,.T.);
#4863 = LINE('',#4864,#4865);
#4864 = CARTESIAN_POINT('',(-100.4076817558,220.,21.817777777778));
#4865 = VECTOR('',#4866,1.);
#4866 = DIRECTION('',(-0.583776486487,0.,-0.811914412869));
#4867 = PLANE('',#4868);
#4868 = AXIS2_PLACEMENT_3D('',#4869,#4870,#4871);
#4869 = CARTESIAN_POINT('',(-100.6074074074,106.,21.54));
#4870 = DIRECTION('',(-0.811914412869,-0.,0.583776486487));
#4871 = DIRECTION('',(-0.583776486487,0.,-0.811914412869));
#4872 = ADVANCED_FACE('',(#4873),#4891,.T.);
#4873 = FACE_BOUND('',#4874,.T.);
#4874 = EDGE_LOOP('',(#4875,#4883,#4884,#4885));
#4875 = ORIENTED_EDGE('',*,*,#4876,.F.);
#4876 = EDGE_CURVE('',#1617,#4877,#4879,.T.);
#4877 = VERTEX_POINT('',#4878);
#4878 = CARTESIAN_POINT('',(-101.2592592592,220.,20.706666666667));
#4879 = LINE('',#4880,#4881);
#4880 = CARTESIAN_POINT('',(-101.2592592592,24.,20.706666666667));
#4881 = VECTOR('',#4882,1.);
#4882 = DIRECTION('',(0.,1.,0.));
#4883 = ORIENTED_EDGE('',*,*,#1616,.F.);
#4884 = ORIENTED_EDGE('',*,*,#4852,.T.);
#4885 = ORIENTED_EDGE('',*,*,#4886,.T.);
#4886 = EDGE_CURVE('',#4853,#4877,#4887,.T.);
#4887 = LINE('',#4888,#4889);
#4888 = CARTESIAN_POINT('',(-100.8071330589,220.,21.262222222222));
#4889 = VECTOR('',#4890,1.);
#4890 = DIRECTION('',(-0.631212461229,0.,-0.77560997208));
#4891 = PLANE('',#4892);
#4892 = AXIS2_PLACEMENT_3D('',#4893,#4894,#4895);
#4893 = CARTESIAN_POINT('',(-101.0331961591,106.,20.984444444444));
#4894 = DIRECTION('',(-0.77560997208,-0.,0.631212461229));
#4895 = DIRECTION('',(-0.631212461229,0.,-0.77560997208));
#4896 = ADVANCED_FACE('',(#4897),#4915,.T.);
#4897 = FACE_BOUND('',#4898,.T.);
#4898 = EDGE_LOOP('',(#4899,#4907,#4908,#4909));
#4899 = ORIENTED_EDGE('',*,*,#4900,.F.);
#4900 = EDGE_CURVE('',#1625,#4901,#4903,.T.);
#4901 = VERTEX_POINT('',#4902);
#4902 = CARTESIAN_POINT('',(-101.7508916323,220.,20.151111111111));
#4903 = LINE('',#4904,#4905);
#4904 = CARTESIAN_POINT('',(-101.7508916323,24.,20.151111111111));
#4905 = VECTOR('',#4906,1.);
#4906 = DIRECTION('',(0.,1.,0.));
#4907 = ORIENTED_EDGE('',*,*,#1624,.F.);
#4908 = ORIENTED_EDGE('',*,*,#4876,.T.);
#4909 = ORIENTED_EDGE('',*,*,#4910,.T.);
#4910 = EDGE_CURVE('',#4877,#4901,#4911,.T.);
#4911 = LINE('',#4912,#4913);
#4912 = CARTESIAN_POINT('',(-101.2592592592,220.,20.706666666667));
#4913 = VECTOR('',#4914,1.);
#4914 = DIRECTION('',(-0.662709521533,0.,-0.748876551956));
#4915 = PLANE('',#4916);
#4916 = AXIS2_PLACEMENT_3D('',#4917,#4918,#4919);
#4917 = CARTESIAN_POINT('',(-101.5050754458,106.,20.428888888889));
#4918 = DIRECTION('',(-0.748876551956,-0.,0.662709521533));
#4919 = DIRECTION('',(-0.662709521533,0.,-0.748876551956));
#4920 = ADVANCED_FACE('',(#4921),#4932,.T.);
#4921 = FACE_BOUND('',#4922,.T.);
#4922 = EDGE_LOOP('',(#4923,#4924,#4925,#4926));
#4923 = ORIENTED_EDGE('',*,*,#3453,.F.);
#4924 = ORIENTED_EDGE('',*,*,#1632,.F.);
#4925 = ORIENTED_EDGE('',*,*,#4900,.T.);
#4926 = ORIENTED_EDGE('',*,*,#4927,.T.);
#4927 = EDGE_CURVE('',#4901,#3454,#4928,.T.);
#4928 = LINE('',#4929,#4930);
#4929 = CARTESIAN_POINT('',(-101.7508916323,220.,20.151111111111));
#4930 = VECTOR('',#4931,1.);
#4931 = DIRECTION('',(-0.681932082106,0.,-0.731415501199));
#4932 = PLANE('',#4933);
#4933 = AXIS2_PLACEMENT_3D('',#4934,#4935,#4936);
#4934 = CARTESIAN_POINT('',(-102.0098765432,106.,19.873333333333));
#4935 = DIRECTION('',(-0.731415501199,-0.,0.681932082106));
#4936 = DIRECTION('',(-0.681932082106,0.,-0.731415501199));
#4937 = ADVANCED_FACE('',(#4938,#4959),#4970,.T.);
#4938 = FACE_BOUND('',#4939,.T.);
#4939 = EDGE_LOOP('',(#4940,#4941,#4942,#4943,#4952));
#4940 = ORIENTED_EDGE('',*,*,#3723,.F.);
#4941 = ORIENTED_EDGE('',*,*,#1657,.T.);
#4942 = ORIENTED_EDGE('',*,*,#3494,.T.);
#4943 = ORIENTED_EDGE('',*,*,#4944,.T.);
#4944 = EDGE_CURVE('',#3485,#4945,#4947,.T.);
#4945 = VERTEX_POINT('',#4946);
#4946 = CARTESIAN_POINT('',(-99.,-5.400873841802,-3.165147981523));
#4947 = CIRCLE('',#4948,6.26);
#4948 = AXIS2_PLACEMENT_3D('',#4949,#4950,#4951);
#4949 = CARTESIAN_POINT('',(-99.,0.,0.));
#4950 = DIRECTION('',(1.,0.,0.));
#4951 = DIRECTION('',(-0.,0.,1.));
#4952 = ORIENTED_EDGE('',*,*,#4953,.F.);
#4953 = EDGE_CURVE('',#3724,#4945,#4954,.T.);
#4954 = CIRCLE('',#4955,7.);
#4955 = AXIS2_PLACEMENT_3D('',#4956,#4957,#4958);
#4956 = CARTESIAN_POINT('',(-99.,-12.,-5.5));
#4957 = DIRECTION('',(1.,0.,0.));
#4958 = DIRECTION('',(-0.,0.,1.));
#4959 = FACE_BOUND('',#4960,.T.);
#4960 = EDGE_LOOP('',(#4961));
#4961 = ORIENTED_EDGE('',*,*,#4962,.T.);
#4962 = EDGE_CURVE('',#4963,#4963,#4965,.T.);
#4963 = VERTEX_POINT('',#4964);
#4964 = CARTESIAN_POINT('',(-99.,-12.,-3.2));
#4965 = CIRCLE('',#4966,2.3);
#4966 = AXIS2_PLACEMENT_3D('',#4967,#4968,#4969);
#4967 = CARTESIAN_POINT('',(-99.,-12.,-5.5));
#4968 = DIRECTION('',(1.,0.,0.));
#4969 = DIRECTION('',(-0.,0.,1.));
#4970 = PLANE('',#4971);
#4971 = AXIS2_PLACEMENT_3D('',#4972,#4973,#4974);
#4972 = CARTESIAN_POINT('',(-99.,-10.63296179817,-0.492578677057));
#4973 = DIRECTION('',(-1.,-0.,-0.));
#4974 = DIRECTION('',(0.,0.,-1.));
#4975 = ADVANCED_FACE('',(#4976),#5001,.T.);
#4976 = FACE_BOUND('',#4977,.T.);
#4977 = EDGE_LOOP('',(#4978,#4988,#4994,#4995));
#4978 = ORIENTED_EDGE('',*,*,#4979,.F.);
#4979 = EDGE_CURVE('',#4980,#4982,#4984,.T.);
#4980 = VERTEX_POINT('',#4981);
#4981 = CARTESIAN_POINT('',(-96.4,18.,18.));
#4982 = VERTEX_POINT('',#4983);
#4983 = CARTESIAN_POINT('',(-83.6,18.,18.));
#4984 = LINE('',#4985,#4986);
#4985 = CARTESIAN_POINT('',(-109.,18.,18.));
#4986 = VECTOR('',#4987,1.);
#4987 = DIRECTION('',(1.,0.,-0.));
#4988 = ORIENTED_EDGE('',*,*,#4989,.F.);
#4989 = EDGE_CURVE('',#1666,#4980,#4990,.T.);
#4990 = LINE('',#4991,#4992);
#4991 = CARTESIAN_POINT('',(-96.4,-8.,18.));
#4992 = VECTOR('',#4993,1.);
#4993 = DIRECTION('',(-0.,1.,0.));
#4994 = ORIENTED_EDGE('',*,*,#1665,.T.);
#4995 = ORIENTED_EDGE('',*,*,#4996,.T.);
#4996 = EDGE_CURVE('',#1668,#4982,#4997,.T.);
#4997 = LINE('',#4998,#4999);
#4998 = CARTESIAN_POINT('',(-83.6,-8.,18.));
#4999 = VECTOR('',#5000,1.);
#5000 = DIRECTION('',(-0.,1.,0.));
#5001 = PLANE('',#5002);
#5002 = AXIS2_PLACEMENT_3D('',#5003,#5004,#5005);
#5003 = CARTESIAN_POINT('',(-109.,-8.,18.));
#5004 = DIRECTION('',(0.,0.,1.));
#5005 = DIRECTION('',(1.,0.,-0.));
#5006 = ADVANCED_FACE('',(#5007),#5041,.T.);
#5007 = FACE_BOUND('',#5008,.T.);
#5008 = EDGE_LOOP('',(#5009,#5017,#5018,#5019,#5027,#5035));
#5009 = ORIENTED_EDGE('',*,*,#5010,.F.);
#5010 = EDGE_CURVE('',#1676,#5011,#5013,.T.);
#5011 = VERTEX_POINT('',#5012);
#5012 = CARTESIAN_POINT('',(-96.4,220.,35.04));
#5013 = LINE('',#5014,#5015);
#5014 = CARTESIAN_POINT('',(-96.4,-8.,35.04));
#5015 = VECTOR('',#5016,1.);
#5016 = DIRECTION('',(-0.,1.,0.));
#5017 = ORIENTED_EDGE('',*,*,#1675,.F.);
#5018 = ORIENTED_EDGE('',*,*,#4989,.T.);
#5019 = ORIENTED_EDGE('',*,*,#5020,.T.);
#5020 = EDGE_CURVE('',#4980,#5021,#5023,.T.);
#5021 = VERTEX_POINT('',#5022);
#5022 = CARTESIAN_POINT('',(-96.4,18.,14.04));
#5023 = LINE('',#5024,#5025);
#5024 = CARTESIAN_POINT('',(-96.4,18.,7.02));
#5025 = VECTOR('',#5026,1.);
#5026 = DIRECTION('',(-0.,0.,-1.));
#5027 = ORIENTED_EDGE('',*,*,#5028,.T.);
#5028 = EDGE_CURVE('',#5021,#5029,#5031,.T.);
#5029 = VERTEX_POINT('',#5030);
#5030 = CARTESIAN_POINT('',(-96.4,220.,14.04));
#5031 = LINE('',#5032,#5033);
#5032 = CARTESIAN_POINT('',(-96.4,24.,14.04));
#5033 = VECTOR('',#5034,1.);
#5034 = DIRECTION('',(-0.,1.,0.));
#5035 = ORIENTED_EDGE('',*,*,#5036,.T.);
#5036 = EDGE_CURVE('',#5029,#5011,#5037,.T.);
#5037 = LINE('',#5038,#5039);
#5038 = CARTESIAN_POINT('',(-96.4,220.,14.04));
#5039 = VECTOR('',#5040,1.);
#5040 = DIRECTION('',(0.,0.,1.));
#5041 = PLANE('',#5042);
#5042 = AXIS2_PLACEMENT_3D('',#5043,#5044,#5045);
#5043 = CARTESIAN_POINT('',(-96.4,106.20674698795,24.746746987952));
#5044 = DIRECTION('',(1.,0.,0.));
#5045 = DIRECTION('',(-0.,0.,1.));
#5046 = ADVANCED_FACE('',(#5047),#5097,.T.);
#5047 = FACE_BOUND('',#5048,.T.);
#5048 = EDGE_LOOP('',(#5049,#5059,#5067,#5075,#5081,#5082,#5083,#5091));
#5049 = ORIENTED_EDGE('',*,*,#5050,.T.);
#5050 = EDGE_CURVE('',#5051,#5053,#5055,.T.);
#5051 = VERTEX_POINT('',#5052);
#5052 = CARTESIAN_POINT('',(-102.8,224.815,35.04));
#5053 = VERTEX_POINT('',#5054);
#5054 = CARTESIAN_POINT('',(-78.,224.815,35.04));
#5055 = LINE('',#5056,#5057);
#5056 = CARTESIAN_POINT('',(-53.,224.815,35.04));
#5057 = VECTOR('',#5058,1.);
#5058 = DIRECTION('',(1.,0.,-0.));
#5059 = ORIENTED_EDGE('',*,*,#5060,.F.);
#5060 = EDGE_CURVE('',#5061,#5053,#5063,.T.);
#5061 = VERTEX_POINT('',#5062);
#5062 = CARTESIAN_POINT('',(-78.,220.,35.04));
#5063 = LINE('',#5064,#5065);
#5064 = CARTESIAN_POINT('',(-78.,176.58385154991,35.04));
#5065 = VECTOR('',#5066,1.);
#5066 = DIRECTION('',(0.,1.,0.));
#5067 = ORIENTED_EDGE('',*,*,#5068,.F.);
#5068 = EDGE_CURVE('',#5069,#5061,#5071,.T.);
#5069 = VERTEX_POINT('',#5070);
#5070 = CARTESIAN_POINT('',(-83.6,220.,35.04));
#5071 = LINE('',#5072,#5073);
#5072 = CARTESIAN_POINT('',(-98.,220.,35.04));
#5073 = VECTOR('',#5074,1.);
#5074 = DIRECTION('',(1.,0.,0.));
#5075 = ORIENTED_EDGE('',*,*,#5076,.F.);
#5076 = EDGE_CURVE('',#1684,#5069,#5077,.T.);
#5077 = LINE('',#5078,#5079);
#5078 = CARTESIAN_POINT('',(-83.6,24.,35.04));
#5079 = VECTOR('',#5080,1.);
#5080 = DIRECTION('',(-0.,1.,0.));
#5081 = ORIENTED_EDGE('',*,*,#1683,.F.);
#5082 = ORIENTED_EDGE('',*,*,#5010,.T.);
#5083 = ORIENTED_EDGE('',*,*,#5084,.F.);
#5084 = EDGE_CURVE('',#5085,#5011,#5087,.T.);
#5085 = VERTEX_POINT('',#5086);
#5086 = CARTESIAN_POINT('',(-102.8,220.,35.04));
#5087 = LINE('',#5088,#5089);
#5088 = CARTESIAN_POINT('',(-98.,220.,35.04));
#5089 = VECTOR('',#5090,1.);
#5090 = DIRECTION('',(1.,0.,0.));
#5091 = ORIENTED_EDGE('',*,*,#5092,.F.);
#5092 = EDGE_CURVE('',#5051,#5085,#5093,.T.);
#5093 = LINE('',#5094,#5095);
#5094 = CARTESIAN_POINT('',(-102.8,180.00172362216,35.04));
#5095 = VECTOR('',#5096,1.);
#5096 = DIRECTION('',(0.,-1.,0.));
#5097 = PLANE('',#5098);
#5098 = AXIS2_PLACEMENT_3D('',#5099,#5100,#5101);
#5099 = CARTESIAN_POINT('',(6.049719751932E-15,140.20344724433,35.04));
#5100 = DIRECTION('',(-0.,-0.,-1.));
#5101 = DIRECTION('',(-1.,0.,0.));
#5102 = ADVANCED_FACE('',(#5103),#5130,.T.);
#5103 = FACE_BOUND('',#5104,.T.);
#5104 = EDGE_LOOP('',(#5105,#5106,#5114,#5122,#5128,#5129));
#5105 = ORIENTED_EDGE('',*,*,#5076,.T.);
#5106 = ORIENTED_EDGE('',*,*,#5107,.F.);
#5107 = EDGE_CURVE('',#5108,#5069,#5110,.T.);
#5108 = VERTEX_POINT('',#5109);
#5109 = CARTESIAN_POINT('',(-83.6,220.,14.04));
#5110 = LINE('',#5111,#5112);
#5111 = CARTESIAN_POINT('',(-83.6,220.,14.04));
#5112 = VECTOR('',#5113,1.);
#5113 = DIRECTION('',(0.,0.,1.));
#5114 = ORIENTED_EDGE('',*,*,#5115,.F.);
#5115 = EDGE_CURVE('',#5116,#5108,#5118,.T.);
#5116 = VERTEX_POINT('',#5117);
#5117 = CARTESIAN_POINT('',(-83.6,18.,14.04));
#5118 = LINE('',#5119,#5120);
#5119 = CARTESIAN_POINT('',(-83.6,-8.,14.04));
#5120 = VECTOR('',#5121,1.);
#5121 = DIRECTION('',(-0.,1.,0.));
#5122 = ORIENTED_EDGE('',*,*,#5123,.F.);
#5123 = EDGE_CURVE('',#4982,#5116,#5124,.T.);
#5124 = LINE('',#5125,#5126);
#5125 = CARTESIAN_POINT('',(-83.6,18.,7.02));
#5126 = VECTOR('',#5127,1.);
#5127 = DIRECTION('',(-0.,0.,-1.));
#5128 = ORIENTED_EDGE('',*,*,#4996,.F.);
#5129 = ORIENTED_EDGE('',*,*,#1691,.T.);
#5130 = PLANE('',#5131);
#5131 = AXIS2_PLACEMENT_3D('',#5132,#5133,#5134);
#5132 = CARTESIAN_POINT('',(-83.6,106.20674698795,24.746746987952));
#5133 = DIRECTION('',(-1.,-0.,-0.));
#5134 = DIRECTION('',(0.,0.,-1.));
#5135 = ADVANCED_FACE('',(#5136),#5170,.T.);
#5136 = FACE_BOUND('',#5137,.T.);
#5137 = EDGE_LOOP('',(#5138,#5139,#5140,#5146,#5147,#5155,#5163,#5169));
#5138 = ORIENTED_EDGE('',*,*,#2102,.T.);
#5139 = ORIENTED_EDGE('',*,*,#4208,.T.);
#5140 = ORIENTED_EDGE('',*,*,#5141,.T.);
#5141 = EDGE_CURVE('',#4201,#5061,#5142,.T.);
#5142 = LINE('',#5143,#5144);
#5143 = CARTESIAN_POINT('',(-78.,220.,27.488377927749));
#5144 = VECTOR('',#5145,1.);
#5145 = DIRECTION('',(0.,0.,1.));
#5146 = ORIENTED_EDGE('',*,*,#5060,.T.);
#5147 = ORIENTED_EDGE('',*,*,#5148,.F.);
#5148 = EDGE_CURVE('',#5149,#5053,#5151,.T.);
#5149 = VERTEX_POINT('',#5150);
#5150 = CARTESIAN_POINT('',(-78.,224.815,14.04));
#5151 = LINE('',#5152,#5153);
#5152 = CARTESIAN_POINT('',(-78.,224.815,19.988377927749));
#5153 = VECTOR('',#5154,1.);
#5154 = DIRECTION('',(0.,-0.,1.));
#5155 = ORIENTED_EDGE('',*,*,#5156,.T.);
#5156 = EDGE_CURVE('',#5149,#5157,#5159,.T.);
#5157 = VERTEX_POINT('',#5158);
#5158 = CARTESIAN_POINT('',(-78.,220.,14.04));
#5159 = LINE('',#5160,#5161);
#5160 = CARTESIAN_POINT('',(-78.,188.90598915591,14.04));
#5161 = VECTOR('',#5162,1.);
#5162 = DIRECTION('',(0.,-1.,0.));
#5163 = ORIENTED_EDGE('',*,*,#5164,.T.);
#5164 = EDGE_CURVE('',#5157,#3811,#5165,.T.);
#5165 = LINE('',#5166,#5167);
#5166 = CARTESIAN_POINT('',(-78.,220.,27.488377927749));
#5167 = VECTOR('',#5168,1.);
#5168 = DIRECTION('',(0.,0.,1.));
#5169 = ORIENTED_EDGE('',*,*,#3810,.F.);
#5170 = PLANE('',#5171);
#5171 = AXIS2_PLACEMENT_3D('',#5172,#5173,#5174);
#5172 = CARTESIAN_POINT('',(-78.,210.8101698508,24.54));
#5173 = DIRECTION('',(-1.,-4.011808720954E-16,-0.));
#5174 = DIRECTION('',(4.011808720954E-16,-1.,0.));
#5175 = ADVANCED_FACE('',(#5176),#5194,.T.);
#5176 = FACE_BOUND('',#5177,.T.);
#5177 = EDGE_LOOP('',(#5178,#5186,#5192,#5193));
#5178 = ORIENTED_EDGE('',*,*,#5179,.F.);
#5179 = EDGE_CURVE('',#5180,#1991,#5182,.T.);
#5180 = VERTEX_POINT('',#5181);
#5181 = CARTESIAN_POINT('',(74.,-8.,35.04));
#5182 = LINE('',#5183,#5184);
#5183 = CARTESIAN_POINT('',(74.,24.,35.04));
#5184 = VECTOR('',#5185,1.);
#5185 = DIRECTION('',(-0.,1.,0.));
#5186 = ORIENTED_EDGE('',*,*,#5187,.T.);
#5187 = EDGE_CURVE('',#5180,#2960,#5188,.T.);
#5188 = LINE('',#5189,#5190);
#5189 = CARTESIAN_POINT('',(74.,-8.,35.04));
#5190 = VECTOR('',#5191,1.);
#5191 = DIRECTION('',(0.,0.,1.));
#5192 = ORIENTED_EDGE('',*,*,#2959,.T.);
#5193 = ORIENTED_EDGE('',*,*,#1998,.T.);
#5194 = PLANE('',#5195);
#5195 = AXIS2_PLACEMENT_3D('',#5196,#5197,#5198);
#5196 = CARTESIAN_POINT('',(74.,104.,37.29));
#5197 = DIRECTION('',(-1.,-0.,-0.));
#5198 = DIRECTION('',(0.,0.,-1.));
#5199 = ADVANCED_FACE('',(#5200),#5218,.T.);
#5200 = FACE_BOUND('',#5201,.T.);
#5201 = EDGE_LOOP('',(#5202,#5210,#5216,#5217));
#5202 = ORIENTED_EDGE('',*,*,#5203,.F.);
#5203 = EDGE_CURVE('',#5204,#1983,#5206,.T.);
#5204 = VERTEX_POINT('',#5205);
#5205 = CARTESIAN_POINT('',(74.057064471879,-8.,34.484444444444));
#5206 = LINE('',#5207,#5208);
#5207 = CARTESIAN_POINT('',(74.057064471879,24.,34.484444444444));
#5208 = VECTOR('',#5209,1.);
#5209 = DIRECTION('',(0.,1.,0.));
#5210 = ORIENTED_EDGE('',*,*,#5211,.T.);
#5211 = EDGE_CURVE('',#5204,#5180,#5212,.T.);
#5212 = LINE('',#5213,#5214);
#5213 = CARTESIAN_POINT('',(74.057064471879,-8.,34.484444444444));
#5214 = VECTOR('',#5215,1.);
#5215 = DIRECTION('',(-0.102178442416,0.,0.994766086025));
#5216 = ORIENTED_EDGE('',*,*,#5179,.T.);
#5217 = ORIENTED_EDGE('',*,*,#1990,.T.);
#5218 = PLANE('',#5219);
#5219 = AXIS2_PLACEMENT_3D('',#5220,#5221,#5222);
#5220 = CARTESIAN_POINT('',(74.02853223594,106.,34.762222222222));
#5221 = DIRECTION('',(-0.994766086025,-0.,-0.102178442416));
#5222 = DIRECTION('',(0.102178442416,0.,-0.994766086025));
#5223 = ADVANCED_FACE('',(#5224),#5242,.T.);
#5224 = FACE_BOUND('',#5225,.T.);
#5225 = EDGE_LOOP('',(#5226,#5234,#5240,#5241));
#5226 = ORIENTED_EDGE('',*,*,#5227,.F.);
#5227 = EDGE_CURVE('',#5228,#1975,#5230,.T.);
#5228 = VERTEX_POINT('',#5229);
#5229 = CARTESIAN_POINT('',(74.219478737997,-8.,33.928888888889));
#5230 = LINE('',#5231,#5232);
#5231 = CARTESIAN_POINT('',(74.219478737997,24.,33.928888888889));
#5232 = VECTOR('',#5233,1.);
#5233 = DIRECTION('',(0.,1.,0.));
#5234 = ORIENTED_EDGE('',*,*,#5235,.T.);
#5235 = EDGE_CURVE('',#5228,#5204,#5236,.T.);
#5236 = LINE('',#5237,#5238);
#5237 = CARTESIAN_POINT('',(74.219478737997,-8.,33.928888888889));
#5238 = VECTOR('',#5239,1.);
#5239 = DIRECTION('',(-0.280600582118,0.,0.959824626333));
#5240 = ORIENTED_EDGE('',*,*,#5203,.T.);
#5241 = ORIENTED_EDGE('',*,*,#1982,.T.);
#5242 = PLANE('',#5243);
#5243 = AXIS2_PLACEMENT_3D('',#5244,#5245,#5246);
#5244 = CARTESIAN_POINT('',(74.138271604938,106.,34.206666666667));
#5245 = DIRECTION('',(-0.959824626333,-0.,-0.280600582118));
#5246 = DIRECTION('',(0.280600582118,0.,-0.959824626333));
#5247 = ADVANCED_FACE('',(#5248),#5266,.T.);
#5248 = FACE_BOUND('',#5249,.T.);
#5249 = EDGE_LOOP('',(#5250,#5258,#5264,#5265));
#5250 = ORIENTED_EDGE('',*,*,#5251,.F.);
#5251 = EDGE_CURVE('',#5252,#1967,#5254,.T.);
#5252 = VERTEX_POINT('',#5253);
#5253 = CARTESIAN_POINT('',(74.474074074074,-8.,33.373333333333));
#5254 = LINE('',#5255,#5256);
#5255 = CARTESIAN_POINT('',(74.474074074074,24.,33.373333333333));
#5256 = VECTOR('',#5257,1.);
#5257 = DIRECTION('',(0.,1.,0.));
#5258 = ORIENTED_EDGE('',*,*,#5259,.T.);
#5259 = EDGE_CURVE('',#5252,#5228,#5260,.T.);
#5260 = LINE('',#5261,#5262);
#5261 = CARTESIAN_POINT('',(74.474074074074,-8.,33.373333333333));
#5262 = VECTOR('',#5263,1.);
#5263 = DIRECTION('',(-0.416608335402,0.,0.909086076713));
#5264 = ORIENTED_EDGE('',*,*,#5227,.T.);
#5265 = ORIENTED_EDGE('',*,*,#1974,.T.);
#5266 = PLANE('',#5267);
#5267 = AXIS2_PLACEMENT_3D('',#5268,#5269,#5270);
#5268 = CARTESIAN_POINT('',(74.346776406036,106.,33.651111111111));
#5269 = DIRECTION('',(-0.909086076713,-0.,-0.416608335402));
#5270 = DIRECTION('',(0.416608335402,0.,-0.909086076713));
#5271 = ADVANCED_FACE('',(#5272),#5290,.T.);
#5272 = FACE_BOUND('',#5273,.T.);
#5273 = EDGE_LOOP('',(#5274,#5282,#5288,#5289));
#5274 = ORIENTED_EDGE('',*,*,#5275,.F.);
#5275 = EDGE_CURVE('',#5276,#1959,#5278,.T.);
#5276 = VERTEX_POINT('',#5277);
#5277 = CARTESIAN_POINT('',(74.80768175583,-8.,32.817777777778));
#5278 = LINE('',#5279,#5280);
#5279 = CARTESIAN_POINT('',(74.80768175583,24.,32.817777777778));
#5280 = VECTOR('',#5281,1.);
#5281 = DIRECTION('',(0.,1.,0.));
#5282 = ORIENTED_EDGE('',*,*,#5283,.T.);
#5283 = EDGE_CURVE('',#5276,#5252,#5284,.T.);
#5284 = LINE('',#5285,#5286);
#5285 = CARTESIAN_POINT('',(74.80768175583,-8.,32.817777777778));
#5286 = VECTOR('',#5287,1.);
#5287 = DIRECTION('',(-0.514807016402,0.,0.857306092282));
#5288 = ORIENTED_EDGE('',*,*,#5251,.T.);
#5289 = ORIENTED_EDGE('',*,*,#1966,.T.);
#5290 = PLANE('',#5291);
#5291 = AXIS2_PLACEMENT_3D('',#5292,#5293,#5294);
#5292 = CARTESIAN_POINT('',(74.640877914952,106.,33.095555555556));
#5293 = DIRECTION('',(-0.857306092282,-0.,-0.514807016402));
#5294 = DIRECTION('',(0.514807016402,0.,-0.857306092282));
#5295 = ADVANCED_FACE('',(#5296),#5314,.T.);
#5296 = FACE_BOUND('',#5297,.T.);
#5297 = EDGE_LOOP('',(#5298,#5306,#5312,#5313));
#5298 = ORIENTED_EDGE('',*,*,#5299,.F.);
#5299 = EDGE_CURVE('',#5300,#1951,#5302,.T.);
#5300 = VERTEX_POINT('',#5301);
#5301 = CARTESIAN_POINT('',(75.207133058985,-8.,32.262222222222));
#5302 = LINE('',#5303,#5304);
#5303 = CARTESIAN_POINT('',(75.207133058985,24.,32.262222222222));
#5304 = VECTOR('',#5305,1.);
#5305 = DIRECTION('',(0.,1.,0.));
#5306 = ORIENTED_EDGE('',*,*,#5307,.T.);
#5307 = EDGE_CURVE('',#5300,#5276,#5308,.T.);
#5308 = LINE('',#5309,#5310);
#5309 = CARTESIAN_POINT('',(75.207133058985,-8.,32.262222222222));
#5310 = VECTOR('',#5311,1.);
#5311 = DIRECTION('',(-0.583776486487,0.,0.811914412869));
#5312 = ORIENTED_EDGE('',*,*,#5275,.T.);
#5313 = ORIENTED_EDGE('',*,*,#1958,.T.);
#5314 = PLANE('',#5315);
#5315 = AXIS2_PLACEMENT_3D('',#5316,#5317,#5318);
#5316 = CARTESIAN_POINT('',(75.007407407407,106.,32.54));
#5317 = DIRECTION('',(-0.811914412869,-0.,-0.583776486487));
#5318 = DIRECTION('',(0.583776486487,0.,-0.811914412869));
#5319 = ADVANCED_FACE('',(#5320),#5338,.T.);
#5320 = FACE_BOUND('',#5321,.T.);
#5321 = EDGE_LOOP('',(#5322,#5330,#5336,#5337));
#5322 = ORIENTED_EDGE('',*,*,#5323,.F.);
#5323 = EDGE_CURVE('',#5324,#1943,#5326,.T.);
#5324 = VERTEX_POINT('',#5325);
#5325 = CARTESIAN_POINT('',(75.659259259259,-8.,31.706666666667));
#5326 = LINE('',#5327,#5328);
#5327 = CARTESIAN_POINT('',(75.659259259259,24.,31.706666666667));
#5328 = VECTOR('',#5329,1.);
#5329 = DIRECTION('',(0.,1.,0.));
#5330 = ORIENTED_EDGE('',*,*,#5331,.T.);
#5331 = EDGE_CURVE('',#5324,#5300,#5332,.T.);
#5332 = LINE('',#5333,#5334);
#5333 = CARTESIAN_POINT('',(75.659259259259,-8.,31.706666666667));
#5334 = VECTOR('',#5335,1.);
#5335 = DIRECTION('',(-0.631212461229,0.,0.77560997208));
#5336 = ORIENTED_EDGE('',*,*,#5299,.T.);
#5337 = ORIENTED_EDGE('',*,*,#1950,.T.);
#5338 = PLANE('',#5339);
#5339 = AXIS2_PLACEMENT_3D('',#5340,#5341,#5342);
#5340 = CARTESIAN_POINT('',(75.433196159122,106.,31.984444444444));
#5341 = DIRECTION('',(-0.77560997208,-0.,-0.631212461229));
#5342 = DIRECTION('',(0.631212461229,0.,-0.77560997208));
#5343 = ADVANCED_FACE('',(#5344),#5362,.T.);
#5344 = FACE_BOUND('',#5345,.T.);
#5345 = EDGE_LOOP('',(#5346,#5354,#5360,#5361));
#5346 = ORIENTED_EDGE('',*,*,#5347,.F.);
#5347 = EDGE_CURVE('',#5348,#1935,#5350,.T.);
#5348 = VERTEX_POINT('',#5349);
#5349 = CARTESIAN_POINT('',(76.150891632373,-8.,31.151111111111));
#5350 = LINE('',#5351,#5352);
#5351 = CARTESIAN_POINT('',(76.150891632373,24.,31.151111111111));
#5352 = VECTOR('',#5353,1.);
#5353 = DIRECTION('',(0.,1.,0.));
#5354 = ORIENTED_EDGE('',*,*,#5355,.T.);
#5355 = EDGE_CURVE('',#5348,#5324,#5356,.T.);
#5356 = LINE('',#5357,#5358);
#5357 = CARTESIAN_POINT('',(76.150891632373,-8.,31.151111111111));
#5358 = VECTOR('',#5359,1.);
#5359 = DIRECTION('',(-0.662709521533,0.,0.748876551956));
#5360 = ORIENTED_EDGE('',*,*,#5323,.T.);
#5361 = ORIENTED_EDGE('',*,*,#1942,.T.);
#5362 = PLANE('',#5363);
#5363 = AXIS2_PLACEMENT_3D('',#5364,#5365,#5366);
#5364 = CARTESIAN_POINT('',(75.905075445816,106.,31.428888888889));
#5365 = DIRECTION('',(-0.748876551956,-0.,-0.662709521533));
#5366 = DIRECTION('',(0.662709521533,0.,-0.748876551956));
#5367 = ADVANCED_FACE('',(#5368),#5386,.T.);
#5368 = FACE_BOUND('',#5369,.T.);
#5369 = EDGE_LOOP('',(#5370,#5378,#5384,#5385));
#5370 = ORIENTED_EDGE('',*,*,#5371,.F.);
#5371 = EDGE_CURVE('',#5372,#1927,#5374,.T.);
#5372 = VERTEX_POINT('',#5373);
#5373 = CARTESIAN_POINT('',(76.668861454047,-8.,30.595555555556));
#5374 = LINE('',#5375,#5376);
#5375 = CARTESIAN_POINT('',(76.668861454047,24.,30.595555555556));
#5376 = VECTOR('',#5377,1.);
#5377 = DIRECTION('',(0.,1.,0.));
#5378 = ORIENTED_EDGE('',*,*,#5379,.T.);
#5379 = EDGE_CURVE('',#5372,#5348,#5380,.T.);
#5380 = LINE('',#5381,#5382);
#5381 = CARTESIAN_POINT('',(76.668861454047,-8.,30.595555555556));
#5382 = VECTOR('',#5383,1.);
#5383 = DIRECTION('',(-0.681932082106,0.,0.731415501199));
#5384 = ORIENTED_EDGE('',*,*,#5347,.T.);
#5385 = ORIENTED_EDGE('',*,*,#1934,.T.);
#5386 = PLANE('',#5387);
#5387 = AXIS2_PLACEMENT_3D('',#5388,#5389,#5390);
#5388 = CARTESIAN_POINT('',(76.40987654321,106.,30.873333333333));
#5389 = DIRECTION('',(-0.731415501199,-0.,-0.681932082106));
#5390 = DIRECTION('',(0.681932082106,0.,-0.731415501199));
#5391 = ADVANCED_FACE('',(#5392),#5410,.T.);
#5392 = FACE_BOUND('',#5393,.T.);
#5393 = EDGE_LOOP('',(#5394,#5402,#5408,#5409));
#5394 = ORIENTED_EDGE('',*,*,#5395,.F.);
#5395 = EDGE_CURVE('',#5396,#1919,#5398,.T.);
#5396 = VERTEX_POINT('',#5397);
#5397 = CARTESIAN_POINT('',(77.731138545953,-8.,29.484444444444));
#5398 = LINE('',#5399,#5400);
#5399 = CARTESIAN_POINT('',(77.731138545953,24.,29.484444444444));
#5400 = VECTOR('',#5401,1.);
#5401 = DIRECTION('',(0.,1.,0.));
#5402 = ORIENTED_EDGE('',*,*,#5403,.T.);
#5403 = EDGE_CURVE('',#5396,#5372,#5404,.T.);
#5404 = LINE('',#5405,#5406);
#5405 = CARTESIAN_POINT('',(77.2,-8.,30.04));
#5406 = VECTOR('',#5407,1.);
#5407 = DIRECTION('',(-0.691044328918,0.,0.722812379162));
#5408 = ORIENTED_EDGE('',*,*,#5371,.T.);
#5409 = ORIENTED_EDGE('',*,*,#1926,.T.);
#5410 = PLANE('',#5411);
#5411 = AXIS2_PLACEMENT_3D('',#5412,#5413,#5414);
#5412 = CARTESIAN_POINT('',(77.2,106.,30.04));
#5413 = DIRECTION('',(-0.722812379162,-0.,-0.691044328918));
#5414 = DIRECTION('',(0.691044328918,0.,-0.722812379162));
#5415 = ADVANCED_FACE('',(#5416),#5450,.T.);
#5416 = FACE_BOUND('',#5417,.T.);
#5417 = EDGE_LOOP('',(#5418,#5428,#5434,#5435,#5436,#5444));
#5418 = ORIENTED_EDGE('',*,*,#5419,.F.);
#5419 = EDGE_CURVE('',#5420,#5422,#5424,.T.);
#5420 = VERTEX_POINT('',#5421);
#5421 = CARTESIAN_POINT('',(78.249108367627,-8.,28.928888888889));
#5422 = VERTEX_POINT('',#5423);
#5423 = CARTESIAN_POINT('',(78.249108367627,220.,28.928888888889));
#5424 = LINE('',#5425,#5426);
#5425 = CARTESIAN_POINT('',(78.249108367627,24.,28.928888888889));
#5426 = VECTOR('',#5427,1.);
#5427 = DIRECTION('',(0.,1.,0.));
#5428 = ORIENTED_EDGE('',*,*,#5429,.T.);
#5429 = EDGE_CURVE('',#5420,#5396,#5430,.T.);
#5430 = LINE('',#5431,#5432);
#5431 = CARTESIAN_POINT('',(78.249108367627,-8.,28.928888888889));
#5432 = VECTOR('',#5433,1.);
#5433 = DIRECTION('',(-0.681932082106,0.,0.731415501199));
#5434 = ORIENTED_EDGE('',*,*,#5395,.T.);
#5435 = ORIENTED_EDGE('',*,*,#1918,.T.);
#5436 = ORIENTED_EDGE('',*,*,#5437,.F.);
#5437 = EDGE_CURVE('',#5438,#1911,#5440,.T.);
#5438 = VERTEX_POINT('',#5439);
#5439 = CARTESIAN_POINT('',(78.,220.,29.196073446328));
#5440 = LINE('',#5441,#5442);
#5441 = CARTESIAN_POINT('',(78.,148.29,29.196073446328));
#5442 = VECTOR('',#5443,1.);
#5443 = DIRECTION('',(0.,-1.,0.));
#5444 = ORIENTED_EDGE('',*,*,#5445,.F.);
#5445 = EDGE_CURVE('',#5422,#5438,#5446,.T.);
#5446 = LINE('',#5447,#5448);
#5447 = CARTESIAN_POINT('',(78.249108367627,220.,28.928888888889));
#5448 = VECTOR('',#5449,1.);
#5449 = DIRECTION('',(-0.681932082106,0.,0.731415501199));
#5450 = PLANE('',#5451);
#5451 = AXIS2_PLACEMENT_3D('',#5452,#5453,#5454);
#5452 = CARTESIAN_POINT('',(77.99012345679,106.,29.206666666667));
#5453 = DIRECTION('',(-0.731415501199,-0.,-0.681932082106));
#5454 = DIRECTION('',(0.681932082106,0.,-0.731415501199));
#5455 = ADVANCED_FACE('',(#5456),#5506,.T.);
#5456 = FACE_BOUND('',#5457,.T.);
#5457 = EDGE_LOOP('',(#5458,#5459,#5467,#5475,#5483,#5491,#5499,#5505));
#5458 = ORIENTED_EDGE('',*,*,#1910,.F.);
#5459 = ORIENTED_EDGE('',*,*,#5460,.T.);
#5460 = EDGE_CURVE('',#1903,#5461,#5463,.T.);
#5461 = VERTEX_POINT('',#5462);
#5462 = CARTESIAN_POINT('',(78.,220.,19.883926553672));
#5463 = LINE('',#5464,#5465);
#5464 = CARTESIAN_POINT('',(78.,159.48212792774,19.883926553672));
#5465 = VECTOR('',#5466,1.);
#5466 = DIRECTION('',(-0.,1.,0.));
#5467 = ORIENTED_EDGE('',*,*,#5468,.T.);
#5468 = EDGE_CURVE('',#5461,#5469,#5471,.T.);
#5469 = VERTEX_POINT('',#5470);
#5470 = CARTESIAN_POINT('',(78.,220.,14.04));
#5471 = LINE('',#5472,#5473);
#5472 = CARTESIAN_POINT('',(78.,220.,27.488377927749));
#5473 = VECTOR('',#5474,1.);
#5474 = DIRECTION('',(0.,0.,-1.));
#5475 = ORIENTED_EDGE('',*,*,#5476,.T.);
#5476 = EDGE_CURVE('',#5469,#5477,#5479,.T.);
#5477 = VERTEX_POINT('',#5478);
#5478 = CARTESIAN_POINT('',(78.,224.815,14.04));
#5479 = LINE('',#5480,#5481);
#5480 = CARTESIAN_POINT('',(78.,188.90598915591,14.04));
#5481 = VECTOR('',#5482,1.);
#5482 = DIRECTION('',(0.,1.,0.));
#5483 = ORIENTED_EDGE('',*,*,#5484,.F.);
#5484 = EDGE_CURVE('',#5485,#5477,#5487,.T.);
#5485 = VERTEX_POINT('',#5486);
#5486 = CARTESIAN_POINT('',(78.,224.815,35.04));
#5487 = LINE('',#5488,#5489);
#5488 = CARTESIAN_POINT('',(78.,224.815,19.988377927749));
#5489 = VECTOR('',#5490,1.);
#5490 = DIRECTION('',(0.,0.,-1.));
#5491 = ORIENTED_EDGE('',*,*,#5492,.T.);
#5492 = EDGE_CURVE('',#5485,#5493,#5495,.T.);
#5493 = VERTEX_POINT('',#5494);
#5494 = CARTESIAN_POINT('',(78.,220.,35.04));
#5495 = LINE('',#5496,#5497);
#5496 = CARTESIAN_POINT('',(78.,176.58385154991,35.04));
#5497 = VECTOR('',#5498,1.);
#5498 = DIRECTION('',(0.,-1.,0.));
#5499 = ORIENTED_EDGE('',*,*,#5500,.T.);
#5500 = EDGE_CURVE('',#5493,#5438,#5501,.T.);
#5501 = LINE('',#5502,#5503);
#5502 = CARTESIAN_POINT('',(78.,220.,27.488377927749));
#5503 = VECTOR('',#5504,1.);
#5504 = DIRECTION('',(0.,0.,-1.));
#5505 = ORIENTED_EDGE('',*,*,#5437,.T.);
#5506 = PLANE('',#5507);
#5507 = AXIS2_PLACEMENT_3D('',#5508,#5509,#5510);
#5508 = CARTESIAN_POINT('',(78.,210.8101698508,24.54));
#5509 = DIRECTION('',(1.,-4.011808720954E-16,0.));
#5510 = DIRECTION('',(4.011808720954E-16,1.,0.));
#5511 = ADVANCED_FACE('',(#5512),#5546,.T.);
#5512 = FACE_BOUND('',#5513,.T.);
#5513 = EDGE_LOOP('',(#5514,#5524,#5532,#5538,#5539,#5540));
#5514 = ORIENTED_EDGE('',*,*,#5515,.F.);
#5515 = EDGE_CURVE('',#5516,#5518,#5520,.T.);
#5516 = VERTEX_POINT('',#5517);
#5517 = CARTESIAN_POINT('',(78.249108367627,-8.,20.151111111111));
#5518 = VERTEX_POINT('',#5519);
#5519 = CARTESIAN_POINT('',(77.731138545953,-8.,19.595555555556));
#5520 = LINE('',#5521,#5522);
#5521 = CARTESIAN_POINT('',(78.249108367627,-8.,20.151111111111));
#5522 = VECTOR('',#5523,1.);
#5523 = DIRECTION('',(-0.681932082106,0.,-0.731415501199));
#5524 = ORIENTED_EDGE('',*,*,#5525,.T.);
#5525 = EDGE_CURVE('',#5516,#5526,#5528,.T.);
#5526 = VERTEX_POINT('',#5527);
#5527 = CARTESIAN_POINT('',(78.249108367627,220.,20.151111111111));
#5528 = LINE('',#5529,#5530);
#5529 = CARTESIAN_POINT('',(78.249108367627,24.,20.151111111111));
#5530 = VECTOR('',#5531,1.);
#5531 = DIRECTION('',(0.,1.,0.));
#5532 = ORIENTED_EDGE('',*,*,#5533,.T.);
#5533 = EDGE_CURVE('',#5526,#5461,#5534,.T.);
#5534 = LINE('',#5535,#5536);
#5535 = CARTESIAN_POINT('',(78.249108367627,220.,20.151111111111));
#5536 = VECTOR('',#5537,1.);
#5537 = DIRECTION('',(-0.681932082106,0.,-0.731415501199));
#5538 = ORIENTED_EDGE('',*,*,#5460,.F.);
#5539 = ORIENTED_EDGE('',*,*,#1902,.T.);
#5540 = ORIENTED_EDGE('',*,*,#5541,.F.);
#5541 = EDGE_CURVE('',#5518,#1895,#5542,.T.);
#5542 = LINE('',#5543,#5544);
#5543 = CARTESIAN_POINT('',(77.731138545953,24.,19.595555555556));
#5544 = VECTOR('',#5545,1.);
#5545 = DIRECTION('',(0.,1.,0.));
#5546 = PLANE('',#5547);
#5547 = AXIS2_PLACEMENT_3D('',#5548,#5549,#5550);
#5548 = CARTESIAN_POINT('',(77.99012345679,106.,19.873333333333));
#5549 = DIRECTION('',(-0.731415501199,-0.,0.681932082106));
#5550 = DIRECTION('',(-0.681932082106,0.,-0.731415501199));
#5551 = ADVANCED_FACE('',(#5552),#5570,.T.);
#5552 = FACE_BOUND('',#5553,.T.);
#5553 = EDGE_LOOP('',(#5554,#5562,#5563,#5564));
#5554 = ORIENTED_EDGE('',*,*,#5555,.F.);
#5555 = EDGE_CURVE('',#5518,#5556,#5558,.T.);
#5556 = VERTEX_POINT('',#5557);
#5557 = CARTESIAN_POINT('',(76.668861454047,-8.,18.484444444444));
#5558 = LINE('',#5559,#5560);
#5559 = CARTESIAN_POINT('',(77.731138545953,-8.,19.595555555556));
#5560 = VECTOR('',#5561,1.);
#5561 = DIRECTION('',(-0.691044328918,0.,-0.722812379162));
#5562 = ORIENTED_EDGE('',*,*,#5541,.T.);
#5563 = ORIENTED_EDGE('',*,*,#1894,.T.);
#5564 = ORIENTED_EDGE('',*,*,#5565,.F.);
#5565 = EDGE_CURVE('',#5556,#1887,#5566,.T.);
#5566 = LINE('',#5567,#5568);
#5567 = CARTESIAN_POINT('',(76.668861454047,-8.,18.484444444444));
#5568 = VECTOR('',#5569,1.);
#5569 = DIRECTION('',(0.,1.,0.));
#5570 = PLANE('',#5571);
#5571 = AXIS2_PLACEMENT_3D('',#5572,#5573,#5574);
#5572 = CARTESIAN_POINT('',(77.2,106.,19.04));
#5573 = DIRECTION('',(-0.722812379162,-0.,0.691044328918));
#5574 = DIRECTION('',(-0.691044328918,0.,-0.722812379162));
#5575 = ADVANCED_FACE('',(#5576),#5594,.T.);
#5576 = FACE_BOUND('',#5577,.T.);
#5577 = EDGE_LOOP('',(#5578,#5584,#5585,#5586,#5592,#5593));
#5578 = ORIENTED_EDGE('',*,*,#5579,.F.);
#5579 = EDGE_CURVE('',#5556,#3549,#5580,.T.);
#5580 = LINE('',#5581,#5582);
#5581 = CARTESIAN_POINT('',(76.668861454047,-8.,18.484444444444));
#5582 = VECTOR('',#5583,1.);
#5583 = DIRECTION('',(-0.681932082106,0.,-0.731415501199));
#5584 = ORIENTED_EDGE('',*,*,#5565,.T.);
#5585 = ORIENTED_EDGE('',*,*,#1886,.T.);
#5586 = ORIENTED_EDGE('',*,*,#5587,.F.);
#5587 = EDGE_CURVE('',#2417,#1879,#5588,.T.);
#5588 = LINE('',#5589,#5590);
#5589 = CARTESIAN_POINT('',(76.150891632373,-8.,17.928888888889));
#5590 = VECTOR('',#5591,1.);
#5591 = DIRECTION('',(0.,1.,0.));
#5592 = ORIENTED_EDGE('',*,*,#2416,.T.);
#5593 = ORIENTED_EDGE('',*,*,#3556,.T.);
#5594 = PLANE('',#5595);
#5595 = AXIS2_PLACEMENT_3D('',#5596,#5597,#5598);
#5596 = CARTESIAN_POINT('',(76.41364426236,106.0055250651,
    18.210707784929));
#5597 = DIRECTION('',(-0.731415501199,-0.,0.681932082106));
#5598 = DIRECTION('',(-0.681932082106,0.,-0.731415501199));
#5599 = ADVANCED_FACE('',(#5600),#5611,.T.);
#5600 = FACE_BOUND('',#5601,.T.);
#5601 = EDGE_LOOP('',(#5602,#5608,#5609,#5610));
#5602 = ORIENTED_EDGE('',*,*,#5603,.F.);
#5603 = EDGE_CURVE('',#2425,#1871,#5604,.T.);
#5604 = LINE('',#5605,#5606);
#5605 = CARTESIAN_POINT('',(75.659259259259,-8.,17.373333333333));
#5606 = VECTOR('',#5607,1.);
#5607 = DIRECTION('',(0.,1.,0.));
#5608 = ORIENTED_EDGE('',*,*,#2424,.T.);
#5609 = ORIENTED_EDGE('',*,*,#5587,.T.);
#5610 = ORIENTED_EDGE('',*,*,#1878,.T.);
#5611 = PLANE('',#5612);
#5612 = AXIS2_PLACEMENT_3D('',#5613,#5614,#5615);
#5613 = CARTESIAN_POINT('',(75.905075445816,119.,17.651111111111));
#5614 = DIRECTION('',(-0.748876551956,-0.,0.662709521533));
#5615 = DIRECTION('',(-0.662709521533,0.,-0.748876551956));
#5616 = ADVANCED_FACE('',(#5617),#5628,.T.);
#5617 = FACE_BOUND('',#5618,.T.);
#5618 = EDGE_LOOP('',(#5619,#5625,#5626,#5627));
#5619 = ORIENTED_EDGE('',*,*,#5620,.F.);
#5620 = EDGE_CURVE('',#2433,#1863,#5621,.T.);
#5621 = LINE('',#5622,#5623);
#5622 = CARTESIAN_POINT('',(75.207133058985,-8.,16.817777777778));
#5623 = VECTOR('',#5624,1.);
#5624 = DIRECTION('',(0.,1.,0.));
#5625 = ORIENTED_EDGE('',*,*,#2432,.T.);
#5626 = ORIENTED_EDGE('',*,*,#5603,.T.);
#5627 = ORIENTED_EDGE('',*,*,#1870,.T.);
#5628 = PLANE('',#5629);
#5629 = AXIS2_PLACEMENT_3D('',#5630,#5631,#5632);
#5630 = CARTESIAN_POINT('',(75.433196159122,119.,17.095555555556));
#5631 = DIRECTION('',(-0.77560997208,-0.,0.631212461229));
#5632 = DIRECTION('',(-0.631212461229,0.,-0.77560997208));
#5633 = ADVANCED_FACE('',(#5634),#5645,.T.);
#5634 = FACE_BOUND('',#5635,.T.);
#5635 = EDGE_LOOP('',(#5636,#5642,#5643,#5644));
#5636 = ORIENTED_EDGE('',*,*,#5637,.F.);
#5637 = EDGE_CURVE('',#2441,#1855,#5638,.T.);
#5638 = LINE('',#5639,#5640);
#5639 = CARTESIAN_POINT('',(74.80768175583,-8.,16.262222222222));
#5640 = VECTOR('',#5641,1.);
#5641 = DIRECTION('',(0.,1.,0.));
#5642 = ORIENTED_EDGE('',*,*,#2440,.T.);
#5643 = ORIENTED_EDGE('',*,*,#5620,.T.);
#5644 = ORIENTED_EDGE('',*,*,#1862,.T.);
#5645 = PLANE('',#5646);
#5646 = AXIS2_PLACEMENT_3D('',#5647,#5648,#5649);
#5647 = CARTESIAN_POINT('',(75.007407407407,119.,16.54));
#5648 = DIRECTION('',(-0.811914412869,-0.,0.583776486487));
#5649 = DIRECTION('',(-0.583776486487,0.,-0.811914412869));
#5650 = ADVANCED_FACE('',(#5651),#5662,.T.);
#5651 = FACE_BOUND('',#5652,.T.);
#5652 = EDGE_LOOP('',(#5653,#5659,#5660,#5661));
#5653 = ORIENTED_EDGE('',*,*,#5654,.F.);
#5654 = EDGE_CURVE('',#2449,#1847,#5655,.T.);
#5655 = LINE('',#5656,#5657);
#5656 = CARTESIAN_POINT('',(74.474074074074,-8.,15.706666666667));
#5657 = VECTOR('',#5658,1.);
#5658 = DIRECTION('',(0.,1.,0.));
#5659 = ORIENTED_EDGE('',*,*,#2448,.T.);
#5660 = ORIENTED_EDGE('',*,*,#5637,.T.);
#5661 = ORIENTED_EDGE('',*,*,#1854,.T.);
#5662 = PLANE('',#5663);
#5663 = AXIS2_PLACEMENT_3D('',#5664,#5665,#5666);
#5664 = CARTESIAN_POINT('',(74.640877914952,119.,15.984444444444));
#5665 = DIRECTION('',(-0.857306092282,-0.,0.514807016402));
#5666 = DIRECTION('',(-0.514807016402,0.,-0.857306092282));
#5667 = ADVANCED_FACE('',(#5668),#5679,.T.);
#5668 = FACE_BOUND('',#5669,.T.);
#5669 = EDGE_LOOP('',(#5670,#5676,#5677,#5678));
#5670 = ORIENTED_EDGE('',*,*,#5671,.F.);
#5671 = EDGE_CURVE('',#2457,#1839,#5672,.T.);
#5672 = LINE('',#5673,#5674);
#5673 = CARTESIAN_POINT('',(74.219478737997,-8.,15.151111111111));
#5674 = VECTOR('',#5675,1.);
#5675 = DIRECTION('',(0.,1.,0.));
#5676 = ORIENTED_EDGE('',*,*,#2456,.T.);
#5677 = ORIENTED_EDGE('',*,*,#5654,.T.);
#5678 = ORIENTED_EDGE('',*,*,#1846,.T.);
#5679 = PLANE('',#5680);
#5680 = AXIS2_PLACEMENT_3D('',#5681,#5682,#5683);
#5681 = CARTESIAN_POINT('',(74.346776406036,119.,15.428888888889));
#5682 = DIRECTION('',(-0.909086076713,-0.,0.416608335402));
#5683 = DIRECTION('',(-0.416608335402,0.,-0.909086076713));
#5684 = ADVANCED_FACE('',(#5685),#5696,.T.);
#5685 = FACE_BOUND('',#5686,.T.);
#5686 = EDGE_LOOP('',(#5687,#5693,#5694,#5695));
#5687 = ORIENTED_EDGE('',*,*,#5688,.F.);
#5688 = EDGE_CURVE('',#2465,#1831,#5689,.T.);
#5689 = LINE('',#5690,#5691);
#5690 = CARTESIAN_POINT('',(74.057064471879,-8.,14.595555555556));
#5691 = VECTOR('',#5692,1.);
#5692 = DIRECTION('',(0.,1.,0.));
#5693 = ORIENTED_EDGE('',*,*,#2464,.T.);
#5694 = ORIENTED_EDGE('',*,*,#5671,.T.);
#5695 = ORIENTED_EDGE('',*,*,#1838,.T.);
#5696 = PLANE('',#5697);
#5697 = AXIS2_PLACEMENT_3D('',#5698,#5699,#5700);
#5698 = CARTESIAN_POINT('',(74.138271604938,119.,14.873333333333));
#5699 = DIRECTION('',(-0.959824626333,-0.,0.280600582118));
#5700 = DIRECTION('',(-0.280600582118,0.,-0.959824626333));
#5701 = ADVANCED_FACE('',(#5702),#5708,.T.);
#5702 = FACE_BOUND('',#5703,.T.);
#5703 = EDGE_LOOP('',(#5704,#5705,#5706,#5707));
#5704 = ORIENTED_EDGE('',*,*,#2567,.F.);
#5705 = ORIENTED_EDGE('',*,*,#2472,.T.);
#5706 = ORIENTED_EDGE('',*,*,#5688,.T.);
#5707 = ORIENTED_EDGE('',*,*,#1830,.T.);
#5708 = PLANE('',#5709);
#5709 = AXIS2_PLACEMENT_3D('',#5710,#5711,#5712);
#5710 = CARTESIAN_POINT('',(74.02853223594,119.,14.317777777778));
#5711 = DIRECTION('',(-0.994766086025,-0.,0.102178442416));
#5712 = DIRECTION('',(-0.102178442416,0.,-0.994766086025));
#5713 = ADVANCED_FACE('',(#5714),#5732,.T.);
#5714 = FACE_BOUND('',#5715,.T.);
#5715 = EDGE_LOOP('',(#5716,#5722,#5723,#5724,#5725,#5731));
#5716 = ORIENTED_EDGE('',*,*,#5717,.T.);
#5717 = EDGE_CURVE('',#2672,#2608,#5718,.T.);
#5718 = LINE('',#5719,#5720);
#5719 = CARTESIAN_POINT('',(70.6,202.4475,14.));
#5720 = VECTOR('',#5721,1.);
#5721 = DIRECTION('',(-0.,1.,0.));
#5722 = ORIENTED_EDGE('',*,*,#2607,.F.);
#5723 = ORIENTED_EDGE('',*,*,#2574,.F.);
#5724 = ORIENTED_EDGE('',*,*,#1814,.F.);
#5725 = ORIENTED_EDGE('',*,*,#5726,.T.);
#5726 = EDGE_CURVE('',#1807,#2680,#5727,.T.);
#5727 = LINE('',#5728,#5729);
#5728 = CARTESIAN_POINT('',(70.4,190.58,14.));
#5729 = VECTOR('',#5730,1.);
#5730 = DIRECTION('',(-0.,1.,0.));
#5731 = ORIENTED_EDGE('',*,*,#2679,.F.);
#5732 = PLANE('',#5733);
#5733 = AXIS2_PLACEMENT_3D('',#5734,#5735,#5736);
#5734 = CARTESIAN_POINT('',(72.287250172295,203.2027498277,14.));
#5735 = DIRECTION('',(-0.,-0.,-1.));
#5736 = DIRECTION('',(-1.,0.,0.));
#5737 = ADVANCED_FACE('',(#5738),#5797,.T.);
#5738 = FACE_BOUND('',#5739,.T.);
#5739 = EDGE_LOOP('',(#5740,#5741,#5742,#5750,#5756,#5757,#5758,#5766,
    #5774,#5782,#5790,#5796));
#5740 = ORIENTED_EDGE('',*,*,#5726,.F.);
#5741 = ORIENTED_EDGE('',*,*,#1806,.T.);
#5742 = ORIENTED_EDGE('',*,*,#5743,.F.);
#5743 = EDGE_CURVE('',#5744,#1799,#5746,.T.);
#5744 = VERTEX_POINT('',#5745);
#5745 = CARTESIAN_POINT('',(70.4,214.315,33.54));
#5746 = LINE('',#5747,#5748);
#5747 = CARTESIAN_POINT('',(70.4,202.3975,33.54));
#5748 = VECTOR('',#5749,1.);
#5749 = DIRECTION('',(0.,-1.,0.));
#5750 = ORIENTED_EDGE('',*,*,#5751,.T.);
#5751 = EDGE_CURVE('',#5744,#2976,#5752,.T.);
#5752 = LINE('',#5753,#5754);
#5753 = CARTESIAN_POINT('',(70.4,214.315,15.6));
#5754 = VECTOR('',#5755,1.);
#5755 = DIRECTION('',(0.,0.,1.));
#5756 = ORIENTED_EDGE('',*,*,#2975,.T.);
#5757 = ORIENTED_EDGE('',*,*,#2264,.F.);
#5758 = ORIENTED_EDGE('',*,*,#5759,.T.);
#5759 = EDGE_CURVE('',#2257,#5760,#5762,.T.);
#5760 = VERTEX_POINT('',#5761);
#5761 = CARTESIAN_POINT('',(70.4,220.5,14.2));
#5762 = LINE('',#5763,#5764);
#5763 = CARTESIAN_POINT('',(70.4,202.4475,14.2));
#5764 = VECTOR('',#5765,1.);
#5765 = DIRECTION('',(0.,-1.,0.));
#5766 = ORIENTED_EDGE('',*,*,#5767,.F.);
#5767 = EDGE_CURVE('',#5768,#5760,#5770,.T.);
#5768 = VERTEX_POINT('',#5769);
#5769 = CARTESIAN_POINT('',(70.4,220.5,15.6));
#5770 = LINE('',#5771,#5772);
#5771 = CARTESIAN_POINT('',(70.4,220.5,14.02));
#5772 = VECTOR('',#5773,1.);
#5773 = DIRECTION('',(-0.,0.,-1.));
#5774 = ORIENTED_EDGE('',*,*,#5775,.F.);
#5775 = EDGE_CURVE('',#5776,#5768,#5778,.T.);
#5776 = VERTEX_POINT('',#5777);
#5777 = CARTESIAN_POINT('',(70.4,216.,15.6));
#5778 = LINE('',#5779,#5780);
#5779 = CARTESIAN_POINT('',(70.4,214.315,15.6));
#5780 = VECTOR('',#5781,1.);
#5781 = DIRECTION('',(-0.,1.,0.));
#5782 = ORIENTED_EDGE('',*,*,#5783,.F.);
#5783 = EDGE_CURVE('',#5784,#5776,#5786,.T.);
#5784 = VERTEX_POINT('',#5785);
#5785 = CARTESIAN_POINT('',(70.4,216.,14.2));
#5786 = LINE('',#5787,#5788);
#5787 = CARTESIAN_POINT('',(70.4,216.,19.27));
#5788 = VECTOR('',#5789,1.);
#5789 = DIRECTION('',(0.,-0.,1.));
#5790 = ORIENTED_EDGE('',*,*,#5791,.F.);
#5791 = EDGE_CURVE('',#2688,#5784,#5792,.T.);
#5792 = LINE('',#5793,#5794);
#5793 = CARTESIAN_POINT('',(70.4,190.63,14.2));
#5794 = VECTOR('',#5795,1.);
#5795 = DIRECTION('',(-0.,1.,0.));
#5796 = ORIENTED_EDGE('',*,*,#2687,.F.);
#5797 = PLANE('',#5798);
#5798 = AXIS2_PLACEMENT_3D('',#5799,#5800,#5801);
#5799 = CARTESIAN_POINT('',(70.4,210.5402961165,25.512687378641));
#5800 = DIRECTION('',(-1.,-0.,-0.));
#5801 = DIRECTION('',(0.,0.,-1.));
#5802 = ADVANCED_FACE('',(#5803),#5828,.F.);
#5803 = FACE_BOUND('',#5804,.F.);
#5804 = EDGE_LOOP('',(#5805,#5811,#5812,#5813,#5821,#5827));
#5805 = ORIENTED_EDGE('',*,*,#5806,.F.);
#5806 = EDGE_CURVE('',#1790,#2744,#5807,.T.);
#5807 = LINE('',#5808,#5809);
#5808 = CARTESIAN_POINT('',(47.325260557006,190.18,33.54));
#5809 = VECTOR('',#5810,1.);
#5810 = DIRECTION('',(0.,1.,0.));
#5811 = ORIENTED_EDGE('',*,*,#1798,.T.);
#5812 = ORIENTED_EDGE('',*,*,#5743,.F.);
#5813 = ORIENTED_EDGE('',*,*,#5814,.T.);
#5814 = EDGE_CURVE('',#5744,#5815,#5817,.T.);
#5815 = VERTEX_POINT('',#5816);
#5816 = CARTESIAN_POINT('',(53.,214.315,33.54));
#5817 = LINE('',#5818,#5819);
#5818 = CARTESIAN_POINT('',(-74.2,214.315,33.54));
#5819 = VECTOR('',#5820,1.);
#5820 = DIRECTION('',(-1.,-0.,0.));
#5821 = ORIENTED_EDGE('',*,*,#5822,.F.);
#5822 = EDGE_CURVE('',#2736,#5815,#5823,.T.);
#5823 = LINE('',#5824,#5825);
#5824 = CARTESIAN_POINT('',(53.,190.63,33.54));
#5825 = VECTOR('',#5826,1.);
#5826 = DIRECTION('',(-0.,1.,0.));
#5827 = ORIENTED_EDGE('',*,*,#2743,.T.);
#5828 = PLANE('',#5829);
#5829 = AXIS2_PLACEMENT_3D('',#5830,#5831,#5832);
#5830 = CARTESIAN_POINT('',(-78.,190.58,33.54));
#5831 = DIRECTION('',(0.,0.,1.));
#5832 = DIRECTION('',(1.,0.,-0.));
#5833 = ADVANCED_FACE('',(#5834),#5862,.F.);
#5834 = FACE_BOUND('',#5835,.F.);
#5835 = EDGE_LOOP('',(#5836,#5845,#5851,#5852,#5853,#5854,#5860,#5861));
#5836 = ORIENTED_EDGE('',*,*,#5837,.F.);
#5837 = EDGE_CURVE('',#5838,#5838,#5840,.T.);
#5838 = VERTEX_POINT('',#5839);
#5839 = CARTESIAN_POINT('',(42.,198.065,36.9));
#5840 = CIRCLE('',#5841,5.9);
#5841 = AXIS2_PLACEMENT_3D('',#5842,#5843,#5844);
#5842 = CARTESIAN_POINT('',(42.,198.065,31.));
#5843 = DIRECTION('',(0.,1.,0.));
#5844 = DIRECTION('',(0.,-0.,1.));
#5845 = ORIENTED_EDGE('',*,*,#5846,.F.);
#5846 = EDGE_CURVE('',#1781,#5838,#5847,.T.);
#5847 = LINE('',#5848,#5849);
#5848 = CARTESIAN_POINT('',(42.,190.18,36.9));
#5849 = VECTOR('',#5850,1.);
#5850 = DIRECTION('',(0.,1.,0.));
#5851 = ORIENTED_EDGE('',*,*,#1789,.T.);
#5852 = ORIENTED_EDGE('',*,*,#5806,.T.);
#5853 = ORIENTED_EDGE('',*,*,#2751,.T.);
#5854 = ORIENTED_EDGE('',*,*,#5855,.F.);
#5855 = EDGE_CURVE('',#1773,#2752,#5856,.T.);
#5856 = LINE('',#5857,#5858);
#5857 = CARTESIAN_POINT('',(36.674739442994,190.18,33.54));
#5858 = VECTOR('',#5859,1.);
#5859 = DIRECTION('',(0.,1.,0.));
#5860 = ORIENTED_EDGE('',*,*,#1780,.T.);
#5861 = ORIENTED_EDGE('',*,*,#5846,.T.);
#5862 = CYLINDRICAL_SURFACE('',#5863,5.9);
#5863 = AXIS2_PLACEMENT_3D('',#5864,#5865,#5866);
#5864 = CARTESIAN_POINT('',(42.,190.18,31.));
#5865 = DIRECTION('',(0.,1.,0.));
#5866 = DIRECTION('',(0.,-0.,1.));
#5867 = ADVANCED_FACE('',(#5868),#5902,.F.);
#5868 = FACE_BOUND('',#5869,.F.);
#5869 = EDGE_LOOP('',(#5870,#5878,#5879,#5885,#5886,#5887,#5888,#5896));
#5870 = ORIENTED_EDGE('',*,*,#5871,.F.);
#5871 = EDGE_CURVE('',#2817,#5872,#5874,.T.);
#5872 = VERTEX_POINT('',#5873);
#5873 = CARTESIAN_POINT('',(-31.,214.315,33.54));
#5874 = LINE('',#5875,#5876);
#5875 = CARTESIAN_POINT('',(-31.,190.63,33.54));
#5876 = VECTOR('',#5877,1.);
#5877 = DIRECTION('',(-0.,1.,0.));
#5878 = ORIENTED_EDGE('',*,*,#2824,.T.);
#5879 = ORIENTED_EDGE('',*,*,#5880,.F.);
#5880 = EDGE_CURVE('',#1764,#2825,#5881,.T.);
#5881 = LINE('',#5882,#5883);
#5882 = CARTESIAN_POINT('',(-36.67473944299,190.18,33.54));
#5883 = VECTOR('',#5884,1.);
#5884 = DIRECTION('',(0.,1.,0.));
#5885 = ORIENTED_EDGE('',*,*,#1772,.T.);
#5886 = ORIENTED_EDGE('',*,*,#5855,.T.);
#5887 = ORIENTED_EDGE('',*,*,#2760,.T.);
#5888 = ORIENTED_EDGE('',*,*,#5889,.T.);
#5889 = EDGE_CURVE('',#2761,#5890,#5892,.T.);
#5890 = VERTEX_POINT('',#5891);
#5891 = CARTESIAN_POINT('',(31.,214.315,33.54));
#5892 = LINE('',#5893,#5894);
#5893 = CARTESIAN_POINT('',(31.,190.63,33.54));
#5894 = VECTOR('',#5895,1.);
#5895 = DIRECTION('',(-0.,1.,0.));
#5896 = ORIENTED_EDGE('',*,*,#5897,.T.);
#5897 = EDGE_CURVE('',#5890,#5872,#5898,.T.);
#5898 = LINE('',#5899,#5900);
#5899 = CARTESIAN_POINT('',(-74.2,214.315,33.54));
#5900 = VECTOR('',#5901,1.);
#5901 = DIRECTION('',(-1.,-0.,0.));
#5902 = PLANE('',#5903);
#5903 = AXIS2_PLACEMENT_3D('',#5904,#5905,#5906);
#5904 = CARTESIAN_POINT('',(-78.,190.58,33.54));
#5905 = DIRECTION('',(0.,0.,1.));
#5906 = DIRECTION('',(1.,0.,-0.));
#5907 = ADVANCED_FACE('',(#5908),#5936,.F.);
#5908 = FACE_BOUND('',#5909,.F.);
#5909 = EDGE_LOOP('',(#5910,#5919,#5925,#5926,#5927,#5928,#5934,#5935));
#5910 = ORIENTED_EDGE('',*,*,#5911,.F.);
#5911 = EDGE_CURVE('',#5912,#5912,#5914,.T.);
#5912 = VERTEX_POINT('',#5913);
#5913 = CARTESIAN_POINT('',(-42.,198.065,36.9));
#5914 = CIRCLE('',#5915,5.9);
#5915 = AXIS2_PLACEMENT_3D('',#5916,#5917,#5918);
#5916 = CARTESIAN_POINT('',(-42.,198.065,31.));
#5917 = DIRECTION('',(0.,1.,0.));
#5918 = DIRECTION('',(0.,-0.,1.));
#5919 = ORIENTED_EDGE('',*,*,#5920,.F.);
#5920 = EDGE_CURVE('',#1755,#5912,#5921,.T.);
#5921 = LINE('',#5922,#5923);
#5922 = CARTESIAN_POINT('',(-42.,190.18,36.9));
#5923 = VECTOR('',#5924,1.);
#5924 = DIRECTION('',(0.,1.,0.));
#5925 = ORIENTED_EDGE('',*,*,#1763,.T.);
#5926 = ORIENTED_EDGE('',*,*,#5880,.T.);
#5927 = ORIENTED_EDGE('',*,*,#2832,.T.);
#5928 = ORIENTED_EDGE('',*,*,#5929,.F.);
#5929 = EDGE_CURVE('',#1747,#2833,#5930,.T.);
#5930 = LINE('',#5931,#5932);
#5931 = CARTESIAN_POINT('',(-47.325260557,190.18,33.54));
#5932 = VECTOR('',#5933,1.);
#5933 = DIRECTION('',(0.,1.,0.));
#5934 = ORIENTED_EDGE('',*,*,#1754,.T.);
#5935 = ORIENTED_EDGE('',*,*,#5920,.T.);
#5936 = CYLINDRICAL_SURFACE('',#5937,5.9);
#5937 = AXIS2_PLACEMENT_3D('',#5938,#5939,#5940);
#5938 = CARTESIAN_POINT('',(-42.,190.18,31.));
#5939 = DIRECTION('',(0.,1.,0.));
#5940 = DIRECTION('',(0.,-0.,1.));
#5941 = ADVANCED_FACE('',(#5942),#5969,.F.);
#5942 = FACE_BOUND('',#5943,.F.);
#5943 = EDGE_LOOP('',(#5944,#5952,#5960,#5966,#5967,#5968));
#5944 = ORIENTED_EDGE('',*,*,#5945,.T.);
#5945 = EDGE_CURVE('',#2842,#5946,#5948,.T.);
#5946 = VERTEX_POINT('',#5947);
#5947 = CARTESIAN_POINT('',(-53.,214.315,33.54));
#5948 = LINE('',#5949,#5950);
#5949 = CARTESIAN_POINT('',(-53.,190.63,33.54));
#5950 = VECTOR('',#5951,1.);
#5951 = DIRECTION('',(-0.,1.,0.));
#5952 = ORIENTED_EDGE('',*,*,#5953,.T.);
#5953 = EDGE_CURVE('',#5946,#5954,#5956,.T.);
#5954 = VERTEX_POINT('',#5955);
#5955 = CARTESIAN_POINT('',(-70.4,214.315,33.54));
#5956 = LINE('',#5957,#5958);
#5957 = CARTESIAN_POINT('',(-74.2,214.315,33.54));
#5958 = VECTOR('',#5959,1.);
#5959 = DIRECTION('',(-1.,-0.,0.));
#5960 = ORIENTED_EDGE('',*,*,#5961,.F.);
#5961 = EDGE_CURVE('',#1739,#5954,#5962,.T.);
#5962 = LINE('',#5963,#5964);
#5963 = CARTESIAN_POINT('',(-70.4,190.58,33.54));
#5964 = VECTOR('',#5965,1.);
#5965 = DIRECTION('',(-0.,1.,0.));
#5966 = ORIENTED_EDGE('',*,*,#1746,.T.);
#5967 = ORIENTED_EDGE('',*,*,#5929,.T.);
#5968 = ORIENTED_EDGE('',*,*,#2841,.T.);
#5969 = PLANE('',#5970);
#5970 = AXIS2_PLACEMENT_3D('',#5971,#5972,#5973);
#5971 = CARTESIAN_POINT('',(-78.,190.58,33.54));
#5972 = DIRECTION('',(0.,0.,1.));
#5973 = DIRECTION('',(1.,0.,-0.));
#5974 = ADVANCED_FACE('',(#5975),#6027,.T.);
#5975 = FACE_BOUND('',#5976,.T.);
#5976 = EDGE_LOOP('',(#5977,#5978,#5979,#5980,#5988,#5996,#6004,#6012,
    #6018,#6019,#6020,#6026));
#5977 = ORIENTED_EDGE('',*,*,#1738,.F.);
#5978 = ORIENTED_EDGE('',*,*,#2158,.T.);
#5979 = ORIENTED_EDGE('',*,*,#2897,.T.);
#5980 = ORIENTED_EDGE('',*,*,#5981,.F.);
#5981 = EDGE_CURVE('',#5982,#2890,#5984,.T.);
#5982 = VERTEX_POINT('',#5983);
#5983 = CARTESIAN_POINT('',(-70.4,216.,14.2));
#5984 = LINE('',#5985,#5986);
#5985 = CARTESIAN_POINT('',(-70.4,202.4475,14.2));
#5986 = VECTOR('',#5987,1.);
#5987 = DIRECTION('',(0.,-1.,0.));
#5988 = ORIENTED_EDGE('',*,*,#5989,.T.);
#5989 = EDGE_CURVE('',#5982,#5990,#5992,.T.);
#5990 = VERTEX_POINT('',#5991);
#5991 = CARTESIAN_POINT('',(-70.4,216.,15.6));
#5992 = LINE('',#5993,#5994);
#5993 = CARTESIAN_POINT('',(-70.4,216.,19.27));
#5994 = VECTOR('',#5995,1.);
#5995 = DIRECTION('',(0.,-0.,1.));
#5996 = ORIENTED_EDGE('',*,*,#5997,.T.);
#5997 = EDGE_CURVE('',#5990,#5998,#6000,.T.);
#5998 = VERTEX_POINT('',#5999);
#5999 = CARTESIAN_POINT('',(-70.4,220.5,15.6));
#6000 = LINE('',#6001,#6002);
#6001 = CARTESIAN_POINT('',(-70.4,214.315,15.6));
#6002 = VECTOR('',#6003,1.);
#6003 = DIRECTION('',(-0.,1.,0.));
#6004 = ORIENTED_EDGE('',*,*,#6005,.T.);
#6005 = EDGE_CURVE('',#5998,#6006,#6008,.T.);
#6006 = VERTEX_POINT('',#6007);
#6007 = CARTESIAN_POINT('',(-70.4,220.5,14.2));
#6008 = LINE('',#6009,#6010);
#6009 = CARTESIAN_POINT('',(-70.4,220.5,14.02));
#6010 = VECTOR('',#6011,1.);
#6011 = DIRECTION('',(-0.,0.,-1.));
#6012 = ORIENTED_EDGE('',*,*,#6013,.F.);
#6013 = EDGE_CURVE('',#2217,#6006,#6014,.T.);
#6014 = LINE('',#6015,#6016);
#6015 = CARTESIAN_POINT('',(-70.4,202.4475,14.2));
#6016 = VECTOR('',#6017,1.);
#6017 = DIRECTION('',(0.,-1.,0.));
#6018 = ORIENTED_EDGE('',*,*,#2216,.F.);
#6019 = ORIENTED_EDGE('',*,*,#2991,.F.);
#6020 = ORIENTED_EDGE('',*,*,#6021,.F.);
#6021 = EDGE_CURVE('',#5954,#2984,#6022,.T.);
#6022 = LINE('',#6023,#6024);
#6023 = CARTESIAN_POINT('',(-70.4,214.315,15.6));
#6024 = VECTOR('',#6025,1.);
#6025 = DIRECTION('',(0.,0.,1.));
#6026 = ORIENTED_EDGE('',*,*,#5961,.F.);
#6027 = PLANE('',#6028);
#6028 = AXIS2_PLACEMENT_3D('',#6029,#6030,#6031);
#6029 = CARTESIAN_POINT('',(-70.4,210.5402961165,25.512687378641));
#6030 = DIRECTION('',(1.,0.,0.));
#6031 = DIRECTION('',(-0.,0.,1.));
#6032 = ADVANCED_FACE('',(#6033),#6044,.F.);
#6033 = FACE_BOUND('',#6034,.F.);
#6034 = EDGE_LOOP('',(#6035,#6036,#6037,#6043));
#6035 = ORIENTED_EDGE('',*,*,#2142,.T.);
#6036 = ORIENTED_EDGE('',*,*,#2904,.F.);
#6037 = ORIENTED_EDGE('',*,*,#6038,.T.);
#6038 = EDGE_CURVE('',#2905,#2184,#6039,.T.);
#6039 = LINE('',#6040,#6041);
#6040 = CARTESIAN_POINT('',(-70.6,190.68,13.8));
#6041 = VECTOR('',#6042,1.);
#6042 = DIRECTION('',(-0.,1.,0.));
#6043 = ORIENTED_EDGE('',*,*,#2191,.T.);
#6044 = PLANE('',#6045);
#6045 = AXIS2_PLACEMENT_3D('',#6046,#6047,#6048);
#6046 = CARTESIAN_POINT('',(-70.6,190.68,13.8));
#6047 = DIRECTION('',(1.,0.,-0.));
#6048 = DIRECTION('',(0.,0.,1.));
#6049 = ADVANCED_FACE('',(#6050),#6056,.F.);
#6050 = FACE_BOUND('',#6051,.F.);
#6051 = EDGE_LOOP('',(#6052,#6053,#6054,#6055));
#6052 = ORIENTED_EDGE('',*,*,#6038,.F.);
#6053 = ORIENTED_EDGE('',*,*,#2912,.T.);
#6054 = ORIENTED_EDGE('',*,*,#2934,.F.);
#6055 = ORIENTED_EDGE('',*,*,#2183,.T.);
#6056 = PLANE('',#6057);
#6057 = AXIS2_PLACEMENT_3D('',#6058,#6059,#6060);
#6058 = CARTESIAN_POINT('',(-70.6,190.68,13.8));
#6059 = DIRECTION('',(0.,0.,1.));
#6060 = DIRECTION('',(1.,0.,-0.));
#6061 = ADVANCED_FACE('',(#6062),#6080,.T.);
#6062 = FACE_BOUND('',#6063,.T.);
#6063 = EDGE_LOOP('',(#6064,#6072,#6078,#6079));
#6064 = ORIENTED_EDGE('',*,*,#6065,.F.);
#6065 = EDGE_CURVE('',#6066,#2249,#6068,.T.);
#6066 = VERTEX_POINT('',#6067);
#6067 = CARTESIAN_POINT('',(70.2,220.5,14.2));
#6068 = LINE('',#6069,#6070);
#6069 = CARTESIAN_POINT('',(70.2,190.68,14.2));
#6070 = VECTOR('',#6071,1.);
#6071 = DIRECTION('',(-0.,1.,0.));
#6072 = ORIENTED_EDGE('',*,*,#6073,.T.);
#6073 = EDGE_CURVE('',#6066,#5760,#6074,.T.);
#6074 = LINE('',#6075,#6076);
#6075 = CARTESIAN_POINT('',(-1.9,220.5,14.2));
#6076 = VECTOR('',#6077,1.);
#6077 = DIRECTION('',(1.,0.,-0.));
#6078 = ORIENTED_EDGE('',*,*,#5759,.F.);
#6079 = ORIENTED_EDGE('',*,*,#2256,.F.);
#6080 = PLANE('',#6081);
#6081 = AXIS2_PLACEMENT_3D('',#6082,#6083,#6084);
#6082 = CARTESIAN_POINT('',(70.2,190.68,14.2));
#6083 = DIRECTION('',(0.,0.,1.));
#6084 = DIRECTION('',(1.,0.,-0.));
#6085 = ADVANCED_FACE('',(#6086),#6104,.F.);
#6086 = FACE_BOUND('',#6087,.F.);
#6087 = EDGE_LOOP('',(#6088,#6096,#6097,#6098));
#6088 = ORIENTED_EDGE('',*,*,#6089,.T.);
#6089 = EDGE_CURVE('',#6090,#2241,#6092,.T.);
#6090 = VERTEX_POINT('',#6091);
#6091 = CARTESIAN_POINT('',(70.2,220.5,14.04));
#6092 = LINE('',#6093,#6094);
#6093 = CARTESIAN_POINT('',(70.2,177.76386122816,14.04));
#6094 = VECTOR('',#6095,1.);
#6095 = DIRECTION('',(-0.,1.,0.));
#6096 = ORIENTED_EDGE('',*,*,#2248,.T.);
#6097 = ORIENTED_EDGE('',*,*,#6065,.F.);
#6098 = ORIENTED_EDGE('',*,*,#6099,.T.);
#6099 = EDGE_CURVE('',#6066,#6090,#6100,.T.);
#6100 = LINE('',#6101,#6102);
#6101 = CARTESIAN_POINT('',(70.2,220.5,13.92));
#6102 = VECTOR('',#6103,1.);
#6103 = DIRECTION('',(-0.,0.,-1.));
#6104 = PLANE('',#6105);
#6105 = AXIS2_PLACEMENT_3D('',#6106,#6107,#6108);
#6106 = CARTESIAN_POINT('',(70.2,190.68,13.8));
#6107 = DIRECTION('',(1.,0.,-0.));
#6108 = DIRECTION('',(0.,0.,1.));
#6109 = ADVANCED_FACE('',(#6110),#6128,.T.);
#6110 = FACE_BOUND('',#6111,.T.);
#6111 = EDGE_LOOP('',(#6112,#6120,#6126,#6127));
#6112 = ORIENTED_EDGE('',*,*,#6113,.F.);
#6113 = EDGE_CURVE('',#6114,#2233,#6116,.T.);
#6114 = VERTEX_POINT('',#6115);
#6115 = CARTESIAN_POINT('',(-70.2,220.5,14.04));
#6116 = LINE('',#6117,#6118);
#6117 = CARTESIAN_POINT('',(-70.2,177.76386122816,14.04));
#6118 = VECTOR('',#6119,1.);
#6119 = DIRECTION('',(-0.,1.,0.));
#6120 = ORIENTED_EDGE('',*,*,#6121,.T.);
#6121 = EDGE_CURVE('',#6114,#6090,#6122,.T.);
#6122 = LINE('',#6123,#6124);
#6123 = CARTESIAN_POINT('',(-74.,220.5,14.04));
#6124 = VECTOR('',#6125,1.);
#6125 = DIRECTION('',(1.,0.,-0.));
#6126 = ORIENTED_EDGE('',*,*,#6089,.T.);
#6127 = ORIENTED_EDGE('',*,*,#2240,.T.);
#6128 = PLANE('',#6129);
#6129 = AXIS2_PLACEMENT_3D('',#6130,#6131,#6132);
#6130 = CARTESIAN_POINT('',(3.515388226771E-15,164.84772245633,14.04));
#6131 = DIRECTION('',(0.,0.,1.));
#6132 = DIRECTION('',(1.,0.,-0.));
#6133 = ADVANCED_FACE('',(#6134),#6152,.T.);
#6134 = FACE_BOUND('',#6135,.T.);
#6135 = EDGE_LOOP('',(#6136,#6137,#6138,#6146));
#6136 = ORIENTED_EDGE('',*,*,#6113,.T.);
#6137 = ORIENTED_EDGE('',*,*,#2232,.T.);
#6138 = ORIENTED_EDGE('',*,*,#6139,.F.);
#6139 = EDGE_CURVE('',#6140,#2225,#6142,.T.);
#6140 = VERTEX_POINT('',#6141);
#6141 = CARTESIAN_POINT('',(-70.2,220.5,14.2));
#6142 = LINE('',#6143,#6144);
#6143 = CARTESIAN_POINT('',(-70.2,190.68,14.2));
#6144 = VECTOR('',#6145,1.);
#6145 = DIRECTION('',(-0.,1.,0.));
#6146 = ORIENTED_EDGE('',*,*,#6147,.T.);
#6147 = EDGE_CURVE('',#6140,#6114,#6148,.T.);
#6148 = LINE('',#6149,#6150);
#6149 = CARTESIAN_POINT('',(-70.2,220.5,13.92));
#6150 = VECTOR('',#6151,1.);
#6151 = DIRECTION('',(-0.,0.,-1.));
#6152 = PLANE('',#6153);
#6153 = AXIS2_PLACEMENT_3D('',#6154,#6155,#6156);
#6154 = CARTESIAN_POINT('',(-70.2,190.68,13.8));
#6155 = DIRECTION('',(1.,0.,-0.));
#6156 = DIRECTION('',(0.,0.,1.));
#6157 = ADVANCED_FACE('',(#6158),#6169,.T.);
#6158 = FACE_BOUND('',#6159,.T.);
#6159 = EDGE_LOOP('',(#6160,#6161,#6162,#6168));
#6160 = ORIENTED_EDGE('',*,*,#2224,.F.);
#6161 = ORIENTED_EDGE('',*,*,#6013,.T.);
#6162 = ORIENTED_EDGE('',*,*,#6163,.T.);
#6163 = EDGE_CURVE('',#6006,#6140,#6164,.T.);
#6164 = LINE('',#6165,#6166);
#6165 = CARTESIAN_POINT('',(-72.3,220.5,14.2));
#6166 = VECTOR('',#6167,1.);
#6167 = DIRECTION('',(1.,0.,-0.));
#6168 = ORIENTED_EDGE('',*,*,#6139,.T.);
#6169 = PLANE('',#6170);
#6170 = AXIS2_PLACEMENT_3D('',#6171,#6172,#6173);
#6171 = CARTESIAN_POINT('',(-70.6,190.68,14.2));
#6172 = DIRECTION('',(0.,0.,1.));
#6173 = DIRECTION('',(1.,0.,-0.));
#6174 = ADVANCED_FACE('',(#6175),#6193,.T.);
#6175 = FACE_BOUND('',#6176,.T.);
#6176 = EDGE_LOOP('',(#6177,#6178,#6179,#6187));
#6177 = ORIENTED_EDGE('',*,*,#2488,.F.);
#6178 = ORIENTED_EDGE('',*,*,#2294,.T.);
#6179 = ORIENTED_EDGE('',*,*,#6180,.T.);
#6180 = EDGE_CURVE('',#2297,#6181,#6183,.T.);
#6181 = VERTEX_POINT('',#6182);
#6182 = CARTESIAN_POINT('',(105.94293552812,219.8,14.595555555556));
#6183 = LINE('',#6184,#6185);
#6184 = CARTESIAN_POINT('',(106.19772739826,219.8,12.115009704384));
#6185 = VECTOR('',#6186,1.);
#6186 = DIRECTION('',(-0.102178442416,-0.,0.994766086025));
#6187 = ORIENTED_EDGE('',*,*,#6188,.F.);
#6188 = EDGE_CURVE('',#2489,#6181,#6189,.T.);
#6189 = LINE('',#6190,#6191);
#6190 = CARTESIAN_POINT('',(105.94293552812,-8.,14.595555555556));
#6191 = VECTOR('',#6192,1.);
#6192 = DIRECTION('',(0.,1.,0.));
#6193 = PLANE('',#6194);
#6194 = AXIS2_PLACEMENT_3D('',#6195,#6196,#6197);
#6195 = CARTESIAN_POINT('',(105.97146776406,119.,14.317777777778));
#6196 = DIRECTION('',(0.994766086025,0.,0.102178442416));
#6197 = DIRECTION('',(-0.102178442416,0.,0.994766086025));
#6198 = ADVANCED_FACE('',(#6199),#6345,.F.);
#6199 = FACE_BOUND('',#6200,.F.);
#6200 = EDGE_LOOP('',(#6201,#6211,#6219,#6227,#6235,#6243,#6251,#6259,
    #6267,#6275,#6283,#6289,#6290,#6291,#6299,#6307,#6315,#6323,#6331,
    #6339));
#6201 = ORIENTED_EDGE('',*,*,#6202,.T.);
#6202 = EDGE_CURVE('',#6203,#6205,#6207,.T.);
#6203 = VERTEX_POINT('',#6204);
#6204 = CARTESIAN_POINT('',(103.33113854595,219.8,18.484444444444));
#6205 = VERTEX_POINT('',#6206);
#6206 = CARTESIAN_POINT('',(102.8,219.8,19.04));
#6207 = LINE('',#6208,#6209);
#6208 = CARTESIAN_POINT('',(105.17260312858,219.8,16.558325756515));
#6209 = VECTOR('',#6210,1.);
#6210 = DIRECTION('',(-0.691044328918,-0.,0.722812379162));
#6211 = ORIENTED_EDGE('',*,*,#6212,.T.);
#6212 = EDGE_CURVE('',#6205,#6213,#6215,.T.);
#6213 = VERTEX_POINT('',#6214);
#6214 = CARTESIAN_POINT('',(102.8,219.8,30.04));
#6215 = LINE('',#6216,#6217);
#6216 = CARTESIAN_POINT('',(102.8,219.8,9.54));
#6217 = VECTOR('',#6218,1.);
#6218 = DIRECTION('',(0.,0.,1.));
#6219 = ORIENTED_EDGE('',*,*,#6220,.T.);
#6220 = EDGE_CURVE('',#6213,#6221,#6223,.T.);
#6221 = VERTEX_POINT('',#6222);
#6222 = CARTESIAN_POINT('',(103.33113854595,219.8,30.595555555556));
#6223 = LINE('',#6224,#6225);
#6224 = CARTESIAN_POINT('',(97.680172196209,219.8,24.684808211427));
#6225 = VECTOR('',#6226,1.);
#6226 = DIRECTION('',(0.691044328918,0.,0.722812379162));
#6227 = ORIENTED_EDGE('',*,*,#6228,.T.);
#6228 = EDGE_CURVE('',#6221,#6229,#6231,.T.);
#6229 = VERTEX_POINT('',#6230);
#6230 = CARTESIAN_POINT('',(103.84910836762,219.8,31.151111111111));
#6231 = LINE('',#6232,#6233);
#6232 = CARTESIAN_POINT('',(98.086133275546,219.8,24.969954034064));
#6233 = VECTOR('',#6234,1.);
#6234 = DIRECTION('',(0.681932082106,0.,0.731415501199));
#6235 = ORIENTED_EDGE('',*,*,#6236,.T.);
#6236 = EDGE_CURVE('',#6229,#6237,#6239,.T.);
#6237 = VERTEX_POINT('',#6238);
#6238 = CARTESIAN_POINT('',(104.34074074074,219.8,31.706666666667));
#6239 = LINE('',#6240,#6241);
#6240 = CARTESIAN_POINT('',(98.378977238547,219.8,24.96974083411));
#6241 = VECTOR('',#6242,1.);
#6242 = DIRECTION('',(0.662709521533,0.,0.748876551956));
#6243 = ORIENTED_EDGE('',*,*,#6244,.T.);
#6244 = EDGE_CURVE('',#6237,#6245,#6247,.T.);
#6245 = VERTEX_POINT('',#6246);
#6246 = CARTESIAN_POINT('',(104.79286694101,219.8,32.262222222222));
#6247 = LINE('',#6248,#6249);
#6248 = CARTESIAN_POINT('',(98.720714898936,219.8,24.800991709352));
#6249 = VECTOR('',#6250,1.);
#6250 = DIRECTION('',(0.631212461229,0.,0.77560997208));
#6251 = ORIENTED_EDGE('',*,*,#6252,.T.);
#6252 = EDGE_CURVE('',#6245,#6253,#6255,.T.);
#6253 = VERTEX_POINT('',#6254);
#6254 = CARTESIAN_POINT('',(105.19231824417,219.8,32.817777777778));
#6255 = LINE('',#6256,#6257);
#6256 = CARTESIAN_POINT('',(99.16825006381,219.8,24.439523612099));
#6257 = VECTOR('',#6258,1.);
#6258 = DIRECTION('',(0.583776486487,0.,0.811914412869));
#6259 = ORIENTED_EDGE('',*,*,#6260,.T.);
#6260 = EDGE_CURVE('',#6253,#6261,#6263,.T.);
#6261 = VERTEX_POINT('',#6262);
#6262 = CARTESIAN_POINT('',(105.52592592592,219.8,33.373333333333));
#6263 = LINE('',#6264,#6265);
#6264 = CARTESIAN_POINT('',(99.821915657751,219.8,23.874467549572));
#6265 = VECTOR('',#6266,1.);
#6266 = DIRECTION('',(0.514807016402,0.,0.857306092282));
#6267 = ORIENTED_EDGE('',*,*,#6268,.T.);
#6268 = EDGE_CURVE('',#6261,#6269,#6271,.T.);
#6269 = VERTEX_POINT('',#6270);
#6270 = CARTESIAN_POINT('',(105.780521262,219.8,33.928888888889));
#6271 = LINE('',#6272,#6273);
#6272 = CARTESIAN_POINT('',(100.83978251758,219.8,23.147643245079));
#6273 = VECTOR('',#6274,1.);
#6274 = DIRECTION('',(0.416608335402,0.,0.909086076713));
#6275 = ORIENTED_EDGE('',*,*,#6276,.T.);
#6276 = EDGE_CURVE('',#6269,#6277,#6279,.T.);
#6277 = VERTEX_POINT('',#6278);
#6278 = CARTESIAN_POINT('',(105.94293552812,219.8,34.484444444444));
#6279 = LINE('',#6280,#6281);
#6280 = CARTESIAN_POINT('',(102.41948925086,219.8,22.432115539965));
#6281 = VECTOR('',#6282,1.);
#6282 = DIRECTION('',(0.280600582118,0.,0.959824626333));
#6283 = ORIENTED_EDGE('',*,*,#6284,.T.);
#6284 = EDGE_CURVE('',#6277,#2361,#6285,.T.);
#6285 = LINE('',#6286,#6287);
#6286 = CARTESIAN_POINT('',(104.67307265968,219.8,22.121596807036));
#6287 = VECTOR('',#6288,1.);
#6288 = DIRECTION('',(0.102178442416,0.,0.994766086025));
#6289 = ORIENTED_EDGE('',*,*,#2368,.F.);
#6290 = ORIENTED_EDGE('',*,*,#6180,.T.);
#6291 = ORIENTED_EDGE('',*,*,#6292,.T.);
#6292 = EDGE_CURVE('',#6181,#6293,#6295,.T.);
#6293 = VERTEX_POINT('',#6294);
#6294 = CARTESIAN_POINT('',(105.780521262,219.8,15.151111111111));
#6295 = LINE('',#6296,#6297);
#6296 = CARTESIAN_POINT('',(106.45939948406,219.8,12.82893476031));
#6297 = VECTOR('',#6298,1.);
#6298 = DIRECTION('',(-0.280600582118,-0.,0.959824626333));
#6299 = ORIENTED_EDGE('',*,*,#6300,.T.);
#6300 = EDGE_CURVE('',#6293,#6301,#6303,.T.);
#6301 = VERTEX_POINT('',#6302);
#6302 = CARTESIAN_POINT('',(105.52592592592,219.8,15.706666666667));
#6303 = LINE('',#6304,#6305);
#6304 = CARTESIAN_POINT('',(106.52077507493,219.8,13.535794331821));
#6305 = VECTOR('',#6306,1.);
#6306 = DIRECTION('',(-0.416608335402,-0.,0.909086076713));
#6307 = ORIENTED_EDGE('',*,*,#6308,.T.);
#6308 = EDGE_CURVE('',#6301,#6309,#6311,.T.);
#6309 = VERTEX_POINT('',#6310);
#6310 = CARTESIAN_POINT('',(105.19231824417,219.8,16.262222222222));
#6311 = LINE('',#6312,#6313);
#6312 = CARTESIAN_POINT('',(106.44212353041,219.8,14.180926412481));
#6313 = VECTOR('',#6314,1.);
#6314 = DIRECTION('',(-0.514807016402,-0.,0.857306092282));
#6315 = ORIENTED_EDGE('',*,*,#6316,.T.);
#6316 = EDGE_CURVE('',#6309,#6317,#6319,.T.);
#6317 = VERTEX_POINT('',#6318);
#6318 = CARTESIAN_POINT('',(104.79286694101,219.8,16.817777777778));
#6319 = LINE('',#6320,#6321);
#6320 = CARTESIAN_POINT('',(106.2778982129,219.8,14.752401180537));
#6321 = VECTOR('',#6322,1.);
#6322 = DIRECTION('',(-0.583776486487,-0.,0.811914412869));
#6323 = ORIENTED_EDGE('',*,*,#6324,.T.);
#6324 = EDGE_CURVE('',#6317,#6325,#6327,.T.);
#6325 = VERTEX_POINT('',#6326);
#6326 = CARTESIAN_POINT('',(104.34074074074,219.8,17.373333333333));
#6327 = LINE('',#6328,#6329);
#6328 = CARTESIAN_POINT('',(106.06433509038,219.8,15.255445858801));
#6329 = VECTOR('',#6330,1.);
#6330 = DIRECTION('',(-0.631212461229,-0.,0.77560997208));
#6331 = ORIENTED_EDGE('',*,*,#6332,.T.);
#6332 = EDGE_CURVE('',#6325,#6333,#6335,.T.);
#6333 = VERTEX_POINT('',#6334);
#6334 = CARTESIAN_POINT('',(103.84910836762,219.8,17.928888888889));
#6335 = LINE('',#6336,#6337);
#6336 = CARTESIAN_POINT('',(105.82329156005,219.8,15.698017814852));
#6337 = VECTOR('',#6338,1.);
#6338 = DIRECTION('',(-0.662709521533,-0.,0.748876551956));
#6339 = ORIENTED_EDGE('',*,*,#6340,.T.);
#6340 = EDGE_CURVE('',#6333,#6203,#6341,.T.);
#6341 = LINE('',#6342,#6343);
#6342 = CARTESIAN_POINT('',(105.56588485023,219.8,16.087536994146));
#6343 = VECTOR('',#6344,1.);
#6344 = DIRECTION('',(-0.681932082106,-0.,0.731415501199));
#6345 = PLANE('',#6346);
#6346 = AXIS2_PLACEMENT_3D('',#6347,#6348,#6349);
#6347 = CARTESIAN_POINT('',(102.8,219.8,9.54));
#6348 = DIRECTION('',(-0.,1.,0.));
#6349 = DIRECTION('',(0.,0.,1.));
#6350 = ADVANCED_FACE('',(#6351),#6369,.T.);
#6351 = FACE_BOUND('',#6352,.T.);
#6352 = EDGE_LOOP('',(#6353,#6361,#6367,#6368));
#6353 = ORIENTED_EDGE('',*,*,#6354,.F.);
#6354 = EDGE_CURVE('',#6355,#2353,#6357,.T.);
#6355 = VERTEX_POINT('',#6356);
#6356 = CARTESIAN_POINT('',(105.94293552812,20.,34.484444444444));
#6357 = LINE('',#6358,#6359);
#6358 = CARTESIAN_POINT('',(105.67046644444,20.,31.831800721161));
#6359 = VECTOR('',#6360,1.);
#6360 = DIRECTION('',(0.102178442416,-0.,0.994766086025));
#6361 = ORIENTED_EDGE('',*,*,#6362,.T.);
#6362 = EDGE_CURVE('',#6355,#6277,#6363,.T.);
#6363 = LINE('',#6364,#6365);
#6364 = CARTESIAN_POINT('',(105.94293552812,24.,34.484444444444));
#6365 = VECTOR('',#6366,1.);
#6366 = DIRECTION('',(0.,1.,0.));
#6367 = ORIENTED_EDGE('',*,*,#6284,.T.);
#6368 = ORIENTED_EDGE('',*,*,#2360,.F.);
#6369 = PLANE('',#6370);
#6370 = AXIS2_PLACEMENT_3D('',#6371,#6372,#6373);
#6371 = CARTESIAN_POINT('',(105.97146776406,106.,34.762222222222));
#6372 = DIRECTION('',(0.994766086025,0.,-0.102178442416));
#6373 = DIRECTION('',(0.102178442416,0.,0.994766086025));
#6374 = ADVANCED_FACE('',(#6375),#6633,.T.);
#6375 = FACE_BOUND('',#6376,.T.);
#6376 = EDGE_LOOP('',(#6377,#6387,#6395,#6403,#6411,#6419,#6427,#6435,
    #6443,#6451,#6459,#6467,#6475,#6483,#6491,#6499,#6507,#6515,#6523,
    #6531,#6539,#6547,#6555,#6563,#6571,#6579,#6587,#6595,#6603,#6611,
    #6619,#6625,#6626,#6627));
#6377 = ORIENTED_EDGE('',*,*,#6378,.F.);
#6378 = EDGE_CURVE('',#6379,#6381,#6383,.T.);
#6379 = VERTEX_POINT('',#6380);
#6380 = CARTESIAN_POINT('',(190.,20.,7.));
#6381 = VERTEX_POINT('',#6382);
#6382 = CARTESIAN_POINT('',(190.,20.,38.75));
#6383 = LINE('',#6384,#6385);
#6384 = CARTESIAN_POINT('',(190.,20.,7.));
#6385 = VECTOR('',#6386,1.);
#6386 = DIRECTION('',(0.,0.,1.));
#6387 = ORIENTED_EDGE('',*,*,#6388,.F.);
#6388 = EDGE_CURVE('',#6389,#6379,#6391,.T.);
#6389 = VERTEX_POINT('',#6390);
#6390 = CARTESIAN_POINT('',(140.,20.,7.));
#6391 = LINE('',#6392,#6393);
#6392 = CARTESIAN_POINT('',(140.,20.,7.));
#6393 = VECTOR('',#6394,1.);
#6394 = DIRECTION('',(1.,0.,-0.));
#6395 = ORIENTED_EDGE('',*,*,#6396,.T.);
#6396 = EDGE_CURVE('',#6389,#6397,#6399,.T.);
#6397 = VERTEX_POINT('',#6398);
#6398 = CARTESIAN_POINT('',(140.,20.,18.));
#6399 = LINE('',#6400,#6401);
#6400 = CARTESIAN_POINT('',(140.,20.,7.));
#6401 = VECTOR('',#6402,1.);
#6402 = DIRECTION('',(0.,0.,1.));
#6403 = ORIENTED_EDGE('',*,*,#6404,.F.);
#6404 = EDGE_CURVE('',#6405,#6397,#6407,.T.);
#6405 = VERTEX_POINT('',#6406);
#6406 = CARTESIAN_POINT('',(103.78280823045,20.,18.));
#6407 = LINE('',#6408,#6409);
#6408 = CARTESIAN_POINT('',(98.,20.,18.));
#6409 = VECTOR('',#6410,1.);
#6410 = DIRECTION('',(1.,0.,-0.));
#6411 = ORIENTED_EDGE('',*,*,#6412,.T.);
#6412 = EDGE_CURVE('',#6405,#6413,#6415,.T.);
#6413 = VERTEX_POINT('',#6414);
#6414 = CARTESIAN_POINT('',(103.33113854595,20.,18.484444444444));
#6415 = LINE('',#6416,#6417);
#6416 = CARTESIAN_POINT('',(111.78844930162,20.,9.413441118047));
#6417 = VECTOR('',#6418,1.);
#6418 = DIRECTION('',(-0.681932082106,0.,0.731415501199));
#6419 = ORIENTED_EDGE('',*,*,#6420,.T.);
#6420 = EDGE_CURVE('',#6413,#6421,#6423,.T.);
#6421 = VERTEX_POINT('',#6422);
#6422 = CARTESIAN_POINT('',(102.26886145404,20.,19.595555555556));
#6423 = LINE('',#6424,#6425);
#6424 = CARTESIAN_POINT('',(111.65909863955,20.,9.773639077947));
#6425 = VECTOR('',#6426,1.);
#6426 = DIRECTION('',(-0.691044328918,0.,0.722812379162));
#6427 = ORIENTED_EDGE('',*,*,#6428,.T.);
#6428 = EDGE_CURVE('',#6421,#6429,#6431,.T.);
#6429 = VERTEX_POINT('',#6430);
#6430 = CARTESIAN_POINT('',(101.75089163237,20.,20.151111111111));
#6431 = LINE('',#6432,#6433);
#6432 = CARTESIAN_POINT('',(110.99316484995,20.,10.238185652636));
#6433 = VECTOR('',#6434,1.);
#6434 = DIRECTION('',(-0.681932082106,0.,0.731415501199));
#6435 = ORIENTED_EDGE('',*,*,#6436,.T.);
#6436 = EDGE_CURVE('',#6429,#6437,#6439,.T.);
#6437 = VERTEX_POINT('',#6438);
#6438 = CARTESIAN_POINT('',(101.25925925925,20.,20.706666666667));
#6439 = LINE('',#6440,#6441);
#6440 = CARTESIAN_POINT('',(110.17633487482,20.,10.630172179211));
#6441 = VECTOR('',#6442,1.);
#6442 = DIRECTION('',(-0.662709521533,0.,0.748876551956));
#6443 = ORIENTED_EDGE('',*,*,#6444,.T.);
#6444 = EDGE_CURVE('',#6437,#6445,#6447,.T.);
#6445 = VERTEX_POINT('',#6446);
#6446 = CARTESIAN_POINT('',(100.80713305898,20.,21.262222222222));
#6447 = LINE('',#6448,#6449);
#6448 = CARTESIAN_POINT('',(109.04495697502,20.,11.139896111798));
#6449 = VECTOR('',#6450,1.);
#6450 = DIRECTION('',(-0.631212461229,0.,0.77560997208));
#6451 = ORIENTED_EDGE('',*,*,#6452,.T.);
#6452 = EDGE_CURVE('',#6445,#6453,#6455,.T.);
#6453 = VERTEX_POINT('',#6454);
#6454 = CARTESIAN_POINT('',(100.40768175583,20.,21.817777777778));
#6455 = LINE('',#6456,#6457);
#6456 = CARTESIAN_POINT('',(107.5607142745,20.,11.869363732226));
#6457 = VECTOR('',#6458,1.);
#6458 = DIRECTION('',(-0.583776486487,0.,0.811914412869));
#6459 = ORIENTED_EDGE('',*,*,#6460,.T.);
#6460 = EDGE_CURVE('',#6453,#6461,#6463,.T.);
#6461 = VERTEX_POINT('',#6462);
#6462 = CARTESIAN_POINT('',(100.07407407407,20.,22.373333333333));
#6463 = LINE('',#6464,#6465);
#6464 = CARTESIAN_POINT('',(105.70296723187,20.,12.999559776958));
#6465 = VECTOR('',#6466,1.);
#6466 = DIRECTION('',(-0.514807016402,0.,0.857306092282));
#6467 = ORIENTED_EDGE('',*,*,#6468,.T.);
#6468 = EDGE_CURVE('',#6461,#6469,#6471,.T.);
#6469 = VERTEX_POINT('',#6470);
#6470 = CARTESIAN_POINT('',(99.819478737997,20.,22.928888888889));
#6471 = LINE('',#6472,#6473);
#6472 = CARTESIAN_POINT('',(103.53588098202,20.,14.819282699057));
#6473 = VECTOR('',#6474,1.);
#6474 = DIRECTION('',(-0.416608335402,0.,0.909086076713));
#6475 = ORIENTED_EDGE('',*,*,#6476,.T.);
#6476 = EDGE_CURVE('',#6469,#6477,#6479,.T.);
#6477 = VERTEX_POINT('',#6478);
#6478 = CARTESIAN_POINT('',(99.657064471879,20.,23.484444444444));
#6479 = LINE('',#6480,#6481);
#6480 = CARTESIAN_POINT('',(101.3475613593,20.,17.701917084598));
#6481 = VECTOR('',#6482,1.);
#6482 = DIRECTION('',(-0.280600582118,0.,0.959824626333));
#6483 = ORIENTED_EDGE('',*,*,#6484,.T.);
#6484 = EDGE_CURVE('',#6477,#6485,#6487,.T.);
#6485 = VERTEX_POINT('',#6486);
#6486 = CARTESIAN_POINT('',(99.6,20.,24.04));
#6487 = LINE('',#6488,#6489);
#6488 = CARTESIAN_POINT('',(99.820128179751,20.,21.896925173095));
#6489 = VECTOR('',#6490,1.);
#6490 = DIRECTION('',(-0.102178442416,0.,0.994766086025));
#6491 = ORIENTED_EDGE('',*,*,#6492,.T.);
#6492 = EDGE_CURVE('',#6485,#6493,#6495,.T.);
#6493 = VERTEX_POINT('',#6494);
#6494 = CARTESIAN_POINT('',(99.6,20.,25.04));
#6495 = LINE('',#6496,#6497);
#6496 = CARTESIAN_POINT('',(99.6,20.,24.640833333333));
#6497 = VECTOR('',#6498,1.);
#6498 = DIRECTION('',(0.,0.,1.));
#6499 = ORIENTED_EDGE('',*,*,#6500,.T.);
#6500 = EDGE_CURVE('',#6493,#6501,#6503,.T.);
#6501 = VERTEX_POINT('',#6502);
#6502 = CARTESIAN_POINT('',(99.657064471879,20.,25.595555555556));
#6503 = LINE('',#6504,#6505);
#6504 = CARTESIAN_POINT('',(99.840626315681,20.,27.382636006029));
#6505 = VECTOR('',#6506,1.);
#6506 = DIRECTION('',(0.102178442416,-0.,0.994766086025));
#6507 = ORIENTED_EDGE('',*,*,#6508,.T.);
#6508 = EDGE_CURVE('',#6501,#6509,#6511,.T.);
#6509 = VERTEX_POINT('',#6510);
#6510 = CARTESIAN_POINT('',(99.819478737997,20.,26.151111111111));
#6511 = LINE('',#6512,#6513);
#6512 = CARTESIAN_POINT('',(101.40187570799,20.,31.563871016921));
#6513 = VECTOR('',#6514,1.);
#6514 = DIRECTION('',(0.280600582118,-0.,0.959824626333));
#6515 = ORIENTED_EDGE('',*,*,#6516,.T.);
#6516 = EDGE_CURVE('',#6509,#6517,#6519,.T.);
#6517 = VERTEX_POINT('',#6518);
#6518 = CARTESIAN_POINT('',(100.07407407407,20.,26.706666666667));
#6519 = LINE('',#6520,#6521);
#6520 = CARTESIAN_POINT('',(103.61225877085,20.,34.427382195743));
#6521 = VECTOR('',#6522,1.);
#6522 = DIRECTION('',(0.416608335402,-0.,0.909086076713));
#6523 = ORIENTED_EDGE('',*,*,#6524,.T.);
#6524 = EDGE_CURVE('',#6517,#6525,#6527,.T.);
#6525 = VERTEX_POINT('',#6526);
#6526 = CARTESIAN_POINT('',(100.40768175583,20.,27.262222222222));
#6527 = LINE('',#6528,#6529);
#6528 = CARTESIAN_POINT('',(105.79197224883,20.,36.228659926441));
#6529 = VECTOR('',#6530,1.);
#6530 = DIRECTION('',(0.514807016402,-0.,0.857306092282));
#6531 = ORIENTED_EDGE('',*,*,#6532,.T.);
#6532 = EDGE_CURVE('',#6525,#6533,#6535,.T.);
#6533 = VERTEX_POINT('',#6534);
#6534 = CARTESIAN_POINT('',(100.80713305898,20.,27.817777777778));
#6535 = LINE('',#6536,#6537);
#6536 = CARTESIAN_POINT('',(107.65629954406,20.,37.343575945562));
#6537 = VECTOR('',#6538,1.);
#6538 = DIRECTION('',(0.583776486487,-0.,0.811914412869));
#6539 = ORIENTED_EDGE('',*,*,#6540,.T.);
#6540 = EDGE_CURVE('',#6533,#6541,#6543,.T.);
#6541 = VERTEX_POINT('',#6542);
#6542 = CARTESIAN_POINT('',(101.25925925925,20.,28.373333333333));
#6543 = LINE('',#6544,#6545);
#6544 = CARTESIAN_POINT('',(109.1436878687,20.,38.061420672008));
#6545 = VECTOR('',#6546,1.);
#6546 = DIRECTION('',(0.631212461229,-0.,0.77560997208));
#6547 = ORIENTED_EDGE('',*,*,#6548,.T.);
#6548 = EDGE_CURVE('',#6541,#6549,#6551,.T.);
#6549 = VERTEX_POINT('',#6550);
#6550 = CARTESIAN_POINT('',(101.75089163237,20.,28.928888888889));
#6551 = LINE('',#6552,#6553);
#6552 = CARTESIAN_POINT('',(110.27641954514,20.,38.562925732286));
#6553 = VECTOR('',#6554,1.);
#6554 = DIRECTION('',(0.662709521533,-0.,0.748876551956));
#6555 = ORIENTED_EDGE('',*,*,#6556,.T.);
#6556 = EDGE_CURVE('',#6549,#6557,#6559,.T.);
#6557 = VERTEX_POINT('',#6558);
#6558 = CARTESIAN_POINT('',(102.26886145404,20.,29.484444444444));
#6559 = LINE('',#6560,#6561);
#6560 = CARTESIAN_POINT('',(111.0937512819,20.,38.949699688835));
#6561 = VECTOR('',#6562,1.);
#6562 = DIRECTION('',(0.681932082106,-0.,0.731415501199));
#6563 = ORIENTED_EDGE('',*,*,#6564,.T.);
#6564 = EDGE_CURVE('',#6557,#6565,#6567,.T.);
#6565 = VERTEX_POINT('',#6566);
#6566 = CARTESIAN_POINT('',(103.33113854595,20.,30.595555555556));
#6567 = LINE('',#6568,#6569);
#6568 = CARTESIAN_POINT('',(111.75983021097,20.,39.41172323204));
#6569 = VECTOR('',#6570,1.);
#6570 = DIRECTION('',(0.691044328918,-0.,0.722812379162));
#6571 = ORIENTED_EDGE('',*,*,#6572,.T.);
#6572 = EDGE_CURVE('',#6565,#6573,#6575,.T.);
#6573 = VERTEX_POINT('',#6574);
#6574 = CARTESIAN_POINT('',(103.84910836762,20.,31.151111111111));
#6575 = LINE('',#6576,#6577);
#6576 = CARTESIAN_POINT('',(111.89091959315,20.,39.776464782555));
#6577 = VECTOR('',#6578,1.);
#6578 = DIRECTION('',(0.681932082106,-0.,0.731415501199));
#6579 = ORIENTED_EDGE('',*,*,#6580,.T.);
#6580 = EDGE_CURVE('',#6573,#6581,#6583,.T.);
#6581 = VERTEX_POINT('',#6582);
#6582 = CARTESIAN_POINT('',(104.34074074074,20.,31.706666666667));
#6583 = LINE('',#6584,#6585);
#6584 = CARTESIAN_POINT('',(111.60827026164,20.,39.919137246925));
#6585 = VECTOR('',#6586,1.);
#6586 = DIRECTION('',(0.662709521533,-0.,0.748876551956));
#6587 = ORIENTED_EDGE('',*,*,#6588,.T.);
#6588 = EDGE_CURVE('',#6581,#6589,#6591,.T.);
#6589 = VERTEX_POINT('',#6590);
#6590 = CARTESIAN_POINT('',(104.79286694101,20.,32.262222222222));
#6591 = LINE('',#6592,#6593);
#6592 = CARTESIAN_POINT('',(111.02139859489,20.,39.915606080904));
#6593 = VECTOR('',#6594,1.);
#6594 = DIRECTION('',(0.631212461229,-0.,0.77560997208));
#6595 = ORIENTED_EDGE('',*,*,#6596,.T.);
#6596 = EDGE_CURVE('',#6589,#6597,#6599,.T.);
#6597 = VERTEX_POINT('',#6598);
#6598 = CARTESIAN_POINT('',(105.19231824417,20.,32.817777777778));
#6599 = LINE('',#6600,#6601);
#6600 = CARTESIAN_POINT('',(110.10931880878,20.,39.656325953158));
#6601 = VECTOR('',#6602,1.);
#6602 = DIRECTION('',(0.583776486487,-0.,0.811914412869));
#6603 = ORIENTED_EDGE('',*,*,#6604,.T.);
#6604 = EDGE_CURVE('',#6597,#6605,#6607,.T.);
#6605 = VERTEX_POINT('',#6606);
#6606 = CARTESIAN_POINT('',(105.52592592592,20.,33.373333333333));
#6607 = LINE('',#6608,#6609);
#6608 = CARTESIAN_POINT('',(108.8834209903,20.,38.964556610779));
#6609 = VECTOR('',#6610,1.);
#6610 = DIRECTION('',(0.514807016402,-0.,0.857306092282));
#6611 = ORIENTED_EDGE('',*,*,#6612,.T.);
#6612 = EDGE_CURVE('',#6605,#6613,#6615,.T.);
#6613 = VERTEX_POINT('',#6614);
#6614 = CARTESIAN_POINT('',(105.780521262,20.,33.928888888889));
#6615 = LINE('',#6616,#6617);
#6616 = CARTESIAN_POINT('',(107.45584696773,20.,37.584637330805));
#6617 = VECTOR('',#6618,1.);
#6618 = DIRECTION('',(0.416608335402,-0.,0.909086076713));
#6619 = ORIENTED_EDGE('',*,*,#6620,.T.);
#6620 = EDGE_CURVE('',#6613,#6355,#6621,.T.);
#6621 = LINE('',#6622,#6623);
#6622 = CARTESIAN_POINT('',(106.16206486175,20.,35.234000019808));
#6623 = VECTOR('',#6624,1.);
#6624 = DIRECTION('',(0.280600582118,-0.,0.959824626333));
#6625 = ORIENTED_EDGE('',*,*,#6354,.T.);
#6626 = ORIENTED_EDGE('',*,*,#2352,.T.);
#6627 = ORIENTED_EDGE('',*,*,#6628,.T.);
#6628 = EDGE_CURVE('',#2345,#6381,#6629,.T.);
#6629 = LINE('',#6630,#6631);
#6630 = CARTESIAN_POINT('',(98.,20.,38.75));
#6631 = VECTOR('',#6632,1.);
#6632 = DIRECTION('',(1.,0.,-0.));
#6633 = PLANE('',#6634);
#6634 = AXIS2_PLACEMENT_3D('',#6635,#6636,#6637);
#6635 = CARTESIAN_POINT('',(145.86666666666,20.,24.741666666667));
#6636 = DIRECTION('',(0.,1.,0.));
#6637 = DIRECTION('',(0.,-0.,1.));
#6638 = ADVANCED_FACE('',(#6639),#6657,.T.);
#6639 = FACE_BOUND('',#6640,.T.);
#6640 = EDGE_LOOP('',(#6641,#6642,#6643,#6651));
#6641 = ORIENTED_EDGE('',*,*,#6628,.F.);
#6642 = ORIENTED_EDGE('',*,*,#2344,.T.);
#6643 = ORIENTED_EDGE('',*,*,#6644,.T.);
#6644 = EDGE_CURVE('',#2337,#6645,#6647,.T.);
#6645 = VERTEX_POINT('',#6646);
#6646 = CARTESIAN_POINT('',(190.,0.,38.75));
#6647 = LINE('',#6648,#6649);
#6648 = CARTESIAN_POINT('',(98.,0.,38.75));
#6649 = VECTOR('',#6650,1.);
#6650 = DIRECTION('',(1.,0.,-0.));
#6651 = ORIENTED_EDGE('',*,*,#6652,.T.);
#6652 = EDGE_CURVE('',#6645,#6381,#6653,.T.);
#6653 = LINE('',#6654,#6655);
#6654 = CARTESIAN_POINT('',(190.,0.,38.75));
#6655 = VECTOR('',#6656,1.);
#6656 = DIRECTION('',(-0.,1.,0.));
#6657 = PLANE('',#6658);
#6658 = AXIS2_PLACEMENT_3D('',#6659,#6660,#6661);
#6659 = CARTESIAN_POINT('',(98.,0.,38.75));
#6660 = DIRECTION('',(0.,0.,1.));
#6661 = DIRECTION('',(1.,0.,-0.));
#6662 = ADVANCED_FACE('',(#6663),#6929,.T.);
#6663 = FACE_BOUND('',#6664,.T.);
#6664 = EDGE_LOOP('',(#6665,#6675,#6681,#6682,#6683,#6691,#6699,#6707,
    #6715,#6723,#6731,#6739,#6747,#6755,#6763,#6771,#6779,#6787,#6795,
    #6803,#6811,#6819,#6827,#6835,#6843,#6851,#6859,#6867,#6875,#6883,
    #6891,#6899,#6907,#6915,#6923));
#6665 = ORIENTED_EDGE('',*,*,#6666,.T.);
#6666 = EDGE_CURVE('',#6667,#6669,#6671,.T.);
#6667 = VERTEX_POINT('',#6668);
#6668 = CARTESIAN_POINT('',(140.,0.,7.));
#6669 = VERTEX_POINT('',#6670);
#6670 = CARTESIAN_POINT('',(190.,0.,7.));
#6671 = LINE('',#6672,#6673);
#6672 = CARTESIAN_POINT('',(140.,0.,7.));
#6673 = VECTOR('',#6674,1.);
#6674 = DIRECTION('',(1.,0.,-0.));
#6675 = ORIENTED_EDGE('',*,*,#6676,.T.);
#6676 = EDGE_CURVE('',#6669,#6645,#6677,.T.);
#6677 = LINE('',#6678,#6679);
#6678 = CARTESIAN_POINT('',(190.,0.,18.));
#6679 = VECTOR('',#6680,1.);
#6680 = DIRECTION('',(0.,0.,1.));
#6681 = ORIENTED_EDGE('',*,*,#6644,.F.);
#6682 = ORIENTED_EDGE('',*,*,#2336,.T.);
#6683 = ORIENTED_EDGE('',*,*,#6684,.T.);
#6684 = EDGE_CURVE('',#2329,#6685,#6687,.T.);
#6685 = VERTEX_POINT('',#6686);
#6686 = CARTESIAN_POINT('',(105.94293552812,0.,34.484444444444));
#6687 = LINE('',#6688,#6689);
#6688 = CARTESIAN_POINT('',(105.67046644444,0.,31.831800721161));
#6689 = VECTOR('',#6690,1.);
#6690 = DIRECTION('',(-0.102178442416,0.,-0.994766086025));
#6691 = ORIENTED_EDGE('',*,*,#6692,.T.);
#6692 = EDGE_CURVE('',#6685,#6693,#6695,.T.);
#6693 = VERTEX_POINT('',#6694);
#6694 = CARTESIAN_POINT('',(105.780521262,0.,33.928888888889));
#6695 = LINE('',#6696,#6697);
#6696 = CARTESIAN_POINT('',(106.16206486175,0.,35.234000019808));
#6697 = VECTOR('',#6698,1.);
#6698 = DIRECTION('',(-0.280600582118,0.,-0.959824626333));
#6699 = ORIENTED_EDGE('',*,*,#6700,.T.);
#6700 = EDGE_CURVE('',#6693,#6701,#6703,.T.);
#6701 = VERTEX_POINT('',#6702);
#6702 = CARTESIAN_POINT('',(105.52592592592,0.,33.373333333333));
#6703 = LINE('',#6704,#6705);
#6704 = CARTESIAN_POINT('',(107.45584696773,0.,37.584637330805));
#6705 = VECTOR('',#6706,1.);
#6706 = DIRECTION('',(-0.416608335402,0.,-0.909086076713));
#6707 = ORIENTED_EDGE('',*,*,#6708,.T.);
#6708 = EDGE_CURVE('',#6701,#6709,#6711,.T.);
#6709 = VERTEX_POINT('',#6710);
#6710 = CARTESIAN_POINT('',(105.19231824417,0.,32.817777777778));
#6711 = LINE('',#6712,#6713);
#6712 = CARTESIAN_POINT('',(108.8834209903,0.,38.964556610779));
#6713 = VECTOR('',#6714,1.);
#6714 = DIRECTION('',(-0.514807016402,0.,-0.857306092282));
#6715 = ORIENTED_EDGE('',*,*,#6716,.T.);
#6716 = EDGE_CURVE('',#6709,#6717,#6719,.T.);
#6717 = VERTEX_POINT('',#6718);
#6718 = CARTESIAN_POINT('',(104.79286694101,0.,32.262222222222));
#6719 = LINE('',#6720,#6721);
#6720 = CARTESIAN_POINT('',(110.10931880878,0.,39.656325953158));
#6721 = VECTOR('',#6722,1.);
#6722 = DIRECTION('',(-0.583776486487,0.,-0.811914412869));
#6723 = ORIENTED_EDGE('',*,*,#6724,.T.);
#6724 = EDGE_CURVE('',#6717,#6725,#6727,.T.);
#6725 = VERTEX_POINT('',#6726);
#6726 = CARTESIAN_POINT('',(104.34074074074,0.,31.706666666667));
#6727 = LINE('',#6728,#6729);
#6728 = CARTESIAN_POINT('',(111.02139859489,0.,39.915606080904));
#6729 = VECTOR('',#6730,1.);
#6730 = DIRECTION('',(-0.631212461229,0.,-0.77560997208));
#6731 = ORIENTED_EDGE('',*,*,#6732,.T.);
#6732 = EDGE_CURVE('',#6725,#6733,#6735,.T.);
#6733 = VERTEX_POINT('',#6734);
#6734 = CARTESIAN_POINT('',(103.84910836762,0.,31.151111111111));
#6735 = LINE('',#6736,#6737);
#6736 = CARTESIAN_POINT('',(111.60827026164,0.,39.919137246925));
#6737 = VECTOR('',#6738,1.);
#6738 = DIRECTION('',(-0.662709521533,0.,-0.748876551956));
#6739 = ORIENTED_EDGE('',*,*,#6740,.T.);
#6740 = EDGE_CURVE('',#6733,#6741,#6743,.T.);
#6741 = VERTEX_POINT('',#6742);
#6742 = CARTESIAN_POINT('',(103.33113854595,0.,30.595555555556));
#6743 = LINE('',#6744,#6745);
#6744 = CARTESIAN_POINT('',(111.89091959315,0.,39.776464782555));
#6745 = VECTOR('',#6746,1.);
#6746 = DIRECTION('',(-0.681932082106,0.,-0.731415501199));
#6747 = ORIENTED_EDGE('',*,*,#6748,.T.);
#6748 = EDGE_CURVE('',#6741,#6749,#6751,.T.);
#6749 = VERTEX_POINT('',#6750);
#6750 = CARTESIAN_POINT('',(102.26886145404,0.,29.484444444444));
#6751 = LINE('',#6752,#6753);
#6752 = CARTESIAN_POINT('',(111.75983021097,0.,39.41172323204));
#6753 = VECTOR('',#6754,1.);
#6754 = DIRECTION('',(-0.691044328918,0.,-0.722812379162));
#6755 = ORIENTED_EDGE('',*,*,#6756,.T.);
#6756 = EDGE_CURVE('',#6749,#6757,#6759,.T.);
#6757 = VERTEX_POINT('',#6758);
#6758 = CARTESIAN_POINT('',(101.75089163237,0.,28.928888888889));
#6759 = LINE('',#6760,#6761);
#6760 = CARTESIAN_POINT('',(111.0937512819,0.,38.949699688835));
#6761 = VECTOR('',#6762,1.);
#6762 = DIRECTION('',(-0.681932082106,0.,-0.731415501199));
#6763 = ORIENTED_EDGE('',*,*,#6764,.T.);
#6764 = EDGE_CURVE('',#6757,#6765,#6767,.T.);
#6765 = VERTEX_POINT('',#6766);
#6766 = CARTESIAN_POINT('',(101.25925925925,0.,28.373333333333));
#6767 = LINE('',#6768,#6769);
#6768 = CARTESIAN_POINT('',(110.27641954514,0.,38.562925732286));
#6769 = VECTOR('',#6770,1.);
#6770 = DIRECTION('',(-0.662709521533,0.,-0.748876551956));
#6771 = ORIENTED_EDGE('',*,*,#6772,.T.);
#6772 = EDGE_CURVE('',#6765,#6773,#6775,.T.);
#6773 = VERTEX_POINT('',#6774);
#6774 = CARTESIAN_POINT('',(100.80713305898,0.,27.817777777778));
#6775 = LINE('',#6776,#6777);
#6776 = CARTESIAN_POINT('',(109.1436878687,0.,38.061420672008));
#6777 = VECTOR('',#6778,1.);
#6778 = DIRECTION('',(-0.631212461229,0.,-0.77560997208));
#6779 = ORIENTED_EDGE('',*,*,#6780,.T.);
#6780 = EDGE_CURVE('',#6773,#6781,#6783,.T.);
#6781 = VERTEX_POINT('',#6782);
#6782 = CARTESIAN_POINT('',(100.40768175583,0.,27.262222222222));
#6783 = LINE('',#6784,#6785);
#6784 = CARTESIAN_POINT('',(107.65629954406,0.,37.343575945562));
#6785 = VECTOR('',#6786,1.);
#6786 = DIRECTION('',(-0.583776486487,0.,-0.811914412869));
#6787 = ORIENTED_EDGE('',*,*,#6788,.T.);
#6788 = EDGE_CURVE('',#6781,#6789,#6791,.T.);
#6789 = VERTEX_POINT('',#6790);
#6790 = CARTESIAN_POINT('',(100.07407407407,0.,26.706666666667));
#6791 = LINE('',#6792,#6793);
#6792 = CARTESIAN_POINT('',(105.79197224883,0.,36.228659926441));
#6793 = VECTOR('',#6794,1.);
#6794 = DIRECTION('',(-0.514807016402,0.,-0.857306092282));
#6795 = ORIENTED_EDGE('',*,*,#6796,.T.);
#6796 = EDGE_CURVE('',#6789,#6797,#6799,.T.);
#6797 = VERTEX_POINT('',#6798);
#6798 = CARTESIAN_POINT('',(99.819478737997,0.,26.151111111111));
#6799 = LINE('',#6800,#6801);
#6800 = CARTESIAN_POINT('',(103.61225877085,-1.42108547152E-14,
    34.427382195743));
#6801 = VECTOR('',#6802,1.);
#6802 = DIRECTION('',(-0.416608335402,0.,-0.909086076713));
#6803 = ORIENTED_EDGE('',*,*,#6804,.T.);
#6804 = EDGE_CURVE('',#6797,#6805,#6807,.T.);
#6805 = VERTEX_POINT('',#6806);
#6806 = CARTESIAN_POINT('',(99.657064471879,0.,25.595555555556));
#6807 = LINE('',#6808,#6809);
#6808 = CARTESIAN_POINT('',(101.40187570799,0.,31.563871016921));
#6809 = VECTOR('',#6810,1.);
#6810 = DIRECTION('',(-0.280600582118,0.,-0.959824626333));
#6811 = ORIENTED_EDGE('',*,*,#6812,.T.);
#6812 = EDGE_CURVE('',#6805,#6813,#6815,.T.);
#6813 = VERTEX_POINT('',#6814);
#6814 = CARTESIAN_POINT('',(99.6,0.,25.04));
#6815 = LINE('',#6816,#6817);
#6816 = CARTESIAN_POINT('',(99.840626315681,0.,27.382636006029));
#6817 = VECTOR('',#6818,1.);
#6818 = DIRECTION('',(-0.102178442416,0.,-0.994766086025));
#6819 = ORIENTED_EDGE('',*,*,#6820,.T.);
#6820 = EDGE_CURVE('',#6813,#6821,#6823,.T.);
#6821 = VERTEX_POINT('',#6822);
#6822 = CARTESIAN_POINT('',(99.6,0.,24.04));
#6823 = LINE('',#6824,#6825);
#6824 = CARTESIAN_POINT('',(99.6,0.,24.640833333333));
#6825 = VECTOR('',#6826,1.);
#6826 = DIRECTION('',(0.,0.,-1.));
#6827 = ORIENTED_EDGE('',*,*,#6828,.T.);
#6828 = EDGE_CURVE('',#6821,#6829,#6831,.T.);
#6829 = VERTEX_POINT('',#6830);
#6830 = CARTESIAN_POINT('',(99.657064471879,0.,23.484444444444));
#6831 = LINE('',#6832,#6833);
#6832 = CARTESIAN_POINT('',(99.820128179751,0.,21.896925173095));
#6833 = VECTOR('',#6834,1.);
#6834 = DIRECTION('',(0.102178442416,0.,-0.994766086025));
#6835 = ORIENTED_EDGE('',*,*,#6836,.T.);
#6836 = EDGE_CURVE('',#6829,#6837,#6839,.T.);
#6837 = VERTEX_POINT('',#6838);
#6838 = CARTESIAN_POINT('',(99.819478737997,0.,22.928888888889));
#6839 = LINE('',#6840,#6841);
#6840 = CARTESIAN_POINT('',(101.3475613593,0.,17.701917084598));
#6841 = VECTOR('',#6842,1.);
#6842 = DIRECTION('',(0.280600582118,0.,-0.959824626333));
#6843 = ORIENTED_EDGE('',*,*,#6844,.T.);
#6844 = EDGE_CURVE('',#6837,#6845,#6847,.T.);
#6845 = VERTEX_POINT('',#6846);
#6846 = CARTESIAN_POINT('',(100.07407407407,0.,22.373333333333));
#6847 = LINE('',#6848,#6849);
#6848 = CARTESIAN_POINT('',(103.53588098202,0.,14.819282699057));
#6849 = VECTOR('',#6850,1.);
#6850 = DIRECTION('',(0.416608335402,0.,-0.909086076713));
#6851 = ORIENTED_EDGE('',*,*,#6852,.T.);
#6852 = EDGE_CURVE('',#6845,#6853,#6855,.T.);
#6853 = VERTEX_POINT('',#6854);
#6854 = CARTESIAN_POINT('',(100.40768175583,0.,21.817777777778));
#6855 = LINE('',#6856,#6857);
#6856 = CARTESIAN_POINT('',(105.70296723187,-1.42108547152E-14,
    12.999559776958));
#6857 = VECTOR('',#6858,1.);
#6858 = DIRECTION('',(0.514807016402,0.,-0.857306092282));
#6859 = ORIENTED_EDGE('',*,*,#6860,.T.);
#6860 = EDGE_CURVE('',#6853,#6861,#6863,.T.);
#6861 = VERTEX_POINT('',#6862);
#6862 = CARTESIAN_POINT('',(100.80713305898,0.,21.262222222222));
#6863 = LINE('',#6864,#6865);
#6864 = CARTESIAN_POINT('',(107.5607142745,0.,11.869363732226));
#6865 = VECTOR('',#6866,1.);
#6866 = DIRECTION('',(0.583776486487,0.,-0.811914412869));
#6867 = ORIENTED_EDGE('',*,*,#6868,.T.);
#6868 = EDGE_CURVE('',#6861,#6869,#6871,.T.);
#6869 = VERTEX_POINT('',#6870);
#6870 = CARTESIAN_POINT('',(101.25925925925,0.,20.706666666667));
#6871 = LINE('',#6872,#6873);
#6872 = CARTESIAN_POINT('',(109.04495697502,0.,11.139896111798));
#6873 = VECTOR('',#6874,1.);
#6874 = DIRECTION('',(0.631212461229,0.,-0.77560997208));
#6875 = ORIENTED_EDGE('',*,*,#6876,.T.);
#6876 = EDGE_CURVE('',#6869,#6877,#6879,.T.);
#6877 = VERTEX_POINT('',#6878);
#6878 = CARTESIAN_POINT('',(101.75089163237,0.,20.151111111111));
#6879 = LINE('',#6880,#6881);
#6880 = CARTESIAN_POINT('',(110.17633487482,0.,10.630172179211));
#6881 = VECTOR('',#6882,1.);
#6882 = DIRECTION('',(0.662709521533,0.,-0.748876551956));
#6883 = ORIENTED_EDGE('',*,*,#6884,.T.);
#6884 = EDGE_CURVE('',#6877,#6885,#6887,.T.);
#6885 = VERTEX_POINT('',#6886);
#6886 = CARTESIAN_POINT('',(102.26886145404,0.,19.595555555556));
#6887 = LINE('',#6888,#6889);
#6888 = CARTESIAN_POINT('',(110.99316484995,0.,10.238185652636));
#6889 = VECTOR('',#6890,1.);
#6890 = DIRECTION('',(0.681932082106,0.,-0.731415501199));
#6891 = ORIENTED_EDGE('',*,*,#6892,.T.);
#6892 = EDGE_CURVE('',#6885,#6893,#6895,.T.);
#6893 = VERTEX_POINT('',#6894);
#6894 = CARTESIAN_POINT('',(103.33113854595,0.,18.484444444444));
#6895 = LINE('',#6896,#6897);
#6896 = CARTESIAN_POINT('',(111.65909863955,0.,9.773639077947));
#6897 = VECTOR('',#6898,1.);
#6898 = DIRECTION('',(0.691044328918,0.,-0.722812379162));
#6899 = ORIENTED_EDGE('',*,*,#6900,.T.);
#6900 = EDGE_CURVE('',#6893,#6901,#6903,.T.);
#6901 = VERTEX_POINT('',#6902);
#6902 = CARTESIAN_POINT('',(103.78280823045,0.,18.));
#6903 = LINE('',#6904,#6905);
#6904 = CARTESIAN_POINT('',(111.78844930162,0.,9.413441118047));
#6905 = VECTOR('',#6906,1.);
#6906 = DIRECTION('',(0.681932082106,0.,-0.731415501199));
#6907 = ORIENTED_EDGE('',*,*,#6908,.T.);
#6908 = EDGE_CURVE('',#6901,#6909,#6911,.T.);
#6909 = VERTEX_POINT('',#6910);
#6910 = CARTESIAN_POINT('',(109.,0.,18.));
#6911 = LINE('',#6912,#6913);
#6912 = CARTESIAN_POINT('',(98.,0.,18.));
#6913 = VECTOR('',#6914,1.);
#6914 = DIRECTION('',(1.,0.,-0.));
#6915 = ORIENTED_EDGE('',*,*,#6916,.T.);
#6916 = EDGE_CURVE('',#6909,#6917,#6919,.T.);
#6917 = VERTEX_POINT('',#6918);
#6918 = CARTESIAN_POINT('',(140.,0.,18.));
#6919 = LINE('',#6920,#6921);
#6920 = CARTESIAN_POINT('',(98.,0.,18.));
#6921 = VECTOR('',#6922,1.);
#6922 = DIRECTION('',(1.,0.,-0.));
#6923 = ORIENTED_EDGE('',*,*,#6924,.F.);
#6924 = EDGE_CURVE('',#6667,#6917,#6925,.T.);
#6925 = LINE('',#6926,#6927);
#6926 = CARTESIAN_POINT('',(140.,0.,7.));
#6927 = VECTOR('',#6928,1.);
#6928 = DIRECTION('',(0.,0.,1.));
#6929 = PLANE('',#6930);
#6930 = AXIS2_PLACEMENT_3D('',#6931,#6932,#6933);
#6931 = CARTESIAN_POINT('',(145.86666666666,0.,24.741666666667));
#6932 = DIRECTION('',(-0.,-1.,-0.));
#6933 = DIRECTION('',(0.,0.,-1.));
#6934 = ADVANCED_FACE('',(#6935),#6953,.T.);
#6935 = FACE_BOUND('',#6936,.T.);
#6936 = EDGE_LOOP('',(#6937,#6945,#6951,#6952));
#6937 = ORIENTED_EDGE('',*,*,#6938,.F.);
#6938 = EDGE_CURVE('',#6939,#2321,#6941,.T.);
#6939 = VERTEX_POINT('',#6940);
#6940 = CARTESIAN_POINT('',(105.94293552812,-8.,34.484444444444));
#6941 = LINE('',#6942,#6943);
#6942 = CARTESIAN_POINT('',(105.94293552812,-8.,34.484444444444));
#6943 = VECTOR('',#6944,1.);
#6944 = DIRECTION('',(0.102178442416,0.,0.994766086025));
#6945 = ORIENTED_EDGE('',*,*,#6946,.T.);
#6946 = EDGE_CURVE('',#6939,#6685,#6947,.T.);
#6947 = LINE('',#6948,#6949);
#6948 = CARTESIAN_POINT('',(105.94293552812,24.,34.484444444444));
#6949 = VECTOR('',#6950,1.);
#6950 = DIRECTION('',(0.,1.,0.));
#6951 = ORIENTED_EDGE('',*,*,#6684,.F.);
#6952 = ORIENTED_EDGE('',*,*,#2328,.F.);
#6953 = PLANE('',#6954);
#6954 = AXIS2_PLACEMENT_3D('',#6955,#6956,#6957);
#6955 = CARTESIAN_POINT('',(105.97146776406,106.,34.762222222222));
#6956 = DIRECTION('',(0.994766086025,0.,-0.102178442416));
#6957 = DIRECTION('',(0.102178442416,0.,0.994766086025));
#6958 = ADVANCED_FACE('',(#6959,#7368),#7402,.T.);
#6959 = FACE_BOUND('',#6960,.T.);
#6960 = EDGE_LOOP('',(#6961,#6971,#6979,#6987,#6995,#7003,#7011,#7019,
    #7027,#7035,#7043,#7051,#7059,#7067,#7075,#7083,#7091,#7099,#7107,
    #7115,#7123,#7131,#7139,#7147,#7155,#7163,#7171,#7179,#7187,#7195,
    #7203,#7211,#7217,#7218,#7219,#7220,#7221,#7222,#7223,#7224,#7225,
    #7226,#7227,#7228,#7229,#7230,#7231,#7239,#7247,#7255,#7263,#7271,
    #7279,#7287,#7295,#7303,#7311,#7319,#7327,#7335,#7343,#7349,#7350,
    #7351,#7352,#7353,#7354,#7362));
#6961 = ORIENTED_EDGE('',*,*,#6962,.T.);
#6962 = EDGE_CURVE('',#6963,#6965,#6967,.T.);
#6963 = VERTEX_POINT('',#6964);
#6964 = CARTESIAN_POINT('',(81.,-8.,13.));
#6965 = VERTEX_POINT('',#6966);
#6966 = CARTESIAN_POINT('',(99.,-8.,13.));
#6967 = LINE('',#6968,#6969);
#6968 = CARTESIAN_POINT('',(81.,-8.,13.));
#6969 = VECTOR('',#6970,1.);
#6970 = DIRECTION('',(1.,0.,0.));
#6971 = ORIENTED_EDGE('',*,*,#6972,.T.);
#6972 = EDGE_CURVE('',#6965,#6973,#6975,.T.);
#6973 = VERTEX_POINT('',#6974);
#6974 = CARTESIAN_POINT('',(99.,-8.,0.));
#6975 = LINE('',#6976,#6977);
#6976 = CARTESIAN_POINT('',(99.,-8.,3.013509448515));
#6977 = VECTOR('',#6978,1.);
#6978 = DIRECTION('',(0.,0.,-1.));
#6979 = ORIENTED_EDGE('',*,*,#6980,.T.);
#6980 = EDGE_CURVE('',#6973,#6981,#6983,.T.);
#6981 = VERTEX_POINT('',#6982);
#6982 = CARTESIAN_POINT('',(109.,-8.,0.));
#6983 = LINE('',#6984,#6985);
#6984 = CARTESIAN_POINT('',(71.,-8.,0.));
#6985 = VECTOR('',#6986,1.);
#6986 = DIRECTION('',(1.,0.,-0.));
#6987 = ORIENTED_EDGE('',*,*,#6988,.T.);
#6988 = EDGE_CURVE('',#6981,#6989,#6991,.T.);
#6989 = VERTEX_POINT('',#6990);
#6990 = CARTESIAN_POINT('',(109.,-8.,18.));
#6991 = LINE('',#6992,#6993);
#6992 = CARTESIAN_POINT('',(109.,-8.,0.));
#6993 = VECTOR('',#6994,1.);
#6994 = DIRECTION('',(0.,0.,1.));
#6995 = ORIENTED_EDGE('',*,*,#6996,.F.);
#6996 = EDGE_CURVE('',#6997,#6989,#6999,.T.);
#6997 = VERTEX_POINT('',#6998);
#6998 = CARTESIAN_POINT('',(103.78280823045,-8.,18.));
#6999 = LINE('',#7000,#7001);
#7000 = CARTESIAN_POINT('',(71.,-8.,18.));
#7001 = VECTOR('',#7002,1.);
#7002 = DIRECTION('',(1.,0.,-0.));
#7003 = ORIENTED_EDGE('',*,*,#7004,.F.);
#7004 = EDGE_CURVE('',#7005,#6997,#7007,.T.);
#7005 = VERTEX_POINT('',#7006);
#7006 = CARTESIAN_POINT('',(103.33113854595,-8.,18.484444444444));
#7007 = LINE('',#7008,#7009);
#7008 = CARTESIAN_POINT('',(103.33113854595,-8.,18.484444444444));
#7009 = VECTOR('',#7010,1.);
#7010 = DIRECTION('',(0.681932082106,0.,-0.731415501199));
#7011 = ORIENTED_EDGE('',*,*,#7012,.F.);
#7012 = EDGE_CURVE('',#7013,#7005,#7015,.T.);
#7013 = VERTEX_POINT('',#7014);
#7014 = CARTESIAN_POINT('',(102.26886145404,-8.,19.595555555556));
#7015 = LINE('',#7016,#7017);
#7016 = CARTESIAN_POINT('',(102.8,-8.,19.04));
#7017 = VECTOR('',#7018,1.);
#7018 = DIRECTION('',(0.691044328918,0.,-0.722812379162));
#7019 = ORIENTED_EDGE('',*,*,#7020,.F.);
#7020 = EDGE_CURVE('',#7021,#7013,#7023,.T.);
#7021 = VERTEX_POINT('',#7022);
#7022 = CARTESIAN_POINT('',(101.75089163237,-8.,20.151111111111));
#7023 = LINE('',#7024,#7025);
#7024 = CARTESIAN_POINT('',(101.75089163237,-8.,20.151111111111));
#7025 = VECTOR('',#7026,1.);
#7026 = DIRECTION('',(0.681932082106,0.,-0.731415501199));
#7027 = ORIENTED_EDGE('',*,*,#7028,.F.);
#7028 = EDGE_CURVE('',#7029,#7021,#7031,.T.);
#7029 = VERTEX_POINT('',#7030);
#7030 = CARTESIAN_POINT('',(101.25925925925,-8.,20.706666666667));
#7031 = LINE('',#7032,#7033);
#7032 = CARTESIAN_POINT('',(101.25925925925,-8.,20.706666666667));
#7033 = VECTOR('',#7034,1.);
#7034 = DIRECTION('',(0.662709521533,0.,-0.748876551956));
#7035 = ORIENTED_EDGE('',*,*,#7036,.F.);
#7036 = EDGE_CURVE('',#7037,#7029,#7039,.T.);
#7037 = VERTEX_POINT('',#7038);
#7038 = CARTESIAN_POINT('',(100.80713305898,-8.,21.262222222222));
#7039 = LINE('',#7040,#7041);
#7040 = CARTESIAN_POINT('',(100.80713305898,-8.,21.262222222222));
#7041 = VECTOR('',#7042,1.);
#7042 = DIRECTION('',(0.631212461229,0.,-0.77560997208));
#7043 = ORIENTED_EDGE('',*,*,#7044,.F.);
#7044 = EDGE_CURVE('',#7045,#7037,#7047,.T.);
#7045 = VERTEX_POINT('',#7046);
#7046 = CARTESIAN_POINT('',(100.40768175583,-8.,21.817777777778));
#7047 = LINE('',#7048,#7049);
#7048 = CARTESIAN_POINT('',(100.40768175583,-8.,21.817777777778));
#7049 = VECTOR('',#7050,1.);
#7050 = DIRECTION('',(0.583776486487,0.,-0.811914412869));
#7051 = ORIENTED_EDGE('',*,*,#7052,.F.);
#7052 = EDGE_CURVE('',#7053,#7045,#7055,.T.);
#7053 = VERTEX_POINT('',#7054);
#7054 = CARTESIAN_POINT('',(100.07407407407,-8.,22.373333333333));
#7055 = LINE('',#7056,#7057);
#7056 = CARTESIAN_POINT('',(100.07407407407,-8.,22.373333333333));
#7057 = VECTOR('',#7058,1.);
#7058 = DIRECTION('',(0.514807016402,0.,-0.857306092282));
#7059 = ORIENTED_EDGE('',*,*,#7060,.F.);
#7060 = EDGE_CURVE('',#7061,#7053,#7063,.T.);
#7061 = VERTEX_POINT('',#7062);
#7062 = CARTESIAN_POINT('',(99.819478737997,-8.,22.928888888889));
#7063 = LINE('',#7064,#7065);
#7064 = CARTESIAN_POINT('',(99.819478737997,-8.,22.928888888889));
#7065 = VECTOR('',#7066,1.);
#7066 = DIRECTION('',(0.416608335402,0.,-0.909086076713));
#7067 = ORIENTED_EDGE('',*,*,#7068,.F.);
#7068 = EDGE_CURVE('',#7069,#7061,#7071,.T.);
#7069 = VERTEX_POINT('',#7070);
#7070 = CARTESIAN_POINT('',(99.657064471879,-8.,23.484444444444));
#7071 = LINE('',#7072,#7073);
#7072 = CARTESIAN_POINT('',(99.657064471879,-8.,23.484444444444));
#7073 = VECTOR('',#7074,1.);
#7074 = DIRECTION('',(0.280600582118,0.,-0.959824626333));
#7075 = ORIENTED_EDGE('',*,*,#7076,.F.);
#7076 = EDGE_CURVE('',#7077,#7069,#7079,.T.);
#7077 = VERTEX_POINT('',#7078);
#7078 = CARTESIAN_POINT('',(99.6,-8.,24.04));
#7079 = LINE('',#7080,#7081);
#7080 = CARTESIAN_POINT('',(99.6,-8.,24.04));
#7081 = VECTOR('',#7082,1.);
#7082 = DIRECTION('',(0.102178442416,0.,-0.994766086025));
#7083 = ORIENTED_EDGE('',*,*,#7084,.T.);
#7084 = EDGE_CURVE('',#7077,#7085,#7087,.T.);
#7085 = VERTEX_POINT('',#7086);
#7086 = CARTESIAN_POINT('',(99.6,-8.,25.04));
#7087 = LINE('',#7088,#7089);
#7088 = CARTESIAN_POINT('',(99.6,-8.,14.04));
#7089 = VECTOR('',#7090,1.);
#7090 = DIRECTION('',(0.,0.,1.));
#7091 = ORIENTED_EDGE('',*,*,#7092,.T.);
#7092 = EDGE_CURVE('',#7085,#7093,#7095,.T.);
#7093 = VERTEX_POINT('',#7094);
#7094 = CARTESIAN_POINT('',(99.657064471879,-8.,25.595555555556));
#7095 = LINE('',#7096,#7097);
#7096 = CARTESIAN_POINT('',(99.6,-8.,25.04));
#7097 = VECTOR('',#7098,1.);
#7098 = DIRECTION('',(0.102178442416,0.,0.994766086025));
#7099 = ORIENTED_EDGE('',*,*,#7100,.T.);
#7100 = EDGE_CURVE('',#7093,#7101,#7103,.T.);
#7101 = VERTEX_POINT('',#7102);
#7102 = CARTESIAN_POINT('',(99.819478737997,-8.,26.151111111111));
#7103 = LINE('',#7104,#7105);
#7104 = CARTESIAN_POINT('',(99.657064471879,-8.,25.595555555556));
#7105 = VECTOR('',#7106,1.);
#7106 = DIRECTION('',(0.280600582118,0.,0.959824626333));
#7107 = ORIENTED_EDGE('',*,*,#7108,.T.);
#7108 = EDGE_CURVE('',#7101,#7109,#7111,.T.);
#7109 = VERTEX_POINT('',#7110);
#7110 = CARTESIAN_POINT('',(100.07407407407,-8.,26.706666666667));
#7111 = LINE('',#7112,#7113);
#7112 = CARTESIAN_POINT('',(99.819478737997,-8.,26.151111111111));
#7113 = VECTOR('',#7114,1.);
#7114 = DIRECTION('',(0.416608335402,0.,0.909086076713));
#7115 = ORIENTED_EDGE('',*,*,#7116,.T.);
#7116 = EDGE_CURVE('',#7109,#7117,#7119,.T.);
#7117 = VERTEX_POINT('',#7118);
#7118 = CARTESIAN_POINT('',(100.40768175583,-8.,27.262222222222));
#7119 = LINE('',#7120,#7121);
#7120 = CARTESIAN_POINT('',(100.07407407407,-8.,26.706666666667));
#7121 = VECTOR('',#7122,1.);
#7122 = DIRECTION('',(0.514807016402,0.,0.857306092282));
#7123 = ORIENTED_EDGE('',*,*,#7124,.T.);
#7124 = EDGE_CURVE('',#7117,#7125,#7127,.T.);
#7125 = VERTEX_POINT('',#7126);
#7126 = CARTESIAN_POINT('',(100.80713305898,-8.,27.817777777778));
#7127 = LINE('',#7128,#7129);
#7128 = CARTESIAN_POINT('',(100.40768175583,-8.,27.262222222222));
#7129 = VECTOR('',#7130,1.);
#7130 = DIRECTION('',(0.583776486487,0.,0.811914412869));
#7131 = ORIENTED_EDGE('',*,*,#7132,.T.);
#7132 = EDGE_CURVE('',#7125,#7133,#7135,.T.);
#7133 = VERTEX_POINT('',#7134);
#7134 = CARTESIAN_POINT('',(101.25925925925,-8.,28.373333333333));
#7135 = LINE('',#7136,#7137);
#7136 = CARTESIAN_POINT('',(100.80713305898,-8.,27.817777777778));
#7137 = VECTOR('',#7138,1.);
#7138 = DIRECTION('',(0.631212461229,0.,0.77560997208));
#7139 = ORIENTED_EDGE('',*,*,#7140,.T.);
#7140 = EDGE_CURVE('',#7133,#7141,#7143,.T.);
#7141 = VERTEX_POINT('',#7142);
#7142 = CARTESIAN_POINT('',(101.75089163237,-8.,28.928888888889));
#7143 = LINE('',#7144,#7145);
#7144 = CARTESIAN_POINT('',(101.25925925925,-8.,28.373333333333));
#7145 = VECTOR('',#7146,1.);
#7146 = DIRECTION('',(0.662709521533,0.,0.748876551956));
#7147 = ORIENTED_EDGE('',*,*,#7148,.T.);
#7148 = EDGE_CURVE('',#7141,#7149,#7151,.T.);
#7149 = VERTEX_POINT('',#7150);
#7150 = CARTESIAN_POINT('',(102.26886145404,-8.,29.484444444444));
#7151 = LINE('',#7152,#7153);
#7152 = CARTESIAN_POINT('',(101.75089163237,-8.,28.928888888889));
#7153 = VECTOR('',#7154,1.);
#7154 = DIRECTION('',(0.681932082106,0.,0.731415501199));
#7155 = ORIENTED_EDGE('',*,*,#7156,.T.);
#7156 = EDGE_CURVE('',#7149,#7157,#7159,.T.);
#7157 = VERTEX_POINT('',#7158);
#7158 = CARTESIAN_POINT('',(103.33113854595,-8.,30.595555555556));
#7159 = LINE('',#7160,#7161);
#7160 = CARTESIAN_POINT('',(102.26886145404,-8.,29.484444444444));
#7161 = VECTOR('',#7162,1.);
#7162 = DIRECTION('',(0.691044328918,0.,0.722812379162));
#7163 = ORIENTED_EDGE('',*,*,#7164,.T.);
#7164 = EDGE_CURVE('',#7157,#7165,#7167,.T.);
#7165 = VERTEX_POINT('',#7166);
#7166 = CARTESIAN_POINT('',(103.84910836762,-8.,31.151111111111));
#7167 = LINE('',#7168,#7169);
#7168 = CARTESIAN_POINT('',(103.33113854595,-8.,30.595555555556));
#7169 = VECTOR('',#7170,1.);
#7170 = DIRECTION('',(0.681932082106,0.,0.731415501199));
#7171 = ORIENTED_EDGE('',*,*,#7172,.T.);
#7172 = EDGE_CURVE('',#7165,#7173,#7175,.T.);
#7173 = VERTEX_POINT('',#7174);
#7174 = CARTESIAN_POINT('',(104.34074074074,-8.,31.706666666667));
#7175 = LINE('',#7176,#7177);
#7176 = CARTESIAN_POINT('',(103.84910836762,-8.,31.151111111111));
#7177 = VECTOR('',#7178,1.);
#7178 = DIRECTION('',(0.662709521533,0.,0.748876551956));
#7179 = ORIENTED_EDGE('',*,*,#7180,.T.);
#7180 = EDGE_CURVE('',#7173,#7181,#7183,.T.);
#7181 = VERTEX_POINT('',#7182);
#7182 = CARTESIAN_POINT('',(104.79286694101,-8.,32.262222222222));
#7183 = LINE('',#7184,#7185);
#7184 = CARTESIAN_POINT('',(104.34074074074,-8.,31.706666666667));
#7185 = VECTOR('',#7186,1.);
#7186 = DIRECTION('',(0.631212461229,0.,0.77560997208));
#7187 = ORIENTED_EDGE('',*,*,#7188,.T.);
#7188 = EDGE_CURVE('',#7181,#7189,#7191,.T.);
#7189 = VERTEX_POINT('',#7190);
#7190 = CARTESIAN_POINT('',(105.19231824417,-8.,32.817777777778));
#7191 = LINE('',#7192,#7193);
#7192 = CARTESIAN_POINT('',(104.79286694101,-8.,32.262222222222));
#7193 = VECTOR('',#7194,1.);
#7194 = DIRECTION('',(0.583776486487,0.,0.811914412869));
#7195 = ORIENTED_EDGE('',*,*,#7196,.T.);
#7196 = EDGE_CURVE('',#7189,#7197,#7199,.T.);
#7197 = VERTEX_POINT('',#7198);
#7198 = CARTESIAN_POINT('',(105.52592592592,-8.,33.373333333333));
#7199 = LINE('',#7200,#7201);
#7200 = CARTESIAN_POINT('',(105.19231824417,-8.,32.817777777778));
#7201 = VECTOR('',#7202,1.);
#7202 = DIRECTION('',(0.514807016402,0.,0.857306092282));
#7203 = ORIENTED_EDGE('',*,*,#7204,.T.);
#7204 = EDGE_CURVE('',#7197,#7205,#7207,.T.);
#7205 = VERTEX_POINT('',#7206);
#7206 = CARTESIAN_POINT('',(105.780521262,-8.,33.928888888889));
#7207 = LINE('',#7208,#7209);
#7208 = CARTESIAN_POINT('',(105.52592592592,-8.,33.373333333333));
#7209 = VECTOR('',#7210,1.);
#7210 = DIRECTION('',(0.416608335402,0.,0.909086076713));
#7211 = ORIENTED_EDGE('',*,*,#7212,.T.);
#7212 = EDGE_CURVE('',#7205,#6939,#7213,.T.);
#7213 = LINE('',#7214,#7215);
#7214 = CARTESIAN_POINT('',(105.780521262,-8.,33.928888888889));
#7215 = VECTOR('',#7216,1.);
#7216 = DIRECTION('',(0.280600582118,0.,0.959824626333));
#7217 = ORIENTED_EDGE('',*,*,#6938,.T.);
#7218 = ORIENTED_EDGE('',*,*,#2320,.T.);
#7219 = ORIENTED_EDGE('',*,*,#2967,.F.);
#7220 = ORIENTED_EDGE('',*,*,#5187,.F.);
#7221 = ORIENTED_EDGE('',*,*,#5211,.F.);
#7222 = ORIENTED_EDGE('',*,*,#5235,.F.);
#7223 = ORIENTED_EDGE('',*,*,#5259,.F.);
#7224 = ORIENTED_EDGE('',*,*,#5283,.F.);
#7225 = ORIENTED_EDGE('',*,*,#5307,.F.);
#7226 = ORIENTED_EDGE('',*,*,#5331,.F.);
#7227 = ORIENTED_EDGE('',*,*,#5355,.F.);
#7228 = ORIENTED_EDGE('',*,*,#5379,.F.);
#7229 = ORIENTED_EDGE('',*,*,#5403,.F.);
#7230 = ORIENTED_EDGE('',*,*,#5429,.F.);
#7231 = ORIENTED_EDGE('',*,*,#7232,.F.);
#7232 = EDGE_CURVE('',#7233,#5420,#7235,.T.);
#7233 = VERTEX_POINT('',#7234);
#7234 = CARTESIAN_POINT('',(78.740740740741,-8.,28.373333333333));
#7235 = LINE('',#7236,#7237);
#7236 = CARTESIAN_POINT('',(78.740740740741,-8.,28.373333333333));
#7237 = VECTOR('',#7238,1.);
#7238 = DIRECTION('',(-0.662709521533,0.,0.748876551956));
#7239 = ORIENTED_EDGE('',*,*,#7240,.F.);
#7240 = EDGE_CURVE('',#7241,#7233,#7243,.T.);
#7241 = VERTEX_POINT('',#7242);
#7242 = CARTESIAN_POINT('',(79.192866941015,-8.,27.817777777778));
#7243 = LINE('',#7244,#7245);
#7244 = CARTESIAN_POINT('',(79.192866941015,-8.,27.817777777778));
#7245 = VECTOR('',#7246,1.);
#7246 = DIRECTION('',(-0.631212461229,0.,0.77560997208));
#7247 = ORIENTED_EDGE('',*,*,#7248,.F.);
#7248 = EDGE_CURVE('',#7249,#7241,#7251,.T.);
#7249 = VERTEX_POINT('',#7250);
#7250 = CARTESIAN_POINT('',(79.59231824417,-8.,27.262222222222));
#7251 = LINE('',#7252,#7253);
#7252 = CARTESIAN_POINT('',(79.59231824417,-8.,27.262222222222));
#7253 = VECTOR('',#7254,1.);
#7254 = DIRECTION('',(-0.583776486487,0.,0.811914412869));
#7255 = ORIENTED_EDGE('',*,*,#7256,.F.);
#7256 = EDGE_CURVE('',#7257,#7249,#7259,.T.);
#7257 = VERTEX_POINT('',#7258);
#7258 = CARTESIAN_POINT('',(79.925925925926,-8.,26.706666666667));
#7259 = LINE('',#7260,#7261);
#7260 = CARTESIAN_POINT('',(79.925925925926,-8.,26.706666666667));
#7261 = VECTOR('',#7262,1.);
#7262 = DIRECTION('',(-0.514807016402,0.,0.857306092282));
#7263 = ORIENTED_EDGE('',*,*,#7264,.F.);
#7264 = EDGE_CURVE('',#7265,#7257,#7267,.T.);
#7265 = VERTEX_POINT('',#7266);
#7266 = CARTESIAN_POINT('',(80.180521262003,-8.,26.151111111111));
#7267 = LINE('',#7268,#7269);
#7268 = CARTESIAN_POINT('',(80.180521262003,-8.,26.151111111111));
#7269 = VECTOR('',#7270,1.);
#7270 = DIRECTION('',(-0.416608335402,0.,0.909086076713));
#7271 = ORIENTED_EDGE('',*,*,#7272,.F.);
#7272 = EDGE_CURVE('',#7273,#7265,#7275,.T.);
#7273 = VERTEX_POINT('',#7274);
#7274 = CARTESIAN_POINT('',(80.342935528121,-8.,25.595555555556));
#7275 = LINE('',#7276,#7277);
#7276 = CARTESIAN_POINT('',(80.342935528121,-8.,25.595555555556));
#7277 = VECTOR('',#7278,1.);
#7278 = DIRECTION('',(-0.280600582118,0.,0.959824626333));
#7279 = ORIENTED_EDGE('',*,*,#7280,.F.);
#7280 = EDGE_CURVE('',#7281,#7273,#7283,.T.);
#7281 = VERTEX_POINT('',#7282);
#7282 = CARTESIAN_POINT('',(80.4,-8.,25.04));
#7283 = LINE('',#7284,#7285);
#7284 = CARTESIAN_POINT('',(80.4,-8.,25.04));
#7285 = VECTOR('',#7286,1.);
#7286 = DIRECTION('',(-0.102178442416,0.,0.994766086025));
#7287 = ORIENTED_EDGE('',*,*,#7288,.F.);
#7288 = EDGE_CURVE('',#7289,#7281,#7291,.T.);
#7289 = VERTEX_POINT('',#7290);
#7290 = CARTESIAN_POINT('',(80.4,-8.,24.04));
#7291 = LINE('',#7292,#7293);
#7292 = CARTESIAN_POINT('',(80.4,-8.,14.04));
#7293 = VECTOR('',#7294,1.);
#7294 = DIRECTION('',(0.,0.,1.));
#7295 = ORIENTED_EDGE('',*,*,#7296,.T.);
#7296 = EDGE_CURVE('',#7289,#7297,#7299,.T.);
#7297 = VERTEX_POINT('',#7298);
#7298 = CARTESIAN_POINT('',(80.342935528121,-8.,23.484444444444));
#7299 = LINE('',#7300,#7301);
#7300 = CARTESIAN_POINT('',(80.4,-8.,24.04));
#7301 = VECTOR('',#7302,1.);
#7302 = DIRECTION('',(-0.102178442416,0.,-0.994766086025));
#7303 = ORIENTED_EDGE('',*,*,#7304,.T.);
#7304 = EDGE_CURVE('',#7297,#7305,#7307,.T.);
#7305 = VERTEX_POINT('',#7306);
#7306 = CARTESIAN_POINT('',(80.180521262003,-8.,22.928888888889));
#7307 = LINE('',#7308,#7309);
#7308 = CARTESIAN_POINT('',(80.342935528121,-8.,23.484444444444));
#7309 = VECTOR('',#7310,1.);
#7310 = DIRECTION('',(-0.280600582118,0.,-0.959824626333));
#7311 = ORIENTED_EDGE('',*,*,#7312,.T.);
#7312 = EDGE_CURVE('',#7305,#7313,#7315,.T.);
#7313 = VERTEX_POINT('',#7314);
#7314 = CARTESIAN_POINT('',(79.925925925926,-8.,22.373333333333));
#7315 = LINE('',#7316,#7317);
#7316 = CARTESIAN_POINT('',(80.180521262003,-8.,22.928888888889));
#7317 = VECTOR('',#7318,1.);
#7318 = DIRECTION('',(-0.416608335402,0.,-0.909086076713));
#7319 = ORIENTED_EDGE('',*,*,#7320,.T.);
#7320 = EDGE_CURVE('',#7313,#7321,#7323,.T.);
#7321 = VERTEX_POINT('',#7322);
#7322 = CARTESIAN_POINT('',(79.59231824417,-8.,21.817777777778));
#7323 = LINE('',#7324,#7325);
#7324 = CARTESIAN_POINT('',(79.925925925926,-8.,22.373333333333));
#7325 = VECTOR('',#7326,1.);
#7326 = DIRECTION('',(-0.514807016402,0.,-0.857306092282));
#7327 = ORIENTED_EDGE('',*,*,#7328,.T.);
#7328 = EDGE_CURVE('',#7321,#7329,#7331,.T.);
#7329 = VERTEX_POINT('',#7330);
#7330 = CARTESIAN_POINT('',(79.192866941015,-8.,21.262222222222));
#7331 = LINE('',#7332,#7333);
#7332 = CARTESIAN_POINT('',(79.59231824417,-8.,21.817777777778));
#7333 = VECTOR('',#7334,1.);
#7334 = DIRECTION('',(-0.583776486487,0.,-0.811914412869));
#7335 = ORIENTED_EDGE('',*,*,#7336,.T.);
#7336 = EDGE_CURVE('',#7329,#7337,#7339,.T.);
#7337 = VERTEX_POINT('',#7338);
#7338 = CARTESIAN_POINT('',(78.740740740741,-8.,20.706666666667));
#7339 = LINE('',#7340,#7341);
#7340 = CARTESIAN_POINT('',(79.192866941015,-8.,21.262222222222));
#7341 = VECTOR('',#7342,1.);
#7342 = DIRECTION('',(-0.631212461229,0.,-0.77560997208));
#7343 = ORIENTED_EDGE('',*,*,#7344,.T.);
#7344 = EDGE_CURVE('',#7337,#5516,#7345,.T.);
#7345 = LINE('',#7346,#7347);
#7346 = CARTESIAN_POINT('',(78.740740740741,-8.,20.706666666667));
#7347 = VECTOR('',#7348,1.);
#7348 = DIRECTION('',(-0.662709521533,0.,-0.748876551956));
#7349 = ORIENTED_EDGE('',*,*,#5515,.T.);
#7350 = ORIENTED_EDGE('',*,*,#5555,.T.);
#7351 = ORIENTED_EDGE('',*,*,#5579,.T.);
#7352 = ORIENTED_EDGE('',*,*,#3548,.F.);
#7353 = ORIENTED_EDGE('',*,*,#3700,.F.);
#7354 = ORIENTED_EDGE('',*,*,#7355,.T.);
#7355 = EDGE_CURVE('',#3701,#7356,#7358,.T.);
#7356 = VERTEX_POINT('',#7357);
#7357 = CARTESIAN_POINT('',(81.,-8.,0.));
#7358 = LINE('',#7359,#7360);
#7359 = CARTESIAN_POINT('',(71.,-8.,0.));
#7360 = VECTOR('',#7361,1.);
#7361 = DIRECTION('',(1.,0.,-0.));
#7362 = ORIENTED_EDGE('',*,*,#7363,.F.);
#7363 = EDGE_CURVE('',#6963,#7356,#7364,.T.);
#7364 = LINE('',#7365,#7366);
#7365 = CARTESIAN_POINT('',(81.,-8.,-2.75));
#7366 = VECTOR('',#7367,1.);
#7367 = DIRECTION('',(0.,0.,-1.));
#7368 = FACE_BOUND('',#7369,.T.);
#7369 = EDGE_LOOP('',(#7370,#7380,#7388,#7396));
#7370 = ORIENTED_EDGE('',*,*,#7371,.F.);
#7371 = EDGE_CURVE('',#7372,#7374,#7376,.T.);
#7372 = VERTEX_POINT('',#7373);
#7373 = CARTESIAN_POINT('',(83.6,-8.,18.));
#7374 = VERTEX_POINT('',#7375);
#7375 = CARTESIAN_POINT('',(96.4,-8.,18.));
#7376 = LINE('',#7377,#7378);
#7377 = CARTESIAN_POINT('',(71.,-8.,18.));
#7378 = VECTOR('',#7379,1.);
#7379 = DIRECTION('',(1.,0.,-0.));
#7380 = ORIENTED_EDGE('',*,*,#7381,.T.);
#7381 = EDGE_CURVE('',#7372,#7382,#7384,.T.);
#7382 = VERTEX_POINT('',#7383);
#7383 = CARTESIAN_POINT('',(83.6,-8.,35.04));
#7384 = LINE('',#7385,#7386);
#7385 = CARTESIAN_POINT('',(83.6,-8.,14.04));
#7386 = VECTOR('',#7387,1.);
#7387 = DIRECTION('',(0.,0.,1.));
#7388 = ORIENTED_EDGE('',*,*,#7389,.T.);
#7389 = EDGE_CURVE('',#7382,#7390,#7392,.T.);
#7390 = VERTEX_POINT('',#7391);
#7391 = CARTESIAN_POINT('',(96.4,-8.,35.04));
#7392 = LINE('',#7393,#7394);
#7393 = CARTESIAN_POINT('',(74.,-8.,35.04));
#7394 = VECTOR('',#7395,1.);
#7395 = DIRECTION('',(1.,0.,-0.));
#7396 = ORIENTED_EDGE('',*,*,#7397,.F.);
#7397 = EDGE_CURVE('',#7374,#7390,#7398,.T.);
#7398 = LINE('',#7399,#7400);
#7399 = CARTESIAN_POINT('',(96.4,-8.,14.04));
#7400 = VECTOR('',#7401,1.);
#7401 = DIRECTION('',(0.,0.,1.));
#7402 = PLANE('',#7403);
#7403 = AXIS2_PLACEMENT_3D('',#7404,#7405,#7406);
#7404 = CARTESIAN_POINT('',(90.,-8.,18.714587924965));
#7405 = DIRECTION('',(-0.,-1.,-0.));
#7406 = DIRECTION('',(0.,0.,-1.));
#7407 = ADVANCED_FACE('',(#7408),#7456,.T.);
#7408 = FACE_BOUND('',#7409,.T.);
#7409 = EDGE_LOOP('',(#7410,#7416,#7417,#7425,#7434,#7443,#7449,#7450));
#7410 = ORIENTED_EDGE('',*,*,#7411,.F.);
#7411 = EDGE_CURVE('',#6989,#6909,#7412,.T.);
#7412 = LINE('',#7413,#7414);
#7413 = CARTESIAN_POINT('',(109.,-8.,18.));
#7414 = VECTOR('',#7415,1.);
#7415 = DIRECTION('',(-0.,1.,0.));
#7416 = ORIENTED_EDGE('',*,*,#6988,.F.);
#7417 = ORIENTED_EDGE('',*,*,#7418,.T.);
#7418 = EDGE_CURVE('',#6981,#7419,#7421,.T.);
#7419 = VERTEX_POINT('',#7420);
#7420 = CARTESIAN_POINT('',(109.,-6.26,0.));
#7421 = LINE('',#7422,#7423);
#7422 = CARTESIAN_POINT('',(109.,-8.,0.));
#7423 = VECTOR('',#7424,1.);
#7424 = DIRECTION('',(-0.,1.,0.));
#7425 = ORIENTED_EDGE('',*,*,#7426,.F.);
#7426 = EDGE_CURVE('',#7427,#7419,#7429,.T.);
#7427 = VERTEX_POINT('',#7428);
#7428 = CARTESIAN_POINT('',(109.,1.533257792532E-15,6.26));
#7429 = CIRCLE('',#7430,6.26);
#7430 = AXIS2_PLACEMENT_3D('',#7431,#7432,#7433);
#7431 = CARTESIAN_POINT('',(109.,0.,0.));
#7432 = DIRECTION('',(1.,0.,0.));
#7433 = DIRECTION('',(-0.,0.,1.));
#7434 = ORIENTED_EDGE('',*,*,#7435,.F.);
#7435 = EDGE_CURVE('',#7436,#7427,#7438,.T.);
#7436 = VERTEX_POINT('',#7437);
#7437 = CARTESIAN_POINT('',(109.,6.26,0.));
#7438 = CIRCLE('',#7439,6.26);
#7439 = AXIS2_PLACEMENT_3D('',#7440,#7441,#7442);
#7440 = CARTESIAN_POINT('',(109.,0.,0.));
#7441 = DIRECTION('',(1.,0.,0.));
#7442 = DIRECTION('',(-0.,0.,1.));
#7443 = ORIENTED_EDGE('',*,*,#7444,.T.);
#7444 = EDGE_CURVE('',#7436,#2383,#7445,.T.);
#7445 = LINE('',#7446,#7447);
#7446 = CARTESIAN_POINT('',(109.,-8.,0.));
#7447 = VECTOR('',#7448,1.);
#7448 = DIRECTION('',(-0.,1.,0.));
#7449 = ORIENTED_EDGE('',*,*,#2382,.T.);
#7450 = ORIENTED_EDGE('',*,*,#7451,.F.);
#7451 = EDGE_CURVE('',#6909,#2385,#7452,.T.);
#7452 = LINE('',#7453,#7454);
#7453 = CARTESIAN_POINT('',(109.,-8.,18.));
#7454 = VECTOR('',#7455,1.);
#7455 = DIRECTION('',(-0.,1.,0.));
#7456 = PLANE('',#7457);
#7457 = AXIS2_PLACEMENT_3D('',#7458,#7459,#7460);
#7458 = CARTESIAN_POINT('',(109.,-8.,0.));
#7459 = DIRECTION('',(1.,0.,-0.));
#7460 = DIRECTION('',(0.,0.,1.));
#7461 = ADVANCED_FACE('',(#7462),#7480,.F.);
#7462 = FACE_BOUND('',#7463,.F.);
#7463 = EDGE_LOOP('',(#7464,#7465,#7471,#7472,#7473,#7474));
#7464 = ORIENTED_EDGE('',*,*,#6404,.F.);
#7465 = ORIENTED_EDGE('',*,*,#7466,.T.);
#7466 = EDGE_CURVE('',#6405,#2545,#7467,.T.);
#7467 = LINE('',#7468,#7469);
#7468 = CARTESIAN_POINT('',(103.78280823045,53.002762532552,18.));
#7469 = VECTOR('',#7470,1.);
#7470 = DIRECTION('',(0.,-1.,0.));
#7471 = ORIENTED_EDGE('',*,*,#2552,.T.);
#7472 = ORIENTED_EDGE('',*,*,#7451,.F.);
#7473 = ORIENTED_EDGE('',*,*,#6916,.T.);
#7474 = ORIENTED_EDGE('',*,*,#7475,.F.);
#7475 = EDGE_CURVE('',#6397,#6917,#7476,.T.);
#7476 = LINE('',#7477,#7478);
#7477 = CARTESIAN_POINT('',(140.,0.,18.));
#7478 = VECTOR('',#7479,1.);
#7479 = DIRECTION('',(0.,-1.,0.));
#7480 = PLANE('',#7481);
#7481 = AXIS2_PLACEMENT_3D('',#7482,#7483,#7484);
#7482 = CARTESIAN_POINT('',(98.,0.,18.));
#7483 = DIRECTION('',(0.,0.,1.));
#7484 = DIRECTION('',(1.,0.,-0.));
#7485 = ADVANCED_FACE('',(#7486),#7504,.T.);
#7486 = FACE_BOUND('',#7487,.T.);
#7487 = EDGE_LOOP('',(#7488,#7494,#7495,#7496,#7497,#7503));
#7488 = ORIENTED_EDGE('',*,*,#7489,.F.);
#7489 = EDGE_CURVE('',#6413,#6203,#7490,.T.);
#7490 = LINE('',#7491,#7492);
#7491 = CARTESIAN_POINT('',(103.33113854595,24.,18.484444444444));
#7492 = VECTOR('',#7493,1.);
#7493 = DIRECTION('',(0.,1.,0.));
#7494 = ORIENTED_EDGE('',*,*,#6412,.F.);
#7495 = ORIENTED_EDGE('',*,*,#7466,.T.);
#7496 = ORIENTED_EDGE('',*,*,#2544,.F.);
#7497 = ORIENTED_EDGE('',*,*,#7498,.T.);
#7498 = EDGE_CURVE('',#2537,#6333,#7499,.T.);
#7499 = LINE('',#7500,#7501);
#7500 = CARTESIAN_POINT('',(103.84910836762,-8.,17.928888888889));
#7501 = VECTOR('',#7502,1.);
#7502 = DIRECTION('',(0.,1.,0.));
#7503 = ORIENTED_EDGE('',*,*,#6340,.T.);
#7504 = PLANE('',#7505);
#7505 = AXIS2_PLACEMENT_3D('',#7506,#7507,#7508);
#7506 = CARTESIAN_POINT('',(103.58635573764,106.0055250651,
    18.210707784929));
#7507 = DIRECTION('',(0.731415501199,0.,0.681932082106));
#7508 = DIRECTION('',(-0.681932082106,0.,0.731415501199));
#7509 = ADVANCED_FACE('',(#7510),#7521,.T.);
#7510 = FACE_BOUND('',#7511,.T.);
#7511 = EDGE_LOOP('',(#7512,#7513,#7519,#7520));
#7512 = ORIENTED_EDGE('',*,*,#2536,.F.);
#7513 = ORIENTED_EDGE('',*,*,#7514,.T.);
#7514 = EDGE_CURVE('',#2529,#6325,#7515,.T.);
#7515 = LINE('',#7516,#7517);
#7516 = CARTESIAN_POINT('',(104.34074074074,-8.,17.373333333333));
#7517 = VECTOR('',#7518,1.);
#7518 = DIRECTION('',(0.,1.,0.));
#7519 = ORIENTED_EDGE('',*,*,#6332,.T.);
#7520 = ORIENTED_EDGE('',*,*,#7498,.F.);
#7521 = PLANE('',#7522);
#7522 = AXIS2_PLACEMENT_3D('',#7523,#7524,#7525);
#7523 = CARTESIAN_POINT('',(104.09492455418,119.,17.651111111111));
#7524 = DIRECTION('',(0.748876551956,0.,0.662709521533));
#7525 = DIRECTION('',(-0.662709521533,0.,0.748876551956));
#7526 = ADVANCED_FACE('',(#7527),#7538,.T.);
#7527 = FACE_BOUND('',#7528,.T.);
#7528 = EDGE_LOOP('',(#7529,#7530,#7536,#7537));
#7529 = ORIENTED_EDGE('',*,*,#2528,.F.);
#7530 = ORIENTED_EDGE('',*,*,#7531,.T.);
#7531 = EDGE_CURVE('',#2521,#6317,#7532,.T.);
#7532 = LINE('',#7533,#7534);
#7533 = CARTESIAN_POINT('',(104.79286694101,-8.,16.817777777778));
#7534 = VECTOR('',#7535,1.);
#7535 = DIRECTION('',(0.,1.,0.));
#7536 = ORIENTED_EDGE('',*,*,#6324,.T.);
#7537 = ORIENTED_EDGE('',*,*,#7514,.F.);
#7538 = PLANE('',#7539);
#7539 = AXIS2_PLACEMENT_3D('',#7540,#7541,#7542);
#7540 = CARTESIAN_POINT('',(104.56680384087,119.,17.095555555556));
#7541 = DIRECTION('',(0.77560997208,0.,0.631212461229));
#7542 = DIRECTION('',(-0.631212461229,0.,0.77560997208));
#7543 = ADVANCED_FACE('',(#7544),#7555,.T.);
#7544 = FACE_BOUND('',#7545,.T.);
#7545 = EDGE_LOOP('',(#7546,#7547,#7553,#7554));
#7546 = ORIENTED_EDGE('',*,*,#2520,.F.);
#7547 = ORIENTED_EDGE('',*,*,#7548,.T.);
#7548 = EDGE_CURVE('',#2513,#6309,#7549,.T.);
#7549 = LINE('',#7550,#7551);
#7550 = CARTESIAN_POINT('',(105.19231824417,-8.,16.262222222222));
#7551 = VECTOR('',#7552,1.);
#7552 = DIRECTION('',(0.,1.,0.));
#7553 = ORIENTED_EDGE('',*,*,#6316,.T.);
#7554 = ORIENTED_EDGE('',*,*,#7531,.F.);
#7555 = PLANE('',#7556);
#7556 = AXIS2_PLACEMENT_3D('',#7557,#7558,#7559);
#7557 = CARTESIAN_POINT('',(104.99259259259,119.,16.54));
#7558 = DIRECTION('',(0.811914412869,0.,0.583776486487));
#7559 = DIRECTION('',(-0.583776486487,0.,0.811914412869));
#7560 = ADVANCED_FACE('',(#7561),#7572,.T.);
#7561 = FACE_BOUND('',#7562,.T.);
#7562 = EDGE_LOOP('',(#7563,#7564,#7570,#7571));
#7563 = ORIENTED_EDGE('',*,*,#2512,.F.);
#7564 = ORIENTED_EDGE('',*,*,#7565,.T.);
#7565 = EDGE_CURVE('',#2505,#6301,#7566,.T.);
#7566 = LINE('',#7567,#7568);
#7567 = CARTESIAN_POINT('',(105.52592592592,-8.,15.706666666667));
#7568 = VECTOR('',#7569,1.);
#7569 = DIRECTION('',(0.,1.,0.));
#7570 = ORIENTED_EDGE('',*,*,#6308,.T.);
#7571 = ORIENTED_EDGE('',*,*,#7548,.F.);
#7572 = PLANE('',#7573);
#7573 = AXIS2_PLACEMENT_3D('',#7574,#7575,#7576);
#7574 = CARTESIAN_POINT('',(105.35912208504,119.,15.984444444444));
#7575 = DIRECTION('',(0.857306092282,0.,0.514807016402));
#7576 = DIRECTION('',(-0.514807016402,0.,0.857306092282));
#7577 = ADVANCED_FACE('',(#7578),#7589,.T.);
#7578 = FACE_BOUND('',#7579,.T.);
#7579 = EDGE_LOOP('',(#7580,#7581,#7587,#7588));
#7580 = ORIENTED_EDGE('',*,*,#2504,.F.);
#7581 = ORIENTED_EDGE('',*,*,#7582,.T.);
#7582 = EDGE_CURVE('',#2497,#6293,#7583,.T.);
#7583 = LINE('',#7584,#7585);
#7584 = CARTESIAN_POINT('',(105.780521262,-8.,15.151111111111));
#7585 = VECTOR('',#7586,1.);
#7586 = DIRECTION('',(0.,1.,0.));
#7587 = ORIENTED_EDGE('',*,*,#6300,.T.);
#7588 = ORIENTED_EDGE('',*,*,#7565,.F.);
#7589 = PLANE('',#7590);
#7590 = AXIS2_PLACEMENT_3D('',#7591,#7592,#7593);
#7591 = CARTESIAN_POINT('',(105.65322359396,119.,15.428888888889));
#7592 = DIRECTION('',(0.909086076713,0.,0.416608335402));
#7593 = DIRECTION('',(-0.416608335402,0.,0.909086076713));
#7594 = ADVANCED_FACE('',(#7595),#7601,.T.);
#7595 = FACE_BOUND('',#7596,.T.);
#7596 = EDGE_LOOP('',(#7597,#7598,#7599,#7600));
#7597 = ORIENTED_EDGE('',*,*,#2496,.F.);
#7598 = ORIENTED_EDGE('',*,*,#6188,.T.);
#7599 = ORIENTED_EDGE('',*,*,#6292,.T.);
#7600 = ORIENTED_EDGE('',*,*,#7582,.F.);
#7601 = PLANE('',#7602);
#7602 = AXIS2_PLACEMENT_3D('',#7603,#7604,#7605);
#7603 = CARTESIAN_POINT('',(105.86172839506,119.,14.873333333333));
#7604 = DIRECTION('',(0.959824626333,0.,0.280600582118));
#7605 = DIRECTION('',(-0.280600582118,0.,0.959824626333));
#7606 = ADVANCED_FACE('',(#7607),#7618,.F.);
#7607 = FACE_BOUND('',#7608,.F.);
#7608 = EDGE_LOOP('',(#7609,#7610,#7611,#7617));
#7609 = ORIENTED_EDGE('',*,*,#2637,.T.);
#7610 = ORIENTED_EDGE('',*,*,#2663,.T.);
#7611 = ORIENTED_EDGE('',*,*,#7612,.T.);
#7612 = EDGE_CURVE('',#2664,#2616,#7613,.T.);
#7613 = LINE('',#7614,#7615);
#7614 = CARTESIAN_POINT('',(70.6,190.68,13.8));
#7615 = VECTOR('',#7616,1.);
#7616 = DIRECTION('',(-0.,1.,0.));
#7617 = ORIENTED_EDGE('',*,*,#2623,.T.);
#7618 = PLANE('',#7619);
#7619 = AXIS2_PLACEMENT_3D('',#7620,#7621,#7622);
#7620 = CARTESIAN_POINT('',(70.2,190.68,13.8));
#7621 = DIRECTION('',(0.,0.,1.));
#7622 = DIRECTION('',(1.,0.,-0.));
#7623 = ADVANCED_FACE('',(#7624),#7630,.T.);
#7624 = FACE_BOUND('',#7625,.T.);
#7625 = EDGE_LOOP('',(#7626,#7627,#7628,#7629));
#7626 = ORIENTED_EDGE('',*,*,#5717,.F.);
#7627 = ORIENTED_EDGE('',*,*,#2671,.F.);
#7628 = ORIENTED_EDGE('',*,*,#7612,.T.);
#7629 = ORIENTED_EDGE('',*,*,#2615,.T.);
#7630 = PLANE('',#7631);
#7631 = AXIS2_PLACEMENT_3D('',#7632,#7633,#7634);
#7632 = CARTESIAN_POINT('',(70.6,190.68,13.8));
#7633 = DIRECTION('',(1.,0.,-0.));
#7634 = DIRECTION('',(0.,0.,1.));
#7635 = ADVANCED_FACE('',(#7636),#7654,.T.);
#7636 = FACE_BOUND('',#7637,.T.);
#7637 = EDGE_LOOP('',(#7638,#7639,#7640,#7648));
#7638 = ORIENTED_EDGE('',*,*,#5981,.T.);
#7639 = ORIENTED_EDGE('',*,*,#2889,.T.);
#7640 = ORIENTED_EDGE('',*,*,#7641,.T.);
#7641 = EDGE_CURVE('',#2882,#7642,#7644,.T.);
#7642 = VERTEX_POINT('',#7643);
#7643 = CARTESIAN_POINT('',(-70.2,216.,14.2));
#7644 = LINE('',#7645,#7646);
#7645 = CARTESIAN_POINT('',(-70.2,190.68,14.2));
#7646 = VECTOR('',#7647,1.);
#7647 = DIRECTION('',(-0.,1.,0.));
#7648 = ORIENTED_EDGE('',*,*,#7649,.T.);
#7649 = EDGE_CURVE('',#7642,#5982,#7650,.T.);
#7650 = LINE('',#7651,#7652);
#7651 = CARTESIAN_POINT('',(-35.3,216.,14.2));
#7652 = VECTOR('',#7653,1.);
#7653 = DIRECTION('',(-1.,0.,0.));
#7654 = PLANE('',#7655);
#7655 = AXIS2_PLACEMENT_3D('',#7656,#7657,#7658);
#7656 = CARTESIAN_POINT('',(-70.6,190.68,14.2));
#7657 = DIRECTION('',(0.,0.,1.));
#7658 = DIRECTION('',(1.,0.,-0.));
#7659 = ADVANCED_FACE('',(#7660),#7678,.T.);
#7660 = FACE_BOUND('',#7661,.T.);
#7661 = EDGE_LOOP('',(#7662,#7663,#7671,#7677));
#7662 = ORIENTED_EDGE('',*,*,#2881,.F.);
#7663 = ORIENTED_EDGE('',*,*,#7664,.T.);
#7664 = EDGE_CURVE('',#2874,#7665,#7667,.T.);
#7665 = VERTEX_POINT('',#7666);
#7666 = CARTESIAN_POINT('',(-70.2,216.,14.));
#7667 = LINE('',#7668,#7669);
#7668 = CARTESIAN_POINT('',(-70.2,190.68,14.));
#7669 = VECTOR('',#7670,1.);
#7670 = DIRECTION('',(-0.,1.,0.));
#7671 = ORIENTED_EDGE('',*,*,#7672,.T.);
#7672 = EDGE_CURVE('',#7665,#7642,#7673,.T.);
#7673 = LINE('',#7674,#7675);
#7674 = CARTESIAN_POINT('',(-70.2,216.,19.17));
#7675 = VECTOR('',#7676,1.);
#7676 = DIRECTION('',(0.,-0.,1.));
#7677 = ORIENTED_EDGE('',*,*,#7641,.F.);
#7678 = PLANE('',#7679);
#7679 = AXIS2_PLACEMENT_3D('',#7680,#7681,#7682);
#7680 = CARTESIAN_POINT('',(-70.2,190.68,13.8));
#7681 = DIRECTION('',(1.,0.,-0.));
#7682 = DIRECTION('',(0.,0.,1.));
#7683 = ADVANCED_FACE('',(#7684),#7748,.T.);
#7684 = FACE_BOUND('',#7685,.T.);
#7685 = EDGE_LOOP('',(#7686,#7687,#7688,#7696,#7704,#7710,#7711,#7719,
    #7727,#7733,#7734,#7742));
#7686 = ORIENTED_EDGE('',*,*,#7664,.F.);
#7687 = ORIENTED_EDGE('',*,*,#2873,.T.);
#7688 = ORIENTED_EDGE('',*,*,#7689,.T.);
#7689 = EDGE_CURVE('',#2866,#7690,#7692,.T.);
#7690 = VERTEX_POINT('',#7691);
#7691 = CARTESIAN_POINT('',(-53.35,214.615,14.));
#7692 = LINE('',#7693,#7694);
#7693 = CARTESIAN_POINT('',(-53.35,190.68,14.));
#7694 = VECTOR('',#7695,1.);
#7695 = DIRECTION('',(-0.,1.,0.));
#7696 = ORIENTED_EDGE('',*,*,#7697,.F.);
#7697 = EDGE_CURVE('',#7698,#7690,#7700,.T.);
#7698 = VERTEX_POINT('',#7699);
#7699 = CARTESIAN_POINT('',(-30.65,214.615,14.));
#7700 = LINE('',#7701,#7702);
#7701 = CARTESIAN_POINT('',(-61.875,214.615,14.));
#7702 = VECTOR('',#7703,1.);
#7703 = DIRECTION('',(-1.,-0.,0.));
#7704 = ORIENTED_EDGE('',*,*,#7705,.F.);
#7705 = EDGE_CURVE('',#2793,#7698,#7706,.T.);
#7706 = LINE('',#7707,#7708);
#7707 = CARTESIAN_POINT('',(-30.65,190.68,14.));
#7708 = VECTOR('',#7709,1.);
#7709 = DIRECTION('',(-0.,1.,0.));
#7710 = ORIENTED_EDGE('',*,*,#2792,.T.);
#7711 = ORIENTED_EDGE('',*,*,#7712,.T.);
#7712 = EDGE_CURVE('',#2785,#7713,#7715,.T.);
#7713 = VERTEX_POINT('',#7714);
#7714 = CARTESIAN_POINT('',(30.65,214.615,14.));
#7715 = LINE('',#7716,#7717);
#7716 = CARTESIAN_POINT('',(30.65,190.68,14.));
#7717 = VECTOR('',#7718,1.);
#7718 = DIRECTION('',(-0.,1.,0.));
#7719 = ORIENTED_EDGE('',*,*,#7720,.F.);
#7720 = EDGE_CURVE('',#7721,#7713,#7723,.T.);
#7721 = VERTEX_POINT('',#7722);
#7722 = CARTESIAN_POINT('',(53.35,214.615,14.));
#7723 = LINE('',#7724,#7725);
#7724 = CARTESIAN_POINT('',(-19.875,214.615,14.));
#7725 = VECTOR('',#7726,1.);
#7726 = DIRECTION('',(-1.,-0.,0.));
#7727 = ORIENTED_EDGE('',*,*,#7728,.F.);
#7728 = EDGE_CURVE('',#2712,#7721,#7729,.T.);
#7729 = LINE('',#7730,#7731);
#7730 = CARTESIAN_POINT('',(53.35,190.68,14.));
#7731 = VECTOR('',#7732,1.);
#7732 = DIRECTION('',(-0.,1.,0.));
#7733 = ORIENTED_EDGE('',*,*,#2711,.T.);
#7734 = ORIENTED_EDGE('',*,*,#7735,.T.);
#7735 = EDGE_CURVE('',#2704,#7736,#7738,.T.);
#7736 = VERTEX_POINT('',#7737);
#7737 = CARTESIAN_POINT('',(70.2,216.,14.));
#7738 = LINE('',#7739,#7740);
#7739 = CARTESIAN_POINT('',(70.2,190.68,14.));
#7740 = VECTOR('',#7741,1.);
#7741 = DIRECTION('',(-0.,1.,0.));
#7742 = ORIENTED_EDGE('',*,*,#7743,.T.);
#7743 = EDGE_CURVE('',#7736,#7665,#7744,.T.);
#7744 = LINE('',#7745,#7746);
#7745 = CARTESIAN_POINT('',(-35.2,216.,14.));
#7746 = VECTOR('',#7747,1.);
#7747 = DIRECTION('',(-1.,0.,0.));
#7748 = PLANE('',#7749);
#7749 = AXIS2_PLACEMENT_3D('',#7750,#7751,#7752);
#7750 = CARTESIAN_POINT('',(-70.4,190.68,14.));
#7751 = DIRECTION('',(0.,0.,1.));
#7752 = DIRECTION('',(1.,0.,-0.));
#7753 = ADVANCED_FACE('',(#7754),#7788,.F.);
#7754 = FACE_BOUND('',#7755,.F.);
#7755 = EDGE_LOOP('',(#7756,#7757,#7758,#7766,#7774,#7782));
#7756 = ORIENTED_EDGE('',*,*,#2865,.F.);
#7757 = ORIENTED_EDGE('',*,*,#7689,.T.);
#7758 = ORIENTED_EDGE('',*,*,#7759,.T.);
#7759 = EDGE_CURVE('',#7690,#7760,#7762,.T.);
#7760 = VERTEX_POINT('',#7761);
#7761 = CARTESIAN_POINT('',(-53.35,214.615,15.6));
#7762 = LINE('',#7763,#7764);
#7763 = CARTESIAN_POINT('',(-53.35,214.615,13.65));
#7764 = VECTOR('',#7765,1.);
#7765 = DIRECTION('',(0.,0.,1.));
#7766 = ORIENTED_EDGE('',*,*,#7767,.T.);
#7767 = EDGE_CURVE('',#7760,#7768,#7770,.T.);
#7768 = VERTEX_POINT('',#7769);
#7769 = CARTESIAN_POINT('',(-53.35,214.315,15.6));
#7770 = LINE('',#7771,#7772);
#7771 = CARTESIAN_POINT('',(-53.35,202.4975,15.6));
#7772 = VECTOR('',#7773,1.);
#7773 = DIRECTION('',(0.,-1.,0.));
#7774 = ORIENTED_EDGE('',*,*,#7775,.T.);
#7775 = EDGE_CURVE('',#7768,#7776,#7778,.T.);
#7776 = VERTEX_POINT('',#7777);
#7777 = CARTESIAN_POINT('',(-53.35,214.315,20.35));
#7778 = LINE('',#7779,#7780);
#7779 = CARTESIAN_POINT('',(-53.35,214.315,14.625));
#7780 = VECTOR('',#7781,1.);
#7781 = DIRECTION('',(0.,0.,1.));
#7782 = ORIENTED_EDGE('',*,*,#7783,.F.);
#7783 = EDGE_CURVE('',#2858,#7776,#7784,.T.);
#7784 = LINE('',#7785,#7786);
#7785 = CARTESIAN_POINT('',(-53.35,190.68,20.35));
#7786 = VECTOR('',#7787,1.);
#7787 = DIRECTION('',(-0.,1.,0.));
#7788 = PLANE('',#7789);
#7789 = AXIS2_PLACEMENT_3D('',#7790,#7791,#7792);
#7790 = CARTESIAN_POINT('',(-53.35,190.68,13.65));
#7791 = DIRECTION('',(1.,0.,-0.));
#7792 = DIRECTION('',(0.,0.,1.));
#7793 = ADVANCED_FACE('',(#7794),#7812,.T.);
#7794 = FACE_BOUND('',#7795,.T.);
#7795 = EDGE_LOOP('',(#7796,#7804,#7805,#7806));
#7796 = ORIENTED_EDGE('',*,*,#7797,.T.);
#7797 = EDGE_CURVE('',#7798,#7776,#7800,.T.);
#7798 = VERTEX_POINT('',#7799);
#7799 = CARTESIAN_POINT('',(-53.,214.315,20.35));
#7800 = LINE('',#7801,#7802);
#7801 = CARTESIAN_POINT('',(-61.875,214.315,20.35));
#7802 = VECTOR('',#7803,1.);
#7803 = DIRECTION('',(-1.,-0.,0.));
#7804 = ORIENTED_EDGE('',*,*,#7783,.F.);
#7805 = ORIENTED_EDGE('',*,*,#2857,.T.);
#7806 = ORIENTED_EDGE('',*,*,#7807,.F.);
#7807 = EDGE_CURVE('',#7798,#2850,#7808,.T.);
#7808 = LINE('',#7809,#7810);
#7809 = CARTESIAN_POINT('',(-53.,190.68,20.35));
#7810 = VECTOR('',#7811,1.);
#7811 = DIRECTION('',(0.,-1.,0.));
#7812 = PLANE('',#7813);
#7813 = AXIS2_PLACEMENT_3D('',#7814,#7815,#7816);
#7814 = CARTESIAN_POINT('',(-53.35,190.68,20.35));
#7815 = DIRECTION('',(0.,0.,1.));
#7816 = DIRECTION('',(1.,0.,-0.));
#7817 = ADVANCED_FACE('',(#7818),#7829,.F.);
#7818 = FACE_BOUND('',#7819,.F.);
#7819 = EDGE_LOOP('',(#7820,#7821,#7822,#7828));
#7820 = ORIENTED_EDGE('',*,*,#2849,.F.);
#7821 = ORIENTED_EDGE('',*,*,#7807,.F.);
#7822 = ORIENTED_EDGE('',*,*,#7823,.T.);
#7823 = EDGE_CURVE('',#7798,#5946,#7824,.T.);
#7824 = LINE('',#7825,#7826);
#7825 = CARTESIAN_POINT('',(-53.,214.315,17.8));
#7826 = VECTOR('',#7827,1.);
#7827 = DIRECTION('',(0.,0.,1.));
#7828 = ORIENTED_EDGE('',*,*,#5945,.F.);
#7829 = PLANE('',#7830);
#7830 = AXIS2_PLACEMENT_3D('',#7831,#7832,#7833);
#7831 = CARTESIAN_POINT('',(-53.,190.68,20.));
#7832 = DIRECTION('',(1.,0.,-0.));
#7833 = DIRECTION('',(0.,0.,1.));
#7834 = ADVANCED_FACE('',(#7835),#7853,.T.);
#7835 = FACE_BOUND('',#7836,.T.);
#7836 = EDGE_LOOP('',(#7837,#7838,#7846,#7852));
#7837 = ORIENTED_EDGE('',*,*,#2816,.F.);
#7838 = ORIENTED_EDGE('',*,*,#7839,.F.);
#7839 = EDGE_CURVE('',#7840,#2809,#7842,.T.);
#7840 = VERTEX_POINT('',#7841);
#7841 = CARTESIAN_POINT('',(-31.,214.315,20.35));
#7842 = LINE('',#7843,#7844);
#7843 = CARTESIAN_POINT('',(-31.,190.68,20.35));
#7844 = VECTOR('',#7845,1.);
#7845 = DIRECTION('',(0.,-1.,0.));
#7846 = ORIENTED_EDGE('',*,*,#7847,.T.);
#7847 = EDGE_CURVE('',#7840,#5872,#7848,.T.);
#7848 = LINE('',#7849,#7850);
#7849 = CARTESIAN_POINT('',(-31.,214.315,17.8));
#7850 = VECTOR('',#7851,1.);
#7851 = DIRECTION('',(0.,0.,1.));
#7852 = ORIENTED_EDGE('',*,*,#5871,.F.);
#7853 = PLANE('',#7854);
#7854 = AXIS2_PLACEMENT_3D('',#7855,#7856,#7857);
#7855 = CARTESIAN_POINT('',(-31.,190.68,20.));
#7856 = DIRECTION('',(1.,0.,-0.));
#7857 = DIRECTION('',(0.,0.,1.));
#7858 = ADVANCED_FACE('',(#7859),#7877,.T.);
#7859 = FACE_BOUND('',#7860,.T.);
#7860 = EDGE_LOOP('',(#7861,#7869,#7870,#7871));
#7861 = ORIENTED_EDGE('',*,*,#7862,.T.);
#7862 = EDGE_CURVE('',#7863,#7840,#7865,.T.);
#7863 = VERTEX_POINT('',#7864);
#7864 = CARTESIAN_POINT('',(-30.65,214.315,20.35));
#7865 = LINE('',#7866,#7867);
#7866 = CARTESIAN_POINT('',(-61.875,214.315,20.35));
#7867 = VECTOR('',#7868,1.);
#7868 = DIRECTION('',(-1.,-0.,0.));
#7869 = ORIENTED_EDGE('',*,*,#7839,.T.);
#7870 = ORIENTED_EDGE('',*,*,#2808,.T.);
#7871 = ORIENTED_EDGE('',*,*,#7872,.T.);
#7872 = EDGE_CURVE('',#2801,#7863,#7873,.T.);
#7873 = LINE('',#7874,#7875);
#7874 = CARTESIAN_POINT('',(-30.65,190.68,20.35));
#7875 = VECTOR('',#7876,1.);
#7876 = DIRECTION('',(-0.,1.,0.));
#7877 = PLANE('',#7878);
#7878 = AXIS2_PLACEMENT_3D('',#7879,#7880,#7881);
#7879 = CARTESIAN_POINT('',(-53.35,190.68,20.35));
#7880 = DIRECTION('',(0.,0.,1.));
#7881 = DIRECTION('',(1.,0.,-0.));
#7882 = ADVANCED_FACE('',(#7883),#7910,.T.);
#7883 = FACE_BOUND('',#7884,.T.);
#7884 = EDGE_LOOP('',(#7885,#7886,#7887,#7895,#7903,#7909));
#7885 = ORIENTED_EDGE('',*,*,#2800,.F.);
#7886 = ORIENTED_EDGE('',*,*,#7705,.T.);
#7887 = ORIENTED_EDGE('',*,*,#7888,.T.);
#7888 = EDGE_CURVE('',#7698,#7889,#7891,.T.);
#7889 = VERTEX_POINT('',#7890);
#7890 = CARTESIAN_POINT('',(-30.65,214.615,15.6));
#7891 = LINE('',#7892,#7893);
#7892 = CARTESIAN_POINT('',(-30.65,214.615,13.65));
#7893 = VECTOR('',#7894,1.);
#7894 = DIRECTION('',(0.,0.,1.));
#7895 = ORIENTED_EDGE('',*,*,#7896,.T.);
#7896 = EDGE_CURVE('',#7889,#7897,#7899,.T.);
#7897 = VERTEX_POINT('',#7898);
#7898 = CARTESIAN_POINT('',(-30.65,214.315,15.6));
#7899 = LINE('',#7900,#7901);
#7900 = CARTESIAN_POINT('',(-30.65,202.4975,15.6));
#7901 = VECTOR('',#7902,1.);
#7902 = DIRECTION('',(0.,-1.,0.));
#7903 = ORIENTED_EDGE('',*,*,#7904,.T.);
#7904 = EDGE_CURVE('',#7897,#7863,#7905,.T.);
#7905 = LINE('',#7906,#7907);
#7906 = CARTESIAN_POINT('',(-30.65,214.315,14.625));
#7907 = VECTOR('',#7908,1.);
#7908 = DIRECTION('',(0.,0.,1.));
#7909 = ORIENTED_EDGE('',*,*,#7872,.F.);
#7910 = PLANE('',#7911);
#7911 = AXIS2_PLACEMENT_3D('',#7912,#7913,#7914);
#7912 = CARTESIAN_POINT('',(-30.65,190.68,13.65));
#7913 = DIRECTION('',(1.,0.,-0.));
#7914 = DIRECTION('',(0.,0.,1.));
#7915 = ADVANCED_FACE('',(#7916),#7950,.F.);
#7916 = FACE_BOUND('',#7917,.F.);
#7917 = EDGE_LOOP('',(#7918,#7919,#7920,#7928,#7936,#7944));
#7918 = ORIENTED_EDGE('',*,*,#2784,.F.);
#7919 = ORIENTED_EDGE('',*,*,#7712,.T.);
#7920 = ORIENTED_EDGE('',*,*,#7921,.T.);
#7921 = EDGE_CURVE('',#7713,#7922,#7924,.T.);
#7922 = VERTEX_POINT('',#7923);
#7923 = CARTESIAN_POINT('',(30.65,214.615,15.6));
#7924 = LINE('',#7925,#7926);
#7925 = CARTESIAN_POINT('',(30.65,214.615,13.65));
#7926 = VECTOR('',#7927,1.);
#7927 = DIRECTION('',(0.,0.,1.));
#7928 = ORIENTED_EDGE('',*,*,#7929,.T.);
#7929 = EDGE_CURVE('',#7922,#7930,#7932,.T.);
#7930 = VERTEX_POINT('',#7931);
#7931 = CARTESIAN_POINT('',(30.65,214.315,15.6));
#7932 = LINE('',#7933,#7934);
#7933 = CARTESIAN_POINT('',(30.65,202.4975,15.6));
#7934 = VECTOR('',#7935,1.);
#7935 = DIRECTION('',(0.,-1.,0.));
#7936 = ORIENTED_EDGE('',*,*,#7937,.T.);
#7937 = EDGE_CURVE('',#7930,#7938,#7940,.T.);
#7938 = VERTEX_POINT('',#7939);
#7939 = CARTESIAN_POINT('',(30.65,214.315,20.35));
#7940 = LINE('',#7941,#7942);
#7941 = CARTESIAN_POINT('',(30.65,214.315,14.625));
#7942 = VECTOR('',#7943,1.);
#7943 = DIRECTION('',(0.,0.,1.));
#7944 = ORIENTED_EDGE('',*,*,#7945,.F.);
#7945 = EDGE_CURVE('',#2777,#7938,#7946,.T.);
#7946 = LINE('',#7947,#7948);
#7947 = CARTESIAN_POINT('',(30.65,190.68,20.35));
#7948 = VECTOR('',#7949,1.);
#7949 = DIRECTION('',(-0.,1.,0.));
#7950 = PLANE('',#7951);
#7951 = AXIS2_PLACEMENT_3D('',#7952,#7953,#7954);
#7952 = CARTESIAN_POINT('',(30.65,190.68,13.65));
#7953 = DIRECTION('',(1.,0.,-0.));
#7954 = DIRECTION('',(0.,0.,1.));
#7955 = ADVANCED_FACE('',(#7956),#7974,.T.);
#7956 = FACE_BOUND('',#7957,.T.);
#7957 = EDGE_LOOP('',(#7958,#7966,#7967,#7968));
#7958 = ORIENTED_EDGE('',*,*,#7959,.T.);
#7959 = EDGE_CURVE('',#7960,#7938,#7962,.T.);
#7960 = VERTEX_POINT('',#7961);
#7961 = CARTESIAN_POINT('',(31.,214.315,20.35));
#7962 = LINE('',#7963,#7964);
#7963 = CARTESIAN_POINT('',(-19.875,214.315,20.35));
#7964 = VECTOR('',#7965,1.);
#7965 = DIRECTION('',(-1.,-0.,0.));
#7966 = ORIENTED_EDGE('',*,*,#7945,.F.);
#7967 = ORIENTED_EDGE('',*,*,#2776,.T.);
#7968 = ORIENTED_EDGE('',*,*,#7969,.F.);
#7969 = EDGE_CURVE('',#7960,#2769,#7970,.T.);
#7970 = LINE('',#7971,#7972);
#7971 = CARTESIAN_POINT('',(31.,190.68,20.35));
#7972 = VECTOR('',#7973,1.);
#7973 = DIRECTION('',(0.,-1.,0.));
#7974 = PLANE('',#7975);
#7975 = AXIS2_PLACEMENT_3D('',#7976,#7977,#7978);
#7976 = CARTESIAN_POINT('',(30.65,190.68,20.35));
#7977 = DIRECTION('',(0.,0.,1.));
#7978 = DIRECTION('',(1.,0.,-0.));
#7979 = ADVANCED_FACE('',(#7980),#7991,.F.);
#7980 = FACE_BOUND('',#7981,.F.);
#7981 = EDGE_LOOP('',(#7982,#7983,#7984,#7990));
#7982 = ORIENTED_EDGE('',*,*,#2768,.F.);
#7983 = ORIENTED_EDGE('',*,*,#7969,.F.);
#7984 = ORIENTED_EDGE('',*,*,#7985,.T.);
#7985 = EDGE_CURVE('',#7960,#5890,#7986,.T.);
#7986 = LINE('',#7987,#7988);
#7987 = CARTESIAN_POINT('',(31.,214.315,17.8));
#7988 = VECTOR('',#7989,1.);
#7989 = DIRECTION('',(0.,0.,1.));
#7990 = ORIENTED_EDGE('',*,*,#5889,.F.);
#7991 = PLANE('',#7992);
#7992 = AXIS2_PLACEMENT_3D('',#7993,#7994,#7995);
#7993 = CARTESIAN_POINT('',(31.,190.68,20.));
#7994 = DIRECTION('',(1.,0.,-0.));
#7995 = DIRECTION('',(0.,0.,1.));
#7996 = ADVANCED_FACE('',(#7997),#8015,.T.);
#7997 = FACE_BOUND('',#7998,.T.);
#7998 = EDGE_LOOP('',(#7999,#8000,#8008,#8014));
#7999 = ORIENTED_EDGE('',*,*,#2735,.F.);
#8000 = ORIENTED_EDGE('',*,*,#8001,.F.);
#8001 = EDGE_CURVE('',#8002,#2728,#8004,.T.);
#8002 = VERTEX_POINT('',#8003);
#8003 = CARTESIAN_POINT('',(53.,214.315,20.35));
#8004 = LINE('',#8005,#8006);
#8005 = CARTESIAN_POINT('',(53.,190.68,20.35));
#8006 = VECTOR('',#8007,1.);
#8007 = DIRECTION('',(0.,-1.,0.));
#8008 = ORIENTED_EDGE('',*,*,#8009,.T.);
#8009 = EDGE_CURVE('',#8002,#5815,#8010,.T.);
#8010 = LINE('',#8011,#8012);
#8011 = CARTESIAN_POINT('',(53.,214.315,17.8));
#8012 = VECTOR('',#8013,1.);
#8013 = DIRECTION('',(0.,0.,1.));
#8014 = ORIENTED_EDGE('',*,*,#5822,.F.);
#8015 = PLANE('',#8016);
#8016 = AXIS2_PLACEMENT_3D('',#8017,#8018,#8019);
#8017 = CARTESIAN_POINT('',(53.,190.68,20.));
#8018 = DIRECTION('',(1.,0.,-0.));
#8019 = DIRECTION('',(0.,0.,1.));
#8020 = ADVANCED_FACE('',(#8021),#8039,.T.);
#8021 = FACE_BOUND('',#8022,.T.);
#8022 = EDGE_LOOP('',(#8023,#8031,#8032,#8033));
#8023 = ORIENTED_EDGE('',*,*,#8024,.T.);
#8024 = EDGE_CURVE('',#8025,#8002,#8027,.T.);
#8025 = VERTEX_POINT('',#8026);
#8026 = CARTESIAN_POINT('',(53.35,214.315,20.35));
#8027 = LINE('',#8028,#8029);
#8028 = CARTESIAN_POINT('',(-19.875,214.315,20.35));
#8029 = VECTOR('',#8030,1.);
#8030 = DIRECTION('',(-1.,-0.,0.));
#8031 = ORIENTED_EDGE('',*,*,#8001,.T.);
#8032 = ORIENTED_EDGE('',*,*,#2727,.T.);
#8033 = ORIENTED_EDGE('',*,*,#8034,.T.);
#8034 = EDGE_CURVE('',#2720,#8025,#8035,.T.);
#8035 = LINE('',#8036,#8037);
#8036 = CARTESIAN_POINT('',(53.35,190.68,20.35));
#8037 = VECTOR('',#8038,1.);
#8038 = DIRECTION('',(-0.,1.,0.));
#8039 = PLANE('',#8040);
#8040 = AXIS2_PLACEMENT_3D('',#8041,#8042,#8043);
#8041 = CARTESIAN_POINT('',(30.65,190.68,20.35));
#8042 = DIRECTION('',(0.,0.,1.));
#8043 = DIRECTION('',(1.,0.,-0.));
#8044 = ADVANCED_FACE('',(#8045),#8072,.T.);
#8045 = FACE_BOUND('',#8046,.T.);
#8046 = EDGE_LOOP('',(#8047,#8048,#8049,#8057,#8065,#8071));
#8047 = ORIENTED_EDGE('',*,*,#2719,.F.);
#8048 = ORIENTED_EDGE('',*,*,#7728,.T.);
#8049 = ORIENTED_EDGE('',*,*,#8050,.T.);
#8050 = EDGE_CURVE('',#7721,#8051,#8053,.T.);
#8051 = VERTEX_POINT('',#8052);
#8052 = CARTESIAN_POINT('',(53.35,214.615,15.6));
#8053 = LINE('',#8054,#8055);
#8054 = CARTESIAN_POINT('',(53.35,214.615,13.65));
#8055 = VECTOR('',#8056,1.);
#8056 = DIRECTION('',(0.,0.,1.));
#8057 = ORIENTED_EDGE('',*,*,#8058,.T.);
#8058 = EDGE_CURVE('',#8051,#8059,#8061,.T.);
#8059 = VERTEX_POINT('',#8060);
#8060 = CARTESIAN_POINT('',(53.35,214.315,15.6));
#8061 = LINE('',#8062,#8063);
#8062 = CARTESIAN_POINT('',(53.35,202.4975,15.6));
#8063 = VECTOR('',#8064,1.);
#8064 = DIRECTION('',(0.,-1.,0.));
#8065 = ORIENTED_EDGE('',*,*,#8066,.T.);
#8066 = EDGE_CURVE('',#8059,#8025,#8067,.T.);
#8067 = LINE('',#8068,#8069);
#8068 = CARTESIAN_POINT('',(53.35,214.315,14.625));
#8069 = VECTOR('',#8070,1.);
#8070 = DIRECTION('',(0.,0.,1.));
#8071 = ORIENTED_EDGE('',*,*,#8034,.F.);
#8072 = PLANE('',#8073);
#8073 = AXIS2_PLACEMENT_3D('',#8074,#8075,#8076);
#8074 = CARTESIAN_POINT('',(53.35,190.68,13.65));
#8075 = DIRECTION('',(1.,0.,-0.));
#8076 = DIRECTION('',(0.,0.,1.));
#8077 = ADVANCED_FACE('',(#8078),#8096,.F.);
#8078 = FACE_BOUND('',#8079,.F.);
#8079 = EDGE_LOOP('',(#8080,#8081,#8082,#8090));
#8080 = ORIENTED_EDGE('',*,*,#2703,.F.);
#8081 = ORIENTED_EDGE('',*,*,#7735,.T.);
#8082 = ORIENTED_EDGE('',*,*,#8083,.T.);
#8083 = EDGE_CURVE('',#7736,#8084,#8086,.T.);
#8084 = VERTEX_POINT('',#8085);
#8085 = CARTESIAN_POINT('',(70.2,216.,14.2));
#8086 = LINE('',#8087,#8088);
#8087 = CARTESIAN_POINT('',(70.2,216.,19.17));
#8088 = VECTOR('',#8089,1.);
#8089 = DIRECTION('',(0.,-0.,1.));
#8090 = ORIENTED_EDGE('',*,*,#8091,.F.);
#8091 = EDGE_CURVE('',#2696,#8084,#8092,.T.);
#8092 = LINE('',#8093,#8094);
#8093 = CARTESIAN_POINT('',(70.2,190.68,14.2));
#8094 = VECTOR('',#8095,1.);
#8095 = DIRECTION('',(-0.,1.,0.));
#8096 = PLANE('',#8097);
#8097 = AXIS2_PLACEMENT_3D('',#8098,#8099,#8100);
#8098 = CARTESIAN_POINT('',(70.2,190.68,13.8));
#8099 = DIRECTION('',(1.,0.,-0.));
#8100 = DIRECTION('',(0.,0.,1.));
#8101 = ADVANCED_FACE('',(#8102),#8113,.T.);
#8102 = FACE_BOUND('',#8103,.T.);
#8103 = EDGE_LOOP('',(#8104,#8105,#8106,#8107));
#8104 = ORIENTED_EDGE('',*,*,#8091,.F.);
#8105 = ORIENTED_EDGE('',*,*,#2695,.T.);
#8106 = ORIENTED_EDGE('',*,*,#5791,.T.);
#8107 = ORIENTED_EDGE('',*,*,#8108,.T.);
#8108 = EDGE_CURVE('',#5784,#8084,#8109,.T.);
#8109 = LINE('',#8110,#8111);
#8110 = CARTESIAN_POINT('',(35.1,216.,14.2));
#8111 = VECTOR('',#8112,1.);
#8112 = DIRECTION('',(-1.,0.,0.));
#8113 = PLANE('',#8114);
#8114 = AXIS2_PLACEMENT_3D('',#8115,#8116,#8117);
#8115 = CARTESIAN_POINT('',(70.2,190.68,14.2));
#8116 = DIRECTION('',(0.,0.,1.));
#8117 = DIRECTION('',(1.,0.,-0.));
#8118 = ADVANCED_FACE('',(#8119,#8151,#8162),#8173,.T.);
#8119 = FACE_BOUND('',#8120,.T.);
#8120 = EDGE_LOOP('',(#8121,#8127,#8128,#8129,#8130,#8131,#8132,#8133,
    #8134,#8135,#8136,#8137,#8138,#8144,#8145,#8146,#8147,#8148,#8149,
    #8150));
#8121 = ORIENTED_EDGE('',*,*,#8122,.F.);
#8122 = EDGE_CURVE('',#7768,#7897,#8123,.T.);
#8123 = LINE('',#8124,#8125);
#8124 = CARTESIAN_POINT('',(-70.4,214.315,15.6));
#8125 = VECTOR('',#8126,1.);
#8126 = DIRECTION('',(1.,0.,-0.));
#8127 = ORIENTED_EDGE('',*,*,#7775,.T.);
#8128 = ORIENTED_EDGE('',*,*,#7797,.F.);
#8129 = ORIENTED_EDGE('',*,*,#7823,.T.);
#8130 = ORIENTED_EDGE('',*,*,#5953,.T.);
#8131 = ORIENTED_EDGE('',*,*,#6021,.T.);
#8132 = ORIENTED_EDGE('',*,*,#2983,.F.);
#8133 = ORIENTED_EDGE('',*,*,#5751,.F.);
#8134 = ORIENTED_EDGE('',*,*,#5814,.T.);
#8135 = ORIENTED_EDGE('',*,*,#8009,.F.);
#8136 = ORIENTED_EDGE('',*,*,#8024,.F.);
#8137 = ORIENTED_EDGE('',*,*,#8066,.F.);
#8138 = ORIENTED_EDGE('',*,*,#8139,.F.);
#8139 = EDGE_CURVE('',#7930,#8059,#8140,.T.);
#8140 = LINE('',#8141,#8142);
#8141 = CARTESIAN_POINT('',(-70.4,214.315,15.6));
#8142 = VECTOR('',#8143,1.);
#8143 = DIRECTION('',(1.,0.,-0.));
#8144 = ORIENTED_EDGE('',*,*,#7937,.T.);
#8145 = ORIENTED_EDGE('',*,*,#7959,.F.);
#8146 = ORIENTED_EDGE('',*,*,#7985,.T.);
#8147 = ORIENTED_EDGE('',*,*,#5897,.T.);
#8148 = ORIENTED_EDGE('',*,*,#7847,.F.);
#8149 = ORIENTED_EDGE('',*,*,#7862,.F.);
#8150 = ORIENTED_EDGE('',*,*,#7904,.F.);
#8151 = FACE_BOUND('',#8152,.T.);
#8152 = EDGE_LOOP('',(#8153));
#8153 = ORIENTED_EDGE('',*,*,#8154,.F.);
#8154 = EDGE_CURVE('',#8155,#8155,#8157,.T.);
#8155 = VERTEX_POINT('',#8156);
#8156 = CARTESIAN_POINT('',(-42.,214.315,36.9));
#8157 = CIRCLE('',#8158,5.9);
#8158 = AXIS2_PLACEMENT_3D('',#8159,#8160,#8161);
#8159 = CARTESIAN_POINT('',(-42.,214.315,31.));
#8160 = DIRECTION('',(0.,1.,0.));
#8161 = DIRECTION('',(0.,-0.,1.));
#8162 = FACE_BOUND('',#8163,.T.);
#8163 = EDGE_LOOP('',(#8164));
#8164 = ORIENTED_EDGE('',*,*,#8165,.F.);
#8165 = EDGE_CURVE('',#8166,#8166,#8168,.T.);
#8166 = VERTEX_POINT('',#8167);
#8167 = CARTESIAN_POINT('',(42.,214.315,36.9));
#8168 = CIRCLE('',#8169,5.9);
#8169 = AXIS2_PLACEMENT_3D('',#8170,#8171,#8172);
#8170 = CARTESIAN_POINT('',(42.,214.315,31.));
#8171 = DIRECTION('',(0.,1.,0.));
#8172 = DIRECTION('',(0.,-0.,1.));
#8173 = PLANE('',#8174);
#8174 = AXIS2_PLACEMENT_3D('',#8175,#8176,#8177);
#8175 = CARTESIAN_POINT('',(-70.4,214.315,15.6));
#8176 = DIRECTION('',(-0.,1.,0.));
#8177 = DIRECTION('',(0.,0.,1.));
#8178 = ADVANCED_FACE('',(#8179),#8212,.F.);
#8179 = FACE_BOUND('',#8180,.F.);
#8180 = EDGE_LOOP('',(#8181,#8189,#8197,#8203,#8204,#8211));
#8181 = ORIENTED_EDGE('',*,*,#8182,.F.);
#8182 = EDGE_CURVE('',#8183,#3002,#8185,.T.);
#8183 = VERTEX_POINT('',#8184);
#8184 = CARTESIAN_POINT('',(-33.65,198.065,23.65));
#8185 = LINE('',#8186,#8187);
#8186 = CARTESIAN_POINT('',(-33.65,198.065,23.65));
#8187 = VECTOR('',#8188,1.);
#8188 = DIRECTION('',(0.,0.,1.));
#8189 = ORIENTED_EDGE('',*,*,#8190,.T.);
#8190 = EDGE_CURVE('',#8183,#8191,#8193,.T.);
#8191 = VERTEX_POINT('',#8192);
#8192 = CARTESIAN_POINT('',(-33.65,212.765,23.65));
#8193 = LINE('',#8194,#8195);
#8194 = CARTESIAN_POINT('',(-33.65,198.065,23.65));
#8195 = VECTOR('',#8196,1.);
#8196 = DIRECTION('',(-0.,1.,0.));
#8197 = ORIENTED_EDGE('',*,*,#8198,.T.);
#8198 = EDGE_CURVE('',#8191,#3092,#8199,.T.);
#8199 = LINE('',#8200,#8201);
#8200 = CARTESIAN_POINT('',(-33.65,212.765,23.65));
#8201 = VECTOR('',#8202,1.);
#8202 = DIRECTION('',(0.,0.,1.));
#8203 = ORIENTED_EDGE('',*,*,#3099,.F.);
#8204 = ORIENTED_EDGE('',*,*,#8205,.F.);
#8205 = EDGE_CURVE('',#3004,#3100,#8206,.T.);
#8206 = CIRCLE('',#8207,1.7);
#8207 = AXIS2_PLACEMENT_3D('',#8208,#8209,#8210);
#8208 = CARTESIAN_POINT('',(-33.65,205.415,41.));
#8209 = DIRECTION('',(1.,0.,0.));
#8210 = DIRECTION('',(-0.,0.,1.));
#8211 = ORIENTED_EDGE('',*,*,#3001,.F.);
#8212 = PLANE('',#8213);
#8213 = AXIS2_PLACEMENT_3D('',#8214,#8215,#8216);
#8214 = CARTESIAN_POINT('',(-33.65,198.065,23.65));
#8215 = DIRECTION('',(1.,0.,-0.));
#8216 = DIRECTION('',(0.,0.,1.));
#8217 = ADVANCED_FACE('',(#8218,#8236),#8239,.T.);
#8218 = FACE_BOUND('',#8219,.T.);
#8219 = EDGE_LOOP('',(#8220,#8221,#8229,#8235));
#8220 = ORIENTED_EDGE('',*,*,#8182,.F.);
#8221 = ORIENTED_EDGE('',*,*,#8222,.F.);
#8222 = EDGE_CURVE('',#8223,#8183,#8225,.T.);
#8223 = VERTEX_POINT('',#8224);
#8224 = CARTESIAN_POINT('',(-50.35,198.065,23.65));
#8225 = LINE('',#8226,#8227);
#8226 = CARTESIAN_POINT('',(-50.35,198.065,23.65));
#8227 = VECTOR('',#8228,1.);
#8228 = DIRECTION('',(1.,0.,-0.));
#8229 = ORIENTED_EDGE('',*,*,#8230,.T.);
#8230 = EDGE_CURVE('',#8223,#3012,#8231,.T.);
#8231 = LINE('',#8232,#8233);
#8232 = CARTESIAN_POINT('',(-50.35,198.065,23.65));
#8233 = VECTOR('',#8234,1.);
#8234 = DIRECTION('',(0.,0.,1.));
#8235 = ORIENTED_EDGE('',*,*,#3011,.F.);
#8236 = FACE_BOUND('',#8237,.T.);
#8237 = EDGE_LOOP('',(#8238));
#8238 = ORIENTED_EDGE('',*,*,#5911,.F.);
#8239 = PLANE('',#8240);
#8240 = AXIS2_PLACEMENT_3D('',#8241,#8242,#8243);
#8241 = CARTESIAN_POINT('',(-50.35,198.065,23.65));
#8242 = DIRECTION('',(-0.,1.,0.));
#8243 = DIRECTION('',(0.,0.,1.));
#8244 = ADVANCED_FACE('',(#8245),#8257,.F.);
#8245 = FACE_BOUND('',#8246,.F.);
#8246 = EDGE_LOOP('',(#8247,#8254,#8255,#8256));
#8247 = ORIENTED_EDGE('',*,*,#8248,.F.);
#8248 = EDGE_CURVE('',#3148,#3108,#8249,.T.);
#8249 = CIRCLE('',#8250,1.7);
#8250 = AXIS2_PLACEMENT_3D('',#8251,#8252,#8253);
#8251 = CARTESIAN_POINT('',(-31.,205.415,41.));
#8252 = DIRECTION('',(1.,0.,0.));
#8253 = DIRECTION('',(-0.,0.,1.));
#8254 = ORIENTED_EDGE('',*,*,#3155,.F.);
#8255 = ORIENTED_EDGE('',*,*,#8205,.T.);
#8256 = ORIENTED_EDGE('',*,*,#3107,.T.);
#8257 = CYLINDRICAL_SURFACE('',#8258,1.7);
#8258 = AXIS2_PLACEMENT_3D('',#8259,#8260,#8261);
#8259 = CARTESIAN_POINT('',(-54.,205.415,41.));
#8260 = DIRECTION('',(1.,0.,0.));
#8261 = DIRECTION('',(-0.,0.,1.));
#8262 = ADVANCED_FACE('',(#8263),#8289,.T.);
#8263 = FACE_BOUND('',#8264,.T.);
#8264 = EDGE_LOOP('',(#8265,#8266,#8274,#8280,#8281,#8288));
#8265 = ORIENTED_EDGE('',*,*,#8230,.F.);
#8266 = ORIENTED_EDGE('',*,*,#8267,.T.);
#8267 = EDGE_CURVE('',#8223,#8268,#8270,.T.);
#8268 = VERTEX_POINT('',#8269);
#8269 = CARTESIAN_POINT('',(-50.35,212.765,23.65));
#8270 = LINE('',#8271,#8272);
#8271 = CARTESIAN_POINT('',(-50.35,198.065,23.65));
#8272 = VECTOR('',#8273,1.);
#8273 = DIRECTION('',(-0.,1.,0.));
#8274 = ORIENTED_EDGE('',*,*,#8275,.T.);
#8275 = EDGE_CURVE('',#8268,#3084,#8276,.T.);
#8276 = LINE('',#8277,#8278);
#8277 = CARTESIAN_POINT('',(-50.35,212.765,23.65));
#8278 = VECTOR('',#8279,1.);
#8279 = DIRECTION('',(0.,0.,1.));
#8280 = ORIENTED_EDGE('',*,*,#3083,.F.);
#8281 = ORIENTED_EDGE('',*,*,#8282,.F.);
#8282 = EDGE_CURVE('',#3020,#3076,#8283,.T.);
#8283 = CIRCLE('',#8284,1.7);
#8284 = AXIS2_PLACEMENT_3D('',#8285,#8286,#8287);
#8285 = CARTESIAN_POINT('',(-50.35,205.415,41.));
#8286 = DIRECTION('',(1.,0.,0.));
#8287 = DIRECTION('',(-0.,0.,1.));
#8288 = ORIENTED_EDGE('',*,*,#3019,.F.);
#8289 = PLANE('',#8290);
#8290 = AXIS2_PLACEMENT_3D('',#8291,#8292,#8293);
#8291 = CARTESIAN_POINT('',(-50.35,198.065,23.65));
#8292 = DIRECTION('',(1.,0.,-0.));
#8293 = DIRECTION('',(0.,0.,1.));
#8294 = ADVANCED_FACE('',(#8295),#8307,.T.);
#8295 = FACE_BOUND('',#8296,.T.);
#8296 = EDGE_LOOP('',(#8297,#8298,#8305,#8306));
#8297 = ORIENTED_EDGE('',*,*,#3147,.F.);
#8298 = ORIENTED_EDGE('',*,*,#8299,.T.);
#8299 = EDGE_CURVE('',#3140,#3116,#8300,.T.);
#8300 = CIRCLE('',#8301,4.1);
#8301 = AXIS2_PLACEMENT_3D('',#8302,#8303,#8304);
#8302 = CARTESIAN_POINT('',(-31.,205.415,41.));
#8303 = DIRECTION('',(1.,0.,0.));
#8304 = DIRECTION('',(-0.,0.,1.));
#8305 = ORIENTED_EDGE('',*,*,#3115,.F.);
#8306 = ORIENTED_EDGE('',*,*,#8248,.F.);
#8307 = PLANE('',#8308);
#8308 = AXIS2_PLACEMENT_3D('',#8309,#8310,#8311);
#8309 = CARTESIAN_POINT('',(-31.,205.415,41.));
#8310 = DIRECTION('',(1.,0.,0.));
#8311 = DIRECTION('',(-0.,0.,1.));
#8312 = ADVANCED_FACE('',(#8313),#8325,.F.);
#8313 = FACE_BOUND('',#8314,.F.);
#8314 = EDGE_LOOP('',(#8315,#8316,#8323,#8324));
#8315 = ORIENTED_EDGE('',*,*,#3027,.F.);
#8316 = ORIENTED_EDGE('',*,*,#8317,.T.);
#8317 = EDGE_CURVE('',#3028,#3068,#8318,.T.);
#8318 = CIRCLE('',#8319,1.7);
#8319 = AXIS2_PLACEMENT_3D('',#8320,#8321,#8322);
#8320 = CARTESIAN_POINT('',(-53.,205.415,41.));
#8321 = DIRECTION('',(1.,0.,0.));
#8322 = DIRECTION('',(-0.,0.,1.));
#8323 = ORIENTED_EDGE('',*,*,#3075,.T.);
#8324 = ORIENTED_EDGE('',*,*,#8282,.F.);
#8325 = CYLINDRICAL_SURFACE('',#8326,1.7);
#8326 = AXIS2_PLACEMENT_3D('',#8327,#8328,#8329);
#8327 = CARTESIAN_POINT('',(-54.,205.415,41.));
#8328 = DIRECTION('',(1.,0.,0.));
#8329 = DIRECTION('',(-0.,0.,1.));
#8330 = ADVANCED_FACE('',(#8331),#8343,.F.);
#8331 = FACE_BOUND('',#8332,.F.);
#8332 = EDGE_LOOP('',(#8333,#8340,#8341,#8342));
#8333 = ORIENTED_EDGE('',*,*,#8334,.F.);
#8334 = EDGE_CURVE('',#3132,#3124,#8335,.T.);
#8335 = CIRCLE('',#8336,4.1);
#8336 = AXIS2_PLACEMENT_3D('',#8337,#8338,#8339);
#8337 = CARTESIAN_POINT('',(-27.,205.415,41.));
#8338 = DIRECTION('',(1.,0.,0.));
#8339 = DIRECTION('',(-0.,0.,1.));
#8340 = ORIENTED_EDGE('',*,*,#3139,.F.);
#8341 = ORIENTED_EDGE('',*,*,#8299,.T.);
#8342 = ORIENTED_EDGE('',*,*,#3123,.T.);
#8343 = CYLINDRICAL_SURFACE('',#8344,4.1);
#8344 = AXIS2_PLACEMENT_3D('',#8345,#8346,#8347);
#8345 = CARTESIAN_POINT('',(-31.,205.415,41.));
#8346 = DIRECTION('',(1.,0.,0.));
#8347 = DIRECTION('',(-0.,0.,1.));
#8348 = ADVANCED_FACE('',(#8349),#8361,.F.);
#8349 = FACE_BOUND('',#8350,.F.);
#8350 = EDGE_LOOP('',(#8351,#8352,#8359,#8360));
#8351 = ORIENTED_EDGE('',*,*,#3035,.F.);
#8352 = ORIENTED_EDGE('',*,*,#8353,.T.);
#8353 = EDGE_CURVE('',#3036,#3060,#8354,.T.);
#8354 = CIRCLE('',#8355,3.55);
#8355 = AXIS2_PLACEMENT_3D('',#8356,#8357,#8358);
#8356 = CARTESIAN_POINT('',(-53.,205.415,41.));
#8357 = DIRECTION('',(1.,0.,0.));
#8358 = DIRECTION('',(-0.,0.,1.));
#8359 = ORIENTED_EDGE('',*,*,#3067,.F.);
#8360 = ORIENTED_EDGE('',*,*,#8317,.F.);
#8361 = PLANE('',#8362);
#8362 = AXIS2_PLACEMENT_3D('',#8363,#8364,#8365);
#8363 = CARTESIAN_POINT('',(-53.,205.415,41.));
#8364 = DIRECTION('',(1.,0.,0.));
#8365 = DIRECTION('',(-0.,0.,1.));
#8366 = ADVANCED_FACE('',(#8367),#8371,.F.);
#8367 = FACE_BOUND('',#8368,.F.);
#8368 = EDGE_LOOP('',(#8369,#8370));
#8369 = ORIENTED_EDGE('',*,*,#3131,.F.);
#8370 = ORIENTED_EDGE('',*,*,#8334,.T.);
#8371 = PLANE('',#8372);
#8372 = AXIS2_PLACEMENT_3D('',#8373,#8374,#8375);
#8373 = CARTESIAN_POINT('',(-27.,205.415,41.));
#8374 = DIRECTION('',(1.,0.,0.));
#8375 = DIRECTION('',(-0.,0.,1.));
#8376 = ADVANCED_FACE('',(#8377),#8389,.F.);
#8377 = FACE_BOUND('',#8378,.F.);
#8378 = EDGE_LOOP('',(#8379,#8380,#8381,#8388));
#8379 = ORIENTED_EDGE('',*,*,#8353,.F.);
#8380 = ORIENTED_EDGE('',*,*,#3043,.F.);
#8381 = ORIENTED_EDGE('',*,*,#8382,.T.);
#8382 = EDGE_CURVE('',#3044,#3052,#8383,.T.);
#8383 = CIRCLE('',#8384,3.55);
#8384 = AXIS2_PLACEMENT_3D('',#8385,#8386,#8387);
#8385 = CARTESIAN_POINT('',(-56.,205.415,41.));
#8386 = DIRECTION('',(1.,0.,0.));
#8387 = DIRECTION('',(-0.,0.,1.));
#8388 = ORIENTED_EDGE('',*,*,#3059,.T.);
#8389 = CYLINDRICAL_SURFACE('',#8390,3.55);
#8390 = AXIS2_PLACEMENT_3D('',#8391,#8392,#8393);
#8391 = CARTESIAN_POINT('',(-56.,205.415,41.));
#8392 = DIRECTION('',(1.,0.,0.));
#8393 = DIRECTION('',(-0.,0.,1.));
#8394 = ADVANCED_FACE('',(#8395),#8399,.T.);
#8395 = FACE_BOUND('',#8396,.T.);
#8396 = EDGE_LOOP('',(#8397,#8398));
#8397 = ORIENTED_EDGE('',*,*,#3051,.F.);
#8398 = ORIENTED_EDGE('',*,*,#8382,.T.);
#8399 = PLANE('',#8400);
#8400 = AXIS2_PLACEMENT_3D('',#8401,#8402,#8403);
#8401 = CARTESIAN_POINT('',(-56.,205.415,41.));
#8402 = DIRECTION('',(1.,0.,0.));
#8403 = DIRECTION('',(-0.,0.,1.));
#8404 = ADVANCED_FACE('',(#8405,#8416),#8427,.F.);
#8405 = FACE_BOUND('',#8406,.F.);
#8406 = EDGE_LOOP('',(#8407,#8408,#8414,#8415));
#8407 = ORIENTED_EDGE('',*,*,#8198,.F.);
#8408 = ORIENTED_EDGE('',*,*,#8409,.F.);
#8409 = EDGE_CURVE('',#8268,#8191,#8410,.T.);
#8410 = LINE('',#8411,#8412);
#8411 = CARTESIAN_POINT('',(-50.35,212.765,23.65));
#8412 = VECTOR('',#8413,1.);
#8413 = DIRECTION('',(1.,0.,-0.));
#8414 = ORIENTED_EDGE('',*,*,#8275,.T.);
#8415 = ORIENTED_EDGE('',*,*,#3091,.F.);
#8416 = FACE_BOUND('',#8417,.F.);
#8417 = EDGE_LOOP('',(#8418));
#8418 = ORIENTED_EDGE('',*,*,#8419,.F.);
#8419 = EDGE_CURVE('',#8420,#8420,#8422,.T.);
#8420 = VERTEX_POINT('',#8421);
#8421 = CARTESIAN_POINT('',(-42.,212.765,36.9));
#8422 = CIRCLE('',#8423,5.9);
#8423 = AXIS2_PLACEMENT_3D('',#8424,#8425,#8426);
#8424 = CARTESIAN_POINT('',(-42.,212.765,31.));
#8425 = DIRECTION('',(0.,1.,0.));
#8426 = DIRECTION('',(0.,-0.,1.));
#8427 = PLANE('',#8428);
#8428 = AXIS2_PLACEMENT_3D('',#8429,#8430,#8431);
#8429 = CARTESIAN_POINT('',(-50.35,212.765,23.65));
#8430 = DIRECTION('',(-0.,1.,0.));
#8431 = DIRECTION('',(0.,0.,1.));
#8432 = ADVANCED_FACE('',(#8433),#8466,.F.);
#8433 = FACE_BOUND('',#8434,.F.);
#8434 = EDGE_LOOP('',(#8435,#8443,#8451,#8457,#8458,#8465));
#8435 = ORIENTED_EDGE('',*,*,#8436,.F.);
#8436 = EDGE_CURVE('',#8437,#3164,#8439,.T.);
#8437 = VERTEX_POINT('',#8438);
#8438 = CARTESIAN_POINT('',(50.35,198.065,23.65));
#8439 = LINE('',#8440,#8441);
#8440 = CARTESIAN_POINT('',(50.35,198.065,23.65));
#8441 = VECTOR('',#8442,1.);
#8442 = DIRECTION('',(0.,0.,1.));
#8443 = ORIENTED_EDGE('',*,*,#8444,.T.);
#8444 = EDGE_CURVE('',#8437,#8445,#8447,.T.);
#8445 = VERTEX_POINT('',#8446);
#8446 = CARTESIAN_POINT('',(50.35,212.765,23.65));
#8447 = LINE('',#8448,#8449);
#8448 = CARTESIAN_POINT('',(50.35,198.065,23.65));
#8449 = VECTOR('',#8450,1.);
#8450 = DIRECTION('',(-0.,1.,0.));
#8451 = ORIENTED_EDGE('',*,*,#8452,.T.);
#8452 = EDGE_CURVE('',#8445,#3254,#8453,.T.);
#8453 = LINE('',#8454,#8455);
#8454 = CARTESIAN_POINT('',(50.35,212.765,23.65));
#8455 = VECTOR('',#8456,1.);
#8456 = DIRECTION('',(0.,0.,1.));
#8457 = ORIENTED_EDGE('',*,*,#3261,.F.);
#8458 = ORIENTED_EDGE('',*,*,#8459,.F.);
#8459 = EDGE_CURVE('',#3166,#3262,#8460,.T.);
#8460 = CIRCLE('',#8461,1.7);
#8461 = AXIS2_PLACEMENT_3D('',#8462,#8463,#8464);
#8462 = CARTESIAN_POINT('',(50.35,205.415,41.));
#8463 = DIRECTION('',(1.,0.,0.));
#8464 = DIRECTION('',(-0.,0.,1.));
#8465 = ORIENTED_EDGE('',*,*,#3163,.F.);
#8466 = PLANE('',#8467);
#8467 = AXIS2_PLACEMENT_3D('',#8468,#8469,#8470);
#8468 = CARTESIAN_POINT('',(50.35,198.065,23.65));
#8469 = DIRECTION('',(1.,0.,-0.));
#8470 = DIRECTION('',(0.,0.,1.));
#8471 = ADVANCED_FACE('',(#8472),#8484,.F.);
#8472 = FACE_BOUND('',#8473,.F.);
#8473 = EDGE_LOOP('',(#8474,#8481,#8482,#8483));
#8474 = ORIENTED_EDGE('',*,*,#8475,.F.);
#8475 = EDGE_CURVE('',#3310,#3270,#8476,.T.);
#8476 = CIRCLE('',#8477,1.7);
#8477 = AXIS2_PLACEMENT_3D('',#8478,#8479,#8480);
#8478 = CARTESIAN_POINT('',(53.,205.415,41.));
#8479 = DIRECTION('',(1.,0.,0.));
#8480 = DIRECTION('',(-0.,0.,1.));
#8481 = ORIENTED_EDGE('',*,*,#3317,.F.);
#8482 = ORIENTED_EDGE('',*,*,#8459,.T.);
#8483 = ORIENTED_EDGE('',*,*,#3269,.T.);
#8484 = CYLINDRICAL_SURFACE('',#8485,1.7);
#8485 = AXIS2_PLACEMENT_3D('',#8486,#8487,#8488);
#8486 = CARTESIAN_POINT('',(30.,205.415,41.));
#8487 = DIRECTION('',(1.,0.,0.));
#8488 = DIRECTION('',(-0.,0.,1.));
#8489 = ADVANCED_FACE('',(#8490),#8502,.T.);
#8490 = FACE_BOUND('',#8491,.T.);
#8491 = EDGE_LOOP('',(#8492,#8493,#8500,#8501));
#8492 = ORIENTED_EDGE('',*,*,#3309,.F.);
#8493 = ORIENTED_EDGE('',*,*,#8494,.T.);
#8494 = EDGE_CURVE('',#3302,#3278,#8495,.T.);
#8495 = CIRCLE('',#8496,4.1);
#8496 = AXIS2_PLACEMENT_3D('',#8497,#8498,#8499);
#8497 = CARTESIAN_POINT('',(53.,205.415,41.));
#8498 = DIRECTION('',(1.,0.,0.));
#8499 = DIRECTION('',(-0.,0.,1.));
#8500 = ORIENTED_EDGE('',*,*,#3277,.F.);
#8501 = ORIENTED_EDGE('',*,*,#8475,.F.);
#8502 = PLANE('',#8503);
#8503 = AXIS2_PLACEMENT_3D('',#8504,#8505,#8506);
#8504 = CARTESIAN_POINT('',(53.,205.415,41.));
#8505 = DIRECTION('',(1.,0.,0.));
#8506 = DIRECTION('',(-0.,0.,1.));
#8507 = ADVANCED_FACE('',(#8508),#8520,.F.);
#8508 = FACE_BOUND('',#8509,.F.);
#8509 = EDGE_LOOP('',(#8510,#8517,#8518,#8519));
#8510 = ORIENTED_EDGE('',*,*,#8511,.F.);
#8511 = EDGE_CURVE('',#3294,#3286,#8512,.T.);
#8512 = CIRCLE('',#8513,4.1);
#8513 = AXIS2_PLACEMENT_3D('',#8514,#8515,#8516);
#8514 = CARTESIAN_POINT('',(57.,205.415,41.));
#8515 = DIRECTION('',(1.,0.,0.));
#8516 = DIRECTION('',(-0.,0.,1.));
#8517 = ORIENTED_EDGE('',*,*,#3301,.F.);
#8518 = ORIENTED_EDGE('',*,*,#8494,.T.);
#8519 = ORIENTED_EDGE('',*,*,#3285,.T.);
#8520 = CYLINDRICAL_SURFACE('',#8521,4.1);
#8521 = AXIS2_PLACEMENT_3D('',#8522,#8523,#8524);
#8522 = CARTESIAN_POINT('',(53.,205.415,41.));
#8523 = DIRECTION('',(1.,0.,0.));
#8524 = DIRECTION('',(-0.,0.,1.));
#8525 = ADVANCED_FACE('',(#8526),#8530,.F.);
#8526 = FACE_BOUND('',#8527,.F.);
#8527 = EDGE_LOOP('',(#8528,#8529));
#8528 = ORIENTED_EDGE('',*,*,#3293,.F.);
#8529 = ORIENTED_EDGE('',*,*,#8511,.T.);
#8530 = PLANE('',#8531);
#8531 = AXIS2_PLACEMENT_3D('',#8532,#8533,#8534);
#8532 = CARTESIAN_POINT('',(57.,205.415,41.));
#8533 = DIRECTION('',(1.,0.,0.));
#8534 = DIRECTION('',(-0.,0.,1.));
#8535 = ADVANCED_FACE('',(#8536,#8554),#8565,.F.);
#8536 = FACE_BOUND('',#8537,.F.);
#8537 = EDGE_LOOP('',(#8538,#8539,#8547,#8553));
#8538 = ORIENTED_EDGE('',*,*,#8452,.F.);
#8539 = ORIENTED_EDGE('',*,*,#8540,.F.);
#8540 = EDGE_CURVE('',#8541,#8445,#8543,.T.);
#8541 = VERTEX_POINT('',#8542);
#8542 = CARTESIAN_POINT('',(33.65,212.765,23.65));
#8543 = LINE('',#8544,#8545);
#8544 = CARTESIAN_POINT('',(33.65,212.765,23.65));
#8545 = VECTOR('',#8546,1.);
#8546 = DIRECTION('',(1.,0.,-0.));
#8547 = ORIENTED_EDGE('',*,*,#8548,.T.);
#8548 = EDGE_CURVE('',#8541,#3246,#8549,.T.);
#8549 = LINE('',#8550,#8551);
#8550 = CARTESIAN_POINT('',(33.65,212.765,23.65));
#8551 = VECTOR('',#8552,1.);
#8552 = DIRECTION('',(0.,0.,1.));
#8553 = ORIENTED_EDGE('',*,*,#3253,.F.);
#8554 = FACE_BOUND('',#8555,.F.);
#8555 = EDGE_LOOP('',(#8556));
#8556 = ORIENTED_EDGE('',*,*,#8557,.F.);
#8557 = EDGE_CURVE('',#8558,#8558,#8560,.T.);
#8558 = VERTEX_POINT('',#8559);
#8559 = CARTESIAN_POINT('',(42.,212.765,36.9));
#8560 = CIRCLE('',#8561,5.9);
#8561 = AXIS2_PLACEMENT_3D('',#8562,#8563,#8564);
#8562 = CARTESIAN_POINT('',(42.,212.765,31.));
#8563 = DIRECTION('',(0.,1.,0.));
#8564 = DIRECTION('',(0.,-0.,1.));
#8565 = PLANE('',#8566);
#8566 = AXIS2_PLACEMENT_3D('',#8567,#8568,#8569);
#8567 = CARTESIAN_POINT('',(33.65,212.765,23.65));
#8568 = DIRECTION('',(-0.,1.,0.));
#8569 = DIRECTION('',(0.,0.,1.));
#8570 = ADVANCED_FACE('',(#8571),#8597,.T.);
#8571 = FACE_BOUND('',#8572,.T.);
#8572 = EDGE_LOOP('',(#8573,#8581,#8587,#8588,#8589,#8596));
#8573 = ORIENTED_EDGE('',*,*,#8574,.F.);
#8574 = EDGE_CURVE('',#8575,#3174,#8577,.T.);
#8575 = VERTEX_POINT('',#8576);
#8576 = CARTESIAN_POINT('',(33.65,198.065,23.65));
#8577 = LINE('',#8578,#8579);
#8578 = CARTESIAN_POINT('',(33.65,198.065,23.65));
#8579 = VECTOR('',#8580,1.);
#8580 = DIRECTION('',(0.,0.,1.));
#8581 = ORIENTED_EDGE('',*,*,#8582,.T.);
#8582 = EDGE_CURVE('',#8575,#8541,#8583,.T.);
#8583 = LINE('',#8584,#8585);
#8584 = CARTESIAN_POINT('',(33.65,198.065,23.65));
#8585 = VECTOR('',#8586,1.);
#8586 = DIRECTION('',(-0.,1.,0.));
#8587 = ORIENTED_EDGE('',*,*,#8548,.T.);
#8588 = ORIENTED_EDGE('',*,*,#3245,.F.);
#8589 = ORIENTED_EDGE('',*,*,#8590,.F.);
#8590 = EDGE_CURVE('',#3182,#3238,#8591,.T.);
#8591 = CIRCLE('',#8592,1.7);
#8592 = AXIS2_PLACEMENT_3D('',#8593,#8594,#8595);
#8593 = CARTESIAN_POINT('',(33.65,205.415,41.));
#8594 = DIRECTION('',(1.,0.,0.));
#8595 = DIRECTION('',(-0.,0.,1.));
#8596 = ORIENTED_EDGE('',*,*,#3181,.F.);
#8597 = PLANE('',#8598);
#8598 = AXIS2_PLACEMENT_3D('',#8599,#8600,#8601);
#8599 = CARTESIAN_POINT('',(33.65,198.065,23.65));
#8600 = DIRECTION('',(1.,0.,-0.));
#8601 = DIRECTION('',(0.,0.,1.));
#8602 = ADVANCED_FACE('',(#8603),#8615,.F.);
#8603 = FACE_BOUND('',#8604,.F.);
#8604 = EDGE_LOOP('',(#8605,#8606,#8613,#8614));
#8605 = ORIENTED_EDGE('',*,*,#3189,.F.);
#8606 = ORIENTED_EDGE('',*,*,#8607,.T.);
#8607 = EDGE_CURVE('',#3190,#3230,#8608,.T.);
#8608 = CIRCLE('',#8609,1.7);
#8609 = AXIS2_PLACEMENT_3D('',#8610,#8611,#8612);
#8610 = CARTESIAN_POINT('',(31.,205.415,41.));
#8611 = DIRECTION('',(1.,0.,0.));
#8612 = DIRECTION('',(-0.,0.,1.));
#8613 = ORIENTED_EDGE('',*,*,#3237,.T.);
#8614 = ORIENTED_EDGE('',*,*,#8590,.F.);
#8615 = CYLINDRICAL_SURFACE('',#8616,1.7);
#8616 = AXIS2_PLACEMENT_3D('',#8617,#8618,#8619);
#8617 = CARTESIAN_POINT('',(30.,205.415,41.));
#8618 = DIRECTION('',(1.,0.,0.));
#8619 = DIRECTION('',(-0.,0.,1.));
#8620 = ADVANCED_FACE('',(#8621),#8633,.F.);
#8621 = FACE_BOUND('',#8622,.F.);
#8622 = EDGE_LOOP('',(#8623,#8624,#8631,#8632));
#8623 = ORIENTED_EDGE('',*,*,#3197,.F.);
#8624 = ORIENTED_EDGE('',*,*,#8625,.T.);
#8625 = EDGE_CURVE('',#3198,#3222,#8626,.T.);
#8626 = CIRCLE('',#8627,3.55);
#8627 = AXIS2_PLACEMENT_3D('',#8628,#8629,#8630);
#8628 = CARTESIAN_POINT('',(31.,205.415,41.));
#8629 = DIRECTION('',(1.,0.,0.));
#8630 = DIRECTION('',(-0.,0.,1.));
#8631 = ORIENTED_EDGE('',*,*,#3229,.F.);
#8632 = ORIENTED_EDGE('',*,*,#8607,.F.);
#8633 = PLANE('',#8634);
#8634 = AXIS2_PLACEMENT_3D('',#8635,#8636,#8637);
#8635 = CARTESIAN_POINT('',(31.,205.415,41.));
#8636 = DIRECTION('',(1.,0.,0.));
#8637 = DIRECTION('',(-0.,0.,1.));
#8638 = ADVANCED_FACE('',(#8639),#8651,.F.);
#8639 = FACE_BOUND('',#8640,.F.);
#8640 = EDGE_LOOP('',(#8641,#8642,#8643,#8650));
#8641 = ORIENTED_EDGE('',*,*,#8625,.F.);
#8642 = ORIENTED_EDGE('',*,*,#3205,.F.);
#8643 = ORIENTED_EDGE('',*,*,#8644,.T.);
#8644 = EDGE_CURVE('',#3206,#3214,#8645,.T.);
#8645 = CIRCLE('',#8646,3.55);
#8646 = AXIS2_PLACEMENT_3D('',#8647,#8648,#8649);
#8647 = CARTESIAN_POINT('',(28.,205.415,41.));
#8648 = DIRECTION('',(1.,0.,0.));
#8649 = DIRECTION('',(-0.,0.,1.));
#8650 = ORIENTED_EDGE('',*,*,#3221,.T.);
#8651 = CYLINDRICAL_SURFACE('',#8652,3.55);
#8652 = AXIS2_PLACEMENT_3D('',#8653,#8654,#8655);
#8653 = CARTESIAN_POINT('',(28.,205.415,41.));
#8654 = DIRECTION('',(1.,0.,0.));
#8655 = DIRECTION('',(-0.,0.,1.));
#8656 = ADVANCED_FACE('',(#8657),#8661,.T.);
#8657 = FACE_BOUND('',#8658,.T.);
#8658 = EDGE_LOOP('',(#8659,#8660));
#8659 = ORIENTED_EDGE('',*,*,#3213,.F.);
#8660 = ORIENTED_EDGE('',*,*,#8644,.T.);
#8661 = PLANE('',#8662);
#8662 = AXIS2_PLACEMENT_3D('',#8663,#8664,#8665);
#8663 = CARTESIAN_POINT('',(28.,205.415,41.));
#8664 = DIRECTION('',(1.,0.,0.));
#8665 = DIRECTION('',(-0.,0.,1.));
#8666 = ADVANCED_FACE('',(#8667,#8678),#8681,.T.);
#8667 = FACE_BOUND('',#8668,.T.);
#8668 = EDGE_LOOP('',(#8669,#8670,#8676,#8677));
#8669 = ORIENTED_EDGE('',*,*,#8436,.F.);
#8670 = ORIENTED_EDGE('',*,*,#8671,.F.);
#8671 = EDGE_CURVE('',#8575,#8437,#8672,.T.);
#8672 = LINE('',#8673,#8674);
#8673 = CARTESIAN_POINT('',(33.65,198.065,23.65));
#8674 = VECTOR('',#8675,1.);
#8675 = DIRECTION('',(1.,0.,-0.));
#8676 = ORIENTED_EDGE('',*,*,#8574,.T.);
#8677 = ORIENTED_EDGE('',*,*,#3173,.F.);
#8678 = FACE_BOUND('',#8679,.T.);
#8679 = EDGE_LOOP('',(#8680));
#8680 = ORIENTED_EDGE('',*,*,#5837,.F.);
#8681 = PLANE('',#8682);
#8682 = AXIS2_PLACEMENT_3D('',#8683,#8684,#8685);
#8683 = CARTESIAN_POINT('',(33.65,198.065,23.65));
#8684 = DIRECTION('',(-0.,1.,0.));
#8685 = DIRECTION('',(0.,0.,1.));
#8686 = ADVANCED_FACE('',(#8687),#8721,.T.);
#8687 = FACE_BOUND('',#8688,.T.);
#8688 = EDGE_LOOP('',(#8689,#8690,#8691,#8699,#8707,#8713,#8714,#8720));
#8689 = ORIENTED_EDGE('',*,*,#3422,.F.);
#8690 = ORIENTED_EDGE('',*,*,#3469,.T.);
#8691 = ORIENTED_EDGE('',*,*,#8692,.T.);
#8692 = EDGE_CURVE('',#3462,#8693,#8695,.T.);
#8693 = VERTEX_POINT('',#8694);
#8694 = CARTESIAN_POINT('',(-102.8,220.,14.04));
#8695 = LINE('',#8696,#8697);
#8696 = CARTESIAN_POINT('',(-102.8,220.,17.04));
#8697 = VECTOR('',#8698,1.);
#8698 = DIRECTION('',(-0.,0.,-1.));
#8699 = ORIENTED_EDGE('',*,*,#8700,.T.);
#8700 = EDGE_CURVE('',#8693,#8701,#8703,.T.);
#8701 = VERTEX_POINT('',#8702);
#8702 = CARTESIAN_POINT('',(-102.8,224.815,14.04));
#8703 = LINE('',#8704,#8705);
#8704 = CARTESIAN_POINT('',(-102.8,192.32386122816,14.04));
#8705 = VECTOR('',#8706,1.);
#8706 = DIRECTION('',(-0.,1.,0.));
#8707 = ORIENTED_EDGE('',*,*,#8708,.F.);
#8708 = EDGE_CURVE('',#5051,#8701,#8709,.T.);
#8709 = LINE('',#8710,#8711);
#8710 = CARTESIAN_POINT('',(-102.8,224.815,9.54));
#8711 = VECTOR('',#8712,1.);
#8712 = DIRECTION('',(-0.,0.,-1.));
#8713 = ORIENTED_EDGE('',*,*,#5092,.T.);
#8714 = ORIENTED_EDGE('',*,*,#8715,.T.);
#8715 = EDGE_CURVE('',#5085,#4519,#8716,.T.);
#8716 = LINE('',#8717,#8718);
#8717 = CARTESIAN_POINT('',(-102.8,220.,17.04));
#8718 = VECTOR('',#8719,1.);
#8719 = DIRECTION('',(-0.,0.,-1.));
#8720 = ORIENTED_EDGE('',*,*,#4518,.T.);
#8721 = PLANE('',#8722);
#8722 = AXIS2_PLACEMENT_3D('',#8723,#8724,#8725);
#8723 = CARTESIAN_POINT('',(-102.8,219.8,9.54));
#8724 = DIRECTION('',(1.,0.,-0.));
#8725 = DIRECTION('',(0.,0.,1.));
#8726 = ADVANCED_FACE('',(#8727),#8758,.T.);
#8727 = FACE_BOUND('',#8728,.T.);
#8728 = EDGE_LOOP('',(#8729,#8730,#8736,#8737,#8738,#8739,#8740,#8741,
    #8742,#8743,#8744,#8745,#8746,#8747,#8748,#8749,#8750,#8751,#8752,
    #8753,#8754,#8755,#8756,#8757));
#8729 = ORIENTED_EDGE('',*,*,#5036,.F.);
#8730 = ORIENTED_EDGE('',*,*,#8731,.F.);
#8731 = EDGE_CURVE('',#8693,#5029,#8732,.T.);
#8732 = LINE('',#8733,#8734);
#8733 = CARTESIAN_POINT('',(-98.,220.,14.04));
#8734 = VECTOR('',#8735,1.);
#8735 = DIRECTION('',(1.,0.,0.));
#8736 = ORIENTED_EDGE('',*,*,#8692,.F.);
#8737 = ORIENTED_EDGE('',*,*,#3461,.F.);
#8738 = ORIENTED_EDGE('',*,*,#4927,.F.);
#8739 = ORIENTED_EDGE('',*,*,#4910,.F.);
#8740 = ORIENTED_EDGE('',*,*,#4886,.F.);
#8741 = ORIENTED_EDGE('',*,*,#4862,.F.);
#8742 = ORIENTED_EDGE('',*,*,#4838,.F.);
#8743 = ORIENTED_EDGE('',*,*,#4814,.F.);
#8744 = ORIENTED_EDGE('',*,*,#4790,.F.);
#8745 = ORIENTED_EDGE('',*,*,#4766,.F.);
#8746 = ORIENTED_EDGE('',*,*,#4733,.T.);
#8747 = ORIENTED_EDGE('',*,*,#4709,.T.);
#8748 = ORIENTED_EDGE('',*,*,#4685,.T.);
#8749 = ORIENTED_EDGE('',*,*,#4661,.T.);
#8750 = ORIENTED_EDGE('',*,*,#4637,.T.);
#8751 = ORIENTED_EDGE('',*,*,#4613,.T.);
#8752 = ORIENTED_EDGE('',*,*,#4589,.T.);
#8753 = ORIENTED_EDGE('',*,*,#4565,.T.);
#8754 = ORIENTED_EDGE('',*,*,#4541,.T.);
#8755 = ORIENTED_EDGE('',*,*,#4526,.T.);
#8756 = ORIENTED_EDGE('',*,*,#8715,.F.);
#8757 = ORIENTED_EDGE('',*,*,#5084,.T.);
#8758 = PLANE('',#8759);
#8759 = AXIS2_PLACEMENT_3D('',#8760,#8761,#8762);
#8760 = CARTESIAN_POINT('',(-90.,220.,24.54));
#8761 = DIRECTION('',(0.,1.,0.));
#8762 = DIRECTION('',(0.,-0.,1.));
#8763 = ADVANCED_FACE('',(#8764),#8775,.T.);
#8764 = FACE_BOUND('',#8765,.T.);
#8765 = EDGE_LOOP('',(#8766,#8767,#8768,#8769));
#8766 = ORIENTED_EDGE('',*,*,#3764,.F.);
#8767 = ORIENTED_EDGE('',*,*,#3740,.F.);
#8768 = ORIENTED_EDGE('',*,*,#4953,.T.);
#8769 = ORIENTED_EDGE('',*,*,#8770,.T.);
#8770 = EDGE_CURVE('',#4945,#3765,#8771,.T.);
#8771 = LINE('',#8772,#8773);
#8772 = CARTESIAN_POINT('',(-99.,-5.400873841802,-3.165147981523));
#8773 = VECTOR('',#8774,1.);
#8774 = DIRECTION('',(1.,0.,0.));
#8775 = CYLINDRICAL_SURFACE('',#8776,7.);
#8776 = AXIS2_PLACEMENT_3D('',#8777,#8778,#8779);
#8777 = CARTESIAN_POINT('',(-99.,-12.,-5.5));
#8778 = DIRECTION('',(1.,0.,0.));
#8779 = DIRECTION('',(-0.,0.,1.));
#8780 = ADVANCED_FACE('',(#8781),#8792,.F.);
#8781 = FACE_BOUND('',#8782,.F.);
#8782 = EDGE_LOOP('',(#8783,#8784,#8790,#8791));
#8783 = ORIENTED_EDGE('',*,*,#3782,.F.);
#8784 = ORIENTED_EDGE('',*,*,#8785,.F.);
#8785 = EDGE_CURVE('',#4963,#3783,#8786,.T.);
#8786 = LINE('',#8787,#8788);
#8787 = CARTESIAN_POINT('',(-110.,-12.,-3.2));
#8788 = VECTOR('',#8789,1.);
#8789 = DIRECTION('',(1.,0.,0.));
#8790 = ORIENTED_EDGE('',*,*,#4962,.T.);
#8791 = ORIENTED_EDGE('',*,*,#8785,.T.);
#8792 = CYLINDRICAL_SURFACE('',#8793,2.3);
#8793 = AXIS2_PLACEMENT_3D('',#8794,#8795,#8796);
#8794 = CARTESIAN_POINT('',(-110.,-12.,-5.5));
#8795 = DIRECTION('',(1.,0.,0.));
#8796 = DIRECTION('',(-0.,0.,1.));
#8797 = ADVANCED_FACE('',(#8798),#8827,.T.);
#8798 = FACE_BOUND('',#8799,.T.);
#8799 = EDGE_LOOP('',(#8800,#8806,#8807,#8808,#8809,#8810,#8811,#8812,
    #8813,#8814,#8815,#8816,#8817,#8818,#8819,#8820,#8821,#8822,#8823,
    #8824,#8825,#8826));
#8800 = ORIENTED_EDGE('',*,*,#8801,.F.);
#8801 = EDGE_CURVE('',#5108,#5157,#8802,.T.);
#8802 = LINE('',#8803,#8804);
#8803 = CARTESIAN_POINT('',(-98.,220.,14.04));
#8804 = VECTOR('',#8805,1.);
#8805 = DIRECTION('',(1.,0.,0.));
#8806 = ORIENTED_EDGE('',*,*,#5107,.T.);
#8807 = ORIENTED_EDGE('',*,*,#5068,.T.);
#8808 = ORIENTED_EDGE('',*,*,#5141,.F.);
#8809 = ORIENTED_EDGE('',*,*,#4200,.F.);
#8810 = ORIENTED_EDGE('',*,*,#4178,.F.);
#8811 = ORIENTED_EDGE('',*,*,#4154,.F.);
#8812 = ORIENTED_EDGE('',*,*,#4130,.F.);
#8813 = ORIENTED_EDGE('',*,*,#4106,.F.);
#8814 = ORIENTED_EDGE('',*,*,#4082,.F.);
#8815 = ORIENTED_EDGE('',*,*,#4058,.F.);
#8816 = ORIENTED_EDGE('',*,*,#4034,.F.);
#8817 = ORIENTED_EDGE('',*,*,#4010,.F.);
#8818 = ORIENTED_EDGE('',*,*,#3977,.T.);
#8819 = ORIENTED_EDGE('',*,*,#3953,.T.);
#8820 = ORIENTED_EDGE('',*,*,#3929,.T.);
#8821 = ORIENTED_EDGE('',*,*,#3905,.T.);
#8822 = ORIENTED_EDGE('',*,*,#3881,.T.);
#8823 = ORIENTED_EDGE('',*,*,#3857,.T.);
#8824 = ORIENTED_EDGE('',*,*,#3833,.T.);
#8825 = ORIENTED_EDGE('',*,*,#3818,.T.);
#8826 = ORIENTED_EDGE('',*,*,#5164,.F.);
#8827 = PLANE('',#8828);
#8828 = AXIS2_PLACEMENT_3D('',#8829,#8830,#8831);
#8829 = CARTESIAN_POINT('',(-90.,220.,24.54));
#8830 = DIRECTION('',(0.,1.,0.));
#8831 = DIRECTION('',(0.,-0.,1.));
#8832 = ADVANCED_FACE('',(#8833),#8844,.T.);
#8833 = FACE_BOUND('',#8834,.T.);
#8834 = EDGE_LOOP('',(#8835,#8836,#8837,#8843));
#8835 = ORIENTED_EDGE('',*,*,#4979,.T.);
#8836 = ORIENTED_EDGE('',*,*,#5123,.T.);
#8837 = ORIENTED_EDGE('',*,*,#8838,.F.);
#8838 = EDGE_CURVE('',#5021,#5116,#8839,.T.);
#8839 = LINE('',#8840,#8841);
#8840 = CARTESIAN_POINT('',(-107.5,18.,14.04));
#8841 = VECTOR('',#8842,1.);
#8842 = DIRECTION('',(1.,0.,-0.));
#8843 = ORIENTED_EDGE('',*,*,#5020,.F.);
#8844 = PLANE('',#8845);
#8845 = AXIS2_PLACEMENT_3D('',#8846,#8847,#8848);
#8846 = CARTESIAN_POINT('',(-109.,18.,0.));
#8847 = DIRECTION('',(-0.,1.,0.));
#8848 = DIRECTION('',(0.,0.,1.));
#8849 = ADVANCED_FACE('',(#8850),#8865,.T.);
#8850 = FACE_BOUND('',#8851,.T.);
#8851 = EDGE_LOOP('',(#8852,#8853,#8854,#8855,#8861,#8862,#8863,#8864));
#8852 = ORIENTED_EDGE('',*,*,#5115,.T.);
#8853 = ORIENTED_EDGE('',*,*,#8801,.T.);
#8854 = ORIENTED_EDGE('',*,*,#5156,.F.);
#8855 = ORIENTED_EDGE('',*,*,#8856,.T.);
#8856 = EDGE_CURVE('',#5149,#8701,#8857,.T.);
#8857 = LINE('',#8858,#8859);
#8858 = CARTESIAN_POINT('',(-53.,224.815,14.04));
#8859 = VECTOR('',#8860,1.);
#8860 = DIRECTION('',(-1.,-0.,0.));
#8861 = ORIENTED_EDGE('',*,*,#8700,.F.);
#8862 = ORIENTED_EDGE('',*,*,#8731,.T.);
#8863 = ORIENTED_EDGE('',*,*,#5028,.F.);
#8864 = ORIENTED_EDGE('',*,*,#8838,.T.);
#8865 = PLANE('',#8866);
#8866 = AXIS2_PLACEMENT_3D('',#8867,#8868,#8869);
#8867 = CARTESIAN_POINT('',(3.515388226771E-15,164.84772245633,14.04));
#8868 = DIRECTION('',(0.,0.,1.));
#8869 = DIRECTION('',(1.,0.,-0.));
#8870 = ADVANCED_FACE('',(#8871),#8877,.F.);
#8871 = FACE_BOUND('',#8872,.F.);
#8872 = EDGE_LOOP('',(#8873,#8874,#8875,#8876));
#8873 = ORIENTED_EDGE('',*,*,#5050,.T.);
#8874 = ORIENTED_EDGE('',*,*,#5148,.F.);
#8875 = ORIENTED_EDGE('',*,*,#8856,.T.);
#8876 = ORIENTED_EDGE('',*,*,#8708,.F.);
#8877 = PLANE('',#8878);
#8878 = AXIS2_PLACEMENT_3D('',#8879,#8880,#8881);
#8879 = CARTESIAN_POINT('',(-106.,224.815,9.54));
#8880 = DIRECTION('',(-0.,1.,0.));
#8881 = DIRECTION('',(0.,0.,1.));
#8882 = ADVANCED_FACE('',(#8883),#8901,.T.);
#8883 = FACE_BOUND('',#8884,.T.);
#8884 = EDGE_LOOP('',(#8885,#8886,#8887,#8895));
#8885 = ORIENTED_EDGE('',*,*,#7232,.T.);
#8886 = ORIENTED_EDGE('',*,*,#5419,.T.);
#8887 = ORIENTED_EDGE('',*,*,#8888,.F.);
#8888 = EDGE_CURVE('',#8889,#5422,#8891,.T.);
#8889 = VERTEX_POINT('',#8890);
#8890 = CARTESIAN_POINT('',(78.740740740741,220.,28.373333333333));
#8891 = LINE('',#8892,#8893);
#8892 = CARTESIAN_POINT('',(78.740740740741,220.,28.373333333333));
#8893 = VECTOR('',#8894,1.);
#8894 = DIRECTION('',(-0.662709521533,0.,0.748876551956));
#8895 = ORIENTED_EDGE('',*,*,#8896,.F.);
#8896 = EDGE_CURVE('',#7233,#8889,#8897,.T.);
#8897 = LINE('',#8898,#8899);
#8898 = CARTESIAN_POINT('',(78.740740740741,24.,28.373333333333));
#8899 = VECTOR('',#8900,1.);
#8900 = DIRECTION('',(0.,1.,0.));
#8901 = PLANE('',#8902);
#8902 = AXIS2_PLACEMENT_3D('',#8903,#8904,#8905);
#8903 = CARTESIAN_POINT('',(78.494924554184,106.,28.651111111111));
#8904 = DIRECTION('',(-0.748876551956,-0.,-0.662709521533));
#8905 = DIRECTION('',(0.662709521533,0.,-0.748876551956));
#8906 = ADVANCED_FACE('',(#8907),#9046,.T.);
#8907 = FACE_BOUND('',#8908,.T.);
#8908 = EDGE_LOOP('',(#8909,#8919,#8925,#8926,#8927,#8935,#8943,#8951,
    #8959,#8967,#8975,#8983,#8991,#8999,#9007,#9015,#9023,#9031,#9037,
    #9038,#9039,#9040));
#8909 = ORIENTED_EDGE('',*,*,#8910,.F.);
#8910 = EDGE_CURVE('',#8911,#8913,#8915,.T.);
#8911 = VERTEX_POINT('',#8912);
#8912 = CARTESIAN_POINT('',(83.6,220.,14.04));
#8913 = VERTEX_POINT('',#8914);
#8914 = CARTESIAN_POINT('',(83.6,220.,35.04));
#8915 = LINE('',#8916,#8917);
#8916 = CARTESIAN_POINT('',(83.6,220.,14.04));
#8917 = VECTOR('',#8918,1.);
#8918 = DIRECTION('',(0.,0.,1.));
#8919 = ORIENTED_EDGE('',*,*,#8920,.F.);
#8920 = EDGE_CURVE('',#5469,#8911,#8921,.T.);
#8921 = LINE('',#8922,#8923);
#8922 = CARTESIAN_POINT('',(-8.,220.,14.04));
#8923 = VECTOR('',#8924,1.);
#8924 = DIRECTION('',(1.,0.,0.));
#8925 = ORIENTED_EDGE('',*,*,#5468,.F.);
#8926 = ORIENTED_EDGE('',*,*,#5533,.F.);
#8927 = ORIENTED_EDGE('',*,*,#8928,.F.);
#8928 = EDGE_CURVE('',#8929,#5526,#8931,.T.);
#8929 = VERTEX_POINT('',#8930);
#8930 = CARTESIAN_POINT('',(78.740740740741,220.,20.706666666667));
#8931 = LINE('',#8932,#8933);
#8932 = CARTESIAN_POINT('',(78.740740740741,220.,20.706666666667));
#8933 = VECTOR('',#8934,1.);
#8934 = DIRECTION('',(-0.662709521533,0.,-0.748876551956));
#8935 = ORIENTED_EDGE('',*,*,#8936,.F.);
#8936 = EDGE_CURVE('',#8937,#8929,#8939,.T.);
#8937 = VERTEX_POINT('',#8938);
#8938 = CARTESIAN_POINT('',(79.192866941015,220.,21.262222222222));
#8939 = LINE('',#8940,#8941);
#8940 = CARTESIAN_POINT('',(79.192866941015,220.,21.262222222222));
#8941 = VECTOR('',#8942,1.);
#8942 = DIRECTION('',(-0.631212461229,0.,-0.77560997208));
#8943 = ORIENTED_EDGE('',*,*,#8944,.F.);
#8944 = EDGE_CURVE('',#8945,#8937,#8947,.T.);
#8945 = VERTEX_POINT('',#8946);
#8946 = CARTESIAN_POINT('',(79.59231824417,220.,21.817777777778));
#8947 = LINE('',#8948,#8949);
#8948 = CARTESIAN_POINT('',(79.59231824417,220.,21.817777777778));
#8949 = VECTOR('',#8950,1.);
#8950 = DIRECTION('',(-0.583776486487,0.,-0.811914412869));
#8951 = ORIENTED_EDGE('',*,*,#8952,.F.);
#8952 = EDGE_CURVE('',#8953,#8945,#8955,.T.);
#8953 = VERTEX_POINT('',#8954);
#8954 = CARTESIAN_POINT('',(79.925925925926,220.,22.373333333333));
#8955 = LINE('',#8956,#8957);
#8956 = CARTESIAN_POINT('',(79.925925925926,220.,22.373333333333));
#8957 = VECTOR('',#8958,1.);
#8958 = DIRECTION('',(-0.514807016402,0.,-0.857306092282));
#8959 = ORIENTED_EDGE('',*,*,#8960,.F.);
#8960 = EDGE_CURVE('',#8961,#8953,#8963,.T.);
#8961 = VERTEX_POINT('',#8962);
#8962 = CARTESIAN_POINT('',(80.180521262003,220.,22.928888888889));
#8963 = LINE('',#8964,#8965);
#8964 = CARTESIAN_POINT('',(80.180521262003,220.,22.928888888889));
#8965 = VECTOR('',#8966,1.);
#8966 = DIRECTION('',(-0.416608335402,0.,-0.909086076713));
#8967 = ORIENTED_EDGE('',*,*,#8968,.F.);
#8968 = EDGE_CURVE('',#8969,#8961,#8971,.T.);
#8969 = VERTEX_POINT('',#8970);
#8970 = CARTESIAN_POINT('',(80.342935528121,220.,23.484444444444));
#8971 = LINE('',#8972,#8973);
#8972 = CARTESIAN_POINT('',(80.342935528121,220.,23.484444444444));
#8973 = VECTOR('',#8974,1.);
#8974 = DIRECTION('',(-0.280600582118,0.,-0.959824626333));
#8975 = ORIENTED_EDGE('',*,*,#8976,.F.);
#8976 = EDGE_CURVE('',#8977,#8969,#8979,.T.);
#8977 = VERTEX_POINT('',#8978);
#8978 = CARTESIAN_POINT('',(80.4,220.,24.04));
#8979 = LINE('',#8980,#8981);
#8980 = CARTESIAN_POINT('',(80.4,220.,24.04));
#8981 = VECTOR('',#8982,1.);
#8982 = DIRECTION('',(-0.102178442416,0.,-0.994766086025));
#8983 = ORIENTED_EDGE('',*,*,#8984,.T.);
#8984 = EDGE_CURVE('',#8977,#8985,#8987,.T.);
#8985 = VERTEX_POINT('',#8986);
#8986 = CARTESIAN_POINT('',(80.4,220.,25.04));
#8987 = LINE('',#8988,#8989);
#8988 = CARTESIAN_POINT('',(80.4,220.,14.04));
#8989 = VECTOR('',#8990,1.);
#8990 = DIRECTION('',(0.,0.,1.));
#8991 = ORIENTED_EDGE('',*,*,#8992,.T.);
#8992 = EDGE_CURVE('',#8985,#8993,#8995,.T.);
#8993 = VERTEX_POINT('',#8994);
#8994 = CARTESIAN_POINT('',(80.342935528121,220.,25.595555555556));
#8995 = LINE('',#8996,#8997);
#8996 = CARTESIAN_POINT('',(80.4,220.,25.04));
#8997 = VECTOR('',#8998,1.);
#8998 = DIRECTION('',(-0.102178442416,0.,0.994766086025));
#8999 = ORIENTED_EDGE('',*,*,#9000,.T.);
#9000 = EDGE_CURVE('',#8993,#9001,#9003,.T.);
#9001 = VERTEX_POINT('',#9002);
#9002 = CARTESIAN_POINT('',(80.180521262003,220.,26.151111111111));
#9003 = LINE('',#9004,#9005);
#9004 = CARTESIAN_POINT('',(80.342935528121,220.,25.595555555556));
#9005 = VECTOR('',#9006,1.);
#9006 = DIRECTION('',(-0.280600582118,0.,0.959824626333));
#9007 = ORIENTED_EDGE('',*,*,#9008,.T.);
#9008 = EDGE_CURVE('',#9001,#9009,#9011,.T.);
#9009 = VERTEX_POINT('',#9010);
#9010 = CARTESIAN_POINT('',(79.925925925926,220.,26.706666666667));
#9011 = LINE('',#9012,#9013);
#9012 = CARTESIAN_POINT('',(80.180521262003,220.,26.151111111111));
#9013 = VECTOR('',#9014,1.);
#9014 = DIRECTION('',(-0.416608335402,0.,0.909086076713));
#9015 = ORIENTED_EDGE('',*,*,#9016,.T.);
#9016 = EDGE_CURVE('',#9009,#9017,#9019,.T.);
#9017 = VERTEX_POINT('',#9018);
#9018 = CARTESIAN_POINT('',(79.59231824417,220.,27.262222222222));
#9019 = LINE('',#9020,#9021);
#9020 = CARTESIAN_POINT('',(79.925925925926,220.,26.706666666667));
#9021 = VECTOR('',#9022,1.);
#9022 = DIRECTION('',(-0.514807016402,0.,0.857306092282));
#9023 = ORIENTED_EDGE('',*,*,#9024,.T.);
#9024 = EDGE_CURVE('',#9017,#9025,#9027,.T.);
#9025 = VERTEX_POINT('',#9026);
#9026 = CARTESIAN_POINT('',(79.192866941015,220.,27.817777777778));
#9027 = LINE('',#9028,#9029);
#9028 = CARTESIAN_POINT('',(79.59231824417,220.,27.262222222222));
#9029 = VECTOR('',#9030,1.);
#9030 = DIRECTION('',(-0.583776486487,0.,0.811914412869));
#9031 = ORIENTED_EDGE('',*,*,#9032,.T.);
#9032 = EDGE_CURVE('',#9025,#8889,#9033,.T.);
#9033 = LINE('',#9034,#9035);
#9034 = CARTESIAN_POINT('',(79.192866941015,220.,27.817777777778));
#9035 = VECTOR('',#9036,1.);
#9036 = DIRECTION('',(-0.631212461229,0.,0.77560997208));
#9037 = ORIENTED_EDGE('',*,*,#8888,.T.);
#9038 = ORIENTED_EDGE('',*,*,#5445,.T.);
#9039 = ORIENTED_EDGE('',*,*,#5500,.F.);
#9040 = ORIENTED_EDGE('',*,*,#9041,.T.);
#9041 = EDGE_CURVE('',#5493,#8913,#9042,.T.);
#9042 = LINE('',#9043,#9044);
#9043 = CARTESIAN_POINT('',(-8.,220.,35.04));
#9044 = VECTOR('',#9045,1.);
#9045 = DIRECTION('',(1.,0.,0.));
#9046 = PLANE('',#9047);
#9047 = AXIS2_PLACEMENT_3D('',#9048,#9049,#9050);
#9048 = CARTESIAN_POINT('',(90.,220.,24.54));
#9049 = DIRECTION('',(0.,1.,0.));
#9050 = DIRECTION('',(0.,-0.,1.));
#9051 = ADVANCED_FACE('',(#9052),#9102,.T.);
#9052 = FACE_BOUND('',#9053,.T.);
#9053 = EDGE_LOOP('',(#9054,#9062,#9070,#9078,#9086,#9094,#9100,#9101));
#9054 = ORIENTED_EDGE('',*,*,#9055,.F.);
#9055 = EDGE_CURVE('',#9056,#8911,#9058,.T.);
#9056 = VERTEX_POINT('',#9057);
#9057 = CARTESIAN_POINT('',(83.6,18.,14.04));
#9058 = LINE('',#9059,#9060);
#9059 = CARTESIAN_POINT('',(83.6,-8.,14.04));
#9060 = VECTOR('',#9061,1.);
#9061 = DIRECTION('',(-0.,1.,0.));
#9062 = ORIENTED_EDGE('',*,*,#9063,.T.);
#9063 = EDGE_CURVE('',#9056,#9064,#9066,.T.);
#9064 = VERTEX_POINT('',#9065);
#9065 = CARTESIAN_POINT('',(96.4,18.,14.04));
#9066 = LINE('',#9067,#9068);
#9067 = CARTESIAN_POINT('',(72.5,18.,14.04));
#9068 = VECTOR('',#9069,1.);
#9069 = DIRECTION('',(1.,0.,-0.));
#9070 = ORIENTED_EDGE('',*,*,#9071,.T.);
#9071 = EDGE_CURVE('',#9064,#9072,#9074,.T.);
#9072 = VERTEX_POINT('',#9073);
#9073 = CARTESIAN_POINT('',(96.4,220.,14.04));
#9074 = LINE('',#9075,#9076);
#9075 = CARTESIAN_POINT('',(96.4,24.,14.04));
#9076 = VECTOR('',#9077,1.);
#9077 = DIRECTION('',(-0.,1.,0.));
#9078 = ORIENTED_EDGE('',*,*,#9079,.T.);
#9079 = EDGE_CURVE('',#9072,#9080,#9082,.T.);
#9080 = VERTEX_POINT('',#9081);
#9081 = CARTESIAN_POINT('',(102.8,220.,14.04));
#9082 = LINE('',#9083,#9084);
#9083 = CARTESIAN_POINT('',(-8.,220.,14.04));
#9084 = VECTOR('',#9085,1.);
#9085 = DIRECTION('',(1.,0.,0.));
#9086 = ORIENTED_EDGE('',*,*,#9087,.T.);
#9087 = EDGE_CURVE('',#9080,#9088,#9090,.T.);
#9088 = VERTEX_POINT('',#9089);
#9089 = CARTESIAN_POINT('',(102.8,224.815,14.04));
#9090 = LINE('',#9091,#9092);
#9091 = CARTESIAN_POINT('',(102.8,192.32386122816,14.04));
#9092 = VECTOR('',#9093,1.);
#9093 = DIRECTION('',(-0.,1.,0.));
#9094 = ORIENTED_EDGE('',*,*,#9095,.T.);
#9095 = EDGE_CURVE('',#9088,#5477,#9096,.T.);
#9096 = LINE('',#9097,#9098);
#9097 = CARTESIAN_POINT('',(37.,224.815,14.04));
#9098 = VECTOR('',#9099,1.);
#9099 = DIRECTION('',(-1.,-0.,0.));
#9100 = ORIENTED_EDGE('',*,*,#5476,.F.);
#9101 = ORIENTED_EDGE('',*,*,#8920,.T.);
#9102 = PLANE('',#9103);
#9103 = AXIS2_PLACEMENT_3D('',#9104,#9105,#9106);
#9104 = CARTESIAN_POINT('',(3.515388226771E-15,164.84772245633,14.04));
#9105 = DIRECTION('',(0.,0.,1.));
#9106 = DIRECTION('',(1.,0.,-0.));
#9107 = ADVANCED_FACE('',(#9108),#9126,.F.);
#9108 = FACE_BOUND('',#9109,.F.);
#9109 = EDGE_LOOP('',(#9110,#9118,#9124,#9125));
#9110 = ORIENTED_EDGE('',*,*,#9111,.T.);
#9111 = EDGE_CURVE('',#5485,#9112,#9114,.T.);
#9112 = VERTEX_POINT('',#9113);
#9113 = CARTESIAN_POINT('',(102.8,224.815,35.04));
#9114 = LINE('',#9115,#9116);
#9115 = CARTESIAN_POINT('',(37.,224.815,35.04));
#9116 = VECTOR('',#9117,1.);
#9117 = DIRECTION('',(1.,0.,-0.));
#9118 = ORIENTED_EDGE('',*,*,#9119,.T.);
#9119 = EDGE_CURVE('',#9112,#9088,#9120,.T.);
#9120 = LINE('',#9121,#9122);
#9121 = CARTESIAN_POINT('',(102.8,224.815,9.54));
#9122 = VECTOR('',#9123,1.);
#9123 = DIRECTION('',(-0.,0.,-1.));
#9124 = ORIENTED_EDGE('',*,*,#9095,.T.);
#9125 = ORIENTED_EDGE('',*,*,#5484,.F.);
#9126 = PLANE('',#9127);
#9127 = AXIS2_PLACEMENT_3D('',#9128,#9129,#9130);
#9128 = CARTESIAN_POINT('',(74.,224.815,9.54));
#9129 = DIRECTION('',(-0.,1.,0.));
#9130 = DIRECTION('',(0.,0.,1.));
#9131 = ADVANCED_FACE('',(#9132),#9166,.T.);
#9132 = FACE_BOUND('',#9133,.T.);
#9133 = EDGE_LOOP('',(#9134,#9135,#9141,#9142,#9143,#9144,#9152,#9160));
#9134 = ORIENTED_EDGE('',*,*,#7389,.F.);
#9135 = ORIENTED_EDGE('',*,*,#9136,.T.);
#9136 = EDGE_CURVE('',#7382,#8913,#9137,.T.);
#9137 = LINE('',#9138,#9139);
#9138 = CARTESIAN_POINT('',(83.6,24.,35.04));
#9139 = VECTOR('',#9140,1.);
#9140 = DIRECTION('',(-0.,1.,0.));
#9141 = ORIENTED_EDGE('',*,*,#9041,.F.);
#9142 = ORIENTED_EDGE('',*,*,#5492,.F.);
#9143 = ORIENTED_EDGE('',*,*,#9111,.T.);
#9144 = ORIENTED_EDGE('',*,*,#9145,.T.);
#9145 = EDGE_CURVE('',#9112,#9146,#9148,.T.);
#9146 = VERTEX_POINT('',#9147);
#9147 = CARTESIAN_POINT('',(102.8,220.,35.04));
#9148 = LINE('',#9149,#9150);
#9149 = CARTESIAN_POINT('',(102.8,180.00172362216,35.04));
#9150 = VECTOR('',#9151,1.);
#9151 = DIRECTION('',(0.,-1.,0.));
#9152 = ORIENTED_EDGE('',*,*,#9153,.F.);
#9153 = EDGE_CURVE('',#9154,#9146,#9156,.T.);
#9154 = VERTEX_POINT('',#9155);
#9155 = CARTESIAN_POINT('',(96.4,220.,35.04));
#9156 = LINE('',#9157,#9158);
#9157 = CARTESIAN_POINT('',(-8.,220.,35.04));
#9158 = VECTOR('',#9159,1.);
#9159 = DIRECTION('',(1.,0.,0.));
#9160 = ORIENTED_EDGE('',*,*,#9161,.F.);
#9161 = EDGE_CURVE('',#7390,#9154,#9162,.T.);
#9162 = LINE('',#9163,#9164);
#9163 = CARTESIAN_POINT('',(96.4,24.,35.04));
#9164 = VECTOR('',#9165,1.);
#9165 = DIRECTION('',(-0.,1.,0.));
#9166 = PLANE('',#9167);
#9167 = AXIS2_PLACEMENT_3D('',#9168,#9169,#9170);
#9168 = CARTESIAN_POINT('',(6.049719751932E-15,140.20344724433,35.04));
#9169 = DIRECTION('',(-0.,-0.,-1.));
#9170 = DIRECTION('',(-1.,0.,0.));
#9171 = ADVANCED_FACE('',(#9172),#9183,.T.);
#9172 = FACE_BOUND('',#9173,.T.);
#9173 = EDGE_LOOP('',(#9174,#9175,#9181,#9182));
#9174 = ORIENTED_EDGE('',*,*,#7344,.F.);
#9175 = ORIENTED_EDGE('',*,*,#9176,.T.);
#9176 = EDGE_CURVE('',#7337,#8929,#9177,.T.);
#9177 = LINE('',#9178,#9179);
#9178 = CARTESIAN_POINT('',(78.740740740741,24.,20.706666666667));
#9179 = VECTOR('',#9180,1.);
#9180 = DIRECTION('',(0.,1.,0.));
#9181 = ORIENTED_EDGE('',*,*,#8928,.T.);
#9182 = ORIENTED_EDGE('',*,*,#5525,.F.);
#9183 = PLANE('',#9184);
#9184 = AXIS2_PLACEMENT_3D('',#9185,#9186,#9187);
#9185 = CARTESIAN_POINT('',(78.494924554184,106.,20.428888888889));
#9186 = DIRECTION('',(-0.748876551956,-0.,0.662709521533));
#9187 = DIRECTION('',(-0.662709521533,0.,-0.748876551956));
#9188 = ADVANCED_FACE('',(#9189),#9204,.T.);
#9189 = FACE_BOUND('',#9190,.T.);
#9190 = EDGE_LOOP('',(#9191,#9192,#9193,#9194,#9195,#9201,#9202,#9203));
#9191 = ORIENTED_EDGE('',*,*,#6121,.F.);
#9192 = ORIENTED_EDGE('',*,*,#6147,.F.);
#9193 = ORIENTED_EDGE('',*,*,#6163,.F.);
#9194 = ORIENTED_EDGE('',*,*,#6005,.F.);
#9195 = ORIENTED_EDGE('',*,*,#9196,.T.);
#9196 = EDGE_CURVE('',#5998,#5768,#9197,.T.);
#9197 = LINE('',#9198,#9199);
#9198 = CARTESIAN_POINT('',(-72.2,220.5,15.6));
#9199 = VECTOR('',#9200,1.);
#9200 = DIRECTION('',(1.,0.,-0.));
#9201 = ORIENTED_EDGE('',*,*,#5767,.T.);
#9202 = ORIENTED_EDGE('',*,*,#6073,.F.);
#9203 = ORIENTED_EDGE('',*,*,#6099,.T.);
#9204 = PLANE('',#9205);
#9205 = AXIS2_PLACEMENT_3D('',#9206,#9207,#9208);
#9206 = CARTESIAN_POINT('',(-74.,220.5,14.04));
#9207 = DIRECTION('',(-0.,1.,0.));
#9208 = DIRECTION('',(0.,0.,1.));
#9209 = ADVANCED_FACE('',(#9210),#9221,.T.);
#9210 = FACE_BOUND('',#9211,.T.);
#9211 = EDGE_LOOP('',(#9212,#9213,#9219,#9220));
#9212 = ORIENTED_EDGE('',*,*,#5997,.F.);
#9213 = ORIENTED_EDGE('',*,*,#9214,.F.);
#9214 = EDGE_CURVE('',#5776,#5990,#9215,.T.);
#9215 = LINE('',#9216,#9217);
#9216 = CARTESIAN_POINT('',(-35.2,216.,15.6));
#9217 = VECTOR('',#9218,1.);
#9218 = DIRECTION('',(-1.,0.,0.));
#9219 = ORIENTED_EDGE('',*,*,#5775,.T.);
#9220 = ORIENTED_EDGE('',*,*,#9196,.F.);
#9221 = PLANE('',#9222);
#9222 = AXIS2_PLACEMENT_3D('',#9223,#9224,#9225);
#9223 = CARTESIAN_POINT('',(-70.4,214.315,15.6));
#9224 = DIRECTION('',(0.,0.,1.));
#9225 = DIRECTION('',(1.,0.,-0.));
#9226 = ADVANCED_FACE('',(#9227),#9237,.T.);
#9227 = FACE_BOUND('',#9228,.T.);
#9228 = EDGE_LOOP('',(#9229,#9230,#9231,#9232,#9233,#9234,#9235,#9236));
#9229 = ORIENTED_EDGE('',*,*,#5989,.F.);
#9230 = ORIENTED_EDGE('',*,*,#7649,.F.);
#9231 = ORIENTED_EDGE('',*,*,#7672,.F.);
#9232 = ORIENTED_EDGE('',*,*,#7743,.F.);
#9233 = ORIENTED_EDGE('',*,*,#8083,.T.);
#9234 = ORIENTED_EDGE('',*,*,#8108,.F.);
#9235 = ORIENTED_EDGE('',*,*,#5783,.T.);
#9236 = ORIENTED_EDGE('',*,*,#9214,.T.);
#9237 = PLANE('',#9238);
#9238 = AXIS2_PLACEMENT_3D('',#9239,#9240,#9241);
#9239 = CARTESIAN_POINT('',(0.,216.,24.54));
#9240 = DIRECTION('',(-0.,-1.,-0.));
#9241 = DIRECTION('',(0.,0.,-1.));
#9242 = ADVANCED_FACE('',(#9243),#9270,.T.);
#9243 = FACE_BOUND('',#9244,.T.);
#9244 = EDGE_LOOP('',(#9245,#9253,#9254,#9255,#9256,#9264));
#9245 = ORIENTED_EDGE('',*,*,#9246,.F.);
#9246 = EDGE_CURVE('',#6421,#9247,#9249,.T.);
#9247 = VERTEX_POINT('',#9248);
#9248 = CARTESIAN_POINT('',(102.26886145404,220.,19.595555555556));
#9249 = LINE('',#9250,#9251);
#9250 = CARTESIAN_POINT('',(102.26886145404,24.,19.595555555556));
#9251 = VECTOR('',#9252,1.);
#9252 = DIRECTION('',(0.,1.,0.));
#9253 = ORIENTED_EDGE('',*,*,#6420,.F.);
#9254 = ORIENTED_EDGE('',*,*,#7489,.T.);
#9255 = ORIENTED_EDGE('',*,*,#6202,.T.);
#9256 = ORIENTED_EDGE('',*,*,#9257,.T.);
#9257 = EDGE_CURVE('',#6205,#9258,#9260,.T.);
#9258 = VERTEX_POINT('',#9259);
#9259 = CARTESIAN_POINT('',(102.8,220.,19.04));
#9260 = LINE('',#9261,#9262);
#9261 = CARTESIAN_POINT('',(102.8,162.9,19.04));
#9262 = VECTOR('',#9263,1.);
#9263 = DIRECTION('',(-0.,1.,0.));
#9264 = ORIENTED_EDGE('',*,*,#9265,.F.);
#9265 = EDGE_CURVE('',#9247,#9258,#9266,.T.);
#9266 = LINE('',#9267,#9268);
#9267 = CARTESIAN_POINT('',(102.26886145404,220.,19.595555555556));
#9268 = VECTOR('',#9269,1.);
#9269 = DIRECTION('',(0.691044328918,0.,-0.722812379162));
#9270 = PLANE('',#9271);
#9271 = AXIS2_PLACEMENT_3D('',#9272,#9273,#9274);
#9272 = CARTESIAN_POINT('',(102.8,106.,19.04));
#9273 = DIRECTION('',(0.722812379162,0.,0.691044328918));
#9274 = DIRECTION('',(-0.691044328918,0.,0.722812379162));
#9275 = ADVANCED_FACE('',(#9276),#9287,.T.);
#9276 = FACE_BOUND('',#9277,.T.);
#9277 = EDGE_LOOP('',(#9278,#9279,#9285,#9286));
#9278 = ORIENTED_EDGE('',*,*,#6620,.F.);
#9279 = ORIENTED_EDGE('',*,*,#9280,.T.);
#9280 = EDGE_CURVE('',#6613,#6269,#9281,.T.);
#9281 = LINE('',#9282,#9283);
#9282 = CARTESIAN_POINT('',(105.780521262,24.,33.928888888889));
#9283 = VECTOR('',#9284,1.);
#9284 = DIRECTION('',(0.,1.,0.));
#9285 = ORIENTED_EDGE('',*,*,#6276,.T.);
#9286 = ORIENTED_EDGE('',*,*,#6362,.F.);
#9287 = PLANE('',#9288);
#9288 = AXIS2_PLACEMENT_3D('',#9289,#9290,#9291);
#9289 = CARTESIAN_POINT('',(105.86172839506,106.,34.206666666667));
#9290 = DIRECTION('',(0.959824626333,0.,-0.280600582118));
#9291 = DIRECTION('',(0.280600582118,0.,0.959824626333));
#9292 = ADVANCED_FACE('',(#9293),#9304,.T.);
#9293 = FACE_BOUND('',#9294,.T.);
#9294 = EDGE_LOOP('',(#9295,#9296,#9302,#9303));
#9295 = ORIENTED_EDGE('',*,*,#6612,.F.);
#9296 = ORIENTED_EDGE('',*,*,#9297,.T.);
#9297 = EDGE_CURVE('',#6605,#6261,#9298,.T.);
#9298 = LINE('',#9299,#9300);
#9299 = CARTESIAN_POINT('',(105.52592592592,24.,33.373333333333));
#9300 = VECTOR('',#9301,1.);
#9301 = DIRECTION('',(0.,1.,0.));
#9302 = ORIENTED_EDGE('',*,*,#6268,.T.);
#9303 = ORIENTED_EDGE('',*,*,#9280,.F.);
#9304 = PLANE('',#9305);
#9305 = AXIS2_PLACEMENT_3D('',#9306,#9307,#9308);
#9306 = CARTESIAN_POINT('',(105.65322359396,106.,33.651111111111));
#9307 = DIRECTION('',(0.909086076713,0.,-0.416608335402));
#9308 = DIRECTION('',(0.416608335402,0.,0.909086076713));
#9309 = ADVANCED_FACE('',(#9310),#9321,.T.);
#9310 = FACE_BOUND('',#9311,.T.);
#9311 = EDGE_LOOP('',(#9312,#9313,#9319,#9320));
#9312 = ORIENTED_EDGE('',*,*,#6604,.F.);
#9313 = ORIENTED_EDGE('',*,*,#9314,.T.);
#9314 = EDGE_CURVE('',#6597,#6253,#9315,.T.);
#9315 = LINE('',#9316,#9317);
#9316 = CARTESIAN_POINT('',(105.19231824417,24.,32.817777777778));
#9317 = VECTOR('',#9318,1.);
#9318 = DIRECTION('',(0.,1.,0.));
#9319 = ORIENTED_EDGE('',*,*,#6260,.T.);
#9320 = ORIENTED_EDGE('',*,*,#9297,.F.);
#9321 = PLANE('',#9322);
#9322 = AXIS2_PLACEMENT_3D('',#9323,#9324,#9325);
#9323 = CARTESIAN_POINT('',(105.35912208504,106.,33.095555555556));
#9324 = DIRECTION('',(0.857306092282,0.,-0.514807016402));
#9325 = DIRECTION('',(0.514807016402,0.,0.857306092282));
#9326 = ADVANCED_FACE('',(#9327),#9338,.T.);
#9327 = FACE_BOUND('',#9328,.T.);
#9328 = EDGE_LOOP('',(#9329,#9330,#9336,#9337));
#9329 = ORIENTED_EDGE('',*,*,#6596,.F.);
#9330 = ORIENTED_EDGE('',*,*,#9331,.T.);
#9331 = EDGE_CURVE('',#6589,#6245,#9332,.T.);
#9332 = LINE('',#9333,#9334);
#9333 = CARTESIAN_POINT('',(104.79286694101,24.,32.262222222222));
#9334 = VECTOR('',#9335,1.);
#9335 = DIRECTION('',(0.,1.,0.));
#9336 = ORIENTED_EDGE('',*,*,#6252,.T.);
#9337 = ORIENTED_EDGE('',*,*,#9314,.F.);
#9338 = PLANE('',#9339);
#9339 = AXIS2_PLACEMENT_3D('',#9340,#9341,#9342);
#9340 = CARTESIAN_POINT('',(104.99259259259,106.,32.54));
#9341 = DIRECTION('',(0.811914412869,0.,-0.583776486487));
#9342 = DIRECTION('',(0.583776486487,0.,0.811914412869));
#9343 = ADVANCED_FACE('',(#9344),#9355,.T.);
#9344 = FACE_BOUND('',#9345,.T.);
#9345 = EDGE_LOOP('',(#9346,#9347,#9353,#9354));
#9346 = ORIENTED_EDGE('',*,*,#6588,.F.);
#9347 = ORIENTED_EDGE('',*,*,#9348,.T.);
#9348 = EDGE_CURVE('',#6581,#6237,#9349,.T.);
#9349 = LINE('',#9350,#9351);
#9350 = CARTESIAN_POINT('',(104.34074074074,24.,31.706666666667));
#9351 = VECTOR('',#9352,1.);
#9352 = DIRECTION('',(0.,1.,0.));
#9353 = ORIENTED_EDGE('',*,*,#6244,.T.);
#9354 = ORIENTED_EDGE('',*,*,#9331,.F.);
#9355 = PLANE('',#9356);
#9356 = AXIS2_PLACEMENT_3D('',#9357,#9358,#9359);
#9357 = CARTESIAN_POINT('',(104.56680384087,106.,31.984444444444));
#9358 = DIRECTION('',(0.77560997208,0.,-0.631212461229));
#9359 = DIRECTION('',(0.631212461229,0.,0.77560997208));
#9360 = ADVANCED_FACE('',(#9361),#9372,.T.);
#9361 = FACE_BOUND('',#9362,.T.);
#9362 = EDGE_LOOP('',(#9363,#9364,#9370,#9371));
#9363 = ORIENTED_EDGE('',*,*,#6580,.F.);
#9364 = ORIENTED_EDGE('',*,*,#9365,.T.);
#9365 = EDGE_CURVE('',#6573,#6229,#9366,.T.);
#9366 = LINE('',#9367,#9368);
#9367 = CARTESIAN_POINT('',(103.84910836762,24.,31.151111111111));
#9368 = VECTOR('',#9369,1.);
#9369 = DIRECTION('',(0.,1.,0.));
#9370 = ORIENTED_EDGE('',*,*,#6236,.T.);
#9371 = ORIENTED_EDGE('',*,*,#9348,.F.);
#9372 = PLANE('',#9373);
#9373 = AXIS2_PLACEMENT_3D('',#9374,#9375,#9376);
#9374 = CARTESIAN_POINT('',(104.09492455418,106.,31.428888888889));
#9375 = DIRECTION('',(0.748876551956,0.,-0.662709521533));
#9376 = DIRECTION('',(0.662709521533,0.,0.748876551956));
#9377 = ADVANCED_FACE('',(#9378),#9389,.T.);
#9378 = FACE_BOUND('',#9379,.T.);
#9379 = EDGE_LOOP('',(#9380,#9381,#9387,#9388));
#9380 = ORIENTED_EDGE('',*,*,#6572,.F.);
#9381 = ORIENTED_EDGE('',*,*,#9382,.T.);
#9382 = EDGE_CURVE('',#6565,#6221,#9383,.T.);
#9383 = LINE('',#9384,#9385);
#9384 = CARTESIAN_POINT('',(103.33113854595,24.,30.595555555556));
#9385 = VECTOR('',#9386,1.);
#9386 = DIRECTION('',(0.,1.,0.));
#9387 = ORIENTED_EDGE('',*,*,#6228,.T.);
#9388 = ORIENTED_EDGE('',*,*,#9365,.F.);
#9389 = PLANE('',#9390);
#9390 = AXIS2_PLACEMENT_3D('',#9391,#9392,#9393);
#9391 = CARTESIAN_POINT('',(103.59012345679,106.,30.873333333333));
#9392 = DIRECTION('',(0.731415501199,0.,-0.681932082106));
#9393 = DIRECTION('',(0.681932082106,0.,0.731415501199));
#9394 = ADVANCED_FACE('',(#9395),#9422,.T.);
#9395 = FACE_BOUND('',#9396,.T.);
#9396 = EDGE_LOOP('',(#9397,#9398,#9406,#9414,#9420,#9421));
#9397 = ORIENTED_EDGE('',*,*,#6564,.F.);
#9398 = ORIENTED_EDGE('',*,*,#9399,.T.);
#9399 = EDGE_CURVE('',#6557,#9400,#9402,.T.);
#9400 = VERTEX_POINT('',#9401);
#9401 = CARTESIAN_POINT('',(102.26886145404,220.,29.484444444444));
#9402 = LINE('',#9403,#9404);
#9403 = CARTESIAN_POINT('',(102.26886145404,24.,29.484444444444));
#9404 = VECTOR('',#9405,1.);
#9405 = DIRECTION('',(0.,1.,0.));
#9406 = ORIENTED_EDGE('',*,*,#9407,.T.);
#9407 = EDGE_CURVE('',#9400,#9408,#9410,.T.);
#9408 = VERTEX_POINT('',#9409);
#9409 = CARTESIAN_POINT('',(102.8,220.,30.04));
#9410 = LINE('',#9411,#9412);
#9411 = CARTESIAN_POINT('',(102.8,220.,30.04));
#9412 = VECTOR('',#9413,1.);
#9413 = DIRECTION('',(0.691044328918,0.,0.722812379162));
#9414 = ORIENTED_EDGE('',*,*,#9415,.T.);
#9415 = EDGE_CURVE('',#9408,#6213,#9416,.T.);
#9416 = LINE('',#9417,#9418);
#9417 = CARTESIAN_POINT('',(102.8,162.9,30.04));
#9418 = VECTOR('',#9419,1.);
#9419 = DIRECTION('',(0.,-1.,0.));
#9420 = ORIENTED_EDGE('',*,*,#6220,.T.);
#9421 = ORIENTED_EDGE('',*,*,#9382,.F.);
#9422 = PLANE('',#9423);
#9423 = AXIS2_PLACEMENT_3D('',#9424,#9425,#9426);
#9424 = CARTESIAN_POINT('',(102.8,106.,30.04));
#9425 = DIRECTION('',(0.722812379162,0.,-0.691044328918));
#9426 = DIRECTION('',(0.691044328918,0.,0.722812379162));
#9427 = ADVANCED_FACE('',(#9428),#9448,.F.);
#9428 = FACE_BOUND('',#9429,.F.);
#9429 = EDGE_LOOP('',(#9430,#9431,#9432,#9438,#9439,#9440,#9441,#9447));
#9430 = ORIENTED_EDGE('',*,*,#6212,.F.);
#9431 = ORIENTED_EDGE('',*,*,#9257,.T.);
#9432 = ORIENTED_EDGE('',*,*,#9433,.T.);
#9433 = EDGE_CURVE('',#9258,#9080,#9434,.T.);
#9434 = LINE('',#9435,#9436);
#9435 = CARTESIAN_POINT('',(102.8,220.,17.04));
#9436 = VECTOR('',#9437,1.);
#9437 = DIRECTION('',(-0.,0.,-1.));
#9438 = ORIENTED_EDGE('',*,*,#9087,.T.);
#9439 = ORIENTED_EDGE('',*,*,#9119,.F.);
#9440 = ORIENTED_EDGE('',*,*,#9145,.T.);
#9441 = ORIENTED_EDGE('',*,*,#9442,.T.);
#9442 = EDGE_CURVE('',#9146,#9408,#9443,.T.);
#9443 = LINE('',#9444,#9445);
#9444 = CARTESIAN_POINT('',(102.8,220.,17.04));
#9445 = VECTOR('',#9446,1.);
#9446 = DIRECTION('',(-0.,0.,-1.));
#9447 = ORIENTED_EDGE('',*,*,#9415,.T.);
#9448 = PLANE('',#9449);
#9449 = AXIS2_PLACEMENT_3D('',#9450,#9451,#9452);
#9450 = CARTESIAN_POINT('',(102.8,219.8,9.54));
#9451 = DIRECTION('',(1.,0.,-0.));
#9452 = DIRECTION('',(0.,0.,1.));
#9453 = ADVANCED_FACE('',(#9454),#9497,.T.);
#9454 = FACE_BOUND('',#9455,.T.);
#9455 = EDGE_LOOP('',(#9456,#9466,#9474,#9482,#9488,#9489,#9490,#9491));
#9456 = ORIENTED_EDGE('',*,*,#9457,.F.);
#9457 = EDGE_CURVE('',#9458,#9460,#9462,.T.);
#9458 = VERTEX_POINT('',#9459);
#9459 = CARTESIAN_POINT('',(190.,8.,-42.));
#9460 = VERTEX_POINT('',#9461);
#9461 = CARTESIAN_POINT('',(190.,8.,7.));
#9462 = LINE('',#9463,#9464);
#9463 = CARTESIAN_POINT('',(190.,8.,-42.));
#9464 = VECTOR('',#9465,1.);
#9465 = DIRECTION('',(0.,0.,1.));
#9466 = ORIENTED_EDGE('',*,*,#9467,.T.);
#9467 = EDGE_CURVE('',#9458,#9468,#9470,.T.);
#9468 = VERTEX_POINT('',#9469);
#9469 = CARTESIAN_POINT('',(190.,12.,-42.));
#9470 = LINE('',#9471,#9472);
#9471 = CARTESIAN_POINT('',(190.,8.,-42.));
#9472 = VECTOR('',#9473,1.);
#9473 = DIRECTION('',(-0.,1.,0.));
#9474 = ORIENTED_EDGE('',*,*,#9475,.T.);
#9475 = EDGE_CURVE('',#9468,#9476,#9478,.T.);
#9476 = VERTEX_POINT('',#9477);
#9477 = CARTESIAN_POINT('',(190.,12.,7.));
#9478 = LINE('',#9479,#9480);
#9479 = CARTESIAN_POINT('',(190.,12.,-42.));
#9480 = VECTOR('',#9481,1.);
#9481 = DIRECTION('',(0.,0.,1.));
#9482 = ORIENTED_EDGE('',*,*,#9483,.T.);
#9483 = EDGE_CURVE('',#9476,#6379,#9484,.T.);
#9484 = LINE('',#9485,#9486);
#9485 = CARTESIAN_POINT('',(190.,0.,7.));
#9486 = VECTOR('',#9487,1.);
#9487 = DIRECTION('',(-0.,1.,0.));
#9488 = ORIENTED_EDGE('',*,*,#6378,.T.);
#9489 = ORIENTED_EDGE('',*,*,#6652,.F.);
#9490 = ORIENTED_EDGE('',*,*,#6676,.F.);
#9491 = ORIENTED_EDGE('',*,*,#9492,.T.);
#9492 = EDGE_CURVE('',#6669,#9460,#9493,.T.);
#9493 = LINE('',#9494,#9495);
#9494 = CARTESIAN_POINT('',(190.,0.,7.));
#9495 = VECTOR('',#9496,1.);
#9496 = DIRECTION('',(-0.,1.,0.));
#9497 = PLANE('',#9498);
#9498 = AXIS2_PLACEMENT_3D('',#9499,#9500,#9501);
#9499 = CARTESIAN_POINT('',(190.,10.,2.265818858561));
#9500 = DIRECTION('',(1.,0.,0.));
#9501 = DIRECTION('',(-0.,0.,1.));
#9502 = ADVANCED_FACE('',(#9503),#9521,.T.);
#9503 = FACE_BOUND('',#9504,.T.);
#9504 = EDGE_LOOP('',(#9505,#9506,#9514,#9520));
#9505 = ORIENTED_EDGE('',*,*,#6556,.F.);
#9506 = ORIENTED_EDGE('',*,*,#9507,.T.);
#9507 = EDGE_CURVE('',#6549,#9508,#9510,.T.);
#9508 = VERTEX_POINT('',#9509);
#9509 = CARTESIAN_POINT('',(101.75089163237,220.,28.928888888889));
#9510 = LINE('',#9511,#9512);
#9511 = CARTESIAN_POINT('',(101.75089163237,24.,28.928888888889));
#9512 = VECTOR('',#9513,1.);
#9513 = DIRECTION('',(0.,1.,0.));
#9514 = ORIENTED_EDGE('',*,*,#9515,.T.);
#9515 = EDGE_CURVE('',#9508,#9400,#9516,.T.);
#9516 = LINE('',#9517,#9518);
#9517 = CARTESIAN_POINT('',(101.75089163237,220.,28.928888888889));
#9518 = VECTOR('',#9519,1.);
#9519 = DIRECTION('',(0.681932082106,0.,0.731415501199));
#9520 = ORIENTED_EDGE('',*,*,#9399,.F.);
#9521 = PLANE('',#9522);
#9522 = AXIS2_PLACEMENT_3D('',#9523,#9524,#9525);
#9523 = CARTESIAN_POINT('',(102.00987654321,106.,29.206666666667));
#9524 = DIRECTION('',(0.731415501199,0.,-0.681932082106));
#9525 = DIRECTION('',(0.681932082106,0.,0.731415501199));
#9526 = ADVANCED_FACE('',(#9527),#9545,.T.);
#9527 = FACE_BOUND('',#9528,.T.);
#9528 = EDGE_LOOP('',(#9529,#9530,#9538,#9544));
#9529 = ORIENTED_EDGE('',*,*,#6548,.F.);
#9530 = ORIENTED_EDGE('',*,*,#9531,.T.);
#9531 = EDGE_CURVE('',#6541,#9532,#9534,.T.);
#9532 = VERTEX_POINT('',#9533);
#9533 = CARTESIAN_POINT('',(101.25925925925,220.,28.373333333333));
#9534 = LINE('',#9535,#9536);
#9535 = CARTESIAN_POINT('',(101.25925925925,24.,28.373333333333));
#9536 = VECTOR('',#9537,1.);
#9537 = DIRECTION('',(0.,1.,0.));
#9538 = ORIENTED_EDGE('',*,*,#9539,.T.);
#9539 = EDGE_CURVE('',#9532,#9508,#9540,.T.);
#9540 = LINE('',#9541,#9542);
#9541 = CARTESIAN_POINT('',(101.25925925925,220.,28.373333333333));
#9542 = VECTOR('',#9543,1.);
#9543 = DIRECTION('',(0.662709521533,0.,0.748876551956));
#9544 = ORIENTED_EDGE('',*,*,#9507,.F.);
#9545 = PLANE('',#9546);
#9546 = AXIS2_PLACEMENT_3D('',#9547,#9548,#9549);
#9547 = CARTESIAN_POINT('',(101.50507544581,106.,28.651111111111));
#9548 = DIRECTION('',(0.748876551956,0.,-0.662709521533));
#9549 = DIRECTION('',(0.662709521533,0.,0.748876551956));
#9550 = ADVANCED_FACE('',(#9551),#9569,.T.);
#9551 = FACE_BOUND('',#9552,.T.);
#9552 = EDGE_LOOP('',(#9553,#9554,#9562,#9568));
#9553 = ORIENTED_EDGE('',*,*,#6540,.F.);
#9554 = ORIENTED_EDGE('',*,*,#9555,.T.);
#9555 = EDGE_CURVE('',#6533,#9556,#9558,.T.);
#9556 = VERTEX_POINT('',#9557);
#9557 = CARTESIAN_POINT('',(100.80713305898,220.,27.817777777778));
#9558 = LINE('',#9559,#9560);
#9559 = CARTESIAN_POINT('',(100.80713305898,24.,27.817777777778));
#9560 = VECTOR('',#9561,1.);
#9561 = DIRECTION('',(0.,1.,0.));
#9562 = ORIENTED_EDGE('',*,*,#9563,.T.);
#9563 = EDGE_CURVE('',#9556,#9532,#9564,.T.);
#9564 = LINE('',#9565,#9566);
#9565 = CARTESIAN_POINT('',(100.80713305898,220.,27.817777777778));
#9566 = VECTOR('',#9567,1.);
#9567 = DIRECTION('',(0.631212461229,0.,0.77560997208));
#9568 = ORIENTED_EDGE('',*,*,#9531,.F.);
#9569 = PLANE('',#9570);
#9570 = AXIS2_PLACEMENT_3D('',#9571,#9572,#9573);
#9571 = CARTESIAN_POINT('',(101.03319615912,106.,28.095555555556));
#9572 = DIRECTION('',(0.77560997208,0.,-0.631212461229));
#9573 = DIRECTION('',(0.631212461229,0.,0.77560997208));
#9574 = ADVANCED_FACE('',(#9575),#9593,.T.);
#9575 = FACE_BOUND('',#9576,.T.);
#9576 = EDGE_LOOP('',(#9577,#9578,#9586,#9592));
#9577 = ORIENTED_EDGE('',*,*,#6532,.F.);
#9578 = ORIENTED_EDGE('',*,*,#9579,.T.);
#9579 = EDGE_CURVE('',#6525,#9580,#9582,.T.);
#9580 = VERTEX_POINT('',#9581);
#9581 = CARTESIAN_POINT('',(100.40768175583,220.,27.262222222222));
#9582 = LINE('',#9583,#9584);
#9583 = CARTESIAN_POINT('',(100.40768175583,24.,27.262222222222));
#9584 = VECTOR('',#9585,1.);
#9585 = DIRECTION('',(0.,1.,0.));
#9586 = ORIENTED_EDGE('',*,*,#9587,.T.);
#9587 = EDGE_CURVE('',#9580,#9556,#9588,.T.);
#9588 = LINE('',#9589,#9590);
#9589 = CARTESIAN_POINT('',(100.40768175583,220.,27.262222222222));
#9590 = VECTOR('',#9591,1.);
#9591 = DIRECTION('',(0.583776486487,0.,0.811914412869));
#9592 = ORIENTED_EDGE('',*,*,#9555,.F.);
#9593 = PLANE('',#9594);
#9594 = AXIS2_PLACEMENT_3D('',#9595,#9596,#9597);
#9595 = CARTESIAN_POINT('',(100.6074074074,106.,27.54));
#9596 = DIRECTION('',(0.811914412869,0.,-0.583776486487));
#9597 = DIRECTION('',(0.583776486487,0.,0.811914412869));
#9598 = ADVANCED_FACE('',(#9599),#9617,.T.);
#9599 = FACE_BOUND('',#9600,.T.);
#9600 = EDGE_LOOP('',(#9601,#9602,#9610,#9616));
#9601 = ORIENTED_EDGE('',*,*,#6524,.F.);
#9602 = ORIENTED_EDGE('',*,*,#9603,.T.);
#9603 = EDGE_CURVE('',#6517,#9604,#9606,.T.);
#9604 = VERTEX_POINT('',#9605);
#9605 = CARTESIAN_POINT('',(100.07407407407,220.,26.706666666667));
#9606 = LINE('',#9607,#9608);
#9607 = CARTESIAN_POINT('',(100.07407407407,24.,26.706666666667));
#9608 = VECTOR('',#9609,1.);
#9609 = DIRECTION('',(0.,1.,0.));
#9610 = ORIENTED_EDGE('',*,*,#9611,.T.);
#9611 = EDGE_CURVE('',#9604,#9580,#9612,.T.);
#9612 = LINE('',#9613,#9614);
#9613 = CARTESIAN_POINT('',(100.07407407407,220.,26.706666666667));
#9614 = VECTOR('',#9615,1.);
#9615 = DIRECTION('',(0.514807016402,0.,0.857306092282));
#9616 = ORIENTED_EDGE('',*,*,#9579,.F.);
#9617 = PLANE('',#9618);
#9618 = AXIS2_PLACEMENT_3D('',#9619,#9620,#9621);
#9619 = CARTESIAN_POINT('',(100.24087791495,106.,26.984444444444));
#9620 = DIRECTION('',(0.857306092282,0.,-0.514807016402));
#9621 = DIRECTION('',(0.514807016402,0.,0.857306092282));
#9622 = ADVANCED_FACE('',(#9623),#9641,.T.);
#9623 = FACE_BOUND('',#9624,.T.);
#9624 = EDGE_LOOP('',(#9625,#9626,#9634,#9640));
#9625 = ORIENTED_EDGE('',*,*,#6516,.F.);
#9626 = ORIENTED_EDGE('',*,*,#9627,.T.);
#9627 = EDGE_CURVE('',#6509,#9628,#9630,.T.);
#9628 = VERTEX_POINT('',#9629);
#9629 = CARTESIAN_POINT('',(99.819478737997,220.,26.151111111111));
#9630 = LINE('',#9631,#9632);
#9631 = CARTESIAN_POINT('',(99.819478737997,24.,26.151111111111));
#9632 = VECTOR('',#9633,1.);
#9633 = DIRECTION('',(0.,1.,0.));
#9634 = ORIENTED_EDGE('',*,*,#9635,.T.);
#9635 = EDGE_CURVE('',#9628,#9604,#9636,.T.);
#9636 = LINE('',#9637,#9638);
#9637 = CARTESIAN_POINT('',(99.819478737997,220.,26.151111111111));
#9638 = VECTOR('',#9639,1.);
#9639 = DIRECTION('',(0.416608335402,0.,0.909086076713));
#9640 = ORIENTED_EDGE('',*,*,#9603,.F.);
#9641 = PLANE('',#9642);
#9642 = AXIS2_PLACEMENT_3D('',#9643,#9644,#9645);
#9643 = CARTESIAN_POINT('',(99.946776406036,106.,26.428888888889));
#9644 = DIRECTION('',(0.909086076713,0.,-0.416608335402));
#9645 = DIRECTION('',(0.416608335402,0.,0.909086076713));
#9646 = ADVANCED_FACE('',(#9647),#9665,.T.);
#9647 = FACE_BOUND('',#9648,.T.);
#9648 = EDGE_LOOP('',(#9649,#9650,#9658,#9664));
#9649 = ORIENTED_EDGE('',*,*,#6508,.F.);
#9650 = ORIENTED_EDGE('',*,*,#9651,.T.);
#9651 = EDGE_CURVE('',#6501,#9652,#9654,.T.);
#9652 = VERTEX_POINT('',#9653);
#9653 = CARTESIAN_POINT('',(99.657064471879,220.,25.595555555556));
#9654 = LINE('',#9655,#9656);
#9655 = CARTESIAN_POINT('',(99.657064471879,24.,25.595555555556));
#9656 = VECTOR('',#9657,1.);
#9657 = DIRECTION('',(0.,1.,0.));
#9658 = ORIENTED_EDGE('',*,*,#9659,.T.);
#9659 = EDGE_CURVE('',#9652,#9628,#9660,.T.);
#9660 = LINE('',#9661,#9662);
#9661 = CARTESIAN_POINT('',(99.657064471879,220.,25.595555555556));
#9662 = VECTOR('',#9663,1.);
#9663 = DIRECTION('',(0.280600582118,0.,0.959824626333));
#9664 = ORIENTED_EDGE('',*,*,#9627,.F.);
#9665 = PLANE('',#9666);
#9666 = AXIS2_PLACEMENT_3D('',#9667,#9668,#9669);
#9667 = CARTESIAN_POINT('',(99.738271604938,106.,25.873333333333));
#9668 = DIRECTION('',(0.959824626333,0.,-0.280600582118));
#9669 = DIRECTION('',(0.280600582118,0.,0.959824626333));
#9670 = ADVANCED_FACE('',(#9671),#9689,.T.);
#9671 = FACE_BOUND('',#9672,.T.);
#9672 = EDGE_LOOP('',(#9673,#9674,#9682,#9688));
#9673 = ORIENTED_EDGE('',*,*,#6500,.F.);
#9674 = ORIENTED_EDGE('',*,*,#9675,.T.);
#9675 = EDGE_CURVE('',#6493,#9676,#9678,.T.);
#9676 = VERTEX_POINT('',#9677);
#9677 = CARTESIAN_POINT('',(99.6,220.,25.04));
#9678 = LINE('',#9679,#9680);
#9679 = CARTESIAN_POINT('',(99.6,24.,25.04));
#9680 = VECTOR('',#9681,1.);
#9681 = DIRECTION('',(0.,1.,0.));
#9682 = ORIENTED_EDGE('',*,*,#9683,.T.);
#9683 = EDGE_CURVE('',#9676,#9652,#9684,.T.);
#9684 = LINE('',#9685,#9686);
#9685 = CARTESIAN_POINT('',(99.6,220.,25.04));
#9686 = VECTOR('',#9687,1.);
#9687 = DIRECTION('',(0.102178442416,0.,0.994766086025));
#9688 = ORIENTED_EDGE('',*,*,#9651,.F.);
#9689 = PLANE('',#9690);
#9690 = AXIS2_PLACEMENT_3D('',#9691,#9692,#9693);
#9691 = CARTESIAN_POINT('',(99.62853223594,106.,25.317777777778));
#9692 = DIRECTION('',(0.994766086025,0.,-0.102178442416));
#9693 = DIRECTION('',(0.102178442416,0.,0.994766086025));
#9694 = ADVANCED_FACE('',(#9695),#9713,.T.);
#9695 = FACE_BOUND('',#9696,.T.);
#9696 = EDGE_LOOP('',(#9697,#9698,#9706,#9712));
#9697 = ORIENTED_EDGE('',*,*,#6492,.F.);
#9698 = ORIENTED_EDGE('',*,*,#9699,.T.);
#9699 = EDGE_CURVE('',#6485,#9700,#9702,.T.);
#9700 = VERTEX_POINT('',#9701);
#9701 = CARTESIAN_POINT('',(99.6,220.,24.04));
#9702 = LINE('',#9703,#9704);
#9703 = CARTESIAN_POINT('',(99.6,24.,24.04));
#9704 = VECTOR('',#9705,1.);
#9705 = DIRECTION('',(0.,1.,0.));
#9706 = ORIENTED_EDGE('',*,*,#9707,.T.);
#9707 = EDGE_CURVE('',#9700,#9676,#9708,.T.);
#9708 = LINE('',#9709,#9710);
#9709 = CARTESIAN_POINT('',(99.6,220.,14.04));
#9710 = VECTOR('',#9711,1.);
#9711 = DIRECTION('',(0.,0.,1.));
#9712 = ORIENTED_EDGE('',*,*,#9675,.F.);
#9713 = PLANE('',#9714);
#9714 = AXIS2_PLACEMENT_3D('',#9715,#9716,#9717);
#9715 = CARTESIAN_POINT('',(99.6,106.,24.54));
#9716 = DIRECTION('',(1.,0.,0.));
#9717 = DIRECTION('',(-0.,0.,1.));
#9718 = ADVANCED_FACE('',(#9719),#9737,.T.);
#9719 = FACE_BOUND('',#9720,.T.);
#9720 = EDGE_LOOP('',(#9721,#9722,#9723,#9731));
#9721 = ORIENTED_EDGE('',*,*,#9699,.F.);
#9722 = ORIENTED_EDGE('',*,*,#6484,.F.);
#9723 = ORIENTED_EDGE('',*,*,#9724,.T.);
#9724 = EDGE_CURVE('',#6477,#9725,#9727,.T.);
#9725 = VERTEX_POINT('',#9726);
#9726 = CARTESIAN_POINT('',(99.657064471879,220.,23.484444444444));
#9727 = LINE('',#9728,#9729);
#9728 = CARTESIAN_POINT('',(99.657064471879,24.,23.484444444444));
#9729 = VECTOR('',#9730,1.);
#9730 = DIRECTION('',(0.,1.,0.));
#9731 = ORIENTED_EDGE('',*,*,#9732,.F.);
#9732 = EDGE_CURVE('',#9700,#9725,#9733,.T.);
#9733 = LINE('',#9734,#9735);
#9734 = CARTESIAN_POINT('',(99.6,220.,24.04));
#9735 = VECTOR('',#9736,1.);
#9736 = DIRECTION('',(0.102178442416,0.,-0.994766086025));
#9737 = PLANE('',#9738);
#9738 = AXIS2_PLACEMENT_3D('',#9739,#9740,#9741);
#9739 = CARTESIAN_POINT('',(99.62853223594,106.,23.762222222222));
#9740 = DIRECTION('',(0.994766086025,0.,0.102178442416));
#9741 = DIRECTION('',(-0.102178442416,0.,0.994766086025));
#9742 = ADVANCED_FACE('',(#9743),#9761,.T.);
#9743 = FACE_BOUND('',#9744,.T.);
#9744 = EDGE_LOOP('',(#9745,#9746,#9747,#9755));
#9745 = ORIENTED_EDGE('',*,*,#9724,.F.);
#9746 = ORIENTED_EDGE('',*,*,#6476,.F.);
#9747 = ORIENTED_EDGE('',*,*,#9748,.T.);
#9748 = EDGE_CURVE('',#6469,#9749,#9751,.T.);
#9749 = VERTEX_POINT('',#9750);
#9750 = CARTESIAN_POINT('',(99.819478737997,220.,22.928888888889));
#9751 = LINE('',#9752,#9753);
#9752 = CARTESIAN_POINT('',(99.819478737997,24.,22.928888888889));
#9753 = VECTOR('',#9754,1.);
#9754 = DIRECTION('',(0.,1.,0.));
#9755 = ORIENTED_EDGE('',*,*,#9756,.F.);
#9756 = EDGE_CURVE('',#9725,#9749,#9757,.T.);
#9757 = LINE('',#9758,#9759);
#9758 = CARTESIAN_POINT('',(99.657064471879,220.,23.484444444444));
#9759 = VECTOR('',#9760,1.);
#9760 = DIRECTION('',(0.280600582118,0.,-0.959824626333));
#9761 = PLANE('',#9762);
#9762 = AXIS2_PLACEMENT_3D('',#9763,#9764,#9765);
#9763 = CARTESIAN_POINT('',(99.738271604938,106.,23.206666666667));
#9764 = DIRECTION('',(0.959824626333,0.,0.280600582118));
#9765 = DIRECTION('',(-0.280600582118,0.,0.959824626333));
#9766 = ADVANCED_FACE('',(#9767),#9785,.T.);
#9767 = FACE_BOUND('',#9768,.T.);
#9768 = EDGE_LOOP('',(#9769,#9770,#9771,#9779));
#9769 = ORIENTED_EDGE('',*,*,#9748,.F.);
#9770 = ORIENTED_EDGE('',*,*,#6468,.F.);
#9771 = ORIENTED_EDGE('',*,*,#9772,.T.);
#9772 = EDGE_CURVE('',#6461,#9773,#9775,.T.);
#9773 = VERTEX_POINT('',#9774);
#9774 = CARTESIAN_POINT('',(100.07407407407,220.,22.373333333333));
#9775 = LINE('',#9776,#9777);
#9776 = CARTESIAN_POINT('',(100.07407407407,24.,22.373333333333));
#9777 = VECTOR('',#9778,1.);
#9778 = DIRECTION('',(0.,1.,0.));
#9779 = ORIENTED_EDGE('',*,*,#9780,.F.);
#9780 = EDGE_CURVE('',#9749,#9773,#9781,.T.);
#9781 = LINE('',#9782,#9783);
#9782 = CARTESIAN_POINT('',(99.819478737997,220.,22.928888888889));
#9783 = VECTOR('',#9784,1.);
#9784 = DIRECTION('',(0.416608335402,0.,-0.909086076713));
#9785 = PLANE('',#9786);
#9786 = AXIS2_PLACEMENT_3D('',#9787,#9788,#9789);
#9787 = CARTESIAN_POINT('',(99.946776406036,106.,22.651111111111));
#9788 = DIRECTION('',(0.909086076713,0.,0.416608335402));
#9789 = DIRECTION('',(-0.416608335402,0.,0.909086076713));
#9790 = ADVANCED_FACE('',(#9791),#9809,.T.);
#9791 = FACE_BOUND('',#9792,.T.);
#9792 = EDGE_LOOP('',(#9793,#9794,#9795,#9803));
#9793 = ORIENTED_EDGE('',*,*,#9772,.F.);
#9794 = ORIENTED_EDGE('',*,*,#6460,.F.);
#9795 = ORIENTED_EDGE('',*,*,#9796,.T.);
#9796 = EDGE_CURVE('',#6453,#9797,#9799,.T.);
#9797 = VERTEX_POINT('',#9798);
#9798 = CARTESIAN_POINT('',(100.40768175583,220.,21.817777777778));
#9799 = LINE('',#9800,#9801);
#9800 = CARTESIAN_POINT('',(100.40768175583,24.,21.817777777778));
#9801 = VECTOR('',#9802,1.);
#9802 = DIRECTION('',(0.,1.,0.));
#9803 = ORIENTED_EDGE('',*,*,#9804,.F.);
#9804 = EDGE_CURVE('',#9773,#9797,#9805,.T.);
#9805 = LINE('',#9806,#9807);
#9806 = CARTESIAN_POINT('',(100.07407407407,220.,22.373333333333));
#9807 = VECTOR('',#9808,1.);
#9808 = DIRECTION('',(0.514807016402,0.,-0.857306092282));
#9809 = PLANE('',#9810);
#9810 = AXIS2_PLACEMENT_3D('',#9811,#9812,#9813);
#9811 = CARTESIAN_POINT('',(100.24087791495,106.,22.095555555556));
#9812 = DIRECTION('',(0.857306092282,0.,0.514807016402));
#9813 = DIRECTION('',(-0.514807016402,0.,0.857306092282));
#9814 = ADVANCED_FACE('',(#9815),#9833,.T.);
#9815 = FACE_BOUND('',#9816,.T.);
#9816 = EDGE_LOOP('',(#9817,#9818,#9819,#9827));
#9817 = ORIENTED_EDGE('',*,*,#9796,.F.);
#9818 = ORIENTED_EDGE('',*,*,#6452,.F.);
#9819 = ORIENTED_EDGE('',*,*,#9820,.T.);
#9820 = EDGE_CURVE('',#6445,#9821,#9823,.T.);
#9821 = VERTEX_POINT('',#9822);
#9822 = CARTESIAN_POINT('',(100.80713305898,220.,21.262222222222));
#9823 = LINE('',#9824,#9825);
#9824 = CARTESIAN_POINT('',(100.80713305898,24.,21.262222222222));
#9825 = VECTOR('',#9826,1.);
#9826 = DIRECTION('',(0.,1.,0.));
#9827 = ORIENTED_EDGE('',*,*,#9828,.F.);
#9828 = EDGE_CURVE('',#9797,#9821,#9829,.T.);
#9829 = LINE('',#9830,#9831);
#9830 = CARTESIAN_POINT('',(100.40768175583,220.,21.817777777778));
#9831 = VECTOR('',#9832,1.);
#9832 = DIRECTION('',(0.583776486487,0.,-0.811914412869));
#9833 = PLANE('',#9834);
#9834 = AXIS2_PLACEMENT_3D('',#9835,#9836,#9837);
#9835 = CARTESIAN_POINT('',(100.6074074074,106.,21.54));
#9836 = DIRECTION('',(0.811914412869,0.,0.583776486487));
#9837 = DIRECTION('',(-0.583776486487,0.,0.811914412869));
#9838 = ADVANCED_FACE('',(#9839),#9857,.T.);
#9839 = FACE_BOUND('',#9840,.T.);
#9840 = EDGE_LOOP('',(#9841,#9842,#9843,#9851));
#9841 = ORIENTED_EDGE('',*,*,#9820,.F.);
#9842 = ORIENTED_EDGE('',*,*,#6444,.F.);
#9843 = ORIENTED_EDGE('',*,*,#9844,.T.);
#9844 = EDGE_CURVE('',#6437,#9845,#9847,.T.);
#9845 = VERTEX_POINT('',#9846);
#9846 = CARTESIAN_POINT('',(101.25925925925,220.,20.706666666667));
#9847 = LINE('',#9848,#9849);
#9848 = CARTESIAN_POINT('',(101.25925925925,24.,20.706666666667));
#9849 = VECTOR('',#9850,1.);
#9850 = DIRECTION('',(0.,1.,0.));
#9851 = ORIENTED_EDGE('',*,*,#9852,.F.);
#9852 = EDGE_CURVE('',#9821,#9845,#9853,.T.);
#9853 = LINE('',#9854,#9855);
#9854 = CARTESIAN_POINT('',(100.80713305898,220.,21.262222222222));
#9855 = VECTOR('',#9856,1.);
#9856 = DIRECTION('',(0.631212461229,0.,-0.77560997208));
#9857 = PLANE('',#9858);
#9858 = AXIS2_PLACEMENT_3D('',#9859,#9860,#9861);
#9859 = CARTESIAN_POINT('',(101.03319615912,106.,20.984444444444));
#9860 = DIRECTION('',(0.77560997208,0.,0.631212461229));
#9861 = DIRECTION('',(-0.631212461229,0.,0.77560997208));
#9862 = ADVANCED_FACE('',(#9863),#9881,.T.);
#9863 = FACE_BOUND('',#9864,.T.);
#9864 = EDGE_LOOP('',(#9865,#9866,#9867,#9875));
#9865 = ORIENTED_EDGE('',*,*,#9844,.F.);
#9866 = ORIENTED_EDGE('',*,*,#6436,.F.);
#9867 = ORIENTED_EDGE('',*,*,#9868,.T.);
#9868 = EDGE_CURVE('',#6429,#9869,#9871,.T.);
#9869 = VERTEX_POINT('',#9870);
#9870 = CARTESIAN_POINT('',(101.75089163237,220.,20.151111111111));
#9871 = LINE('',#9872,#9873);
#9872 = CARTESIAN_POINT('',(101.75089163237,24.,20.151111111111));
#9873 = VECTOR('',#9874,1.);
#9874 = DIRECTION('',(0.,1.,0.));
#9875 = ORIENTED_EDGE('',*,*,#9876,.F.);
#9876 = EDGE_CURVE('',#9845,#9869,#9877,.T.);
#9877 = LINE('',#9878,#9879);
#9878 = CARTESIAN_POINT('',(101.25925925925,220.,20.706666666667));
#9879 = VECTOR('',#9880,1.);
#9880 = DIRECTION('',(0.662709521533,0.,-0.748876551956));
#9881 = PLANE('',#9882);
#9882 = AXIS2_PLACEMENT_3D('',#9883,#9884,#9885);
#9883 = CARTESIAN_POINT('',(101.50507544581,106.,20.428888888889));
#9884 = DIRECTION('',(0.748876551956,0.,0.662709521533));
#9885 = DIRECTION('',(-0.662709521533,0.,0.748876551956));
#9886 = ADVANCED_FACE('',(#9887),#9898,.T.);
#9887 = FACE_BOUND('',#9888,.T.);
#9888 = EDGE_LOOP('',(#9889,#9890,#9891,#9892));
#9889 = ORIENTED_EDGE('',*,*,#9868,.F.);
#9890 = ORIENTED_EDGE('',*,*,#6428,.F.);
#9891 = ORIENTED_EDGE('',*,*,#9246,.T.);
#9892 = ORIENTED_EDGE('',*,*,#9893,.F.);
#9893 = EDGE_CURVE('',#9869,#9247,#9894,.T.);
#9894 = LINE('',#9895,#9896);
#9895 = CARTESIAN_POINT('',(101.75089163237,220.,20.151111111111));
#9896 = VECTOR('',#9897,1.);
#9897 = DIRECTION('',(0.681932082106,0.,-0.731415501199));
#9898 = PLANE('',#9899);
#9899 = AXIS2_PLACEMENT_3D('',#9900,#9901,#9902);
#9900 = CARTESIAN_POINT('',(102.00987654321,106.,19.873333333333));
#9901 = DIRECTION('',(0.731415501199,0.,0.681932082106));
#9902 = DIRECTION('',(-0.681932082106,0.,0.731415501199));
#9903 = ADVANCED_FACE('',(#9904),#9947,.T.);
#9904 = FACE_BOUND('',#9905,.T.);
#9905 = EDGE_LOOP('',(#9906,#9916,#9922,#9923,#9924,#9925,#9933,#9941));
#9906 = ORIENTED_EDGE('',*,*,#9907,.T.);
#9907 = EDGE_CURVE('',#9908,#9910,#9912,.T.);
#9908 = VERTEX_POINT('',#9909);
#9909 = CARTESIAN_POINT('',(140.,8.,-42.));
#9910 = VERTEX_POINT('',#9911);
#9911 = CARTESIAN_POINT('',(140.,8.,7.));
#9912 = LINE('',#9913,#9914);
#9913 = CARTESIAN_POINT('',(140.,8.,-42.));
#9914 = VECTOR('',#9915,1.);
#9915 = DIRECTION('',(0.,0.,1.));
#9916 = ORIENTED_EDGE('',*,*,#9917,.F.);
#9917 = EDGE_CURVE('',#6667,#9910,#9918,.T.);
#9918 = LINE('',#9919,#9920);
#9919 = CARTESIAN_POINT('',(140.,0.,7.));
#9920 = VECTOR('',#9921,1.);
#9921 = DIRECTION('',(-0.,1.,0.));
#9922 = ORIENTED_EDGE('',*,*,#6924,.T.);
#9923 = ORIENTED_EDGE('',*,*,#7475,.F.);
#9924 = ORIENTED_EDGE('',*,*,#6396,.F.);
#9925 = ORIENTED_EDGE('',*,*,#9926,.F.);
#9926 = EDGE_CURVE('',#9927,#6389,#9929,.T.);
#9927 = VERTEX_POINT('',#9928);
#9928 = CARTESIAN_POINT('',(140.,12.,7.));
#9929 = LINE('',#9930,#9931);
#9930 = CARTESIAN_POINT('',(140.,0.,7.));
#9931 = VECTOR('',#9932,1.);
#9932 = DIRECTION('',(-0.,1.,0.));
#9933 = ORIENTED_EDGE('',*,*,#9934,.F.);
#9934 = EDGE_CURVE('',#9935,#9927,#9937,.T.);
#9935 = VERTEX_POINT('',#9936);
#9936 = CARTESIAN_POINT('',(140.,12.,-42.));
#9937 = LINE('',#9938,#9939);
#9938 = CARTESIAN_POINT('',(140.,12.,-42.));
#9939 = VECTOR('',#9940,1.);
#9940 = DIRECTION('',(0.,0.,1.));
#9941 = ORIENTED_EDGE('',*,*,#9942,.F.);
#9942 = EDGE_CURVE('',#9908,#9935,#9943,.T.);
#9943 = LINE('',#9944,#9945);
#9944 = CARTESIAN_POINT('',(140.,8.,-42.));
#9945 = VECTOR('',#9946,1.);
#9946 = DIRECTION('',(-0.,1.,0.));
#9947 = PLANE('',#9948);
#9948 = AXIS2_PLACEMENT_3D('',#9949,#9950,#9951);
#9949 = CARTESIAN_POINT('',(140.,10.,-7.1));
#9950 = DIRECTION('',(-1.,-0.,-0.));
#9951 = DIRECTION('',(0.,0.,-1.));
#9952 = ADVANCED_FACE('',(#9953),#9964,.F.);
#9953 = FACE_BOUND('',#9954,.F.);
#9954 = EDGE_LOOP('',(#9955,#9956,#9962,#9963));
#9955 = ORIENTED_EDGE('',*,*,#9926,.F.);
#9956 = ORIENTED_EDGE('',*,*,#9957,.T.);
#9957 = EDGE_CURVE('',#9927,#9476,#9958,.T.);
#9958 = LINE('',#9959,#9960);
#9959 = CARTESIAN_POINT('',(140.,12.,7.));
#9960 = VECTOR('',#9961,1.);
#9961 = DIRECTION('',(1.,0.,-0.));
#9962 = ORIENTED_EDGE('',*,*,#9483,.T.);
#9963 = ORIENTED_EDGE('',*,*,#6388,.F.);
#9964 = PLANE('',#9965);
#9965 = AXIS2_PLACEMENT_3D('',#9966,#9967,#9968);
#9966 = CARTESIAN_POINT('',(140.,0.,7.));
#9967 = DIRECTION('',(0.,0.,1.));
#9968 = DIRECTION('',(1.,0.,-0.));
#9969 = ADVANCED_FACE('',(#9970),#9981,.F.);
#9970 = FACE_BOUND('',#9971,.F.);
#9971 = EDGE_LOOP('',(#9972,#9973,#9974,#9975));
#9972 = ORIENTED_EDGE('',*,*,#9917,.F.);
#9973 = ORIENTED_EDGE('',*,*,#6666,.T.);
#9974 = ORIENTED_EDGE('',*,*,#9492,.T.);
#9975 = ORIENTED_EDGE('',*,*,#9976,.F.);
#9976 = EDGE_CURVE('',#9910,#9460,#9977,.T.);
#9977 = LINE('',#9978,#9979);
#9978 = CARTESIAN_POINT('',(140.,8.,7.));
#9979 = VECTOR('',#9980,1.);
#9980 = DIRECTION('',(1.,0.,-0.));
#9981 = PLANE('',#9982);
#9982 = AXIS2_PLACEMENT_3D('',#9983,#9984,#9985);
#9983 = CARTESIAN_POINT('',(140.,0.,7.));
#9984 = DIRECTION('',(0.,0.,1.));
#9985 = DIRECTION('',(1.,0.,-0.));
#9986 = ADVANCED_FACE('',(#9987),#9998,.T.);
#9987 = FACE_BOUND('',#9988,.T.);
#9988 = EDGE_LOOP('',(#9989,#9990,#9996,#9997));
#9989 = ORIENTED_EDGE('',*,*,#6908,.F.);
#9990 = ORIENTED_EDGE('',*,*,#9991,.T.);
#9991 = EDGE_CURVE('',#6901,#6997,#9992,.T.);
#9992 = LINE('',#9993,#9994);
#9993 = CARTESIAN_POINT('',(103.78280823045,-8.,18.));
#9994 = VECTOR('',#9995,1.);
#9995 = DIRECTION('',(-0.,-1.,0.));
#9996 = ORIENTED_EDGE('',*,*,#6996,.T.);
#9997 = ORIENTED_EDGE('',*,*,#7411,.T.);
#9998 = PLANE('',#9999);
#9999 = AXIS2_PLACEMENT_3D('',#10000,#10001,#10002);
#10000 = CARTESIAN_POINT('',(71.,-8.,18.));
#10001 = DIRECTION('',(0.,0.,1.));
#10002 = DIRECTION('',(1.,0.,-0.));
#10003 = ADVANCED_FACE('',(#10004),#10015,.T.);
#10004 = FACE_BOUND('',#10005,.T.);
#10005 = EDGE_LOOP('',(#10006,#10012,#10013,#10014));
#10006 = ORIENTED_EDGE('',*,*,#10007,.F.);
#10007 = EDGE_CURVE('',#7005,#6893,#10008,.T.);
#10008 = LINE('',#10009,#10010);
#10009 = CARTESIAN_POINT('',(103.33113854595,24.,18.484444444444));
#10010 = VECTOR('',#10011,1.);
#10011 = DIRECTION('',(0.,1.,0.));
#10012 = ORIENTED_EDGE('',*,*,#7004,.T.);
#10013 = ORIENTED_EDGE('',*,*,#9991,.F.);
#10014 = ORIENTED_EDGE('',*,*,#6900,.F.);
#10015 = PLANE('',#10016);
#10016 = AXIS2_PLACEMENT_3D('',#10017,#10018,#10019);
#10017 = CARTESIAN_POINT('',(103.58635573764,106.0055250651,
    18.210707784929));
#10018 = DIRECTION('',(0.731415501199,0.,0.681932082106));
#10019 = DIRECTION('',(-0.681932082106,0.,0.731415501199));
#10020 = ADVANCED_FACE('',(#10021),#10032,.T.);
#10021 = FACE_BOUND('',#10022,.T.);
#10022 = EDGE_LOOP('',(#10023,#10029,#10030,#10031));
#10023 = ORIENTED_EDGE('',*,*,#10024,.F.);
#10024 = EDGE_CURVE('',#7013,#6885,#10025,.T.);
#10025 = LINE('',#10026,#10027);
#10026 = CARTESIAN_POINT('',(102.26886145404,24.,19.595555555556));
#10027 = VECTOR('',#10028,1.);
#10028 = DIRECTION('',(0.,1.,0.));
#10029 = ORIENTED_EDGE('',*,*,#7012,.T.);
#10030 = ORIENTED_EDGE('',*,*,#10007,.T.);
#10031 = ORIENTED_EDGE('',*,*,#6892,.F.);
#10032 = PLANE('',#10033);
#10033 = AXIS2_PLACEMENT_3D('',#10034,#10035,#10036);
#10034 = CARTESIAN_POINT('',(102.8,106.,19.04));
#10035 = DIRECTION('',(0.722812379162,0.,0.691044328918));
#10036 = DIRECTION('',(-0.691044328918,0.,0.722812379162));
#10037 = ADVANCED_FACE('',(#10038),#10049,.T.);
#10038 = FACE_BOUND('',#10039,.T.);
#10039 = EDGE_LOOP('',(#10040,#10046,#10047,#10048));
#10040 = ORIENTED_EDGE('',*,*,#10041,.F.);
#10041 = EDGE_CURVE('',#7021,#6877,#10042,.T.);
#10042 = LINE('',#10043,#10044);
#10043 = CARTESIAN_POINT('',(101.75089163237,24.,20.151111111111));
#10044 = VECTOR('',#10045,1.);
#10045 = DIRECTION('',(0.,1.,0.));
#10046 = ORIENTED_EDGE('',*,*,#7020,.T.);
#10047 = ORIENTED_EDGE('',*,*,#10024,.T.);
#10048 = ORIENTED_EDGE('',*,*,#6884,.F.);
#10049 = PLANE('',#10050);
#10050 = AXIS2_PLACEMENT_3D('',#10051,#10052,#10053);
#10051 = CARTESIAN_POINT('',(102.00987654321,106.,19.873333333333));
#10052 = DIRECTION('',(0.731415501199,0.,0.681932082106));
#10053 = DIRECTION('',(-0.681932082106,0.,0.731415501199));
#10054 = ADVANCED_FACE('',(#10055),#10066,.T.);
#10055 = FACE_BOUND('',#10056,.T.);
#10056 = EDGE_LOOP('',(#10057,#10063,#10064,#10065));
#10057 = ORIENTED_EDGE('',*,*,#10058,.F.);
#10058 = EDGE_CURVE('',#7029,#6869,#10059,.T.);
#10059 = LINE('',#10060,#10061);
#10060 = CARTESIAN_POINT('',(101.25925925925,24.,20.706666666667));
#10061 = VECTOR('',#10062,1.);
#10062 = DIRECTION('',(0.,1.,0.));
#10063 = ORIENTED_EDGE('',*,*,#7028,.T.);
#10064 = ORIENTED_EDGE('',*,*,#10041,.T.);
#10065 = ORIENTED_EDGE('',*,*,#6876,.F.);
#10066 = PLANE('',#10067);
#10067 = AXIS2_PLACEMENT_3D('',#10068,#10069,#10070);
#10068 = CARTESIAN_POINT('',(101.50507544581,106.,20.428888888889));
#10069 = DIRECTION('',(0.748876551956,0.,0.662709521533));
#10070 = DIRECTION('',(-0.662709521533,0.,0.748876551956));
#10071 = ADVANCED_FACE('',(#10072),#10083,.T.);
#10072 = FACE_BOUND('',#10073,.T.);
#10073 = EDGE_LOOP('',(#10074,#10080,#10081,#10082));
#10074 = ORIENTED_EDGE('',*,*,#10075,.F.);
#10075 = EDGE_CURVE('',#7037,#6861,#10076,.T.);
#10076 = LINE('',#10077,#10078);
#10077 = CARTESIAN_POINT('',(100.80713305898,24.,21.262222222222));
#10078 = VECTOR('',#10079,1.);
#10079 = DIRECTION('',(0.,1.,0.));
#10080 = ORIENTED_EDGE('',*,*,#7036,.T.);
#10081 = ORIENTED_EDGE('',*,*,#10058,.T.);
#10082 = ORIENTED_EDGE('',*,*,#6868,.F.);
#10083 = PLANE('',#10084);
#10084 = AXIS2_PLACEMENT_3D('',#10085,#10086,#10087);
#10085 = CARTESIAN_POINT('',(101.03319615912,106.,20.984444444444));
#10086 = DIRECTION('',(0.77560997208,0.,0.631212461229));
#10087 = DIRECTION('',(-0.631212461229,0.,0.77560997208));
#10088 = ADVANCED_FACE('',(#10089),#10100,.T.);
#10089 = FACE_BOUND('',#10090,.T.);
#10090 = EDGE_LOOP('',(#10091,#10097,#10098,#10099));
#10091 = ORIENTED_EDGE('',*,*,#10092,.F.);
#10092 = EDGE_CURVE('',#7045,#6853,#10093,.T.);
#10093 = LINE('',#10094,#10095);
#10094 = CARTESIAN_POINT('',(100.40768175583,24.,21.817777777778));
#10095 = VECTOR('',#10096,1.);
#10096 = DIRECTION('',(0.,1.,0.));
#10097 = ORIENTED_EDGE('',*,*,#7044,.T.);
#10098 = ORIENTED_EDGE('',*,*,#10075,.T.);
#10099 = ORIENTED_EDGE('',*,*,#6860,.F.);
#10100 = PLANE('',#10101);
#10101 = AXIS2_PLACEMENT_3D('',#10102,#10103,#10104);
#10102 = CARTESIAN_POINT('',(100.6074074074,106.,21.54));
#10103 = DIRECTION('',(0.811914412869,0.,0.583776486487));
#10104 = DIRECTION('',(-0.583776486487,0.,0.811914412869));
#10105 = ADVANCED_FACE('',(#10106),#10117,.T.);
#10106 = FACE_BOUND('',#10107,.T.);
#10107 = EDGE_LOOP('',(#10108,#10114,#10115,#10116));
#10108 = ORIENTED_EDGE('',*,*,#10109,.F.);
#10109 = EDGE_CURVE('',#7053,#6845,#10110,.T.);
#10110 = LINE('',#10111,#10112);
#10111 = CARTESIAN_POINT('',(100.07407407407,24.,22.373333333333));
#10112 = VECTOR('',#10113,1.);
#10113 = DIRECTION('',(0.,1.,0.));
#10114 = ORIENTED_EDGE('',*,*,#7052,.T.);
#10115 = ORIENTED_EDGE('',*,*,#10092,.T.);
#10116 = ORIENTED_EDGE('',*,*,#6852,.F.);
#10117 = PLANE('',#10118);
#10118 = AXIS2_PLACEMENT_3D('',#10119,#10120,#10121);
#10119 = CARTESIAN_POINT('',(100.24087791495,106.,22.095555555556));
#10120 = DIRECTION('',(0.857306092282,0.,0.514807016402));
#10121 = DIRECTION('',(-0.514807016402,0.,0.857306092282));
#10122 = ADVANCED_FACE('',(#10123),#10134,.T.);
#10123 = FACE_BOUND('',#10124,.T.);
#10124 = EDGE_LOOP('',(#10125,#10131,#10132,#10133));
#10125 = ORIENTED_EDGE('',*,*,#10126,.F.);
#10126 = EDGE_CURVE('',#7061,#6837,#10127,.T.);
#10127 = LINE('',#10128,#10129);
#10128 = CARTESIAN_POINT('',(99.819478737997,24.,22.928888888889));
#10129 = VECTOR('',#10130,1.);
#10130 = DIRECTION('',(0.,1.,0.));
#10131 = ORIENTED_EDGE('',*,*,#7060,.T.);
#10132 = ORIENTED_EDGE('',*,*,#10109,.T.);
#10133 = ORIENTED_EDGE('',*,*,#6844,.F.);
#10134 = PLANE('',#10135);
#10135 = AXIS2_PLACEMENT_3D('',#10136,#10137,#10138);
#10136 = CARTESIAN_POINT('',(99.946776406036,106.,22.651111111111));
#10137 = DIRECTION('',(0.909086076713,0.,0.416608335402));
#10138 = DIRECTION('',(-0.416608335402,0.,0.909086076713));
#10139 = ADVANCED_FACE('',(#10140),#10151,.T.);
#10140 = FACE_BOUND('',#10141,.T.);
#10141 = EDGE_LOOP('',(#10142,#10148,#10149,#10150));
#10142 = ORIENTED_EDGE('',*,*,#10143,.F.);
#10143 = EDGE_CURVE('',#7069,#6829,#10144,.T.);
#10144 = LINE('',#10145,#10146);
#10145 = CARTESIAN_POINT('',(99.657064471879,24.,23.484444444444));
#10146 = VECTOR('',#10147,1.);
#10147 = DIRECTION('',(0.,1.,0.));
#10148 = ORIENTED_EDGE('',*,*,#7068,.T.);
#10149 = ORIENTED_EDGE('',*,*,#10126,.T.);
#10150 = ORIENTED_EDGE('',*,*,#6836,.F.);
#10151 = PLANE('',#10152);
#10152 = AXIS2_PLACEMENT_3D('',#10153,#10154,#10155);
#10153 = CARTESIAN_POINT('',(99.738271604938,106.,23.206666666667));
#10154 = DIRECTION('',(0.959824626333,0.,0.280600582118));
#10155 = DIRECTION('',(-0.280600582118,0.,0.959824626333));
#10156 = ADVANCED_FACE('',(#10157),#10168,.T.);
#10157 = FACE_BOUND('',#10158,.T.);
#10158 = EDGE_LOOP('',(#10159,#10165,#10166,#10167));
#10159 = ORIENTED_EDGE('',*,*,#10160,.F.);
#10160 = EDGE_CURVE('',#7077,#6821,#10161,.T.);
#10161 = LINE('',#10162,#10163);
#10162 = CARTESIAN_POINT('',(99.6,24.,24.04));
#10163 = VECTOR('',#10164,1.);
#10164 = DIRECTION('',(0.,1.,0.));
#10165 = ORIENTED_EDGE('',*,*,#7076,.T.);
#10166 = ORIENTED_EDGE('',*,*,#10143,.T.);
#10167 = ORIENTED_EDGE('',*,*,#6828,.F.);
#10168 = PLANE('',#10169);
#10169 = AXIS2_PLACEMENT_3D('',#10170,#10171,#10172);
#10170 = CARTESIAN_POINT('',(99.62853223594,106.,23.762222222222));
#10171 = DIRECTION('',(0.994766086025,0.,0.102178442416));
#10172 = DIRECTION('',(-0.102178442416,0.,0.994766086025));
#10173 = ADVANCED_FACE('',(#10174),#10185,.T.);
#10174 = FACE_BOUND('',#10175,.T.);
#10175 = EDGE_LOOP('',(#10176,#10177,#10178,#10179));
#10176 = ORIENTED_EDGE('',*,*,#7084,.F.);
#10177 = ORIENTED_EDGE('',*,*,#10160,.T.);
#10178 = ORIENTED_EDGE('',*,*,#6820,.F.);
#10179 = ORIENTED_EDGE('',*,*,#10180,.F.);
#10180 = EDGE_CURVE('',#7085,#6813,#10181,.T.);
#10181 = LINE('',#10182,#10183);
#10182 = CARTESIAN_POINT('',(99.6,24.,25.04));
#10183 = VECTOR('',#10184,1.);
#10184 = DIRECTION('',(0.,1.,0.));
#10185 = PLANE('',#10186);
#10186 = AXIS2_PLACEMENT_3D('',#10187,#10188,#10189);
#10187 = CARTESIAN_POINT('',(99.6,106.,24.54));
#10188 = DIRECTION('',(1.,0.,0.));
#10189 = DIRECTION('',(-0.,0.,1.));
#10190 = ADVANCED_FACE('',(#10191),#10202,.T.);
#10191 = FACE_BOUND('',#10192,.T.);
#10192 = EDGE_LOOP('',(#10193,#10194,#10195,#10196));
#10193 = ORIENTED_EDGE('',*,*,#7092,.F.);
#10194 = ORIENTED_EDGE('',*,*,#10180,.T.);
#10195 = ORIENTED_EDGE('',*,*,#6812,.F.);
#10196 = ORIENTED_EDGE('',*,*,#10197,.F.);
#10197 = EDGE_CURVE('',#7093,#6805,#10198,.T.);
#10198 = LINE('',#10199,#10200);
#10199 = CARTESIAN_POINT('',(99.657064471879,24.,25.595555555556));
#10200 = VECTOR('',#10201,1.);
#10201 = DIRECTION('',(0.,1.,0.));
#10202 = PLANE('',#10203);
#10203 = AXIS2_PLACEMENT_3D('',#10204,#10205,#10206);
#10204 = CARTESIAN_POINT('',(99.62853223594,106.,25.317777777778));
#10205 = DIRECTION('',(0.994766086025,0.,-0.102178442416));
#10206 = DIRECTION('',(0.102178442416,0.,0.994766086025));
#10207 = ADVANCED_FACE('',(#10208),#10219,.T.);
#10208 = FACE_BOUND('',#10209,.T.);
#10209 = EDGE_LOOP('',(#10210,#10211,#10212,#10213));
#10210 = ORIENTED_EDGE('',*,*,#7100,.F.);
#10211 = ORIENTED_EDGE('',*,*,#10197,.T.);
#10212 = ORIENTED_EDGE('',*,*,#6804,.F.);
#10213 = ORIENTED_EDGE('',*,*,#10214,.F.);
#10214 = EDGE_CURVE('',#7101,#6797,#10215,.T.);
#10215 = LINE('',#10216,#10217);
#10216 = CARTESIAN_POINT('',(99.819478737997,24.,26.151111111111));
#10217 = VECTOR('',#10218,1.);
#10218 = DIRECTION('',(0.,1.,0.));
#10219 = PLANE('',#10220);
#10220 = AXIS2_PLACEMENT_3D('',#10221,#10222,#10223);
#10221 = CARTESIAN_POINT('',(99.738271604938,106.,25.873333333333));
#10222 = DIRECTION('',(0.959824626333,0.,-0.280600582118));
#10223 = DIRECTION('',(0.280600582118,0.,0.959824626333));
#10224 = ADVANCED_FACE('',(#10225),#10236,.T.);
#10225 = FACE_BOUND('',#10226,.T.);
#10226 = EDGE_LOOP('',(#10227,#10228,#10229,#10230));
#10227 = ORIENTED_EDGE('',*,*,#7108,.F.);
#10228 = ORIENTED_EDGE('',*,*,#10214,.T.);
#10229 = ORIENTED_EDGE('',*,*,#6796,.F.);
#10230 = ORIENTED_EDGE('',*,*,#10231,.F.);
#10231 = EDGE_CURVE('',#7109,#6789,#10232,.T.);
#10232 = LINE('',#10233,#10234);
#10233 = CARTESIAN_POINT('',(100.07407407407,24.,26.706666666667));
#10234 = VECTOR('',#10235,1.);
#10235 = DIRECTION('',(0.,1.,0.));
#10236 = PLANE('',#10237);
#10237 = AXIS2_PLACEMENT_3D('',#10238,#10239,#10240);
#10238 = CARTESIAN_POINT('',(99.946776406036,106.,26.428888888889));
#10239 = DIRECTION('',(0.909086076713,0.,-0.416608335402));
#10240 = DIRECTION('',(0.416608335402,0.,0.909086076713));
#10241 = ADVANCED_FACE('',(#10242),#10253,.T.);
#10242 = FACE_BOUND('',#10243,.T.);
#10243 = EDGE_LOOP('',(#10244,#10245,#10246,#10247));
#10244 = ORIENTED_EDGE('',*,*,#7116,.F.);
#10245 = ORIENTED_EDGE('',*,*,#10231,.T.);
#10246 = ORIENTED_EDGE('',*,*,#6788,.F.);
#10247 = ORIENTED_EDGE('',*,*,#10248,.F.);
#10248 = EDGE_CURVE('',#7117,#6781,#10249,.T.);
#10249 = LINE('',#10250,#10251);
#10250 = CARTESIAN_POINT('',(100.40768175583,24.,27.262222222222));
#10251 = VECTOR('',#10252,1.);
#10252 = DIRECTION('',(0.,1.,0.));
#10253 = PLANE('',#10254);
#10254 = AXIS2_PLACEMENT_3D('',#10255,#10256,#10257);
#10255 = CARTESIAN_POINT('',(100.24087791495,106.,26.984444444444));
#10256 = DIRECTION('',(0.857306092282,0.,-0.514807016402));
#10257 = DIRECTION('',(0.514807016402,0.,0.857306092282));
#10258 = ADVANCED_FACE('',(#10259),#10270,.T.);
#10259 = FACE_BOUND('',#10260,.T.);
#10260 = EDGE_LOOP('',(#10261,#10262,#10263,#10264));
#10261 = ORIENTED_EDGE('',*,*,#7124,.F.);
#10262 = ORIENTED_EDGE('',*,*,#10248,.T.);
#10263 = ORIENTED_EDGE('',*,*,#6780,.F.);
#10264 = ORIENTED_EDGE('',*,*,#10265,.F.);
#10265 = EDGE_CURVE('',#7125,#6773,#10266,.T.);
#10266 = LINE('',#10267,#10268);
#10267 = CARTESIAN_POINT('',(100.80713305898,24.,27.817777777778));
#10268 = VECTOR('',#10269,1.);
#10269 = DIRECTION('',(0.,1.,0.));
#10270 = PLANE('',#10271);
#10271 = AXIS2_PLACEMENT_3D('',#10272,#10273,#10274);
#10272 = CARTESIAN_POINT('',(100.6074074074,106.,27.54));
#10273 = DIRECTION('',(0.811914412869,0.,-0.583776486487));
#10274 = DIRECTION('',(0.583776486487,0.,0.811914412869));
#10275 = ADVANCED_FACE('',(#10276),#10287,.T.);
#10276 = FACE_BOUND('',#10277,.T.);
#10277 = EDGE_LOOP('',(#10278,#10279,#10280,#10281));
#10278 = ORIENTED_EDGE('',*,*,#7132,.F.);
#10279 = ORIENTED_EDGE('',*,*,#10265,.T.);
#10280 = ORIENTED_EDGE('',*,*,#6772,.F.);
#10281 = ORIENTED_EDGE('',*,*,#10282,.F.);
#10282 = EDGE_CURVE('',#7133,#6765,#10283,.T.);
#10283 = LINE('',#10284,#10285);
#10284 = CARTESIAN_POINT('',(101.25925925925,24.,28.373333333333));
#10285 = VECTOR('',#10286,1.);
#10286 = DIRECTION('',(0.,1.,0.));
#10287 = PLANE('',#10288);
#10288 = AXIS2_PLACEMENT_3D('',#10289,#10290,#10291);
#10289 = CARTESIAN_POINT('',(101.03319615912,106.,28.095555555556));
#10290 = DIRECTION('',(0.77560997208,0.,-0.631212461229));
#10291 = DIRECTION('',(0.631212461229,0.,0.77560997208));
#10292 = ADVANCED_FACE('',(#10293),#10304,.T.);
#10293 = FACE_BOUND('',#10294,.T.);
#10294 = EDGE_LOOP('',(#10295,#10296,#10297,#10298));
#10295 = ORIENTED_EDGE('',*,*,#7140,.F.);
#10296 = ORIENTED_EDGE('',*,*,#10282,.T.);
#10297 = ORIENTED_EDGE('',*,*,#6764,.F.);
#10298 = ORIENTED_EDGE('',*,*,#10299,.F.);
#10299 = EDGE_CURVE('',#7141,#6757,#10300,.T.);
#10300 = LINE('',#10301,#10302);
#10301 = CARTESIAN_POINT('',(101.75089163237,24.,28.928888888889));
#10302 = VECTOR('',#10303,1.);
#10303 = DIRECTION('',(0.,1.,0.));
#10304 = PLANE('',#10305);
#10305 = AXIS2_PLACEMENT_3D('',#10306,#10307,#10308);
#10306 = CARTESIAN_POINT('',(101.50507544581,106.,28.651111111111));
#10307 = DIRECTION('',(0.748876551956,0.,-0.662709521533));
#10308 = DIRECTION('',(0.662709521533,0.,0.748876551956));
#10309 = ADVANCED_FACE('',(#10310),#10321,.T.);
#10310 = FACE_BOUND('',#10311,.T.);
#10311 = EDGE_LOOP('',(#10312,#10313,#10314,#10315));
#10312 = ORIENTED_EDGE('',*,*,#7148,.F.);
#10313 = ORIENTED_EDGE('',*,*,#10299,.T.);
#10314 = ORIENTED_EDGE('',*,*,#6756,.F.);
#10315 = ORIENTED_EDGE('',*,*,#10316,.F.);
#10316 = EDGE_CURVE('',#7149,#6749,#10317,.T.);
#10317 = LINE('',#10318,#10319);
#10318 = CARTESIAN_POINT('',(102.26886145404,24.,29.484444444444));
#10319 = VECTOR('',#10320,1.);
#10320 = DIRECTION('',(0.,1.,0.));
#10321 = PLANE('',#10322);
#10322 = AXIS2_PLACEMENT_3D('',#10323,#10324,#10325);
#10323 = CARTESIAN_POINT('',(102.00987654321,106.,29.206666666667));
#10324 = DIRECTION('',(0.731415501199,0.,-0.681932082106));
#10325 = DIRECTION('',(0.681932082106,0.,0.731415501199));
#10326 = ADVANCED_FACE('',(#10327),#10338,.T.);
#10327 = FACE_BOUND('',#10328,.T.);
#10328 = EDGE_LOOP('',(#10329,#10330,#10331,#10332));
#10329 = ORIENTED_EDGE('',*,*,#7156,.F.);
#10330 = ORIENTED_EDGE('',*,*,#10316,.T.);
#10331 = ORIENTED_EDGE('',*,*,#6748,.F.);
#10332 = ORIENTED_EDGE('',*,*,#10333,.F.);
#10333 = EDGE_CURVE('',#7157,#6741,#10334,.T.);
#10334 = LINE('',#10335,#10336);
#10335 = CARTESIAN_POINT('',(103.33113854595,24.,30.595555555556));
#10336 = VECTOR('',#10337,1.);
#10337 = DIRECTION('',(0.,1.,0.));
#10338 = PLANE('',#10339);
#10339 = AXIS2_PLACEMENT_3D('',#10340,#10341,#10342);
#10340 = CARTESIAN_POINT('',(102.8,106.,30.04));
#10341 = DIRECTION('',(0.722812379162,0.,-0.691044328918));
#10342 = DIRECTION('',(0.691044328918,0.,0.722812379162));
#10343 = ADVANCED_FACE('',(#10344),#10355,.T.);
#10344 = FACE_BOUND('',#10345,.T.);
#10345 = EDGE_LOOP('',(#10346,#10347,#10348,#10349));
#10346 = ORIENTED_EDGE('',*,*,#7164,.F.);
#10347 = ORIENTED_EDGE('',*,*,#10333,.T.);
#10348 = ORIENTED_EDGE('',*,*,#6740,.F.);
#10349 = ORIENTED_EDGE('',*,*,#10350,.F.);
#10350 = EDGE_CURVE('',#7165,#6733,#10351,.T.);
#10351 = LINE('',#10352,#10353);
#10352 = CARTESIAN_POINT('',(103.84910836762,24.,31.151111111111));
#10353 = VECTOR('',#10354,1.);
#10354 = DIRECTION('',(0.,1.,0.));
#10355 = PLANE('',#10356);
#10356 = AXIS2_PLACEMENT_3D('',#10357,#10358,#10359);
#10357 = CARTESIAN_POINT('',(103.59012345679,106.,30.873333333333));
#10358 = DIRECTION('',(0.731415501199,0.,-0.681932082106));
#10359 = DIRECTION('',(0.681932082106,0.,0.731415501199));
#10360 = ADVANCED_FACE('',(#10361),#10372,.T.);
#10361 = FACE_BOUND('',#10362,.T.);
#10362 = EDGE_LOOP('',(#10363,#10364,#10365,#10366));
#10363 = ORIENTED_EDGE('',*,*,#7172,.F.);
#10364 = ORIENTED_EDGE('',*,*,#10350,.T.);
#10365 = ORIENTED_EDGE('',*,*,#6732,.F.);
#10366 = ORIENTED_EDGE('',*,*,#10367,.F.);
#10367 = EDGE_CURVE('',#7173,#6725,#10368,.T.);
#10368 = LINE('',#10369,#10370);
#10369 = CARTESIAN_POINT('',(104.34074074074,24.,31.706666666667));
#10370 = VECTOR('',#10371,1.);
#10371 = DIRECTION('',(0.,1.,0.));
#10372 = PLANE('',#10373);
#10373 = AXIS2_PLACEMENT_3D('',#10374,#10375,#10376);
#10374 = CARTESIAN_POINT('',(104.09492455418,106.,31.428888888889));
#10375 = DIRECTION('',(0.748876551956,0.,-0.662709521533));
#10376 = DIRECTION('',(0.662709521533,0.,0.748876551956));
#10377 = ADVANCED_FACE('',(#10378),#10389,.T.);
#10378 = FACE_BOUND('',#10379,.T.);
#10379 = EDGE_LOOP('',(#10380,#10381,#10382,#10383));
#10380 = ORIENTED_EDGE('',*,*,#7180,.F.);
#10381 = ORIENTED_EDGE('',*,*,#10367,.T.);
#10382 = ORIENTED_EDGE('',*,*,#6724,.F.);
#10383 = ORIENTED_EDGE('',*,*,#10384,.F.);
#10384 = EDGE_CURVE('',#7181,#6717,#10385,.T.);
#10385 = LINE('',#10386,#10387);
#10386 = CARTESIAN_POINT('',(104.79286694101,24.,32.262222222222));
#10387 = VECTOR('',#10388,1.);
#10388 = DIRECTION('',(0.,1.,0.));
#10389 = PLANE('',#10390);
#10390 = AXIS2_PLACEMENT_3D('',#10391,#10392,#10393);
#10391 = CARTESIAN_POINT('',(104.56680384087,106.,31.984444444444));
#10392 = DIRECTION('',(0.77560997208,0.,-0.631212461229));
#10393 = DIRECTION('',(0.631212461229,0.,0.77560997208));
#10394 = ADVANCED_FACE('',(#10395),#10406,.T.);
#10395 = FACE_BOUND('',#10396,.T.);
#10396 = EDGE_LOOP('',(#10397,#10398,#10399,#10400));
#10397 = ORIENTED_EDGE('',*,*,#7188,.F.);
#10398 = ORIENTED_EDGE('',*,*,#10384,.T.);
#10399 = ORIENTED_EDGE('',*,*,#6716,.F.);
#10400 = ORIENTED_EDGE('',*,*,#10401,.F.);
#10401 = EDGE_CURVE('',#7189,#6709,#10402,.T.);
#10402 = LINE('',#10403,#10404);
#10403 = CARTESIAN_POINT('',(105.19231824417,24.,32.817777777778));
#10404 = VECTOR('',#10405,1.);
#10405 = DIRECTION('',(0.,1.,0.));
#10406 = PLANE('',#10407);
#10407 = AXIS2_PLACEMENT_3D('',#10408,#10409,#10410);
#10408 = CARTESIAN_POINT('',(104.99259259259,106.,32.54));
#10409 = DIRECTION('',(0.811914412869,0.,-0.583776486487));
#10410 = DIRECTION('',(0.583776486487,0.,0.811914412869));
#10411 = ADVANCED_FACE('',(#10412),#10423,.T.);
#10412 = FACE_BOUND('',#10413,.T.);
#10413 = EDGE_LOOP('',(#10414,#10415,#10416,#10417));
#10414 = ORIENTED_EDGE('',*,*,#7196,.F.);
#10415 = ORIENTED_EDGE('',*,*,#10401,.T.);
#10416 = ORIENTED_EDGE('',*,*,#6708,.F.);
#10417 = ORIENTED_EDGE('',*,*,#10418,.F.);
#10418 = EDGE_CURVE('',#7197,#6701,#10419,.T.);
#10419 = LINE('',#10420,#10421);
#10420 = CARTESIAN_POINT('',(105.52592592592,24.,33.373333333333));
#10421 = VECTOR('',#10422,1.);
#10422 = DIRECTION('',(0.,1.,0.));
#10423 = PLANE('',#10424);
#10424 = AXIS2_PLACEMENT_3D('',#10425,#10426,#10427);
#10425 = CARTESIAN_POINT('',(105.35912208504,106.,33.095555555556));
#10426 = DIRECTION('',(0.857306092282,0.,-0.514807016402));
#10427 = DIRECTION('',(0.514807016402,0.,0.857306092282));
#10428 = ADVANCED_FACE('',(#10429),#10440,.T.);
#10429 = FACE_BOUND('',#10430,.T.);
#10430 = EDGE_LOOP('',(#10431,#10432,#10433,#10434));
#10431 = ORIENTED_EDGE('',*,*,#7204,.F.);
#10432 = ORIENTED_EDGE('',*,*,#10418,.T.);
#10433 = ORIENTED_EDGE('',*,*,#6700,.F.);
#10434 = ORIENTED_EDGE('',*,*,#10435,.F.);
#10435 = EDGE_CURVE('',#7205,#6693,#10436,.T.);
#10436 = LINE('',#10437,#10438);
#10437 = CARTESIAN_POINT('',(105.780521262,24.,33.928888888889));
#10438 = VECTOR('',#10439,1.);
#10439 = DIRECTION('',(0.,1.,0.));
#10440 = PLANE('',#10441);
#10441 = AXIS2_PLACEMENT_3D('',#10442,#10443,#10444);
#10442 = CARTESIAN_POINT('',(105.65322359396,106.,33.651111111111));
#10443 = DIRECTION('',(0.909086076713,0.,-0.416608335402));
#10444 = DIRECTION('',(0.416608335402,0.,0.909086076713));
#10445 = ADVANCED_FACE('',(#10446),#10452,.T.);
#10446 = FACE_BOUND('',#10447,.T.);
#10447 = EDGE_LOOP('',(#10448,#10449,#10450,#10451));
#10448 = ORIENTED_EDGE('',*,*,#7212,.F.);
#10449 = ORIENTED_EDGE('',*,*,#10435,.T.);
#10450 = ORIENTED_EDGE('',*,*,#6692,.F.);
#10451 = ORIENTED_EDGE('',*,*,#6946,.F.);
#10452 = PLANE('',#10453);
#10453 = AXIS2_PLACEMENT_3D('',#10454,#10455,#10456);
#10454 = CARTESIAN_POINT('',(105.86172839506,106.,34.206666666667));
#10455 = DIRECTION('',(0.959824626333,0.,-0.280600582118));
#10456 = DIRECTION('',(0.280600582118,0.,0.959824626333));
#10457 = ADVANCED_FACE('',(#10458),#10483,.F.);
#10458 = FACE_BOUND('',#10459,.F.);
#10459 = EDGE_LOOP('',(#10460,#10468,#10469,#10477));
#10460 = ORIENTED_EDGE('',*,*,#10461,.F.);
#10461 = EDGE_CURVE('',#6963,#10462,#10464,.T.);
#10462 = VERTEX_POINT('',#10463);
#10463 = CARTESIAN_POINT('',(81.,-15.69467112597,0.445536583931));
#10464 = LINE('',#10465,#10466);
#10465 = CARTESIAN_POINT('',(81.,-8.,13.));
#10466 = VECTOR('',#10467,1.);
#10467 = DIRECTION('',(0.,-0.522562057929,-0.852601252411));
#10468 = ORIENTED_EDGE('',*,*,#6962,.T.);
#10469 = ORIENTED_EDGE('',*,*,#10470,.T.);
#10470 = EDGE_CURVE('',#6965,#10471,#10473,.T.);
#10471 = VERTEX_POINT('',#10472);
#10472 = CARTESIAN_POINT('',(99.,-15.69467112597,0.445536583931));
#10473 = LINE('',#10474,#10475);
#10474 = CARTESIAN_POINT('',(99.,-8.,13.));
#10475 = VECTOR('',#10476,1.);
#10476 = DIRECTION('',(0.,-0.522562057929,-0.852601252411));
#10477 = ORIENTED_EDGE('',*,*,#10478,.F.);
#10478 = EDGE_CURVE('',#10462,#10471,#10479,.T.);
#10479 = LINE('',#10480,#10481);
#10480 = CARTESIAN_POINT('',(81.,-15.69467112597,0.445536583932));
#10481 = VECTOR('',#10482,1.);
#10482 = DIRECTION('',(1.,0.,0.));
#10483 = PLANE('',#10484);
#10484 = AXIS2_PLACEMENT_3D('',#10485,#10486,#10487);
#10485 = CARTESIAN_POINT('',(81.,-8.,13.));
#10486 = DIRECTION('',(0.,0.852601252411,-0.522562057929));
#10487 = DIRECTION('',(0.,-0.522562057929,-0.852601252411));
#10488 = ADVANCED_FACE('',(#10489,#10517),#10528,.T.);
#10489 = FACE_BOUND('',#10490,.T.);
#10490 = EDGE_LOOP('',(#10491,#10499,#10500,#10501,#10510));
#10491 = ORIENTED_EDGE('',*,*,#10492,.F.);
#10492 = EDGE_CURVE('',#6973,#10493,#10495,.T.);
#10493 = VERTEX_POINT('',#10494);
#10494 = CARTESIAN_POINT('',(99.,-6.26,0.));
#10495 = LINE('',#10496,#10497);
#10496 = CARTESIAN_POINT('',(99.,-10.,0.));
#10497 = VECTOR('',#10498,1.);
#10498 = DIRECTION('',(0.,1.,0.));
#10499 = ORIENTED_EDGE('',*,*,#6972,.F.);
#10500 = ORIENTED_EDGE('',*,*,#10470,.T.);
#10501 = ORIENTED_EDGE('',*,*,#10502,.T.);
#10502 = EDGE_CURVE('',#10471,#10503,#10505,.T.);
#10503 = VERTEX_POINT('',#10504);
#10504 = CARTESIAN_POINT('',(99.,-5.400873841802,-3.165147981523));
#10505 = CIRCLE('',#10506,7.);
#10506 = AXIS2_PLACEMENT_3D('',#10507,#10508,#10509);
#10507 = CARTESIAN_POINT('',(99.,-12.,-5.5));
#10508 = DIRECTION('',(1.,0.,0.));
#10509 = DIRECTION('',(-0.,0.,1.));
#10510 = ORIENTED_EDGE('',*,*,#10511,.F.);
#10511 = EDGE_CURVE('',#10493,#10503,#10512,.T.);
#10512 = CIRCLE('',#10513,6.26);
#10513 = AXIS2_PLACEMENT_3D('',#10514,#10515,#10516);
#10514 = CARTESIAN_POINT('',(99.,0.,0.));
#10515 = DIRECTION('',(1.,0.,0.));
#10516 = DIRECTION('',(-0.,0.,1.));
#10517 = FACE_BOUND('',#10518,.T.);
#10518 = EDGE_LOOP('',(#10519));
#10519 = ORIENTED_EDGE('',*,*,#10520,.F.);
#10520 = EDGE_CURVE('',#10521,#10521,#10523,.T.);
#10521 = VERTEX_POINT('',#10522);
#10522 = CARTESIAN_POINT('',(99.,-12.,-3.2));
#10523 = CIRCLE('',#10524,2.3);
#10524 = AXIS2_PLACEMENT_3D('',#10525,#10526,#10527);
#10525 = CARTESIAN_POINT('',(99.,-12.,-5.5));
#10526 = DIRECTION('',(1.,0.,0.));
#10527 = DIRECTION('',(-0.,0.,1.));
#10528 = PLANE('',#10529);
#10529 = AXIS2_PLACEMENT_3D('',#10530,#10531,#10532);
#10530 = CARTESIAN_POINT('',(99.,-10.63296179817,-0.492578677057));
#10531 = DIRECTION('',(1.,4.041929189259E-16,2.36402458872E-16));
#10532 = DIRECTION('',(-4.041929189259E-16,1.,0.));
#10533 = ADVANCED_FACE('',(#10534),#10545,.F.);
#10534 = FACE_BOUND('',#10535,.F.);
#10535 = EDGE_LOOP('',(#10536,#10537,#10538,#10544));
#10536 = ORIENTED_EDGE('',*,*,#6980,.T.);
#10537 = ORIENTED_EDGE('',*,*,#7418,.T.);
#10538 = ORIENTED_EDGE('',*,*,#10539,.F.);
#10539 = EDGE_CURVE('',#10493,#7419,#10540,.T.);
#10540 = LINE('',#10541,#10542);
#10541 = CARTESIAN_POINT('',(70.,-6.26,0.));
#10542 = VECTOR('',#10543,1.);
#10543 = DIRECTION('',(1.,0.,0.));
#10544 = ORIENTED_EDGE('',*,*,#10492,.F.);
#10545 = PLANE('',#10546);
#10546 = AXIS2_PLACEMENT_3D('',#10547,#10548,#10549);
#10547 = CARTESIAN_POINT('',(71.,-8.,0.));
#10548 = DIRECTION('',(0.,0.,1.));
#10549 = DIRECTION('',(1.,0.,-0.));
#10550 = ADVANCED_FACE('',(#10551),#10562,.T.);
#10551 = FACE_BOUND('',#10552,.T.);
#10552 = EDGE_LOOP('',(#10553,#10554,#10555,#10556));
#10553 = ORIENTED_EDGE('',*,*,#7240,.T.);
#10554 = ORIENTED_EDGE('',*,*,#8896,.T.);
#10555 = ORIENTED_EDGE('',*,*,#9032,.F.);
#10556 = ORIENTED_EDGE('',*,*,#10557,.F.);
#10557 = EDGE_CURVE('',#7241,#9025,#10558,.T.);
#10558 = LINE('',#10559,#10560);
#10559 = CARTESIAN_POINT('',(79.192866941015,24.,27.817777777778));
#10560 = VECTOR('',#10561,1.);
#10561 = DIRECTION('',(0.,1.,0.));
#10562 = PLANE('',#10563);
#10563 = AXIS2_PLACEMENT_3D('',#10564,#10565,#10566);
#10564 = CARTESIAN_POINT('',(78.966803840878,106.,28.095555555556));
#10565 = DIRECTION('',(-0.77560997208,-0.,-0.631212461229));
#10566 = DIRECTION('',(0.631212461229,0.,-0.77560997208));
#10567 = ADVANCED_FACE('',(#10568),#10579,.T.);
#10568 = FACE_BOUND('',#10569,.T.);
#10569 = EDGE_LOOP('',(#10570,#10571,#10572,#10573));
#10570 = ORIENTED_EDGE('',*,*,#7248,.T.);
#10571 = ORIENTED_EDGE('',*,*,#10557,.T.);
#10572 = ORIENTED_EDGE('',*,*,#9024,.F.);
#10573 = ORIENTED_EDGE('',*,*,#10574,.F.);
#10574 = EDGE_CURVE('',#7249,#9017,#10575,.T.);
#10575 = LINE('',#10576,#10577);
#10576 = CARTESIAN_POINT('',(79.59231824417,24.,27.262222222222));
#10577 = VECTOR('',#10578,1.);
#10578 = DIRECTION('',(0.,1.,0.));
#10579 = PLANE('',#10580);
#10580 = AXIS2_PLACEMENT_3D('',#10581,#10582,#10583);
#10581 = CARTESIAN_POINT('',(79.392592592593,106.,27.54));
#10582 = DIRECTION('',(-0.811914412869,-0.,-0.583776486487));
#10583 = DIRECTION('',(0.583776486487,0.,-0.811914412869));
#10584 = ADVANCED_FACE('',(#10585),#10596,.T.);
#10585 = FACE_BOUND('',#10586,.T.);
#10586 = EDGE_LOOP('',(#10587,#10588,#10589,#10590));
#10587 = ORIENTED_EDGE('',*,*,#7256,.T.);
#10588 = ORIENTED_EDGE('',*,*,#10574,.T.);
#10589 = ORIENTED_EDGE('',*,*,#9016,.F.);
#10590 = ORIENTED_EDGE('',*,*,#10591,.F.);
#10591 = EDGE_CURVE('',#7257,#9009,#10592,.T.);
#10592 = LINE('',#10593,#10594);
#10593 = CARTESIAN_POINT('',(79.925925925926,24.,26.706666666667));
#10594 = VECTOR('',#10595,1.);
#10595 = DIRECTION('',(0.,1.,0.));
#10596 = PLANE('',#10597);
#10597 = AXIS2_PLACEMENT_3D('',#10598,#10599,#10600);
#10598 = CARTESIAN_POINT('',(79.759122085048,106.,26.984444444444));
#10599 = DIRECTION('',(-0.857306092282,-0.,-0.514807016402));
#10600 = DIRECTION('',(0.514807016402,0.,-0.857306092282));
#10601 = ADVANCED_FACE('',(#10602),#10613,.T.);
#10602 = FACE_BOUND('',#10603,.T.);
#10603 = EDGE_LOOP('',(#10604,#10605,#10606,#10607));
#10604 = ORIENTED_EDGE('',*,*,#7264,.T.);
#10605 = ORIENTED_EDGE('',*,*,#10591,.T.);
#10606 = ORIENTED_EDGE('',*,*,#9008,.F.);
#10607 = ORIENTED_EDGE('',*,*,#10608,.F.);
#10608 = EDGE_CURVE('',#7265,#9001,#10609,.T.);
#10609 = LINE('',#10610,#10611);
#10610 = CARTESIAN_POINT('',(80.180521262003,24.,26.151111111111));
#10611 = VECTOR('',#10612,1.);
#10612 = DIRECTION('',(0.,1.,0.));
#10613 = PLANE('',#10614);
#10614 = AXIS2_PLACEMENT_3D('',#10615,#10616,#10617);
#10615 = CARTESIAN_POINT('',(80.053223593964,106.,26.428888888889));
#10616 = DIRECTION('',(-0.909086076713,-0.,-0.416608335402));
#10617 = DIRECTION('',(0.416608335402,0.,-0.909086076713));
#10618 = ADVANCED_FACE('',(#10619),#10630,.T.);
#10619 = FACE_BOUND('',#10620,.T.);
#10620 = EDGE_LOOP('',(#10621,#10622,#10623,#10624));
#10621 = ORIENTED_EDGE('',*,*,#7272,.T.);
#10622 = ORIENTED_EDGE('',*,*,#10608,.T.);
#10623 = ORIENTED_EDGE('',*,*,#9000,.F.);
#10624 = ORIENTED_EDGE('',*,*,#10625,.F.);
#10625 = EDGE_CURVE('',#7273,#8993,#10626,.T.);
#10626 = LINE('',#10627,#10628);
#10627 = CARTESIAN_POINT('',(80.342935528121,24.,25.595555555556));
#10628 = VECTOR('',#10629,1.);
#10629 = DIRECTION('',(0.,1.,0.));
#10630 = PLANE('',#10631);
#10631 = AXIS2_PLACEMENT_3D('',#10632,#10633,#10634);
#10632 = CARTESIAN_POINT('',(80.261728395062,106.,25.873333333333));
#10633 = DIRECTION('',(-0.959824626333,-0.,-0.280600582118));
#10634 = DIRECTION('',(0.280600582118,0.,-0.959824626333));
#10635 = ADVANCED_FACE('',(#10636),#10647,.T.);
#10636 = FACE_BOUND('',#10637,.T.);
#10637 = EDGE_LOOP('',(#10638,#10639,#10640,#10641));
#10638 = ORIENTED_EDGE('',*,*,#7280,.T.);
#10639 = ORIENTED_EDGE('',*,*,#10625,.T.);
#10640 = ORIENTED_EDGE('',*,*,#8992,.F.);
#10641 = ORIENTED_EDGE('',*,*,#10642,.F.);
#10642 = EDGE_CURVE('',#7281,#8985,#10643,.T.);
#10643 = LINE('',#10644,#10645);
#10644 = CARTESIAN_POINT('',(80.4,24.,25.04));
#10645 = VECTOR('',#10646,1.);
#10646 = DIRECTION('',(0.,1.,0.));
#10647 = PLANE('',#10648);
#10648 = AXIS2_PLACEMENT_3D('',#10649,#10650,#10651);
#10649 = CARTESIAN_POINT('',(80.37146776406,106.,25.317777777778));
#10650 = DIRECTION('',(-0.994766086025,-0.,-0.102178442416));
#10651 = DIRECTION('',(0.102178442416,0.,-0.994766086025));
#10652 = ADVANCED_FACE('',(#10653),#10664,.T.);
#10653 = FACE_BOUND('',#10654,.T.);
#10654 = EDGE_LOOP('',(#10655,#10656,#10657,#10658));
#10655 = ORIENTED_EDGE('',*,*,#7288,.T.);
#10656 = ORIENTED_EDGE('',*,*,#10642,.T.);
#10657 = ORIENTED_EDGE('',*,*,#8984,.F.);
#10658 = ORIENTED_EDGE('',*,*,#10659,.F.);
#10659 = EDGE_CURVE('',#7289,#8977,#10660,.T.);
#10660 = LINE('',#10661,#10662);
#10661 = CARTESIAN_POINT('',(80.4,24.,24.04));
#10662 = VECTOR('',#10663,1.);
#10663 = DIRECTION('',(0.,1.,0.));
#10664 = PLANE('',#10665);
#10665 = AXIS2_PLACEMENT_3D('',#10666,#10667,#10668);
#10666 = CARTESIAN_POINT('',(80.4,106.,24.54));
#10667 = DIRECTION('',(-1.,-0.,-0.));
#10668 = DIRECTION('',(0.,0.,-1.));
#10669 = ADVANCED_FACE('',(#10670),#10681,.T.);
#10670 = FACE_BOUND('',#10671,.T.);
#10671 = EDGE_LOOP('',(#10672,#10673,#10674,#10675));
#10672 = ORIENTED_EDGE('',*,*,#7296,.F.);
#10673 = ORIENTED_EDGE('',*,*,#10659,.T.);
#10674 = ORIENTED_EDGE('',*,*,#8976,.T.);
#10675 = ORIENTED_EDGE('',*,*,#10676,.F.);
#10676 = EDGE_CURVE('',#7297,#8969,#10677,.T.);
#10677 = LINE('',#10678,#10679);
#10678 = CARTESIAN_POINT('',(80.342935528121,24.,23.484444444444));
#10679 = VECTOR('',#10680,1.);
#10680 = DIRECTION('',(0.,1.,0.));
#10681 = PLANE('',#10682);
#10682 = AXIS2_PLACEMENT_3D('',#10683,#10684,#10685);
#10683 = CARTESIAN_POINT('',(80.37146776406,106.,23.762222222222));
#10684 = DIRECTION('',(-0.994766086025,-0.,0.102178442416));
#10685 = DIRECTION('',(-0.102178442416,0.,-0.994766086025));
#10686 = ADVANCED_FACE('',(#10687),#10698,.T.);
#10687 = FACE_BOUND('',#10688,.T.);
#10688 = EDGE_LOOP('',(#10689,#10690,#10691,#10692));
#10689 = ORIENTED_EDGE('',*,*,#7304,.F.);
#10690 = ORIENTED_EDGE('',*,*,#10676,.T.);
#10691 = ORIENTED_EDGE('',*,*,#8968,.T.);
#10692 = ORIENTED_EDGE('',*,*,#10693,.F.);
#10693 = EDGE_CURVE('',#7305,#8961,#10694,.T.);
#10694 = LINE('',#10695,#10696);
#10695 = CARTESIAN_POINT('',(80.180521262003,24.,22.928888888889));
#10696 = VECTOR('',#10697,1.);
#10697 = DIRECTION('',(0.,1.,0.));
#10698 = PLANE('',#10699);
#10699 = AXIS2_PLACEMENT_3D('',#10700,#10701,#10702);
#10700 = CARTESIAN_POINT('',(80.261728395062,106.,23.206666666667));
#10701 = DIRECTION('',(-0.959824626333,-0.,0.280600582118));
#10702 = DIRECTION('',(-0.280600582118,0.,-0.959824626333));
#10703 = ADVANCED_FACE('',(#10704),#10715,.T.);
#10704 = FACE_BOUND('',#10705,.T.);
#10705 = EDGE_LOOP('',(#10706,#10707,#10708,#10709));
#10706 = ORIENTED_EDGE('',*,*,#7312,.F.);
#10707 = ORIENTED_EDGE('',*,*,#10693,.T.);
#10708 = ORIENTED_EDGE('',*,*,#8960,.T.);
#10709 = ORIENTED_EDGE('',*,*,#10710,.F.);
#10710 = EDGE_CURVE('',#7313,#8953,#10711,.T.);
#10711 = LINE('',#10712,#10713);
#10712 = CARTESIAN_POINT('',(79.925925925926,24.,22.373333333333));
#10713 = VECTOR('',#10714,1.);
#10714 = DIRECTION('',(0.,1.,0.));
#10715 = PLANE('',#10716);
#10716 = AXIS2_PLACEMENT_3D('',#10717,#10718,#10719);
#10717 = CARTESIAN_POINT('',(80.053223593964,106.,22.651111111111));
#10718 = DIRECTION('',(-0.909086076713,-0.,0.416608335402));
#10719 = DIRECTION('',(-0.416608335402,0.,-0.909086076713));
#10720 = ADVANCED_FACE('',(#10721),#10732,.T.);
#10721 = FACE_BOUND('',#10722,.T.);
#10722 = EDGE_LOOP('',(#10723,#10724,#10725,#10726));
#10723 = ORIENTED_EDGE('',*,*,#7320,.F.);
#10724 = ORIENTED_EDGE('',*,*,#10710,.T.);
#10725 = ORIENTED_EDGE('',*,*,#8952,.T.);
#10726 = ORIENTED_EDGE('',*,*,#10727,.F.);
#10727 = EDGE_CURVE('',#7321,#8945,#10728,.T.);
#10728 = LINE('',#10729,#10730);
#10729 = CARTESIAN_POINT('',(79.59231824417,24.,21.817777777778));
#10730 = VECTOR('',#10731,1.);
#10731 = DIRECTION('',(0.,1.,0.));
#10732 = PLANE('',#10733);
#10733 = AXIS2_PLACEMENT_3D('',#10734,#10735,#10736);
#10734 = CARTESIAN_POINT('',(79.759122085048,106.,22.095555555556));
#10735 = DIRECTION('',(-0.857306092282,-0.,0.514807016402));
#10736 = DIRECTION('',(-0.514807016402,0.,-0.857306092282));
#10737 = ADVANCED_FACE('',(#10738),#10749,.T.);
#10738 = FACE_BOUND('',#10739,.T.);
#10739 = EDGE_LOOP('',(#10740,#10741,#10742,#10743));
#10740 = ORIENTED_EDGE('',*,*,#7328,.F.);
#10741 = ORIENTED_EDGE('',*,*,#10727,.T.);
#10742 = ORIENTED_EDGE('',*,*,#8944,.T.);
#10743 = ORIENTED_EDGE('',*,*,#10744,.F.);
#10744 = EDGE_CURVE('',#7329,#8937,#10745,.T.);
#10745 = LINE('',#10746,#10747);
#10746 = CARTESIAN_POINT('',(79.192866941015,24.,21.262222222222));
#10747 = VECTOR('',#10748,1.);
#10748 = DIRECTION('',(0.,1.,0.));
#10749 = PLANE('',#10750);
#10750 = AXIS2_PLACEMENT_3D('',#10751,#10752,#10753);
#10751 = CARTESIAN_POINT('',(79.392592592593,106.,21.54));
#10752 = DIRECTION('',(-0.811914412869,-0.,0.583776486487));
#10753 = DIRECTION('',(-0.583776486487,0.,-0.811914412869));
#10754 = ADVANCED_FACE('',(#10755),#10761,.T.);
#10755 = FACE_BOUND('',#10756,.T.);
#10756 = EDGE_LOOP('',(#10757,#10758,#10759,#10760));
#10757 = ORIENTED_EDGE('',*,*,#7336,.F.);
#10758 = ORIENTED_EDGE('',*,*,#10744,.T.);
#10759 = ORIENTED_EDGE('',*,*,#8936,.T.);
#10760 = ORIENTED_EDGE('',*,*,#9176,.F.);
#10761 = PLANE('',#10762);
#10762 = AXIS2_PLACEMENT_3D('',#10763,#10764,#10765);
#10763 = CARTESIAN_POINT('',(78.966803840878,106.,20.984444444444));
#10764 = DIRECTION('',(-0.77560997208,-0.,0.631212461229));
#10765 = DIRECTION('',(-0.631212461229,0.,-0.77560997208));
#10766 = ADVANCED_FACE('',(#10767,#10795),#10806,.T.);
#10767 = FACE_BOUND('',#10768,.T.);
#10768 = EDGE_LOOP('',(#10769,#10770,#10771,#10779,#10788));
#10769 = ORIENTED_EDGE('',*,*,#10461,.F.);
#10770 = ORIENTED_EDGE('',*,*,#7363,.T.);
#10771 = ORIENTED_EDGE('',*,*,#10772,.T.);
#10772 = EDGE_CURVE('',#7356,#10773,#10775,.T.);
#10773 = VERTEX_POINT('',#10774);
#10774 = CARTESIAN_POINT('',(81.,-6.26,0.));
#10775 = LINE('',#10776,#10777);
#10776 = CARTESIAN_POINT('',(81.,-6.192649514669,0.));
#10777 = VECTOR('',#10778,1.);
#10778 = DIRECTION('',(0.,1.,0.));
#10779 = ORIENTED_EDGE('',*,*,#10780,.T.);
#10780 = EDGE_CURVE('',#10773,#10781,#10783,.T.);
#10781 = VERTEX_POINT('',#10782);
#10782 = CARTESIAN_POINT('',(81.,-5.400873841802,-3.165147981523));
#10783 = CIRCLE('',#10784,6.26);
#10784 = AXIS2_PLACEMENT_3D('',#10785,#10786,#10787);
#10785 = CARTESIAN_POINT('',(81.,0.,0.));
#10786 = DIRECTION('',(1.,0.,0.));
#10787 = DIRECTION('',(-0.,0.,1.));
#10788 = ORIENTED_EDGE('',*,*,#10789,.F.);
#10789 = EDGE_CURVE('',#10462,#10781,#10790,.T.);
#10790 = CIRCLE('',#10791,7.);
#10791 = AXIS2_PLACEMENT_3D('',#10792,#10793,#10794);
#10792 = CARTESIAN_POINT('',(81.,-12.,-5.5));
#10793 = DIRECTION('',(1.,0.,0.));
#10794 = DIRECTION('',(-0.,0.,1.));
#10795 = FACE_BOUND('',#10796,.T.);
#10796 = EDGE_LOOP('',(#10797));
#10797 = ORIENTED_EDGE('',*,*,#10798,.T.);
#10798 = EDGE_CURVE('',#10799,#10799,#10801,.T.);
#10799 = VERTEX_POINT('',#10800);
#10800 = CARTESIAN_POINT('',(81.,-12.,-3.2));
#10801 = CIRCLE('',#10802,2.3);
#10802 = AXIS2_PLACEMENT_3D('',#10803,#10804,#10805);
#10803 = CARTESIAN_POINT('',(81.,-12.,-5.5));
#10804 = DIRECTION('',(1.,0.,0.));
#10805 = DIRECTION('',(-0.,0.,1.));
#10806 = PLANE('',#10807);
#10807 = AXIS2_PLACEMENT_3D('',#10808,#10809,#10810);
#10808 = CARTESIAN_POINT('',(81.,-10.63296179817,-0.492578677057));
#10809 = DIRECTION('',(-1.,-4.041929189259E-16,-2.36402458872E-16));
#10810 = DIRECTION('',(4.041929189259E-16,-1.,0.));
#10811 = ADVANCED_FACE('',(#10812),#10837,.T.);
#10812 = FACE_BOUND('',#10813,.T.);
#10813 = EDGE_LOOP('',(#10814,#10824,#10830,#10831));
#10814 = ORIENTED_EDGE('',*,*,#10815,.F.);
#10815 = EDGE_CURVE('',#10816,#10818,#10820,.T.);
#10816 = VERTEX_POINT('',#10817);
#10817 = CARTESIAN_POINT('',(83.6,18.,18.));
#10818 = VERTEX_POINT('',#10819);
#10819 = CARTESIAN_POINT('',(96.4,18.,18.));
#10820 = LINE('',#10821,#10822);
#10821 = CARTESIAN_POINT('',(71.,18.,18.));
#10822 = VECTOR('',#10823,1.);
#10823 = DIRECTION('',(1.,0.,-0.));
#10824 = ORIENTED_EDGE('',*,*,#10825,.F.);
#10825 = EDGE_CURVE('',#7372,#10816,#10826,.T.);
#10826 = LINE('',#10827,#10828);
#10827 = CARTESIAN_POINT('',(83.6,-8.,18.));
#10828 = VECTOR('',#10829,1.);
#10829 = DIRECTION('',(-0.,1.,0.));
#10830 = ORIENTED_EDGE('',*,*,#7371,.T.);
#10831 = ORIENTED_EDGE('',*,*,#10832,.T.);
#10832 = EDGE_CURVE('',#7374,#10818,#10833,.T.);
#10833 = LINE('',#10834,#10835);
#10834 = CARTESIAN_POINT('',(96.4,-8.,18.));
#10835 = VECTOR('',#10836,1.);
#10836 = DIRECTION('',(-0.,1.,0.));
#10837 = PLANE('',#10838);
#10838 = AXIS2_PLACEMENT_3D('',#10839,#10840,#10841);
#10839 = CARTESIAN_POINT('',(71.,-8.,18.));
#10840 = DIRECTION('',(0.,0.,1.));
#10841 = DIRECTION('',(1.,0.,-0.));
#10842 = ADVANCED_FACE('',(#10843),#10856,.T.);
#10843 = FACE_BOUND('',#10844,.T.);
#10844 = EDGE_LOOP('',(#10845,#10846,#10847,#10853,#10854,#10855));
#10845 = ORIENTED_EDGE('',*,*,#7381,.F.);
#10846 = ORIENTED_EDGE('',*,*,#10825,.T.);
#10847 = ORIENTED_EDGE('',*,*,#10848,.T.);
#10848 = EDGE_CURVE('',#10816,#9056,#10849,.T.);
#10849 = LINE('',#10850,#10851);
#10850 = CARTESIAN_POINT('',(83.6,18.,7.02));
#10851 = VECTOR('',#10852,1.);
#10852 = DIRECTION('',(-0.,0.,-1.));
#10853 = ORIENTED_EDGE('',*,*,#9055,.T.);
#10854 = ORIENTED_EDGE('',*,*,#8910,.T.);
#10855 = ORIENTED_EDGE('',*,*,#9136,.F.);
#10856 = PLANE('',#10857);
#10857 = AXIS2_PLACEMENT_3D('',#10858,#10859,#10860);
#10858 = CARTESIAN_POINT('',(83.6,106.20674698795,24.746746987952));
#10859 = DIRECTION('',(1.,0.,0.));
#10860 = DIRECTION('',(-0.,0.,1.));
#10861 = ADVANCED_FACE('',(#10862),#10880,.T.);
#10862 = FACE_BOUND('',#10863,.T.);
#10863 = EDGE_LOOP('',(#10864,#10865,#10866,#10872,#10873,#10879));
#10864 = ORIENTED_EDGE('',*,*,#7397,.T.);
#10865 = ORIENTED_EDGE('',*,*,#9161,.T.);
#10866 = ORIENTED_EDGE('',*,*,#10867,.F.);
#10867 = EDGE_CURVE('',#9072,#9154,#10868,.T.);
#10868 = LINE('',#10869,#10870);
#10869 = CARTESIAN_POINT('',(96.4,220.,14.04));
#10870 = VECTOR('',#10871,1.);
#10871 = DIRECTION('',(0.,0.,1.));
#10872 = ORIENTED_EDGE('',*,*,#9071,.F.);
#10873 = ORIENTED_EDGE('',*,*,#10874,.F.);
#10874 = EDGE_CURVE('',#10818,#9064,#10875,.T.);
#10875 = LINE('',#10876,#10877);
#10876 = CARTESIAN_POINT('',(96.4,18.,7.02));
#10877 = VECTOR('',#10878,1.);
#10878 = DIRECTION('',(-0.,0.,-1.));
#10879 = ORIENTED_EDGE('',*,*,#10832,.F.);
#10880 = PLANE('',#10881);
#10881 = AXIS2_PLACEMENT_3D('',#10882,#10883,#10884);
#10882 = CARTESIAN_POINT('',(96.4,106.20674698795,24.746746987952));
#10883 = DIRECTION('',(-1.,-0.,-0.));
#10884 = DIRECTION('',(0.,0.,-1.));
#10885 = ADVANCED_FACE('',(#10886),#10897,.T.);
#10886 = FACE_BOUND('',#10887,.T.);
#10887 = EDGE_LOOP('',(#10888,#10894,#10895,#10896));
#10888 = ORIENTED_EDGE('',*,*,#10889,.T.);
#10889 = EDGE_CURVE('',#7922,#8051,#10890,.T.);
#10890 = LINE('',#10891,#10892);
#10891 = CARTESIAN_POINT('',(-14.2,214.615,15.6));
#10892 = VECTOR('',#10893,1.);
#10893 = DIRECTION('',(1.,0.,0.));
#10894 = ORIENTED_EDGE('',*,*,#8050,.F.);
#10895 = ORIENTED_EDGE('',*,*,#7720,.T.);
#10896 = ORIENTED_EDGE('',*,*,#7921,.T.);
#10897 = PLANE('',#10898);
#10898 = AXIS2_PLACEMENT_3D('',#10899,#10900,#10901);
#10899 = CARTESIAN_POINT('',(42.,214.615,23.660707859848));
#10900 = DIRECTION('',(0.,1.,0.));
#10901 = DIRECTION('',(0.,-0.,1.));
#10902 = ADVANCED_FACE('',(#10903),#10914,.T.);
#10903 = FACE_BOUND('',#10904,.T.);
#10904 = EDGE_LOOP('',(#10905,#10911,#10912,#10913));
#10905 = ORIENTED_EDGE('',*,*,#10906,.T.);
#10906 = EDGE_CURVE('',#7760,#7889,#10907,.T.);
#10907 = LINE('',#10908,#10909);
#10908 = CARTESIAN_POINT('',(-56.2,214.615,15.6));
#10909 = VECTOR('',#10910,1.);
#10910 = DIRECTION('',(1.,0.,0.));
#10911 = ORIENTED_EDGE('',*,*,#7888,.F.);
#10912 = ORIENTED_EDGE('',*,*,#7697,.T.);
#10913 = ORIENTED_EDGE('',*,*,#7759,.T.);
#10914 = PLANE('',#10915);
#10915 = AXIS2_PLACEMENT_3D('',#10916,#10917,#10918);
#10916 = CARTESIAN_POINT('',(-42.,214.615,23.660707859848));
#10917 = DIRECTION('',(0.,1.,0.));
#10918 = DIRECTION('',(0.,-0.,1.));
#10919 = ADVANCED_FACE('',(#10920),#10926,.T.);
#10920 = FACE_BOUND('',#10921,.T.);
#10921 = EDGE_LOOP('',(#10922,#10923,#10924,#10925));
#10922 = ORIENTED_EDGE('',*,*,#7767,.T.);
#10923 = ORIENTED_EDGE('',*,*,#8122,.T.);
#10924 = ORIENTED_EDGE('',*,*,#7896,.F.);
#10925 = ORIENTED_EDGE('',*,*,#10906,.F.);
#10926 = PLANE('',#10927);
#10927 = AXIS2_PLACEMENT_3D('',#10928,#10929,#10930);
#10928 = CARTESIAN_POINT('',(-70.4,214.315,15.6));
#10929 = DIRECTION('',(0.,0.,1.));
#10930 = DIRECTION('',(1.,0.,-0.));
#10931 = ADVANCED_FACE('',(#10932),#10938,.T.);
#10932 = FACE_BOUND('',#10933,.T.);
#10933 = EDGE_LOOP('',(#10934,#10935,#10936,#10937));
#10934 = ORIENTED_EDGE('',*,*,#7929,.T.);
#10935 = ORIENTED_EDGE('',*,*,#8139,.T.);
#10936 = ORIENTED_EDGE('',*,*,#8058,.F.);
#10937 = ORIENTED_EDGE('',*,*,#10889,.F.);
#10938 = PLANE('',#10939);
#10939 = AXIS2_PLACEMENT_3D('',#10940,#10941,#10942);
#10940 = CARTESIAN_POINT('',(-70.4,214.315,15.6));
#10941 = DIRECTION('',(0.,0.,1.));
#10942 = DIRECTION('',(1.,0.,-0.));
#10943 = ADVANCED_FACE('',(#10944),#10955,.F.);
#10944 = FACE_BOUND('',#10945,.F.);
#10945 = EDGE_LOOP('',(#10946,#10947,#10953,#10954));
#10946 = ORIENTED_EDGE('',*,*,#8154,.F.);
#10947 = ORIENTED_EDGE('',*,*,#10948,.F.);
#10948 = EDGE_CURVE('',#8420,#8155,#10949,.T.);
#10949 = LINE('',#10950,#10951);
#10950 = CARTESIAN_POINT('',(-42.,190.18,36.9));
#10951 = VECTOR('',#10952,1.);
#10952 = DIRECTION('',(0.,1.,0.));
#10953 = ORIENTED_EDGE('',*,*,#8419,.T.);
#10954 = ORIENTED_EDGE('',*,*,#10948,.T.);
#10955 = CYLINDRICAL_SURFACE('',#10956,5.9);
#10956 = AXIS2_PLACEMENT_3D('',#10957,#10958,#10959);
#10957 = CARTESIAN_POINT('',(-42.,190.18,31.));
#10958 = DIRECTION('',(0.,1.,0.));
#10959 = DIRECTION('',(0.,-0.,1.));
#10960 = ADVANCED_FACE('',(#10961),#10972,.F.);
#10961 = FACE_BOUND('',#10962,.F.);
#10962 = EDGE_LOOP('',(#10963,#10964,#10970,#10971));
#10963 = ORIENTED_EDGE('',*,*,#8165,.F.);
#10964 = ORIENTED_EDGE('',*,*,#10965,.F.);
#10965 = EDGE_CURVE('',#8558,#8166,#10966,.T.);
#10966 = LINE('',#10967,#10968);
#10967 = CARTESIAN_POINT('',(42.,190.18,36.9));
#10968 = VECTOR('',#10969,1.);
#10969 = DIRECTION('',(0.,1.,0.));
#10970 = ORIENTED_EDGE('',*,*,#8557,.T.);
#10971 = ORIENTED_EDGE('',*,*,#10965,.T.);
#10972 = CYLINDRICAL_SURFACE('',#10973,5.9);
#10973 = AXIS2_PLACEMENT_3D('',#10974,#10975,#10976);
#10974 = CARTESIAN_POINT('',(42.,190.18,31.));
#10975 = DIRECTION('',(0.,1.,0.));
#10976 = DIRECTION('',(0.,-0.,1.));
#10977 = ADVANCED_FACE('',(#10978),#10984,.T.);
#10978 = FACE_BOUND('',#10979,.T.);
#10979 = EDGE_LOOP('',(#10980,#10981,#10982,#10983));
#10980 = ORIENTED_EDGE('',*,*,#8267,.F.);
#10981 = ORIENTED_EDGE('',*,*,#8222,.T.);
#10982 = ORIENTED_EDGE('',*,*,#8190,.T.);
#10983 = ORIENTED_EDGE('',*,*,#8409,.F.);
#10984 = PLANE('',#10985);
#10985 = AXIS2_PLACEMENT_3D('',#10986,#10987,#10988);
#10986 = CARTESIAN_POINT('',(-50.35,198.065,23.65));
#10987 = DIRECTION('',(0.,0.,1.));
#10988 = DIRECTION('',(1.,0.,-0.));
#10989 = ADVANCED_FACE('',(#10990),#10996,.T.);
#10990 = FACE_BOUND('',#10991,.T.);
#10991 = EDGE_LOOP('',(#10992,#10993,#10994,#10995));
#10992 = ORIENTED_EDGE('',*,*,#8582,.F.);
#10993 = ORIENTED_EDGE('',*,*,#8671,.T.);
#10994 = ORIENTED_EDGE('',*,*,#8444,.T.);
#10995 = ORIENTED_EDGE('',*,*,#8540,.F.);
#10996 = PLANE('',#10997);
#10997 = AXIS2_PLACEMENT_3D('',#10998,#10999,#11000);
#10998 = CARTESIAN_POINT('',(33.65,198.065,23.65));
#10999 = DIRECTION('',(0.,0.,1.));
#11000 = DIRECTION('',(1.,0.,-0.));
#11001 = ADVANCED_FACE('',(#11002),#11028,.T.);
#11002 = FACE_BOUND('',#11003,.T.);
#11003 = EDGE_LOOP('',(#11004,#11005,#11006,#11007,#11008,#11009,#11010,
    #11011,#11012,#11013,#11014,#11015,#11016,#11017,#11018,#11019,
    #11020,#11021,#11022,#11023,#11024,#11025,#11026,#11027));
#11004 = ORIENTED_EDGE('',*,*,#9079,.F.);
#11005 = ORIENTED_EDGE('',*,*,#10867,.T.);
#11006 = ORIENTED_EDGE('',*,*,#9153,.T.);
#11007 = ORIENTED_EDGE('',*,*,#9442,.T.);
#11008 = ORIENTED_EDGE('',*,*,#9407,.F.);
#11009 = ORIENTED_EDGE('',*,*,#9515,.F.);
#11010 = ORIENTED_EDGE('',*,*,#9539,.F.);
#11011 = ORIENTED_EDGE('',*,*,#9563,.F.);
#11012 = ORIENTED_EDGE('',*,*,#9587,.F.);
#11013 = ORIENTED_EDGE('',*,*,#9611,.F.);
#11014 = ORIENTED_EDGE('',*,*,#9635,.F.);
#11015 = ORIENTED_EDGE('',*,*,#9659,.F.);
#11016 = ORIENTED_EDGE('',*,*,#9683,.F.);
#11017 = ORIENTED_EDGE('',*,*,#9707,.F.);
#11018 = ORIENTED_EDGE('',*,*,#9732,.T.);
#11019 = ORIENTED_EDGE('',*,*,#9756,.T.);
#11020 = ORIENTED_EDGE('',*,*,#9780,.T.);
#11021 = ORIENTED_EDGE('',*,*,#9804,.T.);
#11022 = ORIENTED_EDGE('',*,*,#9828,.T.);
#11023 = ORIENTED_EDGE('',*,*,#9852,.T.);
#11024 = ORIENTED_EDGE('',*,*,#9876,.T.);
#11025 = ORIENTED_EDGE('',*,*,#9893,.T.);
#11026 = ORIENTED_EDGE('',*,*,#9265,.T.);
#11027 = ORIENTED_EDGE('',*,*,#9433,.T.);
#11028 = PLANE('',#11029);
#11029 = AXIS2_PLACEMENT_3D('',#11030,#11031,#11032);
#11030 = CARTESIAN_POINT('',(90.,220.,24.54));
#11031 = DIRECTION('',(0.,1.,0.));
#11032 = DIRECTION('',(0.,-0.,1.));
#11033 = ADVANCED_FACE('',(#11034),#11040,.T.);
#11034 = FACE_BOUND('',#11035,.T.);
#11035 = EDGE_LOOP('',(#11036,#11037,#11038,#11039));
#11036 = ORIENTED_EDGE('',*,*,#10815,.T.);
#11037 = ORIENTED_EDGE('',*,*,#10874,.T.);
#11038 = ORIENTED_EDGE('',*,*,#9063,.F.);
#11039 = ORIENTED_EDGE('',*,*,#10848,.F.);
#11040 = PLANE('',#11041);
#11041 = AXIS2_PLACEMENT_3D('',#11042,#11043,#11044);
#11042 = CARTESIAN_POINT('',(71.,18.,0.));
#11043 = DIRECTION('',(-0.,1.,0.));
#11044 = DIRECTION('',(0.,0.,1.));
#11045 = ADVANCED_FACE('',(#11046),#11057,.F.);
#11046 = FACE_BOUND('',#11047,.F.);
#11047 = EDGE_LOOP('',(#11048,#11049,#11055,#11056));
#11048 = ORIENTED_EDGE('',*,*,#9457,.F.);
#11049 = ORIENTED_EDGE('',*,*,#11050,.F.);
#11050 = EDGE_CURVE('',#9908,#9458,#11051,.T.);
#11051 = LINE('',#11052,#11053);
#11052 = CARTESIAN_POINT('',(140.,8.,-42.));
#11053 = VECTOR('',#11054,1.);
#11054 = DIRECTION('',(1.,0.,-0.));
#11055 = ORIENTED_EDGE('',*,*,#9907,.T.);
#11056 = ORIENTED_EDGE('',*,*,#9976,.T.);
#11057 = PLANE('',#11058);
#11058 = AXIS2_PLACEMENT_3D('',#11059,#11060,#11061);
#11059 = CARTESIAN_POINT('',(140.,8.,-42.));
#11060 = DIRECTION('',(-0.,1.,0.));
#11061 = DIRECTION('',(0.,0.,1.));
#11062 = ADVANCED_FACE('',(#11063),#11074,.F.);
#11063 = FACE_BOUND('',#11064,.F.);
#11064 = EDGE_LOOP('',(#11065,#11066,#11067,#11068));
#11065 = ORIENTED_EDGE('',*,*,#9942,.F.);
#11066 = ORIENTED_EDGE('',*,*,#11050,.T.);
#11067 = ORIENTED_EDGE('',*,*,#9467,.T.);
#11068 = ORIENTED_EDGE('',*,*,#11069,.F.);
#11069 = EDGE_CURVE('',#9935,#9468,#11070,.T.);
#11070 = LINE('',#11071,#11072);
#11071 = CARTESIAN_POINT('',(140.,12.,-42.));
#11072 = VECTOR('',#11073,1.);
#11073 = DIRECTION('',(1.,0.,-0.));
#11074 = PLANE('',#11075);
#11075 = AXIS2_PLACEMENT_3D('',#11076,#11077,#11078);
#11076 = CARTESIAN_POINT('',(140.,8.,-42.));
#11077 = DIRECTION('',(0.,0.,1.));
#11078 = DIRECTION('',(1.,0.,-0.));
#11079 = ADVANCED_FACE('',(#11080),#11086,.T.);
#11080 = FACE_BOUND('',#11081,.T.);
#11081 = EDGE_LOOP('',(#11082,#11083,#11084,#11085));
#11082 = ORIENTED_EDGE('',*,*,#9475,.F.);
#11083 = ORIENTED_EDGE('',*,*,#11069,.F.);
#11084 = ORIENTED_EDGE('',*,*,#9934,.T.);
#11085 = ORIENTED_EDGE('',*,*,#9957,.T.);
#11086 = PLANE('',#11087);
#11087 = AXIS2_PLACEMENT_3D('',#11088,#11089,#11090);
#11088 = CARTESIAN_POINT('',(140.,12.,-42.));
#11089 = DIRECTION('',(-0.,1.,0.));
#11090 = DIRECTION('',(0.,0.,1.));
#11091 = ADVANCED_FACE('',(#11092),#11103,.T.);
#11092 = FACE_BOUND('',#11093,.T.);
#11093 = EDGE_LOOP('',(#11094,#11095,#11096,#11097));
#11094 = ORIENTED_EDGE('',*,*,#10502,.F.);
#11095 = ORIENTED_EDGE('',*,*,#10478,.F.);
#11096 = ORIENTED_EDGE('',*,*,#10789,.T.);
#11097 = ORIENTED_EDGE('',*,*,#11098,.T.);
#11098 = EDGE_CURVE('',#10781,#10503,#11099,.T.);
#11099 = LINE('',#11100,#11101);
#11100 = CARTESIAN_POINT('',(81.,-5.400873841802,-3.165147981523));
#11101 = VECTOR('',#11102,1.);
#11102 = DIRECTION('',(1.,0.,0.));
#11103 = CYLINDRICAL_SURFACE('',#11104,7.);
#11104 = AXIS2_PLACEMENT_3D('',#11105,#11106,#11107);
#11105 = CARTESIAN_POINT('',(81.,-12.,-5.5));
#11106 = DIRECTION('',(1.,0.,0.));
#11107 = DIRECTION('',(-0.,0.,1.));
#11108 = ADVANCED_FACE('',(#11109),#11120,.F.);
#11109 = FACE_BOUND('',#11110,.F.);
#11110 = EDGE_LOOP('',(#11111,#11112,#11118,#11119));
#11111 = ORIENTED_EDGE('',*,*,#10520,.F.);
#11112 = ORIENTED_EDGE('',*,*,#11113,.F.);
#11113 = EDGE_CURVE('',#10799,#10521,#11114,.T.);
#11114 = LINE('',#11115,#11116);
#11115 = CARTESIAN_POINT('',(70.,-12.,-3.2));
#11116 = VECTOR('',#11117,1.);
#11117 = DIRECTION('',(1.,0.,0.));
#11118 = ORIENTED_EDGE('',*,*,#10798,.T.);
#11119 = ORIENTED_EDGE('',*,*,#11113,.T.);
#11120 = CYLINDRICAL_SURFACE('',#11121,2.3);
#11121 = AXIS2_PLACEMENT_3D('',#11122,#11123,#11124);
#11122 = CARTESIAN_POINT('',(70.,-12.,-5.5));
#11123 = DIRECTION('',(1.,0.,0.));
#11124 = DIRECTION('',(-0.,0.,1.));
#11125 = ADVANCED_FACE('',(#11126,#11141,#11152),#11163,.T.);
#11126 = FACE_BOUND('',#11127,.T.);
#11127 = EDGE_LOOP('',(#11128,#11129,#11130,#11131,#11132,#11133,#11134,
    #11135));
#11128 = ORIENTED_EDGE('',*,*,#967,.T.);
#11129 = ORIENTED_EDGE('',*,*,#31,.T.);
#11130 = ORIENTED_EDGE('',*,*,#237,.F.);
#11131 = ORIENTED_EDGE('',*,*,#982,.T.);
#11132 = ORIENTED_EDGE('',*,*,#3515,.T.);
#11133 = ORIENTED_EDGE('',*,*,#2392,.T.);
#11134 = ORIENTED_EDGE('',*,*,#7444,.F.);
#11135 = ORIENTED_EDGE('',*,*,#11136,.F.);
#11136 = EDGE_CURVE('',#959,#7436,#11137,.T.);
#11137 = LINE('',#11138,#11139);
#11138 = CARTESIAN_POINT('',(70.,6.26,0.));
#11139 = VECTOR('',#11140,1.);
#11140 = DIRECTION('',(1.,0.,0.));
#11141 = FACE_BOUND('',#11142,.T.);
#11142 = EDGE_LOOP('',(#11143));
#11143 = ORIENTED_EDGE('',*,*,#11144,.T.);
#11144 = EDGE_CURVE('',#11145,#11145,#11147,.T.);
#11145 = VERTEX_POINT('',#11146);
#11146 = CARTESIAN_POINT('',(-87.7,11.,0.));
#11147 = CIRCLE('',#11148,2.3);
#11148 = AXIS2_PLACEMENT_3D('',#11149,#11150,#11151);
#11149 = CARTESIAN_POINT('',(-90.,11.,0.));
#11150 = DIRECTION('',(0.,0.,1.));
#11151 = DIRECTION('',(1.,0.,-0.));
#11152 = FACE_BOUND('',#11153,.T.);
#11153 = EDGE_LOOP('',(#11154));
#11154 = ORIENTED_EDGE('',*,*,#11155,.T.);
#11155 = EDGE_CURVE('',#11156,#11156,#11158,.T.);
#11156 = VERTEX_POINT('',#11157);
#11157 = CARTESIAN_POINT('',(92.3,11.,0.));
#11158 = CIRCLE('',#11159,2.3);
#11159 = AXIS2_PLACEMENT_3D('',#11160,#11161,#11162);
#11160 = CARTESIAN_POINT('',(90.,11.,0.));
#11161 = DIRECTION('',(0.,0.,1.));
#11162 = DIRECTION('',(1.,0.,-0.));
#11163 = PLANE('',#11164);
#11164 = AXIS2_PLACEMENT_3D('',#11165,#11166,#11167);
#11165 = CARTESIAN_POINT('',(4.250151779906E-15,8.902742377669,0.));
#11166 = DIRECTION('',(-0.,-0.,-1.));
#11167 = DIRECTION('',(-1.,0.,0.));
#11168 = ADVANCED_FACE('',(#11169),#11188,.F.);
#11169 = FACE_BOUND('',#11170,.F.);
#11170 = EDGE_LOOP('',(#11171,#11172,#11180,#11187));
#11171 = ORIENTED_EDGE('',*,*,#11144,.T.);
#11172 = ORIENTED_EDGE('',*,*,#11173,.T.);
#11173 = EDGE_CURVE('',#11145,#11174,#11176,.T.);
#11174 = VERTEX_POINT('',#11175);
#11175 = CARTESIAN_POINT('',(-87.7,11.,3.));
#11176 = LINE('',#11177,#11178);
#11177 = CARTESIAN_POINT('',(-87.7,11.,-1.));
#11178 = VECTOR('',#11179,1.);
#11179 = DIRECTION('',(0.,0.,1.));
#11180 = ORIENTED_EDGE('',*,*,#11181,.F.);
#11181 = EDGE_CURVE('',#11174,#11174,#11182,.T.);
#11182 = CIRCLE('',#11183,2.3);
#11183 = AXIS2_PLACEMENT_3D('',#11184,#11185,#11186);
#11184 = CARTESIAN_POINT('',(-90.,11.,3.));
#11185 = DIRECTION('',(0.,0.,1.));
#11186 = DIRECTION('',(1.,0.,-0.));
#11187 = ORIENTED_EDGE('',*,*,#11173,.F.);
#11188 = CYLINDRICAL_SURFACE('',#11189,2.3);
#11189 = AXIS2_PLACEMENT_3D('',#11190,#11191,#11192);
#11190 = CARTESIAN_POINT('',(-90.,11.,-1.));
#11191 = DIRECTION('',(0.,0.,1.));
#11192 = DIRECTION('',(1.,0.,-0.));
#11193 = ADVANCED_FACE('',(#11194,#11276),#11279,.T.);
#11194 = FACE_BOUND('',#11195,.T.);
#11195 = EDGE_LOOP('',(#11196,#11206,#11214,#11222,#11230,#11238,#11246,
    #11254,#11262,#11270));
#11196 = ORIENTED_EDGE('',*,*,#11197,.T.);
#11197 = EDGE_CURVE('',#11198,#11200,#11202,.T.);
#11198 = VERTEX_POINT('',#11199);
#11199 = CARTESIAN_POINT('',(-86.3,8.863804003998,3.));
#11200 = VERTEX_POINT('',#11201);
#11201 = CARTESIAN_POINT('',(-86.3,13.136195996002,3.));
#11202 = LINE('',#11203,#11204);
#11203 = CARTESIAN_POINT('',(-86.3,8.863804003998,3.));
#11204 = VECTOR('',#11205,1.);
#11205 = DIRECTION('',(4.157757159748E-16,1.,0.));
#11206 = ORIENTED_EDGE('',*,*,#11207,.T.);
#11207 = EDGE_CURVE('',#11200,#11208,#11210,.T.);
#11208 = VERTEX_POINT('',#11209);
#11209 = CARTESIAN_POINT('',(-90.,15.272391992003,3.));
#11210 = LINE('',#11211,#11212);
#11211 = CARTESIAN_POINT('',(-86.3,13.136195996002,3.));
#11212 = VECTOR('',#11213,1.);
#11213 = DIRECTION('',(-0.866025403784,0.5,0.));
#11214 = ORIENTED_EDGE('',*,*,#11215,.T.);
#11215 = EDGE_CURVE('',#11208,#11216,#11218,.T.);
#11216 = VERTEX_POINT('',#11217);
#11217 = CARTESIAN_POINT('',(-93.45,13.280533563299,3.));
#11218 = LINE('',#11219,#11220);
#11219 = CARTESIAN_POINT('',(-90.,15.272391992003,3.));
#11220 = VECTOR('',#11221,1.);
#11221 = DIRECTION('',(-0.866025403784,-0.5,0.));
#11222 = ORIENTED_EDGE('',*,*,#11223,.T.);
#11223 = EDGE_CURVE('',#11216,#11224,#11226,.T.);
#11224 = VERTEX_POINT('',#11225);
#11225 = CARTESIAN_POINT('',(-93.45,14.7,3.));
#11226 = LINE('',#11227,#11228);
#11227 = CARTESIAN_POINT('',(-93.45,7.3,3.));
#11228 = VECTOR('',#11229,1.);
#11229 = DIRECTION('',(-0.,1.,0.));
#11230 = ORIENTED_EDGE('',*,*,#11231,.F.);
#11231 = EDGE_CURVE('',#11232,#11224,#11234,.T.);
#11232 = VERTEX_POINT('',#11233);
#11233 = CARTESIAN_POINT('',(-107.2,14.7,3.));
#11234 = LINE('',#11235,#11236);
#11235 = CARTESIAN_POINT('',(-107.2,14.7,3.));
#11236 = VECTOR('',#11237,1.);
#11237 = DIRECTION('',(1.,0.,-0.));
#11238 = ORIENTED_EDGE('',*,*,#11239,.F.);
#11239 = EDGE_CURVE('',#11240,#11232,#11242,.T.);
#11240 = VERTEX_POINT('',#11241);
#11241 = CARTESIAN_POINT('',(-107.2,7.3,3.));
#11242 = LINE('',#11243,#11244);
#11243 = CARTESIAN_POINT('',(-107.2,7.3,3.));
#11244 = VECTOR('',#11245,1.);
#11245 = DIRECTION('',(-0.,1.,0.));
#11246 = ORIENTED_EDGE('',*,*,#11247,.T.);
#11247 = EDGE_CURVE('',#11240,#11248,#11250,.T.);
#11248 = VERTEX_POINT('',#11249);
#11249 = CARTESIAN_POINT('',(-93.45,7.3,3.));
#11250 = LINE('',#11251,#11252);
#11251 = CARTESIAN_POINT('',(-107.2,7.3,3.));
#11252 = VECTOR('',#11253,1.);
#11253 = DIRECTION('',(1.,0.,-0.));
#11254 = ORIENTED_EDGE('',*,*,#11255,.T.);
#11255 = EDGE_CURVE('',#11248,#11256,#11258,.T.);
#11256 = VERTEX_POINT('',#11257);
#11257 = CARTESIAN_POINT('',(-93.45,8.719466436701,3.));
#11258 = LINE('',#11259,#11260);
#11259 = CARTESIAN_POINT('',(-93.45,7.3,3.));
#11260 = VECTOR('',#11261,1.);
#11261 = DIRECTION('',(-0.,1.,0.));
#11262 = ORIENTED_EDGE('',*,*,#11263,.T.);
#11263 = EDGE_CURVE('',#11256,#11264,#11266,.T.);
#11264 = VERTEX_POINT('',#11265);
#11265 = CARTESIAN_POINT('',(-90.,6.727608007997,3.));
#11266 = LINE('',#11267,#11268);
#11267 = CARTESIAN_POINT('',(-93.7,8.863804003998,3.));
#11268 = VECTOR('',#11269,1.);
#11269 = DIRECTION('',(0.866025403784,-0.5,0.));
#11270 = ORIENTED_EDGE('',*,*,#11271,.T.);
#11271 = EDGE_CURVE('',#11264,#11198,#11272,.T.);
#11272 = LINE('',#11273,#11274);
#11273 = CARTESIAN_POINT('',(-90.,6.727608007997,3.));
#11274 = VECTOR('',#11275,1.);
#11275 = DIRECTION('',(0.866025403784,0.5,0.));
#11276 = FACE_BOUND('',#11277,.T.);
#11277 = EDGE_LOOP('',(#11278));
#11278 = ORIENTED_EDGE('',*,*,#11181,.F.);
#11279 = PLANE('',#11280);
#11280 = AXIS2_PLACEMENT_3D('',#11281,#11282,#11283);
#11281 = CARTESIAN_POINT('',(-96.88850884903,11.,3.));
#11282 = DIRECTION('',(0.,0.,1.));
#11283 = DIRECTION('',(1.,0.,-0.));
#11284 = ADVANCED_FACE('',(#11285),#11310,.T.);
#11285 = FACE_BOUND('',#11286,.T.);
#11286 = EDGE_LOOP('',(#11287,#11295,#11303,#11309));
#11287 = ORIENTED_EDGE('',*,*,#11288,.T.);
#11288 = EDGE_CURVE('',#11198,#11289,#11291,.T.);
#11289 = VERTEX_POINT('',#11290);
#11290 = CARTESIAN_POINT('',(-86.3,8.863804003998,9.));
#11291 = LINE('',#11292,#11293);
#11292 = CARTESIAN_POINT('',(-86.3,8.863804003998,3.));
#11293 = VECTOR('',#11294,1.);
#11294 = DIRECTION('',(0.,0.,1.));
#11295 = ORIENTED_EDGE('',*,*,#11296,.T.);
#11296 = EDGE_CURVE('',#11289,#11297,#11299,.T.);
#11297 = VERTEX_POINT('',#11298);
#11298 = CARTESIAN_POINT('',(-86.3,13.136195996002,9.));
#11299 = LINE('',#11300,#11301);
#11300 = CARTESIAN_POINT('',(-86.3,8.863804003998,9.));
#11301 = VECTOR('',#11302,1.);
#11302 = DIRECTION('',(4.157757159748E-16,1.,0.));
#11303 = ORIENTED_EDGE('',*,*,#11304,.F.);
#11304 = EDGE_CURVE('',#11200,#11297,#11305,.T.);
#11305 = LINE('',#11306,#11307);
#11306 = CARTESIAN_POINT('',(-86.3,13.136195996002,3.));
#11307 = VECTOR('',#11308,1.);
#11308 = DIRECTION('',(0.,0.,1.));
#11309 = ORIENTED_EDGE('',*,*,#11197,.F.);
#11310 = PLANE('',#11311);
#11311 = AXIS2_PLACEMENT_3D('',#11312,#11313,#11314);
#11312 = CARTESIAN_POINT('',(-86.3,8.863804003998,3.));
#11313 = DIRECTION('',(-1.,4.157757159748E-16,0.));
#11314 = DIRECTION('',(4.157757159748E-16,1.,0.));
#11315 = ADVANCED_FACE('',(#11316),#11334,.T.);
#11316 = FACE_BOUND('',#11317,.T.);
#11317 = EDGE_LOOP('',(#11318,#11319,#11327,#11333));
#11318 = ORIENTED_EDGE('',*,*,#11304,.T.);
#11319 = ORIENTED_EDGE('',*,*,#11320,.T.);
#11320 = EDGE_CURVE('',#11297,#11321,#11323,.T.);
#11321 = VERTEX_POINT('',#11322);
#11322 = CARTESIAN_POINT('',(-90.,15.272391992003,9.));
#11323 = LINE('',#11324,#11325);
#11324 = CARTESIAN_POINT('',(-86.3,13.136195996002,9.));
#11325 = VECTOR('',#11326,1.);
#11326 = DIRECTION('',(-0.866025403784,0.5,0.));
#11327 = ORIENTED_EDGE('',*,*,#11328,.F.);
#11328 = EDGE_CURVE('',#11208,#11321,#11329,.T.);
#11329 = LINE('',#11330,#11331);
#11330 = CARTESIAN_POINT('',(-90.,15.272391992003,3.));
#11331 = VECTOR('',#11332,1.);
#11332 = DIRECTION('',(0.,0.,1.));
#11333 = ORIENTED_EDGE('',*,*,#11207,.F.);
#11334 = PLANE('',#11335);
#11335 = AXIS2_PLACEMENT_3D('',#11336,#11337,#11338);
#11336 = CARTESIAN_POINT('',(-86.3,13.136195996002,3.));
#11337 = DIRECTION('',(-0.5,-0.866025403784,0.));
#11338 = DIRECTION('',(-0.866025403784,0.5,0.));
#11339 = ADVANCED_FACE('',(#11340),#11358,.T.);
#11340 = FACE_BOUND('',#11341,.T.);
#11341 = EDGE_LOOP('',(#11342,#11343,#11344,#11352));
#11342 = ORIENTED_EDGE('',*,*,#11215,.F.);
#11343 = ORIENTED_EDGE('',*,*,#11328,.T.);
#11344 = ORIENTED_EDGE('',*,*,#11345,.T.);
#11345 = EDGE_CURVE('',#11321,#11346,#11348,.T.);
#11346 = VERTEX_POINT('',#11347);
#11347 = CARTESIAN_POINT('',(-93.45,13.280533563299,9.));
#11348 = LINE('',#11349,#11350);
#11349 = CARTESIAN_POINT('',(-90.,15.272391992003,9.));
#11350 = VECTOR('',#11351,1.);
#11351 = DIRECTION('',(-0.866025403784,-0.5,0.));
#11352 = ORIENTED_EDGE('',*,*,#11353,.F.);
#11353 = EDGE_CURVE('',#11216,#11346,#11354,.T.);
#11354 = LINE('',#11355,#11356);
#11355 = CARTESIAN_POINT('',(-93.45,13.280533563299,3.));
#11356 = VECTOR('',#11357,1.);
#11357 = DIRECTION('',(0.,0.,1.));
#11358 = PLANE('',#11359);
#11359 = AXIS2_PLACEMENT_3D('',#11360,#11361,#11362);
#11360 = CARTESIAN_POINT('',(-90.,15.272391992003,3.));
#11361 = DIRECTION('',(0.5,-0.866025403784,0.));
#11362 = DIRECTION('',(-0.866025403784,-0.5,0.));
#11363 = ADVANCED_FACE('',(#11364),#11382,.F.);
#11364 = FACE_BOUND('',#11365,.F.);
#11365 = EDGE_LOOP('',(#11366,#11374,#11375,#11376));
#11366 = ORIENTED_EDGE('',*,*,#11367,.F.);
#11367 = EDGE_CURVE('',#11346,#11368,#11370,.T.);
#11368 = VERTEX_POINT('',#11369);
#11369 = CARTESIAN_POINT('',(-93.45,14.7,9.));
#11370 = LINE('',#11371,#11372);
#11371 = CARTESIAN_POINT('',(-93.45,7.3,9.));
#11372 = VECTOR('',#11373,1.);
#11373 = DIRECTION('',(-0.,1.,0.));
#11374 = ORIENTED_EDGE('',*,*,#11353,.F.);
#11375 = ORIENTED_EDGE('',*,*,#11223,.T.);
#11376 = ORIENTED_EDGE('',*,*,#11377,.T.);
#11377 = EDGE_CURVE('',#11224,#11368,#11378,.T.);
#11378 = LINE('',#11379,#11380);
#11379 = CARTESIAN_POINT('',(-93.45,14.7,3.));
#11380 = VECTOR('',#11381,1.);
#11381 = DIRECTION('',(0.,0.,1.));
#11382 = PLANE('',#11383);
#11383 = AXIS2_PLACEMENT_3D('',#11384,#11385,#11386);
#11384 = CARTESIAN_POINT('',(-93.45,7.3,3.));
#11385 = DIRECTION('',(1.,0.,-0.));
#11386 = DIRECTION('',(0.,0.,1.));
#11387 = ADVANCED_FACE('',(#11388),#11406,.F.);
#11388 = FACE_BOUND('',#11389,.F.);
#11389 = EDGE_LOOP('',(#11390,#11391,#11399,#11405));
#11390 = ORIENTED_EDGE('',*,*,#11231,.F.);
#11391 = ORIENTED_EDGE('',*,*,#11392,.T.);
#11392 = EDGE_CURVE('',#11232,#11393,#11395,.T.);
#11393 = VERTEX_POINT('',#11394);
#11394 = CARTESIAN_POINT('',(-107.2,14.7,9.));
#11395 = LINE('',#11396,#11397);
#11396 = CARTESIAN_POINT('',(-107.2,14.7,3.));
#11397 = VECTOR('',#11398,1.);
#11398 = DIRECTION('',(0.,0.,1.));
#11399 = ORIENTED_EDGE('',*,*,#11400,.T.);
#11400 = EDGE_CURVE('',#11393,#11368,#11401,.T.);
#11401 = LINE('',#11402,#11403);
#11402 = CARTESIAN_POINT('',(-107.2,14.7,9.));
#11403 = VECTOR('',#11404,1.);
#11404 = DIRECTION('',(1.,0.,-0.));
#11405 = ORIENTED_EDGE('',*,*,#11377,.F.);
#11406 = PLANE('',#11407);
#11407 = AXIS2_PLACEMENT_3D('',#11408,#11409,#11410);
#11408 = CARTESIAN_POINT('',(-107.2,14.7,3.));
#11409 = DIRECTION('',(-0.,1.,0.));
#11410 = DIRECTION('',(0.,0.,1.));
#11411 = ADVANCED_FACE('',(#11412),#11430,.T.);
#11412 = FACE_BOUND('',#11413,.T.);
#11413 = EDGE_LOOP('',(#11414,#11422,#11423,#11424));
#11414 = ORIENTED_EDGE('',*,*,#11415,.F.);
#11415 = EDGE_CURVE('',#11240,#11416,#11418,.T.);
#11416 = VERTEX_POINT('',#11417);
#11417 = CARTESIAN_POINT('',(-107.2,7.3,9.));
#11418 = LINE('',#11419,#11420);
#11419 = CARTESIAN_POINT('',(-107.2,7.3,3.));
#11420 = VECTOR('',#11421,1.);
#11421 = DIRECTION('',(0.,0.,1.));
#11422 = ORIENTED_EDGE('',*,*,#11239,.T.);
#11423 = ORIENTED_EDGE('',*,*,#11392,.T.);
#11424 = ORIENTED_EDGE('',*,*,#11425,.F.);
#11425 = EDGE_CURVE('',#11416,#11393,#11426,.T.);
#11426 = LINE('',#11427,#11428);
#11427 = CARTESIAN_POINT('',(-107.2,7.3,9.));
#11428 = VECTOR('',#11429,1.);
#11429 = DIRECTION('',(-0.,1.,0.));
#11430 = PLANE('',#11431);
#11431 = AXIS2_PLACEMENT_3D('',#11432,#11433,#11434);
#11432 = CARTESIAN_POINT('',(-107.2,7.3,3.));
#11433 = DIRECTION('',(1.,0.,-0.));
#11434 = DIRECTION('',(0.,0.,1.));
#11435 = ADVANCED_FACE('',(#11436),#11454,.T.);
#11436 = FACE_BOUND('',#11437,.T.);
#11437 = EDGE_LOOP('',(#11438,#11439,#11440,#11448));
#11438 = ORIENTED_EDGE('',*,*,#11247,.F.);
#11439 = ORIENTED_EDGE('',*,*,#11415,.T.);
#11440 = ORIENTED_EDGE('',*,*,#11441,.T.);
#11441 = EDGE_CURVE('',#11416,#11442,#11444,.T.);
#11442 = VERTEX_POINT('',#11443);
#11443 = CARTESIAN_POINT('',(-93.45,7.3,9.));
#11444 = LINE('',#11445,#11446);
#11445 = CARTESIAN_POINT('',(-107.2,7.3,9.));
#11446 = VECTOR('',#11447,1.);
#11447 = DIRECTION('',(1.,0.,-0.));
#11448 = ORIENTED_EDGE('',*,*,#11449,.F.);
#11449 = EDGE_CURVE('',#11248,#11442,#11450,.T.);
#11450 = LINE('',#11451,#11452);
#11451 = CARTESIAN_POINT('',(-93.45,7.3,3.));
#11452 = VECTOR('',#11453,1.);
#11453 = DIRECTION('',(0.,0.,1.));
#11454 = PLANE('',#11455);
#11455 = AXIS2_PLACEMENT_3D('',#11456,#11457,#11458);
#11456 = CARTESIAN_POINT('',(-107.2,7.3,3.));
#11457 = DIRECTION('',(-0.,1.,0.));
#11458 = DIRECTION('',(0.,0.,1.));
#11459 = ADVANCED_FACE('',(#11460),#11478,.F.);
#11460 = FACE_BOUND('',#11461,.F.);
#11461 = EDGE_LOOP('',(#11462,#11470,#11471,#11472));
#11462 = ORIENTED_EDGE('',*,*,#11463,.F.);
#11463 = EDGE_CURVE('',#11442,#11464,#11466,.T.);
#11464 = VERTEX_POINT('',#11465);
#11465 = CARTESIAN_POINT('',(-93.45,8.719466436701,9.));
#11466 = LINE('',#11467,#11468);
#11467 = CARTESIAN_POINT('',(-93.45,7.3,9.));
#11468 = VECTOR('',#11469,1.);
#11469 = DIRECTION('',(-0.,1.,0.));
#11470 = ORIENTED_EDGE('',*,*,#11449,.F.);
#11471 = ORIENTED_EDGE('',*,*,#11255,.T.);
#11472 = ORIENTED_EDGE('',*,*,#11473,.F.);
#11473 = EDGE_CURVE('',#11464,#11256,#11474,.T.);
#11474 = LINE('',#11475,#11476);
#11475 = CARTESIAN_POINT('',(-93.45,8.719466436701,3.));
#11476 = VECTOR('',#11477,1.);
#11477 = DIRECTION('',(0.,0.,-1.));
#11478 = PLANE('',#11479);
#11479 = AXIS2_PLACEMENT_3D('',#11480,#11481,#11482);
#11480 = CARTESIAN_POINT('',(-93.45,7.3,3.));
#11481 = DIRECTION('',(1.,0.,-0.));
#11482 = DIRECTION('',(0.,0.,1.));
#11483 = ADVANCED_FACE('',(#11484),#11502,.T.);
#11484 = FACE_BOUND('',#11485,.T.);
#11485 = EDGE_LOOP('',(#11486,#11487,#11488,#11496));
#11486 = ORIENTED_EDGE('',*,*,#11263,.F.);
#11487 = ORIENTED_EDGE('',*,*,#11473,.F.);
#11488 = ORIENTED_EDGE('',*,*,#11489,.T.);
#11489 = EDGE_CURVE('',#11464,#11490,#11492,.T.);
#11490 = VERTEX_POINT('',#11491);
#11491 = CARTESIAN_POINT('',(-90.,6.727608007997,9.));
#11492 = LINE('',#11493,#11494);
#11493 = CARTESIAN_POINT('',(-93.7,8.863804003998,9.));
#11494 = VECTOR('',#11495,1.);
#11495 = DIRECTION('',(0.866025403784,-0.5,0.));
#11496 = ORIENTED_EDGE('',*,*,#11497,.F.);
#11497 = EDGE_CURVE('',#11264,#11490,#11498,.T.);
#11498 = LINE('',#11499,#11500);
#11499 = CARTESIAN_POINT('',(-90.,6.727608007997,3.));
#11500 = VECTOR('',#11501,1.);
#11501 = DIRECTION('',(0.,0.,1.));
#11502 = PLANE('',#11503);
#11503 = AXIS2_PLACEMENT_3D('',#11504,#11505,#11506);
#11504 = CARTESIAN_POINT('',(-93.7,8.863804003998,3.));
#11505 = DIRECTION('',(0.5,0.866025403784,-0.));
#11506 = DIRECTION('',(0.866025403784,-0.5,0.));
#11507 = ADVANCED_FACE('',(#11508),#11519,.T.);
#11508 = FACE_BOUND('',#11509,.T.);
#11509 = EDGE_LOOP('',(#11510,#11511,#11517,#11518));
#11510 = ORIENTED_EDGE('',*,*,#11497,.T.);
#11511 = ORIENTED_EDGE('',*,*,#11512,.T.);
#11512 = EDGE_CURVE('',#11490,#11289,#11513,.T.);
#11513 = LINE('',#11514,#11515);
#11514 = CARTESIAN_POINT('',(-90.,6.727608007997,9.));
#11515 = VECTOR('',#11516,1.);
#11516 = DIRECTION('',(0.866025403784,0.5,0.));
#11517 = ORIENTED_EDGE('',*,*,#11288,.F.);
#11518 = ORIENTED_EDGE('',*,*,#11271,.F.);
#11519 = PLANE('',#11520);
#11520 = AXIS2_PLACEMENT_3D('',#11521,#11522,#11523);
#11521 = CARTESIAN_POINT('',(-90.,6.727608007997,3.));
#11522 = DIRECTION('',(-0.5,0.866025403784,0.));
#11523 = DIRECTION('',(0.866025403784,0.5,0.));
#11524 = ADVANCED_FACE('',(#11525),#11537,.T.);
#11525 = FACE_BOUND('',#11526,.T.);
#11526 = EDGE_LOOP('',(#11527,#11528,#11529,#11530,#11531,#11532,#11533,
    #11534,#11535,#11536));
#11527 = ORIENTED_EDGE('',*,*,#11296,.F.);
#11528 = ORIENTED_EDGE('',*,*,#11512,.F.);
#11529 = ORIENTED_EDGE('',*,*,#11489,.F.);
#11530 = ORIENTED_EDGE('',*,*,#11463,.F.);
#11531 = ORIENTED_EDGE('',*,*,#11441,.F.);
#11532 = ORIENTED_EDGE('',*,*,#11425,.T.);
#11533 = ORIENTED_EDGE('',*,*,#11400,.T.);
#11534 = ORIENTED_EDGE('',*,*,#11367,.F.);
#11535 = ORIENTED_EDGE('',*,*,#11345,.F.);
#11536 = ORIENTED_EDGE('',*,*,#11320,.F.);
#11537 = PLANE('',#11538);
#11538 = AXIS2_PLACEMENT_3D('',#11539,#11540,#11541);
#11539 = CARTESIAN_POINT('',(-96.88850884903,11.,9.));
#11540 = DIRECTION('',(-0.,-0.,-1.));
#11541 = DIRECTION('',(-1.,0.,0.));
#11542 = ADVANCED_FACE('',(#11543),#11562,.F.);
#11543 = FACE_BOUND('',#11544,.F.);
#11544 = EDGE_LOOP('',(#11545,#11546,#11554,#11561));
#11545 = ORIENTED_EDGE('',*,*,#11155,.T.);
#11546 = ORIENTED_EDGE('',*,*,#11547,.T.);
#11547 = EDGE_CURVE('',#11156,#11548,#11550,.T.);
#11548 = VERTEX_POINT('',#11549);
#11549 = CARTESIAN_POINT('',(92.3,11.,3.));
#11550 = LINE('',#11551,#11552);
#11551 = CARTESIAN_POINT('',(92.3,11.,-1.));
#11552 = VECTOR('',#11553,1.);
#11553 = DIRECTION('',(0.,0.,1.));
#11554 = ORIENTED_EDGE('',*,*,#11555,.F.);
#11555 = EDGE_CURVE('',#11548,#11548,#11556,.T.);
#11556 = CIRCLE('',#11557,2.3);
#11557 = AXIS2_PLACEMENT_3D('',#11558,#11559,#11560);
#11558 = CARTESIAN_POINT('',(90.,11.,3.));
#11559 = DIRECTION('',(0.,0.,1.));
#11560 = DIRECTION('',(1.,0.,-0.));
#11561 = ORIENTED_EDGE('',*,*,#11547,.F.);
#11562 = CYLINDRICAL_SURFACE('',#11563,2.3);
#11563 = AXIS2_PLACEMENT_3D('',#11564,#11565,#11566);
#11564 = CARTESIAN_POINT('',(90.,11.,-1.));
#11565 = DIRECTION('',(0.,0.,1.));
#11566 = DIRECTION('',(1.,0.,-0.));
#11567 = ADVANCED_FACE('',(#11568,#11650),#11653,.T.);
#11568 = FACE_BOUND('',#11569,.T.);
#11569 = EDGE_LOOP('',(#11570,#11580,#11588,#11596,#11604,#11612,#11620,
    #11628,#11636,#11644));
#11570 = ORIENTED_EDGE('',*,*,#11571,.T.);
#11571 = EDGE_CURVE('',#11572,#11574,#11576,.T.);
#11572 = VERTEX_POINT('',#11573);
#11573 = CARTESIAN_POINT('',(90.,6.727608007997,3.));
#11574 = VERTEX_POINT('',#11575);
#11575 = CARTESIAN_POINT('',(93.45,8.719466436701,3.));
#11576 = LINE('',#11577,#11578);
#11577 = CARTESIAN_POINT('',(90.,6.727608007997,3.));
#11578 = VECTOR('',#11579,1.);
#11579 = DIRECTION('',(0.866025403784,0.5,0.));
#11580 = ORIENTED_EDGE('',*,*,#11581,.F.);
#11581 = EDGE_CURVE('',#11582,#11574,#11584,.T.);
#11582 = VERTEX_POINT('',#11583);
#11583 = CARTESIAN_POINT('',(93.45,7.3,3.));
#11584 = LINE('',#11585,#11586);
#11585 = CARTESIAN_POINT('',(93.45,7.3,3.));
#11586 = VECTOR('',#11587,1.);
#11587 = DIRECTION('',(-0.,1.,0.));
#11588 = ORIENTED_EDGE('',*,*,#11589,.T.);
#11589 = EDGE_CURVE('',#11582,#11590,#11592,.T.);
#11590 = VERTEX_POINT('',#11591);
#11591 = CARTESIAN_POINT('',(107.2,7.3,3.));
#11592 = LINE('',#11593,#11594);
#11593 = CARTESIAN_POINT('',(93.45,7.3,3.));
#11594 = VECTOR('',#11595,1.);
#11595 = DIRECTION('',(1.,0.,-0.));
#11596 = ORIENTED_EDGE('',*,*,#11597,.T.);
#11597 = EDGE_CURVE('',#11590,#11598,#11600,.T.);
#11598 = VERTEX_POINT('',#11599);
#11599 = CARTESIAN_POINT('',(107.2,14.7,3.));
#11600 = LINE('',#11601,#11602);
#11601 = CARTESIAN_POINT('',(107.2,7.3,3.));
#11602 = VECTOR('',#11603,1.);
#11603 = DIRECTION('',(-0.,1.,0.));
#11604 = ORIENTED_EDGE('',*,*,#11605,.F.);
#11605 = EDGE_CURVE('',#11606,#11598,#11608,.T.);
#11606 = VERTEX_POINT('',#11607);
#11607 = CARTESIAN_POINT('',(93.45,14.7,3.));
#11608 = LINE('',#11609,#11610);
#11609 = CARTESIAN_POINT('',(93.45,14.7,3.));
#11610 = VECTOR('',#11611,1.);
#11611 = DIRECTION('',(1.,0.,-0.));
#11612 = ORIENTED_EDGE('',*,*,#11613,.F.);
#11613 = EDGE_CURVE('',#11614,#11606,#11616,.T.);
#11614 = VERTEX_POINT('',#11615);
#11615 = CARTESIAN_POINT('',(93.45,13.280533563299,3.));
#11616 = LINE('',#11617,#11618);
#11617 = CARTESIAN_POINT('',(93.45,7.3,3.));
#11618 = VECTOR('',#11619,1.);
#11619 = DIRECTION('',(-0.,1.,0.));
#11620 = ORIENTED_EDGE('',*,*,#11621,.T.);
#11621 = EDGE_CURVE('',#11614,#11622,#11624,.T.);
#11622 = VERTEX_POINT('',#11623);
#11623 = CARTESIAN_POINT('',(90.,15.272391992003,3.));
#11624 = LINE('',#11625,#11626);
#11625 = CARTESIAN_POINT('',(93.7,13.136195996002,3.));
#11626 = VECTOR('',#11627,1.);
#11627 = DIRECTION('',(-0.866025403784,0.5,0.));
#11628 = ORIENTED_EDGE('',*,*,#11629,.T.);
#11629 = EDGE_CURVE('',#11622,#11630,#11632,.T.);
#11630 = VERTEX_POINT('',#11631);
#11631 = CARTESIAN_POINT('',(86.3,13.136195996002,3.));
#11632 = LINE('',#11633,#11634);
#11633 = CARTESIAN_POINT('',(90.,15.272391992003,3.));
#11634 = VECTOR('',#11635,1.);
#11635 = DIRECTION('',(-0.866025403784,-0.5,0.));
#11636 = ORIENTED_EDGE('',*,*,#11637,.T.);
#11637 = EDGE_CURVE('',#11630,#11638,#11640,.T.);
#11638 = VERTEX_POINT('',#11639);
#11639 = CARTESIAN_POINT('',(86.3,8.863804003998,3.));
#11640 = LINE('',#11641,#11642);
#11641 = CARTESIAN_POINT('',(86.3,13.136195996002,3.));
#11642 = VECTOR('',#11643,1.);
#11643 = DIRECTION('',(1.039439289937E-16,-1.,0.));
#11644 = ORIENTED_EDGE('',*,*,#11645,.T.);
#11645 = EDGE_CURVE('',#11638,#11572,#11646,.T.);
#11646 = LINE('',#11647,#11648);
#11647 = CARTESIAN_POINT('',(86.3,8.863804003998,3.));
#11648 = VECTOR('',#11649,1.);
#11649 = DIRECTION('',(0.866025403784,-0.5,0.));
#11650 = FACE_BOUND('',#11651,.T.);
#11651 = EDGE_LOOP('',(#11652));
#11652 = ORIENTED_EDGE('',*,*,#11555,.F.);
#11653 = PLANE('',#11654);
#11654 = AXIS2_PLACEMENT_3D('',#11655,#11656,#11657);
#11655 = CARTESIAN_POINT('',(96.888508849033,11.,3.));
#11656 = DIRECTION('',(0.,0.,1.));
#11657 = DIRECTION('',(1.,0.,-0.));
#11658 = ADVANCED_FACE('',(#11659),#11684,.T.);
#11659 = FACE_BOUND('',#11660,.T.);
#11660 = EDGE_LOOP('',(#11661,#11662,#11670,#11678));
#11661 = ORIENTED_EDGE('',*,*,#11571,.F.);
#11662 = ORIENTED_EDGE('',*,*,#11663,.T.);
#11663 = EDGE_CURVE('',#11572,#11664,#11666,.T.);
#11664 = VERTEX_POINT('',#11665);
#11665 = CARTESIAN_POINT('',(90.,6.727608007997,9.));
#11666 = LINE('',#11667,#11668);
#11667 = CARTESIAN_POINT('',(90.,6.727608007997,3.));
#11668 = VECTOR('',#11669,1.);
#11669 = DIRECTION('',(0.,0.,1.));
#11670 = ORIENTED_EDGE('',*,*,#11671,.T.);
#11671 = EDGE_CURVE('',#11664,#11672,#11674,.T.);
#11672 = VERTEX_POINT('',#11673);
#11673 = CARTESIAN_POINT('',(93.45,8.719466436701,9.));
#11674 = LINE('',#11675,#11676);
#11675 = CARTESIAN_POINT('',(90.,6.727608007997,9.));
#11676 = VECTOR('',#11677,1.);
#11677 = DIRECTION('',(0.866025403784,0.5,0.));
#11678 = ORIENTED_EDGE('',*,*,#11679,.T.);
#11679 = EDGE_CURVE('',#11672,#11574,#11680,.T.);
#11680 = LINE('',#11681,#11682);
#11681 = CARTESIAN_POINT('',(93.45,8.719466436701,3.));
#11682 = VECTOR('',#11683,1.);
#11683 = DIRECTION('',(-0.,0.,-1.));
#11684 = PLANE('',#11685);
#11685 = AXIS2_PLACEMENT_3D('',#11686,#11687,#11688);
#11686 = CARTESIAN_POINT('',(90.,6.727608007997,3.));
#11687 = DIRECTION('',(-0.5,0.866025403784,0.));
#11688 = DIRECTION('',(0.866025403784,0.5,0.));
#11689 = ADVANCED_FACE('',(#11690),#11708,.T.);
#11690 = FACE_BOUND('',#11691,.T.);
#11691 = EDGE_LOOP('',(#11692,#11700,#11706,#11707));
#11692 = ORIENTED_EDGE('',*,*,#11693,.F.);
#11693 = EDGE_CURVE('',#11694,#11672,#11696,.T.);
#11694 = VERTEX_POINT('',#11695);
#11695 = CARTESIAN_POINT('',(93.45,7.3,9.));
#11696 = LINE('',#11697,#11698);
#11697 = CARTESIAN_POINT('',(93.45,7.3,9.));
#11698 = VECTOR('',#11699,1.);
#11699 = DIRECTION('',(-0.,1.,0.));
#11700 = ORIENTED_EDGE('',*,*,#11701,.F.);
#11701 = EDGE_CURVE('',#11582,#11694,#11702,.T.);
#11702 = LINE('',#11703,#11704);
#11703 = CARTESIAN_POINT('',(93.45,7.3,3.));
#11704 = VECTOR('',#11705,1.);
#11705 = DIRECTION('',(0.,0.,1.));
#11706 = ORIENTED_EDGE('',*,*,#11581,.T.);
#11707 = ORIENTED_EDGE('',*,*,#11679,.F.);
#11708 = PLANE('',#11709);
#11709 = AXIS2_PLACEMENT_3D('',#11710,#11711,#11712);
#11710 = CARTESIAN_POINT('',(93.45,7.3,3.));
#11711 = DIRECTION('',(1.,0.,-0.));
#11712 = DIRECTION('',(0.,0.,1.));
#11713 = ADVANCED_FACE('',(#11714),#11732,.T.);
#11714 = FACE_BOUND('',#11715,.T.);
#11715 = EDGE_LOOP('',(#11716,#11717,#11718,#11726));
#11716 = ORIENTED_EDGE('',*,*,#11589,.F.);
#11717 = ORIENTED_EDGE('',*,*,#11701,.T.);
#11718 = ORIENTED_EDGE('',*,*,#11719,.T.);
#11719 = EDGE_CURVE('',#11694,#11720,#11722,.T.);
#11720 = VERTEX_POINT('',#11721);
#11721 = CARTESIAN_POINT('',(107.2,7.3,9.));
#11722 = LINE('',#11723,#11724);
#11723 = CARTESIAN_POINT('',(93.45,7.3,9.));
#11724 = VECTOR('',#11725,1.);
#11725 = DIRECTION('',(1.,0.,-0.));
#11726 = ORIENTED_EDGE('',*,*,#11727,.F.);
#11727 = EDGE_CURVE('',#11590,#11720,#11728,.T.);
#11728 = LINE('',#11729,#11730);
#11729 = CARTESIAN_POINT('',(107.2,7.3,3.));
#11730 = VECTOR('',#11731,1.);
#11731 = DIRECTION('',(0.,0.,1.));
#11732 = PLANE('',#11733);
#11733 = AXIS2_PLACEMENT_3D('',#11734,#11735,#11736);
#11734 = CARTESIAN_POINT('',(93.45,7.3,3.));
#11735 = DIRECTION('',(-0.,1.,0.));
#11736 = DIRECTION('',(0.,0.,1.));
#11737 = ADVANCED_FACE('',(#11738),#11756,.F.);
#11738 = FACE_BOUND('',#11739,.F.);
#11739 = EDGE_LOOP('',(#11740,#11741,#11742,#11750));
#11740 = ORIENTED_EDGE('',*,*,#11727,.F.);
#11741 = ORIENTED_EDGE('',*,*,#11597,.T.);
#11742 = ORIENTED_EDGE('',*,*,#11743,.T.);
#11743 = EDGE_CURVE('',#11598,#11744,#11746,.T.);
#11744 = VERTEX_POINT('',#11745);
#11745 = CARTESIAN_POINT('',(107.2,14.7,9.));
#11746 = LINE('',#11747,#11748);
#11747 = CARTESIAN_POINT('',(107.2,14.7,3.));
#11748 = VECTOR('',#11749,1.);
#11749 = DIRECTION('',(0.,0.,1.));
#11750 = ORIENTED_EDGE('',*,*,#11751,.F.);
#11751 = EDGE_CURVE('',#11720,#11744,#11752,.T.);
#11752 = LINE('',#11753,#11754);
#11753 = CARTESIAN_POINT('',(107.2,7.3,9.));
#11754 = VECTOR('',#11755,1.);
#11755 = DIRECTION('',(-0.,1.,0.));
#11756 = PLANE('',#11757);
#11757 = AXIS2_PLACEMENT_3D('',#11758,#11759,#11760);
#11758 = CARTESIAN_POINT('',(107.2,7.3,3.));
#11759 = DIRECTION('',(1.,0.,-0.));
#11760 = DIRECTION('',(0.,0.,1.));
#11761 = ADVANCED_FACE('',(#11762),#11780,.F.);
#11762 = FACE_BOUND('',#11763,.F.);
#11763 = EDGE_LOOP('',(#11764,#11765,#11773,#11779));
#11764 = ORIENTED_EDGE('',*,*,#11605,.F.);
#11765 = ORIENTED_EDGE('',*,*,#11766,.T.);
#11766 = EDGE_CURVE('',#11606,#11767,#11769,.T.);
#11767 = VERTEX_POINT('',#11768);
#11768 = CARTESIAN_POINT('',(93.45,14.7,9.));
#11769 = LINE('',#11770,#11771);
#11770 = CARTESIAN_POINT('',(93.45,14.7,3.));
#11771 = VECTOR('',#11772,1.);
#11772 = DIRECTION('',(0.,0.,1.));
#11773 = ORIENTED_EDGE('',*,*,#11774,.T.);
#11774 = EDGE_CURVE('',#11767,#11744,#11775,.T.);
#11775 = LINE('',#11776,#11777);
#11776 = CARTESIAN_POINT('',(93.45,14.7,9.));
#11777 = VECTOR('',#11778,1.);
#11778 = DIRECTION('',(1.,0.,-0.));
#11779 = ORIENTED_EDGE('',*,*,#11743,.F.);
#11780 = PLANE('',#11781);
#11781 = AXIS2_PLACEMENT_3D('',#11782,#11783,#11784);
#11782 = CARTESIAN_POINT('',(93.45,14.7,3.));
#11783 = DIRECTION('',(-0.,1.,0.));
#11784 = DIRECTION('',(0.,0.,1.));
#11785 = ADVANCED_FACE('',(#11786),#11804,.T.);
#11786 = FACE_BOUND('',#11787,.T.);
#11787 = EDGE_LOOP('',(#11788,#11796,#11802,#11803));
#11788 = ORIENTED_EDGE('',*,*,#11789,.F.);
#11789 = EDGE_CURVE('',#11790,#11767,#11792,.T.);
#11790 = VERTEX_POINT('',#11791);
#11791 = CARTESIAN_POINT('',(93.45,13.280533563299,9.));
#11792 = LINE('',#11793,#11794);
#11793 = CARTESIAN_POINT('',(93.45,7.3,9.));
#11794 = VECTOR('',#11795,1.);
#11795 = DIRECTION('',(-0.,1.,0.));
#11796 = ORIENTED_EDGE('',*,*,#11797,.F.);
#11797 = EDGE_CURVE('',#11614,#11790,#11798,.T.);
#11798 = LINE('',#11799,#11800);
#11799 = CARTESIAN_POINT('',(93.45,13.280533563299,3.));
#11800 = VECTOR('',#11801,1.);
#11801 = DIRECTION('',(0.,0.,1.));
#11802 = ORIENTED_EDGE('',*,*,#11613,.T.);
#11803 = ORIENTED_EDGE('',*,*,#11766,.T.);
#11804 = PLANE('',#11805);
#11805 = AXIS2_PLACEMENT_3D('',#11806,#11807,#11808);
#11806 = CARTESIAN_POINT('',(93.45,7.3,3.));
#11807 = DIRECTION('',(1.,0.,-0.));
#11808 = DIRECTION('',(0.,0.,1.));
#11809 = ADVANCED_FACE('',(#11810),#11828,.T.);
#11810 = FACE_BOUND('',#11811,.T.);
#11811 = EDGE_LOOP('',(#11812,#11813,#11814,#11822));
#11812 = ORIENTED_EDGE('',*,*,#11621,.F.);
#11813 = ORIENTED_EDGE('',*,*,#11797,.T.);
#11814 = ORIENTED_EDGE('',*,*,#11815,.T.);
#11815 = EDGE_CURVE('',#11790,#11816,#11818,.T.);
#11816 = VERTEX_POINT('',#11817);
#11817 = CARTESIAN_POINT('',(90.,15.272391992003,9.));
#11818 = LINE('',#11819,#11820);
#11819 = CARTESIAN_POINT('',(93.7,13.136195996002,9.));
#11820 = VECTOR('',#11821,1.);
#11821 = DIRECTION('',(-0.866025403784,0.5,0.));
#11822 = ORIENTED_EDGE('',*,*,#11823,.F.);
#11823 = EDGE_CURVE('',#11622,#11816,#11824,.T.);
#11824 = LINE('',#11825,#11826);
#11825 = CARTESIAN_POINT('',(90.,15.272391992003,3.));
#11826 = VECTOR('',#11827,1.);
#11827 = DIRECTION('',(0.,0.,1.));
#11828 = PLANE('',#11829);
#11829 = AXIS2_PLACEMENT_3D('',#11830,#11831,#11832);
#11830 = CARTESIAN_POINT('',(93.7,13.136195996002,3.));
#11831 = DIRECTION('',(-0.5,-0.866025403784,0.));
#11832 = DIRECTION('',(-0.866025403784,0.5,0.));
#11833 = ADVANCED_FACE('',(#11834),#11852,.T.);
#11834 = FACE_BOUND('',#11835,.T.);
#11835 = EDGE_LOOP('',(#11836,#11837,#11845,#11851));
#11836 = ORIENTED_EDGE('',*,*,#11823,.T.);
#11837 = ORIENTED_EDGE('',*,*,#11838,.T.);
#11838 = EDGE_CURVE('',#11816,#11839,#11841,.T.);
#11839 = VERTEX_POINT('',#11840);
#11840 = CARTESIAN_POINT('',(86.3,13.136195996002,9.));
#11841 = LINE('',#11842,#11843);
#11842 = CARTESIAN_POINT('',(90.,15.272391992003,9.));
#11843 = VECTOR('',#11844,1.);
#11844 = DIRECTION('',(-0.866025403784,-0.5,0.));
#11845 = ORIENTED_EDGE('',*,*,#11846,.F.);
#11846 = EDGE_CURVE('',#11630,#11839,#11847,.T.);
#11847 = LINE('',#11848,#11849);
#11848 = CARTESIAN_POINT('',(86.3,13.136195996002,3.));
#11849 = VECTOR('',#11850,1.);
#11850 = DIRECTION('',(0.,0.,1.));
#11851 = ORIENTED_EDGE('',*,*,#11629,.F.);
#11852 = PLANE('',#11853);
#11853 = AXIS2_PLACEMENT_3D('',#11854,#11855,#11856);
#11854 = CARTESIAN_POINT('',(90.,15.272391992003,3.));
#11855 = DIRECTION('',(0.5,-0.866025403784,0.));
#11856 = DIRECTION('',(-0.866025403784,-0.5,0.));
#11857 = ADVANCED_FACE('',(#11858),#11876,.T.);
#11858 = FACE_BOUND('',#11859,.T.);
#11859 = EDGE_LOOP('',(#11860,#11861,#11869,#11875));
#11860 = ORIENTED_EDGE('',*,*,#11846,.T.);
#11861 = ORIENTED_EDGE('',*,*,#11862,.T.);
#11862 = EDGE_CURVE('',#11839,#11863,#11865,.T.);
#11863 = VERTEX_POINT('',#11864);
#11864 = CARTESIAN_POINT('',(86.3,8.863804003998,9.));
#11865 = LINE('',#11866,#11867);
#11866 = CARTESIAN_POINT('',(86.3,13.136195996002,9.));
#11867 = VECTOR('',#11868,1.);
#11868 = DIRECTION('',(1.039439289937E-16,-1.,0.));
#11869 = ORIENTED_EDGE('',*,*,#11870,.F.);
#11870 = EDGE_CURVE('',#11638,#11863,#11871,.T.);
#11871 = LINE('',#11872,#11873);
#11872 = CARTESIAN_POINT('',(86.3,8.863804003998,3.));
#11873 = VECTOR('',#11874,1.);
#11874 = DIRECTION('',(0.,0.,1.));
#11875 = ORIENTED_EDGE('',*,*,#11637,.F.);
#11876 = PLANE('',#11877);
#11877 = AXIS2_PLACEMENT_3D('',#11878,#11879,#11880);
#11878 = CARTESIAN_POINT('',(86.3,13.136195996002,3.));
#11879 = DIRECTION('',(1.,1.039439289937E-16,-0.));
#11880 = DIRECTION('',(1.039439289937E-16,-1.,0.));
#11881 = ADVANCED_FACE('',(#11882),#11893,.T.);
#11882 = FACE_BOUND('',#11883,.T.);
#11883 = EDGE_LOOP('',(#11884,#11885,#11891,#11892));
#11884 = ORIENTED_EDGE('',*,*,#11870,.T.);
#11885 = ORIENTED_EDGE('',*,*,#11886,.T.);
#11886 = EDGE_CURVE('',#11863,#11664,#11887,.T.);
#11887 = LINE('',#11888,#11889);
#11888 = CARTESIAN_POINT('',(86.3,8.863804003998,9.));
#11889 = VECTOR('',#11890,1.);
#11890 = DIRECTION('',(0.866025403784,-0.5,0.));
#11891 = ORIENTED_EDGE('',*,*,#11663,.F.);
#11892 = ORIENTED_EDGE('',*,*,#11645,.F.);
#11893 = PLANE('',#11894);
#11894 = AXIS2_PLACEMENT_3D('',#11895,#11896,#11897);
#11895 = CARTESIAN_POINT('',(86.3,8.863804003998,3.));
#11896 = DIRECTION('',(0.5,0.866025403784,-0.));
#11897 = DIRECTION('',(0.866025403784,-0.5,0.));
#11898 = ADVANCED_FACE('',(#11899),#11911,.T.);
#11899 = FACE_BOUND('',#11900,.T.);
#11900 = EDGE_LOOP('',(#11901,#11902,#11903,#11904,#11905,#11906,#11907,
    #11908,#11909,#11910));
#11901 = ORIENTED_EDGE('',*,*,#11671,.F.);
#11902 = ORIENTED_EDGE('',*,*,#11886,.F.);
#11903 = ORIENTED_EDGE('',*,*,#11862,.F.);
#11904 = ORIENTED_EDGE('',*,*,#11838,.F.);
#11905 = ORIENTED_EDGE('',*,*,#11815,.F.);
#11906 = ORIENTED_EDGE('',*,*,#11789,.T.);
#11907 = ORIENTED_EDGE('',*,*,#11774,.T.);
#11908 = ORIENTED_EDGE('',*,*,#11751,.F.);
#11909 = ORIENTED_EDGE('',*,*,#11719,.F.);
#11910 = ORIENTED_EDGE('',*,*,#11693,.T.);
#11911 = PLANE('',#11912);
#11912 = AXIS2_PLACEMENT_3D('',#11913,#11914,#11915);
#11913 = CARTESIAN_POINT('',(96.888508849033,11.,9.));
#11914 = DIRECTION('',(-0.,-0.,-1.));
#11915 = DIRECTION('',(-1.,0.,0.));
#11916 = ADVANCED_FACE('',(#11917),#11932,.T.);
#11917 = FACE_BOUND('',#11918,.T.);
#11918 = EDGE_LOOP('',(#11919,#11920,#11921,#11922,#11923,#11924,#11925,
    #11926));
#11919 = ORIENTED_EDGE('',*,*,#10772,.F.);
#11920 = ORIENTED_EDGE('',*,*,#7355,.F.);
#11921 = ORIENTED_EDGE('',*,*,#3708,.T.);
#11922 = ORIENTED_EDGE('',*,*,#1094,.F.);
#11923 = ORIENTED_EDGE('',*,*,#1159,.F.);
#11924 = ORIENTED_EDGE('',*,*,#1192,.F.);
#11925 = ORIENTED_EDGE('',*,*,#3754,.T.);
#11926 = ORIENTED_EDGE('',*,*,#11927,.T.);
#11927 = EDGE_CURVE('',#3755,#10773,#11928,.T.);
#11928 = LINE('',#11929,#11930);
#11929 = CARTESIAN_POINT('',(-110.,-6.26,0.));
#11930 = VECTOR('',#11931,1.);
#11931 = DIRECTION('',(1.,0.,0.));
#11932 = PLANE('',#11933);
#11933 = AXIS2_PLACEMENT_3D('',#11934,#11935,#11936);
#11934 = CARTESIAN_POINT('',(1.33706597114E-15,-6.701263809639,0.));
#11935 = DIRECTION('',(-0.,-0.,-1.));
#11936 = DIRECTION('',(-1.,0.,0.));
#11937 = ADVANCED_FACE('',(#11938),#11954,.F.);
#11938 = FACE_BOUND('',#11939,.F.);
#11939 = EDGE_LOOP('',(#11940,#11941,#11942,#11943,#11944,#11945,#11946,
    #11947,#11948,#11949,#11950,#11951,#11952,#11953));
#11940 = ORIENTED_EDGE('',*,*,#10780,.T.);
#11941 = ORIENTED_EDGE('',*,*,#11098,.T.);
#11942 = ORIENTED_EDGE('',*,*,#10511,.F.);
#11943 = ORIENTED_EDGE('',*,*,#10539,.T.);
#11944 = ORIENTED_EDGE('',*,*,#7426,.F.);
#11945 = ORIENTED_EDGE('',*,*,#7435,.F.);
#11946 = ORIENTED_EDGE('',*,*,#11136,.F.);
#11947 = ORIENTED_EDGE('',*,*,#958,.T.);
#11948 = ORIENTED_EDGE('',*,*,#949,.T.);
#11949 = ORIENTED_EDGE('',*,*,#3484,.T.);
#11950 = ORIENTED_EDGE('',*,*,#4944,.T.);
#11951 = ORIENTED_EDGE('',*,*,#8770,.T.);
#11952 = ORIENTED_EDGE('',*,*,#3773,.F.);
#11953 = ORIENTED_EDGE('',*,*,#11927,.T.);
#11954 = CYLINDRICAL_SURFACE('',#11955,6.26);
#11955 = AXIS2_PLACEMENT_3D('',#11956,#11957,#11958);
#11956 = CARTESIAN_POINT('',(-110.,0.,0.));
#11957 = DIRECTION('',(1.,0.,0.));
#11958 = DIRECTION('',(-0.,0.,1.));
#11959 = ( GEOMETRIC_REPRESENTATION_CONTEXT(3) 
GLOBAL_UNCERTAINTY_ASSIGNED_CONTEXT((#11963)) 
GLOBAL_UNIT_ASSIGNED_CONTEXT((#11960,#11961,#11962)) 
REPRESENTATION_CONTEXT('Context #1',
  '3D Context with UNIT and UNCERTAINTY') );
#11960 = ( LENGTH_UNIT() NAMED_UNIT(*) SI_UNIT(.MILLI.,.METRE.) );
#11961 = ( NAMED_UNIT(*) PLANE_ANGLE_UNIT() SI_UNIT($,.RADIAN.) );
#11962 = ( NAMED_UNIT(*) SI_UNIT($,.STERADIAN.) SOLID_ANGLE_UNIT() );
#11963 = UNCERTAINTY_MEASURE_WITH_UNIT(LENGTH_MEASURE(2.E-07),#11960,
  'distance_accuracy_value','confusion accuracy');
#11964 = PRODUCT_RELATED_PRODUCT_CATEGORY('part',$,(#7));
ENDSEC;
END-ISO-10303-21;
