ISO-10303-21;
HEADER;
FILE_DESCRIPTION(('FreeCAD Model'),'2;1');
FILE_NAME('Open CASCADE Shape Model','2026-09-14T22:57:25',('FreeCAD'),(
    'FreeCAD'),'Open CASCADE STEP processor 7.8','FreeCAD','Unknown');
FILE_SCHEMA(('AUTOMOTIVE_DESIGN { 1 0 10303 214 1 1 1 1 }'));
ENDSEC;
DATA;
#1 = APPLICATION_PROTOCOL_DEFINITION('international standard',
  'automotive_design',2000,#2);
#2 = APPLICATION_CONTEXT(
  'core data for automotive mechanical design processes');
#3 = SHAPE_DEFINITION_REPRESENTATION(#4,#10);
#4 = PRODUCT_DEFINITION_SHAPE('','',#5);
#5 = PRODUCT_DEFINITION('design','',#6,#9);
#6 = PRODUCT_DEFINITION_FORMATION('','',#7);
#7 = PRODUCT('Open CASCADE STEP translator 7.8 3',
  'Open CASCADE STEP translator 7.8 3','',(#8));
#8 = PRODUCT_CONTEXT('',#2,'mechanical');
#9 = PRODUCT_DEFINITION_CONTEXT('part definition',#2,'design');
#10 = ADVANCED_BREP_SHAPE_REPRESENTATION('',(#11,#15),#11827);
#11 = AXIS2_PLACEMENT_3D('',#12,#13,#14);
#12 = CARTESIAN_POINT('',(0.,0.,0.));
#13 = DIRECTION('',(0.,0.,1.));
#14 = DIRECTION('',(1.,0.,-0.));
#15 = MANIFOLD_SOLID_BREP('',#16);
#16 = CLOSED_SHELL('',(#17,#57,#104,#165,#196,#396,#459,#483,#523,#547,
    #571,#595,#619,#643,#667,#691,#731,#819,#907,#931,#955,#979,#1003,
    #1027,#1051,#1075,#1115,#1155,#1213,#1244,#1268,#1292,#1316,#1347,
    #1751,#1791,#1824,#1912,#1968,#2152,#2183,#2223,#2247,#2520,#2537,
    #2924,#2955,#3218,#3242,#3490,#3514,#3610,#3643,#3692,#3716,#3747,
    #3780,#3832,#3856,#3880,#3904,#3928,#3952,#3976,#4000,#4024,#4048,
    #4072,#4096,#4120,#4144,#4168,#4192,#4216,#4240,#4264,#4288,#4312,
    #4336,#4360,#4384,#4408,#4432,#4456,#4473,#4497,#4521,#4545,#4569,
    #4593,#4617,#4641,#4665,#4689,#4713,#4753,#4784,#4815,#4846,#4877,
    #4908,#4939,#4970,#5001,#5032,#5063,#5094,#5125,#5156,#5187,#5218,
    #5249,#5280,#5332,#5381,#5421,#5468,#5515,#5560,#5584,#5608,#5632,
    #5656,#5680,#5704,#5728,#5752,#5776,#5800,#5840,#5896,#5936,#5960,
    #5991,#6008,#6025,#6042,#6059,#6076,#6093,#6105,#6129,#6194,#6225,
    #6259,#6299,#6333,#6366,#6424,#6441,#6453,#6477,#6501,#6525,#6549,
    #6566,#6590,#6742,#6766,#6823,#6847,#6878,#6895,#6912,#6929,#6946,
    #6963,#6975,#6992,#7009,#7021,#7045,#7069,#7139,#7179,#7203,#7220,
    #7244,#7268,#7301,#7341,#7365,#7382,#7406,#7430,#7463,#7487,#7504,
    #7564,#7603,#7630,#7648,#7680,#7698,#7716,#7734,#7752,#7762,#7780,
    #7790,#7818,#7857,#7875,#7893,#7911,#7921,#7956,#7988,#8006,#8024,
    #8042,#8052,#8072,#8096,#8138,#8162,#8186,#8210,#8234,#8258,#8282,
    #8306,#8330,#8354,#8378,#8402,#8426,#8450,#8474,#8498,#8522,#8546,
    #8577,#8594,#8611,#8628,#8645,#8662,#8679,#8691,#8708,#8748,#8785,
    #8802,#8819,#8831,#8848,#8865,#8900,#8917,#8938,#8950,#8981,#9117,
    #9166,#9190,#9232,#9256,#9277,#9294,#9310,#9350,#9374,#9398,#9422,
    #9446,#9470,#9494,#9518,#9558,#9584,#9608,#9632,#9656,#9680,#9704,
    #9728,#9752,#9776,#9800,#9824,#9848,#9872,#9889,#9920,#9951,#9982,
    #10013,#10044,#10075,#10106,#10137,#10168,#10199,#10230,#10261,
    #10292,#10323,#10354,#10385,#10407,#10438,#10481,#10510,#10527,
    #10544,#10556,#10568,#10585,#10602,#10614,#10626,#10658,#10670,
    #10687,#10704,#10747,#10772,#10863,#10894,#10918,#10942,#10966,
    #10990,#11014,#11038,#11062,#11086,#11103,#11121,#11146,#11237,
    #11268,#11292,#11316,#11340,#11364,#11388,#11412,#11436,#11460,
    #11477,#11495,#11549,#11580,#11611,#11628,#11645,#11805));
#17 = ADVANCED_FACE('',(#18),#52,.T.);
#18 = FACE_BOUND('',#19,.T.);
#19 = EDGE_LOOP('',(#20,#30,#38,#46));
#20 = ORIENTED_EDGE('',*,*,#21,.F.);
#21 = EDGE_CURVE('',#22,#24,#26,.T.);
#22 = VERTEX_POINT('',#23);
#23 = CARTESIAN_POINT('',(83.6,18.,18.));
#24 = VERTEX_POINT('',#25);
#25 = CARTESIAN_POINT('',(96.4,18.,18.));
#26 = LINE('',#27,#28);
#27 = CARTESIAN_POINT('',(71.,18.,18.));
#28 = VECTOR('',#29,1.);
#29 = DIRECTION('',(1.,0.,-0.));
#30 = ORIENTED_EDGE('',*,*,#31,.F.);
#31 = EDGE_CURVE('',#32,#22,#34,.T.);
#32 = VERTEX_POINT('',#33);
#33 = CARTESIAN_POINT('',(83.6,-8.,18.));
#34 = LINE('',#35,#36);
#35 = CARTESIAN_POINT('',(83.6,-8.,18.));
#36 = VECTOR('',#37,1.);
#37 = DIRECTION('',(-0.,1.,0.));
#38 = ORIENTED_EDGE('',*,*,#39,.T.);
#39 = EDGE_CURVE('',#32,#40,#42,.T.);
#40 = VERTEX_POINT('',#41);
#41 = CARTESIAN_POINT('',(96.4,-8.,18.));
#42 = LINE('',#43,#44);
#43 = CARTESIAN_POINT('',(71.,-8.,18.));
#44 = VECTOR('',#45,1.);
#45 = DIRECTION('',(1.,0.,-0.));
#46 = ORIENTED_EDGE('',*,*,#47,.T.);
#47 = EDGE_CURVE('',#40,#24,#48,.T.);
#48 = LINE('',#49,#50);
#49 = CARTESIAN_POINT('',(96.4,-8.,18.));
#50 = VECTOR('',#51,1.);
#51 = DIRECTION('',(-0.,1.,0.));
#52 = PLANE('',#53);
#53 = AXIS2_PLACEMENT_3D('',#54,#55,#56);
#54 = CARTESIAN_POINT('',(71.,-8.,18.));
#55 = DIRECTION('',(0.,0.,1.));
#56 = DIRECTION('',(1.,0.,-0.));
#57 = ADVANCED_FACE('',(#58),#99,.T.);
#58 = FACE_BOUND('',#59,.T.);
#59 = EDGE_LOOP('',(#60,#68,#69,#77,#85,#93));
#60 = ORIENTED_EDGE('',*,*,#61,.F.);
#61 = EDGE_CURVE('',#32,#62,#64,.T.);
#62 = VERTEX_POINT('',#63);
#63 = CARTESIAN_POINT('',(83.6,-8.,35.04));
#64 = LINE('',#65,#66);
#65 = CARTESIAN_POINT('',(83.6,-8.,14.04));
#66 = VECTOR('',#67,1.);
#67 = DIRECTION('',(0.,0.,1.));
#68 = ORIENTED_EDGE('',*,*,#31,.T.);
#69 = ORIENTED_EDGE('',*,*,#70,.T.);
#70 = EDGE_CURVE('',#22,#71,#73,.T.);
#71 = VERTEX_POINT('',#72);
#72 = CARTESIAN_POINT('',(83.6,18.,14.04));
#73 = LINE('',#74,#75);
#74 = CARTESIAN_POINT('',(83.6,18.,7.02));
#75 = VECTOR('',#76,1.);
#76 = DIRECTION('',(-0.,0.,-1.));
#77 = ORIENTED_EDGE('',*,*,#78,.T.);
#78 = EDGE_CURVE('',#71,#79,#81,.T.);
#79 = VERTEX_POINT('',#80);
#80 = CARTESIAN_POINT('',(83.6,220.,14.04));
#81 = LINE('',#82,#83);
#82 = CARTESIAN_POINT('',(83.6,-8.,14.04));
#83 = VECTOR('',#84,1.);
#84 = DIRECTION('',(-0.,1.,0.));
#85 = ORIENTED_EDGE('',*,*,#86,.T.);
#86 = EDGE_CURVE('',#79,#87,#89,.T.);
#87 = VERTEX_POINT('',#88);
#88 = CARTESIAN_POINT('',(83.6,220.,35.04));
#89 = LINE('',#90,#91);
#90 = CARTESIAN_POINT('',(83.6,220.,14.04));
#91 = VECTOR('',#92,1.);
#92 = DIRECTION('',(0.,0.,1.));
#93 = ORIENTED_EDGE('',*,*,#94,.F.);
#94 = EDGE_CURVE('',#62,#87,#95,.T.);
#95 = LINE('',#96,#97);
#96 = CARTESIAN_POINT('',(83.6,24.,35.04));
#97 = VECTOR('',#98,1.);
#98 = DIRECTION('',(-0.,1.,0.));
#99 = PLANE('',#100);
#100 = AXIS2_PLACEMENT_3D('',#101,#102,#103);
#101 = CARTESIAN_POINT('',(83.6,106.20674698795,24.746746987952));
#102 = DIRECTION('',(1.,0.,0.));
#103 = DIRECTION('',(-0.,0.,1.));
#104 = ADVANCED_FACE('',(#105,#149),#160,.T.);
#105 = FACE_BOUND('',#106,.T.);
#106 = EDGE_LOOP('',(#107,#117,#125,#133,#142));
#107 = ORIENTED_EDGE('',*,*,#108,.F.);
#108 = EDGE_CURVE('',#109,#111,#113,.T.);
#109 = VERTEX_POINT('',#110);
#110 = CARTESIAN_POINT('',(81.,-8.,13.));
#111 = VERTEX_POINT('',#112);
#112 = CARTESIAN_POINT('',(81.,-15.69467112597,0.445536583931));
#113 = LINE('',#114,#115);
#114 = CARTESIAN_POINT('',(81.,-8.,13.));
#115 = VECTOR('',#116,1.);
#116 = DIRECTION('',(0.,-0.522562057929,-0.852601252411));
#117 = ORIENTED_EDGE('',*,*,#118,.T.);
#118 = EDGE_CURVE('',#109,#119,#121,.T.);
#119 = VERTEX_POINT('',#120);
#120 = CARTESIAN_POINT('',(81.,-8.,0.));
#121 = LINE('',#122,#123);
#122 = CARTESIAN_POINT('',(81.,-8.,-2.75));
#123 = VECTOR('',#124,1.);
#124 = DIRECTION('',(0.,0.,-1.));
#125 = ORIENTED_EDGE('',*,*,#126,.T.);
#126 = EDGE_CURVE('',#119,#127,#129,.T.);
#127 = VERTEX_POINT('',#128);
#128 = CARTESIAN_POINT('',(81.,-6.26,0.));
#129 = LINE('',#130,#131);
#130 = CARTESIAN_POINT('',(81.,-6.192649514669,0.));
#131 = VECTOR('',#132,1.);
#132 = DIRECTION('',(0.,1.,0.));
#133 = ORIENTED_EDGE('',*,*,#134,.T.);
#134 = EDGE_CURVE('',#127,#135,#137,.T.);
#135 = VERTEX_POINT('',#136);
#136 = CARTESIAN_POINT('',(81.,-5.400873841802,-3.165147981523));
#137 = CIRCLE('',#138,6.26);
#138 = AXIS2_PLACEMENT_3D('',#139,#140,#141);
#139 = CARTESIAN_POINT('',(81.,0.,0.));
#140 = DIRECTION('',(1.,0.,0.));
#141 = DIRECTION('',(-0.,0.,1.));
#142 = ORIENTED_EDGE('',*,*,#143,.F.);
#143 = EDGE_CURVE('',#111,#135,#144,.T.);
#144 = CIRCLE('',#145,7.);
#145 = AXIS2_PLACEMENT_3D('',#146,#147,#148);
#146 = CARTESIAN_POINT('',(81.,-12.,-5.5));
#147 = DIRECTION('',(1.,0.,0.));
#148 = DIRECTION('',(-0.,0.,1.));
#149 = FACE_BOUND('',#150,.T.);
#150 = EDGE_LOOP('',(#151));
#151 = ORIENTED_EDGE('',*,*,#152,.T.);
#152 = EDGE_CURVE('',#153,#153,#155,.T.);
#153 = VERTEX_POINT('',#154);
#154 = CARTESIAN_POINT('',(81.,-12.,-3.2));
#155 = CIRCLE('',#156,2.3);
#156 = AXIS2_PLACEMENT_3D('',#157,#158,#159);
#157 = CARTESIAN_POINT('',(81.,-12.,-5.5));
#158 = DIRECTION('',(1.,0.,0.));
#159 = DIRECTION('',(-0.,0.,1.));
#160 = PLANE('',#161);
#161 = AXIS2_PLACEMENT_3D('',#162,#163,#164);
#162 = CARTESIAN_POINT('',(81.,-10.63296179817,-0.492578677057));
#163 = DIRECTION('',(-1.,-4.041929189259E-16,-2.36402458872E-16));
#164 = DIRECTION('',(4.041929189259E-16,-1.,0.));
#165 = ADVANCED_FACE('',(#166),#191,.F.);
#166 = FACE_BOUND('',#167,.F.);
#167 = EDGE_LOOP('',(#168,#169,#177,#185));
#168 = ORIENTED_EDGE('',*,*,#108,.F.);
#169 = ORIENTED_EDGE('',*,*,#170,.T.);
#170 = EDGE_CURVE('',#109,#171,#173,.T.);
#171 = VERTEX_POINT('',#172);
#172 = CARTESIAN_POINT('',(99.,-8.,13.));
#173 = LINE('',#174,#175);
#174 = CARTESIAN_POINT('',(81.,-8.,13.));
#175 = VECTOR('',#176,1.);
#176 = DIRECTION('',(1.,0.,0.));
#177 = ORIENTED_EDGE('',*,*,#178,.T.);
#178 = EDGE_CURVE('',#171,#179,#181,.T.);
#179 = VERTEX_POINT('',#180);
#180 = CARTESIAN_POINT('',(99.,-15.69467112597,0.445536583931));
#181 = LINE('',#182,#183);
#182 = CARTESIAN_POINT('',(99.,-8.,13.));
#183 = VECTOR('',#184,1.);
#184 = DIRECTION('',(0.,-0.522562057929,-0.852601252411));
#185 = ORIENTED_EDGE('',*,*,#186,.F.);
#186 = EDGE_CURVE('',#111,#179,#187,.T.);
#187 = LINE('',#188,#189);
#188 = CARTESIAN_POINT('',(81.,-15.69467112597,0.445536583932));
#189 = VECTOR('',#190,1.);
#190 = DIRECTION('',(1.,0.,0.));
#191 = PLANE('',#192);
#192 = AXIS2_PLACEMENT_3D('',#193,#194,#195);
#193 = CARTESIAN_POINT('',(81.,-8.,13.));
#194 = DIRECTION('',(0.,0.852601252411,-0.522562057929));
#195 = DIRECTION('',(0.,-0.522562057929,-0.852601252411));
#196 = ADVANCED_FACE('',(#197),#391,.T.);
#197 = FACE_BOUND('',#198,.T.);
#198 = EDGE_LOOP('',(#199,#209,#217,#225,#233,#241,#249,#257,#265,#273,
    #281,#289,#297,#305,#313,#321,#329,#337,#345,#353,#361,#369,#377,
    #385));
#199 = ORIENTED_EDGE('',*,*,#200,.F.);
#200 = EDGE_CURVE('',#201,#203,#205,.T.);
#201 = VERTEX_POINT('',#202);
#202 = CARTESIAN_POINT('',(-71.,18.,0.));
#203 = VERTEX_POINT('',#204);
#204 = CARTESIAN_POINT('',(-71.,18.,18.));
#205 = LINE('',#206,#207);
#206 = CARTESIAN_POINT('',(-71.,18.,0.));
#207 = VECTOR('',#208,1.);
#208 = DIRECTION('',(0.,0.,1.));
#209 = ORIENTED_EDGE('',*,*,#210,.F.);
#210 = EDGE_CURVE('',#211,#201,#213,.T.);
#211 = VERTEX_POINT('',#212);
#212 = CARTESIAN_POINT('',(-109.,18.,0.));
#213 = LINE('',#214,#215);
#214 = CARTESIAN_POINT('',(-109.,18.,0.));
#215 = VECTOR('',#216,1.);
#216 = DIRECTION('',(1.,0.,-0.));
#217 = ORIENTED_EDGE('',*,*,#218,.T.);
#218 = EDGE_CURVE('',#211,#219,#221,.T.);
#219 = VERTEX_POINT('',#220);
#220 = CARTESIAN_POINT('',(-109.,18.,18.));
#221 = LINE('',#222,#223);
#222 = CARTESIAN_POINT('',(-109.,18.,0.));
#223 = VECTOR('',#224,1.);
#224 = DIRECTION('',(0.,0.,1.));
#225 = ORIENTED_EDGE('',*,*,#226,.T.);
#226 = EDGE_CURVE('',#219,#227,#229,.T.);
#227 = VERTEX_POINT('',#228);
#228 = CARTESIAN_POINT('',(-103.7828082304,18.,18.));
#229 = LINE('',#230,#231);
#230 = CARTESIAN_POINT('',(-109.,18.,18.));
#231 = VECTOR('',#232,1.);
#232 = DIRECTION('',(1.,0.,-0.));
#233 = ORIENTED_EDGE('',*,*,#234,.F.);
#234 = EDGE_CURVE('',#235,#227,#237,.T.);
#235 = VERTEX_POINT('',#236);
#236 = CARTESIAN_POINT('',(-103.8491083676,18.,17.928888888889));
#237 = LINE('',#238,#239);
#238 = CARTESIAN_POINT('',(-109.2590335527,18.,12.126400276657));
#239 = VECTOR('',#240,1.);
#240 = DIRECTION('',(0.681932082106,0.,0.731415501199));
#241 = ORIENTED_EDGE('',*,*,#242,.F.);
#242 = EDGE_CURVE('',#243,#235,#245,.T.);
#243 = VERTEX_POINT('',#244);
#244 = CARTESIAN_POINT('',(-104.3407407407,18.,17.373333333333));
#245 = LINE('',#246,#247);
#246 = CARTESIAN_POINT('',(-109.4291455418,18.,11.623322327665));
#247 = VECTOR('',#248,1.);
#248 = DIRECTION('',(0.662709521533,0.,0.748876551956));
#249 = ORIENTED_EDGE('',*,*,#250,.F.);
#250 = EDGE_CURVE('',#251,#243,#253,.T.);
#251 = VERTEX_POINT('',#252);
#252 = CARTESIAN_POINT('',(-104.792866941,18.,16.817777777778));
#253 = LINE('',#254,#255);
#254 = CARTESIAN_POINT('',(-109.5217051919,18.,11.007160388129));
#255 = VECTOR('',#256,1.);
#256 = DIRECTION('',(0.631212461229,0.,0.77560997208));
#257 = ORIENTED_EDGE('',*,*,#258,.F.);
#258 = EDGE_CURVE('',#259,#251,#261,.T.);
#259 = VERTEX_POINT('',#260);
#260 = CARTESIAN_POINT('',(-105.1923182441,18.,16.262222222222));
#261 = LINE('',#262,#263);
#262 = CARTESIAN_POINT('',(-109.4953679556,18.,10.277554869337));
#263 = VECTOR('',#264,1.);
#264 = DIRECTION('',(0.583776486487,0.,0.811914412869));
#265 = ORIENTED_EDGE('',*,*,#266,.F.);
#266 = EDGE_CURVE('',#267,#259,#269,.T.);
#267 = VERTEX_POINT('',#268);
#268 = CARTESIAN_POINT('',(-105.5259259259,18.,15.706666666667));
#269 = LINE('',#270,#271);
#270 = CARTESIAN_POINT('',(-109.2855291323,18.,9.44581428762));
#271 = VECTOR('',#272,1.);
#272 = DIRECTION('',(0.514807016402,0.,0.857306092282));
#273 = ORIENTED_EDGE('',*,*,#274,.F.);
#274 = EDGE_CURVE('',#275,#267,#277,.T.);
#275 = VERTEX_POINT('',#276);
#276 = CARTESIAN_POINT('',(-105.780521262,18.,15.151111111111));
#277 = LINE('',#278,#279);
#278 = CARTESIAN_POINT('',(-108.80172564,18.,8.558504574978));
#279 = VECTOR('',#280,1.);
#280 = DIRECTION('',(0.416608335402,0.,0.909086076713));
#281 = ORIENTED_EDGE('',*,*,#282,.F.);
#282 = EDGE_CURVE('',#283,#275,#285,.T.);
#283 = VERTEX_POINT('',#284);
#284 = CARTESIAN_POINT('',(-105.9429355281,18.,14.595555555556));
#285 = LINE('',#286,#287);
#286 = CARTESIAN_POINT('',(-107.9475711004,18.,7.738482863158));
#287 = VECTOR('',#288,1.);
#288 = DIRECTION('',(0.280600582118,0.,0.959824626333));
#289 = ORIENTED_EDGE('',*,*,#290,.F.);
#290 = EDGE_CURVE('',#291,#283,#293,.T.);
#291 = VERTEX_POINT('',#292);
#292 = CARTESIAN_POINT('',(-106.,18.,14.04));
#293 = LINE('',#294,#295);
#294 = CARTESIAN_POINT('',(-106.7006668328,18.,7.218604151264));
#295 = VECTOR('',#296,1.);
#296 = DIRECTION('',(0.102178442416,0.,0.994766086025));
#297 = ORIENTED_EDGE('',*,*,#298,.T.);
#298 = EDGE_CURVE('',#291,#299,#301,.T.);
#299 = VERTEX_POINT('',#300);
#300 = CARTESIAN_POINT('',(-106.,18.,9.54));
#301 = LINE('',#302,#303);
#302 = CARTESIAN_POINT('',(-106.,18.,4.77));
#303 = VECTOR('',#304,1.);
#304 = DIRECTION('',(-0.,0.,-1.));
#305 = ORIENTED_EDGE('',*,*,#306,.T.);
#306 = EDGE_CURVE('',#299,#307,#309,.T.);
#307 = VERTEX_POINT('',#308);
#308 = CARTESIAN_POINT('',(-74.,18.,9.54));
#309 = LINE('',#310,#311);
#310 = CARTESIAN_POINT('',(-107.5,18.,9.54));
#311 = VECTOR('',#312,1.);
#312 = DIRECTION('',(1.,0.,-0.));
#313 = ORIENTED_EDGE('',*,*,#314,.F.);
#314 = EDGE_CURVE('',#315,#307,#317,.T.);
#315 = VERTEX_POINT('',#316);
#316 = CARTESIAN_POINT('',(-74.,18.,14.04));
#317 = LINE('',#318,#319);
#318 = CARTESIAN_POINT('',(-74.,18.,4.77));
#319 = VECTOR('',#320,1.);
#320 = DIRECTION('',(-0.,0.,-1.));
#321 = ORIENTED_EDGE('',*,*,#322,.T.);
#322 = EDGE_CURVE('',#315,#323,#325,.T.);
#323 = VERTEX_POINT('',#324);
#324 = CARTESIAN_POINT('',(-74.05706447187,18.,14.595555555556));
#325 = LINE('',#326,#327);
#326 = CARTESIAN_POINT('',(-73.49770141494,18.,9.149833486799));
#327 = VECTOR('',#328,1.);
#328 = DIRECTION('',(-0.102178442416,-0.,0.994766086025));
#329 = ORIENTED_EDGE('',*,*,#330,.T.);
#330 = EDGE_CURVE('',#323,#331,#333,.T.);
#331 = VERTEX_POINT('',#332);
#332 = CARTESIAN_POINT('',(-74.21947873799,18.,15.151111111111));
#333 = LINE('',#334,#335);
#334 = CARTESIAN_POINT('',(-73.54842594659,18.,12.855702491882));
#335 = VECTOR('',#336,1.);
#336 = DIRECTION('',(-0.280600582118,-0.,0.959824626333));
#337 = ORIENTED_EDGE('',*,*,#338,.T.);
#338 = EDGE_CURVE('',#331,#339,#341,.T.);
#339 = VERTEX_POINT('',#340);
#340 = CARTESIAN_POINT('',(-74.47407407407,18.,15.706666666667));
#341 = LINE('',#342,#343);
#342 = CARTESIAN_POINT('',(-74.49596195736,18.,15.754428480957));
#343 = VECTOR('',#344,1.);
#344 = DIRECTION('',(-0.416608335402,-0.,0.909086076713));
#345 = ORIENTED_EDGE('',*,*,#346,.T.);
#346 = EDGE_CURVE('',#339,#347,#349,.T.);
#347 = VERTEX_POINT('',#348);
#348 = CARTESIAN_POINT('',(-74.80768175583,18.,16.262222222222));
#349 = LINE('',#350,#351);
#350 = CARTESIAN_POINT('',(-75.74996988629,18.,17.831410926326));
#351 = VECTOR('',#352,1.);
#352 = DIRECTION('',(-0.514807016402,-0.,0.857306092282));
#353 = ORIENTED_EDGE('',*,*,#354,.T.);
#354 = EDGE_CURVE('',#347,#355,#357,.T.);
#355 = VERTEX_POINT('',#356);
#356 = CARTESIAN_POINT('',(-75.20713305898,18.,16.817777777778));
#357 = LINE('',#358,#359);
#358 = CARTESIAN_POINT('',(-76.97973678166,18.,19.283109191527));
#359 = VECTOR('',#360,1.);
#360 = DIRECTION('',(-0.583776486487,-0.,0.811914412869));
#361 = ORIENTED_EDGE('',*,*,#362,.T.);
#362 = EDGE_CURVE('',#355,#363,#365,.T.);
#363 = VERTEX_POINT('',#364);
#364 = CARTESIAN_POINT('',(-75.65925925925,18.,17.373333333333));
#365 = LINE('',#366,#367);
#366 = CARTESIAN_POINT('',(-78.04844906104,18.,20.309079297298));
#367 = VECTOR('',#368,1.);
#368 = DIRECTION('',(-0.631212461229,-0.,0.77560997208));
#369 = ORIENTED_EDGE('',*,*,#370,.T.);
#370 = EDGE_CURVE('',#363,#371,#373,.T.);
#371 = VERTEX_POINT('',#372);
#372 = CARTESIAN_POINT('',(-76.15089163237,18.,17.928888888889));
#373 = LINE('',#374,#375);
#374 = CARTESIAN_POINT('',(-78.91534874687,18.,21.052787134913));
#375 = VECTOR('',#376,1.);
#376 = DIRECTION('',(-0.662709521533,-0.,0.748876551956));
#377 = ORIENTED_EDGE('',*,*,#378,.T.);
#378 = EDGE_CURVE('',#371,#379,#381,.T.);
#379 = VERTEX_POINT('',#380);
#380 = CARTESIAN_POINT('',(-76.21719176954,18.,18.));
#381 = LINE('',#382,#383);
#382 = CARTESIAN_POINT('',(-79.57656237474,18.,21.603138493388));
#383 = VECTOR('',#384,1.);
#384 = DIRECTION('',(-0.681932082106,-0.,0.731415501199));
#385 = ORIENTED_EDGE('',*,*,#386,.T.);
#386 = EDGE_CURVE('',#379,#203,#387,.T.);
#387 = LINE('',#388,#389);
#388 = CARTESIAN_POINT('',(-109.,18.,18.));
#389 = VECTOR('',#390,1.);
#390 = DIRECTION('',(1.,0.,-0.));
#391 = PLANE('',#392);
#392 = AXIS2_PLACEMENT_3D('',#393,#394,#395);
#393 = CARTESIAN_POINT('',(-109.,18.,0.));
#394 = DIRECTION('',(-0.,1.,0.));
#395 = DIRECTION('',(0.,0.,1.));
#396 = ADVANCED_FACE('',(#397),#454,.T.);
#397 = FACE_BOUND('',#398,.T.);
#398 = EDGE_LOOP('',(#399,#400,#408,#416,#424,#432,#440,#448));
#399 = ORIENTED_EDGE('',*,*,#200,.T.);
#400 = ORIENTED_EDGE('',*,*,#401,.F.);
#401 = EDGE_CURVE('',#402,#203,#404,.T.);
#402 = VERTEX_POINT('',#403);
#403 = CARTESIAN_POINT('',(-71.,-8.,18.));
#404 = LINE('',#405,#406);
#405 = CARTESIAN_POINT('',(-71.,-8.,18.));
#406 = VECTOR('',#407,1.);
#407 = DIRECTION('',(-0.,1.,0.));
#408 = ORIENTED_EDGE('',*,*,#409,.F.);
#409 = EDGE_CURVE('',#410,#402,#412,.T.);
#410 = VERTEX_POINT('',#411);
#411 = CARTESIAN_POINT('',(-71.,-8.,16.));
#412 = LINE('',#413,#414);
#413 = CARTESIAN_POINT('',(-71.,-8.,0.));
#414 = VECTOR('',#415,1.);
#415 = DIRECTION('',(0.,0.,1.));
#416 = ORIENTED_EDGE('',*,*,#417,.F.);
#417 = EDGE_CURVE('',#418,#410,#420,.T.);
#418 = VERTEX_POINT('',#419);
#419 = CARTESIAN_POINT('',(-71.,8.,16.));
#420 = LINE('',#421,#422);
#421 = CARTESIAN_POINT('',(-71.,-8.,16.));
#422 = VECTOR('',#423,1.);
#423 = DIRECTION('',(0.,-1.,0.));
#424 = ORIENTED_EDGE('',*,*,#425,.F.);
#425 = EDGE_CURVE('',#426,#418,#428,.T.);
#426 = VERTEX_POINT('',#427);
#427 = CARTESIAN_POINT('',(-71.,8.,10.));
#428 = LINE('',#429,#430);
#429 = CARTESIAN_POINT('',(-71.,8.,5.));
#430 = VECTOR('',#431,1.);
#431 = DIRECTION('',(0.,0.,1.));
#432 = ORIENTED_EDGE('',*,*,#433,.T.);
#433 = EDGE_CURVE('',#426,#434,#436,.T.);
#434 = VERTEX_POINT('',#435);
#435 = CARTESIAN_POINT('',(-71.,7.,10.));
#436 = LINE('',#437,#438);
#437 = CARTESIAN_POINT('',(-71.,-8.,10.));
#438 = VECTOR('',#439,1.);
#439 = DIRECTION('',(0.,-1.,0.));
#440 = ORIENTED_EDGE('',*,*,#441,.F.);
#441 = EDGE_CURVE('',#442,#434,#444,.T.);
#442 = VERTEX_POINT('',#443);
#443 = CARTESIAN_POINT('',(-71.,7.,0.));
#444 = LINE('',#445,#446);
#445 = CARTESIAN_POINT('',(-71.,7.,0.));
#446 = VECTOR('',#447,1.);
#447 = DIRECTION('',(0.,0.,1.));
#448 = ORIENTED_EDGE('',*,*,#449,.T.);
#449 = EDGE_CURVE('',#442,#201,#450,.T.);
#450 = LINE('',#451,#452);
#451 = CARTESIAN_POINT('',(-71.,-8.,0.));
#452 = VECTOR('',#453,1.);
#453 = DIRECTION('',(-0.,1.,0.));
#454 = PLANE('',#455);
#455 = AXIS2_PLACEMENT_3D('',#456,#457,#458);
#456 = CARTESIAN_POINT('',(-71.,-8.,0.));
#457 = DIRECTION('',(1.,0.,-0.));
#458 = DIRECTION('',(0.,0.,1.));
#459 = ADVANCED_FACE('',(#460),#478,.T.);
#460 = FACE_BOUND('',#461,.T.);
#461 = EDGE_LOOP('',(#462,#463,#471,#477));
#462 = ORIENTED_EDGE('',*,*,#386,.F.);
#463 = ORIENTED_EDGE('',*,*,#464,.T.);
#464 = EDGE_CURVE('',#379,#465,#467,.T.);
#465 = VERTEX_POINT('',#466);
#466 = CARTESIAN_POINT('',(-76.21719176954,-8.,18.));
#467 = LINE('',#468,#469);
#468 = CARTESIAN_POINT('',(-76.21719176954,-8.,18.));
#469 = VECTOR('',#470,1.);
#470 = DIRECTION('',(-0.,-1.,0.));
#471 = ORIENTED_EDGE('',*,*,#472,.T.);
#472 = EDGE_CURVE('',#465,#402,#473,.T.);
#473 = LINE('',#474,#475);
#474 = CARTESIAN_POINT('',(-109.,-8.,18.));
#475 = VECTOR('',#476,1.);
#476 = DIRECTION('',(1.,0.,-0.));
#477 = ORIENTED_EDGE('',*,*,#401,.T.);
#478 = PLANE('',#479);
#479 = AXIS2_PLACEMENT_3D('',#480,#481,#482);
#480 = CARTESIAN_POINT('',(-109.,-8.,18.));
#481 = DIRECTION('',(0.,0.,1.));
#482 = DIRECTION('',(1.,0.,-0.));
#483 = ADVANCED_FACE('',(#484),#518,.T.);
#484 = FACE_BOUND('',#485,.T.);
#485 = EDGE_LOOP('',(#486,#487,#495,#503,#511,#517));
#486 = ORIENTED_EDGE('',*,*,#378,.F.);
#487 = ORIENTED_EDGE('',*,*,#488,.T.);
#488 = EDGE_CURVE('',#371,#489,#491,.T.);
#489 = VERTEX_POINT('',#490);
#490 = CARTESIAN_POINT('',(-76.15089163237,190.58,17.928888888889));
#491 = LINE('',#492,#493);
#492 = CARTESIAN_POINT('',(-76.15089163237,24.,17.928888888889));
#493 = VECTOR('',#494,1.);
#494 = DIRECTION('',(0.,1.,0.));
#495 = ORIENTED_EDGE('',*,*,#496,.T.);
#496 = EDGE_CURVE('',#489,#497,#499,.T.);
#497 = VERTEX_POINT('',#498);
#498 = CARTESIAN_POINT('',(-76.66886145404,190.58,18.484444444444));
#499 = LINE('',#500,#501);
#500 = CARTESIAN_POINT('',(-75.73239749683,190.58,17.480027329323));
#501 = VECTOR('',#502,1.);
#502 = DIRECTION('',(-0.681932082106,-0.,0.731415501199));
#503 = ORIENTED_EDGE('',*,*,#504,.F.);
#504 = EDGE_CURVE('',#505,#497,#507,.T.);
#505 = VERTEX_POINT('',#506);
#506 = CARTESIAN_POINT('',(-76.66886145404,-8.,18.484444444444));
#507 = LINE('',#508,#509);
#508 = CARTESIAN_POINT('',(-76.66886145404,24.,18.484444444444));
#509 = VECTOR('',#510,1.);
#510 = DIRECTION('',(0.,1.,0.));
#511 = ORIENTED_EDGE('',*,*,#512,.T.);
#512 = EDGE_CURVE('',#505,#465,#513,.T.);
#513 = LINE('',#514,#515);
#514 = CARTESIAN_POINT('',(-76.66886145404,-8.,18.484444444444));
#515 = VECTOR('',#516,1.);
#516 = DIRECTION('',(0.681932082106,0.,-0.731415501199));
#517 = ORIENTED_EDGE('',*,*,#464,.F.);
#518 = PLANE('',#519);
#519 = AXIS2_PLACEMENT_3D('',#520,#521,#522);
#520 = CARTESIAN_POINT('',(-76.41364426236,106.0055250651,
    18.210707784929));
#521 = DIRECTION('',(0.731415501199,0.,0.681932082106));
#522 = DIRECTION('',(-0.681932082106,0.,0.731415501199));
#523 = ADVANCED_FACE('',(#524),#542,.T.);
#524 = FACE_BOUND('',#525,.T.);
#525 = EDGE_LOOP('',(#526,#527,#535,#541));
#526 = ORIENTED_EDGE('',*,*,#370,.F.);
#527 = ORIENTED_EDGE('',*,*,#528,.T.);
#528 = EDGE_CURVE('',#363,#529,#531,.T.);
#529 = VERTEX_POINT('',#530);
#530 = CARTESIAN_POINT('',(-75.65925925925,190.58,17.373333333333));
#531 = LINE('',#532,#533);
#532 = CARTESIAN_POINT('',(-75.65925925925,24.,17.373333333333));
#533 = VECTOR('',#534,1.);
#534 = DIRECTION('',(0.,1.,0.));
#535 = ORIENTED_EDGE('',*,*,#536,.T.);
#536 = EDGE_CURVE('',#529,#489,#537,.T.);
#537 = LINE('',#538,#539);
#538 = CARTESIAN_POINT('',(-75.45910339971,190.58,17.14715274428));
#539 = VECTOR('',#540,1.);
#540 = DIRECTION('',(-0.662709521533,-0.,0.748876551956));
#541 = ORIENTED_EDGE('',*,*,#488,.F.);
#542 = PLANE('',#543);
#543 = AXIS2_PLACEMENT_3D('',#544,#545,#546);
#544 = CARTESIAN_POINT('',(-75.90507544581,119.,17.651111111111));
#545 = DIRECTION('',(0.748876551956,0.,0.662709521533));
#546 = DIRECTION('',(-0.662709521533,0.,0.748876551956));
#547 = ADVANCED_FACE('',(#548),#566,.T.);
#548 = FACE_BOUND('',#549,.T.);
#549 = EDGE_LOOP('',(#550,#551,#559,#565));
#550 = ORIENTED_EDGE('',*,*,#362,.F.);
#551 = ORIENTED_EDGE('',*,*,#552,.T.);
#552 = EDGE_CURVE('',#355,#553,#555,.T.);
#553 = VERTEX_POINT('',#554);
#554 = CARTESIAN_POINT('',(-75.20713305898,190.58,16.817777777778));
#555 = LINE('',#556,#557);
#556 = CARTESIAN_POINT('',(-75.20713305898,24.,16.817777777778));
#557 = VECTOR('',#558,1.);
#558 = DIRECTION('',(0.,1.,0.));
#559 = ORIENTED_EDGE('',*,*,#560,.T.);
#560 = EDGE_CURVE('',#553,#529,#561,.T.);
#561 = LINE('',#562,#563);
#562 = CARTESIAN_POINT('',(-75.18678811322,190.58,16.792778678774));
#563 = VECTOR('',#564,1.);
#564 = DIRECTION('',(-0.631212461229,-0.,0.77560997208));
#565 = ORIENTED_EDGE('',*,*,#528,.F.);
#566 = PLANE('',#567);
#567 = AXIS2_PLACEMENT_3D('',#568,#569,#570);
#568 = CARTESIAN_POINT('',(-75.43319615912,119.,17.095555555556));
#569 = DIRECTION('',(0.77560997208,0.,0.631212461229));
#570 = DIRECTION('',(-0.631212461229,0.,0.77560997208));
#571 = ADVANCED_FACE('',(#572),#590,.T.);
#572 = FACE_BOUND('',#573,.T.);
#573 = EDGE_LOOP('',(#574,#575,#583,#589));
#574 = ORIENTED_EDGE('',*,*,#354,.F.);
#575 = ORIENTED_EDGE('',*,*,#576,.T.);
#576 = EDGE_CURVE('',#347,#577,#579,.T.);
#577 = VERTEX_POINT('',#578);
#578 = CARTESIAN_POINT('',(-74.80768175583,190.58,16.262222222222));
#579 = LINE('',#580,#581);
#580 = CARTESIAN_POINT('',(-74.80768175583,24.,16.262222222222));
#581 = VECTOR('',#582,1.);
#582 = DIRECTION('',(0.,1.,0.));
#583 = ORIENTED_EDGE('',*,*,#584,.T.);
#584 = EDGE_CURVE('',#577,#553,#585,.T.);
#585 = LINE('',#586,#587);
#586 = CARTESIAN_POINT('',(-74.91538747306,190.58,16.412018978674));
#587 = VECTOR('',#588,1.);
#588 = DIRECTION('',(-0.583776486487,-0.,0.811914412869));
#589 = ORIENTED_EDGE('',*,*,#552,.F.);
#590 = PLANE('',#591);
#591 = AXIS2_PLACEMENT_3D('',#592,#593,#594);
#592 = CARTESIAN_POINT('',(-75.0074074074,119.,16.54));
#593 = DIRECTION('',(0.811914412869,0.,0.583776486487));
#594 = DIRECTION('',(-0.583776486487,0.,0.811914412869));
#595 = ADVANCED_FACE('',(#596),#614,.T.);
#596 = FACE_BOUND('',#597,.T.);
#597 = EDGE_LOOP('',(#598,#599,#607,#613));
#598 = ORIENTED_EDGE('',*,*,#346,.F.);
#599 = ORIENTED_EDGE('',*,*,#600,.T.);
#600 = EDGE_CURVE('',#339,#601,#603,.T.);
#601 = VERTEX_POINT('',#602);
#602 = CARTESIAN_POINT('',(-74.47407407407,190.58,15.706666666667));
#603 = LINE('',#604,#605);
#604 = CARTESIAN_POINT('',(-74.47407407407,24.,15.706666666667));
#605 = VECTOR('',#606,1.);
#606 = DIRECTION('',(0.,1.,0.));
#607 = ORIENTED_EDGE('',*,*,#608,.T.);
#608 = EDGE_CURVE('',#601,#577,#609,.T.);
#609 = LINE('',#610,#611);
#610 = CARTESIAN_POINT('',(-74.64809121231,190.58,15.99645672006));
#611 = VECTOR('',#612,1.);
#612 = DIRECTION('',(-0.514807016402,-0.,0.857306092282));
#613 = ORIENTED_EDGE('',*,*,#576,.F.);
#614 = PLANE('',#615);
#615 = AXIS2_PLACEMENT_3D('',#616,#617,#618);
#616 = CARTESIAN_POINT('',(-74.64087791495,119.,15.984444444444));
#617 = DIRECTION('',(0.857306092282,0.,0.514807016402));
#618 = DIRECTION('',(-0.514807016402,0.,0.857306092282));
#619 = ADVANCED_FACE('',(#620),#638,.T.);
#620 = FACE_BOUND('',#621,.T.);
#621 = EDGE_LOOP('',(#622,#623,#631,#637));
#622 = ORIENTED_EDGE('',*,*,#338,.F.);
#623 = ORIENTED_EDGE('',*,*,#624,.T.);
#624 = EDGE_CURVE('',#331,#625,#627,.T.);
#625 = VERTEX_POINT('',#626);
#626 = CARTESIAN_POINT('',(-74.21947873799,190.58,15.151111111111));
#627 = LINE('',#628,#629);
#628 = CARTESIAN_POINT('',(-74.21947873799,24.,15.151111111111));
#629 = VECTOR('',#630,1.);
#630 = DIRECTION('',(0.,1.,0.));
#631 = ORIENTED_EDGE('',*,*,#632,.T.);
#632 = EDGE_CURVE('',#625,#601,#633,.T.);
#633 = LINE('',#634,#635);
#634 = CARTESIAN_POINT('',(-74.39322415397,190.58,15.530243080251));
#635 = VECTOR('',#636,1.);
#636 = DIRECTION('',(-0.416608335402,-0.,0.909086076713));
#637 = ORIENTED_EDGE('',*,*,#600,.F.);
#638 = PLANE('',#639);
#639 = AXIS2_PLACEMENT_3D('',#640,#641,#642);
#640 = CARTESIAN_POINT('',(-74.34677640603,119.,15.428888888889));
#641 = DIRECTION('',(0.909086076713,0.,0.416608335402));
#642 = DIRECTION('',(-0.416608335402,0.,0.909086076713));
#643 = ADVANCED_FACE('',(#644),#662,.T.);
#644 = FACE_BOUND('',#645,.T.);
#645 = EDGE_LOOP('',(#646,#647,#655,#661));
#646 = ORIENTED_EDGE('',*,*,#330,.F.);
#647 = ORIENTED_EDGE('',*,*,#648,.T.);
#648 = EDGE_CURVE('',#323,#649,#651,.T.);
#649 = VERTEX_POINT('',#650);
#650 = CARTESIAN_POINT('',(-74.05706447187,190.58,14.595555555556));
#651 = LINE('',#652,#653);
#652 = CARTESIAN_POINT('',(-74.05706447187,24.,14.595555555556));
#653 = VECTOR('',#654,1.);
#654 = DIRECTION('',(0.,1.,0.));
#655 = ORIENTED_EDGE('',*,*,#656,.T.);
#656 = EDGE_CURVE('',#649,#625,#657,.T.);
#657 = LINE('',#658,#659);
#658 = CARTESIAN_POINT('',(-74.17269517861,190.58,14.991082888555));
#659 = VECTOR('',#660,1.);
#660 = DIRECTION('',(-0.280600582118,-0.,0.959824626333));
#661 = ORIENTED_EDGE('',*,*,#624,.F.);
#662 = PLANE('',#663);
#663 = AXIS2_PLACEMENT_3D('',#664,#665,#666);
#664 = CARTESIAN_POINT('',(-74.13827160493,119.,14.873333333333));
#665 = DIRECTION('',(0.959824626333,0.,0.280600582118));
#666 = DIRECTION('',(-0.280600582118,0.,0.959824626333));
#667 = ADVANCED_FACE('',(#668),#686,.T.);
#668 = FACE_BOUND('',#669,.T.);
#669 = EDGE_LOOP('',(#670,#671,#679,#685));
#670 = ORIENTED_EDGE('',*,*,#322,.F.);
#671 = ORIENTED_EDGE('',*,*,#672,.T.);
#672 = EDGE_CURVE('',#315,#673,#675,.T.);
#673 = VERTEX_POINT('',#674);
#674 = CARTESIAN_POINT('',(-74.,190.58,14.04));
#675 = LINE('',#676,#677);
#676 = CARTESIAN_POINT('',(-74.,24.,14.04));
#677 = VECTOR('',#678,1.);
#678 = DIRECTION('',(-0.,1.,0.));
#679 = ORIENTED_EDGE('',*,*,#680,.T.);
#680 = EDGE_CURVE('',#673,#649,#681,.T.);
#681 = LINE('',#682,#683);
#682 = CARTESIAN_POINT('',(-74.03311411317,190.58,14.362384996048));
#683 = VECTOR('',#684,1.);
#684 = DIRECTION('',(-0.102178442416,-0.,0.994766086025));
#685 = ORIENTED_EDGE('',*,*,#648,.F.);
#686 = PLANE('',#687);
#687 = AXIS2_PLACEMENT_3D('',#688,#689,#690);
#688 = CARTESIAN_POINT('',(-74.02853223594,119.,14.317777777778));
#689 = DIRECTION('',(0.994766086025,0.,0.102178442416));
#690 = DIRECTION('',(-0.102178442416,0.,0.994766086025));
#691 = ADVANCED_FACE('',(#692),#726,.T.);
#692 = FACE_BOUND('',#693,.T.);
#693 = EDGE_LOOP('',(#694,#695,#696,#704,#712,#720));
#694 = ORIENTED_EDGE('',*,*,#672,.F.);
#695 = ORIENTED_EDGE('',*,*,#314,.T.);
#696 = ORIENTED_EDGE('',*,*,#697,.T.);
#697 = EDGE_CURVE('',#307,#698,#700,.T.);
#698 = VERTEX_POINT('',#699);
#699 = CARTESIAN_POINT('',(-74.,216.,9.54));
#700 = LINE('',#701,#702);
#701 = CARTESIAN_POINT('',(-74.,24.,9.54));
#702 = VECTOR('',#703,1.);
#703 = DIRECTION('',(-0.,1.,0.));
#704 = ORIENTED_EDGE('',*,*,#705,.T.);
#705 = EDGE_CURVE('',#698,#706,#708,.T.);
#706 = VERTEX_POINT('',#707);
#707 = CARTESIAN_POINT('',(-74.,216.,14.));
#708 = LINE('',#709,#710);
#709 = CARTESIAN_POINT('',(-74.,216.,9.54));
#710 = VECTOR('',#711,1.);
#711 = DIRECTION('',(0.,0.,1.));
#712 = ORIENTED_EDGE('',*,*,#713,.T.);
#713 = EDGE_CURVE('',#706,#714,#716,.T.);
#714 = VERTEX_POINT('',#715);
#715 = CARTESIAN_POINT('',(-74.,190.58,14.));
#716 = LINE('',#717,#718);
#717 = CARTESIAN_POINT('',(-74.,165.6075,14.));
#718 = VECTOR('',#719,1.);
#719 = DIRECTION('',(0.,-1.,0.));
#720 = ORIENTED_EDGE('',*,*,#721,.T.);
#721 = EDGE_CURVE('',#714,#673,#722,.T.);
#722 = LINE('',#723,#724);
#723 = CARTESIAN_POINT('',(-74.,190.58,12.895));
#724 = VECTOR('',#725,1.);
#725 = DIRECTION('',(0.,-0.,1.));
#726 = PLANE('',#727);
#727 = AXIS2_PLACEMENT_3D('',#728,#729,#730);
#728 = CARTESIAN_POINT('',(-74.,117.,11.79));
#729 = DIRECTION('',(1.,0.,0.));
#730 = DIRECTION('',(-0.,0.,1.));
#731 = ADVANCED_FACE('',(#732),#814,.T.);
#732 = FACE_BOUND('',#733,.T.);
#733 = EDGE_LOOP('',(#734,#744,#752,#760,#768,#776,#784,#792,#800,#806,
    #807,#808));
#734 = ORIENTED_EDGE('',*,*,#735,.T.);
#735 = EDGE_CURVE('',#736,#738,#740,.T.);
#736 = VERTEX_POINT('',#737);
#737 = CARTESIAN_POINT('',(-106.,228.015,9.54));
#738 = VERTEX_POINT('',#739);
#739 = CARTESIAN_POINT('',(106.,228.015,9.54));
#740 = LINE('',#741,#742);
#741 = CARTESIAN_POINT('',(-130.,228.015,9.54));
#742 = VECTOR('',#743,1.);
#743 = DIRECTION('',(1.,0.,-0.));
#744 = ORIENTED_EDGE('',*,*,#745,.F.);
#745 = EDGE_CURVE('',#746,#738,#748,.T.);
#746 = VERTEX_POINT('',#747);
#747 = CARTESIAN_POINT('',(106.,18.,9.54));
#748 = LINE('',#749,#750);
#749 = CARTESIAN_POINT('',(106.,216.,9.54));
#750 = VECTOR('',#751,1.);
#751 = DIRECTION('',(-0.,1.,0.));
#752 = ORIENTED_EDGE('',*,*,#753,.F.);
#753 = EDGE_CURVE('',#754,#746,#756,.T.);
#754 = VERTEX_POINT('',#755);
#755 = CARTESIAN_POINT('',(74.,18.,9.54));
#756 = LINE('',#757,#758);
#757 = CARTESIAN_POINT('',(72.5,18.,9.54));
#758 = VECTOR('',#759,1.);
#759 = DIRECTION('',(1.,0.,-0.));
#760 = ORIENTED_EDGE('',*,*,#761,.T.);
#761 = EDGE_CURVE('',#754,#762,#764,.T.);
#762 = VERTEX_POINT('',#763);
#763 = CARTESIAN_POINT('',(74.,216.,9.54));
#764 = LINE('',#765,#766);
#765 = CARTESIAN_POINT('',(74.,-8.,9.54));
#766 = VECTOR('',#767,1.);
#767 = DIRECTION('',(-0.,1.,0.));
#768 = ORIENTED_EDGE('',*,*,#769,.F.);
#769 = EDGE_CURVE('',#770,#762,#772,.T.);
#770 = VERTEX_POINT('',#771);
#771 = CARTESIAN_POINT('',(70.4,216.,9.54));
#772 = LINE('',#773,#774);
#773 = CARTESIAN_POINT('',(-106.,216.,9.54));
#774 = VECTOR('',#775,1.);
#775 = DIRECTION('',(1.,0.,-0.));
#776 = ORIENTED_EDGE('',*,*,#777,.F.);
#777 = EDGE_CURVE('',#778,#770,#780,.T.);
#778 = VERTEX_POINT('',#779);
#779 = CARTESIAN_POINT('',(70.4,190.68,9.54));
#780 = LINE('',#781,#782);
#781 = CARTESIAN_POINT('',(70.4,190.68,9.54));
#782 = VECTOR('',#783,1.);
#783 = DIRECTION('',(-0.,1.,0.));
#784 = ORIENTED_EDGE('',*,*,#785,.F.);
#785 = EDGE_CURVE('',#786,#778,#788,.T.);
#786 = VERTEX_POINT('',#787);
#787 = CARTESIAN_POINT('',(-70.4,190.68,9.54));
#788 = LINE('',#789,#790);
#789 = CARTESIAN_POINT('',(-70.4,190.68,9.54));
#790 = VECTOR('',#791,1.);
#791 = DIRECTION('',(1.,0.,-0.));
#792 = ORIENTED_EDGE('',*,*,#793,.T.);
#793 = EDGE_CURVE('',#786,#794,#796,.T.);
#794 = VERTEX_POINT('',#795);
#795 = CARTESIAN_POINT('',(-70.4,216.,9.54));
#796 = LINE('',#797,#798);
#797 = CARTESIAN_POINT('',(-70.4,190.68,9.54));
#798 = VECTOR('',#799,1.);
#799 = DIRECTION('',(-0.,1.,0.));
#800 = ORIENTED_EDGE('',*,*,#801,.F.);
#801 = EDGE_CURVE('',#698,#794,#802,.T.);
#802 = LINE('',#803,#804);
#803 = CARTESIAN_POINT('',(-106.,216.,9.54));
#804 = VECTOR('',#805,1.);
#805 = DIRECTION('',(1.,0.,-0.));
#806 = ORIENTED_EDGE('',*,*,#697,.F.);
#807 = ORIENTED_EDGE('',*,*,#306,.F.);
#808 = ORIENTED_EDGE('',*,*,#809,.T.);
#809 = EDGE_CURVE('',#299,#736,#810,.T.);
#810 = LINE('',#811,#812);
#811 = CARTESIAN_POINT('',(-106.,-8.,9.54));
#812 = VECTOR('',#813,1.);
#813 = DIRECTION('',(-0.,1.,0.));
#814 = PLANE('',#815);
#815 = AXIS2_PLACEMENT_3D('',#816,#817,#818);
#816 = CARTESIAN_POINT('',(-2.818674647347E-15,144.25848731666,9.54));
#817 = DIRECTION('',(-0.,-0.,-1.));
#818 = DIRECTION('',(-1.,0.,0.));
#819 = ADVANCED_FACE('',(#820),#902,.T.);
#820 = FACE_BOUND('',#821,.T.);
#821 = EDGE_LOOP('',(#822,#823,#831,#839,#847,#855,#863,#871,#879,#887,
    #895,#901));
#822 = ORIENTED_EDGE('',*,*,#298,.F.);
#823 = ORIENTED_EDGE('',*,*,#824,.T.);
#824 = EDGE_CURVE('',#291,#825,#827,.T.);
#825 = VERTEX_POINT('',#826);
#826 = CARTESIAN_POINT('',(-106.,219.8,14.04));
#827 = LINE('',#828,#829);
#828 = CARTESIAN_POINT('',(-106.,-8.,14.04));
#829 = VECTOR('',#830,1.);
#830 = DIRECTION('',(-0.,1.,0.));
#831 = ORIENTED_EDGE('',*,*,#832,.T.);
#832 = EDGE_CURVE('',#825,#833,#835,.T.);
#833 = VERTEX_POINT('',#834);
#834 = CARTESIAN_POINT('',(-106.,219.8,35.04));
#835 = LINE('',#836,#837);
#836 = CARTESIAN_POINT('',(-106.,219.8,9.54));
#837 = VECTOR('',#838,1.);
#838 = DIRECTION('',(0.,0.,1.));
#839 = ORIENTED_EDGE('',*,*,#840,.F.);
#840 = EDGE_CURVE('',#841,#833,#843,.T.);
#841 = VERTEX_POINT('',#842);
#842 = CARTESIAN_POINT('',(-106.,20.,35.04));
#843 = LINE('',#844,#845);
#844 = CARTESIAN_POINT('',(-106.,24.,35.04));
#845 = VECTOR('',#846,1.);
#846 = DIRECTION('',(-0.,1.,0.));
#847 = ORIENTED_EDGE('',*,*,#848,.F.);
#848 = EDGE_CURVE('',#849,#841,#851,.T.);
#849 = VERTEX_POINT('',#850);
#850 = CARTESIAN_POINT('',(-106.,20.,38.75));
#851 = LINE('',#852,#853);
#852 = CARTESIAN_POINT('',(-106.,20.,24.587260291165));
#853 = VECTOR('',#854,1.);
#854 = DIRECTION('',(0.,0.,-1.));
#855 = ORIENTED_EDGE('',*,*,#856,.F.);
#856 = EDGE_CURVE('',#857,#849,#859,.T.);
#857 = VERTEX_POINT('',#858);
#858 = CARTESIAN_POINT('',(-106.,0.,38.75));
#859 = LINE('',#860,#861);
#860 = CARTESIAN_POINT('',(-106.,63.36765185743,38.75));
#861 = VECTOR('',#862,1.);
#862 = DIRECTION('',(0.,1.,0.));
#863 = ORIENTED_EDGE('',*,*,#864,.F.);
#864 = EDGE_CURVE('',#865,#857,#867,.T.);
#865 = VERTEX_POINT('',#866);
#866 = CARTESIAN_POINT('',(-106.,0.,35.04));
#867 = LINE('',#868,#869);
#868 = CARTESIAN_POINT('',(-106.,0.,24.587260291165));
#869 = VECTOR('',#870,1.);
#870 = DIRECTION('',(0.,0.,1.));
#871 = ORIENTED_EDGE('',*,*,#872,.F.);
#872 = EDGE_CURVE('',#873,#865,#875,.T.);
#873 = VERTEX_POINT('',#874);
#874 = CARTESIAN_POINT('',(-106.,-8.,35.04));
#875 = LINE('',#876,#877);
#876 = CARTESIAN_POINT('',(-106.,24.,35.04));
#877 = VECTOR('',#878,1.);
#878 = DIRECTION('',(-0.,1.,0.));
#879 = ORIENTED_EDGE('',*,*,#880,.T.);
#880 = EDGE_CURVE('',#873,#881,#883,.T.);
#881 = VERTEX_POINT('',#882);
#882 = CARTESIAN_POINT('',(-106.,-8.,39.54));
#883 = LINE('',#884,#885);
#884 = CARTESIAN_POINT('',(-106.,-8.,35.04));
#885 = VECTOR('',#886,1.);
#886 = DIRECTION('',(0.,0.,1.));
#887 = ORIENTED_EDGE('',*,*,#888,.T.);
#888 = EDGE_CURVE('',#881,#889,#891,.T.);
#889 = VERTEX_POINT('',#890);
#890 = CARTESIAN_POINT('',(-106.,228.015,39.54));
#891 = LINE('',#892,#893);
#892 = CARTESIAN_POINT('',(-106.,216.,39.54));
#893 = VECTOR('',#894,1.);
#894 = DIRECTION('',(-0.,1.,0.));
#895 = ORIENTED_EDGE('',*,*,#896,.F.);
#896 = EDGE_CURVE('',#736,#889,#897,.T.);
#897 = LINE('',#898,#899);
#898 = CARTESIAN_POINT('',(-106.,228.015,35.04));
#899 = VECTOR('',#900,1.);
#900 = DIRECTION('',(0.,0.,1.));
#901 = ORIENTED_EDGE('',*,*,#809,.F.);
#902 = PLANE('',#903);
#903 = AXIS2_PLACEMENT_3D('',#904,#905,#906);
#904 = CARTESIAN_POINT('',(-106.,126.73530371486,24.432853915663));
#905 = DIRECTION('',(-1.,-0.,-0.));
#906 = DIRECTION('',(0.,0.,-1.));
#907 = ADVANCED_FACE('',(#908),#926,.T.);
#908 = FACE_BOUND('',#909,.T.);
#909 = EDGE_LOOP('',(#910,#911,#912,#920));
#910 = ORIENTED_EDGE('',*,*,#824,.F.);
#911 = ORIENTED_EDGE('',*,*,#290,.T.);
#912 = ORIENTED_EDGE('',*,*,#913,.T.);
#913 = EDGE_CURVE('',#283,#914,#916,.T.);
#914 = VERTEX_POINT('',#915);
#915 = CARTESIAN_POINT('',(-105.9429355281,219.8,14.595555555556));
#916 = LINE('',#917,#918);
#917 = CARTESIAN_POINT('',(-105.9429355281,24.,14.595555555556));
#918 = VECTOR('',#919,1.);
#919 = DIRECTION('',(0.,1.,0.));
#920 = ORIENTED_EDGE('',*,*,#921,.T.);
#921 = EDGE_CURVE('',#914,#825,#922,.T.);
#922 = LINE('',#923,#924);
#923 = CARTESIAN_POINT('',(-106.2144320928,219.8,11.952379865602));
#924 = VECTOR('',#925,1.);
#925 = DIRECTION('',(-0.102178442416,0.,-0.994766086025));
#926 = PLANE('',#927);
#927 = AXIS2_PLACEMENT_3D('',#928,#929,#930);
#928 = CARTESIAN_POINT('',(-105.971467764,119.,14.317777777778));
#929 = DIRECTION('',(-0.994766086025,-0.,0.102178442416));
#930 = DIRECTION('',(-0.102178442416,0.,-0.994766086025));
#931 = ADVANCED_FACE('',(#932),#950,.T.);
#932 = FACE_BOUND('',#933,.T.);
#933 = EDGE_LOOP('',(#934,#935,#936,#944));
#934 = ORIENTED_EDGE('',*,*,#913,.F.);
#935 = ORIENTED_EDGE('',*,*,#282,.T.);
#936 = ORIENTED_EDGE('',*,*,#937,.T.);
#937 = EDGE_CURVE('',#275,#938,#940,.T.);
#938 = VERTEX_POINT('',#939);
#939 = CARTESIAN_POINT('',(-105.780521262,219.8,15.151111111111));
#940 = LINE('',#941,#942);
#941 = CARTESIAN_POINT('',(-105.780521262,24.,15.151111111111));
#942 = VECTOR('',#943,1.);
#943 = DIRECTION('',(0.,1.,0.));
#944 = ORIENTED_EDGE('',*,*,#945,.T.);
#945 = EDGE_CURVE('',#938,#914,#946,.T.);
#946 = LINE('',#947,#948);
#947 = CARTESIAN_POINT('',(-106.5853781827,219.8,12.398011002102));
#948 = VECTOR('',#949,1.);
#949 = DIRECTION('',(-0.280600582118,0.,-0.959824626333));
#950 = PLANE('',#951);
#951 = AXIS2_PLACEMENT_3D('',#952,#953,#954);
#952 = CARTESIAN_POINT('',(-105.861728395,119.,14.873333333333));
#953 = DIRECTION('',(-0.959824626333,-0.,0.280600582118));
#954 = DIRECTION('',(-0.280600582118,0.,-0.959824626333));
#955 = ADVANCED_FACE('',(#956),#974,.T.);
#956 = FACE_BOUND('',#957,.T.);
#957 = EDGE_LOOP('',(#958,#959,#960,#968));
#958 = ORIENTED_EDGE('',*,*,#937,.F.);
#959 = ORIENTED_EDGE('',*,*,#274,.T.);
#960 = ORIENTED_EDGE('',*,*,#961,.T.);
#961 = EDGE_CURVE('',#267,#962,#964,.T.);
#962 = VERTEX_POINT('',#963);
#963 = CARTESIAN_POINT('',(-105.5259259259,219.8,15.706666666667));
#964 = LINE('',#965,#966);
#965 = CARTESIAN_POINT('',(-105.5259259259,24.,15.706666666667));
#966 = VECTOR('',#967,1.);
#967 = DIRECTION('',(0.,1.,0.));
#968 = ORIENTED_EDGE('',*,*,#969,.T.);
#969 = EDGE_CURVE('',#962,#938,#970,.T.);
#970 = LINE('',#971,#972);
#971 = CARTESIAN_POINT('',(-106.7984750831,219.8,12.92982179237));
#972 = VECTOR('',#973,1.);
#973 = DIRECTION('',(-0.416608335402,0.,-0.909086076713));
#974 = PLANE('',#975);
#975 = AXIS2_PLACEMENT_3D('',#976,#977,#978);
#976 = CARTESIAN_POINT('',(-105.6532235939,119.,15.428888888889));
#977 = DIRECTION('',(-0.909086076713,-0.,0.416608335402));
#978 = DIRECTION('',(-0.416608335402,0.,-0.909086076713));
#979 = ADVANCED_FACE('',(#980),#998,.T.);
#980 = FACE_BOUND('',#981,.T.);
#981 = EDGE_LOOP('',(#982,#983,#984,#992));
#982 = ORIENTED_EDGE('',*,*,#961,.F.);
#983 = ORIENTED_EDGE('',*,*,#266,.T.);
#984 = ORIENTED_EDGE('',*,*,#985,.T.);
#985 = EDGE_CURVE('',#259,#986,#988,.T.);
#986 = VERTEX_POINT('',#987);
#987 = CARTESIAN_POINT('',(-105.1923182441,219.8,16.262222222222));
#988 = LINE('',#989,#990);
#989 = CARTESIAN_POINT('',(-105.1923182441,24.,16.262222222222));
#990 = VECTOR('',#991,1.);
#991 = DIRECTION('',(0.,1.,0.));
#992 = ORIENTED_EDGE('',*,*,#993,.T.);
#993 = EDGE_CURVE('',#986,#962,#994,.T.);
#994 = LINE('',#995,#996);
#995 = CARTESIAN_POINT('',(-106.866165553,219.8,13.474770906064));
#996 = VECTOR('',#997,1.);
#997 = DIRECTION('',(-0.514807016402,0.,-0.857306092282));
#998 = PLANE('',#999);
#999 = AXIS2_PLACEMENT_3D('',#1000,#1001,#1002);
#1000 = CARTESIAN_POINT('',(-105.359122085,119.,15.984444444444));
#1001 = DIRECTION('',(-0.857306092282,-0.,0.514807016402));
#1002 = DIRECTION('',(-0.514807016402,0.,-0.857306092282));
#1003 = ADVANCED_FACE('',(#1004),#1022,.T.);
#1004 = FACE_BOUND('',#1005,.T.);
#1005 = EDGE_LOOP('',(#1006,#1007,#1008,#1016));
#1006 = ORIENTED_EDGE('',*,*,#985,.F.);
#1007 = ORIENTED_EDGE('',*,*,#258,.T.);
#1008 = ORIENTED_EDGE('',*,*,#1009,.T.);
#1009 = EDGE_CURVE('',#251,#1010,#1012,.T.);
#1010 = VERTEX_POINT('',#1011);
#1011 = CARTESIAN_POINT('',(-104.792866941,219.8,16.817777777778));
#1012 = LINE('',#1013,#1014);
#1013 = CARTESIAN_POINT('',(-104.792866941,24.,16.817777777778));
#1014 = VECTOR('',#1015,1.);
#1015 = DIRECTION('',(0.,1.,0.));
#1016 = ORIENTED_EDGE('',*,*,#1017,.T.);
#1017 = EDGE_CURVE('',#1010,#986,#1018,.T.);
#1018 = LINE('',#1019,#1020);
#1019 = CARTESIAN_POINT('',(-106.8231701907,219.8,13.9940387113));
#1020 = VECTOR('',#1021,1.);
#1021 = DIRECTION('',(-0.583776486487,0.,-0.811914412869));
#1022 = PLANE('',#1023);
#1023 = AXIS2_PLACEMENT_3D('',#1024,#1025,#1026);
#1024 = CARTESIAN_POINT('',(-104.9925925925,119.,16.54));
#1025 = DIRECTION('',(-0.811914412869,-0.,0.583776486487));
#1026 = DIRECTION('',(-0.583776486487,0.,-0.811914412869));
#1027 = ADVANCED_FACE('',(#1028),#1046,.T.);
#1028 = FACE_BOUND('',#1029,.T.);
#1029 = EDGE_LOOP('',(#1030,#1031,#1032,#1040));
#1030 = ORIENTED_EDGE('',*,*,#1009,.F.);
#1031 = ORIENTED_EDGE('',*,*,#250,.T.);
#1032 = ORIENTED_EDGE('',*,*,#1033,.T.);
#1033 = EDGE_CURVE('',#243,#1034,#1036,.T.);
#1034 = VERTEX_POINT('',#1035);
#1035 = CARTESIAN_POINT('',(-104.3407407407,219.8,17.373333333333));
#1036 = LINE('',#1037,#1038);
#1037 = CARTESIAN_POINT('',(-104.3407407407,24.,17.373333333333));
#1038 = VECTOR('',#1039,1.);
#1039 = DIRECTION('',(0.,1.,0.));
#1040 = ORIENTED_EDGE('',*,*,#1041,.T.);
#1041 = EDGE_CURVE('',#1034,#1010,#1042,.T.);
#1042 = LINE('',#1043,#1044);
#1043 = CARTESIAN_POINT('',(-106.7018217643,219.8,14.472126371713));
#1044 = VECTOR('',#1045,1.);
#1045 = DIRECTION('',(-0.631212461229,0.,-0.77560997208));
#1046 = PLANE('',#1047);
#1047 = AXIS2_PLACEMENT_3D('',#1048,#1049,#1050);
#1048 = CARTESIAN_POINT('',(-104.5668038408,119.,17.095555555556));
#1049 = DIRECTION('',(-0.77560997208,-0.,0.631212461229));
#1050 = DIRECTION('',(-0.631212461229,0.,-0.77560997208));
#1051 = ADVANCED_FACE('',(#1052),#1070,.T.);
#1052 = FACE_BOUND('',#1053,.T.);
#1053 = EDGE_LOOP('',(#1054,#1055,#1056,#1064));
#1054 = ORIENTED_EDGE('',*,*,#1033,.F.);
#1055 = ORIENTED_EDGE('',*,*,#242,.T.);
#1056 = ORIENTED_EDGE('',*,*,#1057,.T.);
#1057 = EDGE_CURVE('',#235,#1058,#1060,.T.);
#1058 = VERTEX_POINT('',#1059);
#1059 = CARTESIAN_POINT('',(-103.8491083676,219.8,17.928888888889));
#1060 = LINE('',#1061,#1062);
#1061 = CARTESIAN_POINT('',(-103.8491083676,24.,17.928888888889));
#1062 = VECTOR('',#1063,1.);
#1063 = DIRECTION('',(0.,1.,0.));
#1064 = ORIENTED_EDGE('',*,*,#1065,.T.);
#1065 = EDGE_CURVE('',#1058,#1034,#1066,.T.);
#1066 = LINE('',#1067,#1068);
#1067 = CARTESIAN_POINT('',(-106.5259858159,219.8,14.903957620558));
#1068 = VECTOR('',#1069,1.);
#1069 = DIRECTION('',(-0.662709521533,0.,-0.748876551956));
#1070 = PLANE('',#1071);
#1071 = AXIS2_PLACEMENT_3D('',#1072,#1073,#1074);
#1072 = CARTESIAN_POINT('',(-104.0949245541,119.,17.651111111111));
#1073 = DIRECTION('',(-0.748876551956,-0.,0.662709521533));
#1074 = DIRECTION('',(-0.662709521533,0.,-0.748876551956));
#1075 = ADVANCED_FACE('',(#1076),#1110,.T.);
#1076 = FACE_BOUND('',#1077,.T.);
#1077 = EDGE_LOOP('',(#1078,#1079,#1080,#1088,#1096,#1104));
#1078 = ORIENTED_EDGE('',*,*,#1057,.F.);
#1079 = ORIENTED_EDGE('',*,*,#234,.T.);
#1080 = ORIENTED_EDGE('',*,*,#1081,.T.);
#1081 = EDGE_CURVE('',#227,#1082,#1084,.T.);
#1082 = VERTEX_POINT('',#1083);
#1083 = CARTESIAN_POINT('',(-103.7828082304,20.,18.));
#1084 = LINE('',#1085,#1086);
#1085 = CARTESIAN_POINT('',(-103.7828082304,53.002762532552,18.));
#1086 = VECTOR('',#1087,1.);
#1087 = DIRECTION('',(-0.,1.,0.));
#1088 = ORIENTED_EDGE('',*,*,#1089,.F.);
#1089 = EDGE_CURVE('',#1090,#1082,#1092,.T.);
#1090 = VERTEX_POINT('',#1091);
#1091 = CARTESIAN_POINT('',(-103.3311385459,20.,18.484444444444));
#1092 = LINE('',#1093,#1094);
#1093 = CARTESIAN_POINT('',(-111.7884493016,20.,9.413441118047));
#1094 = VECTOR('',#1095,1.);
#1095 = DIRECTION('',(-0.681932082106,0.,-0.731415501199));
#1096 = ORIENTED_EDGE('',*,*,#1097,.T.);
#1097 = EDGE_CURVE('',#1090,#1098,#1100,.T.);
#1098 = VERTEX_POINT('',#1099);
#1099 = CARTESIAN_POINT('',(-103.3311385459,219.8,18.484444444444));
#1100 = LINE('',#1101,#1102);
#1101 = CARTESIAN_POINT('',(-103.3311385459,24.,18.484444444444));
#1102 = VECTOR('',#1103,1.);
#1103 = DIRECTION('',(0.,1.,0.));
#1104 = ORIENTED_EDGE('',*,*,#1105,.T.);
#1105 = EDGE_CURVE('',#1098,#1058,#1106,.T.);
#1106 = LINE('',#1107,#1108);
#1107 = CARTESIAN_POINT('',(-106.3099350336,219.8,15.289495881158));
#1108 = VECTOR('',#1109,1.);
#1109 = DIRECTION('',(-0.681932082106,0.,-0.731415501199));
#1110 = PLANE('',#1111);
#1111 = AXIS2_PLACEMENT_3D('',#1112,#1113,#1114);
#1112 = CARTESIAN_POINT('',(-103.5863557376,106.0055250651,
    18.210707784929));
#1113 = DIRECTION('',(-0.731415501199,-0.,0.681932082106));
#1114 = DIRECTION('',(-0.681932082106,0.,-0.731415501199));
#1115 = ADVANCED_FACE('',(#1116),#1150,.F.);
#1116 = FACE_BOUND('',#1117,.F.);
#1117 = EDGE_LOOP('',(#1118,#1126,#1134,#1142,#1148,#1149));
#1118 = ORIENTED_EDGE('',*,*,#1119,.F.);
#1119 = EDGE_CURVE('',#1120,#1082,#1122,.T.);
#1120 = VERTEX_POINT('',#1121);
#1121 = CARTESIAN_POINT('',(-140.,20.,18.));
#1122 = LINE('',#1123,#1124);
#1123 = CARTESIAN_POINT('',(-190.,20.,18.));
#1124 = VECTOR('',#1125,1.);
#1125 = DIRECTION('',(1.,0.,-0.));
#1126 = ORIENTED_EDGE('',*,*,#1127,.T.);
#1127 = EDGE_CURVE('',#1120,#1128,#1130,.T.);
#1128 = VERTEX_POINT('',#1129);
#1129 = CARTESIAN_POINT('',(-140.,0.,18.));
#1130 = LINE('',#1131,#1132);
#1131 = CARTESIAN_POINT('',(-140.,0.,18.));
#1132 = VECTOR('',#1133,1.);
#1133 = DIRECTION('',(0.,-1.,0.));
#1134 = ORIENTED_EDGE('',*,*,#1135,.T.);
#1135 = EDGE_CURVE('',#1128,#1136,#1138,.T.);
#1136 = VERTEX_POINT('',#1137);
#1137 = CARTESIAN_POINT('',(-109.,0.,18.));
#1138 = LINE('',#1139,#1140);
#1139 = CARTESIAN_POINT('',(-190.,0.,18.));
#1140 = VECTOR('',#1141,1.);
#1141 = DIRECTION('',(1.,0.,-0.));
#1142 = ORIENTED_EDGE('',*,*,#1143,.T.);
#1143 = EDGE_CURVE('',#1136,#219,#1144,.T.);
#1144 = LINE('',#1145,#1146);
#1145 = CARTESIAN_POINT('',(-109.,-8.,18.));
#1146 = VECTOR('',#1147,1.);
#1147 = DIRECTION('',(-0.,1.,0.));
#1148 = ORIENTED_EDGE('',*,*,#226,.T.);
#1149 = ORIENTED_EDGE('',*,*,#1081,.T.);
#1150 = PLANE('',#1151);
#1151 = AXIS2_PLACEMENT_3D('',#1152,#1153,#1154);
#1152 = CARTESIAN_POINT('',(-190.,0.,18.));
#1153 = DIRECTION('',(0.,0.,1.));
#1154 = DIRECTION('',(1.,0.,-0.));
#1155 = ADVANCED_FACE('',(#1156),#1208,.F.);
#1156 = FACE_BOUND('',#1157,.F.);
#1157 = EDGE_LOOP('',(#1158,#1166,#1174,#1182,#1191,#1200,#1206,#1207));
#1158 = ORIENTED_EDGE('',*,*,#1159,.F.);
#1159 = EDGE_CURVE('',#1160,#1136,#1162,.T.);
#1160 = VERTEX_POINT('',#1161);
#1161 = CARTESIAN_POINT('',(-109.,-8.,18.));
#1162 = LINE('',#1163,#1164);
#1163 = CARTESIAN_POINT('',(-109.,-8.,18.));
#1164 = VECTOR('',#1165,1.);
#1165 = DIRECTION('',(-0.,1.,0.));
#1166 = ORIENTED_EDGE('',*,*,#1167,.F.);
#1167 = EDGE_CURVE('',#1168,#1160,#1170,.T.);
#1168 = VERTEX_POINT('',#1169);
#1169 = CARTESIAN_POINT('',(-109.,-8.,0.));
#1170 = LINE('',#1171,#1172);
#1171 = CARTESIAN_POINT('',(-109.,-8.,0.));
#1172 = VECTOR('',#1173,1.);
#1173 = DIRECTION('',(0.,0.,1.));
#1174 = ORIENTED_EDGE('',*,*,#1175,.T.);
#1175 = EDGE_CURVE('',#1168,#1176,#1178,.T.);
#1176 = VERTEX_POINT('',#1177);
#1177 = CARTESIAN_POINT('',(-109.,-6.26,0.));
#1178 = LINE('',#1179,#1180);
#1179 = CARTESIAN_POINT('',(-109.,-8.,0.));
#1180 = VECTOR('',#1181,1.);
#1181 = DIRECTION('',(-0.,1.,0.));
#1182 = ORIENTED_EDGE('',*,*,#1183,.F.);
#1183 = EDGE_CURVE('',#1184,#1176,#1186,.T.);
#1184 = VERTEX_POINT('',#1185);
#1185 = CARTESIAN_POINT('',(-109.,1.533257792532E-15,6.26));
#1186 = CIRCLE('',#1187,6.26);
#1187 = AXIS2_PLACEMENT_3D('',#1188,#1189,#1190);
#1188 = CARTESIAN_POINT('',(-109.,0.,0.));
#1189 = DIRECTION('',(1.,0.,0.));
#1190 = DIRECTION('',(-0.,0.,1.));
#1191 = ORIENTED_EDGE('',*,*,#1192,.F.);
#1192 = EDGE_CURVE('',#1193,#1184,#1195,.T.);
#1193 = VERTEX_POINT('',#1194);
#1194 = CARTESIAN_POINT('',(-109.,6.26,0.));
#1195 = CIRCLE('',#1196,6.26);
#1196 = AXIS2_PLACEMENT_3D('',#1197,#1198,#1199);
#1197 = CARTESIAN_POINT('',(-109.,0.,0.));
#1198 = DIRECTION('',(1.,0.,0.));
#1199 = DIRECTION('',(-0.,0.,1.));
#1200 = ORIENTED_EDGE('',*,*,#1201,.T.);
#1201 = EDGE_CURVE('',#1193,#211,#1202,.T.);
#1202 = LINE('',#1203,#1204);
#1203 = CARTESIAN_POINT('',(-109.,-8.,0.));
#1204 = VECTOR('',#1205,1.);
#1205 = DIRECTION('',(-0.,1.,0.));
#1206 = ORIENTED_EDGE('',*,*,#218,.T.);
#1207 = ORIENTED_EDGE('',*,*,#1143,.F.);
#1208 = PLANE('',#1209);
#1209 = AXIS2_PLACEMENT_3D('',#1210,#1211,#1212);
#1210 = CARTESIAN_POINT('',(-109.,-8.,0.));
#1211 = DIRECTION('',(1.,0.,-0.));
#1212 = DIRECTION('',(0.,0.,1.));
#1213 = ADVANCED_FACE('',(#1214),#1239,.T.);
#1214 = FACE_BOUND('',#1215,.T.);
#1215 = EDGE_LOOP('',(#1216,#1224,#1225,#1233));
#1216 = ORIENTED_EDGE('',*,*,#1217,.F.);
#1217 = EDGE_CURVE('',#442,#1218,#1220,.T.);
#1218 = VERTEX_POINT('',#1219);
#1219 = CARTESIAN_POINT('',(71.,7.,0.));
#1220 = LINE('',#1221,#1222);
#1221 = CARTESIAN_POINT('',(-73.3,7.,0.));
#1222 = VECTOR('',#1223,1.);
#1223 = DIRECTION('',(1.,0.,-0.));
#1224 = ORIENTED_EDGE('',*,*,#441,.T.);
#1225 = ORIENTED_EDGE('',*,*,#1226,.T.);
#1226 = EDGE_CURVE('',#434,#1227,#1229,.T.);
#1227 = VERTEX_POINT('',#1228);
#1228 = CARTESIAN_POINT('',(71.,7.,10.));
#1229 = LINE('',#1230,#1231);
#1230 = CARTESIAN_POINT('',(-73.3,7.,10.));
#1231 = VECTOR('',#1232,1.);
#1232 = DIRECTION('',(1.,0.,-0.));
#1233 = ORIENTED_EDGE('',*,*,#1234,.F.);
#1234 = EDGE_CURVE('',#1218,#1227,#1235,.T.);
#1235 = LINE('',#1236,#1237);
#1236 = CARTESIAN_POINT('',(71.,7.,0.));
#1237 = VECTOR('',#1238,1.);
#1238 = DIRECTION('',(0.,0.,1.));
#1239 = PLANE('',#1240);
#1240 = AXIS2_PLACEMENT_3D('',#1241,#1242,#1243);
#1241 = CARTESIAN_POINT('',(-73.3,7.,0.));
#1242 = DIRECTION('',(-0.,1.,0.));
#1243 = DIRECTION('',(0.,0.,1.));
#1244 = ADVANCED_FACE('',(#1245),#1263,.F.);
#1245 = FACE_BOUND('',#1246,.F.);
#1246 = EDGE_LOOP('',(#1247,#1248,#1249,#1257));
#1247 = ORIENTED_EDGE('',*,*,#433,.T.);
#1248 = ORIENTED_EDGE('',*,*,#1226,.T.);
#1249 = ORIENTED_EDGE('',*,*,#1250,.F.);
#1250 = EDGE_CURVE('',#1251,#1227,#1253,.T.);
#1251 = VERTEX_POINT('',#1252);
#1252 = CARTESIAN_POINT('',(71.,8.,10.));
#1253 = LINE('',#1254,#1255);
#1254 = CARTESIAN_POINT('',(71.,-8.,10.));
#1255 = VECTOR('',#1256,1.);
#1256 = DIRECTION('',(0.,-1.,0.));
#1257 = ORIENTED_EDGE('',*,*,#1258,.F.);
#1258 = EDGE_CURVE('',#426,#1251,#1259,.T.);
#1259 = LINE('',#1260,#1261);
#1260 = CARTESIAN_POINT('',(-73.3,8.,10.));
#1261 = VECTOR('',#1262,1.);
#1262 = DIRECTION('',(1.,0.,-0.));
#1263 = PLANE('',#1264);
#1264 = AXIS2_PLACEMENT_3D('',#1265,#1266,#1267);
#1265 = CARTESIAN_POINT('',(-73.3,-8.,10.));
#1266 = DIRECTION('',(0.,0.,1.));
#1267 = DIRECTION('',(1.,0.,-0.));
#1268 = ADVANCED_FACE('',(#1269),#1287,.T.);
#1269 = FACE_BOUND('',#1270,.T.);
#1270 = EDGE_LOOP('',(#1271,#1272,#1273,#1281));
#1271 = ORIENTED_EDGE('',*,*,#1258,.F.);
#1272 = ORIENTED_EDGE('',*,*,#425,.T.);
#1273 = ORIENTED_EDGE('',*,*,#1274,.T.);
#1274 = EDGE_CURVE('',#418,#1275,#1277,.T.);
#1275 = VERTEX_POINT('',#1276);
#1276 = CARTESIAN_POINT('',(71.,8.,16.));
#1277 = LINE('',#1278,#1279);
#1278 = CARTESIAN_POINT('',(-73.3,8.,16.));
#1279 = VECTOR('',#1280,1.);
#1280 = DIRECTION('',(1.,0.,-0.));
#1281 = ORIENTED_EDGE('',*,*,#1282,.F.);
#1282 = EDGE_CURVE('',#1251,#1275,#1283,.T.);
#1283 = LINE('',#1284,#1285);
#1284 = CARTESIAN_POINT('',(71.,8.,5.));
#1285 = VECTOR('',#1286,1.);
#1286 = DIRECTION('',(0.,0.,1.));
#1287 = PLANE('',#1288);
#1288 = AXIS2_PLACEMENT_3D('',#1289,#1290,#1291);
#1289 = CARTESIAN_POINT('',(-73.3,8.,10.));
#1290 = DIRECTION('',(-0.,1.,0.));
#1291 = DIRECTION('',(0.,0.,1.));
#1292 = ADVANCED_FACE('',(#1293),#1311,.T.);
#1293 = FACE_BOUND('',#1294,.T.);
#1294 = EDGE_LOOP('',(#1295,#1296,#1304,#1310));
#1295 = ORIENTED_EDGE('',*,*,#417,.T.);
#1296 = ORIENTED_EDGE('',*,*,#1297,.T.);
#1297 = EDGE_CURVE('',#410,#1298,#1300,.T.);
#1298 = VERTEX_POINT('',#1299);
#1299 = CARTESIAN_POINT('',(71.,-8.,16.));
#1300 = LINE('',#1301,#1302);
#1301 = CARTESIAN_POINT('',(-73.3,-8.,16.));
#1302 = VECTOR('',#1303,1.);
#1303 = DIRECTION('',(1.,0.,-0.));
#1304 = ORIENTED_EDGE('',*,*,#1305,.F.);
#1305 = EDGE_CURVE('',#1275,#1298,#1306,.T.);
#1306 = LINE('',#1307,#1308);
#1307 = CARTESIAN_POINT('',(71.,-8.,16.));
#1308 = VECTOR('',#1309,1.);
#1309 = DIRECTION('',(0.,-1.,0.));
#1310 = ORIENTED_EDGE('',*,*,#1274,.F.);
#1311 = PLANE('',#1312);
#1312 = AXIS2_PLACEMENT_3D('',#1313,#1314,#1315);
#1313 = CARTESIAN_POINT('',(-73.3,-8.,16.));
#1314 = DIRECTION('',(0.,0.,1.));
#1315 = DIRECTION('',(1.,0.,-0.));
#1316 = ADVANCED_FACE('',(#1317),#1342,.T.);
#1317 = FACE_BOUND('',#1318,.T.);
#1318 = EDGE_LOOP('',(#1319,#1329,#1335,#1336));
#1319 = ORIENTED_EDGE('',*,*,#1320,.F.);
#1320 = EDGE_CURVE('',#1321,#1323,#1325,.T.);
#1321 = VERTEX_POINT('',#1322);
#1322 = CARTESIAN_POINT('',(-77.73113854595,-8.,19.595555555556));
#1323 = VERTEX_POINT('',#1324);
#1324 = CARTESIAN_POINT('',(-77.73113854595,190.58,19.595555555556));
#1325 = LINE('',#1326,#1327);
#1326 = CARTESIAN_POINT('',(-77.73113854595,24.,19.595555555556));
#1327 = VECTOR('',#1328,1.);
#1328 = DIRECTION('',(0.,1.,0.));
#1329 = ORIENTED_EDGE('',*,*,#1330,.T.);
#1330 = EDGE_CURVE('',#1321,#505,#1331,.T.);
#1331 = LINE('',#1332,#1333);
#1332 = CARTESIAN_POINT('',(-77.2,-8.,19.04));
#1333 = VECTOR('',#1334,1.);
#1334 = DIRECTION('',(0.691044328918,0.,-0.722812379162));
#1335 = ORIENTED_EDGE('',*,*,#504,.T.);
#1336 = ORIENTED_EDGE('',*,*,#1337,.T.);
#1337 = EDGE_CURVE('',#497,#1323,#1338,.T.);
#1338 = LINE('',#1339,#1340);
#1339 = CARTESIAN_POINT('',(-76.13228850917,190.58,17.923204664811));
#1340 = VECTOR('',#1341,1.);
#1341 = DIRECTION('',(-0.691044328918,-0.,0.722812379162));
#1342 = PLANE('',#1343);
#1343 = AXIS2_PLACEMENT_3D('',#1344,#1345,#1346);
#1344 = CARTESIAN_POINT('',(-77.2,106.,19.04));
#1345 = DIRECTION('',(0.722812379162,0.,0.691044328918));
#1346 = DIRECTION('',(-0.691044328918,0.,0.722812379162));
#1347 = ADVANCED_FACE('',(#1348),#1746,.T.);
#1348 = FACE_BOUND('',#1349,.T.);
#1349 = EDGE_LOOP('',(#1350,#1351,#1359,#1367,#1375,#1384,#1393,#1401,
    #1410,#1419,#1427,#1435,#1443,#1451,#1459,#1467,#1475,#1483,#1491,
    #1499,#1507,#1515,#1523,#1531,#1539,#1547,#1555,#1563,#1571,#1579,
    #1587,#1595,#1603,#1611,#1619,#1627,#1635,#1643,#1651,#1659,#1667,
    #1675,#1683,#1691,#1699,#1707,#1715,#1723,#1731,#1737,#1738,#1739,
    #1740,#1741,#1742,#1743,#1744,#1745));
#1350 = ORIENTED_EDGE('',*,*,#721,.F.);
#1351 = ORIENTED_EDGE('',*,*,#1352,.T.);
#1352 = EDGE_CURVE('',#714,#1353,#1355,.T.);
#1353 = VERTEX_POINT('',#1354);
#1354 = CARTESIAN_POINT('',(-70.4,190.58,14.));
#1355 = LINE('',#1356,#1357);
#1356 = CARTESIAN_POINT('',(-78.,190.58,14.));
#1357 = VECTOR('',#1358,1.);
#1358 = DIRECTION('',(1.,0.,-0.));
#1359 = ORIENTED_EDGE('',*,*,#1360,.T.);
#1360 = EDGE_CURVE('',#1353,#1361,#1363,.T.);
#1361 = VERTEX_POINT('',#1362);
#1362 = CARTESIAN_POINT('',(-70.4,190.58,33.54));
#1363 = LINE('',#1364,#1365);
#1364 = CARTESIAN_POINT('',(-70.4,190.58,14.));
#1365 = VECTOR('',#1366,1.);
#1366 = DIRECTION('',(0.,0.,1.));
#1367 = ORIENTED_EDGE('',*,*,#1368,.T.);
#1368 = EDGE_CURVE('',#1361,#1369,#1371,.T.);
#1369 = VERTEX_POINT('',#1370);
#1370 = CARTESIAN_POINT('',(-47.325260557,190.58,33.54));
#1371 = LINE('',#1372,#1373);
#1372 = CARTESIAN_POINT('',(-78.,190.58,33.54));
#1373 = VECTOR('',#1374,1.);
#1374 = DIRECTION('',(1.,0.,-0.));
#1375 = ORIENTED_EDGE('',*,*,#1376,.T.);
#1376 = EDGE_CURVE('',#1369,#1377,#1379,.T.);
#1377 = VERTEX_POINT('',#1378);
#1378 = CARTESIAN_POINT('',(-42.,190.58,36.9));
#1379 = CIRCLE('',#1380,5.9);
#1380 = AXIS2_PLACEMENT_3D('',#1381,#1382,#1383);
#1381 = CARTESIAN_POINT('',(-42.,190.58,31.));
#1382 = DIRECTION('',(0.,1.,0.));
#1383 = DIRECTION('',(0.,-0.,1.));
#1384 = ORIENTED_EDGE('',*,*,#1385,.T.);
#1385 = EDGE_CURVE('',#1377,#1386,#1388,.T.);
#1386 = VERTEX_POINT('',#1387);
#1387 = CARTESIAN_POINT('',(-36.67473944299,190.58,33.54));
#1388 = CIRCLE('',#1389,5.9);
#1389 = AXIS2_PLACEMENT_3D('',#1390,#1391,#1392);
#1390 = CARTESIAN_POINT('',(-42.,190.58,31.));
#1391 = DIRECTION('',(0.,1.,0.));
#1392 = DIRECTION('',(0.,-0.,1.));
#1393 = ORIENTED_EDGE('',*,*,#1394,.T.);
#1394 = EDGE_CURVE('',#1386,#1395,#1397,.T.);
#1395 = VERTEX_POINT('',#1396);
#1396 = CARTESIAN_POINT('',(36.674739442994,190.58,33.54));
#1397 = LINE('',#1398,#1399);
#1398 = CARTESIAN_POINT('',(-78.,190.58,33.54));
#1399 = VECTOR('',#1400,1.);
#1400 = DIRECTION('',(1.,0.,-0.));
#1401 = ORIENTED_EDGE('',*,*,#1402,.T.);
#1402 = EDGE_CURVE('',#1395,#1403,#1405,.T.);
#1403 = VERTEX_POINT('',#1404);
#1404 = CARTESIAN_POINT('',(42.,190.58,36.9));
#1405 = CIRCLE('',#1406,5.9);
#1406 = AXIS2_PLACEMENT_3D('',#1407,#1408,#1409);
#1407 = CARTESIAN_POINT('',(42.,190.58,31.));
#1408 = DIRECTION('',(0.,1.,0.));
#1409 = DIRECTION('',(0.,-0.,1.));
#1410 = ORIENTED_EDGE('',*,*,#1411,.T.);
#1411 = EDGE_CURVE('',#1403,#1412,#1414,.T.);
#1412 = VERTEX_POINT('',#1413);
#1413 = CARTESIAN_POINT('',(47.325260557006,190.58,33.54));
#1414 = CIRCLE('',#1415,5.9);
#1415 = AXIS2_PLACEMENT_3D('',#1416,#1417,#1418);
#1416 = CARTESIAN_POINT('',(42.,190.58,31.));
#1417 = DIRECTION('',(0.,1.,0.));
#1418 = DIRECTION('',(0.,-0.,1.));
#1419 = ORIENTED_EDGE('',*,*,#1420,.T.);
#1420 = EDGE_CURVE('',#1412,#1421,#1423,.T.);
#1421 = VERTEX_POINT('',#1422);
#1422 = CARTESIAN_POINT('',(70.4,190.58,33.54));
#1423 = LINE('',#1424,#1425);
#1424 = CARTESIAN_POINT('',(-78.,190.58,33.54));
#1425 = VECTOR('',#1426,1.);
#1426 = DIRECTION('',(1.,0.,-0.));
#1427 = ORIENTED_EDGE('',*,*,#1428,.F.);
#1428 = EDGE_CURVE('',#1429,#1421,#1431,.T.);
#1429 = VERTEX_POINT('',#1430);
#1430 = CARTESIAN_POINT('',(70.4,190.58,14.));
#1431 = LINE('',#1432,#1433);
#1432 = CARTESIAN_POINT('',(70.4,190.58,14.));
#1433 = VECTOR('',#1434,1.);
#1434 = DIRECTION('',(0.,0.,1.));
#1435 = ORIENTED_EDGE('',*,*,#1436,.T.);
#1436 = EDGE_CURVE('',#1429,#1437,#1439,.T.);
#1437 = VERTEX_POINT('',#1438);
#1438 = CARTESIAN_POINT('',(74.,190.58,14.));
#1439 = LINE('',#1440,#1441);
#1440 = CARTESIAN_POINT('',(70.4,190.58,14.));
#1441 = VECTOR('',#1442,1.);
#1442 = DIRECTION('',(1.,0.,-0.));
#1443 = ORIENTED_EDGE('',*,*,#1444,.F.);
#1444 = EDGE_CURVE('',#1445,#1437,#1447,.T.);
#1445 = VERTEX_POINT('',#1446);
#1446 = CARTESIAN_POINT('',(74.,190.58,14.04));
#1447 = LINE('',#1448,#1449);
#1448 = CARTESIAN_POINT('',(74.,190.58,12.895));
#1449 = VECTOR('',#1450,1.);
#1450 = DIRECTION('',(0.,0.,-1.));
#1451 = ORIENTED_EDGE('',*,*,#1452,.F.);
#1452 = EDGE_CURVE('',#1453,#1445,#1455,.T.);
#1453 = VERTEX_POINT('',#1454);
#1454 = CARTESIAN_POINT('',(74.057064471879,190.58,14.595555555556));
#1455 = LINE('',#1456,#1457);
#1456 = CARTESIAN_POINT('',(73.993440463615,190.58,13.976139128941));
#1457 = VECTOR('',#1458,1.);
#1458 = DIRECTION('',(-0.102178442416,0.,-0.994766086025));
#1459 = ORIENTED_EDGE('',*,*,#1460,.F.);
#1460 = EDGE_CURVE('',#1461,#1453,#1463,.T.);
#1461 = VERTEX_POINT('',#1462);
#1462 = CARTESIAN_POINT('',(74.219478737997,190.58,15.151111111111));
#1463 = LINE('',#1464,#1465);
#1464 = CARTESIAN_POINT('',(73.87349576921,190.58,13.96763896281));
#1465 = VECTOR('',#1466,1.);
#1466 = DIRECTION('',(-0.280600582118,0.,-0.959824626333));
#1467 = ORIENTED_EDGE('',*,*,#1468,.F.);
#1468 = EDGE_CURVE('',#1469,#1461,#1471,.T.);
#1469 = VERTEX_POINT('',#1470);
#1470 = CARTESIAN_POINT('',(74.474074074074,190.58,15.706666666667));
#1471 = LINE('',#1472,#1473);
#1472 = CARTESIAN_POINT('',(73.733686634497,190.58,14.091058299055));
#1473 = VECTOR('',#1474,1.);
#1474 = DIRECTION('',(-0.416608335402,0.,-0.909086076713));
#1475 = ORIENTED_EDGE('',*,*,#1476,.F.);
#1476 = EDGE_CURVE('',#1477,#1469,#1479,.T.);
#1477 = VERTEX_POINT('',#1478);
#1478 = CARTESIAN_POINT('',(74.80768175583,190.58,16.262222222222));
#1479 = LINE('',#1480,#1481);
#1480 = CARTESIAN_POINT('',(73.640991408589,190.58,14.319337392319));
#1481 = VECTOR('',#1482,1.);
#1482 = DIRECTION('',(-0.514807016402,0.,-0.857306092282));
#1483 = ORIENTED_EDGE('',*,*,#1484,.F.);
#1484 = EDGE_CURVE('',#1485,#1477,#1487,.T.);
#1485 = VERTEX_POINT('',#1486);
#1486 = CARTESIAN_POINT('',(75.207133058985,190.58,16.817777777778));
#1487 = LINE('',#1488,#1489);
#1488 = CARTESIAN_POINT('',(73.620366525594,190.58,14.610908114236));
#1489 = VECTOR('',#1490,1.);
#1490 = DIRECTION('',(-0.583776486487,0.,-0.811914412869));
#1491 = ORIENTED_EDGE('',*,*,#1492,.F.);
#1492 = EDGE_CURVE('',#1493,#1485,#1495,.T.);
#1493 = VERTEX_POINT('',#1494);
#1494 = CARTESIAN_POINT('',(75.659259259259,190.58,17.373333333333));
#1495 = LINE('',#1496,#1497);
#1496 = CARTESIAN_POINT('',(73.672757262629,190.58,14.93239489694));
#1497 = VECTOR('',#1498,1.);
#1498 = DIRECTION('',(-0.631212461229,0.,-0.77560997208));
#1499 = ORIENTED_EDGE('',*,*,#1500,.F.);
#1500 = EDGE_CURVE('',#1501,#1493,#1503,.T.);
#1501 = VERTEX_POINT('',#1502);
#1502 = CARTESIAN_POINT('',(76.150891632373,190.58,17.928888888889));
#1503 = LINE('',#1504,#1505);
#1504 = CARTESIAN_POINT('',(73.790204541975,190.58,15.261259782831));
#1505 = VECTOR('',#1506,1.);
#1506 = DIRECTION('',(-0.662709521533,0.,-0.748876551956));
#1507 = ORIENTED_EDGE('',*,*,#1508,.F.);
#1508 = EDGE_CURVE('',#1509,#1501,#1511,.T.);
#1509 = VERTEX_POINT('',#1510);
#1510 = CARTESIAN_POINT('',(76.668861454047,190.58,18.484444444444));
#1511 = LINE('',#1512,#1513);
#1512 = CARTESIAN_POINT('',(73.965278311337,190.58,15.584679685977));
#1513 = VECTOR('',#1514,1.);
#1514 = DIRECTION('',(-0.681932082106,0.,-0.731415501199));
#1515 = ORIENTED_EDGE('',*,*,#1516,.F.);
#1516 = EDGE_CURVE('',#1517,#1509,#1519,.T.);
#1517 = VERTEX_POINT('',#1518);
#1518 = CARTESIAN_POINT('',(77.731138545953,190.58,19.595555555556));
#1519 = LINE('',#1520,#1521);
#1520 = CARTESIAN_POINT('',(74.31762790396,190.58,16.025122161942));
#1521 = VECTOR('',#1522,1.);
#1522 = DIRECTION('',(-0.691044328918,0.,-0.722812379162));
#1523 = ORIENTED_EDGE('',*,*,#1524,.F.);
#1524 = EDGE_CURVE('',#1525,#1517,#1527,.T.);
#1525 = VERTEX_POINT('',#1526);
#1526 = CARTESIAN_POINT('',(78.,190.58,19.883926553672));
#1527 = LINE('',#1528,#1529);
#1528 = CARTESIAN_POINT('',(74.76056276301,190.58,16.409424220566));
#1529 = VECTOR('',#1530,1.);
#1530 = DIRECTION('',(-0.681932082106,0.,-0.731415501199));
#1531 = ORIENTED_EDGE('',*,*,#1532,.T.);
#1532 = EDGE_CURVE('',#1525,#1533,#1535,.T.);
#1533 = VERTEX_POINT('',#1534);
#1534 = CARTESIAN_POINT('',(78.,190.58,29.196073446328));
#1535 = LINE('',#1536,#1537);
#1536 = CARTESIAN_POINT('',(78.,190.58,14.));
#1537 = VECTOR('',#1538,1.);
#1538 = DIRECTION('',(0.,0.,1.));
#1539 = ORIENTED_EDGE('',*,*,#1540,.F.);
#1540 = EDGE_CURVE('',#1541,#1533,#1543,.T.);
#1541 = VERTEX_POINT('',#1542);
#1542 = CARTESIAN_POINT('',(77.731138545953,190.58,29.484444444444));
#1543 = LINE('',#1544,#1545);
#1544 = CARTESIAN_POINT('',(80.017658594818,190.58,27.032006362373));
#1545 = VECTOR('',#1546,1.);
#1546 = DIRECTION('',(0.681932082106,0.,-0.731415501199));
#1547 = ORIENTED_EDGE('',*,*,#1548,.F.);
#1548 = EDGE_CURVE('',#1549,#1541,#1551,.T.);
#1549 = VERTEX_POINT('',#1550);
#1550 = CARTESIAN_POINT('',(76.668861454047,190.58,30.595555555556));
#1551 = LINE('',#1552,#1553);
#1552 = CARTESIAN_POINT('',(79.582309372444,190.58,27.548173306199));
#1553 = VECTOR('',#1554,1.);
#1554 = DIRECTION('',(0.691044328918,0.,-0.722812379162));
#1555 = ORIENTED_EDGE('',*,*,#1556,.F.);
#1556 = EDGE_CURVE('',#1557,#1549,#1559,.T.);
#1557 = VERTEX_POINT('',#1558);
#1558 = CARTESIAN_POINT('',(76.150891632373,190.58,31.151111111111));
#1559 = LINE('',#1560,#1561);
#1560 = CARTESIAN_POINT('',(79.22049028357,190.58,27.858771456094));
#1561 = VECTOR('',#1562,1.);
#1562 = DIRECTION('',(0.681932082106,0.,-0.731415501199));
#1563 = ORIENTED_EDGE('',*,*,#1564,.F.);
#1564 = EDGE_CURVE('',#1565,#1557,#1567,.T.);
#1565 = VERTEX_POINT('',#1566);
#1566 = CARTESIAN_POINT('',(75.659259259259,190.58,31.706666666667));
#1567 = LINE('',#1568,#1569);
#1568 = CARTESIAN_POINT('',(79.02107607189,190.58,27.90773862784));
#1569 = VECTOR('',#1570,1.);
#1570 = DIRECTION('',(0.662709521533,0.,-0.748876551956));
#1571 = ORIENTED_EDGE('',*,*,#1572,.F.);
#1572 = EDGE_CURVE('',#1573,#1565,#1575,.T.);
#1573 = VERTEX_POINT('',#1574);
#1574 = CARTESIAN_POINT('',(75.207133058985,190.58,32.262222222222));
#1575 = LINE('',#1576,#1577);
#1576 = CARTESIAN_POINT('',(78.832874383821,190.58,27.807048567615));
#1577 = VECTOR('',#1578,1.);
#1578 = DIRECTION('',(0.631212461229,0.,-0.77560997208));
#1579 = ORIENTED_EDGE('',*,*,#1580,.F.);
#1580 = EDGE_CURVE('',#1581,#1573,#1583,.T.);
#1581 = VERTEX_POINT('',#1582);
#1582 = CARTESIAN_POINT('',(74.80768175583,190.58,32.817777777778));
#1583 = LINE('',#1584,#1585);
#1584 = CARTESIAN_POINT('',(78.616079291693,190.58,27.521071040056));
#1585 = VECTOR('',#1586,1.);
#1586 = DIRECTION('',(0.583776486487,0.,-0.811914412869));
#1587 = ORIENTED_EDGE('',*,*,#1588,.F.);
#1588 = EDGE_CURVE('',#1589,#1581,#1591,.T.);
#1589 = VERTEX_POINT('',#1590);
#1590 = CARTESIAN_POINT('',(74.474074074074,190.58,33.373333333333));
#1591 = LINE('',#1592,#1593);
#1592 = CARTESIAN_POINT('',(78.292790807114,190.58,27.014039431684));
#1593 = VECTOR('',#1594,1.);
#1594 = DIRECTION('',(0.514807016402,0.,-0.857306092282));
#1595 = ORIENTED_EDGE('',*,*,#1596,.F.);
#1596 = EDGE_CURVE('',#1597,#1589,#1599,.T.);
#1597 = VERTEX_POINT('',#1598);
#1598 = CARTESIAN_POINT('',(74.219478737997,190.58,33.928888888889));
#1599 = LINE('',#1600,#1601);
#1600 = CARTESIAN_POINT('',(61.14697303871,190.58,62.454561346925));
#1601 = VECTOR('',#1602,1.);
#1602 = DIRECTION('',(0.416608335402,0.,-0.909086076713));
#1603 = ORIENTED_EDGE('',*,*,#1604,.F.);
#1604 = EDGE_CURVE('',#1605,#1597,#1607,.T.);
#1605 = VERTEX_POINT('',#1606);
#1606 = CARTESIAN_POINT('',(74.057064471879,190.58,34.484444444444));
#1607 = LINE('',#1608,#1609);
#1608 = CARTESIAN_POINT('',(68.238615675821,190.58,54.387077572853));
#1609 = VECTOR('',#1610,1.);
#1610 = DIRECTION('',(0.280600582118,0.,-0.959824626333));
#1611 = ORIENTED_EDGE('',*,*,#1612,.F.);
#1612 = EDGE_CURVE('',#1613,#1605,#1615,.T.);
#1613 = VERTEX_POINT('',#1614);
#1614 = CARTESIAN_POINT('',(74.,190.58,35.04));
#1615 = LINE('',#1616,#1617);
#1616 = CARTESIAN_POINT('',(73.297025863706,190.58,41.883858778821));
#1617 = VECTOR('',#1618,1.);
#1618 = DIRECTION('',(0.102178442416,0.,-0.994766086025));
#1619 = ORIENTED_EDGE('',*,*,#1620,.F.);
#1620 = EDGE_CURVE('',#1621,#1613,#1623,.T.);
#1621 = VERTEX_POINT('',#1622);
#1622 = CARTESIAN_POINT('',(74.,190.58,39.54));
#1623 = LINE('',#1624,#1625);
#1624 = CARTESIAN_POINT('',(74.,190.58,35.415));
#1625 = VECTOR('',#1626,1.);
#1626 = DIRECTION('',(0.,0.,-1.));
#1627 = ORIENTED_EDGE('',*,*,#1628,.F.);
#1628 = EDGE_CURVE('',#1629,#1621,#1631,.T.);
#1629 = VERTEX_POINT('',#1630);
#1630 = CARTESIAN_POINT('',(-74.,190.58,39.54));
#1631 = LINE('',#1632,#1633);
#1632 = CARTESIAN_POINT('',(-78.,190.58,39.54));
#1633 = VECTOR('',#1634,1.);
#1634 = DIRECTION('',(1.,0.,-0.));
#1635 = ORIENTED_EDGE('',*,*,#1636,.F.);
#1636 = EDGE_CURVE('',#1637,#1629,#1639,.T.);
#1637 = VERTEX_POINT('',#1638);
#1638 = CARTESIAN_POINT('',(-74.,190.58,35.04));
#1639 = LINE('',#1640,#1641);
#1640 = CARTESIAN_POINT('',(-74.,190.58,35.415));
#1641 = VECTOR('',#1642,1.);
#1642 = DIRECTION('',(0.,-0.,1.));
#1643 = ORIENTED_EDGE('',*,*,#1644,.F.);
#1644 = EDGE_CURVE('',#1645,#1637,#1647,.T.);
#1645 = VERTEX_POINT('',#1646);
#1646 = CARTESIAN_POINT('',(-74.05706447187,190.58,34.484444444444));
#1647 = LINE('',#1648,#1649);
#1648 = CARTESIAN_POINT('',(-74.11137972308,190.58,33.955654138205));
#1649 = VECTOR('',#1650,1.);
#1650 = DIRECTION('',(0.102178442416,0.,0.994766086025));
#1651 = ORIENTED_EDGE('',*,*,#1652,.F.);
#1652 = EDGE_CURVE('',#1653,#1645,#1655,.T.);
#1653 = VERTEX_POINT('',#1654);
#1654 = CARTESIAN_POINT('',(-74.21947873799,190.58,33.928888888889));
#1655 = LINE('',#1656,#1657);
#1656 = CARTESIAN_POINT('',(-74.38007723725,190.58,33.379544360193));
#1657 = VECTOR('',#1658,1.);
#1658 = DIRECTION('',(0.280600582118,0.,0.959824626333));
#1659 = ORIENTED_EDGE('',*,*,#1660,.F.);
#1660 = EDGE_CURVE('',#1661,#1653,#1663,.T.);
#1661 = VERTEX_POINT('',#1662);
#1662 = CARTESIAN_POINT('',(-74.47407407407,190.58,33.373333333333));
#1663 = LINE('',#1664,#1665);
#1664 = CARTESIAN_POINT('',(-78.38506825761,190.58,24.839105723784));
#1665 = VECTOR('',#1666,1.);
#1666 = DIRECTION('',(0.416608335402,0.,0.909086076713));
#1667 = ORIENTED_EDGE('',*,*,#1668,.F.);
#1668 = EDGE_CURVE('',#1669,#1661,#1671,.T.);
#1669 = VERTEX_POINT('',#1670);
#1670 = CARTESIAN_POINT('',(-74.80768175583,190.58,32.817777777778));
#1671 = LINE('',#1672,#1673);
#1672 = CARTESIAN_POINT('',(-79.29989061083,190.58,25.336920103942));
#1673 = VECTOR('',#1674,1.);
#1674 = DIRECTION('',(0.514807016402,0.,0.857306092282));
#1675 = ORIENTED_EDGE('',*,*,#1676,.F.);
#1676 = EDGE_CURVE('',#1677,#1669,#1679,.T.);
#1677 = VERTEX_POINT('',#1678);
#1678 = CARTESIAN_POINT('',(-75.20713305898,190.58,32.262222222222));
#1679 = LINE('',#1680,#1681);
#1680 = CARTESIAN_POINT('',(-79.91110023916,190.58,25.719960175618));
#1681 = VECTOR('',#1682,1.);
#1682 = DIRECTION('',(0.583776486487,0.,0.811914412869));
#1683 = ORIENTED_EDGE('',*,*,#1684,.F.);
#1684 = EDGE_CURVE('',#1685,#1677,#1687,.T.);
#1685 = VERTEX_POINT('',#1686);
#1686 = CARTESIAN_POINT('',(-75.65925925925,190.58,31.706666666667));
#1687 = LINE('',#1688,#1689);
#1688 = CARTESIAN_POINT('',(-80.34690523441,190.58,25.946664785781));
#1689 = VECTOR('',#1690,1.);
#1690 = DIRECTION('',(0.631212461229,0.,0.77560997208));
#1691 = ORIENTED_EDGE('',*,*,#1692,.F.);
#1692 = EDGE_CURVE('',#1693,#1685,#1695,.T.);
#1693 = VERTEX_POINT('',#1694);
#1694 = CARTESIAN_POINT('',(-76.15089163237,190.58,31.151111111111));
#1695 = LINE('',#1696,#1697);
#1696 = CARTESIAN_POINT('',(-80.68997492962,190.58,26.02184566639));
#1697 = VECTOR('',#1698,1.);
#1698 = DIRECTION('',(0.662709521533,0.,0.748876551956));
#1699 = ORIENTED_EDGE('',*,*,#1700,.F.);
#1700 = EDGE_CURVE('',#1701,#1693,#1703,.T.);
#1701 = VERTEX_POINT('',#1702);
#1702 = CARTESIAN_POINT('',(-76.66886145404,190.58,30.595555555556));
#1703 = LINE('',#1704,#1705);
#1704 = CARTESIAN_POINT('',(-80.98760946907,190.58,25.963423812747));
#1705 = VECTOR('',#1706,1.);
#1706 = DIRECTION('',(0.681932082106,0.,0.731415501199));
#1707 = ORIENTED_EDGE('',*,*,#1708,.F.);
#1708 = EDGE_CURVE('',#1709,#1701,#1711,.T.);
#1709 = VERTEX_POINT('',#1710);
#1710 = CARTESIAN_POINT('',(-77.73113854595,190.58,29.484444444444));
#1711 = LINE('',#1712,#1713);
#1712 = CARTESIAN_POINT('',(-81.39696997765,190.58,25.65009080333));
#1713 = VECTOR('',#1714,1.);
#1714 = DIRECTION('',(0.691044328918,0.,0.722812379162));
#1715 = ORIENTED_EDGE('',*,*,#1716,.F.);
#1716 = EDGE_CURVE('',#1717,#1709,#1719,.T.);
#1717 = VERTEX_POINT('',#1718);
#1718 = CARTESIAN_POINT('',(-78.,190.58,29.196073446328));
#1719 = LINE('',#1720,#1721);
#1720 = CARTESIAN_POINT('',(-81.78477778031,190.58,25.136658719027));
#1721 = VECTOR('',#1722,1.);
#1722 = DIRECTION('',(0.681932082106,0.,0.731415501199));
#1723 = ORIENTED_EDGE('',*,*,#1724,.F.);
#1724 = EDGE_CURVE('',#1725,#1717,#1727,.T.);
#1725 = VERTEX_POINT('',#1726);
#1726 = CARTESIAN_POINT('',(-78.,190.58,19.883926553672));
#1727 = LINE('',#1728,#1729);
#1728 = CARTESIAN_POINT('',(-78.,190.58,14.));
#1729 = VECTOR('',#1730,1.);
#1730 = DIRECTION('',(0.,0.,1.));
#1731 = ORIENTED_EDGE('',*,*,#1732,.F.);
#1732 = EDGE_CURVE('',#1323,#1725,#1733,.T.);
#1733 = LINE('',#1734,#1735);
#1734 = CARTESIAN_POINT('',(-76.52768194851,190.58,18.304771863912));
#1735 = VECTOR('',#1736,1.);
#1736 = DIRECTION('',(-0.681932082106,-0.,0.731415501199));
#1737 = ORIENTED_EDGE('',*,*,#1337,.F.);
#1738 = ORIENTED_EDGE('',*,*,#496,.F.);
#1739 = ORIENTED_EDGE('',*,*,#536,.F.);
#1740 = ORIENTED_EDGE('',*,*,#560,.F.);
#1741 = ORIENTED_EDGE('',*,*,#584,.F.);
#1742 = ORIENTED_EDGE('',*,*,#608,.F.);
#1743 = ORIENTED_EDGE('',*,*,#632,.F.);
#1744 = ORIENTED_EDGE('',*,*,#656,.F.);
#1745 = ORIENTED_EDGE('',*,*,#680,.F.);
#1746 = PLANE('',#1747);
#1747 = AXIS2_PLACEMENT_3D('',#1748,#1749,#1750);
#1748 = CARTESIAN_POINT('',(7.618716980654E-15,190.58,33.462889838449));
#1749 = DIRECTION('',(-0.,-1.,-0.));
#1750 = DIRECTION('',(0.,0.,-1.));
#1751 = ADVANCED_FACE('',(#1752),#1786,.T.);
#1752 = FACE_BOUND('',#1753,.T.);
#1753 = EDGE_LOOP('',(#1754,#1755,#1763,#1771,#1779,#1785));
#1754 = ORIENTED_EDGE('',*,*,#713,.F.);
#1755 = ORIENTED_EDGE('',*,*,#1756,.F.);
#1756 = EDGE_CURVE('',#1757,#706,#1759,.T.);
#1757 = VERTEX_POINT('',#1758);
#1758 = CARTESIAN_POINT('',(-70.6,216.,14.));
#1759 = LINE('',#1760,#1761);
#1760 = CARTESIAN_POINT('',(-39.,216.,14.));
#1761 = VECTOR('',#1762,1.);
#1762 = DIRECTION('',(-1.,0.,0.));
#1763 = ORIENTED_EDGE('',*,*,#1764,.T.);
#1764 = EDGE_CURVE('',#1757,#1765,#1767,.T.);
#1765 = VERTEX_POINT('',#1766);
#1766 = CARTESIAN_POINT('',(-70.6,190.68,14.));
#1767 = LINE('',#1768,#1769);
#1768 = CARTESIAN_POINT('',(-70.6,190.63,14.));
#1769 = VECTOR('',#1770,1.);
#1770 = DIRECTION('',(0.,-1.,0.));
#1771 = ORIENTED_EDGE('',*,*,#1772,.F.);
#1772 = EDGE_CURVE('',#1773,#1765,#1775,.T.);
#1773 = VERTEX_POINT('',#1774);
#1774 = CARTESIAN_POINT('',(-70.4,190.68,14.));
#1775 = LINE('',#1776,#1777);
#1776 = CARTESIAN_POINT('',(-39.,190.68,14.));
#1777 = VECTOR('',#1778,1.);
#1778 = DIRECTION('',(-1.,0.,0.));
#1779 = ORIENTED_EDGE('',*,*,#1780,.F.);
#1780 = EDGE_CURVE('',#1353,#1773,#1781,.T.);
#1781 = LINE('',#1782,#1783);
#1782 = CARTESIAN_POINT('',(-70.4,190.58,14.));
#1783 = VECTOR('',#1784,1.);
#1784 = DIRECTION('',(-0.,1.,0.));
#1785 = ORIENTED_EDGE('',*,*,#1352,.F.);
#1786 = PLANE('',#1787);
#1787 = AXIS2_PLACEMENT_3D('',#1788,#1789,#1790);
#1788 = CARTESIAN_POINT('',(-72.28725017229,203.2027498277,14.));
#1789 = DIRECTION('',(-0.,-0.,-1.));
#1790 = DIRECTION('',(-1.,0.,0.));
#1791 = ADVANCED_FACE('',(#1792),#1819,.T.);
#1792 = FACE_BOUND('',#1793,.T.);
#1793 = EDGE_LOOP('',(#1794,#1795,#1796,#1804,#1812,#1818));
#1794 = ORIENTED_EDGE('',*,*,#705,.F.);
#1795 = ORIENTED_EDGE('',*,*,#801,.T.);
#1796 = ORIENTED_EDGE('',*,*,#1797,.T.);
#1797 = EDGE_CURVE('',#794,#1798,#1800,.T.);
#1798 = VERTEX_POINT('',#1799);
#1799 = CARTESIAN_POINT('',(-70.4,216.,13.8));
#1800 = LINE('',#1801,#1802);
#1801 = CARTESIAN_POINT('',(-70.4,216.,17.04));
#1802 = VECTOR('',#1803,1.);
#1803 = DIRECTION('',(0.,-0.,1.));
#1804 = ORIENTED_EDGE('',*,*,#1805,.T.);
#1805 = EDGE_CURVE('',#1798,#1806,#1808,.T.);
#1806 = VERTEX_POINT('',#1807);
#1807 = CARTESIAN_POINT('',(-70.6,216.,13.8));
#1808 = LINE('',#1809,#1810);
#1809 = CARTESIAN_POINT('',(-35.3,216.,13.8));
#1810 = VECTOR('',#1811,1.);
#1811 = DIRECTION('',(-1.,0.,0.));
#1812 = ORIENTED_EDGE('',*,*,#1813,.T.);
#1813 = EDGE_CURVE('',#1806,#1757,#1814,.T.);
#1814 = LINE('',#1815,#1816);
#1815 = CARTESIAN_POINT('',(-70.6,216.,19.17));
#1816 = VECTOR('',#1817,1.);
#1817 = DIRECTION('',(0.,-0.,1.));
#1818 = ORIENTED_EDGE('',*,*,#1756,.T.);
#1819 = PLANE('',#1820);
#1820 = AXIS2_PLACEMENT_3D('',#1821,#1822,#1823);
#1821 = CARTESIAN_POINT('',(0.,216.,24.54));
#1822 = DIRECTION('',(-0.,-1.,-0.));
#1823 = DIRECTION('',(0.,0.,-1.));
#1824 = ADVANCED_FACE('',(#1825),#1907,.T.);
#1825 = FACE_BOUND('',#1826,.T.);
#1826 = EDGE_LOOP('',(#1827,#1828,#1829,#1837,#1845,#1853,#1861,#1869,
    #1877,#1885,#1893,#1901));
#1827 = ORIENTED_EDGE('',*,*,#735,.F.);
#1828 = ORIENTED_EDGE('',*,*,#896,.T.);
#1829 = ORIENTED_EDGE('',*,*,#1830,.T.);
#1830 = EDGE_CURVE('',#889,#1831,#1833,.T.);
#1831 = VERTEX_POINT('',#1832);
#1832 = CARTESIAN_POINT('',(-70.4,228.015,39.54));
#1833 = LINE('',#1834,#1835);
#1834 = CARTESIAN_POINT('',(-106.,228.015,39.54));
#1835 = VECTOR('',#1836,1.);
#1836 = DIRECTION('',(1.,0.,-0.));
#1837 = ORIENTED_EDGE('',*,*,#1838,.T.);
#1838 = EDGE_CURVE('',#1831,#1839,#1841,.T.);
#1839 = VERTEX_POINT('',#1840);
#1840 = CARTESIAN_POINT('',(-70.4,228.015,14.2));
#1841 = LINE('',#1842,#1843);
#1842 = CARTESIAN_POINT('',(-70.4,228.015,20.07));
#1843 = VECTOR('',#1844,1.);
#1844 = DIRECTION('',(-0.,0.,-1.));
#1845 = ORIENTED_EDGE('',*,*,#1846,.T.);
#1846 = EDGE_CURVE('',#1839,#1847,#1849,.T.);
#1847 = VERTEX_POINT('',#1848);
#1848 = CARTESIAN_POINT('',(-70.2,228.015,14.2));
#1849 = LINE('',#1850,#1851);
#1850 = CARTESIAN_POINT('',(-70.6,228.015,14.2));
#1851 = VECTOR('',#1852,1.);
#1852 = DIRECTION('',(1.,0.,-0.));
#1853 = ORIENTED_EDGE('',*,*,#1854,.F.);
#1854 = EDGE_CURVE('',#1855,#1847,#1857,.T.);
#1855 = VERTEX_POINT('',#1856);
#1856 = CARTESIAN_POINT('',(-70.2,228.015,14.04));
#1857 = LINE('',#1858,#1859);
#1858 = CARTESIAN_POINT('',(-70.2,228.015,13.8));
#1859 = VECTOR('',#1860,1.);
#1860 = DIRECTION('',(0.,0.,1.));
#1861 = ORIENTED_EDGE('',*,*,#1862,.F.);
#1862 = EDGE_CURVE('',#1863,#1855,#1865,.T.);
#1863 = VERTEX_POINT('',#1864);
#1864 = CARTESIAN_POINT('',(70.2,228.015,14.04));
#1865 = LINE('',#1866,#1867);
#1866 = CARTESIAN_POINT('',(-130.,228.015,14.04));
#1867 = VECTOR('',#1868,1.);
#1868 = DIRECTION('',(-1.,-0.,0.));
#1869 = ORIENTED_EDGE('',*,*,#1870,.T.);
#1870 = EDGE_CURVE('',#1863,#1871,#1873,.T.);
#1871 = VERTEX_POINT('',#1872);
#1872 = CARTESIAN_POINT('',(70.2,228.015,14.2));
#1873 = LINE('',#1874,#1875);
#1874 = CARTESIAN_POINT('',(70.2,228.015,13.8));
#1875 = VECTOR('',#1876,1.);
#1876 = DIRECTION('',(0.,0.,1.));
#1877 = ORIENTED_EDGE('',*,*,#1878,.T.);
#1878 = EDGE_CURVE('',#1871,#1879,#1881,.T.);
#1879 = VERTEX_POINT('',#1880);
#1880 = CARTESIAN_POINT('',(70.4,228.015,14.2));
#1881 = LINE('',#1882,#1883);
#1882 = CARTESIAN_POINT('',(70.2,228.015,14.2));
#1883 = VECTOR('',#1884,1.);
#1884 = DIRECTION('',(1.,0.,-0.));
#1885 = ORIENTED_EDGE('',*,*,#1886,.T.);
#1886 = EDGE_CURVE('',#1879,#1887,#1889,.T.);
#1887 = VERTEX_POINT('',#1888);
#1888 = CARTESIAN_POINT('',(70.4,228.015,39.54));
#1889 = LINE('',#1890,#1891);
#1890 = CARTESIAN_POINT('',(70.4,228.015,14.));
#1891 = VECTOR('',#1892,1.);
#1892 = DIRECTION('',(0.,0.,1.));
#1893 = ORIENTED_EDGE('',*,*,#1894,.T.);
#1894 = EDGE_CURVE('',#1887,#1895,#1897,.T.);
#1895 = VERTEX_POINT('',#1896);
#1896 = CARTESIAN_POINT('',(106.,228.015,39.54));
#1897 = LINE('',#1898,#1899);
#1898 = CARTESIAN_POINT('',(-106.,228.015,39.54));
#1899 = VECTOR('',#1900,1.);
#1900 = DIRECTION('',(1.,0.,-0.));
#1901 = ORIENTED_EDGE('',*,*,#1902,.F.);
#1902 = EDGE_CURVE('',#738,#1895,#1903,.T.);
#1903 = LINE('',#1904,#1905);
#1904 = CARTESIAN_POINT('',(106.,228.015,-27.78357304216));
#1905 = VECTOR('',#1906,1.);
#1906 = DIRECTION('',(0.,-0.,1.));
#1907 = PLANE('',#1908);
#1908 = AXIS2_PLACEMENT_3D('',#1909,#1910,#1911);
#1909 = CARTESIAN_POINT('',(9.395606423274E-16,228.015,24.54));
#1910 = DIRECTION('',(0.,1.,0.));
#1911 = DIRECTION('',(0.,-0.,1.));
#1912 = ADVANCED_FACE('',(#1913),#1963,.T.);
#1913 = FACE_BOUND('',#1914,.T.);
#1914 = EDGE_LOOP('',(#1915,#1925,#1931,#1932,#1933,#1941,#1949,#1957));
#1915 = ORIENTED_EDGE('',*,*,#1916,.F.);
#1916 = EDGE_CURVE('',#1917,#1919,#1921,.T.);
#1917 = VERTEX_POINT('',#1918);
#1918 = CARTESIAN_POINT('',(106.,18.,14.04));
#1919 = VERTEX_POINT('',#1920);
#1920 = CARTESIAN_POINT('',(106.,219.8,14.04));
#1921 = LINE('',#1922,#1923);
#1922 = CARTESIAN_POINT('',(106.,-8.,14.04));
#1923 = VECTOR('',#1924,1.);
#1924 = DIRECTION('',(-0.,1.,0.));
#1925 = ORIENTED_EDGE('',*,*,#1926,.T.);
#1926 = EDGE_CURVE('',#1917,#746,#1927,.T.);
#1927 = LINE('',#1928,#1929);
#1928 = CARTESIAN_POINT('',(106.,18.,4.77));
#1929 = VECTOR('',#1930,1.);
#1930 = DIRECTION('',(-0.,0.,-1.));
#1931 = ORIENTED_EDGE('',*,*,#745,.T.);
#1932 = ORIENTED_EDGE('',*,*,#1902,.T.);
#1933 = ORIENTED_EDGE('',*,*,#1934,.F.);
#1934 = EDGE_CURVE('',#1935,#1895,#1937,.T.);
#1935 = VERTEX_POINT('',#1936);
#1936 = CARTESIAN_POINT('',(106.,-8.,39.54));
#1937 = LINE('',#1938,#1939);
#1938 = CARTESIAN_POINT('',(106.,216.,39.54));
#1939 = VECTOR('',#1940,1.);
#1940 = DIRECTION('',(-0.,1.,0.));
#1941 = ORIENTED_EDGE('',*,*,#1942,.F.);
#1942 = EDGE_CURVE('',#1943,#1935,#1945,.T.);
#1943 = VERTEX_POINT('',#1944);
#1944 = CARTESIAN_POINT('',(106.,-8.,35.04));
#1945 = LINE('',#1946,#1947);
#1946 = CARTESIAN_POINT('',(106.,-8.,35.04));
#1947 = VECTOR('',#1948,1.);
#1948 = DIRECTION('',(0.,0.,1.));
#1949 = ORIENTED_EDGE('',*,*,#1950,.T.);
#1950 = EDGE_CURVE('',#1943,#1951,#1953,.T.);
#1951 = VERTEX_POINT('',#1952);
#1952 = CARTESIAN_POINT('',(106.,219.8,35.04));
#1953 = LINE('',#1954,#1955);
#1954 = CARTESIAN_POINT('',(106.,-8.,35.04));
#1955 = VECTOR('',#1956,1.);
#1956 = DIRECTION('',(-0.,1.,0.));
#1957 = ORIENTED_EDGE('',*,*,#1958,.F.);
#1958 = EDGE_CURVE('',#1919,#1951,#1959,.T.);
#1959 = LINE('',#1960,#1961);
#1960 = CARTESIAN_POINT('',(106.,219.8,9.54));
#1961 = VECTOR('',#1962,1.);
#1962 = DIRECTION('',(0.,0.,1.));
#1963 = PLANE('',#1964);
#1964 = AXIS2_PLACEMENT_3D('',#1965,#1966,#1967);
#1965 = CARTESIAN_POINT('',(106.,126.73530371485,24.432853915663));
#1966 = DIRECTION('',(1.,0.,0.));
#1967 = DIRECTION('',(-0.,0.,1.));
#1968 = ADVANCED_FACE('',(#1969),#2147,.T.);
#1969 = FACE_BOUND('',#1970,.T.);
#1970 = EDGE_LOOP('',(#1971,#1981,#1989,#1997,#2005,#2013,#2021,#2029,
    #2037,#2045,#2053,#2061,#2069,#2075,#2076,#2077,#2085,#2093,#2101,
    #2109,#2117,#2125,#2133,#2141));
#1971 = ORIENTED_EDGE('',*,*,#1972,.F.);
#1972 = EDGE_CURVE('',#1973,#1975,#1977,.T.);
#1973 = VERTEX_POINT('',#1974);
#1974 = CARTESIAN_POINT('',(109.,18.,0.));
#1975 = VERTEX_POINT('',#1976);
#1976 = CARTESIAN_POINT('',(109.,18.,18.));
#1977 = LINE('',#1978,#1979);
#1978 = CARTESIAN_POINT('',(109.,18.,0.));
#1979 = VECTOR('',#1980,1.);
#1980 = DIRECTION('',(0.,0.,1.));
#1981 = ORIENTED_EDGE('',*,*,#1982,.F.);
#1982 = EDGE_CURVE('',#1983,#1973,#1985,.T.);
#1983 = VERTEX_POINT('',#1984);
#1984 = CARTESIAN_POINT('',(71.,18.,0.));
#1985 = LINE('',#1986,#1987);
#1986 = CARTESIAN_POINT('',(71.,18.,0.));
#1987 = VECTOR('',#1988,1.);
#1988 = DIRECTION('',(1.,0.,-0.));
#1989 = ORIENTED_EDGE('',*,*,#1990,.T.);
#1990 = EDGE_CURVE('',#1983,#1991,#1993,.T.);
#1991 = VERTEX_POINT('',#1992);
#1992 = CARTESIAN_POINT('',(71.,18.,18.));
#1993 = LINE('',#1994,#1995);
#1994 = CARTESIAN_POINT('',(71.,18.,0.));
#1995 = VECTOR('',#1996,1.);
#1996 = DIRECTION('',(0.,0.,1.));
#1997 = ORIENTED_EDGE('',*,*,#1998,.T.);
#1998 = EDGE_CURVE('',#1991,#1999,#2001,.T.);
#1999 = VERTEX_POINT('',#2000);
#2000 = CARTESIAN_POINT('',(76.217191769547,18.,18.));
#2001 = LINE('',#2002,#2003);
#2002 = CARTESIAN_POINT('',(71.,18.,18.));
#2003 = VECTOR('',#2004,1.);
#2004 = DIRECTION('',(1.,0.,-0.));
#2005 = ORIENTED_EDGE('',*,*,#2006,.F.);
#2006 = EDGE_CURVE('',#2007,#1999,#2009,.T.);
#2007 = VERTEX_POINT('',#2008);
#2008 = CARTESIAN_POINT('',(76.150891632373,18.,17.928888888889));
#2009 = LINE('',#2010,#2011);
#2010 = CARTESIAN_POINT('',(70.74096644724,18.,12.126400276657));
#2011 = VECTOR('',#2012,1.);
#2012 = DIRECTION('',(0.681932082106,0.,0.731415501199));
#2013 = ORIENTED_EDGE('',*,*,#2014,.F.);
#2014 = EDGE_CURVE('',#2015,#2007,#2017,.T.);
#2015 = VERTEX_POINT('',#2016);
#2016 = CARTESIAN_POINT('',(75.659259259259,18.,17.373333333333));
#2017 = LINE('',#2018,#2019);
#2018 = CARTESIAN_POINT('',(70.570854458194,18.,11.623322327665));
#2019 = VECTOR('',#2020,1.);
#2020 = DIRECTION('',(0.662709521533,0.,0.748876551956));
#2021 = ORIENTED_EDGE('',*,*,#2022,.F.);
#2022 = EDGE_CURVE('',#2023,#2015,#2025,.T.);
#2023 = VERTEX_POINT('',#2024);
#2024 = CARTESIAN_POINT('',(75.207133058985,18.,16.817777777778));
#2025 = LINE('',#2026,#2027);
#2026 = CARTESIAN_POINT('',(70.478294808051,18.,11.007160388129));
#2027 = VECTOR('',#2028,1.);
#2028 = DIRECTION('',(0.631212461229,0.,0.77560997208));
#2029 = ORIENTED_EDGE('',*,*,#2030,.F.);
#2030 = EDGE_CURVE('',#2031,#2023,#2033,.T.);
#2031 = VERTEX_POINT('',#2032);
#2032 = CARTESIAN_POINT('',(74.80768175583,18.,16.262222222222));
#2033 = LINE('',#2034,#2035);
#2034 = CARTESIAN_POINT('',(70.504632044323,18.,10.277554869337));
#2035 = VECTOR('',#2036,1.);
#2036 = DIRECTION('',(0.583776486487,0.,0.811914412869));
#2037 = ORIENTED_EDGE('',*,*,#2038,.F.);
#2038 = EDGE_CURVE('',#2039,#2031,#2041,.T.);
#2039 = VERTEX_POINT('',#2040);
#2040 = CARTESIAN_POINT('',(74.474074074074,18.,15.706666666667));
#2041 = LINE('',#2042,#2043);
#2042 = CARTESIAN_POINT('',(70.714470867693,18.,9.44581428762));
#2043 = VECTOR('',#2044,1.);
#2044 = DIRECTION('',(0.514807016402,0.,0.857306092282));
#2045 = ORIENTED_EDGE('',*,*,#2046,.F.);
#2046 = EDGE_CURVE('',#2047,#2039,#2049,.T.);
#2047 = VERTEX_POINT('',#2048);
#2048 = CARTESIAN_POINT('',(74.219478737997,18.,15.151111111111));
#2049 = LINE('',#2050,#2051);
#2050 = CARTESIAN_POINT('',(71.198274359957,18.,8.558504574978));
#2051 = VECTOR('',#2052,1.);
#2052 = DIRECTION('',(0.416608335402,0.,0.909086076713));
#2053 = ORIENTED_EDGE('',*,*,#2054,.F.);
#2054 = EDGE_CURVE('',#2055,#2047,#2057,.T.);
#2055 = VERTEX_POINT('',#2056);
#2056 = CARTESIAN_POINT('',(74.057064471879,18.,14.595555555556));
#2057 = LINE('',#2058,#2059);
#2058 = CARTESIAN_POINT('',(72.052428899583,18.,7.738482863158));
#2059 = VECTOR('',#2060,1.);
#2060 = DIRECTION('',(0.280600582118,0.,0.959824626333));
#2061 = ORIENTED_EDGE('',*,*,#2062,.F.);
#2062 = EDGE_CURVE('',#2063,#2055,#2065,.T.);
#2063 = VERTEX_POINT('',#2064);
#2064 = CARTESIAN_POINT('',(74.,18.,14.04));
#2065 = LINE('',#2066,#2067);
#2066 = CARTESIAN_POINT('',(73.299333167142,18.,7.218604151264));
#2067 = VECTOR('',#2068,1.);
#2068 = DIRECTION('',(0.102178442416,0.,0.994766086025));
#2069 = ORIENTED_EDGE('',*,*,#2070,.T.);
#2070 = EDGE_CURVE('',#2063,#754,#2071,.T.);
#2071 = LINE('',#2072,#2073);
#2072 = CARTESIAN_POINT('',(74.,18.,4.77));
#2073 = VECTOR('',#2074,1.);
#2074 = DIRECTION('',(-0.,0.,-1.));
#2075 = ORIENTED_EDGE('',*,*,#753,.T.);
#2076 = ORIENTED_EDGE('',*,*,#1926,.F.);
#2077 = ORIENTED_EDGE('',*,*,#2078,.T.);
#2078 = EDGE_CURVE('',#1917,#2079,#2081,.T.);
#2079 = VERTEX_POINT('',#2080);
#2080 = CARTESIAN_POINT('',(105.94293552812,18.,14.595555555556));
#2081 = LINE('',#2082,#2083);
#2082 = CARTESIAN_POINT('',(106.50229858506,18.,9.149833486799));
#2083 = VECTOR('',#2084,1.);
#2084 = DIRECTION('',(-0.102178442416,-0.,0.994766086025));
#2085 = ORIENTED_EDGE('',*,*,#2086,.T.);
#2086 = EDGE_CURVE('',#2079,#2087,#2089,.T.);
#2087 = VERTEX_POINT('',#2088);
#2088 = CARTESIAN_POINT('',(105.780521262,18.,15.151111111111));
#2089 = LINE('',#2090,#2091);
#2090 = CARTESIAN_POINT('',(106.4515740534,18.,12.855702491882));
#2091 = VECTOR('',#2092,1.);
#2092 = DIRECTION('',(-0.280600582118,-0.,0.959824626333));
#2093 = ORIENTED_EDGE('',*,*,#2094,.T.);
#2094 = EDGE_CURVE('',#2087,#2095,#2097,.T.);
#2095 = VERTEX_POINT('',#2096);
#2096 = CARTESIAN_POINT('',(105.52592592592,18.,15.706666666667));
#2097 = LINE('',#2098,#2099);
#2098 = CARTESIAN_POINT('',(105.50403804263,18.,15.754428480957));
#2099 = VECTOR('',#2100,1.);
#2100 = DIRECTION('',(-0.416608335402,-0.,0.909086076713));
#2101 = ORIENTED_EDGE('',*,*,#2102,.T.);
#2102 = EDGE_CURVE('',#2095,#2103,#2105,.T.);
#2103 = VERTEX_POINT('',#2104);
#2104 = CARTESIAN_POINT('',(105.19231824417,18.,16.262222222222));
#2105 = LINE('',#2106,#2107);
#2106 = CARTESIAN_POINT('',(104.2500301137,18.,17.831410926326));
#2107 = VECTOR('',#2108,1.);
#2108 = DIRECTION('',(-0.514807016402,-0.,0.857306092282));
#2109 = ORIENTED_EDGE('',*,*,#2110,.T.);
#2110 = EDGE_CURVE('',#2103,#2111,#2113,.T.);
#2111 = VERTEX_POINT('',#2112);
#2112 = CARTESIAN_POINT('',(104.79286694101,18.,16.817777777778));
#2113 = LINE('',#2114,#2115);
#2114 = CARTESIAN_POINT('',(103.02026321833,18.,19.283109191527));
#2115 = VECTOR('',#2116,1.);
#2116 = DIRECTION('',(-0.583776486487,-0.,0.811914412869));
#2117 = ORIENTED_EDGE('',*,*,#2118,.T.);
#2118 = EDGE_CURVE('',#2111,#2119,#2121,.T.);
#2119 = VERTEX_POINT('',#2120);
#2120 = CARTESIAN_POINT('',(104.34074074074,18.,17.373333333333));
#2121 = LINE('',#2122,#2123);
#2122 = CARTESIAN_POINT('',(101.95155093895,18.,20.309079297298));
#2123 = VECTOR('',#2124,1.);
#2124 = DIRECTION('',(-0.631212461229,-0.,0.77560997208));
#2125 = ORIENTED_EDGE('',*,*,#2126,.T.);
#2126 = EDGE_CURVE('',#2119,#2127,#2129,.T.);
#2127 = VERTEX_POINT('',#2128);
#2128 = CARTESIAN_POINT('',(103.84910836762,18.,17.928888888889));
#2129 = LINE('',#2130,#2131);
#2130 = CARTESIAN_POINT('',(101.08465125312,18.,21.052787134913));
#2131 = VECTOR('',#2132,1.);
#2132 = DIRECTION('',(-0.662709521533,-0.,0.748876551956));
#2133 = ORIENTED_EDGE('',*,*,#2134,.T.);
#2134 = EDGE_CURVE('',#2127,#2135,#2137,.T.);
#2135 = VERTEX_POINT('',#2136);
#2136 = CARTESIAN_POINT('',(103.78280823045,18.,18.));
#2137 = LINE('',#2138,#2139);
#2138 = CARTESIAN_POINT('',(100.42343762526,18.,21.603138493388));
#2139 = VECTOR('',#2140,1.);
#2140 = DIRECTION('',(-0.681932082106,-0.,0.731415501199));
#2141 = ORIENTED_EDGE('',*,*,#2142,.T.);
#2142 = EDGE_CURVE('',#2135,#1975,#2143,.T.);
#2143 = LINE('',#2144,#2145);
#2144 = CARTESIAN_POINT('',(71.,18.,18.));
#2145 = VECTOR('',#2146,1.);
#2146 = DIRECTION('',(1.,0.,-0.));
#2147 = PLANE('',#2148);
#2148 = AXIS2_PLACEMENT_3D('',#2149,#2150,#2151);
#2149 = CARTESIAN_POINT('',(71.,18.,0.));
#2150 = DIRECTION('',(-0.,1.,0.));
#2151 = DIRECTION('',(0.,0.,1.));
#2152 = ADVANCED_FACE('',(#2153),#2178,.T.);
#2153 = FACE_BOUND('',#2154,.T.);
#2154 = EDGE_LOOP('',(#2155,#2156,#2162,#2163,#2171,#2177));
#2155 = ORIENTED_EDGE('',*,*,#2070,.F.);
#2156 = ORIENTED_EDGE('',*,*,#2157,.T.);
#2157 = EDGE_CURVE('',#2063,#1445,#2158,.T.);
#2158 = LINE('',#2159,#2160);
#2159 = CARTESIAN_POINT('',(74.,-8.,14.04));
#2160 = VECTOR('',#2161,1.);
#2161 = DIRECTION('',(-0.,1.,0.));
#2162 = ORIENTED_EDGE('',*,*,#1444,.T.);
#2163 = ORIENTED_EDGE('',*,*,#2164,.T.);
#2164 = EDGE_CURVE('',#1437,#2165,#2167,.T.);
#2165 = VERTEX_POINT('',#2166);
#2166 = CARTESIAN_POINT('',(74.,216.,14.));
#2167 = LINE('',#2168,#2169);
#2168 = CARTESIAN_POINT('',(74.,153.79,14.));
#2169 = VECTOR('',#2170,1.);
#2170 = DIRECTION('',(0.,1.,0.));
#2171 = ORIENTED_EDGE('',*,*,#2172,.F.);
#2172 = EDGE_CURVE('',#762,#2165,#2173,.T.);
#2173 = LINE('',#2174,#2175);
#2174 = CARTESIAN_POINT('',(74.,216.,9.54));
#2175 = VECTOR('',#2176,1.);
#2176 = DIRECTION('',(0.,0.,1.));
#2177 = ORIENTED_EDGE('',*,*,#761,.F.);
#2178 = PLANE('',#2179);
#2179 = AXIS2_PLACEMENT_3D('',#2180,#2181,#2182);
#2180 = CARTESIAN_POINT('',(74.,117.,11.79));
#2181 = DIRECTION('',(-1.,-0.,-0.));
#2182 = DIRECTION('',(0.,0.,-1.));
#2183 = ADVANCED_FACE('',(#2184),#2218,.T.);
#2184 = FACE_BOUND('',#2185,.T.);
#2185 = EDGE_LOOP('',(#2186,#2194,#2195,#2196,#2204,#2212));
#2186 = ORIENTED_EDGE('',*,*,#2187,.F.);
#2187 = EDGE_CURVE('',#770,#2188,#2190,.T.);
#2188 = VERTEX_POINT('',#2189);
#2189 = CARTESIAN_POINT('',(70.4,216.,13.8));
#2190 = LINE('',#2191,#2192);
#2191 = CARTESIAN_POINT('',(70.4,216.,17.04));
#2192 = VECTOR('',#2193,1.);
#2193 = DIRECTION('',(0.,-0.,1.));
#2194 = ORIENTED_EDGE('',*,*,#769,.T.);
#2195 = ORIENTED_EDGE('',*,*,#2172,.T.);
#2196 = ORIENTED_EDGE('',*,*,#2197,.T.);
#2197 = EDGE_CURVE('',#2165,#2198,#2200,.T.);
#2198 = VERTEX_POINT('',#2199);
#2199 = CARTESIAN_POINT('',(70.6,216.,14.));
#2200 = LINE('',#2201,#2202);
#2201 = CARTESIAN_POINT('',(35.2,216.,14.));
#2202 = VECTOR('',#2203,1.);
#2203 = DIRECTION('',(-1.,0.,0.));
#2204 = ORIENTED_EDGE('',*,*,#2205,.F.);
#2205 = EDGE_CURVE('',#2206,#2198,#2208,.T.);
#2206 = VERTEX_POINT('',#2207);
#2207 = CARTESIAN_POINT('',(70.6,216.,13.8));
#2208 = LINE('',#2209,#2210);
#2209 = CARTESIAN_POINT('',(70.6,216.,19.17));
#2210 = VECTOR('',#2211,1.);
#2211 = DIRECTION('',(0.,-0.,1.));
#2212 = ORIENTED_EDGE('',*,*,#2213,.T.);
#2213 = EDGE_CURVE('',#2206,#2188,#2214,.T.);
#2214 = LINE('',#2215,#2216);
#2215 = CARTESIAN_POINT('',(35.1,216.,13.8));
#2216 = VECTOR('',#2217,1.);
#2217 = DIRECTION('',(-1.,0.,0.));
#2218 = PLANE('',#2219);
#2219 = AXIS2_PLACEMENT_3D('',#2220,#2221,#2222);
#2220 = CARTESIAN_POINT('',(0.,216.,24.54));
#2221 = DIRECTION('',(-0.,-1.,-0.));
#2222 = DIRECTION('',(0.,0.,-1.));
#2223 = ADVANCED_FACE('',(#2224),#2242,.T.);
#2224 = FACE_BOUND('',#2225,.T.);
#2225 = EDGE_LOOP('',(#2226,#2234,#2240,#2241));
#2226 = ORIENTED_EDGE('',*,*,#2227,.T.);
#2227 = EDGE_CURVE('',#2188,#2228,#2230,.T.);
#2228 = VERTEX_POINT('',#2229);
#2229 = CARTESIAN_POINT('',(70.4,190.68,13.8));
#2230 = LINE('',#2231,#2232);
#2231 = CARTESIAN_POINT('',(70.4,190.68,13.8));
#2232 = VECTOR('',#2233,1.);
#2233 = DIRECTION('',(0.,-1.,0.));
#2234 = ORIENTED_EDGE('',*,*,#2235,.F.);
#2235 = EDGE_CURVE('',#778,#2228,#2236,.T.);
#2236 = LINE('',#2237,#2238);
#2237 = CARTESIAN_POINT('',(70.4,190.68,9.54));
#2238 = VECTOR('',#2239,1.);
#2239 = DIRECTION('',(0.,0.,1.));
#2240 = ORIENTED_EDGE('',*,*,#777,.T.);
#2241 = ORIENTED_EDGE('',*,*,#2187,.T.);
#2242 = PLANE('',#2243);
#2243 = AXIS2_PLACEMENT_3D('',#2244,#2245,#2246);
#2244 = CARTESIAN_POINT('',(70.4,190.68,9.54));
#2245 = DIRECTION('',(1.,0.,-0.));
#2246 = DIRECTION('',(0.,0.,1.));
#2247 = ADVANCED_FACE('',(#2248),#2515,.T.);
#2248 = FACE_BOUND('',#2249,.T.);
#2249 = EDGE_LOOP('',(#2250,#2251,#2252,#2260,#2268,#2276,#2284,#2292,
    #2300,#2308,#2316,#2324,#2332,#2340,#2349,#2357,#2365,#2373,#2381,
    #2389,#2397,#2405,#2413,#2421,#2430,#2438,#2446,#2454,#2462,#2470,
    #2478,#2486,#2492,#2493,#2501,#2509));
#2250 = ORIENTED_EDGE('',*,*,#785,.T.);
#2251 = ORIENTED_EDGE('',*,*,#2235,.T.);
#2252 = ORIENTED_EDGE('',*,*,#2253,.T.);
#2253 = EDGE_CURVE('',#2228,#2254,#2256,.T.);
#2254 = VERTEX_POINT('',#2255);
#2255 = CARTESIAN_POINT('',(70.6,190.68,13.8));
#2256 = LINE('',#2257,#2258);
#2257 = CARTESIAN_POINT('',(70.2,190.68,13.8));
#2258 = VECTOR('',#2259,1.);
#2259 = DIRECTION('',(1.,0.,-0.));
#2260 = ORIENTED_EDGE('',*,*,#2261,.T.);
#2261 = EDGE_CURVE('',#2254,#2262,#2264,.T.);
#2262 = VERTEX_POINT('',#2263);
#2263 = CARTESIAN_POINT('',(70.6,190.68,14.));
#2264 = LINE('',#2265,#2266);
#2265 = CARTESIAN_POINT('',(70.6,190.68,13.8));
#2266 = VECTOR('',#2267,1.);
#2267 = DIRECTION('',(0.,0.,1.));
#2268 = ORIENTED_EDGE('',*,*,#2269,.T.);
#2269 = EDGE_CURVE('',#2262,#2270,#2272,.T.);
#2270 = VERTEX_POINT('',#2271);
#2271 = CARTESIAN_POINT('',(70.4,190.68,14.));
#2272 = LINE('',#2273,#2274);
#2273 = CARTESIAN_POINT('',(35.2,190.68,14.));
#2274 = VECTOR('',#2275,1.);
#2275 = DIRECTION('',(-1.,0.,0.));
#2276 = ORIENTED_EDGE('',*,*,#2277,.T.);
#2277 = EDGE_CURVE('',#2270,#2278,#2280,.T.);
#2278 = VERTEX_POINT('',#2279);
#2279 = CARTESIAN_POINT('',(70.4,190.68,14.2));
#2280 = LINE('',#2281,#2282);
#2281 = CARTESIAN_POINT('',(70.4,190.68,15.329498757697));
#2282 = VECTOR('',#2283,1.);
#2283 = DIRECTION('',(0.,-0.,1.));
#2284 = ORIENTED_EDGE('',*,*,#2285,.F.);
#2285 = EDGE_CURVE('',#2286,#2278,#2288,.T.);
#2286 = VERTEX_POINT('',#2287);
#2287 = CARTESIAN_POINT('',(70.2,190.68,14.2));
#2288 = LINE('',#2289,#2290);
#2289 = CARTESIAN_POINT('',(70.2,190.68,14.2));
#2290 = VECTOR('',#2291,1.);
#2291 = DIRECTION('',(1.,0.,-0.));
#2292 = ORIENTED_EDGE('',*,*,#2293,.F.);
#2293 = EDGE_CURVE('',#2294,#2286,#2296,.T.);
#2294 = VERTEX_POINT('',#2295);
#2295 = CARTESIAN_POINT('',(70.2,190.68,14.));
#2296 = LINE('',#2297,#2298);
#2297 = CARTESIAN_POINT('',(70.2,190.68,13.8));
#2298 = VECTOR('',#2299,1.);
#2299 = DIRECTION('',(0.,0.,1.));
#2300 = ORIENTED_EDGE('',*,*,#2301,.F.);
#2301 = EDGE_CURVE('',#2302,#2294,#2304,.T.);
#2302 = VERTEX_POINT('',#2303);
#2303 = CARTESIAN_POINT('',(53.35,190.68,14.));
#2304 = LINE('',#2305,#2306);
#2305 = CARTESIAN_POINT('',(-70.4,190.68,14.));
#2306 = VECTOR('',#2307,1.);
#2307 = DIRECTION('',(1.,0.,-0.));
#2308 = ORIENTED_EDGE('',*,*,#2309,.T.);
#2309 = EDGE_CURVE('',#2302,#2310,#2312,.T.);
#2310 = VERTEX_POINT('',#2311);
#2311 = CARTESIAN_POINT('',(53.35,190.68,20.35));
#2312 = LINE('',#2313,#2314);
#2313 = CARTESIAN_POINT('',(53.35,190.68,13.65));
#2314 = VECTOR('',#2315,1.);
#2315 = DIRECTION('',(0.,0.,1.));
#2316 = ORIENTED_EDGE('',*,*,#2317,.F.);
#2317 = EDGE_CURVE('',#2318,#2310,#2320,.T.);
#2318 = VERTEX_POINT('',#2319);
#2319 = CARTESIAN_POINT('',(53.,190.68,20.35));
#2320 = LINE('',#2321,#2322);
#2321 = CARTESIAN_POINT('',(30.65,190.68,20.35));
#2322 = VECTOR('',#2323,1.);
#2323 = DIRECTION('',(1.,0.,-0.));
#2324 = ORIENTED_EDGE('',*,*,#2325,.T.);
#2325 = EDGE_CURVE('',#2318,#2326,#2328,.T.);
#2326 = VERTEX_POINT('',#2327);
#2327 = CARTESIAN_POINT('',(53.,190.68,33.54));
#2328 = LINE('',#2329,#2330);
#2329 = CARTESIAN_POINT('',(53.,190.68,20.));
#2330 = VECTOR('',#2331,1.);
#2331 = DIRECTION('',(0.,0.,1.));
#2332 = ORIENTED_EDGE('',*,*,#2333,.T.);
#2333 = EDGE_CURVE('',#2326,#2334,#2336,.T.);
#2334 = VERTEX_POINT('',#2335);
#2335 = CARTESIAN_POINT('',(47.325260557006,190.68,33.54));
#2336 = LINE('',#2337,#2338);
#2337 = CARTESIAN_POINT('',(-23.5,190.68,33.54));
#2338 = VECTOR('',#2339,1.);
#2339 = DIRECTION('',(-1.,-0.,0.));
#2340 = ORIENTED_EDGE('',*,*,#2341,.T.);
#2341 = EDGE_CURVE('',#2334,#2342,#2344,.T.);
#2342 = VERTEX_POINT('',#2343);
#2343 = CARTESIAN_POINT('',(36.674739442994,190.68,33.54));
#2344 = CIRCLE('',#2345,5.9);
#2345 = AXIS2_PLACEMENT_3D('',#2346,#2347,#2348);
#2346 = CARTESIAN_POINT('',(42.,190.68,31.));
#2347 = DIRECTION('',(0.,1.,0.));
#2348 = DIRECTION('',(0.,-0.,1.));
#2349 = ORIENTED_EDGE('',*,*,#2350,.T.);
#2350 = EDGE_CURVE('',#2342,#2351,#2353,.T.);
#2351 = VERTEX_POINT('',#2352);
#2352 = CARTESIAN_POINT('',(31.,190.68,33.54));
#2353 = LINE('',#2354,#2355);
#2354 = CARTESIAN_POINT('',(-23.5,190.68,33.54));
#2355 = VECTOR('',#2356,1.);
#2356 = DIRECTION('',(-1.,-0.,0.));
#2357 = ORIENTED_EDGE('',*,*,#2358,.F.);
#2358 = EDGE_CURVE('',#2359,#2351,#2361,.T.);
#2359 = VERTEX_POINT('',#2360);
#2360 = CARTESIAN_POINT('',(31.,190.68,20.35));
#2361 = LINE('',#2362,#2363);
#2362 = CARTESIAN_POINT('',(31.,190.68,20.));
#2363 = VECTOR('',#2364,1.);
#2364 = DIRECTION('',(0.,0.,1.));
#2365 = ORIENTED_EDGE('',*,*,#2366,.F.);
#2366 = EDGE_CURVE('',#2367,#2359,#2369,.T.);
#2367 = VERTEX_POINT('',#2368);
#2368 = CARTESIAN_POINT('',(30.65,190.68,20.35));
#2369 = LINE('',#2370,#2371);
#2370 = CARTESIAN_POINT('',(30.65,190.68,20.35));
#2371 = VECTOR('',#2372,1.);
#2372 = DIRECTION('',(1.,0.,-0.));
#2373 = ORIENTED_EDGE('',*,*,#2374,.F.);
#2374 = EDGE_CURVE('',#2375,#2367,#2377,.T.);
#2375 = VERTEX_POINT('',#2376);
#2376 = CARTESIAN_POINT('',(30.65,190.68,14.));
#2377 = LINE('',#2378,#2379);
#2378 = CARTESIAN_POINT('',(30.65,190.68,13.65));
#2379 = VECTOR('',#2380,1.);
#2380 = DIRECTION('',(0.,0.,1.));
#2381 = ORIENTED_EDGE('',*,*,#2382,.F.);
#2382 = EDGE_CURVE('',#2383,#2375,#2385,.T.);
#2383 = VERTEX_POINT('',#2384);
#2384 = CARTESIAN_POINT('',(-30.65,190.68,14.));
#2385 = LINE('',#2386,#2387);
#2386 = CARTESIAN_POINT('',(-70.4,190.68,14.));
#2387 = VECTOR('',#2388,1.);
#2388 = DIRECTION('',(1.,0.,-0.));
#2389 = ORIENTED_EDGE('',*,*,#2390,.T.);
#2390 = EDGE_CURVE('',#2383,#2391,#2393,.T.);
#2391 = VERTEX_POINT('',#2392);
#2392 = CARTESIAN_POINT('',(-30.65,190.68,20.35));
#2393 = LINE('',#2394,#2395);
#2394 = CARTESIAN_POINT('',(-30.65,190.68,13.65));
#2395 = VECTOR('',#2396,1.);
#2396 = DIRECTION('',(0.,0.,1.));
#2397 = ORIENTED_EDGE('',*,*,#2398,.F.);
#2398 = EDGE_CURVE('',#2399,#2391,#2401,.T.);
#2399 = VERTEX_POINT('',#2400);
#2400 = CARTESIAN_POINT('',(-31.,190.68,20.35));
#2401 = LINE('',#2402,#2403);
#2402 = CARTESIAN_POINT('',(-53.35,190.68,20.35));
#2403 = VECTOR('',#2404,1.);
#2404 = DIRECTION('',(1.,0.,-0.));
#2405 = ORIENTED_EDGE('',*,*,#2406,.T.);
#2406 = EDGE_CURVE('',#2399,#2407,#2409,.T.);
#2407 = VERTEX_POINT('',#2408);
#2408 = CARTESIAN_POINT('',(-31.,190.68,33.54));
#2409 = LINE('',#2410,#2411);
#2410 = CARTESIAN_POINT('',(-31.,190.68,20.));
#2411 = VECTOR('',#2412,1.);
#2412 = DIRECTION('',(0.,0.,1.));
#2413 = ORIENTED_EDGE('',*,*,#2414,.T.);
#2414 = EDGE_CURVE('',#2407,#2415,#2417,.T.);
#2415 = VERTEX_POINT('',#2416);
#2416 = CARTESIAN_POINT('',(-36.67473944299,190.68,33.54));
#2417 = LINE('',#2418,#2419);
#2418 = CARTESIAN_POINT('',(-65.5,190.68,33.54));
#2419 = VECTOR('',#2420,1.);
#2420 = DIRECTION('',(-1.,-0.,0.));
#2421 = ORIENTED_EDGE('',*,*,#2422,.T.);
#2422 = EDGE_CURVE('',#2415,#2423,#2425,.T.);
#2423 = VERTEX_POINT('',#2424);
#2424 = CARTESIAN_POINT('',(-47.325260557,190.68,33.54));
#2425 = CIRCLE('',#2426,5.9);
#2426 = AXIS2_PLACEMENT_3D('',#2427,#2428,#2429);
#2427 = CARTESIAN_POINT('',(-42.,190.68,31.));
#2428 = DIRECTION('',(0.,1.,0.));
#2429 = DIRECTION('',(0.,-0.,1.));
#2430 = ORIENTED_EDGE('',*,*,#2431,.T.);
#2431 = EDGE_CURVE('',#2423,#2432,#2434,.T.);
#2432 = VERTEX_POINT('',#2433);
#2433 = CARTESIAN_POINT('',(-53.,190.68,33.54));
#2434 = LINE('',#2435,#2436);
#2435 = CARTESIAN_POINT('',(-65.5,190.68,33.54));
#2436 = VECTOR('',#2437,1.);
#2437 = DIRECTION('',(-1.,-0.,0.));
#2438 = ORIENTED_EDGE('',*,*,#2439,.F.);
#2439 = EDGE_CURVE('',#2440,#2432,#2442,.T.);
#2440 = VERTEX_POINT('',#2441);
#2441 = CARTESIAN_POINT('',(-53.,190.68,20.35));
#2442 = LINE('',#2443,#2444);
#2443 = CARTESIAN_POINT('',(-53.,190.68,20.));
#2444 = VECTOR('',#2445,1.);
#2445 = DIRECTION('',(0.,0.,1.));
#2446 = ORIENTED_EDGE('',*,*,#2447,.F.);
#2447 = EDGE_CURVE('',#2448,#2440,#2450,.T.);
#2448 = VERTEX_POINT('',#2449);
#2449 = CARTESIAN_POINT('',(-53.35,190.68,20.35));
#2450 = LINE('',#2451,#2452);
#2451 = CARTESIAN_POINT('',(-53.35,190.68,20.35));
#2452 = VECTOR('',#2453,1.);
#2453 = DIRECTION('',(1.,0.,-0.));
#2454 = ORIENTED_EDGE('',*,*,#2455,.F.);
#2455 = EDGE_CURVE('',#2456,#2448,#2458,.T.);
#2456 = VERTEX_POINT('',#2457);
#2457 = CARTESIAN_POINT('',(-53.35,190.68,14.));
#2458 = LINE('',#2459,#2460);
#2459 = CARTESIAN_POINT('',(-53.35,190.68,13.65));
#2460 = VECTOR('',#2461,1.);
#2461 = DIRECTION('',(0.,0.,1.));
#2462 = ORIENTED_EDGE('',*,*,#2463,.F.);
#2463 = EDGE_CURVE('',#2464,#2456,#2466,.T.);
#2464 = VERTEX_POINT('',#2465);
#2465 = CARTESIAN_POINT('',(-70.2,190.68,14.));
#2466 = LINE('',#2467,#2468);
#2467 = CARTESIAN_POINT('',(-70.4,190.68,14.));
#2468 = VECTOR('',#2469,1.);
#2469 = DIRECTION('',(1.,0.,-0.));
#2470 = ORIENTED_EDGE('',*,*,#2471,.T.);
#2471 = EDGE_CURVE('',#2464,#2472,#2474,.T.);
#2472 = VERTEX_POINT('',#2473);
#2473 = CARTESIAN_POINT('',(-70.2,190.68,14.2));
#2474 = LINE('',#2475,#2476);
#2475 = CARTESIAN_POINT('',(-70.2,190.68,13.8));
#2476 = VECTOR('',#2477,1.);
#2477 = DIRECTION('',(0.,0.,1.));
#2478 = ORIENTED_EDGE('',*,*,#2479,.F.);
#2479 = EDGE_CURVE('',#2480,#2472,#2482,.T.);
#2480 = VERTEX_POINT('',#2481);
#2481 = CARTESIAN_POINT('',(-70.4,190.68,14.2));
#2482 = LINE('',#2483,#2484);
#2483 = CARTESIAN_POINT('',(-70.6,190.68,14.2));
#2484 = VECTOR('',#2485,1.);
#2485 = DIRECTION('',(1.,0.,-0.));
#2486 = ORIENTED_EDGE('',*,*,#2487,.F.);
#2487 = EDGE_CURVE('',#1773,#2480,#2488,.T.);
#2488 = LINE('',#2489,#2490);
#2489 = CARTESIAN_POINT('',(-70.4,190.68,15.329498757697));
#2490 = VECTOR('',#2491,1.);
#2491 = DIRECTION('',(0.,-0.,1.));
#2492 = ORIENTED_EDGE('',*,*,#1772,.T.);
#2493 = ORIENTED_EDGE('',*,*,#2494,.F.);
#2494 = EDGE_CURVE('',#2495,#1765,#2497,.T.);
#2495 = VERTEX_POINT('',#2496);
#2496 = CARTESIAN_POINT('',(-70.6,190.68,13.8));
#2497 = LINE('',#2498,#2499);
#2498 = CARTESIAN_POINT('',(-70.6,190.68,13.8));
#2499 = VECTOR('',#2500,1.);
#2500 = DIRECTION('',(0.,0.,1.));
#2501 = ORIENTED_EDGE('',*,*,#2502,.T.);
#2502 = EDGE_CURVE('',#2495,#2503,#2505,.T.);
#2503 = VERTEX_POINT('',#2504);
#2504 = CARTESIAN_POINT('',(-70.4,190.68,13.8));
#2505 = LINE('',#2506,#2507);
#2506 = CARTESIAN_POINT('',(-70.6,190.68,13.8));
#2507 = VECTOR('',#2508,1.);
#2508 = DIRECTION('',(1.,0.,-0.));
#2509 = ORIENTED_EDGE('',*,*,#2510,.F.);
#2510 = EDGE_CURVE('',#786,#2503,#2511,.T.);
#2511 = LINE('',#2512,#2513);
#2512 = CARTESIAN_POINT('',(-70.4,190.68,9.54));
#2513 = VECTOR('',#2514,1.);
#2514 = DIRECTION('',(0.,0.,1.));
#2515 = PLANE('',#2516);
#2516 = AXIS2_PLACEMENT_3D('',#2517,#2518,#2519);
#2517 = CARTESIAN_POINT('',(7.675734425409E-16,190.68,16.658997515394));
#2518 = DIRECTION('',(-0.,-1.,-0.));
#2519 = DIRECTION('',(0.,0.,-1.));
#2520 = ADVANCED_FACE('',(#2521),#2532,.F.);
#2521 = FACE_BOUND('',#2522,.F.);
#2522 = EDGE_LOOP('',(#2523,#2529,#2530,#2531));
#2523 = ORIENTED_EDGE('',*,*,#2524,.T.);
#2524 = EDGE_CURVE('',#1798,#2503,#2525,.T.);
#2525 = LINE('',#2526,#2527);
#2526 = CARTESIAN_POINT('',(-70.4,190.68,13.8));
#2527 = VECTOR('',#2528,1.);
#2528 = DIRECTION('',(0.,-1.,0.));
#2529 = ORIENTED_EDGE('',*,*,#2510,.F.);
#2530 = ORIENTED_EDGE('',*,*,#793,.T.);
#2531 = ORIENTED_EDGE('',*,*,#1797,.T.);
#2532 = PLANE('',#2533);
#2533 = AXIS2_PLACEMENT_3D('',#2534,#2535,#2536);
#2534 = CARTESIAN_POINT('',(-70.4,190.68,9.54));
#2535 = DIRECTION('',(1.,0.,-0.));
#2536 = DIRECTION('',(0.,0.,1.));
#2537 = ADVANCED_FACE('',(#2538,#2595,#2757),#2919,.T.);
#2538 = FACE_BOUND('',#2539,.T.);
#2539 = EDGE_LOOP('',(#2540,#2548,#2554,#2555,#2563,#2569,#2570,#2571,
    #2579,#2587,#2593,#2594));
#2540 = ORIENTED_EDGE('',*,*,#2541,.T.);
#2541 = EDGE_CURVE('',#881,#2542,#2544,.T.);
#2542 = VERTEX_POINT('',#2543);
#2543 = CARTESIAN_POINT('',(-74.,-8.,39.54));
#2544 = LINE('',#2545,#2546);
#2545 = CARTESIAN_POINT('',(-106.,-8.,39.54));
#2546 = VECTOR('',#2547,1.);
#2547 = DIRECTION('',(1.,0.,-0.));
#2548 = ORIENTED_EDGE('',*,*,#2549,.T.);
#2549 = EDGE_CURVE('',#2542,#1629,#2550,.T.);
#2550 = LINE('',#2551,#2552);
#2551 = CARTESIAN_POINT('',(-74.,-8.,39.54));
#2552 = VECTOR('',#2553,1.);
#2553 = DIRECTION('',(-0.,1.,0.));
#2554 = ORIENTED_EDGE('',*,*,#1628,.T.);
#2555 = ORIENTED_EDGE('',*,*,#2556,.F.);
#2556 = EDGE_CURVE('',#2557,#1621,#2559,.T.);
#2557 = VERTEX_POINT('',#2558);
#2558 = CARTESIAN_POINT('',(74.,-8.,39.54));
#2559 = LINE('',#2560,#2561);
#2560 = CARTESIAN_POINT('',(74.,-8.,39.54));
#2561 = VECTOR('',#2562,1.);
#2562 = DIRECTION('',(-0.,1.,0.));
#2563 = ORIENTED_EDGE('',*,*,#2564,.T.);
#2564 = EDGE_CURVE('',#2557,#1935,#2565,.T.);
#2565 = LINE('',#2566,#2567);
#2566 = CARTESIAN_POINT('',(74.,-8.,39.54));
#2567 = VECTOR('',#2568,1.);
#2568 = DIRECTION('',(1.,0.,-0.));
#2569 = ORIENTED_EDGE('',*,*,#1934,.T.);
#2570 = ORIENTED_EDGE('',*,*,#1894,.F.);
#2571 = ORIENTED_EDGE('',*,*,#2572,.F.);
#2572 = EDGE_CURVE('',#2573,#1887,#2575,.T.);
#2573 = VERTEX_POINT('',#2574);
#2574 = CARTESIAN_POINT('',(70.4,214.315,39.54));
#2575 = LINE('',#2576,#2577);
#2576 = CARTESIAN_POINT('',(70.4,170.65033424129,39.54));
#2577 = VECTOR('',#2578,1.);
#2578 = DIRECTION('',(-0.,1.,0.));
#2579 = ORIENTED_EDGE('',*,*,#2580,.T.);
#2580 = EDGE_CURVE('',#2573,#2581,#2583,.T.);
#2581 = VERTEX_POINT('',#2582);
#2582 = CARTESIAN_POINT('',(-70.4,214.315,39.54));
#2583 = LINE('',#2584,#2585);
#2584 = CARTESIAN_POINT('',(-35.2,214.315,39.54));
#2585 = VECTOR('',#2586,1.);
#2586 = DIRECTION('',(-1.,-0.,0.));
#2587 = ORIENTED_EDGE('',*,*,#2588,.T.);
#2588 = EDGE_CURVE('',#2581,#1831,#2589,.T.);
#2589 = LINE('',#2590,#2591);
#2590 = CARTESIAN_POINT('',(-70.4,170.65033424129,39.54));
#2591 = VECTOR('',#2592,1.);
#2592 = DIRECTION('',(-0.,1.,0.));
#2593 = ORIENTED_EDGE('',*,*,#1830,.F.);
#2594 = ORIENTED_EDGE('',*,*,#888,.F.);
#2595 = FACE_BOUND('',#2596,.T.);
#2596 = EDGE_LOOP('',(#2597,#2607,#2615,#2623,#2631,#2639,#2647,#2655,
    #2663,#2671,#2679,#2687,#2695,#2703,#2711,#2719,#2727,#2735,#2743,
    #2751));
#2597 = ORIENTED_EDGE('',*,*,#2598,.F.);
#2598 = EDGE_CURVE('',#2599,#2601,#2603,.T.);
#2599 = VERTEX_POINT('',#2600);
#2600 = CARTESIAN_POINT('',(-33.65,198.065,39.54));
#2601 = VERTEX_POINT('',#2602);
#2602 = CARTESIAN_POINT('',(-33.65,204.54413835771,39.54));
#2603 = LINE('',#2604,#2605);
#2604 = CARTESIAN_POINT('',(-33.65,162.52533424129,39.54));
#2605 = VECTOR('',#2606,1.);
#2606 = DIRECTION('',(-0.,1.,0.));
#2607 = ORIENTED_EDGE('',*,*,#2608,.T.);
#2608 = EDGE_CURVE('',#2599,#2609,#2611,.T.);
#2609 = VERTEX_POINT('',#2610);
#2610 = CARTESIAN_POINT('',(-50.35,198.065,39.54));
#2611 = LINE('',#2612,#2613);
#2612 = CARTESIAN_POINT('',(-25.175,198.065,39.54));
#2613 = VECTOR('',#2614,1.);
#2614 = DIRECTION('',(-1.,-0.,0.));
#2615 = ORIENTED_EDGE('',*,*,#2616,.T.);
#2616 = EDGE_CURVE('',#2609,#2617,#2619,.T.);
#2617 = VERTEX_POINT('',#2618);
#2618 = CARTESIAN_POINT('',(-50.35,204.54413835771,39.54));
#2619 = LINE('',#2620,#2621);
#2620 = CARTESIAN_POINT('',(-50.35,162.52533424129,39.54));
#2621 = VECTOR('',#2622,1.);
#2622 = DIRECTION('',(-0.,1.,0.));
#2623 = ORIENTED_EDGE('',*,*,#2624,.F.);
#2624 = EDGE_CURVE('',#2625,#2617,#2627,.T.);
#2625 = VERTEX_POINT('',#2626);
#2626 = CARTESIAN_POINT('',(-53.,204.54413835771,39.54));
#2627 = LINE('',#2628,#2629);
#2628 = CARTESIAN_POINT('',(-54.,204.54413835771,39.54));
#2629 = VECTOR('',#2630,1.);
#2630 = DIRECTION('',(1.,0.,0.));
#2631 = ORIENTED_EDGE('',*,*,#2632,.F.);
#2632 = EDGE_CURVE('',#2633,#2625,#2635,.T.);
#2633 = VERTEX_POINT('',#2634);
#2634 = CARTESIAN_POINT('',(-53.,202.17912299368,39.54));
#2635 = LINE('',#2636,#2637);
#2636 = CARTESIAN_POINT('',(-53.,166.20033424129,39.54));
#2637 = VECTOR('',#2638,1.);
#2638 = DIRECTION('',(0.,1.,0.));
#2639 = ORIENTED_EDGE('',*,*,#2640,.F.);
#2640 = EDGE_CURVE('',#2641,#2633,#2643,.T.);
#2641 = VERTEX_POINT('',#2642);
#2642 = CARTESIAN_POINT('',(-56.,202.17912299368,39.54));
#2643 = LINE('',#2644,#2645);
#2644 = CARTESIAN_POINT('',(-56.,202.17912299368,39.54));
#2645 = VECTOR('',#2646,1.);
#2646 = DIRECTION('',(1.,0.,0.));
#2647 = ORIENTED_EDGE('',*,*,#2648,.T.);
#2648 = EDGE_CURVE('',#2641,#2649,#2651,.T.);
#2649 = VERTEX_POINT('',#2650);
#2650 = CARTESIAN_POINT('',(-56.,208.65087700631,39.54));
#2651 = LINE('',#2652,#2653);
#2652 = CARTESIAN_POINT('',(-56.,166.20033424129,39.54));
#2653 = VECTOR('',#2654,1.);
#2654 = DIRECTION('',(0.,1.,0.));
#2655 = ORIENTED_EDGE('',*,*,#2656,.T.);
#2656 = EDGE_CURVE('',#2649,#2657,#2659,.T.);
#2657 = VERTEX_POINT('',#2658);
#2658 = CARTESIAN_POINT('',(-53.,208.65087700631,39.54));
#2659 = LINE('',#2660,#2661);
#2660 = CARTESIAN_POINT('',(-56.,208.65087700631,39.54));
#2661 = VECTOR('',#2662,1.);
#2662 = DIRECTION('',(1.,0.,0.));
#2663 = ORIENTED_EDGE('',*,*,#2664,.F.);
#2664 = EDGE_CURVE('',#2665,#2657,#2667,.T.);
#2665 = VERTEX_POINT('',#2666);
#2666 = CARTESIAN_POINT('',(-53.,206.28586164228,39.54));
#2667 = LINE('',#2668,#2669);
#2668 = CARTESIAN_POINT('',(-53.,166.20033424129,39.54));
#2669 = VECTOR('',#2670,1.);
#2670 = DIRECTION('',(0.,1.,0.));
#2671 = ORIENTED_EDGE('',*,*,#2672,.T.);
#2672 = EDGE_CURVE('',#2665,#2673,#2675,.T.);
#2673 = VERTEX_POINT('',#2674);
#2674 = CARTESIAN_POINT('',(-50.35,206.28586164228,39.54));
#2675 = LINE('',#2676,#2677);
#2676 = CARTESIAN_POINT('',(-54.,206.28586164228,39.54));
#2677 = VECTOR('',#2678,1.);
#2678 = DIRECTION('',(1.,0.,0.));
#2679 = ORIENTED_EDGE('',*,*,#2680,.T.);
#2680 = EDGE_CURVE('',#2673,#2681,#2683,.T.);
#2681 = VERTEX_POINT('',#2682);
#2682 = CARTESIAN_POINT('',(-50.35,212.765,39.54));
#2683 = LINE('',#2684,#2685);
#2684 = CARTESIAN_POINT('',(-50.35,162.52533424129,39.54));
#2685 = VECTOR('',#2686,1.);
#2686 = DIRECTION('',(-0.,1.,0.));
#2687 = ORIENTED_EDGE('',*,*,#2688,.F.);
#2688 = EDGE_CURVE('',#2689,#2681,#2691,.T.);
#2689 = VERTEX_POINT('',#2690);
#2690 = CARTESIAN_POINT('',(-33.65,212.765,39.54));
#2691 = LINE('',#2692,#2693);
#2692 = CARTESIAN_POINT('',(-25.175,212.765,39.54));
#2693 = VECTOR('',#2694,1.);
#2694 = DIRECTION('',(-1.,-0.,0.));
#2695 = ORIENTED_EDGE('',*,*,#2696,.F.);
#2696 = EDGE_CURVE('',#2697,#2689,#2699,.T.);
#2697 = VERTEX_POINT('',#2698);
#2698 = CARTESIAN_POINT('',(-33.65,206.28586164228,39.54));
#2699 = LINE('',#2700,#2701);
#2700 = CARTESIAN_POINT('',(-33.65,162.52533424129,39.54));
#2701 = VECTOR('',#2702,1.);
#2702 = DIRECTION('',(-0.,1.,0.));
#2703 = ORIENTED_EDGE('',*,*,#2704,.T.);
#2704 = EDGE_CURVE('',#2697,#2705,#2707,.T.);
#2705 = VERTEX_POINT('',#2706);
#2706 = CARTESIAN_POINT('',(-31.,206.28586164228,39.54));
#2707 = LINE('',#2708,#2709);
#2708 = CARTESIAN_POINT('',(-54.,206.28586164228,39.54));
#2709 = VECTOR('',#2710,1.);
#2710 = DIRECTION('',(1.,0.,0.));
#2711 = ORIENTED_EDGE('',*,*,#2712,.T.);
#2712 = EDGE_CURVE('',#2705,#2713,#2715,.T.);
#2713 = VERTEX_POINT('',#2714);
#2714 = CARTESIAN_POINT('',(-31.,209.24624000814,39.54));
#2715 = LINE('',#2716,#2717);
#2716 = CARTESIAN_POINT('',(-31.,166.20033424129,39.54));
#2717 = VECTOR('',#2718,1.);
#2718 = DIRECTION('',(0.,1.,0.));
#2719 = ORIENTED_EDGE('',*,*,#2720,.T.);
#2720 = EDGE_CURVE('',#2713,#2721,#2723,.T.);
#2721 = VERTEX_POINT('',#2722);
#2722 = CARTESIAN_POINT('',(-27.,209.24624000814,39.54));
#2723 = LINE('',#2724,#2725);
#2724 = CARTESIAN_POINT('',(-31.,209.24624000814,39.54));
#2725 = VECTOR('',#2726,1.);
#2726 = DIRECTION('',(1.,0.,0.));
#2727 = ORIENTED_EDGE('',*,*,#2728,.F.);
#2728 = EDGE_CURVE('',#2729,#2721,#2731,.T.);
#2729 = VERTEX_POINT('',#2730);
#2730 = CARTESIAN_POINT('',(-27.,201.58375999185,39.54));
#2731 = LINE('',#2732,#2733);
#2732 = CARTESIAN_POINT('',(-27.,166.20033424129,39.54));
#2733 = VECTOR('',#2734,1.);
#2734 = DIRECTION('',(0.,1.,0.));
#2735 = ORIENTED_EDGE('',*,*,#2736,.F.);
#2736 = EDGE_CURVE('',#2737,#2729,#2739,.T.);
#2737 = VERTEX_POINT('',#2738);
#2738 = CARTESIAN_POINT('',(-31.,201.58375999185,39.54));
#2739 = LINE('',#2740,#2741);
#2740 = CARTESIAN_POINT('',(-31.,201.58375999185,39.54));
#2741 = VECTOR('',#2742,1.);
#2742 = DIRECTION('',(1.,0.,0.));
#2743 = ORIENTED_EDGE('',*,*,#2744,.T.);
#2744 = EDGE_CURVE('',#2737,#2745,#2747,.T.);
#2745 = VERTEX_POINT('',#2746);
#2746 = CARTESIAN_POINT('',(-31.,204.54413835771,39.54));
#2747 = LINE('',#2748,#2749);
#2748 = CARTESIAN_POINT('',(-31.,166.20033424129,39.54));
#2749 = VECTOR('',#2750,1.);
#2750 = DIRECTION('',(0.,1.,0.));
#2751 = ORIENTED_EDGE('',*,*,#2752,.F.);
#2752 = EDGE_CURVE('',#2601,#2745,#2753,.T.);
#2753 = LINE('',#2754,#2755);
#2754 = CARTESIAN_POINT('',(-54.,204.54413835771,39.54));
#2755 = VECTOR('',#2756,1.);
#2756 = DIRECTION('',(1.,0.,0.));
#2757 = FACE_BOUND('',#2758,.T.);
#2758 = EDGE_LOOP('',(#2759,#2769,#2777,#2785,#2793,#2801,#2809,#2817,
    #2825,#2833,#2841,#2849,#2857,#2865,#2873,#2881,#2889,#2897,#2905,
    #2913));
#2759 = ORIENTED_EDGE('',*,*,#2760,.F.);
#2760 = EDGE_CURVE('',#2761,#2763,#2765,.T.);
#2761 = VERTEX_POINT('',#2762);
#2762 = CARTESIAN_POINT('',(50.35,198.065,39.54));
#2763 = VERTEX_POINT('',#2764);
#2764 = CARTESIAN_POINT('',(50.35,204.54413835771,39.54));
#2765 = LINE('',#2766,#2767);
#2766 = CARTESIAN_POINT('',(50.35,162.52533424129,39.54));
#2767 = VECTOR('',#2768,1.);
#2768 = DIRECTION('',(-0.,1.,0.));
#2769 = ORIENTED_EDGE('',*,*,#2770,.T.);
#2770 = EDGE_CURVE('',#2761,#2771,#2773,.T.);
#2771 = VERTEX_POINT('',#2772);
#2772 = CARTESIAN_POINT('',(33.65,198.065,39.54));
#2773 = LINE('',#2774,#2775);
#2774 = CARTESIAN_POINT('',(16.825,198.065,39.54));
#2775 = VECTOR('',#2776,1.);
#2776 = DIRECTION('',(-1.,-0.,0.));
#2777 = ORIENTED_EDGE('',*,*,#2778,.T.);
#2778 = EDGE_CURVE('',#2771,#2779,#2781,.T.);
#2779 = VERTEX_POINT('',#2780);
#2780 = CARTESIAN_POINT('',(33.65,204.54413835771,39.54));
#2781 = LINE('',#2782,#2783);
#2782 = CARTESIAN_POINT('',(33.65,162.52533424129,39.54));
#2783 = VECTOR('',#2784,1.);
#2784 = DIRECTION('',(-0.,1.,0.));
#2785 = ORIENTED_EDGE('',*,*,#2786,.F.);
#2786 = EDGE_CURVE('',#2787,#2779,#2789,.T.);
#2787 = VERTEX_POINT('',#2788);
#2788 = CARTESIAN_POINT('',(31.,204.54413835771,39.54));
#2789 = LINE('',#2790,#2791);
#2790 = CARTESIAN_POINT('',(30.,204.54413835771,39.54));
#2791 = VECTOR('',#2792,1.);
#2792 = DIRECTION('',(1.,0.,0.));
#2793 = ORIENTED_EDGE('',*,*,#2794,.F.);
#2794 = EDGE_CURVE('',#2795,#2787,#2797,.T.);
#2795 = VERTEX_POINT('',#2796);
#2796 = CARTESIAN_POINT('',(31.,202.17912299368,39.54));
#2797 = LINE('',#2798,#2799);
#2798 = CARTESIAN_POINT('',(31.,166.20033424129,39.54));
#2799 = VECTOR('',#2800,1.);
#2800 = DIRECTION('',(0.,1.,0.));
#2801 = ORIENTED_EDGE('',*,*,#2802,.F.);
#2802 = EDGE_CURVE('',#2803,#2795,#2805,.T.);
#2803 = VERTEX_POINT('',#2804);
#2804 = CARTESIAN_POINT('',(28.,202.17912299368,39.54));
#2805 = LINE('',#2806,#2807);
#2806 = CARTESIAN_POINT('',(28.,202.17912299368,39.54));
#2807 = VECTOR('',#2808,1.);
#2808 = DIRECTION('',(1.,0.,0.));
#2809 = ORIENTED_EDGE('',*,*,#2810,.T.);
#2810 = EDGE_CURVE('',#2803,#2811,#2813,.T.);
#2811 = VERTEX_POINT('',#2812);
#2812 = CARTESIAN_POINT('',(28.,208.65087700631,39.54));
#2813 = LINE('',#2814,#2815);
#2814 = CARTESIAN_POINT('',(28.,166.20033424129,39.54));
#2815 = VECTOR('',#2816,1.);
#2816 = DIRECTION('',(0.,1.,0.));
#2817 = ORIENTED_EDGE('',*,*,#2818,.T.);
#2818 = EDGE_CURVE('',#2811,#2819,#2821,.T.);
#2819 = VERTEX_POINT('',#2820);
#2820 = CARTESIAN_POINT('',(31.,208.65087700631,39.54));
#2821 = LINE('',#2822,#2823);
#2822 = CARTESIAN_POINT('',(28.,208.65087700631,39.54));
#2823 = VECTOR('',#2824,1.);
#2824 = DIRECTION('',(1.,0.,0.));
#2825 = ORIENTED_EDGE('',*,*,#2826,.F.);
#2826 = EDGE_CURVE('',#2827,#2819,#2829,.T.);
#2827 = VERTEX_POINT('',#2828);
#2828 = CARTESIAN_POINT('',(31.,206.28586164228,39.54));
#2829 = LINE('',#2830,#2831);
#2830 = CARTESIAN_POINT('',(31.,166.20033424129,39.54));
#2831 = VECTOR('',#2832,1.);
#2832 = DIRECTION('',(0.,1.,0.));
#2833 = ORIENTED_EDGE('',*,*,#2834,.T.);
#2834 = EDGE_CURVE('',#2827,#2835,#2837,.T.);
#2835 = VERTEX_POINT('',#2836);
#2836 = CARTESIAN_POINT('',(33.65,206.28586164228,39.54));
#2837 = LINE('',#2838,#2839);
#2838 = CARTESIAN_POINT('',(30.,206.28586164228,39.54));
#2839 = VECTOR('',#2840,1.);
#2840 = DIRECTION('',(1.,0.,0.));
#2841 = ORIENTED_EDGE('',*,*,#2842,.T.);
#2842 = EDGE_CURVE('',#2835,#2843,#2845,.T.);
#2843 = VERTEX_POINT('',#2844);
#2844 = CARTESIAN_POINT('',(33.65,212.765,39.54));
#2845 = LINE('',#2846,#2847);
#2846 = CARTESIAN_POINT('',(33.65,162.52533424129,39.54));
#2847 = VECTOR('',#2848,1.);
#2848 = DIRECTION('',(-0.,1.,0.));
#2849 = ORIENTED_EDGE('',*,*,#2850,.F.);
#2850 = EDGE_CURVE('',#2851,#2843,#2853,.T.);
#2851 = VERTEX_POINT('',#2852);
#2852 = CARTESIAN_POINT('',(50.35,212.765,39.54));
#2853 = LINE('',#2854,#2855);
#2854 = CARTESIAN_POINT('',(16.825,212.765,39.54));
#2855 = VECTOR('',#2856,1.);
#2856 = DIRECTION('',(-1.,-0.,0.));
#2857 = ORIENTED_EDGE('',*,*,#2858,.F.);
#2858 = EDGE_CURVE('',#2859,#2851,#2861,.T.);
#2859 = VERTEX_POINT('',#2860);
#2860 = CARTESIAN_POINT('',(50.35,206.28586164228,39.54));
#2861 = LINE('',#2862,#2863);
#2862 = CARTESIAN_POINT('',(50.35,162.52533424129,39.54));
#2863 = VECTOR('',#2864,1.);
#2864 = DIRECTION('',(-0.,1.,0.));
#2865 = ORIENTED_EDGE('',*,*,#2866,.T.);
#2866 = EDGE_CURVE('',#2859,#2867,#2869,.T.);
#2867 = VERTEX_POINT('',#2868);
#2868 = CARTESIAN_POINT('',(53.,206.28586164228,39.54));
#2869 = LINE('',#2870,#2871);
#2870 = CARTESIAN_POINT('',(30.,206.28586164228,39.54));
#2871 = VECTOR('',#2872,1.);
#2872 = DIRECTION('',(1.,0.,0.));
#2873 = ORIENTED_EDGE('',*,*,#2874,.T.);
#2874 = EDGE_CURVE('',#2867,#2875,#2877,.T.);
#2875 = VERTEX_POINT('',#2876);
#2876 = CARTESIAN_POINT('',(53.,209.24624000814,39.54));
#2877 = LINE('',#2878,#2879);
#2878 = CARTESIAN_POINT('',(53.,166.20033424129,39.54));
#2879 = VECTOR('',#2880,1.);
#2880 = DIRECTION('',(0.,1.,0.));
#2881 = ORIENTED_EDGE('',*,*,#2882,.T.);
#2882 = EDGE_CURVE('',#2875,#2883,#2885,.T.);
#2883 = VERTEX_POINT('',#2884);
#2884 = CARTESIAN_POINT('',(57.,209.24624000814,39.54));
#2885 = LINE('',#2886,#2887);
#2886 = CARTESIAN_POINT('',(53.,209.24624000814,39.54));
#2887 = VECTOR('',#2888,1.);
#2888 = DIRECTION('',(1.,0.,0.));
#2889 = ORIENTED_EDGE('',*,*,#2890,.F.);
#2890 = EDGE_CURVE('',#2891,#2883,#2893,.T.);
#2891 = VERTEX_POINT('',#2892);
#2892 = CARTESIAN_POINT('',(57.,201.58375999185,39.54));
#2893 = LINE('',#2894,#2895);
#2894 = CARTESIAN_POINT('',(57.,166.20033424129,39.54));
#2895 = VECTOR('',#2896,1.);
#2896 = DIRECTION('',(0.,1.,0.));
#2897 = ORIENTED_EDGE('',*,*,#2898,.F.);
#2898 = EDGE_CURVE('',#2899,#2891,#2901,.T.);
#2899 = VERTEX_POINT('',#2900);
#2900 = CARTESIAN_POINT('',(53.,201.58375999185,39.54));
#2901 = LINE('',#2902,#2903);
#2902 = CARTESIAN_POINT('',(53.,201.58375999185,39.54));
#2903 = VECTOR('',#2904,1.);
#2904 = DIRECTION('',(1.,0.,0.));
#2905 = ORIENTED_EDGE('',*,*,#2906,.T.);
#2906 = EDGE_CURVE('',#2899,#2907,#2909,.T.);
#2907 = VERTEX_POINT('',#2908);
#2908 = CARTESIAN_POINT('',(53.,204.54413835771,39.54));
#2909 = LINE('',#2910,#2911);
#2910 = CARTESIAN_POINT('',(53.,166.20033424129,39.54));
#2911 = VECTOR('',#2912,1.);
#2912 = DIRECTION('',(0.,1.,0.));
#2913 = ORIENTED_EDGE('',*,*,#2914,.F.);
#2914 = EDGE_CURVE('',#2763,#2907,#2915,.T.);
#2915 = LINE('',#2916,#2917);
#2916 = CARTESIAN_POINT('',(30.,204.54413835771,39.54));
#2917 = VECTOR('',#2918,1.);
#2918 = DIRECTION('',(1.,0.,0.));
#2919 = PLANE('',#2920);
#2920 = AXIS2_PLACEMENT_3D('',#2921,#2922,#2923);
#2921 = CARTESIAN_POINT('',(2.813181981837E-15,126.98566848259,39.54));
#2922 = DIRECTION('',(0.,0.,1.));
#2923 = DIRECTION('',(1.,0.,-0.));
#2924 = ADVANCED_FACE('',(#2925),#2950,.T.);
#2925 = FACE_BOUND('',#2926,.T.);
#2926 = EDGE_LOOP('',(#2927,#2937,#2943,#2944));
#2927 = ORIENTED_EDGE('',*,*,#2928,.F.);
#2928 = EDGE_CURVE('',#2929,#2931,#2933,.T.);
#2929 = VERTEX_POINT('',#2930);
#2930 = CARTESIAN_POINT('',(-105.9429355281,-8.,34.484444444444));
#2931 = VERTEX_POINT('',#2932);
#2932 = CARTESIAN_POINT('',(-105.9429355281,0.,34.484444444444));
#2933 = LINE('',#2934,#2935);
#2934 = CARTESIAN_POINT('',(-105.9429355281,24.,34.484444444444));
#2935 = VECTOR('',#2936,1.);
#2936 = DIRECTION('',(0.,1.,0.));
#2937 = ORIENTED_EDGE('',*,*,#2938,.T.);
#2938 = EDGE_CURVE('',#2929,#873,#2939,.T.);
#2939 = LINE('',#2940,#2941);
#2940 = CARTESIAN_POINT('',(-105.9429355281,-8.,34.484444444444));
#2941 = VECTOR('',#2942,1.);
#2942 = DIRECTION('',(-0.102178442416,0.,0.994766086025));
#2943 = ORIENTED_EDGE('',*,*,#872,.T.);
#2944 = ORIENTED_EDGE('',*,*,#2945,.F.);
#2945 = EDGE_CURVE('',#2931,#865,#2946,.T.);
#2946 = LINE('',#2947,#2948);
#2947 = CARTESIAN_POINT('',(-105.6704664444,0.,31.831800721161));
#2948 = VECTOR('',#2949,1.);
#2949 = DIRECTION('',(-0.102178442416,0.,0.994766086025));
#2950 = PLANE('',#2951);
#2951 = AXIS2_PLACEMENT_3D('',#2952,#2953,#2954);
#2952 = CARTESIAN_POINT('',(-105.971467764,106.,34.762222222222));
#2953 = DIRECTION('',(-0.994766086025,-0.,-0.102178442416));
#2954 = DIRECTION('',(0.102178442416,0.,-0.994766086025));
#2955 = ADVANCED_FACE('',(#2956),#3213,.T.);
#2956 = FACE_BOUND('',#2957,.T.);
#2957 = EDGE_LOOP('',(#2958,#2968,#2974,#2975,#2983,#2991,#2999,#3007,
    #3015,#3023,#3031,#3039,#3047,#3055,#3063,#3071,#3079,#3087,#3095,
    #3103,#3111,#3119,#3127,#3135,#3143,#3151,#3159,#3167,#3175,#3183,
    #3191,#3197,#3198,#3199,#3207));
#2958 = ORIENTED_EDGE('',*,*,#2959,.T.);
#2959 = EDGE_CURVE('',#2960,#2962,#2964,.T.);
#2960 = VERTEX_POINT('',#2961);
#2961 = CARTESIAN_POINT('',(-190.,0.,7.));
#2962 = VERTEX_POINT('',#2963);
#2963 = CARTESIAN_POINT('',(-140.,0.,7.));
#2964 = LINE('',#2965,#2966);
#2965 = CARTESIAN_POINT('',(-190.,0.,7.));
#2966 = VECTOR('',#2967,1.);
#2967 = DIRECTION('',(1.,0.,-0.));
#2968 = ORIENTED_EDGE('',*,*,#2969,.T.);
#2969 = EDGE_CURVE('',#2962,#1128,#2970,.T.);
#2970 = LINE('',#2971,#2972);
#2971 = CARTESIAN_POINT('',(-140.,0.,7.));
#2972 = VECTOR('',#2973,1.);
#2973 = DIRECTION('',(0.,0.,1.));
#2974 = ORIENTED_EDGE('',*,*,#1135,.T.);
#2975 = ORIENTED_EDGE('',*,*,#2976,.T.);
#2976 = EDGE_CURVE('',#1136,#2977,#2979,.T.);
#2977 = VERTEX_POINT('',#2978);
#2978 = CARTESIAN_POINT('',(-103.7828082304,0.,18.));
#2979 = LINE('',#2980,#2981);
#2980 = CARTESIAN_POINT('',(-190.,0.,18.));
#2981 = VECTOR('',#2982,1.);
#2982 = DIRECTION('',(1.,0.,-0.));
#2983 = ORIENTED_EDGE('',*,*,#2984,.T.);
#2984 = EDGE_CURVE('',#2977,#2985,#2987,.T.);
#2985 = VERTEX_POINT('',#2986);
#2986 = CARTESIAN_POINT('',(-103.3311385459,0.,18.484444444444));
#2987 = LINE('',#2988,#2989);
#2988 = CARTESIAN_POINT('',(-111.7884493016,0.,9.413441118047));
#2989 = VECTOR('',#2990,1.);
#2990 = DIRECTION('',(0.681932082106,-0.,0.731415501199));
#2991 = ORIENTED_EDGE('',*,*,#2992,.T.);
#2992 = EDGE_CURVE('',#2985,#2993,#2995,.T.);
#2993 = VERTEX_POINT('',#2994);
#2994 = CARTESIAN_POINT('',(-102.268861454,0.,19.595555555556));
#2995 = LINE('',#2996,#2997);
#2996 = CARTESIAN_POINT('',(-111.6590986395,0.,9.773639077947));
#2997 = VECTOR('',#2998,1.);
#2998 = DIRECTION('',(0.691044328918,-0.,0.722812379162));
#2999 = ORIENTED_EDGE('',*,*,#3000,.T.);
#3000 = EDGE_CURVE('',#2993,#3001,#3003,.T.);
#3001 = VERTEX_POINT('',#3002);
#3002 = CARTESIAN_POINT('',(-101.7508916323,0.,20.151111111111));
#3003 = LINE('',#3004,#3005);
#3004 = CARTESIAN_POINT('',(-110.9931648499,0.,10.238185652636));
#3005 = VECTOR('',#3006,1.);
#3006 = DIRECTION('',(0.681932082106,-0.,0.731415501199));
#3007 = ORIENTED_EDGE('',*,*,#3008,.T.);
#3008 = EDGE_CURVE('',#3001,#3009,#3011,.T.);
#3009 = VERTEX_POINT('',#3010);
#3010 = CARTESIAN_POINT('',(-101.2592592592,0.,20.706666666667));
#3011 = LINE('',#3012,#3013);
#3012 = CARTESIAN_POINT('',(-110.1763348748,0.,10.630172179211));
#3013 = VECTOR('',#3014,1.);
#3014 = DIRECTION('',(0.662709521533,-0.,0.748876551956));
#3015 = ORIENTED_EDGE('',*,*,#3016,.T.);
#3016 = EDGE_CURVE('',#3009,#3017,#3019,.T.);
#3017 = VERTEX_POINT('',#3018);
#3018 = CARTESIAN_POINT('',(-100.8071330589,0.,21.262222222222));
#3019 = LINE('',#3020,#3021);
#3020 = CARTESIAN_POINT('',(-109.044956975,0.,11.139896111798));
#3021 = VECTOR('',#3022,1.);
#3022 = DIRECTION('',(0.631212461229,-0.,0.77560997208));
#3023 = ORIENTED_EDGE('',*,*,#3024,.T.);
#3024 = EDGE_CURVE('',#3017,#3025,#3027,.T.);
#3025 = VERTEX_POINT('',#3026);
#3026 = CARTESIAN_POINT('',(-100.4076817558,0.,21.817777777778));
#3027 = LINE('',#3028,#3029);
#3028 = CARTESIAN_POINT('',(-107.5607142745,0.,11.869363732226));
#3029 = VECTOR('',#3030,1.);
#3030 = DIRECTION('',(0.583776486487,-0.,0.811914412869));
#3031 = ORIENTED_EDGE('',*,*,#3032,.T.);
#3032 = EDGE_CURVE('',#3025,#3033,#3035,.T.);
#3033 = VERTEX_POINT('',#3034);
#3034 = CARTESIAN_POINT('',(-100.074074074,0.,22.373333333333));
#3035 = LINE('',#3036,#3037);
#3036 = CARTESIAN_POINT('',(-105.7029672318,0.,12.999559776958));
#3037 = VECTOR('',#3038,1.);
#3038 = DIRECTION('',(0.514807016402,-0.,0.857306092282));
#3039 = ORIENTED_EDGE('',*,*,#3040,.T.);
#3040 = EDGE_CURVE('',#3033,#3041,#3043,.T.);
#3041 = VERTEX_POINT('',#3042);
#3042 = CARTESIAN_POINT('',(-99.81947873799,0.,22.928888888889));
#3043 = LINE('',#3044,#3045);
#3044 = CARTESIAN_POINT('',(-103.535880982,-1.42108547152E-14,
    14.819282699057));
#3045 = VECTOR('',#3046,1.);
#3046 = DIRECTION('',(0.416608335402,-0.,0.909086076713));
#3047 = ORIENTED_EDGE('',*,*,#3048,.T.);
#3048 = EDGE_CURVE('',#3041,#3049,#3051,.T.);
#3049 = VERTEX_POINT('',#3050);
#3050 = CARTESIAN_POINT('',(-99.65706447187,0.,23.484444444444));
#3051 = LINE('',#3052,#3053);
#3052 = CARTESIAN_POINT('',(-101.3475613593,-1.42108547152E-14,
    17.701917084598));
#3053 = VECTOR('',#3054,1.);
#3054 = DIRECTION('',(0.280600582118,-0.,0.959824626333));
#3055 = ORIENTED_EDGE('',*,*,#3056,.T.);
#3056 = EDGE_CURVE('',#3049,#3057,#3059,.T.);
#3057 = VERTEX_POINT('',#3058);
#3058 = CARTESIAN_POINT('',(-99.6,0.,24.04));
#3059 = LINE('',#3060,#3061);
#3060 = CARTESIAN_POINT('',(-99.82012817975,0.,21.896925173095));
#3061 = VECTOR('',#3062,1.);
#3062 = DIRECTION('',(0.102178442416,-0.,0.994766086025));
#3063 = ORIENTED_EDGE('',*,*,#3064,.T.);
#3064 = EDGE_CURVE('',#3057,#3065,#3067,.T.);
#3065 = VERTEX_POINT('',#3066);
#3066 = CARTESIAN_POINT('',(-99.6,0.,25.04));
#3067 = LINE('',#3068,#3069);
#3068 = CARTESIAN_POINT('',(-99.6,0.,24.640833333333));
#3069 = VECTOR('',#3070,1.);
#3070 = DIRECTION('',(0.,0.,1.));
#3071 = ORIENTED_EDGE('',*,*,#3072,.T.);
#3072 = EDGE_CURVE('',#3065,#3073,#3075,.T.);
#3073 = VERTEX_POINT('',#3074);
#3074 = CARTESIAN_POINT('',(-99.65706447187,0.,25.595555555556));
#3075 = LINE('',#3076,#3077);
#3076 = CARTESIAN_POINT('',(-99.84062631568,0.,27.382636006029));
#3077 = VECTOR('',#3078,1.);
#3078 = DIRECTION('',(-0.102178442416,0.,0.994766086025));
#3079 = ORIENTED_EDGE('',*,*,#3080,.T.);
#3080 = EDGE_CURVE('',#3073,#3081,#3083,.T.);
#3081 = VERTEX_POINT('',#3082);
#3082 = CARTESIAN_POINT('',(-99.81947873799,0.,26.151111111111));
#3083 = LINE('',#3084,#3085);
#3084 = CARTESIAN_POINT('',(-101.4018757079,-1.42108547152E-14,
    31.563871016921));
#3085 = VECTOR('',#3086,1.);
#3086 = DIRECTION('',(-0.280600582118,0.,0.959824626333));
#3087 = ORIENTED_EDGE('',*,*,#3088,.T.);
#3088 = EDGE_CURVE('',#3081,#3089,#3091,.T.);
#3089 = VERTEX_POINT('',#3090);
#3090 = CARTESIAN_POINT('',(-100.074074074,0.,26.706666666667));
#3091 = LINE('',#3092,#3093);
#3092 = CARTESIAN_POINT('',(-103.6122587708,0.,34.427382195743));
#3093 = VECTOR('',#3094,1.);
#3094 = DIRECTION('',(-0.416608335402,0.,0.909086076713));
#3095 = ORIENTED_EDGE('',*,*,#3096,.T.);
#3096 = EDGE_CURVE('',#3089,#3097,#3099,.T.);
#3097 = VERTEX_POINT('',#3098);
#3098 = CARTESIAN_POINT('',(-100.4076817558,0.,27.262222222222));
#3099 = LINE('',#3100,#3101);
#3100 = CARTESIAN_POINT('',(-105.7919722488,-1.42108547152E-14,
    36.228659926441));
#3101 = VECTOR('',#3102,1.);
#3102 = DIRECTION('',(-0.514807016402,0.,0.857306092282));
#3103 = ORIENTED_EDGE('',*,*,#3104,.T.);
#3104 = EDGE_CURVE('',#3097,#3105,#3107,.T.);
#3105 = VERTEX_POINT('',#3106);
#3106 = CARTESIAN_POINT('',(-100.8071330589,0.,27.817777777778));
#3107 = LINE('',#3108,#3109);
#3108 = CARTESIAN_POINT('',(-107.656299544,0.,37.343575945562));
#3109 = VECTOR('',#3110,1.);
#3110 = DIRECTION('',(-0.583776486487,0.,0.811914412869));
#3111 = ORIENTED_EDGE('',*,*,#3112,.T.);
#3112 = EDGE_CURVE('',#3105,#3113,#3115,.T.);
#3113 = VERTEX_POINT('',#3114);
#3114 = CARTESIAN_POINT('',(-101.2592592592,0.,28.373333333333));
#3115 = LINE('',#3116,#3117);
#3116 = CARTESIAN_POINT('',(-109.1436878687,-1.42108547152E-14,
    38.061420672008));
#3117 = VECTOR('',#3118,1.);
#3118 = DIRECTION('',(-0.631212461229,0.,0.77560997208));
#3119 = ORIENTED_EDGE('',*,*,#3120,.T.);
#3120 = EDGE_CURVE('',#3113,#3121,#3123,.T.);
#3121 = VERTEX_POINT('',#3122);
#3122 = CARTESIAN_POINT('',(-101.7508916323,0.,28.928888888889));
#3123 = LINE('',#3124,#3125);
#3124 = CARTESIAN_POINT('',(-110.2764195451,0.,38.562925732286));
#3125 = VECTOR('',#3126,1.);
#3126 = DIRECTION('',(-0.662709521533,0.,0.748876551956));
#3127 = ORIENTED_EDGE('',*,*,#3128,.T.);
#3128 = EDGE_CURVE('',#3121,#3129,#3131,.T.);
#3129 = VERTEX_POINT('',#3130);
#3130 = CARTESIAN_POINT('',(-102.268861454,0.,29.484444444444));
#3131 = LINE('',#3132,#3133);
#3132 = CARTESIAN_POINT('',(-111.0937512819,0.,38.949699688835));
#3133 = VECTOR('',#3134,1.);
#3134 = DIRECTION('',(-0.681932082106,0.,0.731415501199));
#3135 = ORIENTED_EDGE('',*,*,#3136,.T.);
#3136 = EDGE_CURVE('',#3129,#3137,#3139,.T.);
#3137 = VERTEX_POINT('',#3138);
#3138 = CARTESIAN_POINT('',(-103.3311385459,0.,30.595555555556));
#3139 = LINE('',#3140,#3141);
#3140 = CARTESIAN_POINT('',(-111.7598302109,0.,39.41172323204));
#3141 = VECTOR('',#3142,1.);
#3142 = DIRECTION('',(-0.691044328918,0.,0.722812379162));
#3143 = ORIENTED_EDGE('',*,*,#3144,.T.);
#3144 = EDGE_CURVE('',#3137,#3145,#3147,.T.);
#3145 = VERTEX_POINT('',#3146);
#3146 = CARTESIAN_POINT('',(-103.8491083676,0.,31.151111111111));
#3147 = LINE('',#3148,#3149);
#3148 = CARTESIAN_POINT('',(-111.8909195931,0.,39.776464782555));
#3149 = VECTOR('',#3150,1.);
#3150 = DIRECTION('',(-0.681932082106,0.,0.731415501199));
#3151 = ORIENTED_EDGE('',*,*,#3152,.T.);
#3152 = EDGE_CURVE('',#3145,#3153,#3155,.T.);
#3153 = VERTEX_POINT('',#3154);
#3154 = CARTESIAN_POINT('',(-104.3407407407,0.,31.706666666667));
#3155 = LINE('',#3156,#3157);
#3156 = CARTESIAN_POINT('',(-111.6082702616,0.,39.919137246925));
#3157 = VECTOR('',#3158,1.);
#3158 = DIRECTION('',(-0.662709521533,0.,0.748876551956));
#3159 = ORIENTED_EDGE('',*,*,#3160,.T.);
#3160 = EDGE_CURVE('',#3153,#3161,#3163,.T.);
#3161 = VERTEX_POINT('',#3162);
#3162 = CARTESIAN_POINT('',(-104.792866941,0.,32.262222222222));
#3163 = LINE('',#3164,#3165);
#3164 = CARTESIAN_POINT('',(-111.0213985948,0.,39.915606080904));
#3165 = VECTOR('',#3166,1.);
#3166 = DIRECTION('',(-0.631212461229,0.,0.77560997208));
#3167 = ORIENTED_EDGE('',*,*,#3168,.T.);
#3168 = EDGE_CURVE('',#3161,#3169,#3171,.T.);
#3169 = VERTEX_POINT('',#3170);
#3170 = CARTESIAN_POINT('',(-105.1923182441,0.,32.817777777778));
#3171 = LINE('',#3172,#3173);
#3172 = CARTESIAN_POINT('',(-110.1093188087,0.,39.656325953158));
#3173 = VECTOR('',#3174,1.);
#3174 = DIRECTION('',(-0.583776486487,0.,0.811914412869));
#3175 = ORIENTED_EDGE('',*,*,#3176,.T.);
#3176 = EDGE_CURVE('',#3169,#3177,#3179,.T.);
#3177 = VERTEX_POINT('',#3178);
#3178 = CARTESIAN_POINT('',(-105.5259259259,0.,33.373333333333));
#3179 = LINE('',#3180,#3181);
#3180 = CARTESIAN_POINT('',(-108.8834209903,0.,38.964556610779));
#3181 = VECTOR('',#3182,1.);
#3182 = DIRECTION('',(-0.514807016402,0.,0.857306092282));
#3183 = ORIENTED_EDGE('',*,*,#3184,.T.);
#3184 = EDGE_CURVE('',#3177,#3185,#3187,.T.);
#3185 = VERTEX_POINT('',#3186);
#3186 = CARTESIAN_POINT('',(-105.780521262,0.,33.928888888889));
#3187 = LINE('',#3188,#3189);
#3188 = CARTESIAN_POINT('',(-107.4558469677,0.,37.584637330805));
#3189 = VECTOR('',#3190,1.);
#3190 = DIRECTION('',(-0.416608335402,0.,0.909086076713));
#3191 = ORIENTED_EDGE('',*,*,#3192,.T.);
#3192 = EDGE_CURVE('',#3185,#2931,#3193,.T.);
#3193 = LINE('',#3194,#3195);
#3194 = CARTESIAN_POINT('',(-106.1620648617,-1.42108547152E-14,
    35.234000019808));
#3195 = VECTOR('',#3196,1.);
#3196 = DIRECTION('',(-0.280600582118,0.,0.959824626333));
#3197 = ORIENTED_EDGE('',*,*,#2945,.T.);
#3198 = ORIENTED_EDGE('',*,*,#864,.T.);
#3199 = ORIENTED_EDGE('',*,*,#3200,.F.);
#3200 = EDGE_CURVE('',#3201,#857,#3203,.T.);
#3201 = VERTEX_POINT('',#3202);
#3202 = CARTESIAN_POINT('',(-190.,0.,38.75));
#3203 = LINE('',#3204,#3205);
#3204 = CARTESIAN_POINT('',(-190.,0.,38.75));
#3205 = VECTOR('',#3206,1.);
#3206 = DIRECTION('',(1.,0.,-0.));
#3207 = ORIENTED_EDGE('',*,*,#3208,.F.);
#3208 = EDGE_CURVE('',#2960,#3201,#3209,.T.);
#3209 = LINE('',#3210,#3211);
#3210 = CARTESIAN_POINT('',(-190.,0.,7.));
#3211 = VECTOR('',#3212,1.);
#3212 = DIRECTION('',(0.,0.,1.));
#3213 = PLANE('',#3214);
#3214 = AXIS2_PLACEMENT_3D('',#3215,#3216,#3217);
#3215 = CARTESIAN_POINT('',(-145.8666666666,0.,24.741666666667));
#3216 = DIRECTION('',(-0.,-1.,-0.));
#3217 = DIRECTION('',(0.,0.,-1.));
#3218 = ADVANCED_FACE('',(#3219),#3237,.T.);
#3219 = FACE_BOUND('',#3220,.T.);
#3220 = EDGE_LOOP('',(#3221,#3229,#3235,#3236));
#3221 = ORIENTED_EDGE('',*,*,#3222,.F.);
#3222 = EDGE_CURVE('',#3223,#849,#3225,.T.);
#3223 = VERTEX_POINT('',#3224);
#3224 = CARTESIAN_POINT('',(-190.,20.,38.75));
#3225 = LINE('',#3226,#3227);
#3226 = CARTESIAN_POINT('',(-190.,20.,38.75));
#3227 = VECTOR('',#3228,1.);
#3228 = DIRECTION('',(1.,0.,-0.));
#3229 = ORIENTED_EDGE('',*,*,#3230,.F.);
#3230 = EDGE_CURVE('',#3201,#3223,#3231,.T.);
#3231 = LINE('',#3232,#3233);
#3232 = CARTESIAN_POINT('',(-190.,0.,38.75));
#3233 = VECTOR('',#3234,1.);
#3234 = DIRECTION('',(-0.,1.,0.));
#3235 = ORIENTED_EDGE('',*,*,#3200,.T.);
#3236 = ORIENTED_EDGE('',*,*,#856,.T.);
#3237 = PLANE('',#3238);
#3238 = AXIS2_PLACEMENT_3D('',#3239,#3240,#3241);
#3239 = CARTESIAN_POINT('',(-190.,0.,38.75));
#3240 = DIRECTION('',(0.,0.,1.));
#3241 = DIRECTION('',(1.,0.,-0.));
#3242 = ADVANCED_FACE('',(#3243),#3485,.T.);
#3243 = FACE_BOUND('',#3244,.T.);
#3244 = EDGE_LOOP('',(#3245,#3253,#3261,#3267,#3268,#3269,#3277,#3285,
    #3293,#3301,#3309,#3317,#3325,#3333,#3341,#3349,#3357,#3365,#3373,
    #3381,#3389,#3397,#3405,#3413,#3421,#3429,#3437,#3445,#3453,#3461,
    #3469,#3477,#3483,#3484));
#3245 = ORIENTED_EDGE('',*,*,#3246,.F.);
#3246 = EDGE_CURVE('',#3247,#1120,#3249,.T.);
#3247 = VERTEX_POINT('',#3248);
#3248 = CARTESIAN_POINT('',(-140.,20.,7.));
#3249 = LINE('',#3250,#3251);
#3250 = CARTESIAN_POINT('',(-140.,20.,7.));
#3251 = VECTOR('',#3252,1.);
#3252 = DIRECTION('',(0.,0.,1.));
#3253 = ORIENTED_EDGE('',*,*,#3254,.F.);
#3254 = EDGE_CURVE('',#3255,#3247,#3257,.T.);
#3255 = VERTEX_POINT('',#3256);
#3256 = CARTESIAN_POINT('',(-190.,20.,7.));
#3257 = LINE('',#3258,#3259);
#3258 = CARTESIAN_POINT('',(-190.,20.,7.));
#3259 = VECTOR('',#3260,1.);
#3260 = DIRECTION('',(1.,0.,-0.));
#3261 = ORIENTED_EDGE('',*,*,#3262,.T.);
#3262 = EDGE_CURVE('',#3255,#3223,#3263,.T.);
#3263 = LINE('',#3264,#3265);
#3264 = CARTESIAN_POINT('',(-190.,20.,18.));
#3265 = VECTOR('',#3266,1.);
#3266 = DIRECTION('',(0.,0.,1.));
#3267 = ORIENTED_EDGE('',*,*,#3222,.T.);
#3268 = ORIENTED_EDGE('',*,*,#848,.T.);
#3269 = ORIENTED_EDGE('',*,*,#3270,.T.);
#3270 = EDGE_CURVE('',#841,#3271,#3273,.T.);
#3271 = VERTEX_POINT('',#3272);
#3272 = CARTESIAN_POINT('',(-105.9429355281,20.,34.484444444444));
#3273 = LINE('',#3274,#3275);
#3274 = CARTESIAN_POINT('',(-105.6704664444,20.,31.831800721161));
#3275 = VECTOR('',#3276,1.);
#3276 = DIRECTION('',(0.102178442416,0.,-0.994766086025));
#3277 = ORIENTED_EDGE('',*,*,#3278,.T.);
#3278 = EDGE_CURVE('',#3271,#3279,#3281,.T.);
#3279 = VERTEX_POINT('',#3280);
#3280 = CARTESIAN_POINT('',(-105.780521262,20.,33.928888888889));
#3281 = LINE('',#3282,#3283);
#3282 = CARTESIAN_POINT('',(-106.1620648617,20.,35.234000019808));
#3283 = VECTOR('',#3284,1.);
#3284 = DIRECTION('',(0.280600582118,0.,-0.959824626333));
#3285 = ORIENTED_EDGE('',*,*,#3286,.T.);
#3286 = EDGE_CURVE('',#3279,#3287,#3289,.T.);
#3287 = VERTEX_POINT('',#3288);
#3288 = CARTESIAN_POINT('',(-105.5259259259,20.,33.373333333333));
#3289 = LINE('',#3290,#3291);
#3290 = CARTESIAN_POINT('',(-107.4558469677,20.,37.584637330805));
#3291 = VECTOR('',#3292,1.);
#3292 = DIRECTION('',(0.416608335402,0.,-0.909086076713));
#3293 = ORIENTED_EDGE('',*,*,#3294,.T.);
#3294 = EDGE_CURVE('',#3287,#3295,#3297,.T.);
#3295 = VERTEX_POINT('',#3296);
#3296 = CARTESIAN_POINT('',(-105.1923182441,20.,32.817777777778));
#3297 = LINE('',#3298,#3299);
#3298 = CARTESIAN_POINT('',(-108.8834209903,20.,38.964556610779));
#3299 = VECTOR('',#3300,1.);
#3300 = DIRECTION('',(0.514807016402,0.,-0.857306092282));
#3301 = ORIENTED_EDGE('',*,*,#3302,.T.);
#3302 = EDGE_CURVE('',#3295,#3303,#3305,.T.);
#3303 = VERTEX_POINT('',#3304);
#3304 = CARTESIAN_POINT('',(-104.792866941,20.,32.262222222222));
#3305 = LINE('',#3306,#3307);
#3306 = CARTESIAN_POINT('',(-110.1093188087,20.,39.656325953158));
#3307 = VECTOR('',#3308,1.);
#3308 = DIRECTION('',(0.583776486487,0.,-0.811914412869));
#3309 = ORIENTED_EDGE('',*,*,#3310,.T.);
#3310 = EDGE_CURVE('',#3303,#3311,#3313,.T.);
#3311 = VERTEX_POINT('',#3312);
#3312 = CARTESIAN_POINT('',(-104.3407407407,20.,31.706666666667));
#3313 = LINE('',#3314,#3315);
#3314 = CARTESIAN_POINT('',(-111.0213985948,20.,39.915606080904));
#3315 = VECTOR('',#3316,1.);
#3316 = DIRECTION('',(0.631212461229,0.,-0.77560997208));
#3317 = ORIENTED_EDGE('',*,*,#3318,.T.);
#3318 = EDGE_CURVE('',#3311,#3319,#3321,.T.);
#3319 = VERTEX_POINT('',#3320);
#3320 = CARTESIAN_POINT('',(-103.8491083676,20.,31.151111111111));
#3321 = LINE('',#3322,#3323);
#3322 = CARTESIAN_POINT('',(-111.6082702616,20.,39.919137246925));
#3323 = VECTOR('',#3324,1.);
#3324 = DIRECTION('',(0.662709521533,0.,-0.748876551956));
#3325 = ORIENTED_EDGE('',*,*,#3326,.T.);
#3326 = EDGE_CURVE('',#3319,#3327,#3329,.T.);
#3327 = VERTEX_POINT('',#3328);
#3328 = CARTESIAN_POINT('',(-103.3311385459,20.,30.595555555556));
#3329 = LINE('',#3330,#3331);
#3330 = CARTESIAN_POINT('',(-111.8909195931,20.,39.776464782555));
#3331 = VECTOR('',#3332,1.);
#3332 = DIRECTION('',(0.681932082106,0.,-0.731415501199));
#3333 = ORIENTED_EDGE('',*,*,#3334,.T.);
#3334 = EDGE_CURVE('',#3327,#3335,#3337,.T.);
#3335 = VERTEX_POINT('',#3336);
#3336 = CARTESIAN_POINT('',(-102.268861454,20.,29.484444444444));
#3337 = LINE('',#3338,#3339);
#3338 = CARTESIAN_POINT('',(-111.7598302109,20.,39.41172323204));
#3339 = VECTOR('',#3340,1.);
#3340 = DIRECTION('',(0.691044328918,0.,-0.722812379162));
#3341 = ORIENTED_EDGE('',*,*,#3342,.T.);
#3342 = EDGE_CURVE('',#3335,#3343,#3345,.T.);
#3343 = VERTEX_POINT('',#3344);
#3344 = CARTESIAN_POINT('',(-101.7508916323,20.,28.928888888889));
#3345 = LINE('',#3346,#3347);
#3346 = CARTESIAN_POINT('',(-111.0937512819,20.,38.949699688835));
#3347 = VECTOR('',#3348,1.);
#3348 = DIRECTION('',(0.681932082106,0.,-0.731415501199));
#3349 = ORIENTED_EDGE('',*,*,#3350,.T.);
#3350 = EDGE_CURVE('',#3343,#3351,#3353,.T.);
#3351 = VERTEX_POINT('',#3352);
#3352 = CARTESIAN_POINT('',(-101.2592592592,20.,28.373333333333));
#3353 = LINE('',#3354,#3355);
#3354 = CARTESIAN_POINT('',(-110.2764195451,20.,38.562925732286));
#3355 = VECTOR('',#3356,1.);
#3356 = DIRECTION('',(0.662709521533,0.,-0.748876551956));
#3357 = ORIENTED_EDGE('',*,*,#3358,.T.);
#3358 = EDGE_CURVE('',#3351,#3359,#3361,.T.);
#3359 = VERTEX_POINT('',#3360);
#3360 = CARTESIAN_POINT('',(-100.8071330589,20.,27.817777777778));
#3361 = LINE('',#3362,#3363);
#3362 = CARTESIAN_POINT('',(-109.1436878687,20.,38.061420672008));
#3363 = VECTOR('',#3364,1.);
#3364 = DIRECTION('',(0.631212461229,0.,-0.77560997208));
#3365 = ORIENTED_EDGE('',*,*,#3366,.T.);
#3366 = EDGE_CURVE('',#3359,#3367,#3369,.T.);
#3367 = VERTEX_POINT('',#3368);
#3368 = CARTESIAN_POINT('',(-100.4076817558,20.,27.262222222222));
#3369 = LINE('',#3370,#3371);
#3370 = CARTESIAN_POINT('',(-107.656299544,20.,37.343575945562));
#3371 = VECTOR('',#3372,1.);
#3372 = DIRECTION('',(0.583776486487,0.,-0.811914412869));
#3373 = ORIENTED_EDGE('',*,*,#3374,.T.);
#3374 = EDGE_CURVE('',#3367,#3375,#3377,.T.);
#3375 = VERTEX_POINT('',#3376);
#3376 = CARTESIAN_POINT('',(-100.074074074,20.,26.706666666667));
#3377 = LINE('',#3378,#3379);
#3378 = CARTESIAN_POINT('',(-105.7919722488,20.,36.228659926441));
#3379 = VECTOR('',#3380,1.);
#3380 = DIRECTION('',(0.514807016402,0.,-0.857306092282));
#3381 = ORIENTED_EDGE('',*,*,#3382,.T.);
#3382 = EDGE_CURVE('',#3375,#3383,#3385,.T.);
#3383 = VERTEX_POINT('',#3384);
#3384 = CARTESIAN_POINT('',(-99.81947873799,20.,26.151111111111));
#3385 = LINE('',#3386,#3387);
#3386 = CARTESIAN_POINT('',(-103.6122587708,20.,34.427382195743));
#3387 = VECTOR('',#3388,1.);
#3388 = DIRECTION('',(0.416608335402,0.,-0.909086076713));
#3389 = ORIENTED_EDGE('',*,*,#3390,.T.);
#3390 = EDGE_CURVE('',#3383,#3391,#3393,.T.);
#3391 = VERTEX_POINT('',#3392);
#3392 = CARTESIAN_POINT('',(-99.65706447187,20.,25.595555555556));
#3393 = LINE('',#3394,#3395);
#3394 = CARTESIAN_POINT('',(-101.4018757079,20.,31.563871016921));
#3395 = VECTOR('',#3396,1.);
#3396 = DIRECTION('',(0.280600582118,0.,-0.959824626333));
#3397 = ORIENTED_EDGE('',*,*,#3398,.T.);
#3398 = EDGE_CURVE('',#3391,#3399,#3401,.T.);
#3399 = VERTEX_POINT('',#3400);
#3400 = CARTESIAN_POINT('',(-99.6,20.,25.04));
#3401 = LINE('',#3402,#3403);
#3402 = CARTESIAN_POINT('',(-99.84062631568,20.,27.382636006029));
#3403 = VECTOR('',#3404,1.);
#3404 = DIRECTION('',(0.102178442416,0.,-0.994766086025));
#3405 = ORIENTED_EDGE('',*,*,#3406,.T.);
#3406 = EDGE_CURVE('',#3399,#3407,#3409,.T.);
#3407 = VERTEX_POINT('',#3408);
#3408 = CARTESIAN_POINT('',(-99.6,20.,24.04));
#3409 = LINE('',#3410,#3411);
#3410 = CARTESIAN_POINT('',(-99.6,20.,24.640833333333));
#3411 = VECTOR('',#3412,1.);
#3412 = DIRECTION('',(0.,0.,-1.));
#3413 = ORIENTED_EDGE('',*,*,#3414,.T.);
#3414 = EDGE_CURVE('',#3407,#3415,#3417,.T.);
#3415 = VERTEX_POINT('',#3416);
#3416 = CARTESIAN_POINT('',(-99.65706447187,20.,23.484444444444));
#3417 = LINE('',#3418,#3419);
#3418 = CARTESIAN_POINT('',(-99.82012817975,20.,21.896925173095));
#3419 = VECTOR('',#3420,1.);
#3420 = DIRECTION('',(-0.102178442416,0.,-0.994766086025));
#3421 = ORIENTED_EDGE('',*,*,#3422,.T.);
#3422 = EDGE_CURVE('',#3415,#3423,#3425,.T.);
#3423 = VERTEX_POINT('',#3424);
#3424 = CARTESIAN_POINT('',(-99.81947873799,20.,22.928888888889));
#3425 = LINE('',#3426,#3427);
#3426 = CARTESIAN_POINT('',(-101.3475613593,20.,17.701917084598));
#3427 = VECTOR('',#3428,1.);
#3428 = DIRECTION('',(-0.280600582118,0.,-0.959824626333));
#3429 = ORIENTED_EDGE('',*,*,#3430,.T.);
#3430 = EDGE_CURVE('',#3423,#3431,#3433,.T.);
#3431 = VERTEX_POINT('',#3432);
#3432 = CARTESIAN_POINT('',(-100.074074074,20.,22.373333333333));
#3433 = LINE('',#3434,#3435);
#3434 = CARTESIAN_POINT('',(-103.535880982,20.,14.819282699057));
#3435 = VECTOR('',#3436,1.);
#3436 = DIRECTION('',(-0.416608335402,0.,-0.909086076713));
#3437 = ORIENTED_EDGE('',*,*,#3438,.T.);
#3438 = EDGE_CURVE('',#3431,#3439,#3441,.T.);
#3439 = VERTEX_POINT('',#3440);
#3440 = CARTESIAN_POINT('',(-100.4076817558,20.,21.817777777778));
#3441 = LINE('',#3442,#3443);
#3442 = CARTESIAN_POINT('',(-105.7029672318,20.,12.999559776958));
#3443 = VECTOR('',#3444,1.);
#3444 = DIRECTION('',(-0.514807016402,0.,-0.857306092282));
#3445 = ORIENTED_EDGE('',*,*,#3446,.T.);
#3446 = EDGE_CURVE('',#3439,#3447,#3449,.T.);
#3447 = VERTEX_POINT('',#3448);
#3448 = CARTESIAN_POINT('',(-100.8071330589,20.,21.262222222222));
#3449 = LINE('',#3450,#3451);
#3450 = CARTESIAN_POINT('',(-107.5607142745,20.,11.869363732226));
#3451 = VECTOR('',#3452,1.);
#3452 = DIRECTION('',(-0.583776486487,0.,-0.811914412869));
#3453 = ORIENTED_EDGE('',*,*,#3454,.T.);
#3454 = EDGE_CURVE('',#3447,#3455,#3457,.T.);
#3455 = VERTEX_POINT('',#3456);
#3456 = CARTESIAN_POINT('',(-101.2592592592,20.,20.706666666667));
#3457 = LINE('',#3458,#3459);
#3458 = CARTESIAN_POINT('',(-109.044956975,20.,11.139896111798));
#3459 = VECTOR('',#3460,1.);
#3460 = DIRECTION('',(-0.631212461229,0.,-0.77560997208));
#3461 = ORIENTED_EDGE('',*,*,#3462,.T.);
#3462 = EDGE_CURVE('',#3455,#3463,#3465,.T.);
#3463 = VERTEX_POINT('',#3464);
#3464 = CARTESIAN_POINT('',(-101.7508916323,20.,20.151111111111));
#3465 = LINE('',#3466,#3467);
#3466 = CARTESIAN_POINT('',(-110.1763348748,20.,10.630172179211));
#3467 = VECTOR('',#3468,1.);
#3468 = DIRECTION('',(-0.662709521533,0.,-0.748876551956));
#3469 = ORIENTED_EDGE('',*,*,#3470,.T.);
#3470 = EDGE_CURVE('',#3463,#3471,#3473,.T.);
#3471 = VERTEX_POINT('',#3472);
#3472 = CARTESIAN_POINT('',(-102.268861454,20.,19.595555555556));
#3473 = LINE('',#3474,#3475);
#3474 = CARTESIAN_POINT('',(-110.9931648499,20.,10.238185652636));
#3475 = VECTOR('',#3476,1.);
#3476 = DIRECTION('',(-0.681932082106,0.,-0.731415501199));
#3477 = ORIENTED_EDGE('',*,*,#3478,.T.);
#3478 = EDGE_CURVE('',#3471,#1090,#3479,.T.);
#3479 = LINE('',#3480,#3481);
#3480 = CARTESIAN_POINT('',(-111.6590986395,20.,9.773639077947));
#3481 = VECTOR('',#3482,1.);
#3482 = DIRECTION('',(-0.691044328918,0.,-0.722812379162));
#3483 = ORIENTED_EDGE('',*,*,#1089,.T.);
#3484 = ORIENTED_EDGE('',*,*,#1119,.F.);
#3485 = PLANE('',#3486);
#3486 = AXIS2_PLACEMENT_3D('',#3487,#3488,#3489);
#3487 = CARTESIAN_POINT('',(-145.8666666666,20.,24.741666666667));
#3488 = DIRECTION('',(0.,1.,0.));
#3489 = DIRECTION('',(0.,-0.,1.));
#3490 = ADVANCED_FACE('',(#3491),#3509,.T.);
#3491 = FACE_BOUND('',#3492,.T.);
#3492 = EDGE_LOOP('',(#3493,#3501,#3502,#3503));
#3493 = ORIENTED_EDGE('',*,*,#3494,.F.);
#3494 = EDGE_CURVE('',#3271,#3495,#3497,.T.);
#3495 = VERTEX_POINT('',#3496);
#3496 = CARTESIAN_POINT('',(-105.9429355281,219.8,34.484444444444));
#3497 = LINE('',#3498,#3499);
#3498 = CARTESIAN_POINT('',(-105.9429355281,24.,34.484444444444));
#3499 = VECTOR('',#3500,1.);
#3500 = DIRECTION('',(0.,1.,0.));
#3501 = ORIENTED_EDGE('',*,*,#3270,.F.);
#3502 = ORIENTED_EDGE('',*,*,#840,.T.);
#3503 = ORIENTED_EDGE('',*,*,#3504,.T.);
#3504 = EDGE_CURVE('',#833,#3495,#3505,.T.);
#3505 = LINE('',#3506,#3507);
#3506 = CARTESIAN_POINT('',(-104.6897773542,219.8,22.284226645818));
#3507 = VECTOR('',#3508,1.);
#3508 = DIRECTION('',(0.102178442416,0.,-0.994766086025));
#3509 = PLANE('',#3510);
#3510 = AXIS2_PLACEMENT_3D('',#3511,#3512,#3513);
#3511 = CARTESIAN_POINT('',(-105.971467764,106.,34.762222222222));
#3512 = DIRECTION('',(-0.994766086025,-0.,-0.102178442416));
#3513 = DIRECTION('',(0.102178442416,0.,-0.994766086025));
#3514 = ADVANCED_FACE('',(#3515),#3605,.F.);
#3515 = FACE_BOUND('',#3516,.F.);
#3516 = EDGE_LOOP('',(#3517,#3518,#3519,#3520,#3528,#3536,#3544,#3552,
    #3560,#3568,#3576,#3584,#3592,#3598,#3599,#3600,#3601,#3602,#3603,
    #3604));
#3517 = ORIENTED_EDGE('',*,*,#921,.T.);
#3518 = ORIENTED_EDGE('',*,*,#832,.T.);
#3519 = ORIENTED_EDGE('',*,*,#3504,.T.);
#3520 = ORIENTED_EDGE('',*,*,#3521,.T.);
#3521 = EDGE_CURVE('',#3495,#3522,#3524,.T.);
#3522 = VERTEX_POINT('',#3523);
#3523 = CARTESIAN_POINT('',(-105.780521262,219.8,33.928888888889));
#3524 = LINE('',#3525,#3526);
#3525 = CARTESIAN_POINT('',(-102.5454679495,219.8,22.863039298173));
#3526 = VECTOR('',#3527,1.);
#3527 = DIRECTION('',(0.280600582118,0.,-0.959824626333));
#3528 = ORIENTED_EDGE('',*,*,#3529,.T.);
#3529 = EDGE_CURVE('',#3522,#3530,#3532,.T.);
#3530 = VERTEX_POINT('',#3531);
#3531 = CARTESIAN_POINT('',(-105.5259259259,219.8,33.373333333333));
#3532 = LINE('',#3533,#3534);
#3533 = CARTESIAN_POINT('',(-101.1174825257,219.8,23.75361578453));
#3534 = VECTOR('',#3535,1.);
#3535 = DIRECTION('',(0.416608335402,0.,-0.909086076713));
#3536 = ORIENTED_EDGE('',*,*,#3537,.T.);
#3537 = EDGE_CURVE('',#3530,#3538,#3540,.T.);
#3538 = VERTEX_POINT('',#3539);
#3539 = CARTESIAN_POINT('',(-105.1923182441,219.8,32.817777777778));
#3540 = LINE('',#3541,#3542);
#3541 = CARTESIAN_POINT('',(-100.2459576803,219.8,24.580623055989));
#3542 = VECTOR('',#3543,1.);
#3543 = DIRECTION('',(0.514807016402,0.,-0.857306092282));
#3544 = ORIENTED_EDGE('',*,*,#3545,.T.);
#3545 = EDGE_CURVE('',#3538,#3546,#3548,.T.);
#3546 = VERTEX_POINT('',#3547);
#3547 = CARTESIAN_POINT('',(-104.792866941,219.8,32.262222222222));
#3548 = LINE('',#3549,#3550);
#3549 = CARTESIAN_POINT('',(-99.71352204169,219.8,25.197886081336));
#3550 = VECTOR('',#3551,1.);
#3551 = DIRECTION('',(0.583776486487,0.,-0.811914412869));
#3552 = ORIENTED_EDGE('',*,*,#3553,.T.);
#3553 = EDGE_CURVE('',#3546,#3554,#3556,.T.);
#3554 = VERTEX_POINT('',#3555);
#3555 = CARTESIAN_POINT('',(-104.3407407407,219.8,31.706666666667));
#3556 = LINE('',#3557,#3558);
#3557 = CARTESIAN_POINT('',(-99.35820157287,219.8,25.58431119644));
#3558 = VECTOR('',#3559,1.);
#3559 = DIRECTION('',(0.631212461229,0.,-0.77560997208));
#3560 = ORIENTED_EDGE('',*,*,#3561,.T.);
#3561 = EDGE_CURVE('',#3554,#3562,#3564,.T.);
#3562 = VERTEX_POINT('',#3563);
#3563 = CARTESIAN_POINT('',(-103.8491083676,219.8,31.151111111111));
#3564 = LINE('',#3565,#3566);
#3565 = CARTESIAN_POINT('',(-99.08167149443,219.8,25.763801028404));
#3566 = VECTOR('',#3567,1.);
#3567 = DIRECTION('',(0.662709521533,0.,-0.748876551956));
#3568 = ORIENTED_EDGE('',*,*,#3569,.T.);
#3569 = EDGE_CURVE('',#3562,#3570,#3572,.T.);
#3570 = VERTEX_POINT('',#3571);
#3571 = CARTESIAN_POINT('',(-103.3311385459,219.8,30.595555555556));
#3572 = LINE('',#3573,#3574);
#3573 = CARTESIAN_POINT('',(-98.83018345891,219.8,25.767995147052));
#3574 = VECTOR('',#3575,1.);
#3575 = DIRECTION('',(0.681932082106,0.,-0.731415501199));
#3576 = ORIENTED_EDGE('',*,*,#3577,.T.);
#3577 = EDGE_CURVE('',#3570,#3578,#3580,.T.);
#3578 = VERTEX_POINT('',#3579);
#3579 = CARTESIAN_POINT('',(-102.8,219.8,30.04));
#3580 = LINE('',#3581,#3582);
#3581 = CARTESIAN_POINT('',(-98.44423981945,219.8,25.484000844214));
#3582 = VECTOR('',#3583,1.);
#3583 = DIRECTION('',(0.691044328918,0.,-0.722812379162));
#3584 = ORIENTED_EDGE('',*,*,#3585,.F.);
#3585 = EDGE_CURVE('',#3586,#3578,#3588,.T.);
#3586 = VERTEX_POINT('',#3587);
#3587 = CARTESIAN_POINT('',(-102.8,219.8,19.04));
#3588 = LINE('',#3589,#3590);
#3589 = CARTESIAN_POINT('',(-102.8,219.8,9.54));
#3590 = VECTOR('',#3591,1.);
#3591 = DIRECTION('',(0.,0.,1.));
#3592 = ORIENTED_EDGE('',*,*,#3593,.T.);
#3593 = EDGE_CURVE('',#3586,#1098,#3594,.T.);
#3594 = LINE('',#3595,#3596);
#3595 = CARTESIAN_POINT('',(-105.9366707518,219.8,15.759133123728));
#3596 = VECTOR('',#3597,1.);
#3597 = DIRECTION('',(-0.691044328918,0.,-0.722812379162));
#3598 = ORIENTED_EDGE('',*,*,#1105,.T.);
#3599 = ORIENTED_EDGE('',*,*,#1065,.T.);
#3600 = ORIENTED_EDGE('',*,*,#1041,.T.);
#3601 = ORIENTED_EDGE('',*,*,#1017,.T.);
#3602 = ORIENTED_EDGE('',*,*,#993,.T.);
#3603 = ORIENTED_EDGE('',*,*,#969,.T.);
#3604 = ORIENTED_EDGE('',*,*,#945,.T.);
#3605 = PLANE('',#3606);
#3606 = AXIS2_PLACEMENT_3D('',#3607,#3608,#3609);
#3607 = CARTESIAN_POINT('',(-106.,219.8,9.54));
#3608 = DIRECTION('',(-0.,1.,0.));
#3609 = DIRECTION('',(0.,0.,1.));
#3610 = ADVANCED_FACE('',(#3611),#3638,.T.);
#3611 = FACE_BOUND('',#3612,.T.);
#3612 = EDGE_LOOP('',(#3613,#3614,#3615,#3623,#3631,#3637));
#3613 = ORIENTED_EDGE('',*,*,#1097,.F.);
#3614 = ORIENTED_EDGE('',*,*,#3478,.F.);
#3615 = ORIENTED_EDGE('',*,*,#3616,.T.);
#3616 = EDGE_CURVE('',#3471,#3617,#3619,.T.);
#3617 = VERTEX_POINT('',#3618);
#3618 = CARTESIAN_POINT('',(-102.268861454,220.,19.595555555556));
#3619 = LINE('',#3620,#3621);
#3620 = CARTESIAN_POINT('',(-102.268861454,24.,19.595555555556));
#3621 = VECTOR('',#3622,1.);
#3622 = DIRECTION('',(0.,1.,0.));
#3623 = ORIENTED_EDGE('',*,*,#3624,.T.);
#3624 = EDGE_CURVE('',#3617,#3625,#3627,.T.);
#3625 = VERTEX_POINT('',#3626);
#3626 = CARTESIAN_POINT('',(-102.8,220.,19.04));
#3627 = LINE('',#3628,#3629);
#3628 = CARTESIAN_POINT('',(-102.8,220.,19.04));
#3629 = VECTOR('',#3630,1.);
#3630 = DIRECTION('',(-0.691044328918,0.,-0.722812379162));
#3631 = ORIENTED_EDGE('',*,*,#3632,.F.);
#3632 = EDGE_CURVE('',#3586,#3625,#3633,.T.);
#3633 = LINE('',#3634,#3635);
#3634 = CARTESIAN_POINT('',(-102.8,162.9,19.04));
#3635 = VECTOR('',#3636,1.);
#3636 = DIRECTION('',(0.,1.,0.));
#3637 = ORIENTED_EDGE('',*,*,#3593,.T.);
#3638 = PLANE('',#3639);
#3639 = AXIS2_PLACEMENT_3D('',#3640,#3641,#3642);
#3640 = CARTESIAN_POINT('',(-102.8,106.,19.04));
#3641 = DIRECTION('',(-0.722812379162,-0.,0.691044328918));
#3642 = DIRECTION('',(-0.691044328918,0.,-0.722812379162));
#3643 = ADVANCED_FACE('',(#3644),#3687,.T.);
#3644 = FACE_BOUND('',#3645,.T.);
#3645 = EDGE_LOOP('',(#3646,#3656,#3664,#3672,#3678,#3679,#3680,#3681));
#3646 = ORIENTED_EDGE('',*,*,#3647,.F.);
#3647 = EDGE_CURVE('',#3648,#3650,#3652,.T.);
#3648 = VERTEX_POINT('',#3649);
#3649 = CARTESIAN_POINT('',(-140.,8.,-42.));
#3650 = VERTEX_POINT('',#3651);
#3651 = CARTESIAN_POINT('',(-140.,8.,7.));
#3652 = LINE('',#3653,#3654);
#3653 = CARTESIAN_POINT('',(-140.,8.,-42.));
#3654 = VECTOR('',#3655,1.);
#3655 = DIRECTION('',(0.,0.,1.));
#3656 = ORIENTED_EDGE('',*,*,#3657,.T.);
#3657 = EDGE_CURVE('',#3648,#3658,#3660,.T.);
#3658 = VERTEX_POINT('',#3659);
#3659 = CARTESIAN_POINT('',(-140.,12.,-42.));
#3660 = LINE('',#3661,#3662);
#3661 = CARTESIAN_POINT('',(-140.,8.,-42.));
#3662 = VECTOR('',#3663,1.);
#3663 = DIRECTION('',(-0.,1.,0.));
#3664 = ORIENTED_EDGE('',*,*,#3665,.T.);
#3665 = EDGE_CURVE('',#3658,#3666,#3668,.T.);
#3666 = VERTEX_POINT('',#3667);
#3667 = CARTESIAN_POINT('',(-140.,12.,7.));
#3668 = LINE('',#3669,#3670);
#3669 = CARTESIAN_POINT('',(-140.,12.,-42.));
#3670 = VECTOR('',#3671,1.);
#3671 = DIRECTION('',(0.,0.,1.));
#3672 = ORIENTED_EDGE('',*,*,#3673,.T.);
#3673 = EDGE_CURVE('',#3666,#3247,#3674,.T.);
#3674 = LINE('',#3675,#3676);
#3675 = CARTESIAN_POINT('',(-140.,0.,7.));
#3676 = VECTOR('',#3677,1.);
#3677 = DIRECTION('',(-0.,1.,0.));
#3678 = ORIENTED_EDGE('',*,*,#3246,.T.);
#3679 = ORIENTED_EDGE('',*,*,#1127,.T.);
#3680 = ORIENTED_EDGE('',*,*,#2969,.F.);
#3681 = ORIENTED_EDGE('',*,*,#3682,.T.);
#3682 = EDGE_CURVE('',#2962,#3650,#3683,.T.);
#3683 = LINE('',#3684,#3685);
#3684 = CARTESIAN_POINT('',(-140.,0.,7.));
#3685 = VECTOR('',#3686,1.);
#3686 = DIRECTION('',(-0.,1.,0.));
#3687 = PLANE('',#3688);
#3688 = AXIS2_PLACEMENT_3D('',#3689,#3690,#3691);
#3689 = CARTESIAN_POINT('',(-140.,10.,-7.1));
#3690 = DIRECTION('',(1.,0.,0.));
#3691 = DIRECTION('',(-0.,0.,1.));
#3692 = ADVANCED_FACE('',(#3693),#3711,.T.);
#3693 = FACE_BOUND('',#3694,.T.);
#3694 = EDGE_LOOP('',(#3695,#3696,#3697,#3705));
#3695 = ORIENTED_EDGE('',*,*,#2976,.F.);
#3696 = ORIENTED_EDGE('',*,*,#1159,.F.);
#3697 = ORIENTED_EDGE('',*,*,#3698,.T.);
#3698 = EDGE_CURVE('',#1160,#3699,#3701,.T.);
#3699 = VERTEX_POINT('',#3700);
#3700 = CARTESIAN_POINT('',(-103.7828082304,-8.,18.));
#3701 = LINE('',#3702,#3703);
#3702 = CARTESIAN_POINT('',(-109.,-8.,18.));
#3703 = VECTOR('',#3704,1.);
#3704 = DIRECTION('',(1.,0.,-0.));
#3705 = ORIENTED_EDGE('',*,*,#3706,.F.);
#3706 = EDGE_CURVE('',#2977,#3699,#3707,.T.);
#3707 = LINE('',#3708,#3709);
#3708 = CARTESIAN_POINT('',(-103.7828082304,-8.,18.));
#3709 = VECTOR('',#3710,1.);
#3710 = DIRECTION('',(0.,-1.,0.));
#3711 = PLANE('',#3712);
#3712 = AXIS2_PLACEMENT_3D('',#3713,#3714,#3715);
#3713 = CARTESIAN_POINT('',(-109.,-8.,18.));
#3714 = DIRECTION('',(0.,0.,1.));
#3715 = DIRECTION('',(1.,0.,-0.));
#3716 = ADVANCED_FACE('',(#3717),#3742,.F.);
#3717 = FACE_BOUND('',#3718,.F.);
#3718 = EDGE_LOOP('',(#3719,#3727,#3728,#3736));
#3719 = ORIENTED_EDGE('',*,*,#3720,.F.);
#3720 = EDGE_CURVE('',#1176,#3721,#3723,.T.);
#3721 = VERTEX_POINT('',#3722);
#3722 = CARTESIAN_POINT('',(-99.,-6.26,0.));
#3723 = LINE('',#3724,#3725);
#3724 = CARTESIAN_POINT('',(-110.,-6.26,0.));
#3725 = VECTOR('',#3726,1.);
#3726 = DIRECTION('',(1.,0.,0.));
#3727 = ORIENTED_EDGE('',*,*,#1175,.F.);
#3728 = ORIENTED_EDGE('',*,*,#3729,.T.);
#3729 = EDGE_CURVE('',#1168,#3730,#3732,.T.);
#3730 = VERTEX_POINT('',#3731);
#3731 = CARTESIAN_POINT('',(-99.,-8.,0.));
#3732 = LINE('',#3733,#3734);
#3733 = CARTESIAN_POINT('',(-109.,-8.,0.));
#3734 = VECTOR('',#3735,1.);
#3735 = DIRECTION('',(1.,0.,-0.));
#3736 = ORIENTED_EDGE('',*,*,#3737,.T.);
#3737 = EDGE_CURVE('',#3730,#3721,#3738,.T.);
#3738 = LINE('',#3739,#3740);
#3739 = CARTESIAN_POINT('',(-99.,-6.192649514669,0.));
#3740 = VECTOR('',#3741,1.);
#3741 = DIRECTION('',(0.,1.,0.));
#3742 = PLANE('',#3743);
#3743 = AXIS2_PLACEMENT_3D('',#3744,#3745,#3746);
#3744 = CARTESIAN_POINT('',(-109.,-8.,0.));
#3745 = DIRECTION('',(0.,0.,1.));
#3746 = DIRECTION('',(1.,0.,-0.));
#3747 = ADVANCED_FACE('',(#3748),#3775,.F.);
#3748 = FACE_BOUND('',#3749,.F.);
#3749 = EDGE_LOOP('',(#3750,#3751,#3759,#3765,#3766,#3767,#3768,#3769));
#3750 = ORIENTED_EDGE('',*,*,#1990,.T.);
#3751 = ORIENTED_EDGE('',*,*,#3752,.F.);
#3752 = EDGE_CURVE('',#3753,#1991,#3755,.T.);
#3753 = VERTEX_POINT('',#3754);
#3754 = CARTESIAN_POINT('',(71.,-8.,18.));
#3755 = LINE('',#3756,#3757);
#3756 = CARTESIAN_POINT('',(71.,-8.,18.));
#3757 = VECTOR('',#3758,1.);
#3758 = DIRECTION('',(-0.,1.,0.));
#3759 = ORIENTED_EDGE('',*,*,#3760,.F.);
#3760 = EDGE_CURVE('',#1298,#3753,#3761,.T.);
#3761 = LINE('',#3762,#3763);
#3762 = CARTESIAN_POINT('',(71.,-8.,0.));
#3763 = VECTOR('',#3764,1.);
#3764 = DIRECTION('',(0.,0.,1.));
#3765 = ORIENTED_EDGE('',*,*,#1305,.F.);
#3766 = ORIENTED_EDGE('',*,*,#1282,.F.);
#3767 = ORIENTED_EDGE('',*,*,#1250,.T.);
#3768 = ORIENTED_EDGE('',*,*,#1234,.F.);
#3769 = ORIENTED_EDGE('',*,*,#3770,.T.);
#3770 = EDGE_CURVE('',#1218,#1983,#3771,.T.);
#3771 = LINE('',#3772,#3773);
#3772 = CARTESIAN_POINT('',(71.,-8.,0.));
#3773 = VECTOR('',#3774,1.);
#3774 = DIRECTION('',(-0.,1.,0.));
#3775 = PLANE('',#3776);
#3776 = AXIS2_PLACEMENT_3D('',#3777,#3778,#3779);
#3777 = CARTESIAN_POINT('',(71.,-8.,0.));
#3778 = DIRECTION('',(1.,0.,-0.));
#3779 = DIRECTION('',(0.,0.,1.));
#3780 = ADVANCED_FACE('',(#3781,#3816),#3827,.T.);
#3781 = FACE_BOUND('',#3782,.T.);
#3782 = EDGE_LOOP('',(#3783,#3793,#3799,#3800,#3809));
#3783 = ORIENTED_EDGE('',*,*,#3784,.F.);
#3784 = EDGE_CURVE('',#3785,#3787,#3789,.T.);
#3785 = VERTEX_POINT('',#3786);
#3786 = CARTESIAN_POINT('',(-99.,-8.,13.));
#3787 = VERTEX_POINT('',#3788);
#3788 = CARTESIAN_POINT('',(-99.,-15.69467112597,0.445536583931));
#3789 = LINE('',#3790,#3791);
#3790 = CARTESIAN_POINT('',(-99.,-8.,13.));
#3791 = VECTOR('',#3792,1.);
#3792 = DIRECTION('',(0.,-0.522562057929,-0.852601252411));
#3793 = ORIENTED_EDGE('',*,*,#3794,.T.);
#3794 = EDGE_CURVE('',#3785,#3730,#3795,.T.);
#3795 = LINE('',#3796,#3797);
#3796 = CARTESIAN_POINT('',(-99.,-8.,-2.75));
#3797 = VECTOR('',#3798,1.);
#3798 = DIRECTION('',(0.,0.,-1.));
#3799 = ORIENTED_EDGE('',*,*,#3737,.T.);
#3800 = ORIENTED_EDGE('',*,*,#3801,.T.);
#3801 = EDGE_CURVE('',#3721,#3802,#3804,.T.);
#3802 = VERTEX_POINT('',#3803);
#3803 = CARTESIAN_POINT('',(-99.,-5.400873841802,-3.165147981523));
#3804 = CIRCLE('',#3805,6.26);
#3805 = AXIS2_PLACEMENT_3D('',#3806,#3807,#3808);
#3806 = CARTESIAN_POINT('',(-99.,0.,0.));
#3807 = DIRECTION('',(1.,0.,0.));
#3808 = DIRECTION('',(-0.,0.,1.));
#3809 = ORIENTED_EDGE('',*,*,#3810,.F.);
#3810 = EDGE_CURVE('',#3787,#3802,#3811,.T.);
#3811 = CIRCLE('',#3812,7.);
#3812 = AXIS2_PLACEMENT_3D('',#3813,#3814,#3815);
#3813 = CARTESIAN_POINT('',(-99.,-12.,-5.5));
#3814 = DIRECTION('',(1.,0.,0.));
#3815 = DIRECTION('',(-0.,0.,1.));
#3816 = FACE_BOUND('',#3817,.T.);
#3817 = EDGE_LOOP('',(#3818));
#3818 = ORIENTED_EDGE('',*,*,#3819,.T.);
#3819 = EDGE_CURVE('',#3820,#3820,#3822,.T.);
#3820 = VERTEX_POINT('',#3821);
#3821 = CARTESIAN_POINT('',(-99.,-12.,-3.2));
#3822 = CIRCLE('',#3823,2.3);
#3823 = AXIS2_PLACEMENT_3D('',#3824,#3825,#3826);
#3824 = CARTESIAN_POINT('',(-99.,-12.,-5.5));
#3825 = DIRECTION('',(1.,0.,0.));
#3826 = DIRECTION('',(-0.,0.,1.));
#3827 = PLANE('',#3828);
#3828 = AXIS2_PLACEMENT_3D('',#3829,#3830,#3831);
#3829 = CARTESIAN_POINT('',(-99.,-10.63296179817,-0.492578677057));
#3830 = DIRECTION('',(-1.,-0.,-0.));
#3831 = DIRECTION('',(0.,0.,-1.));
#3832 = ADVANCED_FACE('',(#3833),#3851,.T.);
#3833 = FACE_BOUND('',#3834,.T.);
#3834 = EDGE_LOOP('',(#3835,#3836,#3837,#3845));
#3835 = ORIENTED_EDGE('',*,*,#2984,.F.);
#3836 = ORIENTED_EDGE('',*,*,#3706,.T.);
#3837 = ORIENTED_EDGE('',*,*,#3838,.F.);
#3838 = EDGE_CURVE('',#3839,#3699,#3841,.T.);
#3839 = VERTEX_POINT('',#3840);
#3840 = CARTESIAN_POINT('',(-103.3311385459,-8.,18.484444444444));
#3841 = LINE('',#3842,#3843);
#3842 = CARTESIAN_POINT('',(-103.3311385459,-8.,18.484444444444));
#3843 = VECTOR('',#3844,1.);
#3844 = DIRECTION('',(-0.681932082106,0.,-0.731415501199));
#3845 = ORIENTED_EDGE('',*,*,#3846,.T.);
#3846 = EDGE_CURVE('',#3839,#2985,#3847,.T.);
#3847 = LINE('',#3848,#3849);
#3848 = CARTESIAN_POINT('',(-103.3311385459,24.,18.484444444444));
#3849 = VECTOR('',#3850,1.);
#3850 = DIRECTION('',(0.,1.,0.));
#3851 = PLANE('',#3852);
#3852 = AXIS2_PLACEMENT_3D('',#3853,#3854,#3855);
#3853 = CARTESIAN_POINT('',(-103.5863557376,106.0055250651,
    18.210707784929));
#3854 = DIRECTION('',(-0.731415501199,-0.,0.681932082106));
#3855 = DIRECTION('',(-0.681932082106,0.,-0.731415501199));
#3856 = ADVANCED_FACE('',(#3857),#3875,.T.);
#3857 = FACE_BOUND('',#3858,.T.);
#3858 = EDGE_LOOP('',(#3859,#3860,#3868,#3874));
#3859 = ORIENTED_EDGE('',*,*,#3846,.F.);
#3860 = ORIENTED_EDGE('',*,*,#3861,.F.);
#3861 = EDGE_CURVE('',#3862,#3839,#3864,.T.);
#3862 = VERTEX_POINT('',#3863);
#3863 = CARTESIAN_POINT('',(-102.268861454,-8.,19.595555555556));
#3864 = LINE('',#3865,#3866);
#3865 = CARTESIAN_POINT('',(-102.268861454,-8.,19.595555555556));
#3866 = VECTOR('',#3867,1.);
#3867 = DIRECTION('',(-0.691044328918,0.,-0.722812379162));
#3868 = ORIENTED_EDGE('',*,*,#3869,.T.);
#3869 = EDGE_CURVE('',#3862,#2993,#3870,.T.);
#3870 = LINE('',#3871,#3872);
#3871 = CARTESIAN_POINT('',(-102.268861454,24.,19.595555555556));
#3872 = VECTOR('',#3873,1.);
#3873 = DIRECTION('',(0.,1.,0.));
#3874 = ORIENTED_EDGE('',*,*,#2992,.F.);
#3875 = PLANE('',#3876);
#3876 = AXIS2_PLACEMENT_3D('',#3877,#3878,#3879);
#3877 = CARTESIAN_POINT('',(-102.8,106.,19.04));
#3878 = DIRECTION('',(-0.722812379162,-0.,0.691044328918));
#3879 = DIRECTION('',(-0.691044328918,0.,-0.722812379162));
#3880 = ADVANCED_FACE('',(#3881),#3899,.T.);
#3881 = FACE_BOUND('',#3882,.T.);
#3882 = EDGE_LOOP('',(#3883,#3884,#3892,#3898));
#3883 = ORIENTED_EDGE('',*,*,#3869,.F.);
#3884 = ORIENTED_EDGE('',*,*,#3885,.F.);
#3885 = EDGE_CURVE('',#3886,#3862,#3888,.T.);
#3886 = VERTEX_POINT('',#3887);
#3887 = CARTESIAN_POINT('',(-101.7508916323,-8.,20.151111111111));
#3888 = LINE('',#3889,#3890);
#3889 = CARTESIAN_POINT('',(-101.7508916323,-8.,20.151111111111));
#3890 = VECTOR('',#3891,1.);
#3891 = DIRECTION('',(-0.681932082106,0.,-0.731415501199));
#3892 = ORIENTED_EDGE('',*,*,#3893,.T.);
#3893 = EDGE_CURVE('',#3886,#3001,#3894,.T.);
#3894 = LINE('',#3895,#3896);
#3895 = CARTESIAN_POINT('',(-101.7508916323,24.,20.151111111111));
#3896 = VECTOR('',#3897,1.);
#3897 = DIRECTION('',(0.,1.,0.));
#3898 = ORIENTED_EDGE('',*,*,#3000,.F.);
#3899 = PLANE('',#3900);
#3900 = AXIS2_PLACEMENT_3D('',#3901,#3902,#3903);
#3901 = CARTESIAN_POINT('',(-102.0098765432,106.,19.873333333333));
#3902 = DIRECTION('',(-0.731415501199,-0.,0.681932082106));
#3903 = DIRECTION('',(-0.681932082106,0.,-0.731415501199));
#3904 = ADVANCED_FACE('',(#3905),#3923,.T.);
#3905 = FACE_BOUND('',#3906,.T.);
#3906 = EDGE_LOOP('',(#3907,#3908,#3916,#3922));
#3907 = ORIENTED_EDGE('',*,*,#3893,.F.);
#3908 = ORIENTED_EDGE('',*,*,#3909,.F.);
#3909 = EDGE_CURVE('',#3910,#3886,#3912,.T.);
#3910 = VERTEX_POINT('',#3911);
#3911 = CARTESIAN_POINT('',(-101.2592592592,-8.,20.706666666667));
#3912 = LINE('',#3913,#3914);
#3913 = CARTESIAN_POINT('',(-101.2592592592,-8.,20.706666666667));
#3914 = VECTOR('',#3915,1.);
#3915 = DIRECTION('',(-0.662709521533,0.,-0.748876551956));
#3916 = ORIENTED_EDGE('',*,*,#3917,.T.);
#3917 = EDGE_CURVE('',#3910,#3009,#3918,.T.);
#3918 = LINE('',#3919,#3920);
#3919 = CARTESIAN_POINT('',(-101.2592592592,24.,20.706666666667));
#3920 = VECTOR('',#3921,1.);
#3921 = DIRECTION('',(0.,1.,0.));
#3922 = ORIENTED_EDGE('',*,*,#3008,.F.);
#3923 = PLANE('',#3924);
#3924 = AXIS2_PLACEMENT_3D('',#3925,#3926,#3927);
#3925 = CARTESIAN_POINT('',(-101.5050754458,106.,20.428888888889));
#3926 = DIRECTION('',(-0.748876551956,-0.,0.662709521533));
#3927 = DIRECTION('',(-0.662709521533,0.,-0.748876551956));
#3928 = ADVANCED_FACE('',(#3929),#3947,.T.);
#3929 = FACE_BOUND('',#3930,.T.);
#3930 = EDGE_LOOP('',(#3931,#3932,#3940,#3946));
#3931 = ORIENTED_EDGE('',*,*,#3917,.F.);
#3932 = ORIENTED_EDGE('',*,*,#3933,.F.);
#3933 = EDGE_CURVE('',#3934,#3910,#3936,.T.);
#3934 = VERTEX_POINT('',#3935);
#3935 = CARTESIAN_POINT('',(-100.8071330589,-8.,21.262222222222));
#3936 = LINE('',#3937,#3938);
#3937 = CARTESIAN_POINT('',(-100.8071330589,-8.,21.262222222222));
#3938 = VECTOR('',#3939,1.);
#3939 = DIRECTION('',(-0.631212461229,0.,-0.77560997208));
#3940 = ORIENTED_EDGE('',*,*,#3941,.T.);
#3941 = EDGE_CURVE('',#3934,#3017,#3942,.T.);
#3942 = LINE('',#3943,#3944);
#3943 = CARTESIAN_POINT('',(-100.8071330589,24.,21.262222222222));
#3944 = VECTOR('',#3945,1.);
#3945 = DIRECTION('',(0.,1.,0.));
#3946 = ORIENTED_EDGE('',*,*,#3016,.F.);
#3947 = PLANE('',#3948);
#3948 = AXIS2_PLACEMENT_3D('',#3949,#3950,#3951);
#3949 = CARTESIAN_POINT('',(-101.0331961591,106.,20.984444444444));
#3950 = DIRECTION('',(-0.77560997208,-0.,0.631212461229));
#3951 = DIRECTION('',(-0.631212461229,0.,-0.77560997208));
#3952 = ADVANCED_FACE('',(#3953),#3971,.T.);
#3953 = FACE_BOUND('',#3954,.T.);
#3954 = EDGE_LOOP('',(#3955,#3956,#3964,#3970));
#3955 = ORIENTED_EDGE('',*,*,#3941,.F.);
#3956 = ORIENTED_EDGE('',*,*,#3957,.F.);
#3957 = EDGE_CURVE('',#3958,#3934,#3960,.T.);
#3958 = VERTEX_POINT('',#3959);
#3959 = CARTESIAN_POINT('',(-100.4076817558,-8.,21.817777777778));
#3960 = LINE('',#3961,#3962);
#3961 = CARTESIAN_POINT('',(-100.4076817558,-8.,21.817777777778));
#3962 = VECTOR('',#3963,1.);
#3963 = DIRECTION('',(-0.583776486487,0.,-0.811914412869));
#3964 = ORIENTED_EDGE('',*,*,#3965,.T.);
#3965 = EDGE_CURVE('',#3958,#3025,#3966,.T.);
#3966 = LINE('',#3967,#3968);
#3967 = CARTESIAN_POINT('',(-100.4076817558,24.,21.817777777778));
#3968 = VECTOR('',#3969,1.);
#3969 = DIRECTION('',(0.,1.,0.));
#3970 = ORIENTED_EDGE('',*,*,#3024,.F.);
#3971 = PLANE('',#3972);
#3972 = AXIS2_PLACEMENT_3D('',#3973,#3974,#3975);
#3973 = CARTESIAN_POINT('',(-100.6074074074,106.,21.54));
#3974 = DIRECTION('',(-0.811914412869,-0.,0.583776486487));
#3975 = DIRECTION('',(-0.583776486487,0.,-0.811914412869));
#3976 = ADVANCED_FACE('',(#3977),#3995,.T.);
#3977 = FACE_BOUND('',#3978,.T.);
#3978 = EDGE_LOOP('',(#3979,#3980,#3988,#3994));
#3979 = ORIENTED_EDGE('',*,*,#3965,.F.);
#3980 = ORIENTED_EDGE('',*,*,#3981,.F.);
#3981 = EDGE_CURVE('',#3982,#3958,#3984,.T.);
#3982 = VERTEX_POINT('',#3983);
#3983 = CARTESIAN_POINT('',(-100.074074074,-8.,22.373333333333));
#3984 = LINE('',#3985,#3986);
#3985 = CARTESIAN_POINT('',(-100.074074074,-8.,22.373333333333));
#3986 = VECTOR('',#3987,1.);
#3987 = DIRECTION('',(-0.514807016402,0.,-0.857306092282));
#3988 = ORIENTED_EDGE('',*,*,#3989,.T.);
#3989 = EDGE_CURVE('',#3982,#3033,#3990,.T.);
#3990 = LINE('',#3991,#3992);
#3991 = CARTESIAN_POINT('',(-100.074074074,24.,22.373333333333));
#3992 = VECTOR('',#3993,1.);
#3993 = DIRECTION('',(0.,1.,0.));
#3994 = ORIENTED_EDGE('',*,*,#3032,.F.);
#3995 = PLANE('',#3996);
#3996 = AXIS2_PLACEMENT_3D('',#3997,#3998,#3999);
#3997 = CARTESIAN_POINT('',(-100.2408779149,106.,22.095555555556));
#3998 = DIRECTION('',(-0.857306092282,-0.,0.514807016402));
#3999 = DIRECTION('',(-0.514807016402,0.,-0.857306092282));
#4000 = ADVANCED_FACE('',(#4001),#4019,.T.);
#4001 = FACE_BOUND('',#4002,.T.);
#4002 = EDGE_LOOP('',(#4003,#4004,#4012,#4018));
#4003 = ORIENTED_EDGE('',*,*,#3989,.F.);
#4004 = ORIENTED_EDGE('',*,*,#4005,.F.);
#4005 = EDGE_CURVE('',#4006,#3982,#4008,.T.);
#4006 = VERTEX_POINT('',#4007);
#4007 = CARTESIAN_POINT('',(-99.81947873799,-8.,22.928888888889));
#4008 = LINE('',#4009,#4010);
#4009 = CARTESIAN_POINT('',(-99.81947873799,-8.,22.928888888889));
#4010 = VECTOR('',#4011,1.);
#4011 = DIRECTION('',(-0.416608335402,0.,-0.909086076713));
#4012 = ORIENTED_EDGE('',*,*,#4013,.T.);
#4013 = EDGE_CURVE('',#4006,#3041,#4014,.T.);
#4014 = LINE('',#4015,#4016);
#4015 = CARTESIAN_POINT('',(-99.81947873799,24.,22.928888888889));
#4016 = VECTOR('',#4017,1.);
#4017 = DIRECTION('',(0.,1.,0.));
#4018 = ORIENTED_EDGE('',*,*,#3040,.F.);
#4019 = PLANE('',#4020);
#4020 = AXIS2_PLACEMENT_3D('',#4021,#4022,#4023);
#4021 = CARTESIAN_POINT('',(-99.94677640603,106.,22.651111111111));
#4022 = DIRECTION('',(-0.909086076713,-0.,0.416608335402));
#4023 = DIRECTION('',(-0.416608335402,0.,-0.909086076713));
#4024 = ADVANCED_FACE('',(#4025),#4043,.T.);
#4025 = FACE_BOUND('',#4026,.T.);
#4026 = EDGE_LOOP('',(#4027,#4028,#4036,#4042));
#4027 = ORIENTED_EDGE('',*,*,#4013,.F.);
#4028 = ORIENTED_EDGE('',*,*,#4029,.F.);
#4029 = EDGE_CURVE('',#4030,#4006,#4032,.T.);
#4030 = VERTEX_POINT('',#4031);
#4031 = CARTESIAN_POINT('',(-99.65706447187,-8.,23.484444444444));
#4032 = LINE('',#4033,#4034);
#4033 = CARTESIAN_POINT('',(-99.65706447187,-8.,23.484444444444));
#4034 = VECTOR('',#4035,1.);
#4035 = DIRECTION('',(-0.280600582118,0.,-0.959824626333));
#4036 = ORIENTED_EDGE('',*,*,#4037,.T.);
#4037 = EDGE_CURVE('',#4030,#3049,#4038,.T.);
#4038 = LINE('',#4039,#4040);
#4039 = CARTESIAN_POINT('',(-99.65706447187,24.,23.484444444444));
#4040 = VECTOR('',#4041,1.);
#4041 = DIRECTION('',(0.,1.,0.));
#4042 = ORIENTED_EDGE('',*,*,#3048,.F.);
#4043 = PLANE('',#4044);
#4044 = AXIS2_PLACEMENT_3D('',#4045,#4046,#4047);
#4045 = CARTESIAN_POINT('',(-99.73827160493,106.,23.206666666667));
#4046 = DIRECTION('',(-0.959824626333,-0.,0.280600582118));
#4047 = DIRECTION('',(-0.280600582118,0.,-0.959824626333));
#4048 = ADVANCED_FACE('',(#4049),#4067,.T.);
#4049 = FACE_BOUND('',#4050,.T.);
#4050 = EDGE_LOOP('',(#4051,#4052,#4060,#4066));
#4051 = ORIENTED_EDGE('',*,*,#4037,.F.);
#4052 = ORIENTED_EDGE('',*,*,#4053,.F.);
#4053 = EDGE_CURVE('',#4054,#4030,#4056,.T.);
#4054 = VERTEX_POINT('',#4055);
#4055 = CARTESIAN_POINT('',(-99.6,-8.,24.04));
#4056 = LINE('',#4057,#4058);
#4057 = CARTESIAN_POINT('',(-99.6,-8.,24.04));
#4058 = VECTOR('',#4059,1.);
#4059 = DIRECTION('',(-0.102178442416,0.,-0.994766086025));
#4060 = ORIENTED_EDGE('',*,*,#4061,.T.);
#4061 = EDGE_CURVE('',#4054,#3057,#4062,.T.);
#4062 = LINE('',#4063,#4064);
#4063 = CARTESIAN_POINT('',(-99.6,24.,24.04));
#4064 = VECTOR('',#4065,1.);
#4065 = DIRECTION('',(0.,1.,0.));
#4066 = ORIENTED_EDGE('',*,*,#3056,.F.);
#4067 = PLANE('',#4068);
#4068 = AXIS2_PLACEMENT_3D('',#4069,#4070,#4071);
#4069 = CARTESIAN_POINT('',(-99.62853223594,106.,23.762222222222));
#4070 = DIRECTION('',(-0.994766086025,-0.,0.102178442416));
#4071 = DIRECTION('',(-0.102178442416,0.,-0.994766086025));
#4072 = ADVANCED_FACE('',(#4073),#4091,.T.);
#4073 = FACE_BOUND('',#4074,.T.);
#4074 = EDGE_LOOP('',(#4075,#4083,#4089,#4090));
#4075 = ORIENTED_EDGE('',*,*,#4076,.T.);
#4076 = EDGE_CURVE('',#4054,#4077,#4079,.T.);
#4077 = VERTEX_POINT('',#4078);
#4078 = CARTESIAN_POINT('',(-99.6,-8.,25.04));
#4079 = LINE('',#4080,#4081);
#4080 = CARTESIAN_POINT('',(-99.6,-8.,14.04));
#4081 = VECTOR('',#4082,1.);
#4082 = DIRECTION('',(0.,0.,1.));
#4083 = ORIENTED_EDGE('',*,*,#4084,.T.);
#4084 = EDGE_CURVE('',#4077,#3065,#4085,.T.);
#4085 = LINE('',#4086,#4087);
#4086 = CARTESIAN_POINT('',(-99.6,24.,25.04));
#4087 = VECTOR('',#4088,1.);
#4088 = DIRECTION('',(0.,1.,0.));
#4089 = ORIENTED_EDGE('',*,*,#3064,.F.);
#4090 = ORIENTED_EDGE('',*,*,#4061,.F.);
#4091 = PLANE('',#4092);
#4092 = AXIS2_PLACEMENT_3D('',#4093,#4094,#4095);
#4093 = CARTESIAN_POINT('',(-99.6,106.,24.54));
#4094 = DIRECTION('',(-1.,-0.,-0.));
#4095 = DIRECTION('',(0.,0.,-1.));
#4096 = ADVANCED_FACE('',(#4097),#4115,.T.);
#4097 = FACE_BOUND('',#4098,.T.);
#4098 = EDGE_LOOP('',(#4099,#4107,#4113,#4114));
#4099 = ORIENTED_EDGE('',*,*,#4100,.T.);
#4100 = EDGE_CURVE('',#4077,#4101,#4103,.T.);
#4101 = VERTEX_POINT('',#4102);
#4102 = CARTESIAN_POINT('',(-99.65706447187,-8.,25.595555555556));
#4103 = LINE('',#4104,#4105);
#4104 = CARTESIAN_POINT('',(-99.6,-8.,25.04));
#4105 = VECTOR('',#4106,1.);
#4106 = DIRECTION('',(-0.102178442416,0.,0.994766086025));
#4107 = ORIENTED_EDGE('',*,*,#4108,.T.);
#4108 = EDGE_CURVE('',#4101,#3073,#4109,.T.);
#4109 = LINE('',#4110,#4111);
#4110 = CARTESIAN_POINT('',(-99.65706447187,24.,25.595555555556));
#4111 = VECTOR('',#4112,1.);
#4112 = DIRECTION('',(0.,1.,0.));
#4113 = ORIENTED_EDGE('',*,*,#3072,.F.);
#4114 = ORIENTED_EDGE('',*,*,#4084,.F.);
#4115 = PLANE('',#4116);
#4116 = AXIS2_PLACEMENT_3D('',#4117,#4118,#4119);
#4117 = CARTESIAN_POINT('',(-99.62853223594,106.,25.317777777778));
#4118 = DIRECTION('',(-0.994766086025,-0.,-0.102178442416));
#4119 = DIRECTION('',(0.102178442416,0.,-0.994766086025));
#4120 = ADVANCED_FACE('',(#4121),#4139,.T.);
#4121 = FACE_BOUND('',#4122,.T.);
#4122 = EDGE_LOOP('',(#4123,#4131,#4137,#4138));
#4123 = ORIENTED_EDGE('',*,*,#4124,.T.);
#4124 = EDGE_CURVE('',#4101,#4125,#4127,.T.);
#4125 = VERTEX_POINT('',#4126);
#4126 = CARTESIAN_POINT('',(-99.81947873799,-8.,26.151111111111));
#4127 = LINE('',#4128,#4129);
#4128 = CARTESIAN_POINT('',(-99.65706447187,-8.,25.595555555556));
#4129 = VECTOR('',#4130,1.);
#4130 = DIRECTION('',(-0.280600582118,0.,0.959824626333));
#4131 = ORIENTED_EDGE('',*,*,#4132,.T.);
#4132 = EDGE_CURVE('',#4125,#3081,#4133,.T.);
#4133 = LINE('',#4134,#4135);
#4134 = CARTESIAN_POINT('',(-99.81947873799,24.,26.151111111111));
#4135 = VECTOR('',#4136,1.);
#4136 = DIRECTION('',(0.,1.,0.));
#4137 = ORIENTED_EDGE('',*,*,#3080,.F.);
#4138 = ORIENTED_EDGE('',*,*,#4108,.F.);
#4139 = PLANE('',#4140);
#4140 = AXIS2_PLACEMENT_3D('',#4141,#4142,#4143);
#4141 = CARTESIAN_POINT('',(-99.73827160493,106.,25.873333333333));
#4142 = DIRECTION('',(-0.959824626333,-0.,-0.280600582118));
#4143 = DIRECTION('',(0.280600582118,0.,-0.959824626333));
#4144 = ADVANCED_FACE('',(#4145),#4163,.T.);
#4145 = FACE_BOUND('',#4146,.T.);
#4146 = EDGE_LOOP('',(#4147,#4155,#4161,#4162));
#4147 = ORIENTED_EDGE('',*,*,#4148,.T.);
#4148 = EDGE_CURVE('',#4125,#4149,#4151,.T.);
#4149 = VERTEX_POINT('',#4150);
#4150 = CARTESIAN_POINT('',(-100.074074074,-8.,26.706666666667));
#4151 = LINE('',#4152,#4153);
#4152 = CARTESIAN_POINT('',(-99.81947873799,-8.,26.151111111111));
#4153 = VECTOR('',#4154,1.);
#4154 = DIRECTION('',(-0.416608335402,0.,0.909086076713));
#4155 = ORIENTED_EDGE('',*,*,#4156,.T.);
#4156 = EDGE_CURVE('',#4149,#3089,#4157,.T.);
#4157 = LINE('',#4158,#4159);
#4158 = CARTESIAN_POINT('',(-100.074074074,24.,26.706666666667));
#4159 = VECTOR('',#4160,1.);
#4160 = DIRECTION('',(0.,1.,0.));
#4161 = ORIENTED_EDGE('',*,*,#3088,.F.);
#4162 = ORIENTED_EDGE('',*,*,#4132,.F.);
#4163 = PLANE('',#4164);
#4164 = AXIS2_PLACEMENT_3D('',#4165,#4166,#4167);
#4165 = CARTESIAN_POINT('',(-99.94677640603,106.,26.428888888889));
#4166 = DIRECTION('',(-0.909086076713,-0.,-0.416608335402));
#4167 = DIRECTION('',(0.416608335402,0.,-0.909086076713));
#4168 = ADVANCED_FACE('',(#4169),#4187,.T.);
#4169 = FACE_BOUND('',#4170,.T.);
#4170 = EDGE_LOOP('',(#4171,#4179,#4185,#4186));
#4171 = ORIENTED_EDGE('',*,*,#4172,.T.);
#4172 = EDGE_CURVE('',#4149,#4173,#4175,.T.);
#4173 = VERTEX_POINT('',#4174);
#4174 = CARTESIAN_POINT('',(-100.4076817558,-8.,27.262222222222));
#4175 = LINE('',#4176,#4177);
#4176 = CARTESIAN_POINT('',(-100.074074074,-8.,26.706666666667));
#4177 = VECTOR('',#4178,1.);
#4178 = DIRECTION('',(-0.514807016402,0.,0.857306092282));
#4179 = ORIENTED_EDGE('',*,*,#4180,.T.);
#4180 = EDGE_CURVE('',#4173,#3097,#4181,.T.);
#4181 = LINE('',#4182,#4183);
#4182 = CARTESIAN_POINT('',(-100.4076817558,24.,27.262222222222));
#4183 = VECTOR('',#4184,1.);
#4184 = DIRECTION('',(0.,1.,0.));
#4185 = ORIENTED_EDGE('',*,*,#3096,.F.);
#4186 = ORIENTED_EDGE('',*,*,#4156,.F.);
#4187 = PLANE('',#4188);
#4188 = AXIS2_PLACEMENT_3D('',#4189,#4190,#4191);
#4189 = CARTESIAN_POINT('',(-100.2408779149,106.,26.984444444444));
#4190 = DIRECTION('',(-0.857306092282,-0.,-0.514807016402));
#4191 = DIRECTION('',(0.514807016402,0.,-0.857306092282));
#4192 = ADVANCED_FACE('',(#4193),#4211,.T.);
#4193 = FACE_BOUND('',#4194,.T.);
#4194 = EDGE_LOOP('',(#4195,#4203,#4209,#4210));
#4195 = ORIENTED_EDGE('',*,*,#4196,.T.);
#4196 = EDGE_CURVE('',#4173,#4197,#4199,.T.);
#4197 = VERTEX_POINT('',#4198);
#4198 = CARTESIAN_POINT('',(-100.8071330589,-8.,27.817777777778));
#4199 = LINE('',#4200,#4201);
#4200 = CARTESIAN_POINT('',(-100.4076817558,-8.,27.262222222222));
#4201 = VECTOR('',#4202,1.);
#4202 = DIRECTION('',(-0.583776486487,0.,0.811914412869));
#4203 = ORIENTED_EDGE('',*,*,#4204,.T.);
#4204 = EDGE_CURVE('',#4197,#3105,#4205,.T.);
#4205 = LINE('',#4206,#4207);
#4206 = CARTESIAN_POINT('',(-100.8071330589,24.,27.817777777778));
#4207 = VECTOR('',#4208,1.);
#4208 = DIRECTION('',(0.,1.,0.));
#4209 = ORIENTED_EDGE('',*,*,#3104,.F.);
#4210 = ORIENTED_EDGE('',*,*,#4180,.F.);
#4211 = PLANE('',#4212);
#4212 = AXIS2_PLACEMENT_3D('',#4213,#4214,#4215);
#4213 = CARTESIAN_POINT('',(-100.6074074074,106.,27.54));
#4214 = DIRECTION('',(-0.811914412869,-0.,-0.583776486487));
#4215 = DIRECTION('',(0.583776486487,0.,-0.811914412869));
#4216 = ADVANCED_FACE('',(#4217),#4235,.T.);
#4217 = FACE_BOUND('',#4218,.T.);
#4218 = EDGE_LOOP('',(#4219,#4227,#4233,#4234));
#4219 = ORIENTED_EDGE('',*,*,#4220,.T.);
#4220 = EDGE_CURVE('',#4197,#4221,#4223,.T.);
#4221 = VERTEX_POINT('',#4222);
#4222 = CARTESIAN_POINT('',(-101.2592592592,-8.,28.373333333333));
#4223 = LINE('',#4224,#4225);
#4224 = CARTESIAN_POINT('',(-100.8071330589,-8.,27.817777777778));
#4225 = VECTOR('',#4226,1.);
#4226 = DIRECTION('',(-0.631212461229,0.,0.77560997208));
#4227 = ORIENTED_EDGE('',*,*,#4228,.T.);
#4228 = EDGE_CURVE('',#4221,#3113,#4229,.T.);
#4229 = LINE('',#4230,#4231);
#4230 = CARTESIAN_POINT('',(-101.2592592592,24.,28.373333333333));
#4231 = VECTOR('',#4232,1.);
#4232 = DIRECTION('',(0.,1.,0.));
#4233 = ORIENTED_EDGE('',*,*,#3112,.F.);
#4234 = ORIENTED_EDGE('',*,*,#4204,.F.);
#4235 = PLANE('',#4236);
#4236 = AXIS2_PLACEMENT_3D('',#4237,#4238,#4239);
#4237 = CARTESIAN_POINT('',(-101.0331961591,106.,28.095555555556));
#4238 = DIRECTION('',(-0.77560997208,-0.,-0.631212461229));
#4239 = DIRECTION('',(0.631212461229,0.,-0.77560997208));
#4240 = ADVANCED_FACE('',(#4241),#4259,.T.);
#4241 = FACE_BOUND('',#4242,.T.);
#4242 = EDGE_LOOP('',(#4243,#4251,#4257,#4258));
#4243 = ORIENTED_EDGE('',*,*,#4244,.T.);
#4244 = EDGE_CURVE('',#4221,#4245,#4247,.T.);
#4245 = VERTEX_POINT('',#4246);
#4246 = CARTESIAN_POINT('',(-101.7508916323,-8.,28.928888888889));
#4247 = LINE('',#4248,#4249);
#4248 = CARTESIAN_POINT('',(-101.2592592592,-8.,28.373333333333));
#4249 = VECTOR('',#4250,1.);
#4250 = DIRECTION('',(-0.662709521533,0.,0.748876551956));
#4251 = ORIENTED_EDGE('',*,*,#4252,.T.);
#4252 = EDGE_CURVE('',#4245,#3121,#4253,.T.);
#4253 = LINE('',#4254,#4255);
#4254 = CARTESIAN_POINT('',(-101.7508916323,24.,28.928888888889));
#4255 = VECTOR('',#4256,1.);
#4256 = DIRECTION('',(0.,1.,0.));
#4257 = ORIENTED_EDGE('',*,*,#3120,.F.);
#4258 = ORIENTED_EDGE('',*,*,#4228,.F.);
#4259 = PLANE('',#4260);
#4260 = AXIS2_PLACEMENT_3D('',#4261,#4262,#4263);
#4261 = CARTESIAN_POINT('',(-101.5050754458,106.,28.651111111111));
#4262 = DIRECTION('',(-0.748876551956,-0.,-0.662709521533));
#4263 = DIRECTION('',(0.662709521533,0.,-0.748876551956));
#4264 = ADVANCED_FACE('',(#4265),#4283,.T.);
#4265 = FACE_BOUND('',#4266,.T.);
#4266 = EDGE_LOOP('',(#4267,#4275,#4281,#4282));
#4267 = ORIENTED_EDGE('',*,*,#4268,.T.);
#4268 = EDGE_CURVE('',#4245,#4269,#4271,.T.);
#4269 = VERTEX_POINT('',#4270);
#4270 = CARTESIAN_POINT('',(-102.268861454,-8.,29.484444444444));
#4271 = LINE('',#4272,#4273);
#4272 = CARTESIAN_POINT('',(-101.7508916323,-8.,28.928888888889));
#4273 = VECTOR('',#4274,1.);
#4274 = DIRECTION('',(-0.681932082106,0.,0.731415501199));
#4275 = ORIENTED_EDGE('',*,*,#4276,.T.);
#4276 = EDGE_CURVE('',#4269,#3129,#4277,.T.);
#4277 = LINE('',#4278,#4279);
#4278 = CARTESIAN_POINT('',(-102.268861454,24.,29.484444444444));
#4279 = VECTOR('',#4280,1.);
#4280 = DIRECTION('',(0.,1.,0.));
#4281 = ORIENTED_EDGE('',*,*,#3128,.F.);
#4282 = ORIENTED_EDGE('',*,*,#4252,.F.);
#4283 = PLANE('',#4284);
#4284 = AXIS2_PLACEMENT_3D('',#4285,#4286,#4287);
#4285 = CARTESIAN_POINT('',(-102.0098765432,106.,29.206666666667));
#4286 = DIRECTION('',(-0.731415501199,-0.,-0.681932082106));
#4287 = DIRECTION('',(0.681932082106,0.,-0.731415501199));
#4288 = ADVANCED_FACE('',(#4289),#4307,.T.);
#4289 = FACE_BOUND('',#4290,.T.);
#4290 = EDGE_LOOP('',(#4291,#4292,#4300,#4306));
#4291 = ORIENTED_EDGE('',*,*,#4276,.F.);
#4292 = ORIENTED_EDGE('',*,*,#4293,.T.);
#4293 = EDGE_CURVE('',#4269,#4294,#4296,.T.);
#4294 = VERTEX_POINT('',#4295);
#4295 = CARTESIAN_POINT('',(-103.3311385459,-8.,30.595555555556));
#4296 = LINE('',#4297,#4298);
#4297 = CARTESIAN_POINT('',(-102.8,-8.,30.04));
#4298 = VECTOR('',#4299,1.);
#4299 = DIRECTION('',(-0.691044328918,0.,0.722812379162));
#4300 = ORIENTED_EDGE('',*,*,#4301,.T.);
#4301 = EDGE_CURVE('',#4294,#3137,#4302,.T.);
#4302 = LINE('',#4303,#4304);
#4303 = CARTESIAN_POINT('',(-103.3311385459,24.,30.595555555556));
#4304 = VECTOR('',#4305,1.);
#4305 = DIRECTION('',(0.,1.,0.));
#4306 = ORIENTED_EDGE('',*,*,#3136,.F.);
#4307 = PLANE('',#4308);
#4308 = AXIS2_PLACEMENT_3D('',#4309,#4310,#4311);
#4309 = CARTESIAN_POINT('',(-102.8,106.,30.04));
#4310 = DIRECTION('',(-0.722812379162,-0.,-0.691044328918));
#4311 = DIRECTION('',(0.691044328918,0.,-0.722812379162));
#4312 = ADVANCED_FACE('',(#4313),#4331,.T.);
#4313 = FACE_BOUND('',#4314,.T.);
#4314 = EDGE_LOOP('',(#4315,#4316,#4324,#4330));
#4315 = ORIENTED_EDGE('',*,*,#4301,.F.);
#4316 = ORIENTED_EDGE('',*,*,#4317,.T.);
#4317 = EDGE_CURVE('',#4294,#4318,#4320,.T.);
#4318 = VERTEX_POINT('',#4319);
#4319 = CARTESIAN_POINT('',(-103.8491083676,-8.,31.151111111111));
#4320 = LINE('',#4321,#4322);
#4321 = CARTESIAN_POINT('',(-103.3311385459,-8.,30.595555555556));
#4322 = VECTOR('',#4323,1.);
#4323 = DIRECTION('',(-0.681932082106,0.,0.731415501199));
#4324 = ORIENTED_EDGE('',*,*,#4325,.T.);
#4325 = EDGE_CURVE('',#4318,#3145,#4326,.T.);
#4326 = LINE('',#4327,#4328);
#4327 = CARTESIAN_POINT('',(-103.8491083676,24.,31.151111111111));
#4328 = VECTOR('',#4329,1.);
#4329 = DIRECTION('',(0.,1.,0.));
#4330 = ORIENTED_EDGE('',*,*,#3144,.F.);
#4331 = PLANE('',#4332);
#4332 = AXIS2_PLACEMENT_3D('',#4333,#4334,#4335);
#4333 = CARTESIAN_POINT('',(-103.5901234567,106.,30.873333333333));
#4334 = DIRECTION('',(-0.731415501199,-0.,-0.681932082106));
#4335 = DIRECTION('',(0.681932082106,0.,-0.731415501199));
#4336 = ADVANCED_FACE('',(#4337),#4355,.T.);
#4337 = FACE_BOUND('',#4338,.T.);
#4338 = EDGE_LOOP('',(#4339,#4340,#4348,#4354));
#4339 = ORIENTED_EDGE('',*,*,#4325,.F.);
#4340 = ORIENTED_EDGE('',*,*,#4341,.T.);
#4341 = EDGE_CURVE('',#4318,#4342,#4344,.T.);
#4342 = VERTEX_POINT('',#4343);
#4343 = CARTESIAN_POINT('',(-104.3407407407,-8.,31.706666666667));
#4344 = LINE('',#4345,#4346);
#4345 = CARTESIAN_POINT('',(-103.8491083676,-8.,31.151111111111));
#4346 = VECTOR('',#4347,1.);
#4347 = DIRECTION('',(-0.662709521533,0.,0.748876551956));
#4348 = ORIENTED_EDGE('',*,*,#4349,.T.);
#4349 = EDGE_CURVE('',#4342,#3153,#4350,.T.);
#4350 = LINE('',#4351,#4352);
#4351 = CARTESIAN_POINT('',(-104.3407407407,24.,31.706666666667));
#4352 = VECTOR('',#4353,1.);
#4353 = DIRECTION('',(0.,1.,0.));
#4354 = ORIENTED_EDGE('',*,*,#3152,.F.);
#4355 = PLANE('',#4356);
#4356 = AXIS2_PLACEMENT_3D('',#4357,#4358,#4359);
#4357 = CARTESIAN_POINT('',(-104.0949245541,106.,31.428888888889));
#4358 = DIRECTION('',(-0.748876551956,-0.,-0.662709521533));
#4359 = DIRECTION('',(0.662709521533,0.,-0.748876551956));
#4360 = ADVANCED_FACE('',(#4361),#4379,.T.);
#4361 = FACE_BOUND('',#4362,.T.);
#4362 = EDGE_LOOP('',(#4363,#4364,#4372,#4378));
#4363 = ORIENTED_EDGE('',*,*,#4349,.F.);
#4364 = ORIENTED_EDGE('',*,*,#4365,.T.);
#4365 = EDGE_CURVE('',#4342,#4366,#4368,.T.);
#4366 = VERTEX_POINT('',#4367);
#4367 = CARTESIAN_POINT('',(-104.792866941,-8.,32.262222222222));
#4368 = LINE('',#4369,#4370);
#4369 = CARTESIAN_POINT('',(-104.3407407407,-8.,31.706666666667));
#4370 = VECTOR('',#4371,1.);
#4371 = DIRECTION('',(-0.631212461229,0.,0.77560997208));
#4372 = ORIENTED_EDGE('',*,*,#4373,.T.);
#4373 = EDGE_CURVE('',#4366,#3161,#4374,.T.);
#4374 = LINE('',#4375,#4376);
#4375 = CARTESIAN_POINT('',(-104.792866941,24.,32.262222222222));
#4376 = VECTOR('',#4377,1.);
#4377 = DIRECTION('',(0.,1.,0.));
#4378 = ORIENTED_EDGE('',*,*,#3160,.F.);
#4379 = PLANE('',#4380);
#4380 = AXIS2_PLACEMENT_3D('',#4381,#4382,#4383);
#4381 = CARTESIAN_POINT('',(-104.5668038408,106.,31.984444444444));
#4382 = DIRECTION('',(-0.77560997208,-0.,-0.631212461229));
#4383 = DIRECTION('',(0.631212461229,0.,-0.77560997208));
#4384 = ADVANCED_FACE('',(#4385),#4403,.T.);
#4385 = FACE_BOUND('',#4386,.T.);
#4386 = EDGE_LOOP('',(#4387,#4388,#4396,#4402));
#4387 = ORIENTED_EDGE('',*,*,#4373,.F.);
#4388 = ORIENTED_EDGE('',*,*,#4389,.T.);
#4389 = EDGE_CURVE('',#4366,#4390,#4392,.T.);
#4390 = VERTEX_POINT('',#4391);
#4391 = CARTESIAN_POINT('',(-105.1923182441,-8.,32.817777777778));
#4392 = LINE('',#4393,#4394);
#4393 = CARTESIAN_POINT('',(-104.792866941,-8.,32.262222222222));
#4394 = VECTOR('',#4395,1.);
#4395 = DIRECTION('',(-0.583776486487,0.,0.811914412869));
#4396 = ORIENTED_EDGE('',*,*,#4397,.T.);
#4397 = EDGE_CURVE('',#4390,#3169,#4398,.T.);
#4398 = LINE('',#4399,#4400);
#4399 = CARTESIAN_POINT('',(-105.1923182441,24.,32.817777777778));
#4400 = VECTOR('',#4401,1.);
#4401 = DIRECTION('',(0.,1.,0.));
#4402 = ORIENTED_EDGE('',*,*,#3168,.F.);
#4403 = PLANE('',#4404);
#4404 = AXIS2_PLACEMENT_3D('',#4405,#4406,#4407);
#4405 = CARTESIAN_POINT('',(-104.9925925925,106.,32.54));
#4406 = DIRECTION('',(-0.811914412869,-0.,-0.583776486487));
#4407 = DIRECTION('',(0.583776486487,0.,-0.811914412869));
#4408 = ADVANCED_FACE('',(#4409),#4427,.T.);
#4409 = FACE_BOUND('',#4410,.T.);
#4410 = EDGE_LOOP('',(#4411,#4412,#4420,#4426));
#4411 = ORIENTED_EDGE('',*,*,#4397,.F.);
#4412 = ORIENTED_EDGE('',*,*,#4413,.T.);
#4413 = EDGE_CURVE('',#4390,#4414,#4416,.T.);
#4414 = VERTEX_POINT('',#4415);
#4415 = CARTESIAN_POINT('',(-105.5259259259,-8.,33.373333333333));
#4416 = LINE('',#4417,#4418);
#4417 = CARTESIAN_POINT('',(-105.1923182441,-8.,32.817777777778));
#4418 = VECTOR('',#4419,1.);
#4419 = DIRECTION('',(-0.514807016402,0.,0.857306092282));
#4420 = ORIENTED_EDGE('',*,*,#4421,.T.);
#4421 = EDGE_CURVE('',#4414,#3177,#4422,.T.);
#4422 = LINE('',#4423,#4424);
#4423 = CARTESIAN_POINT('',(-105.5259259259,24.,33.373333333333));
#4424 = VECTOR('',#4425,1.);
#4425 = DIRECTION('',(0.,1.,0.));
#4426 = ORIENTED_EDGE('',*,*,#3176,.F.);
#4427 = PLANE('',#4428);
#4428 = AXIS2_PLACEMENT_3D('',#4429,#4430,#4431);
#4429 = CARTESIAN_POINT('',(-105.359122085,106.,33.095555555556));
#4430 = DIRECTION('',(-0.857306092282,-0.,-0.514807016402));
#4431 = DIRECTION('',(0.514807016402,0.,-0.857306092282));
#4432 = ADVANCED_FACE('',(#4433),#4451,.T.);
#4433 = FACE_BOUND('',#4434,.T.);
#4434 = EDGE_LOOP('',(#4435,#4436,#4444,#4450));
#4435 = ORIENTED_EDGE('',*,*,#4421,.F.);
#4436 = ORIENTED_EDGE('',*,*,#4437,.T.);
#4437 = EDGE_CURVE('',#4414,#4438,#4440,.T.);
#4438 = VERTEX_POINT('',#4439);
#4439 = CARTESIAN_POINT('',(-105.780521262,-8.,33.928888888889));
#4440 = LINE('',#4441,#4442);
#4441 = CARTESIAN_POINT('',(-105.5259259259,-8.,33.373333333333));
#4442 = VECTOR('',#4443,1.);
#4443 = DIRECTION('',(-0.416608335402,0.,0.909086076713));
#4444 = ORIENTED_EDGE('',*,*,#4445,.T.);
#4445 = EDGE_CURVE('',#4438,#3185,#4446,.T.);
#4446 = LINE('',#4447,#4448);
#4447 = CARTESIAN_POINT('',(-105.780521262,24.,33.928888888889));
#4448 = VECTOR('',#4449,1.);
#4449 = DIRECTION('',(0.,1.,0.));
#4450 = ORIENTED_EDGE('',*,*,#3184,.F.);
#4451 = PLANE('',#4452);
#4452 = AXIS2_PLACEMENT_3D('',#4453,#4454,#4455);
#4453 = CARTESIAN_POINT('',(-105.6532235939,106.,33.651111111111));
#4454 = DIRECTION('',(-0.909086076713,-0.,-0.416608335402));
#4455 = DIRECTION('',(0.416608335402,0.,-0.909086076713));
#4456 = ADVANCED_FACE('',(#4457),#4468,.T.);
#4457 = FACE_BOUND('',#4458,.T.);
#4458 = EDGE_LOOP('',(#4459,#4460,#4466,#4467));
#4459 = ORIENTED_EDGE('',*,*,#4445,.F.);
#4460 = ORIENTED_EDGE('',*,*,#4461,.T.);
#4461 = EDGE_CURVE('',#4438,#2929,#4462,.T.);
#4462 = LINE('',#4463,#4464);
#4463 = CARTESIAN_POINT('',(-105.780521262,-8.,33.928888888889));
#4464 = VECTOR('',#4465,1.);
#4465 = DIRECTION('',(-0.280600582118,0.,0.959824626333));
#4466 = ORIENTED_EDGE('',*,*,#2928,.T.);
#4467 = ORIENTED_EDGE('',*,*,#3192,.F.);
#4468 = PLANE('',#4469);
#4469 = AXIS2_PLACEMENT_3D('',#4470,#4471,#4472);
#4470 = CARTESIAN_POINT('',(-105.861728395,106.,34.206666666667));
#4471 = DIRECTION('',(-0.959824626333,-0.,-0.280600582118));
#4472 = DIRECTION('',(0.280600582118,0.,-0.959824626333));
#4473 = ADVANCED_FACE('',(#4474),#4492,.T.);
#4474 = FACE_BOUND('',#4475,.T.);
#4475 = EDGE_LOOP('',(#4476,#4477,#4485,#4491));
#4476 = ORIENTED_EDGE('',*,*,#2549,.F.);
#4477 = ORIENTED_EDGE('',*,*,#4478,.F.);
#4478 = EDGE_CURVE('',#4479,#2542,#4481,.T.);
#4479 = VERTEX_POINT('',#4480);
#4480 = CARTESIAN_POINT('',(-74.,-8.,35.04));
#4481 = LINE('',#4482,#4483);
#4482 = CARTESIAN_POINT('',(-74.,-8.,35.04));
#4483 = VECTOR('',#4484,1.);
#4484 = DIRECTION('',(0.,0.,1.));
#4485 = ORIENTED_EDGE('',*,*,#4486,.T.);
#4486 = EDGE_CURVE('',#4479,#1637,#4487,.T.);
#4487 = LINE('',#4488,#4489);
#4488 = CARTESIAN_POINT('',(-74.,-8.,35.04));
#4489 = VECTOR('',#4490,1.);
#4490 = DIRECTION('',(-0.,1.,0.));
#4491 = ORIENTED_EDGE('',*,*,#1636,.T.);
#4492 = PLANE('',#4493);
#4493 = AXIS2_PLACEMENT_3D('',#4494,#4495,#4496);
#4494 = CARTESIAN_POINT('',(-74.,104.,37.29));
#4495 = DIRECTION('',(1.,0.,0.));
#4496 = DIRECTION('',(-0.,0.,1.));
#4497 = ADVANCED_FACE('',(#4498),#4516,.T.);
#4498 = FACE_BOUND('',#4499,.T.);
#4499 = EDGE_LOOP('',(#4500,#4501,#4509,#4515));
#4500 = ORIENTED_EDGE('',*,*,#4486,.F.);
#4501 = ORIENTED_EDGE('',*,*,#4502,.F.);
#4502 = EDGE_CURVE('',#4503,#4479,#4505,.T.);
#4503 = VERTEX_POINT('',#4504);
#4504 = CARTESIAN_POINT('',(-74.05706447187,-8.,34.484444444444));
#4505 = LINE('',#4506,#4507);
#4506 = CARTESIAN_POINT('',(-74.05706447187,-8.,34.484444444444));
#4507 = VECTOR('',#4508,1.);
#4508 = DIRECTION('',(0.102178442416,0.,0.994766086025));
#4509 = ORIENTED_EDGE('',*,*,#4510,.T.);
#4510 = EDGE_CURVE('',#4503,#1645,#4511,.T.);
#4511 = LINE('',#4512,#4513);
#4512 = CARTESIAN_POINT('',(-74.05706447187,-8.,34.484444444444));
#4513 = VECTOR('',#4514,1.);
#4514 = DIRECTION('',(0.,1.,0.));
#4515 = ORIENTED_EDGE('',*,*,#1644,.T.);
#4516 = PLANE('',#4517);
#4517 = AXIS2_PLACEMENT_3D('',#4518,#4519,#4520);
#4518 = CARTESIAN_POINT('',(-74.02853223594,106.,34.762222222222));
#4519 = DIRECTION('',(0.994766086025,0.,-0.102178442416));
#4520 = DIRECTION('',(0.102178442416,0.,0.994766086025));
#4521 = ADVANCED_FACE('',(#4522),#4540,.T.);
#4522 = FACE_BOUND('',#4523,.T.);
#4523 = EDGE_LOOP('',(#4524,#4525,#4533,#4539));
#4524 = ORIENTED_EDGE('',*,*,#4510,.F.);
#4525 = ORIENTED_EDGE('',*,*,#4526,.F.);
#4526 = EDGE_CURVE('',#4527,#4503,#4529,.T.);
#4527 = VERTEX_POINT('',#4528);
#4528 = CARTESIAN_POINT('',(-74.21947873799,-8.,33.928888888889));
#4529 = LINE('',#4530,#4531);
#4530 = CARTESIAN_POINT('',(-74.21947873799,-8.,33.928888888889));
#4531 = VECTOR('',#4532,1.);
#4532 = DIRECTION('',(0.280600582118,0.,0.959824626333));
#4533 = ORIENTED_EDGE('',*,*,#4534,.T.);
#4534 = EDGE_CURVE('',#4527,#1653,#4535,.T.);
#4535 = LINE('',#4536,#4537);
#4536 = CARTESIAN_POINT('',(-74.21947873799,24.,33.928888888889));
#4537 = VECTOR('',#4538,1.);
#4538 = DIRECTION('',(0.,1.,0.));
#4539 = ORIENTED_EDGE('',*,*,#1652,.T.);
#4540 = PLANE('',#4541);
#4541 = AXIS2_PLACEMENT_3D('',#4542,#4543,#4544);
#4542 = CARTESIAN_POINT('',(-74.13827160493,106.,34.206666666667));
#4543 = DIRECTION('',(0.959824626333,0.,-0.280600582118));
#4544 = DIRECTION('',(0.280600582118,0.,0.959824626333));
#4545 = ADVANCED_FACE('',(#4546),#4564,.T.);
#4546 = FACE_BOUND('',#4547,.T.);
#4547 = EDGE_LOOP('',(#4548,#4549,#4557,#4563));
#4548 = ORIENTED_EDGE('',*,*,#4534,.F.);
#4549 = ORIENTED_EDGE('',*,*,#4550,.F.);
#4550 = EDGE_CURVE('',#4551,#4527,#4553,.T.);
#4551 = VERTEX_POINT('',#4552);
#4552 = CARTESIAN_POINT('',(-74.47407407407,-8.,33.373333333333));
#4553 = LINE('',#4554,#4555);
#4554 = CARTESIAN_POINT('',(-74.47407407407,-8.,33.373333333333));
#4555 = VECTOR('',#4556,1.);
#4556 = DIRECTION('',(0.416608335402,0.,0.909086076713));
#4557 = ORIENTED_EDGE('',*,*,#4558,.T.);
#4558 = EDGE_CURVE('',#4551,#1661,#4559,.T.);
#4559 = LINE('',#4560,#4561);
#4560 = CARTESIAN_POINT('',(-74.47407407407,24.,33.373333333333));
#4561 = VECTOR('',#4562,1.);
#4562 = DIRECTION('',(0.,1.,0.));
#4563 = ORIENTED_EDGE('',*,*,#1660,.T.);
#4564 = PLANE('',#4565);
#4565 = AXIS2_PLACEMENT_3D('',#4566,#4567,#4568);
#4566 = CARTESIAN_POINT('',(-74.34677640603,106.,33.651111111111));
#4567 = DIRECTION('',(0.909086076713,0.,-0.416608335402));
#4568 = DIRECTION('',(0.416608335402,0.,0.909086076713));
#4569 = ADVANCED_FACE('',(#4570),#4588,.T.);
#4570 = FACE_BOUND('',#4571,.T.);
#4571 = EDGE_LOOP('',(#4572,#4573,#4581,#4587));
#4572 = ORIENTED_EDGE('',*,*,#4558,.F.);
#4573 = ORIENTED_EDGE('',*,*,#4574,.F.);
#4574 = EDGE_CURVE('',#4575,#4551,#4577,.T.);
#4575 = VERTEX_POINT('',#4576);
#4576 = CARTESIAN_POINT('',(-74.80768175583,-8.,32.817777777778));
#4577 = LINE('',#4578,#4579);
#4578 = CARTESIAN_POINT('',(-74.80768175583,-8.,32.817777777778));
#4579 = VECTOR('',#4580,1.);
#4580 = DIRECTION('',(0.514807016402,0.,0.857306092282));
#4581 = ORIENTED_EDGE('',*,*,#4582,.T.);
#4582 = EDGE_CURVE('',#4575,#1669,#4583,.T.);
#4583 = LINE('',#4584,#4585);
#4584 = CARTESIAN_POINT('',(-74.80768175583,24.,32.817777777778));
#4585 = VECTOR('',#4586,1.);
#4586 = DIRECTION('',(0.,1.,0.));
#4587 = ORIENTED_EDGE('',*,*,#1668,.T.);
#4588 = PLANE('',#4589);
#4589 = AXIS2_PLACEMENT_3D('',#4590,#4591,#4592);
#4590 = CARTESIAN_POINT('',(-74.64087791495,106.,33.095555555556));
#4591 = DIRECTION('',(0.857306092282,0.,-0.514807016402));
#4592 = DIRECTION('',(0.514807016402,0.,0.857306092282));
#4593 = ADVANCED_FACE('',(#4594),#4612,.T.);
#4594 = FACE_BOUND('',#4595,.T.);
#4595 = EDGE_LOOP('',(#4596,#4597,#4605,#4611));
#4596 = ORIENTED_EDGE('',*,*,#4582,.F.);
#4597 = ORIENTED_EDGE('',*,*,#4598,.F.);
#4598 = EDGE_CURVE('',#4599,#4575,#4601,.T.);
#4599 = VERTEX_POINT('',#4600);
#4600 = CARTESIAN_POINT('',(-75.20713305898,-8.,32.262222222222));
#4601 = LINE('',#4602,#4603);
#4602 = CARTESIAN_POINT('',(-75.20713305898,-8.,32.262222222222));
#4603 = VECTOR('',#4604,1.);
#4604 = DIRECTION('',(0.583776486487,0.,0.811914412869));
#4605 = ORIENTED_EDGE('',*,*,#4606,.T.);
#4606 = EDGE_CURVE('',#4599,#1677,#4607,.T.);
#4607 = LINE('',#4608,#4609);
#4608 = CARTESIAN_POINT('',(-75.20713305898,24.,32.262222222222));
#4609 = VECTOR('',#4610,1.);
#4610 = DIRECTION('',(0.,1.,0.));
#4611 = ORIENTED_EDGE('',*,*,#1676,.T.);
#4612 = PLANE('',#4613);
#4613 = AXIS2_PLACEMENT_3D('',#4614,#4615,#4616);
#4614 = CARTESIAN_POINT('',(-75.0074074074,106.,32.54));
#4615 = DIRECTION('',(0.811914412869,0.,-0.583776486487));
#4616 = DIRECTION('',(0.583776486487,0.,0.811914412869));
#4617 = ADVANCED_FACE('',(#4618),#4636,.T.);
#4618 = FACE_BOUND('',#4619,.T.);
#4619 = EDGE_LOOP('',(#4620,#4621,#4629,#4635));
#4620 = ORIENTED_EDGE('',*,*,#4606,.F.);
#4621 = ORIENTED_EDGE('',*,*,#4622,.F.);
#4622 = EDGE_CURVE('',#4623,#4599,#4625,.T.);
#4623 = VERTEX_POINT('',#4624);
#4624 = CARTESIAN_POINT('',(-75.65925925925,-8.,31.706666666667));
#4625 = LINE('',#4626,#4627);
#4626 = CARTESIAN_POINT('',(-75.65925925925,-8.,31.706666666667));
#4627 = VECTOR('',#4628,1.);
#4628 = DIRECTION('',(0.631212461229,0.,0.77560997208));
#4629 = ORIENTED_EDGE('',*,*,#4630,.T.);
#4630 = EDGE_CURVE('',#4623,#1685,#4631,.T.);
#4631 = LINE('',#4632,#4633);
#4632 = CARTESIAN_POINT('',(-75.65925925925,24.,31.706666666667));
#4633 = VECTOR('',#4634,1.);
#4634 = DIRECTION('',(0.,1.,0.));
#4635 = ORIENTED_EDGE('',*,*,#1684,.T.);
#4636 = PLANE('',#4637);
#4637 = AXIS2_PLACEMENT_3D('',#4638,#4639,#4640);
#4638 = CARTESIAN_POINT('',(-75.43319615912,106.,31.984444444444));
#4639 = DIRECTION('',(0.77560997208,0.,-0.631212461229));
#4640 = DIRECTION('',(0.631212461229,0.,0.77560997208));
#4641 = ADVANCED_FACE('',(#4642),#4660,.T.);
#4642 = FACE_BOUND('',#4643,.T.);
#4643 = EDGE_LOOP('',(#4644,#4645,#4653,#4659));
#4644 = ORIENTED_EDGE('',*,*,#4630,.F.);
#4645 = ORIENTED_EDGE('',*,*,#4646,.F.);
#4646 = EDGE_CURVE('',#4647,#4623,#4649,.T.);
#4647 = VERTEX_POINT('',#4648);
#4648 = CARTESIAN_POINT('',(-76.15089163237,-8.,31.151111111111));
#4649 = LINE('',#4650,#4651);
#4650 = CARTESIAN_POINT('',(-76.15089163237,-8.,31.151111111111));
#4651 = VECTOR('',#4652,1.);
#4652 = DIRECTION('',(0.662709521533,0.,0.748876551956));
#4653 = ORIENTED_EDGE('',*,*,#4654,.T.);
#4654 = EDGE_CURVE('',#4647,#1693,#4655,.T.);
#4655 = LINE('',#4656,#4657);
#4656 = CARTESIAN_POINT('',(-76.15089163237,24.,31.151111111111));
#4657 = VECTOR('',#4658,1.);
#4658 = DIRECTION('',(0.,1.,0.));
#4659 = ORIENTED_EDGE('',*,*,#1692,.T.);
#4660 = PLANE('',#4661);
#4661 = AXIS2_PLACEMENT_3D('',#4662,#4663,#4664);
#4662 = CARTESIAN_POINT('',(-75.90507544581,106.,31.428888888889));
#4663 = DIRECTION('',(0.748876551956,0.,-0.662709521533));
#4664 = DIRECTION('',(0.662709521533,0.,0.748876551956));
#4665 = ADVANCED_FACE('',(#4666),#4684,.T.);
#4666 = FACE_BOUND('',#4667,.T.);
#4667 = EDGE_LOOP('',(#4668,#4669,#4677,#4683));
#4668 = ORIENTED_EDGE('',*,*,#4654,.F.);
#4669 = ORIENTED_EDGE('',*,*,#4670,.F.);
#4670 = EDGE_CURVE('',#4671,#4647,#4673,.T.);
#4671 = VERTEX_POINT('',#4672);
#4672 = CARTESIAN_POINT('',(-76.66886145404,-8.,30.595555555556));
#4673 = LINE('',#4674,#4675);
#4674 = CARTESIAN_POINT('',(-76.66886145404,-8.,30.595555555556));
#4675 = VECTOR('',#4676,1.);
#4676 = DIRECTION('',(0.681932082106,0.,0.731415501199));
#4677 = ORIENTED_EDGE('',*,*,#4678,.T.);
#4678 = EDGE_CURVE('',#4671,#1701,#4679,.T.);
#4679 = LINE('',#4680,#4681);
#4680 = CARTESIAN_POINT('',(-76.66886145404,24.,30.595555555556));
#4681 = VECTOR('',#4682,1.);
#4682 = DIRECTION('',(0.,1.,0.));
#4683 = ORIENTED_EDGE('',*,*,#1700,.T.);
#4684 = PLANE('',#4685);
#4685 = AXIS2_PLACEMENT_3D('',#4686,#4687,#4688);
#4686 = CARTESIAN_POINT('',(-76.40987654321,106.,30.873333333333));
#4687 = DIRECTION('',(0.731415501199,0.,-0.681932082106));
#4688 = DIRECTION('',(0.681932082106,0.,0.731415501199));
#4689 = ADVANCED_FACE('',(#4690),#4708,.T.);
#4690 = FACE_BOUND('',#4691,.T.);
#4691 = EDGE_LOOP('',(#4692,#4693,#4701,#4707));
#4692 = ORIENTED_EDGE('',*,*,#4678,.F.);
#4693 = ORIENTED_EDGE('',*,*,#4694,.F.);
#4694 = EDGE_CURVE('',#4695,#4671,#4697,.T.);
#4695 = VERTEX_POINT('',#4696);
#4696 = CARTESIAN_POINT('',(-77.73113854595,-8.,29.484444444444));
#4697 = LINE('',#4698,#4699);
#4698 = CARTESIAN_POINT('',(-77.73113854595,-8.,29.484444444444));
#4699 = VECTOR('',#4700,1.);
#4700 = DIRECTION('',(0.691044328918,0.,0.722812379162));
#4701 = ORIENTED_EDGE('',*,*,#4702,.T.);
#4702 = EDGE_CURVE('',#4695,#1709,#4703,.T.);
#4703 = LINE('',#4704,#4705);
#4704 = CARTESIAN_POINT('',(-77.73113854595,24.,29.484444444444));
#4705 = VECTOR('',#4706,1.);
#4706 = DIRECTION('',(0.,1.,0.));
#4707 = ORIENTED_EDGE('',*,*,#1708,.T.);
#4708 = PLANE('',#4709);
#4709 = AXIS2_PLACEMENT_3D('',#4710,#4711,#4712);
#4710 = CARTESIAN_POINT('',(-77.2,106.,30.04));
#4711 = DIRECTION('',(0.722812379162,0.,-0.691044328918));
#4712 = DIRECTION('',(0.691044328918,0.,0.722812379162));
#4713 = ADVANCED_FACE('',(#4714),#4748,.T.);
#4714 = FACE_BOUND('',#4715,.T.);
#4715 = EDGE_LOOP('',(#4716,#4717,#4725,#4733,#4741,#4747));
#4716 = ORIENTED_EDGE('',*,*,#4702,.F.);
#4717 = ORIENTED_EDGE('',*,*,#4718,.F.);
#4718 = EDGE_CURVE('',#4719,#4695,#4721,.T.);
#4719 = VERTEX_POINT('',#4720);
#4720 = CARTESIAN_POINT('',(-78.24910836762,-8.,28.928888888889));
#4721 = LINE('',#4722,#4723);
#4722 = CARTESIAN_POINT('',(-78.24910836762,-8.,28.928888888889));
#4723 = VECTOR('',#4724,1.);
#4724 = DIRECTION('',(0.681932082106,0.,0.731415501199));
#4725 = ORIENTED_EDGE('',*,*,#4726,.T.);
#4726 = EDGE_CURVE('',#4719,#4727,#4729,.T.);
#4727 = VERTEX_POINT('',#4728);
#4728 = CARTESIAN_POINT('',(-78.24910836762,220.,28.928888888889));
#4729 = LINE('',#4730,#4731);
#4730 = CARTESIAN_POINT('',(-78.24910836762,24.,28.928888888889));
#4731 = VECTOR('',#4732,1.);
#4732 = DIRECTION('',(0.,1.,0.));
#4733 = ORIENTED_EDGE('',*,*,#4734,.T.);
#4734 = EDGE_CURVE('',#4727,#4735,#4737,.T.);
#4735 = VERTEX_POINT('',#4736);
#4736 = CARTESIAN_POINT('',(-78.,220.,29.196073446328));
#4737 = LINE('',#4738,#4739);
#4738 = CARTESIAN_POINT('',(-78.24910836762,220.,28.928888888889));
#4739 = VECTOR('',#4740,1.);
#4740 = DIRECTION('',(0.681932082106,0.,0.731415501199));
#4741 = ORIENTED_EDGE('',*,*,#4742,.F.);
#4742 = EDGE_CURVE('',#1717,#4735,#4743,.T.);
#4743 = LINE('',#4744,#4745);
#4744 = CARTESIAN_POINT('',(-78.,159.48212792774,29.196073446328));
#4745 = VECTOR('',#4746,1.);
#4746 = DIRECTION('',(-0.,1.,0.));
#4747 = ORIENTED_EDGE('',*,*,#1716,.T.);
#4748 = PLANE('',#4749);
#4749 = AXIS2_PLACEMENT_3D('',#4750,#4751,#4752);
#4750 = CARTESIAN_POINT('',(-77.99012345679,106.,29.206666666667));
#4751 = DIRECTION('',(0.731415501199,0.,-0.681932082106));
#4752 = DIRECTION('',(0.681932082106,0.,0.731415501199));
#4753 = ADVANCED_FACE('',(#4754),#4779,.T.);
#4754 = FACE_BOUND('',#4755,.T.);
#4755 = EDGE_LOOP('',(#4756,#4757,#4765,#4773));
#4756 = ORIENTED_EDGE('',*,*,#4726,.F.);
#4757 = ORIENTED_EDGE('',*,*,#4758,.F.);
#4758 = EDGE_CURVE('',#4759,#4719,#4761,.T.);
#4759 = VERTEX_POINT('',#4760);
#4760 = CARTESIAN_POINT('',(-78.74074074074,-8.,28.373333333333));
#4761 = LINE('',#4762,#4763);
#4762 = CARTESIAN_POINT('',(-78.74074074074,-8.,28.373333333333));
#4763 = VECTOR('',#4764,1.);
#4764 = DIRECTION('',(0.662709521533,0.,0.748876551956));
#4765 = ORIENTED_EDGE('',*,*,#4766,.T.);
#4766 = EDGE_CURVE('',#4759,#4767,#4769,.T.);
#4767 = VERTEX_POINT('',#4768);
#4768 = CARTESIAN_POINT('',(-78.74074074074,220.,28.373333333333));
#4769 = LINE('',#4770,#4771);
#4770 = CARTESIAN_POINT('',(-78.74074074074,24.,28.373333333333));
#4771 = VECTOR('',#4772,1.);
#4772 = DIRECTION('',(0.,1.,0.));
#4773 = ORIENTED_EDGE('',*,*,#4774,.T.);
#4774 = EDGE_CURVE('',#4767,#4727,#4775,.T.);
#4775 = LINE('',#4776,#4777);
#4776 = CARTESIAN_POINT('',(-78.74074074074,220.,28.373333333333));
#4777 = VECTOR('',#4778,1.);
#4778 = DIRECTION('',(0.662709521533,0.,0.748876551956));
#4779 = PLANE('',#4780);
#4780 = AXIS2_PLACEMENT_3D('',#4781,#4782,#4783);
#4781 = CARTESIAN_POINT('',(-78.49492455418,106.,28.651111111111));
#4782 = DIRECTION('',(0.748876551956,0.,-0.662709521533));
#4783 = DIRECTION('',(0.662709521533,0.,0.748876551956));
#4784 = ADVANCED_FACE('',(#4785),#4810,.T.);
#4785 = FACE_BOUND('',#4786,.T.);
#4786 = EDGE_LOOP('',(#4787,#4788,#4796,#4804));
#4787 = ORIENTED_EDGE('',*,*,#4766,.F.);
#4788 = ORIENTED_EDGE('',*,*,#4789,.F.);
#4789 = EDGE_CURVE('',#4790,#4759,#4792,.T.);
#4790 = VERTEX_POINT('',#4791);
#4791 = CARTESIAN_POINT('',(-79.19286694101,-8.,27.817777777778));
#4792 = LINE('',#4793,#4794);
#4793 = CARTESIAN_POINT('',(-79.19286694101,-8.,27.817777777778));
#4794 = VECTOR('',#4795,1.);
#4795 = DIRECTION('',(0.631212461229,0.,0.77560997208));
#4796 = ORIENTED_EDGE('',*,*,#4797,.T.);
#4797 = EDGE_CURVE('',#4790,#4798,#4800,.T.);
#4798 = VERTEX_POINT('',#4799);
#4799 = CARTESIAN_POINT('',(-79.19286694101,220.,27.817777777778));
#4800 = LINE('',#4801,#4802);
#4801 = CARTESIAN_POINT('',(-79.19286694101,24.,27.817777777778));
#4802 = VECTOR('',#4803,1.);
#4803 = DIRECTION('',(0.,1.,0.));
#4804 = ORIENTED_EDGE('',*,*,#4805,.T.);
#4805 = EDGE_CURVE('',#4798,#4767,#4806,.T.);
#4806 = LINE('',#4807,#4808);
#4807 = CARTESIAN_POINT('',(-79.19286694101,220.,27.817777777778));
#4808 = VECTOR('',#4809,1.);
#4809 = DIRECTION('',(0.631212461229,0.,0.77560997208));
#4810 = PLANE('',#4811);
#4811 = AXIS2_PLACEMENT_3D('',#4812,#4813,#4814);
#4812 = CARTESIAN_POINT('',(-78.96680384087,106.,28.095555555556));
#4813 = DIRECTION('',(0.77560997208,0.,-0.631212461229));
#4814 = DIRECTION('',(0.631212461229,0.,0.77560997208));
#4815 = ADVANCED_FACE('',(#4816),#4841,.T.);
#4816 = FACE_BOUND('',#4817,.T.);
#4817 = EDGE_LOOP('',(#4818,#4819,#4827,#4835));
#4818 = ORIENTED_EDGE('',*,*,#4797,.F.);
#4819 = ORIENTED_EDGE('',*,*,#4820,.F.);
#4820 = EDGE_CURVE('',#4821,#4790,#4823,.T.);
#4821 = VERTEX_POINT('',#4822);
#4822 = CARTESIAN_POINT('',(-79.59231824417,-8.,27.262222222222));
#4823 = LINE('',#4824,#4825);
#4824 = CARTESIAN_POINT('',(-79.59231824417,-8.,27.262222222222));
#4825 = VECTOR('',#4826,1.);
#4826 = DIRECTION('',(0.583776486487,0.,0.811914412869));
#4827 = ORIENTED_EDGE('',*,*,#4828,.T.);
#4828 = EDGE_CURVE('',#4821,#4829,#4831,.T.);
#4829 = VERTEX_POINT('',#4830);
#4830 = CARTESIAN_POINT('',(-79.59231824417,220.,27.262222222222));
#4831 = LINE('',#4832,#4833);
#4832 = CARTESIAN_POINT('',(-79.59231824417,24.,27.262222222222));
#4833 = VECTOR('',#4834,1.);
#4834 = DIRECTION('',(0.,1.,0.));
#4835 = ORIENTED_EDGE('',*,*,#4836,.T.);
#4836 = EDGE_CURVE('',#4829,#4798,#4837,.T.);
#4837 = LINE('',#4838,#4839);
#4838 = CARTESIAN_POINT('',(-79.59231824417,220.,27.262222222222));
#4839 = VECTOR('',#4840,1.);
#4840 = DIRECTION('',(0.583776486487,0.,0.811914412869));
#4841 = PLANE('',#4842);
#4842 = AXIS2_PLACEMENT_3D('',#4843,#4844,#4845);
#4843 = CARTESIAN_POINT('',(-79.39259259259,106.,27.54));
#4844 = DIRECTION('',(0.811914412869,0.,-0.583776486487));
#4845 = DIRECTION('',(0.583776486487,0.,0.811914412869));
#4846 = ADVANCED_FACE('',(#4847),#4872,.T.);
#4847 = FACE_BOUND('',#4848,.T.);
#4848 = EDGE_LOOP('',(#4849,#4850,#4858,#4866));
#4849 = ORIENTED_EDGE('',*,*,#4828,.F.);
#4850 = ORIENTED_EDGE('',*,*,#4851,.F.);
#4851 = EDGE_CURVE('',#4852,#4821,#4854,.T.);
#4852 = VERTEX_POINT('',#4853);
#4853 = CARTESIAN_POINT('',(-79.92592592592,-8.,26.706666666667));
#4854 = LINE('',#4855,#4856);
#4855 = CARTESIAN_POINT('',(-79.92592592592,-8.,26.706666666667));
#4856 = VECTOR('',#4857,1.);
#4857 = DIRECTION('',(0.514807016402,0.,0.857306092282));
#4858 = ORIENTED_EDGE('',*,*,#4859,.T.);
#4859 = EDGE_CURVE('',#4852,#4860,#4862,.T.);
#4860 = VERTEX_POINT('',#4861);
#4861 = CARTESIAN_POINT('',(-79.92592592592,220.,26.706666666667));
#4862 = LINE('',#4863,#4864);
#4863 = CARTESIAN_POINT('',(-79.92592592592,24.,26.706666666667));
#4864 = VECTOR('',#4865,1.);
#4865 = DIRECTION('',(0.,1.,0.));
#4866 = ORIENTED_EDGE('',*,*,#4867,.T.);
#4867 = EDGE_CURVE('',#4860,#4829,#4868,.T.);
#4868 = LINE('',#4869,#4870);
#4869 = CARTESIAN_POINT('',(-79.92592592592,220.,26.706666666667));
#4870 = VECTOR('',#4871,1.);
#4871 = DIRECTION('',(0.514807016402,0.,0.857306092282));
#4872 = PLANE('',#4873);
#4873 = AXIS2_PLACEMENT_3D('',#4874,#4875,#4876);
#4874 = CARTESIAN_POINT('',(-79.75912208504,106.,26.984444444444));
#4875 = DIRECTION('',(0.857306092282,0.,-0.514807016402));
#4876 = DIRECTION('',(0.514807016402,0.,0.857306092282));
#4877 = ADVANCED_FACE('',(#4878),#4903,.T.);
#4878 = FACE_BOUND('',#4879,.T.);
#4879 = EDGE_LOOP('',(#4880,#4881,#4889,#4897));
#4880 = ORIENTED_EDGE('',*,*,#4859,.F.);
#4881 = ORIENTED_EDGE('',*,*,#4882,.F.);
#4882 = EDGE_CURVE('',#4883,#4852,#4885,.T.);
#4883 = VERTEX_POINT('',#4884);
#4884 = CARTESIAN_POINT('',(-80.180521262,-8.,26.151111111111));
#4885 = LINE('',#4886,#4887);
#4886 = CARTESIAN_POINT('',(-80.180521262,-8.,26.151111111111));
#4887 = VECTOR('',#4888,1.);
#4888 = DIRECTION('',(0.416608335402,0.,0.909086076713));
#4889 = ORIENTED_EDGE('',*,*,#4890,.T.);
#4890 = EDGE_CURVE('',#4883,#4891,#4893,.T.);
#4891 = VERTEX_POINT('',#4892);
#4892 = CARTESIAN_POINT('',(-80.180521262,220.,26.151111111111));
#4893 = LINE('',#4894,#4895);
#4894 = CARTESIAN_POINT('',(-80.180521262,24.,26.151111111111));
#4895 = VECTOR('',#4896,1.);
#4896 = DIRECTION('',(0.,1.,0.));
#4897 = ORIENTED_EDGE('',*,*,#4898,.T.);
#4898 = EDGE_CURVE('',#4891,#4860,#4899,.T.);
#4899 = LINE('',#4900,#4901);
#4900 = CARTESIAN_POINT('',(-80.180521262,220.,26.151111111111));
#4901 = VECTOR('',#4902,1.);
#4902 = DIRECTION('',(0.416608335402,0.,0.909086076713));
#4903 = PLANE('',#4904);
#4904 = AXIS2_PLACEMENT_3D('',#4905,#4906,#4907);
#4905 = CARTESIAN_POINT('',(-80.05322359396,106.,26.428888888889));
#4906 = DIRECTION('',(0.909086076713,0.,-0.416608335402));
#4907 = DIRECTION('',(0.416608335402,0.,0.909086076713));
#4908 = ADVANCED_FACE('',(#4909),#4934,.T.);
#4909 = FACE_BOUND('',#4910,.T.);
#4910 = EDGE_LOOP('',(#4911,#4912,#4920,#4928));
#4911 = ORIENTED_EDGE('',*,*,#4890,.F.);
#4912 = ORIENTED_EDGE('',*,*,#4913,.F.);
#4913 = EDGE_CURVE('',#4914,#4883,#4916,.T.);
#4914 = VERTEX_POINT('',#4915);
#4915 = CARTESIAN_POINT('',(-80.34293552812,-8.,25.595555555556));
#4916 = LINE('',#4917,#4918);
#4917 = CARTESIAN_POINT('',(-80.34293552812,-8.,25.595555555556));
#4918 = VECTOR('',#4919,1.);
#4919 = DIRECTION('',(0.280600582118,0.,0.959824626333));
#4920 = ORIENTED_EDGE('',*,*,#4921,.T.);
#4921 = EDGE_CURVE('',#4914,#4922,#4924,.T.);
#4922 = VERTEX_POINT('',#4923);
#4923 = CARTESIAN_POINT('',(-80.34293552812,220.,25.595555555556));
#4924 = LINE('',#4925,#4926);
#4925 = CARTESIAN_POINT('',(-80.34293552812,24.,25.595555555556));
#4926 = VECTOR('',#4927,1.);
#4927 = DIRECTION('',(0.,1.,0.));
#4928 = ORIENTED_EDGE('',*,*,#4929,.T.);
#4929 = EDGE_CURVE('',#4922,#4891,#4930,.T.);
#4930 = LINE('',#4931,#4932);
#4931 = CARTESIAN_POINT('',(-80.34293552812,220.,25.595555555556));
#4932 = VECTOR('',#4933,1.);
#4933 = DIRECTION('',(0.280600582118,0.,0.959824626333));
#4934 = PLANE('',#4935);
#4935 = AXIS2_PLACEMENT_3D('',#4936,#4937,#4938);
#4936 = CARTESIAN_POINT('',(-80.26172839506,106.,25.873333333333));
#4937 = DIRECTION('',(0.959824626333,0.,-0.280600582118));
#4938 = DIRECTION('',(0.280600582118,0.,0.959824626333));
#4939 = ADVANCED_FACE('',(#4940),#4965,.T.);
#4940 = FACE_BOUND('',#4941,.T.);
#4941 = EDGE_LOOP('',(#4942,#4943,#4951,#4959));
#4942 = ORIENTED_EDGE('',*,*,#4921,.F.);
#4943 = ORIENTED_EDGE('',*,*,#4944,.F.);
#4944 = EDGE_CURVE('',#4945,#4914,#4947,.T.);
#4945 = VERTEX_POINT('',#4946);
#4946 = CARTESIAN_POINT('',(-80.4,-8.,25.04));
#4947 = LINE('',#4948,#4949);
#4948 = CARTESIAN_POINT('',(-80.4,-8.,25.04));
#4949 = VECTOR('',#4950,1.);
#4950 = DIRECTION('',(0.102178442416,0.,0.994766086025));
#4951 = ORIENTED_EDGE('',*,*,#4952,.T.);
#4952 = EDGE_CURVE('',#4945,#4953,#4955,.T.);
#4953 = VERTEX_POINT('',#4954);
#4954 = CARTESIAN_POINT('',(-80.4,220.,25.04));
#4955 = LINE('',#4956,#4957);
#4956 = CARTESIAN_POINT('',(-80.4,24.,25.04));
#4957 = VECTOR('',#4958,1.);
#4958 = DIRECTION('',(0.,1.,0.));
#4959 = ORIENTED_EDGE('',*,*,#4960,.T.);
#4960 = EDGE_CURVE('',#4953,#4922,#4961,.T.);
#4961 = LINE('',#4962,#4963);
#4962 = CARTESIAN_POINT('',(-80.4,220.,25.04));
#4963 = VECTOR('',#4964,1.);
#4964 = DIRECTION('',(0.102178442416,0.,0.994766086025));
#4965 = PLANE('',#4966);
#4966 = AXIS2_PLACEMENT_3D('',#4967,#4968,#4969);
#4967 = CARTESIAN_POINT('',(-80.37146776406,106.,25.317777777778));
#4968 = DIRECTION('',(0.994766086025,0.,-0.102178442416));
#4969 = DIRECTION('',(0.102178442416,0.,0.994766086025));
#4970 = ADVANCED_FACE('',(#4971),#4996,.T.);
#4971 = FACE_BOUND('',#4972,.T.);
#4972 = EDGE_LOOP('',(#4973,#4974,#4982,#4990));
#4973 = ORIENTED_EDGE('',*,*,#4952,.F.);
#4974 = ORIENTED_EDGE('',*,*,#4975,.F.);
#4975 = EDGE_CURVE('',#4976,#4945,#4978,.T.);
#4976 = VERTEX_POINT('',#4977);
#4977 = CARTESIAN_POINT('',(-80.4,-8.,24.04));
#4978 = LINE('',#4979,#4980);
#4979 = CARTESIAN_POINT('',(-80.4,-8.,14.04));
#4980 = VECTOR('',#4981,1.);
#4981 = DIRECTION('',(0.,0.,1.));
#4982 = ORIENTED_EDGE('',*,*,#4983,.T.);
#4983 = EDGE_CURVE('',#4976,#4984,#4986,.T.);
#4984 = VERTEX_POINT('',#4985);
#4985 = CARTESIAN_POINT('',(-80.4,220.,24.04));
#4986 = LINE('',#4987,#4988);
#4987 = CARTESIAN_POINT('',(-80.4,24.,24.04));
#4988 = VECTOR('',#4989,1.);
#4989 = DIRECTION('',(0.,1.,0.));
#4990 = ORIENTED_EDGE('',*,*,#4991,.T.);
#4991 = EDGE_CURVE('',#4984,#4953,#4992,.T.);
#4992 = LINE('',#4993,#4994);
#4993 = CARTESIAN_POINT('',(-80.4,220.,14.04));
#4994 = VECTOR('',#4995,1.);
#4995 = DIRECTION('',(0.,0.,1.));
#4996 = PLANE('',#4997);
#4997 = AXIS2_PLACEMENT_3D('',#4998,#4999,#5000);
#4998 = CARTESIAN_POINT('',(-80.4,106.,24.54));
#4999 = DIRECTION('',(1.,0.,0.));
#5000 = DIRECTION('',(-0.,0.,1.));
#5001 = ADVANCED_FACE('',(#5002),#5027,.T.);
#5002 = FACE_BOUND('',#5003,.T.);
#5003 = EDGE_LOOP('',(#5004,#5014,#5020,#5021));
#5004 = ORIENTED_EDGE('',*,*,#5005,.T.);
#5005 = EDGE_CURVE('',#5006,#5008,#5010,.T.);
#5006 = VERTEX_POINT('',#5007);
#5007 = CARTESIAN_POINT('',(-80.34293552812,-8.,23.484444444444));
#5008 = VERTEX_POINT('',#5009);
#5009 = CARTESIAN_POINT('',(-80.34293552812,220.,23.484444444444));
#5010 = LINE('',#5011,#5012);
#5011 = CARTESIAN_POINT('',(-80.34293552812,24.,23.484444444444));
#5012 = VECTOR('',#5013,1.);
#5013 = DIRECTION('',(0.,1.,0.));
#5014 = ORIENTED_EDGE('',*,*,#5015,.F.);
#5015 = EDGE_CURVE('',#4984,#5008,#5016,.T.);
#5016 = LINE('',#5017,#5018);
#5017 = CARTESIAN_POINT('',(-80.4,220.,24.04));
#5018 = VECTOR('',#5019,1.);
#5019 = DIRECTION('',(0.102178442416,0.,-0.994766086025));
#5020 = ORIENTED_EDGE('',*,*,#4983,.F.);
#5021 = ORIENTED_EDGE('',*,*,#5022,.T.);
#5022 = EDGE_CURVE('',#4976,#5006,#5023,.T.);
#5023 = LINE('',#5024,#5025);
#5024 = CARTESIAN_POINT('',(-80.4,-8.,24.04));
#5025 = VECTOR('',#5026,1.);
#5026 = DIRECTION('',(0.102178442416,0.,-0.994766086025));
#5027 = PLANE('',#5028);
#5028 = AXIS2_PLACEMENT_3D('',#5029,#5030,#5031);
#5029 = CARTESIAN_POINT('',(-80.37146776406,106.,23.762222222222));
#5030 = DIRECTION('',(0.994766086025,0.,0.102178442416));
#5031 = DIRECTION('',(-0.102178442416,0.,0.994766086025));
#5032 = ADVANCED_FACE('',(#5033),#5058,.T.);
#5033 = FACE_BOUND('',#5034,.T.);
#5034 = EDGE_LOOP('',(#5035,#5045,#5051,#5052));
#5035 = ORIENTED_EDGE('',*,*,#5036,.T.);
#5036 = EDGE_CURVE('',#5037,#5039,#5041,.T.);
#5037 = VERTEX_POINT('',#5038);
#5038 = CARTESIAN_POINT('',(-80.180521262,-8.,22.928888888889));
#5039 = VERTEX_POINT('',#5040);
#5040 = CARTESIAN_POINT('',(-80.180521262,220.,22.928888888889));
#5041 = LINE('',#5042,#5043);
#5042 = CARTESIAN_POINT('',(-80.180521262,24.,22.928888888889));
#5043 = VECTOR('',#5044,1.);
#5044 = DIRECTION('',(0.,1.,0.));
#5045 = ORIENTED_EDGE('',*,*,#5046,.F.);
#5046 = EDGE_CURVE('',#5008,#5039,#5047,.T.);
#5047 = LINE('',#5048,#5049);
#5048 = CARTESIAN_POINT('',(-80.34293552812,220.,23.484444444444));
#5049 = VECTOR('',#5050,1.);
#5050 = DIRECTION('',(0.280600582118,0.,-0.959824626333));
#5051 = ORIENTED_EDGE('',*,*,#5005,.F.);
#5052 = ORIENTED_EDGE('',*,*,#5053,.T.);
#5053 = EDGE_CURVE('',#5006,#5037,#5054,.T.);
#5054 = LINE('',#5055,#5056);
#5055 = CARTESIAN_POINT('',(-80.34293552812,-8.,23.484444444444));
#5056 = VECTOR('',#5057,1.);
#5057 = DIRECTION('',(0.280600582118,0.,-0.959824626333));
#5058 = PLANE('',#5059);
#5059 = AXIS2_PLACEMENT_3D('',#5060,#5061,#5062);
#5060 = CARTESIAN_POINT('',(-80.26172839506,106.,23.206666666667));
#5061 = DIRECTION('',(0.959824626333,0.,0.280600582118));
#5062 = DIRECTION('',(-0.280600582118,0.,0.959824626333));
#5063 = ADVANCED_FACE('',(#5064),#5089,.T.);
#5064 = FACE_BOUND('',#5065,.T.);
#5065 = EDGE_LOOP('',(#5066,#5076,#5082,#5083));
#5066 = ORIENTED_EDGE('',*,*,#5067,.T.);
#5067 = EDGE_CURVE('',#5068,#5070,#5072,.T.);
#5068 = VERTEX_POINT('',#5069);
#5069 = CARTESIAN_POINT('',(-79.92592592592,-8.,22.373333333333));
#5070 = VERTEX_POINT('',#5071);
#5071 = CARTESIAN_POINT('',(-79.92592592592,220.,22.373333333333));
#5072 = LINE('',#5073,#5074);
#5073 = CARTESIAN_POINT('',(-79.92592592592,24.,22.373333333333));
#5074 = VECTOR('',#5075,1.);
#5075 = DIRECTION('',(0.,1.,0.));
#5076 = ORIENTED_EDGE('',*,*,#5077,.F.);
#5077 = EDGE_CURVE('',#5039,#5070,#5078,.T.);
#5078 = LINE('',#5079,#5080);
#5079 = CARTESIAN_POINT('',(-80.180521262,220.,22.928888888889));
#5080 = VECTOR('',#5081,1.);
#5081 = DIRECTION('',(0.416608335402,0.,-0.909086076713));
#5082 = ORIENTED_EDGE('',*,*,#5036,.F.);
#5083 = ORIENTED_EDGE('',*,*,#5084,.T.);
#5084 = EDGE_CURVE('',#5037,#5068,#5085,.T.);
#5085 = LINE('',#5086,#5087);
#5086 = CARTESIAN_POINT('',(-80.180521262,-8.,22.928888888889));
#5087 = VECTOR('',#5088,1.);
#5088 = DIRECTION('',(0.416608335402,0.,-0.909086076713));
#5089 = PLANE('',#5090);
#5090 = AXIS2_PLACEMENT_3D('',#5091,#5092,#5093);
#5091 = CARTESIAN_POINT('',(-80.05322359396,106.,22.651111111111));
#5092 = DIRECTION('',(0.909086076713,0.,0.416608335402));
#5093 = DIRECTION('',(-0.416608335402,0.,0.909086076713));
#5094 = ADVANCED_FACE('',(#5095),#5120,.T.);
#5095 = FACE_BOUND('',#5096,.T.);
#5096 = EDGE_LOOP('',(#5097,#5107,#5113,#5114));
#5097 = ORIENTED_EDGE('',*,*,#5098,.T.);
#5098 = EDGE_CURVE('',#5099,#5101,#5103,.T.);
#5099 = VERTEX_POINT('',#5100);
#5100 = CARTESIAN_POINT('',(-79.59231824417,-8.,21.817777777778));
#5101 = VERTEX_POINT('',#5102);
#5102 = CARTESIAN_POINT('',(-79.59231824417,220.,21.817777777778));
#5103 = LINE('',#5104,#5105);
#5104 = CARTESIAN_POINT('',(-79.59231824417,24.,21.817777777778));
#5105 = VECTOR('',#5106,1.);
#5106 = DIRECTION('',(0.,1.,0.));
#5107 = ORIENTED_EDGE('',*,*,#5108,.F.);
#5108 = EDGE_CURVE('',#5070,#5101,#5109,.T.);
#5109 = LINE('',#5110,#5111);
#5110 = CARTESIAN_POINT('',(-79.92592592592,220.,22.373333333333));
#5111 = VECTOR('',#5112,1.);
#5112 = DIRECTION('',(0.514807016402,0.,-0.857306092282));
#5113 = ORIENTED_EDGE('',*,*,#5067,.F.);
#5114 = ORIENTED_EDGE('',*,*,#5115,.T.);
#5115 = EDGE_CURVE('',#5068,#5099,#5116,.T.);
#5116 = LINE('',#5117,#5118);
#5117 = CARTESIAN_POINT('',(-79.92592592592,-8.,22.373333333333));
#5118 = VECTOR('',#5119,1.);
#5119 = DIRECTION('',(0.514807016402,0.,-0.857306092282));
#5120 = PLANE('',#5121);
#5121 = AXIS2_PLACEMENT_3D('',#5122,#5123,#5124);
#5122 = CARTESIAN_POINT('',(-79.75912208504,106.,22.095555555556));
#5123 = DIRECTION('',(0.857306092282,0.,0.514807016402));
#5124 = DIRECTION('',(-0.514807016402,0.,0.857306092282));
#5125 = ADVANCED_FACE('',(#5126),#5151,.T.);
#5126 = FACE_BOUND('',#5127,.T.);
#5127 = EDGE_LOOP('',(#5128,#5138,#5144,#5145));
#5128 = ORIENTED_EDGE('',*,*,#5129,.T.);
#5129 = EDGE_CURVE('',#5130,#5132,#5134,.T.);
#5130 = VERTEX_POINT('',#5131);
#5131 = CARTESIAN_POINT('',(-79.19286694101,-8.,21.262222222222));
#5132 = VERTEX_POINT('',#5133);
#5133 = CARTESIAN_POINT('',(-79.19286694101,220.,21.262222222222));
#5134 = LINE('',#5135,#5136);
#5135 = CARTESIAN_POINT('',(-79.19286694101,24.,21.262222222222));
#5136 = VECTOR('',#5137,1.);
#5137 = DIRECTION('',(0.,1.,0.));
#5138 = ORIENTED_EDGE('',*,*,#5139,.F.);
#5139 = EDGE_CURVE('',#5101,#5132,#5140,.T.);
#5140 = LINE('',#5141,#5142);
#5141 = CARTESIAN_POINT('',(-79.59231824417,220.,21.817777777778));
#5142 = VECTOR('',#5143,1.);
#5143 = DIRECTION('',(0.583776486487,0.,-0.811914412869));
#5144 = ORIENTED_EDGE('',*,*,#5098,.F.);
#5145 = ORIENTED_EDGE('',*,*,#5146,.T.);
#5146 = EDGE_CURVE('',#5099,#5130,#5147,.T.);
#5147 = LINE('',#5148,#5149);
#5148 = CARTESIAN_POINT('',(-79.59231824417,-8.,21.817777777778));
#5149 = VECTOR('',#5150,1.);
#5150 = DIRECTION('',(0.583776486487,0.,-0.811914412869));
#5151 = PLANE('',#5152);
#5152 = AXIS2_PLACEMENT_3D('',#5153,#5154,#5155);
#5153 = CARTESIAN_POINT('',(-79.39259259259,106.,21.54));
#5154 = DIRECTION('',(0.811914412869,0.,0.583776486487));
#5155 = DIRECTION('',(-0.583776486487,0.,0.811914412869));
#5156 = ADVANCED_FACE('',(#5157),#5182,.T.);
#5157 = FACE_BOUND('',#5158,.T.);
#5158 = EDGE_LOOP('',(#5159,#5169,#5175,#5176));
#5159 = ORIENTED_EDGE('',*,*,#5160,.T.);
#5160 = EDGE_CURVE('',#5161,#5163,#5165,.T.);
#5161 = VERTEX_POINT('',#5162);
#5162 = CARTESIAN_POINT('',(-78.74074074074,-8.,20.706666666667));
#5163 = VERTEX_POINT('',#5164);
#5164 = CARTESIAN_POINT('',(-78.74074074074,220.,20.706666666667));
#5165 = LINE('',#5166,#5167);
#5166 = CARTESIAN_POINT('',(-78.74074074074,24.,20.706666666667));
#5167 = VECTOR('',#5168,1.);
#5168 = DIRECTION('',(0.,1.,0.));
#5169 = ORIENTED_EDGE('',*,*,#5170,.F.);
#5170 = EDGE_CURVE('',#5132,#5163,#5171,.T.);
#5171 = LINE('',#5172,#5173);
#5172 = CARTESIAN_POINT('',(-79.19286694101,220.,21.262222222222));
#5173 = VECTOR('',#5174,1.);
#5174 = DIRECTION('',(0.631212461229,0.,-0.77560997208));
#5175 = ORIENTED_EDGE('',*,*,#5129,.F.);
#5176 = ORIENTED_EDGE('',*,*,#5177,.T.);
#5177 = EDGE_CURVE('',#5130,#5161,#5178,.T.);
#5178 = LINE('',#5179,#5180);
#5179 = CARTESIAN_POINT('',(-79.19286694101,-8.,21.262222222222));
#5180 = VECTOR('',#5181,1.);
#5181 = DIRECTION('',(0.631212461229,0.,-0.77560997208));
#5182 = PLANE('',#5183);
#5183 = AXIS2_PLACEMENT_3D('',#5184,#5185,#5186);
#5184 = CARTESIAN_POINT('',(-78.96680384087,106.,20.984444444444));
#5185 = DIRECTION('',(0.77560997208,0.,0.631212461229));
#5186 = DIRECTION('',(-0.631212461229,0.,0.77560997208));
#5187 = ADVANCED_FACE('',(#5188),#5213,.T.);
#5188 = FACE_BOUND('',#5189,.T.);
#5189 = EDGE_LOOP('',(#5190,#5200,#5206,#5207));
#5190 = ORIENTED_EDGE('',*,*,#5191,.T.);
#5191 = EDGE_CURVE('',#5192,#5194,#5196,.T.);
#5192 = VERTEX_POINT('',#5193);
#5193 = CARTESIAN_POINT('',(-78.24910836762,-8.,20.151111111111));
#5194 = VERTEX_POINT('',#5195);
#5195 = CARTESIAN_POINT('',(-78.24910836762,220.,20.151111111111));
#5196 = LINE('',#5197,#5198);
#5197 = CARTESIAN_POINT('',(-78.24910836762,24.,20.151111111111));
#5198 = VECTOR('',#5199,1.);
#5199 = DIRECTION('',(0.,1.,0.));
#5200 = ORIENTED_EDGE('',*,*,#5201,.F.);
#5201 = EDGE_CURVE('',#5163,#5194,#5202,.T.);
#5202 = LINE('',#5203,#5204);
#5203 = CARTESIAN_POINT('',(-78.74074074074,220.,20.706666666667));
#5204 = VECTOR('',#5205,1.);
#5205 = DIRECTION('',(0.662709521533,0.,-0.748876551956));
#5206 = ORIENTED_EDGE('',*,*,#5160,.F.);
#5207 = ORIENTED_EDGE('',*,*,#5208,.T.);
#5208 = EDGE_CURVE('',#5161,#5192,#5209,.T.);
#5209 = LINE('',#5210,#5211);
#5210 = CARTESIAN_POINT('',(-78.74074074074,-8.,20.706666666667));
#5211 = VECTOR('',#5212,1.);
#5212 = DIRECTION('',(0.662709521533,0.,-0.748876551956));
#5213 = PLANE('',#5214);
#5214 = AXIS2_PLACEMENT_3D('',#5215,#5216,#5217);
#5215 = CARTESIAN_POINT('',(-78.49492455418,106.,20.428888888889));
#5216 = DIRECTION('',(0.748876551956,0.,0.662709521533));
#5217 = DIRECTION('',(-0.662709521533,0.,0.748876551956));
#5218 = ADVANCED_FACE('',(#5219),#5244,.T.);
#5219 = FACE_BOUND('',#5220,.T.);
#5220 = EDGE_LOOP('',(#5221,#5222,#5228,#5229,#5230,#5238));
#5221 = ORIENTED_EDGE('',*,*,#5191,.F.);
#5222 = ORIENTED_EDGE('',*,*,#5223,.T.);
#5223 = EDGE_CURVE('',#5192,#1321,#5224,.T.);
#5224 = LINE('',#5225,#5226);
#5225 = CARTESIAN_POINT('',(-78.24910836762,-8.,20.151111111111));
#5226 = VECTOR('',#5227,1.);
#5227 = DIRECTION('',(0.681932082106,0.,-0.731415501199));
#5228 = ORIENTED_EDGE('',*,*,#1320,.T.);
#5229 = ORIENTED_EDGE('',*,*,#1732,.T.);
#5230 = ORIENTED_EDGE('',*,*,#5231,.T.);
#5231 = EDGE_CURVE('',#1725,#5232,#5234,.T.);
#5232 = VERTEX_POINT('',#5233);
#5233 = CARTESIAN_POINT('',(-78.,220.,19.883926553672));
#5234 = LINE('',#5235,#5236);
#5235 = CARTESIAN_POINT('',(-78.,148.29,19.883926553672));
#5236 = VECTOR('',#5237,1.);
#5237 = DIRECTION('',(-0.,1.,0.));
#5238 = ORIENTED_EDGE('',*,*,#5239,.F.);
#5239 = EDGE_CURVE('',#5194,#5232,#5240,.T.);
#5240 = LINE('',#5241,#5242);
#5241 = CARTESIAN_POINT('',(-78.24910836762,220.,20.151111111111));
#5242 = VECTOR('',#5243,1.);
#5243 = DIRECTION('',(0.681932082106,0.,-0.731415501199));
#5244 = PLANE('',#5245);
#5245 = AXIS2_PLACEMENT_3D('',#5246,#5247,#5248);
#5246 = CARTESIAN_POINT('',(-77.99012345679,106.,19.873333333333));
#5247 = DIRECTION('',(0.731415501199,0.,0.681932082106));
#5248 = DIRECTION('',(-0.681932082106,0.,0.731415501199));
#5249 = ADVANCED_FACE('',(#5250),#5275,.F.);
#5250 = FACE_BOUND('',#5251,.F.);
#5251 = EDGE_LOOP('',(#5252,#5253,#5261,#5269));
#5252 = ORIENTED_EDGE('',*,*,#3784,.F.);
#5253 = ORIENTED_EDGE('',*,*,#5254,.T.);
#5254 = EDGE_CURVE('',#3785,#5255,#5257,.T.);
#5255 = VERTEX_POINT('',#5256);
#5256 = CARTESIAN_POINT('',(-81.,-8.,13.));
#5257 = LINE('',#5258,#5259);
#5258 = CARTESIAN_POINT('',(-99.,-8.,13.));
#5259 = VECTOR('',#5260,1.);
#5260 = DIRECTION('',(1.,0.,0.));
#5261 = ORIENTED_EDGE('',*,*,#5262,.T.);
#5262 = EDGE_CURVE('',#5255,#5263,#5265,.T.);
#5263 = VERTEX_POINT('',#5264);
#5264 = CARTESIAN_POINT('',(-81.,-15.69467112597,0.445536583931));
#5265 = LINE('',#5266,#5267);
#5266 = CARTESIAN_POINT('',(-81.,-8.,13.));
#5267 = VECTOR('',#5268,1.);
#5268 = DIRECTION('',(0.,-0.522562057929,-0.852601252411));
#5269 = ORIENTED_EDGE('',*,*,#5270,.F.);
#5270 = EDGE_CURVE('',#3787,#5263,#5271,.T.);
#5271 = LINE('',#5272,#5273);
#5272 = CARTESIAN_POINT('',(-99.,-15.69467112597,0.445536583932));
#5273 = VECTOR('',#5274,1.);
#5274 = DIRECTION('',(1.,0.,0.));
#5275 = PLANE('',#5276);
#5276 = AXIS2_PLACEMENT_3D('',#5277,#5278,#5279);
#5277 = CARTESIAN_POINT('',(-99.,-8.,13.));
#5278 = DIRECTION('',(0.,0.852601252411,-0.522562057929));
#5279 = DIRECTION('',(0.,-0.522562057929,-0.852601252411));
#5280 = ADVANCED_FACE('',(#5281,#5316),#5327,.T.);
#5281 = FACE_BOUND('',#5282,.T.);
#5282 = EDGE_LOOP('',(#5283,#5293,#5299,#5300,#5309));
#5283 = ORIENTED_EDGE('',*,*,#5284,.F.);
#5284 = EDGE_CURVE('',#5285,#5287,#5289,.T.);
#5285 = VERTEX_POINT('',#5286);
#5286 = CARTESIAN_POINT('',(-81.,-8.,0.));
#5287 = VERTEX_POINT('',#5288);
#5288 = CARTESIAN_POINT('',(-81.,-6.26,0.));
#5289 = LINE('',#5290,#5291);
#5290 = CARTESIAN_POINT('',(-81.,-10.,0.));
#5291 = VECTOR('',#5292,1.);
#5292 = DIRECTION('',(0.,1.,0.));
#5293 = ORIENTED_EDGE('',*,*,#5294,.F.);
#5294 = EDGE_CURVE('',#5255,#5285,#5295,.T.);
#5295 = LINE('',#5296,#5297);
#5296 = CARTESIAN_POINT('',(-81.,-8.,3.013509448515));
#5297 = VECTOR('',#5298,1.);
#5298 = DIRECTION('',(0.,0.,-1.));
#5299 = ORIENTED_EDGE('',*,*,#5262,.T.);
#5300 = ORIENTED_EDGE('',*,*,#5301,.T.);
#5301 = EDGE_CURVE('',#5263,#5302,#5304,.T.);
#5302 = VERTEX_POINT('',#5303);
#5303 = CARTESIAN_POINT('',(-81.,-5.400873841802,-3.165147981523));
#5304 = CIRCLE('',#5305,7.);
#5305 = AXIS2_PLACEMENT_3D('',#5306,#5307,#5308);
#5306 = CARTESIAN_POINT('',(-81.,-12.,-5.5));
#5307 = DIRECTION('',(1.,0.,0.));
#5308 = DIRECTION('',(-0.,0.,1.));
#5309 = ORIENTED_EDGE('',*,*,#5310,.F.);
#5310 = EDGE_CURVE('',#5287,#5302,#5311,.T.);
#5311 = CIRCLE('',#5312,6.26);
#5312 = AXIS2_PLACEMENT_3D('',#5313,#5314,#5315);
#5313 = CARTESIAN_POINT('',(-81.,0.,0.));
#5314 = DIRECTION('',(1.,0.,0.));
#5315 = DIRECTION('',(-0.,0.,1.));
#5316 = FACE_BOUND('',#5317,.T.);
#5317 = EDGE_LOOP('',(#5318));
#5318 = ORIENTED_EDGE('',*,*,#5319,.F.);
#5319 = EDGE_CURVE('',#5320,#5320,#5322,.T.);
#5320 = VERTEX_POINT('',#5321);
#5321 = CARTESIAN_POINT('',(-81.,-12.,-3.2));
#5322 = CIRCLE('',#5323,2.3);
#5323 = AXIS2_PLACEMENT_3D('',#5324,#5325,#5326);
#5324 = CARTESIAN_POINT('',(-81.,-12.,-5.5));
#5325 = DIRECTION('',(1.,0.,0.));
#5326 = DIRECTION('',(-0.,0.,1.));
#5327 = PLANE('',#5328);
#5328 = AXIS2_PLACEMENT_3D('',#5329,#5330,#5331);
#5329 = CARTESIAN_POINT('',(-81.,-10.63296179817,-0.492578677057));
#5330 = DIRECTION('',(1.,0.,0.));
#5331 = DIRECTION('',(-0.,0.,1.));
#5332 = ADVANCED_FACE('',(#5333),#5376,.T.);
#5333 = FACE_BOUND('',#5334,.T.);
#5334 = EDGE_LOOP('',(#5335,#5336,#5337,#5345,#5353,#5361,#5369,#5375));
#5335 = ORIENTED_EDGE('',*,*,#1724,.T.);
#5336 = ORIENTED_EDGE('',*,*,#4742,.T.);
#5337 = ORIENTED_EDGE('',*,*,#5338,.T.);
#5338 = EDGE_CURVE('',#4735,#5339,#5341,.T.);
#5339 = VERTEX_POINT('',#5340);
#5340 = CARTESIAN_POINT('',(-78.,220.,35.04));
#5341 = LINE('',#5342,#5343);
#5342 = CARTESIAN_POINT('',(-78.,220.,27.488377927749));
#5343 = VECTOR('',#5344,1.);
#5344 = DIRECTION('',(0.,0.,1.));
#5345 = ORIENTED_EDGE('',*,*,#5346,.T.);
#5346 = EDGE_CURVE('',#5339,#5347,#5349,.T.);
#5347 = VERTEX_POINT('',#5348);
#5348 = CARTESIAN_POINT('',(-78.,224.815,35.04));
#5349 = LINE('',#5350,#5351);
#5350 = CARTESIAN_POINT('',(-78.,176.58385154991,35.04));
#5351 = VECTOR('',#5352,1.);
#5352 = DIRECTION('',(0.,1.,0.));
#5353 = ORIENTED_EDGE('',*,*,#5354,.F.);
#5354 = EDGE_CURVE('',#5355,#5347,#5357,.T.);
#5355 = VERTEX_POINT('',#5356);
#5356 = CARTESIAN_POINT('',(-78.,224.815,14.04));
#5357 = LINE('',#5358,#5359);
#5358 = CARTESIAN_POINT('',(-78.,224.815,19.988377927749));
#5359 = VECTOR('',#5360,1.);
#5360 = DIRECTION('',(0.,-0.,1.));
#5361 = ORIENTED_EDGE('',*,*,#5362,.T.);
#5362 = EDGE_CURVE('',#5355,#5363,#5365,.T.);
#5363 = VERTEX_POINT('',#5364);
#5364 = CARTESIAN_POINT('',(-78.,220.,14.04));
#5365 = LINE('',#5366,#5367);
#5366 = CARTESIAN_POINT('',(-78.,188.90598915591,14.04));
#5367 = VECTOR('',#5368,1.);
#5368 = DIRECTION('',(0.,-1.,0.));
#5369 = ORIENTED_EDGE('',*,*,#5370,.T.);
#5370 = EDGE_CURVE('',#5363,#5232,#5371,.T.);
#5371 = LINE('',#5372,#5373);
#5372 = CARTESIAN_POINT('',(-78.,220.,27.488377927749));
#5373 = VECTOR('',#5374,1.);
#5374 = DIRECTION('',(0.,0.,1.));
#5375 = ORIENTED_EDGE('',*,*,#5231,.F.);
#5376 = PLANE('',#5377);
#5377 = AXIS2_PLACEMENT_3D('',#5378,#5379,#5380);
#5378 = CARTESIAN_POINT('',(-78.,210.8101698508,24.54));
#5379 = DIRECTION('',(-1.,-4.011808720954E-16,-0.));
#5380 = DIRECTION('',(4.011808720954E-16,-1.,0.));
#5381 = ADVANCED_FACE('',(#5382),#5416,.T.);
#5382 = FACE_BOUND('',#5383,.T.);
#5383 = EDGE_LOOP('',(#5384,#5394,#5402,#5410));
#5384 = ORIENTED_EDGE('',*,*,#5385,.F.);
#5385 = EDGE_CURVE('',#5386,#5388,#5390,.T.);
#5386 = VERTEX_POINT('',#5387);
#5387 = CARTESIAN_POINT('',(-96.4,18.,18.));
#5388 = VERTEX_POINT('',#5389);
#5389 = CARTESIAN_POINT('',(-83.6,18.,18.));
#5390 = LINE('',#5391,#5392);
#5391 = CARTESIAN_POINT('',(-109.,18.,18.));
#5392 = VECTOR('',#5393,1.);
#5393 = DIRECTION('',(1.,0.,-0.));
#5394 = ORIENTED_EDGE('',*,*,#5395,.F.);
#5395 = EDGE_CURVE('',#5396,#5386,#5398,.T.);
#5396 = VERTEX_POINT('',#5397);
#5397 = CARTESIAN_POINT('',(-96.4,-8.,18.));
#5398 = LINE('',#5399,#5400);
#5399 = CARTESIAN_POINT('',(-96.4,-8.,18.));
#5400 = VECTOR('',#5401,1.);
#5401 = DIRECTION('',(-0.,1.,0.));
#5402 = ORIENTED_EDGE('',*,*,#5403,.T.);
#5403 = EDGE_CURVE('',#5396,#5404,#5406,.T.);
#5404 = VERTEX_POINT('',#5405);
#5405 = CARTESIAN_POINT('',(-83.6,-8.,18.));
#5406 = LINE('',#5407,#5408);
#5407 = CARTESIAN_POINT('',(-109.,-8.,18.));
#5408 = VECTOR('',#5409,1.);
#5409 = DIRECTION('',(1.,0.,-0.));
#5410 = ORIENTED_EDGE('',*,*,#5411,.T.);
#5411 = EDGE_CURVE('',#5404,#5388,#5412,.T.);
#5412 = LINE('',#5413,#5414);
#5413 = CARTESIAN_POINT('',(-83.6,-8.,18.));
#5414 = VECTOR('',#5415,1.);
#5415 = DIRECTION('',(-0.,1.,0.));
#5416 = PLANE('',#5417);
#5417 = AXIS2_PLACEMENT_3D('',#5418,#5419,#5420);
#5418 = CARTESIAN_POINT('',(-109.,-8.,18.));
#5419 = DIRECTION('',(0.,0.,1.));
#5420 = DIRECTION('',(1.,0.,-0.));
#5421 = ADVANCED_FACE('',(#5422),#5463,.T.);
#5422 = FACE_BOUND('',#5423,.T.);
#5423 = EDGE_LOOP('',(#5424,#5434,#5440,#5441,#5449,#5457));
#5424 = ORIENTED_EDGE('',*,*,#5425,.F.);
#5425 = EDGE_CURVE('',#5426,#5428,#5430,.T.);
#5426 = VERTEX_POINT('',#5427);
#5427 = CARTESIAN_POINT('',(-96.4,-8.,35.04));
#5428 = VERTEX_POINT('',#5429);
#5429 = CARTESIAN_POINT('',(-96.4,220.,35.04));
#5430 = LINE('',#5431,#5432);
#5431 = CARTESIAN_POINT('',(-96.4,-8.,35.04));
#5432 = VECTOR('',#5433,1.);
#5433 = DIRECTION('',(-0.,1.,0.));
#5434 = ORIENTED_EDGE('',*,*,#5435,.F.);
#5435 = EDGE_CURVE('',#5396,#5426,#5436,.T.);
#5436 = LINE('',#5437,#5438);
#5437 = CARTESIAN_POINT('',(-96.4,-8.,14.04));
#5438 = VECTOR('',#5439,1.);
#5439 = DIRECTION('',(0.,0.,1.));
#5440 = ORIENTED_EDGE('',*,*,#5395,.T.);
#5441 = ORIENTED_EDGE('',*,*,#5442,.T.);
#5442 = EDGE_CURVE('',#5386,#5443,#5445,.T.);
#5443 = VERTEX_POINT('',#5444);
#5444 = CARTESIAN_POINT('',(-96.4,18.,14.04));
#5445 = LINE('',#5446,#5447);
#5446 = CARTESIAN_POINT('',(-96.4,18.,7.02));
#5447 = VECTOR('',#5448,1.);
#5448 = DIRECTION('',(-0.,0.,-1.));
#5449 = ORIENTED_EDGE('',*,*,#5450,.T.);
#5450 = EDGE_CURVE('',#5443,#5451,#5453,.T.);
#5451 = VERTEX_POINT('',#5452);
#5452 = CARTESIAN_POINT('',(-96.4,220.,14.04));
#5453 = LINE('',#5454,#5455);
#5454 = CARTESIAN_POINT('',(-96.4,24.,14.04));
#5455 = VECTOR('',#5456,1.);
#5456 = DIRECTION('',(-0.,1.,0.));
#5457 = ORIENTED_EDGE('',*,*,#5458,.T.);
#5458 = EDGE_CURVE('',#5451,#5428,#5459,.T.);
#5459 = LINE('',#5460,#5461);
#5460 = CARTESIAN_POINT('',(-96.4,220.,14.04));
#5461 = VECTOR('',#5462,1.);
#5462 = DIRECTION('',(0.,0.,1.));
#5463 = PLANE('',#5464);
#5464 = AXIS2_PLACEMENT_3D('',#5465,#5466,#5467);
#5465 = CARTESIAN_POINT('',(-96.4,106.20674698795,24.746746987952));
#5466 = DIRECTION('',(1.,0.,0.));
#5467 = DIRECTION('',(-0.,0.,1.));
#5468 = ADVANCED_FACE('',(#5469),#5510,.T.);
#5469 = FACE_BOUND('',#5470,.T.);
#5470 = EDGE_LOOP('',(#5471,#5481,#5489,#5497,#5503,#5504));
#5471 = ORIENTED_EDGE('',*,*,#5472,.T.);
#5472 = EDGE_CURVE('',#5473,#5475,#5477,.T.);
#5473 = VERTEX_POINT('',#5474);
#5474 = CARTESIAN_POINT('',(-83.6,-8.,35.04));
#5475 = VERTEX_POINT('',#5476);
#5476 = CARTESIAN_POINT('',(-83.6,220.,35.04));
#5477 = LINE('',#5478,#5479);
#5478 = CARTESIAN_POINT('',(-83.6,24.,35.04));
#5479 = VECTOR('',#5480,1.);
#5480 = DIRECTION('',(-0.,1.,0.));
#5481 = ORIENTED_EDGE('',*,*,#5482,.F.);
#5482 = EDGE_CURVE('',#5483,#5475,#5485,.T.);
#5483 = VERTEX_POINT('',#5484);
#5484 = CARTESIAN_POINT('',(-83.6,220.,14.04));
#5485 = LINE('',#5486,#5487);
#5486 = CARTESIAN_POINT('',(-83.6,220.,14.04));
#5487 = VECTOR('',#5488,1.);
#5488 = DIRECTION('',(0.,0.,1.));
#5489 = ORIENTED_EDGE('',*,*,#5490,.F.);
#5490 = EDGE_CURVE('',#5491,#5483,#5493,.T.);
#5491 = VERTEX_POINT('',#5492);
#5492 = CARTESIAN_POINT('',(-83.6,18.,14.04));
#5493 = LINE('',#5494,#5495);
#5494 = CARTESIAN_POINT('',(-83.6,-8.,14.04));
#5495 = VECTOR('',#5496,1.);
#5496 = DIRECTION('',(-0.,1.,0.));
#5497 = ORIENTED_EDGE('',*,*,#5498,.F.);
#5498 = EDGE_CURVE('',#5388,#5491,#5499,.T.);
#5499 = LINE('',#5500,#5501);
#5500 = CARTESIAN_POINT('',(-83.6,18.,7.02));
#5501 = VECTOR('',#5502,1.);
#5502 = DIRECTION('',(-0.,0.,-1.));
#5503 = ORIENTED_EDGE('',*,*,#5411,.F.);
#5504 = ORIENTED_EDGE('',*,*,#5505,.T.);
#5505 = EDGE_CURVE('',#5404,#5473,#5506,.T.);
#5506 = LINE('',#5507,#5508);
#5507 = CARTESIAN_POINT('',(-83.6,-8.,14.04));
#5508 = VECTOR('',#5509,1.);
#5509 = DIRECTION('',(0.,0.,1.));
#5510 = PLANE('',#5511);
#5511 = AXIS2_PLACEMENT_3D('',#5512,#5513,#5514);
#5512 = CARTESIAN_POINT('',(-83.6,106.20674698795,24.746746987952));
#5513 = DIRECTION('',(-1.,-0.,-0.));
#5514 = DIRECTION('',(0.,0.,-1.));
#5515 = ADVANCED_FACE('',(#5516),#5555,.T.);
#5516 = FACE_BOUND('',#5517,.T.);
#5517 = EDGE_LOOP('',(#5518,#5526,#5527,#5533,#5534,#5540,#5541,#5549));
#5518 = ORIENTED_EDGE('',*,*,#5519,.T.);
#5519 = EDGE_CURVE('',#5520,#5347,#5522,.T.);
#5520 = VERTEX_POINT('',#5521);
#5521 = CARTESIAN_POINT('',(-102.8,224.815,35.04));
#5522 = LINE('',#5523,#5524);
#5523 = CARTESIAN_POINT('',(-53.,224.815,35.04));
#5524 = VECTOR('',#5525,1.);
#5525 = DIRECTION('',(1.,0.,-0.));
#5526 = ORIENTED_EDGE('',*,*,#5346,.F.);
#5527 = ORIENTED_EDGE('',*,*,#5528,.F.);
#5528 = EDGE_CURVE('',#5475,#5339,#5529,.T.);
#5529 = LINE('',#5530,#5531);
#5530 = CARTESIAN_POINT('',(-98.,220.,35.04));
#5531 = VECTOR('',#5532,1.);
#5532 = DIRECTION('',(1.,0.,0.));
#5533 = ORIENTED_EDGE('',*,*,#5472,.F.);
#5534 = ORIENTED_EDGE('',*,*,#5535,.F.);
#5535 = EDGE_CURVE('',#5426,#5473,#5536,.T.);
#5536 = LINE('',#5537,#5538);
#5537 = CARTESIAN_POINT('',(-106.,-8.,35.04));
#5538 = VECTOR('',#5539,1.);
#5539 = DIRECTION('',(1.,0.,-0.));
#5540 = ORIENTED_EDGE('',*,*,#5425,.T.);
#5541 = ORIENTED_EDGE('',*,*,#5542,.F.);
#5542 = EDGE_CURVE('',#5543,#5428,#5545,.T.);
#5543 = VERTEX_POINT('',#5544);
#5544 = CARTESIAN_POINT('',(-102.8,220.,35.04));
#5545 = LINE('',#5546,#5547);
#5546 = CARTESIAN_POINT('',(-98.,220.,35.04));
#5547 = VECTOR('',#5548,1.);
#5548 = DIRECTION('',(1.,0.,0.));
#5549 = ORIENTED_EDGE('',*,*,#5550,.F.);
#5550 = EDGE_CURVE('',#5520,#5543,#5551,.T.);
#5551 = LINE('',#5552,#5553);
#5552 = CARTESIAN_POINT('',(-102.8,180.00172362216,35.04));
#5553 = VECTOR('',#5554,1.);
#5554 = DIRECTION('',(0.,-1.,0.));
#5555 = PLANE('',#5556);
#5556 = AXIS2_PLACEMENT_3D('',#5557,#5558,#5559);
#5557 = CARTESIAN_POINT('',(6.049719751932E-15,140.20344724433,35.04));
#5558 = DIRECTION('',(-0.,-0.,-1.));
#5559 = DIRECTION('',(-1.,0.,0.));
#5560 = ADVANCED_FACE('',(#5561),#5579,.T.);
#5561 = FACE_BOUND('',#5562,.T.);
#5562 = EDGE_LOOP('',(#5563,#5571,#5577,#5578));
#5563 = ORIENTED_EDGE('',*,*,#5564,.F.);
#5564 = EDGE_CURVE('',#5565,#1613,#5567,.T.);
#5565 = VERTEX_POINT('',#5566);
#5566 = CARTESIAN_POINT('',(74.,-8.,35.04));
#5567 = LINE('',#5568,#5569);
#5568 = CARTESIAN_POINT('',(74.,24.,35.04));
#5569 = VECTOR('',#5570,1.);
#5570 = DIRECTION('',(-0.,1.,0.));
#5571 = ORIENTED_EDGE('',*,*,#5572,.T.);
#5572 = EDGE_CURVE('',#5565,#2557,#5573,.T.);
#5573 = LINE('',#5574,#5575);
#5574 = CARTESIAN_POINT('',(74.,-8.,35.04));
#5575 = VECTOR('',#5576,1.);
#5576 = DIRECTION('',(0.,0.,1.));
#5577 = ORIENTED_EDGE('',*,*,#2556,.T.);
#5578 = ORIENTED_EDGE('',*,*,#1620,.T.);
#5579 = PLANE('',#5580);
#5580 = AXIS2_PLACEMENT_3D('',#5581,#5582,#5583);
#5581 = CARTESIAN_POINT('',(74.,104.,37.29));
#5582 = DIRECTION('',(-1.,-0.,-0.));
#5583 = DIRECTION('',(0.,0.,-1.));
#5584 = ADVANCED_FACE('',(#5585),#5603,.T.);
#5585 = FACE_BOUND('',#5586,.T.);
#5586 = EDGE_LOOP('',(#5587,#5595,#5601,#5602));
#5587 = ORIENTED_EDGE('',*,*,#5588,.F.);
#5588 = EDGE_CURVE('',#5589,#1605,#5591,.T.);
#5589 = VERTEX_POINT('',#5590);
#5590 = CARTESIAN_POINT('',(74.057064471879,-8.,34.484444444444));
#5591 = LINE('',#5592,#5593);
#5592 = CARTESIAN_POINT('',(74.057064471879,24.,34.484444444444));
#5593 = VECTOR('',#5594,1.);
#5594 = DIRECTION('',(0.,1.,0.));
#5595 = ORIENTED_EDGE('',*,*,#5596,.T.);
#5596 = EDGE_CURVE('',#5589,#5565,#5597,.T.);
#5597 = LINE('',#5598,#5599);
#5598 = CARTESIAN_POINT('',(74.057064471879,-8.,34.484444444444));
#5599 = VECTOR('',#5600,1.);
#5600 = DIRECTION('',(-0.102178442416,0.,0.994766086025));
#5601 = ORIENTED_EDGE('',*,*,#5564,.T.);
#5602 = ORIENTED_EDGE('',*,*,#1612,.T.);
#5603 = PLANE('',#5604);
#5604 = AXIS2_PLACEMENT_3D('',#5605,#5606,#5607);
#5605 = CARTESIAN_POINT('',(74.02853223594,106.,34.762222222222));
#5606 = DIRECTION('',(-0.994766086025,-0.,-0.102178442416));
#5607 = DIRECTION('',(0.102178442416,0.,-0.994766086025));
#5608 = ADVANCED_FACE('',(#5609),#5627,.T.);
#5609 = FACE_BOUND('',#5610,.T.);
#5610 = EDGE_LOOP('',(#5611,#5619,#5625,#5626));
#5611 = ORIENTED_EDGE('',*,*,#5612,.F.);
#5612 = EDGE_CURVE('',#5613,#1597,#5615,.T.);
#5613 = VERTEX_POINT('',#5614);
#5614 = CARTESIAN_POINT('',(74.219478737997,-8.,33.928888888889));
#5615 = LINE('',#5616,#5617);
#5616 = CARTESIAN_POINT('',(74.219478737997,24.,33.928888888889));
#5617 = VECTOR('',#5618,1.);
#5618 = DIRECTION('',(0.,1.,0.));
#5619 = ORIENTED_EDGE('',*,*,#5620,.T.);
#5620 = EDGE_CURVE('',#5613,#5589,#5621,.T.);
#5621 = LINE('',#5622,#5623);
#5622 = CARTESIAN_POINT('',(74.219478737997,-8.,33.928888888889));
#5623 = VECTOR('',#5624,1.);
#5624 = DIRECTION('',(-0.280600582118,0.,0.959824626333));
#5625 = ORIENTED_EDGE('',*,*,#5588,.T.);
#5626 = ORIENTED_EDGE('',*,*,#1604,.T.);
#5627 = PLANE('',#5628);
#5628 = AXIS2_PLACEMENT_3D('',#5629,#5630,#5631);
#5629 = CARTESIAN_POINT('',(74.138271604938,106.,34.206666666667));
#5630 = DIRECTION('',(-0.959824626333,-0.,-0.280600582118));
#5631 = DIRECTION('',(0.280600582118,0.,-0.959824626333));
#5632 = ADVANCED_FACE('',(#5633),#5651,.T.);
#5633 = FACE_BOUND('',#5634,.T.);
#5634 = EDGE_LOOP('',(#5635,#5643,#5649,#5650));
#5635 = ORIENTED_EDGE('',*,*,#5636,.F.);
#5636 = EDGE_CURVE('',#5637,#1589,#5639,.T.);
#5637 = VERTEX_POINT('',#5638);
#5638 = CARTESIAN_POINT('',(74.474074074074,-8.,33.373333333333));
#5639 = LINE('',#5640,#5641);
#5640 = CARTESIAN_POINT('',(74.474074074074,24.,33.373333333333));
#5641 = VECTOR('',#5642,1.);
#5642 = DIRECTION('',(0.,1.,0.));
#5643 = ORIENTED_EDGE('',*,*,#5644,.T.);
#5644 = EDGE_CURVE('',#5637,#5613,#5645,.T.);
#5645 = LINE('',#5646,#5647);
#5646 = CARTESIAN_POINT('',(74.474074074074,-8.,33.373333333333));
#5647 = VECTOR('',#5648,1.);
#5648 = DIRECTION('',(-0.416608335402,0.,0.909086076713));
#5649 = ORIENTED_EDGE('',*,*,#5612,.T.);
#5650 = ORIENTED_EDGE('',*,*,#1596,.T.);
#5651 = PLANE('',#5652);
#5652 = AXIS2_PLACEMENT_3D('',#5653,#5654,#5655);
#5653 = CARTESIAN_POINT('',(74.346776406036,106.,33.651111111111));
#5654 = DIRECTION('',(-0.909086076713,-0.,-0.416608335402));
#5655 = DIRECTION('',(0.416608335402,0.,-0.909086076713));
#5656 = ADVANCED_FACE('',(#5657),#5675,.T.);
#5657 = FACE_BOUND('',#5658,.T.);
#5658 = EDGE_LOOP('',(#5659,#5667,#5673,#5674));
#5659 = ORIENTED_EDGE('',*,*,#5660,.F.);
#5660 = EDGE_CURVE('',#5661,#1581,#5663,.T.);
#5661 = VERTEX_POINT('',#5662);
#5662 = CARTESIAN_POINT('',(74.80768175583,-8.,32.817777777778));
#5663 = LINE('',#5664,#5665);
#5664 = CARTESIAN_POINT('',(74.80768175583,24.,32.817777777778));
#5665 = VECTOR('',#5666,1.);
#5666 = DIRECTION('',(0.,1.,0.));
#5667 = ORIENTED_EDGE('',*,*,#5668,.T.);
#5668 = EDGE_CURVE('',#5661,#5637,#5669,.T.);
#5669 = LINE('',#5670,#5671);
#5670 = CARTESIAN_POINT('',(74.80768175583,-8.,32.817777777778));
#5671 = VECTOR('',#5672,1.);
#5672 = DIRECTION('',(-0.514807016402,0.,0.857306092282));
#5673 = ORIENTED_EDGE('',*,*,#5636,.T.);
#5674 = ORIENTED_EDGE('',*,*,#1588,.T.);
#5675 = PLANE('',#5676);
#5676 = AXIS2_PLACEMENT_3D('',#5677,#5678,#5679);
#5677 = CARTESIAN_POINT('',(74.640877914952,106.,33.095555555556));
#5678 = DIRECTION('',(-0.857306092282,-0.,-0.514807016402));
#5679 = DIRECTION('',(0.514807016402,0.,-0.857306092282));
#5680 = ADVANCED_FACE('',(#5681),#5699,.T.);
#5681 = FACE_BOUND('',#5682,.T.);
#5682 = EDGE_LOOP('',(#5683,#5691,#5697,#5698));
#5683 = ORIENTED_EDGE('',*,*,#5684,.F.);
#5684 = EDGE_CURVE('',#5685,#1573,#5687,.T.);
#5685 = VERTEX_POINT('',#5686);
#5686 = CARTESIAN_POINT('',(75.207133058985,-8.,32.262222222222));
#5687 = LINE('',#5688,#5689);
#5688 = CARTESIAN_POINT('',(75.207133058985,24.,32.262222222222));
#5689 = VECTOR('',#5690,1.);
#5690 = DIRECTION('',(0.,1.,0.));
#5691 = ORIENTED_EDGE('',*,*,#5692,.T.);
#5692 = EDGE_CURVE('',#5685,#5661,#5693,.T.);
#5693 = LINE('',#5694,#5695);
#5694 = CARTESIAN_POINT('',(75.207133058985,-8.,32.262222222222));
#5695 = VECTOR('',#5696,1.);
#5696 = DIRECTION('',(-0.583776486487,0.,0.811914412869));
#5697 = ORIENTED_EDGE('',*,*,#5660,.T.);
#5698 = ORIENTED_EDGE('',*,*,#1580,.T.);
#5699 = PLANE('',#5700);
#5700 = AXIS2_PLACEMENT_3D('',#5701,#5702,#5703);
#5701 = CARTESIAN_POINT('',(75.007407407407,106.,32.54));
#5702 = DIRECTION('',(-0.811914412869,-0.,-0.583776486487));
#5703 = DIRECTION('',(0.583776486487,0.,-0.811914412869));
#5704 = ADVANCED_FACE('',(#5705),#5723,.T.);
#5705 = FACE_BOUND('',#5706,.T.);
#5706 = EDGE_LOOP('',(#5707,#5715,#5721,#5722));
#5707 = ORIENTED_EDGE('',*,*,#5708,.F.);
#5708 = EDGE_CURVE('',#5709,#1565,#5711,.T.);
#5709 = VERTEX_POINT('',#5710);
#5710 = CARTESIAN_POINT('',(75.659259259259,-8.,31.706666666667));
#5711 = LINE('',#5712,#5713);
#5712 = CARTESIAN_POINT('',(75.659259259259,24.,31.706666666667));
#5713 = VECTOR('',#5714,1.);
#5714 = DIRECTION('',(0.,1.,0.));
#5715 = ORIENTED_EDGE('',*,*,#5716,.T.);
#5716 = EDGE_CURVE('',#5709,#5685,#5717,.T.);
#5717 = LINE('',#5718,#5719);
#5718 = CARTESIAN_POINT('',(75.659259259259,-8.,31.706666666667));
#5719 = VECTOR('',#5720,1.);
#5720 = DIRECTION('',(-0.631212461229,0.,0.77560997208));
#5721 = ORIENTED_EDGE('',*,*,#5684,.T.);
#5722 = ORIENTED_EDGE('',*,*,#1572,.T.);
#5723 = PLANE('',#5724);
#5724 = AXIS2_PLACEMENT_3D('',#5725,#5726,#5727);
#5725 = CARTESIAN_POINT('',(75.433196159122,106.,31.984444444444));
#5726 = DIRECTION('',(-0.77560997208,-0.,-0.631212461229));
#5727 = DIRECTION('',(0.631212461229,0.,-0.77560997208));
#5728 = ADVANCED_FACE('',(#5729),#5747,.T.);
#5729 = FACE_BOUND('',#5730,.T.);
#5730 = EDGE_LOOP('',(#5731,#5739,#5745,#5746));
#5731 = ORIENTED_EDGE('',*,*,#5732,.F.);
#5732 = EDGE_CURVE('',#5733,#1557,#5735,.T.);
#5733 = VERTEX_POINT('',#5734);
#5734 = CARTESIAN_POINT('',(76.150891632373,-8.,31.151111111111));
#5735 = LINE('',#5736,#5737);
#5736 = CARTESIAN_POINT('',(76.150891632373,24.,31.151111111111));
#5737 = VECTOR('',#5738,1.);
#5738 = DIRECTION('',(0.,1.,0.));
#5739 = ORIENTED_EDGE('',*,*,#5740,.T.);
#5740 = EDGE_CURVE('',#5733,#5709,#5741,.T.);
#5741 = LINE('',#5742,#5743);
#5742 = CARTESIAN_POINT('',(76.150891632373,-8.,31.151111111111));
#5743 = VECTOR('',#5744,1.);
#5744 = DIRECTION('',(-0.662709521533,0.,0.748876551956));
#5745 = ORIENTED_EDGE('',*,*,#5708,.T.);
#5746 = ORIENTED_EDGE('',*,*,#1564,.T.);
#5747 = PLANE('',#5748);
#5748 = AXIS2_PLACEMENT_3D('',#5749,#5750,#5751);
#5749 = CARTESIAN_POINT('',(75.905075445816,106.,31.428888888889));
#5750 = DIRECTION('',(-0.748876551956,-0.,-0.662709521533));
#5751 = DIRECTION('',(0.662709521533,0.,-0.748876551956));
#5752 = ADVANCED_FACE('',(#5753),#5771,.T.);
#5753 = FACE_BOUND('',#5754,.T.);
#5754 = EDGE_LOOP('',(#5755,#5763,#5769,#5770));
#5755 = ORIENTED_EDGE('',*,*,#5756,.F.);
#5756 = EDGE_CURVE('',#5757,#1549,#5759,.T.);
#5757 = VERTEX_POINT('',#5758);
#5758 = CARTESIAN_POINT('',(76.668861454047,-8.,30.595555555556));
#5759 = LINE('',#5760,#5761);
#5760 = CARTESIAN_POINT('',(76.668861454047,24.,30.595555555556));
#5761 = VECTOR('',#5762,1.);
#5762 = DIRECTION('',(0.,1.,0.));
#5763 = ORIENTED_EDGE('',*,*,#5764,.T.);
#5764 = EDGE_CURVE('',#5757,#5733,#5765,.T.);
#5765 = LINE('',#5766,#5767);
#5766 = CARTESIAN_POINT('',(76.668861454047,-8.,30.595555555556));
#5767 = VECTOR('',#5768,1.);
#5768 = DIRECTION('',(-0.681932082106,0.,0.731415501199));
#5769 = ORIENTED_EDGE('',*,*,#5732,.T.);
#5770 = ORIENTED_EDGE('',*,*,#1556,.T.);
#5771 = PLANE('',#5772);
#5772 = AXIS2_PLACEMENT_3D('',#5773,#5774,#5775);
#5773 = CARTESIAN_POINT('',(76.40987654321,106.,30.873333333333));
#5774 = DIRECTION('',(-0.731415501199,-0.,-0.681932082106));
#5775 = DIRECTION('',(0.681932082106,0.,-0.731415501199));
#5776 = ADVANCED_FACE('',(#5777),#5795,.T.);
#5777 = FACE_BOUND('',#5778,.T.);
#5778 = EDGE_LOOP('',(#5779,#5787,#5793,#5794));
#5779 = ORIENTED_EDGE('',*,*,#5780,.F.);
#5780 = EDGE_CURVE('',#5781,#1541,#5783,.T.);
#5781 = VERTEX_POINT('',#5782);
#5782 = CARTESIAN_POINT('',(77.731138545953,-8.,29.484444444444));
#5783 = LINE('',#5784,#5785);
#5784 = CARTESIAN_POINT('',(77.731138545953,24.,29.484444444444));
#5785 = VECTOR('',#5786,1.);
#5786 = DIRECTION('',(0.,1.,0.));
#5787 = ORIENTED_EDGE('',*,*,#5788,.T.);
#5788 = EDGE_CURVE('',#5781,#5757,#5789,.T.);
#5789 = LINE('',#5790,#5791);
#5790 = CARTESIAN_POINT('',(77.2,-8.,30.04));
#5791 = VECTOR('',#5792,1.);
#5792 = DIRECTION('',(-0.691044328918,0.,0.722812379162));
#5793 = ORIENTED_EDGE('',*,*,#5756,.T.);
#5794 = ORIENTED_EDGE('',*,*,#1548,.T.);
#5795 = PLANE('',#5796);
#5796 = AXIS2_PLACEMENT_3D('',#5797,#5798,#5799);
#5797 = CARTESIAN_POINT('',(77.2,106.,30.04));
#5798 = DIRECTION('',(-0.722812379162,-0.,-0.691044328918));
#5799 = DIRECTION('',(0.691044328918,0.,-0.722812379162));
#5800 = ADVANCED_FACE('',(#5801),#5835,.T.);
#5801 = FACE_BOUND('',#5802,.T.);
#5802 = EDGE_LOOP('',(#5803,#5813,#5819,#5820,#5821,#5829));
#5803 = ORIENTED_EDGE('',*,*,#5804,.F.);
#5804 = EDGE_CURVE('',#5805,#5807,#5809,.T.);
#5805 = VERTEX_POINT('',#5806);
#5806 = CARTESIAN_POINT('',(78.249108367627,-8.,28.928888888889));
#5807 = VERTEX_POINT('',#5808);
#5808 = CARTESIAN_POINT('',(78.249108367627,220.,28.928888888889));
#5809 = LINE('',#5810,#5811);
#5810 = CARTESIAN_POINT('',(78.249108367627,24.,28.928888888889));
#5811 = VECTOR('',#5812,1.);
#5812 = DIRECTION('',(0.,1.,0.));
#5813 = ORIENTED_EDGE('',*,*,#5814,.T.);
#5814 = EDGE_CURVE('',#5805,#5781,#5815,.T.);
#5815 = LINE('',#5816,#5817);
#5816 = CARTESIAN_POINT('',(78.249108367627,-8.,28.928888888889));
#5817 = VECTOR('',#5818,1.);
#5818 = DIRECTION('',(-0.681932082106,0.,0.731415501199));
#5819 = ORIENTED_EDGE('',*,*,#5780,.T.);
#5820 = ORIENTED_EDGE('',*,*,#1540,.T.);
#5821 = ORIENTED_EDGE('',*,*,#5822,.F.);
#5822 = EDGE_CURVE('',#5823,#1533,#5825,.T.);
#5823 = VERTEX_POINT('',#5824);
#5824 = CARTESIAN_POINT('',(78.,220.,29.196073446328));
#5825 = LINE('',#5826,#5827);
#5826 = CARTESIAN_POINT('',(78.,148.29,29.196073446328));
#5827 = VECTOR('',#5828,1.);
#5828 = DIRECTION('',(0.,-1.,0.));
#5829 = ORIENTED_EDGE('',*,*,#5830,.F.);
#5830 = EDGE_CURVE('',#5807,#5823,#5831,.T.);
#5831 = LINE('',#5832,#5833);
#5832 = CARTESIAN_POINT('',(78.249108367627,220.,28.928888888889));
#5833 = VECTOR('',#5834,1.);
#5834 = DIRECTION('',(-0.681932082106,0.,0.731415501199));
#5835 = PLANE('',#5836);
#5836 = AXIS2_PLACEMENT_3D('',#5837,#5838,#5839);
#5837 = CARTESIAN_POINT('',(77.99012345679,106.,29.206666666667));
#5838 = DIRECTION('',(-0.731415501199,-0.,-0.681932082106));
#5839 = DIRECTION('',(0.681932082106,0.,-0.731415501199));
#5840 = ADVANCED_FACE('',(#5841),#5891,.T.);
#5841 = FACE_BOUND('',#5842,.T.);
#5842 = EDGE_LOOP('',(#5843,#5844,#5852,#5860,#5868,#5876,#5884,#5890));
#5843 = ORIENTED_EDGE('',*,*,#1532,.F.);
#5844 = ORIENTED_EDGE('',*,*,#5845,.T.);
#5845 = EDGE_CURVE('',#1525,#5846,#5848,.T.);
#5846 = VERTEX_POINT('',#5847);
#5847 = CARTESIAN_POINT('',(78.,220.,19.883926553672));
#5848 = LINE('',#5849,#5850);
#5849 = CARTESIAN_POINT('',(78.,159.48212792774,19.883926553672));
#5850 = VECTOR('',#5851,1.);
#5851 = DIRECTION('',(-0.,1.,0.));
#5852 = ORIENTED_EDGE('',*,*,#5853,.T.);
#5853 = EDGE_CURVE('',#5846,#5854,#5856,.T.);
#5854 = VERTEX_POINT('',#5855);
#5855 = CARTESIAN_POINT('',(78.,220.,14.04));
#5856 = LINE('',#5857,#5858);
#5857 = CARTESIAN_POINT('',(78.,220.,27.488377927749));
#5858 = VECTOR('',#5859,1.);
#5859 = DIRECTION('',(0.,0.,-1.));
#5860 = ORIENTED_EDGE('',*,*,#5861,.T.);
#5861 = EDGE_CURVE('',#5854,#5862,#5864,.T.);
#5862 = VERTEX_POINT('',#5863);
#5863 = CARTESIAN_POINT('',(78.,224.815,14.04));
#5864 = LINE('',#5865,#5866);
#5865 = CARTESIAN_POINT('',(78.,188.90598915591,14.04));
#5866 = VECTOR('',#5867,1.);
#5867 = DIRECTION('',(0.,1.,0.));
#5868 = ORIENTED_EDGE('',*,*,#5869,.F.);
#5869 = EDGE_CURVE('',#5870,#5862,#5872,.T.);
#5870 = VERTEX_POINT('',#5871);
#5871 = CARTESIAN_POINT('',(78.,224.815,35.04));
#5872 = LINE('',#5873,#5874);
#5873 = CARTESIAN_POINT('',(78.,224.815,19.988377927749));
#5874 = VECTOR('',#5875,1.);
#5875 = DIRECTION('',(0.,0.,-1.));
#5876 = ORIENTED_EDGE('',*,*,#5877,.T.);
#5877 = EDGE_CURVE('',#5870,#5878,#5880,.T.);
#5878 = VERTEX_POINT('',#5879);
#5879 = CARTESIAN_POINT('',(78.,220.,35.04));
#5880 = LINE('',#5881,#5882);
#5881 = CARTESIAN_POINT('',(78.,176.58385154991,35.04));
#5882 = VECTOR('',#5883,1.);
#5883 = DIRECTION('',(0.,-1.,0.));
#5884 = ORIENTED_EDGE('',*,*,#5885,.T.);
#5885 = EDGE_CURVE('',#5878,#5823,#5886,.T.);
#5886 = LINE('',#5887,#5888);
#5887 = CARTESIAN_POINT('',(78.,220.,27.488377927749));
#5888 = VECTOR('',#5889,1.);
#5889 = DIRECTION('',(0.,0.,-1.));
#5890 = ORIENTED_EDGE('',*,*,#5822,.T.);
#5891 = PLANE('',#5892);
#5892 = AXIS2_PLACEMENT_3D('',#5893,#5894,#5895);
#5893 = CARTESIAN_POINT('',(78.,210.8101698508,24.54));
#5894 = DIRECTION('',(1.,-4.011808720954E-16,0.));
#5895 = DIRECTION('',(4.011808720954E-16,1.,0.));
#5896 = ADVANCED_FACE('',(#5897),#5931,.T.);
#5897 = FACE_BOUND('',#5898,.T.);
#5898 = EDGE_LOOP('',(#5899,#5909,#5917,#5923,#5924,#5925));
#5899 = ORIENTED_EDGE('',*,*,#5900,.F.);
#5900 = EDGE_CURVE('',#5901,#5903,#5905,.T.);
#5901 = VERTEX_POINT('',#5902);
#5902 = CARTESIAN_POINT('',(78.249108367627,-8.,20.151111111111));
#5903 = VERTEX_POINT('',#5904);
#5904 = CARTESIAN_POINT('',(77.731138545953,-8.,19.595555555556));
#5905 = LINE('',#5906,#5907);
#5906 = CARTESIAN_POINT('',(78.249108367627,-8.,20.151111111111));
#5907 = VECTOR('',#5908,1.);
#5908 = DIRECTION('',(-0.681932082106,0.,-0.731415501199));
#5909 = ORIENTED_EDGE('',*,*,#5910,.T.);
#5910 = EDGE_CURVE('',#5901,#5911,#5913,.T.);
#5911 = VERTEX_POINT('',#5912);
#5912 = CARTESIAN_POINT('',(78.249108367627,220.,20.151111111111));
#5913 = LINE('',#5914,#5915);
#5914 = CARTESIAN_POINT('',(78.249108367627,24.,20.151111111111));
#5915 = VECTOR('',#5916,1.);
#5916 = DIRECTION('',(0.,1.,0.));
#5917 = ORIENTED_EDGE('',*,*,#5918,.T.);
#5918 = EDGE_CURVE('',#5911,#5846,#5919,.T.);
#5919 = LINE('',#5920,#5921);
#5920 = CARTESIAN_POINT('',(78.249108367627,220.,20.151111111111));
#5921 = VECTOR('',#5922,1.);
#5922 = DIRECTION('',(-0.681932082106,0.,-0.731415501199));
#5923 = ORIENTED_EDGE('',*,*,#5845,.F.);
#5924 = ORIENTED_EDGE('',*,*,#1524,.T.);
#5925 = ORIENTED_EDGE('',*,*,#5926,.F.);
#5926 = EDGE_CURVE('',#5903,#1517,#5927,.T.);
#5927 = LINE('',#5928,#5929);
#5928 = CARTESIAN_POINT('',(77.731138545953,24.,19.595555555556));
#5929 = VECTOR('',#5930,1.);
#5930 = DIRECTION('',(0.,1.,0.));
#5931 = PLANE('',#5932);
#5932 = AXIS2_PLACEMENT_3D('',#5933,#5934,#5935);
#5933 = CARTESIAN_POINT('',(77.99012345679,106.,19.873333333333));
#5934 = DIRECTION('',(-0.731415501199,-0.,0.681932082106));
#5935 = DIRECTION('',(-0.681932082106,0.,-0.731415501199));
#5936 = ADVANCED_FACE('',(#5937),#5955,.T.);
#5937 = FACE_BOUND('',#5938,.T.);
#5938 = EDGE_LOOP('',(#5939,#5947,#5948,#5949));
#5939 = ORIENTED_EDGE('',*,*,#5940,.F.);
#5940 = EDGE_CURVE('',#5903,#5941,#5943,.T.);
#5941 = VERTEX_POINT('',#5942);
#5942 = CARTESIAN_POINT('',(76.668861454047,-8.,18.484444444444));
#5943 = LINE('',#5944,#5945);
#5944 = CARTESIAN_POINT('',(77.731138545953,-8.,19.595555555556));
#5945 = VECTOR('',#5946,1.);
#5946 = DIRECTION('',(-0.691044328918,0.,-0.722812379162));
#5947 = ORIENTED_EDGE('',*,*,#5926,.T.);
#5948 = ORIENTED_EDGE('',*,*,#1516,.T.);
#5949 = ORIENTED_EDGE('',*,*,#5950,.F.);
#5950 = EDGE_CURVE('',#5941,#1509,#5951,.T.);
#5951 = LINE('',#5952,#5953);
#5952 = CARTESIAN_POINT('',(76.668861454047,-8.,18.484444444444));
#5953 = VECTOR('',#5954,1.);
#5954 = DIRECTION('',(0.,1.,0.));
#5955 = PLANE('',#5956);
#5956 = AXIS2_PLACEMENT_3D('',#5957,#5958,#5959);
#5957 = CARTESIAN_POINT('',(77.2,106.,19.04));
#5958 = DIRECTION('',(-0.722812379162,-0.,0.691044328918));
#5959 = DIRECTION('',(-0.691044328918,0.,-0.722812379162));
#5960 = ADVANCED_FACE('',(#5961),#5986,.T.);
#5961 = FACE_BOUND('',#5962,.T.);
#5962 = EDGE_LOOP('',(#5963,#5971,#5972,#5973,#5979,#5980));
#5963 = ORIENTED_EDGE('',*,*,#5964,.F.);
#5964 = EDGE_CURVE('',#5941,#5965,#5967,.T.);
#5965 = VERTEX_POINT('',#5966);
#5966 = CARTESIAN_POINT('',(76.217191769547,-8.,18.));
#5967 = LINE('',#5968,#5969);
#5968 = CARTESIAN_POINT('',(76.668861454047,-8.,18.484444444444));
#5969 = VECTOR('',#5970,1.);
#5970 = DIRECTION('',(-0.681932082106,0.,-0.731415501199));
#5971 = ORIENTED_EDGE('',*,*,#5950,.T.);
#5972 = ORIENTED_EDGE('',*,*,#1508,.T.);
#5973 = ORIENTED_EDGE('',*,*,#5974,.F.);
#5974 = EDGE_CURVE('',#2007,#1501,#5975,.T.);
#5975 = LINE('',#5976,#5977);
#5976 = CARTESIAN_POINT('',(76.150891632373,-8.,17.928888888889));
#5977 = VECTOR('',#5978,1.);
#5978 = DIRECTION('',(0.,1.,0.));
#5979 = ORIENTED_EDGE('',*,*,#2006,.T.);
#5980 = ORIENTED_EDGE('',*,*,#5981,.T.);
#5981 = EDGE_CURVE('',#1999,#5965,#5982,.T.);
#5982 = LINE('',#5983,#5984);
#5983 = CARTESIAN_POINT('',(76.217191769547,-8.,18.));
#5984 = VECTOR('',#5985,1.);
#5985 = DIRECTION('',(0.,-1.,0.));
#5986 = PLANE('',#5987);
#5987 = AXIS2_PLACEMENT_3D('',#5988,#5989,#5990);
#5988 = CARTESIAN_POINT('',(76.41364426236,106.0055250651,
    18.210707784929));
#5989 = DIRECTION('',(-0.731415501199,-0.,0.681932082106));
#5990 = DIRECTION('',(-0.681932082106,0.,-0.731415501199));
#5991 = ADVANCED_FACE('',(#5992),#6003,.T.);
#5992 = FACE_BOUND('',#5993,.T.);
#5993 = EDGE_LOOP('',(#5994,#6000,#6001,#6002));
#5994 = ORIENTED_EDGE('',*,*,#5995,.F.);
#5995 = EDGE_CURVE('',#2015,#1493,#5996,.T.);
#5996 = LINE('',#5997,#5998);
#5997 = CARTESIAN_POINT('',(75.659259259259,-8.,17.373333333333));
#5998 = VECTOR('',#5999,1.);
#5999 = DIRECTION('',(0.,1.,0.));
#6000 = ORIENTED_EDGE('',*,*,#2014,.T.);
#6001 = ORIENTED_EDGE('',*,*,#5974,.T.);
#6002 = ORIENTED_EDGE('',*,*,#1500,.T.);
#6003 = PLANE('',#6004);
#6004 = AXIS2_PLACEMENT_3D('',#6005,#6006,#6007);
#6005 = CARTESIAN_POINT('',(75.905075445816,119.,17.651111111111));
#6006 = DIRECTION('',(-0.748876551956,-0.,0.662709521533));
#6007 = DIRECTION('',(-0.662709521533,0.,-0.748876551956));
#6008 = ADVANCED_FACE('',(#6009),#6020,.T.);
#6009 = FACE_BOUND('',#6010,.T.);
#6010 = EDGE_LOOP('',(#6011,#6017,#6018,#6019));
#6011 = ORIENTED_EDGE('',*,*,#6012,.F.);
#6012 = EDGE_CURVE('',#2023,#1485,#6013,.T.);
#6013 = LINE('',#6014,#6015);
#6014 = CARTESIAN_POINT('',(75.207133058985,-8.,16.817777777778));
#6015 = VECTOR('',#6016,1.);
#6016 = DIRECTION('',(0.,1.,0.));
#6017 = ORIENTED_EDGE('',*,*,#2022,.T.);
#6018 = ORIENTED_EDGE('',*,*,#5995,.T.);
#6019 = ORIENTED_EDGE('',*,*,#1492,.T.);
#6020 = PLANE('',#6021);
#6021 = AXIS2_PLACEMENT_3D('',#6022,#6023,#6024);
#6022 = CARTESIAN_POINT('',(75.433196159122,119.,17.095555555556));
#6023 = DIRECTION('',(-0.77560997208,-0.,0.631212461229));
#6024 = DIRECTION('',(-0.631212461229,0.,-0.77560997208));
#6025 = ADVANCED_FACE('',(#6026),#6037,.T.);
#6026 = FACE_BOUND('',#6027,.T.);
#6027 = EDGE_LOOP('',(#6028,#6034,#6035,#6036));
#6028 = ORIENTED_EDGE('',*,*,#6029,.F.);
#6029 = EDGE_CURVE('',#2031,#1477,#6030,.T.);
#6030 = LINE('',#6031,#6032);
#6031 = CARTESIAN_POINT('',(74.80768175583,-8.,16.262222222222));
#6032 = VECTOR('',#6033,1.);
#6033 = DIRECTION('',(0.,1.,0.));
#6034 = ORIENTED_EDGE('',*,*,#2030,.T.);
#6035 = ORIENTED_EDGE('',*,*,#6012,.T.);
#6036 = ORIENTED_EDGE('',*,*,#1484,.T.);
#6037 = PLANE('',#6038);
#6038 = AXIS2_PLACEMENT_3D('',#6039,#6040,#6041);
#6039 = CARTESIAN_POINT('',(75.007407407407,119.,16.54));
#6040 = DIRECTION('',(-0.811914412869,-0.,0.583776486487));
#6041 = DIRECTION('',(-0.583776486487,0.,-0.811914412869));
#6042 = ADVANCED_FACE('',(#6043),#6054,.T.);
#6043 = FACE_BOUND('',#6044,.T.);
#6044 = EDGE_LOOP('',(#6045,#6051,#6052,#6053));
#6045 = ORIENTED_EDGE('',*,*,#6046,.F.);
#6046 = EDGE_CURVE('',#2039,#1469,#6047,.T.);
#6047 = LINE('',#6048,#6049);
#6048 = CARTESIAN_POINT('',(74.474074074074,-8.,15.706666666667));
#6049 = VECTOR('',#6050,1.);
#6050 = DIRECTION('',(0.,1.,0.));
#6051 = ORIENTED_EDGE('',*,*,#2038,.T.);
#6052 = ORIENTED_EDGE('',*,*,#6029,.T.);
#6053 = ORIENTED_EDGE('',*,*,#1476,.T.);
#6054 = PLANE('',#6055);
#6055 = AXIS2_PLACEMENT_3D('',#6056,#6057,#6058);
#6056 = CARTESIAN_POINT('',(74.640877914952,119.,15.984444444444));
#6057 = DIRECTION('',(-0.857306092282,-0.,0.514807016402));
#6058 = DIRECTION('',(-0.514807016402,0.,-0.857306092282));
#6059 = ADVANCED_FACE('',(#6060),#6071,.T.);
#6060 = FACE_BOUND('',#6061,.T.);
#6061 = EDGE_LOOP('',(#6062,#6068,#6069,#6070));
#6062 = ORIENTED_EDGE('',*,*,#6063,.F.);
#6063 = EDGE_CURVE('',#2047,#1461,#6064,.T.);
#6064 = LINE('',#6065,#6066);
#6065 = CARTESIAN_POINT('',(74.219478737997,-8.,15.151111111111));
#6066 = VECTOR('',#6067,1.);
#6067 = DIRECTION('',(0.,1.,0.));
#6068 = ORIENTED_EDGE('',*,*,#2046,.T.);
#6069 = ORIENTED_EDGE('',*,*,#6046,.T.);
#6070 = ORIENTED_EDGE('',*,*,#1468,.T.);
#6071 = PLANE('',#6072);
#6072 = AXIS2_PLACEMENT_3D('',#6073,#6074,#6075);
#6073 = CARTESIAN_POINT('',(74.346776406036,119.,15.428888888889));
#6074 = DIRECTION('',(-0.909086076713,-0.,0.416608335402));
#6075 = DIRECTION('',(-0.416608335402,0.,-0.909086076713));
#6076 = ADVANCED_FACE('',(#6077),#6088,.T.);
#6077 = FACE_BOUND('',#6078,.T.);
#6078 = EDGE_LOOP('',(#6079,#6085,#6086,#6087));
#6079 = ORIENTED_EDGE('',*,*,#6080,.F.);
#6080 = EDGE_CURVE('',#2055,#1453,#6081,.T.);
#6081 = LINE('',#6082,#6083);
#6082 = CARTESIAN_POINT('',(74.057064471879,-8.,14.595555555556));
#6083 = VECTOR('',#6084,1.);
#6084 = DIRECTION('',(0.,1.,0.));
#6085 = ORIENTED_EDGE('',*,*,#2054,.T.);
#6086 = ORIENTED_EDGE('',*,*,#6063,.T.);
#6087 = ORIENTED_EDGE('',*,*,#1460,.T.);
#6088 = PLANE('',#6089);
#6089 = AXIS2_PLACEMENT_3D('',#6090,#6091,#6092);
#6090 = CARTESIAN_POINT('',(74.138271604938,119.,14.873333333333));
#6091 = DIRECTION('',(-0.959824626333,-0.,0.280600582118));
#6092 = DIRECTION('',(-0.280600582118,0.,-0.959824626333));
#6093 = ADVANCED_FACE('',(#6094),#6100,.T.);
#6094 = FACE_BOUND('',#6095,.T.);
#6095 = EDGE_LOOP('',(#6096,#6097,#6098,#6099));
#6096 = ORIENTED_EDGE('',*,*,#2157,.F.);
#6097 = ORIENTED_EDGE('',*,*,#2062,.T.);
#6098 = ORIENTED_EDGE('',*,*,#6080,.T.);
#6099 = ORIENTED_EDGE('',*,*,#1452,.T.);
#6100 = PLANE('',#6101);
#6101 = AXIS2_PLACEMENT_3D('',#6102,#6103,#6104);
#6102 = CARTESIAN_POINT('',(74.02853223594,119.,14.317777777778));
#6103 = DIRECTION('',(-0.994766086025,-0.,0.102178442416));
#6104 = DIRECTION('',(-0.102178442416,0.,-0.994766086025));
#6105 = ADVANCED_FACE('',(#6106),#6124,.T.);
#6106 = FACE_BOUND('',#6107,.T.);
#6107 = EDGE_LOOP('',(#6108,#6114,#6115,#6116,#6117,#6123));
#6108 = ORIENTED_EDGE('',*,*,#6109,.T.);
#6109 = EDGE_CURVE('',#2262,#2198,#6110,.T.);
#6110 = LINE('',#6111,#6112);
#6111 = CARTESIAN_POINT('',(70.6,202.4475,14.));
#6112 = VECTOR('',#6113,1.);
#6113 = DIRECTION('',(-0.,1.,0.));
#6114 = ORIENTED_EDGE('',*,*,#2197,.F.);
#6115 = ORIENTED_EDGE('',*,*,#2164,.F.);
#6116 = ORIENTED_EDGE('',*,*,#1436,.F.);
#6117 = ORIENTED_EDGE('',*,*,#6118,.T.);
#6118 = EDGE_CURVE('',#1429,#2270,#6119,.T.);
#6119 = LINE('',#6120,#6121);
#6120 = CARTESIAN_POINT('',(70.4,190.58,14.));
#6121 = VECTOR('',#6122,1.);
#6122 = DIRECTION('',(-0.,1.,0.));
#6123 = ORIENTED_EDGE('',*,*,#2269,.F.);
#6124 = PLANE('',#6125);
#6125 = AXIS2_PLACEMENT_3D('',#6126,#6127,#6128);
#6126 = CARTESIAN_POINT('',(72.287250172295,203.2027498277,14.));
#6127 = DIRECTION('',(-0.,-0.,-1.));
#6128 = DIRECTION('',(-1.,0.,0.));
#6129 = ADVANCED_FACE('',(#6130),#6189,.T.);
#6130 = FACE_BOUND('',#6131,.T.);
#6131 = EDGE_LOOP('',(#6132,#6133,#6134,#6142,#6148,#6149,#6150,#6158,
    #6166,#6174,#6182,#6188));
#6132 = ORIENTED_EDGE('',*,*,#6118,.F.);
#6133 = ORIENTED_EDGE('',*,*,#1428,.T.);
#6134 = ORIENTED_EDGE('',*,*,#6135,.F.);
#6135 = EDGE_CURVE('',#6136,#1421,#6138,.T.);
#6136 = VERTEX_POINT('',#6137);
#6137 = CARTESIAN_POINT('',(70.4,214.315,33.54));
#6138 = LINE('',#6139,#6140);
#6139 = CARTESIAN_POINT('',(70.4,202.3975,33.54));
#6140 = VECTOR('',#6141,1.);
#6141 = DIRECTION('',(0.,-1.,0.));
#6142 = ORIENTED_EDGE('',*,*,#6143,.T.);
#6143 = EDGE_CURVE('',#6136,#2573,#6144,.T.);
#6144 = LINE('',#6145,#6146);
#6145 = CARTESIAN_POINT('',(70.4,214.315,15.6));
#6146 = VECTOR('',#6147,1.);
#6147 = DIRECTION('',(0.,0.,1.));
#6148 = ORIENTED_EDGE('',*,*,#2572,.T.);
#6149 = ORIENTED_EDGE('',*,*,#1886,.F.);
#6150 = ORIENTED_EDGE('',*,*,#6151,.T.);
#6151 = EDGE_CURVE('',#1879,#6152,#6154,.T.);
#6152 = VERTEX_POINT('',#6153);
#6153 = CARTESIAN_POINT('',(70.4,220.5,14.2));
#6154 = LINE('',#6155,#6156);
#6155 = CARTESIAN_POINT('',(70.4,202.4475,14.2));
#6156 = VECTOR('',#6157,1.);
#6157 = DIRECTION('',(0.,-1.,0.));
#6158 = ORIENTED_EDGE('',*,*,#6159,.F.);
#6159 = EDGE_CURVE('',#6160,#6152,#6162,.T.);
#6160 = VERTEX_POINT('',#6161);
#6161 = CARTESIAN_POINT('',(70.4,220.5,15.6));
#6162 = LINE('',#6163,#6164);
#6163 = CARTESIAN_POINT('',(70.4,220.5,14.02));
#6164 = VECTOR('',#6165,1.);
#6165 = DIRECTION('',(-0.,0.,-1.));
#6166 = ORIENTED_EDGE('',*,*,#6167,.F.);
#6167 = EDGE_CURVE('',#6168,#6160,#6170,.T.);
#6168 = VERTEX_POINT('',#6169);
#6169 = CARTESIAN_POINT('',(70.4,216.,15.6));
#6170 = LINE('',#6171,#6172);
#6171 = CARTESIAN_POINT('',(70.4,214.315,15.6));
#6172 = VECTOR('',#6173,1.);
#6173 = DIRECTION('',(-0.,1.,0.));
#6174 = ORIENTED_EDGE('',*,*,#6175,.F.);
#6175 = EDGE_CURVE('',#6176,#6168,#6178,.T.);
#6176 = VERTEX_POINT('',#6177);
#6177 = CARTESIAN_POINT('',(70.4,216.,14.2));
#6178 = LINE('',#6179,#6180);
#6179 = CARTESIAN_POINT('',(70.4,216.,19.27));
#6180 = VECTOR('',#6181,1.);
#6181 = DIRECTION('',(0.,-0.,1.));
#6182 = ORIENTED_EDGE('',*,*,#6183,.F.);
#6183 = EDGE_CURVE('',#2278,#6176,#6184,.T.);
#6184 = LINE('',#6185,#6186);
#6185 = CARTESIAN_POINT('',(70.4,190.63,14.2));
#6186 = VECTOR('',#6187,1.);
#6187 = DIRECTION('',(-0.,1.,0.));
#6188 = ORIENTED_EDGE('',*,*,#2277,.F.);
#6189 = PLANE('',#6190);
#6190 = AXIS2_PLACEMENT_3D('',#6191,#6192,#6193);
#6191 = CARTESIAN_POINT('',(70.4,210.5402961165,25.512687378641));
#6192 = DIRECTION('',(-1.,-0.,-0.));
#6193 = DIRECTION('',(0.,0.,-1.));
#6194 = ADVANCED_FACE('',(#6195),#6220,.F.);
#6195 = FACE_BOUND('',#6196,.F.);
#6196 = EDGE_LOOP('',(#6197,#6203,#6204,#6205,#6213,#6219));
#6197 = ORIENTED_EDGE('',*,*,#6198,.F.);
#6198 = EDGE_CURVE('',#1412,#2334,#6199,.T.);
#6199 = LINE('',#6200,#6201);
#6200 = CARTESIAN_POINT('',(47.325260557006,190.18,33.54));
#6201 = VECTOR('',#6202,1.);
#6202 = DIRECTION('',(0.,1.,0.));
#6203 = ORIENTED_EDGE('',*,*,#1420,.T.);
#6204 = ORIENTED_EDGE('',*,*,#6135,.F.);
#6205 = ORIENTED_EDGE('',*,*,#6206,.T.);
#6206 = EDGE_CURVE('',#6136,#6207,#6209,.T.);
#6207 = VERTEX_POINT('',#6208);
#6208 = CARTESIAN_POINT('',(53.,214.315,33.54));
#6209 = LINE('',#6210,#6211);
#6210 = CARTESIAN_POINT('',(-74.2,214.315,33.54));
#6211 = VECTOR('',#6212,1.);
#6212 = DIRECTION('',(-1.,-0.,0.));
#6213 = ORIENTED_EDGE('',*,*,#6214,.F.);
#6214 = EDGE_CURVE('',#2326,#6207,#6215,.T.);
#6215 = LINE('',#6216,#6217);
#6216 = CARTESIAN_POINT('',(53.,190.63,33.54));
#6217 = VECTOR('',#6218,1.);
#6218 = DIRECTION('',(-0.,1.,0.));
#6219 = ORIENTED_EDGE('',*,*,#2333,.T.);
#6220 = PLANE('',#6221);
#6221 = AXIS2_PLACEMENT_3D('',#6222,#6223,#6224);
#6222 = CARTESIAN_POINT('',(-78.,190.58,33.54));
#6223 = DIRECTION('',(0.,0.,1.));
#6224 = DIRECTION('',(1.,0.,-0.));
#6225 = ADVANCED_FACE('',(#6226),#6254,.F.);
#6226 = FACE_BOUND('',#6227,.F.);
#6227 = EDGE_LOOP('',(#6228,#6237,#6243,#6244,#6245,#6246,#6252,#6253));
#6228 = ORIENTED_EDGE('',*,*,#6229,.F.);
#6229 = EDGE_CURVE('',#6230,#6230,#6232,.T.);
#6230 = VERTEX_POINT('',#6231);
#6231 = CARTESIAN_POINT('',(42.,198.065,36.9));
#6232 = CIRCLE('',#6233,5.9);
#6233 = AXIS2_PLACEMENT_3D('',#6234,#6235,#6236);
#6234 = CARTESIAN_POINT('',(42.,198.065,31.));
#6235 = DIRECTION('',(0.,1.,0.));
#6236 = DIRECTION('',(0.,-0.,1.));
#6237 = ORIENTED_EDGE('',*,*,#6238,.F.);
#6238 = EDGE_CURVE('',#1403,#6230,#6239,.T.);
#6239 = LINE('',#6240,#6241);
#6240 = CARTESIAN_POINT('',(42.,190.18,36.9));
#6241 = VECTOR('',#6242,1.);
#6242 = DIRECTION('',(0.,1.,0.));
#6243 = ORIENTED_EDGE('',*,*,#1411,.T.);
#6244 = ORIENTED_EDGE('',*,*,#6198,.T.);
#6245 = ORIENTED_EDGE('',*,*,#2341,.T.);
#6246 = ORIENTED_EDGE('',*,*,#6247,.F.);
#6247 = EDGE_CURVE('',#1395,#2342,#6248,.T.);
#6248 = LINE('',#6249,#6250);
#6249 = CARTESIAN_POINT('',(36.674739442994,190.18,33.54));
#6250 = VECTOR('',#6251,1.);
#6251 = DIRECTION('',(0.,1.,0.));
#6252 = ORIENTED_EDGE('',*,*,#1402,.T.);
#6253 = ORIENTED_EDGE('',*,*,#6238,.T.);
#6254 = CYLINDRICAL_SURFACE('',#6255,5.9);
#6255 = AXIS2_PLACEMENT_3D('',#6256,#6257,#6258);
#6256 = CARTESIAN_POINT('',(42.,190.18,31.));
#6257 = DIRECTION('',(0.,1.,0.));
#6258 = DIRECTION('',(0.,-0.,1.));
#6259 = ADVANCED_FACE('',(#6260),#6294,.F.);
#6260 = FACE_BOUND('',#6261,.F.);
#6261 = EDGE_LOOP('',(#6262,#6270,#6271,#6277,#6278,#6279,#6280,#6288));
#6262 = ORIENTED_EDGE('',*,*,#6263,.F.);
#6263 = EDGE_CURVE('',#2407,#6264,#6266,.T.);
#6264 = VERTEX_POINT('',#6265);
#6265 = CARTESIAN_POINT('',(-31.,214.315,33.54));
#6266 = LINE('',#6267,#6268);
#6267 = CARTESIAN_POINT('',(-31.,190.63,33.54));
#6268 = VECTOR('',#6269,1.);
#6269 = DIRECTION('',(-0.,1.,0.));
#6270 = ORIENTED_EDGE('',*,*,#2414,.T.);
#6271 = ORIENTED_EDGE('',*,*,#6272,.F.);
#6272 = EDGE_CURVE('',#1386,#2415,#6273,.T.);
#6273 = LINE('',#6274,#6275);
#6274 = CARTESIAN_POINT('',(-36.67473944299,190.18,33.54));
#6275 = VECTOR('',#6276,1.);
#6276 = DIRECTION('',(0.,1.,0.));
#6277 = ORIENTED_EDGE('',*,*,#1394,.T.);
#6278 = ORIENTED_EDGE('',*,*,#6247,.T.);
#6279 = ORIENTED_EDGE('',*,*,#2350,.T.);
#6280 = ORIENTED_EDGE('',*,*,#6281,.T.);
#6281 = EDGE_CURVE('',#2351,#6282,#6284,.T.);
#6282 = VERTEX_POINT('',#6283);
#6283 = CARTESIAN_POINT('',(31.,214.315,33.54));
#6284 = LINE('',#6285,#6286);
#6285 = CARTESIAN_POINT('',(31.,190.63,33.54));
#6286 = VECTOR('',#6287,1.);
#6287 = DIRECTION('',(-0.,1.,0.));
#6288 = ORIENTED_EDGE('',*,*,#6289,.T.);
#6289 = EDGE_CURVE('',#6282,#6264,#6290,.T.);
#6290 = LINE('',#6291,#6292);
#6291 = CARTESIAN_POINT('',(-74.2,214.315,33.54));
#6292 = VECTOR('',#6293,1.);
#6293 = DIRECTION('',(-1.,-0.,0.));
#6294 = PLANE('',#6295);
#6295 = AXIS2_PLACEMENT_3D('',#6296,#6297,#6298);
#6296 = CARTESIAN_POINT('',(-78.,190.58,33.54));
#6297 = DIRECTION('',(0.,0.,1.));
#6298 = DIRECTION('',(1.,0.,-0.));
#6299 = ADVANCED_FACE('',(#6300),#6328,.F.);
#6300 = FACE_BOUND('',#6301,.F.);
#6301 = EDGE_LOOP('',(#6302,#6311,#6317,#6318,#6319,#6320,#6326,#6327));
#6302 = ORIENTED_EDGE('',*,*,#6303,.F.);
#6303 = EDGE_CURVE('',#6304,#6304,#6306,.T.);
#6304 = VERTEX_POINT('',#6305);
#6305 = CARTESIAN_POINT('',(-42.,198.065,36.9));
#6306 = CIRCLE('',#6307,5.9);
#6307 = AXIS2_PLACEMENT_3D('',#6308,#6309,#6310);
#6308 = CARTESIAN_POINT('',(-42.,198.065,31.));
#6309 = DIRECTION('',(0.,1.,0.));
#6310 = DIRECTION('',(0.,-0.,1.));
#6311 = ORIENTED_EDGE('',*,*,#6312,.F.);
#6312 = EDGE_CURVE('',#1377,#6304,#6313,.T.);
#6313 = LINE('',#6314,#6315);
#6314 = CARTESIAN_POINT('',(-42.,190.18,36.9));
#6315 = VECTOR('',#6316,1.);
#6316 = DIRECTION('',(0.,1.,0.));
#6317 = ORIENTED_EDGE('',*,*,#1385,.T.);
#6318 = ORIENTED_EDGE('',*,*,#6272,.T.);
#6319 = ORIENTED_EDGE('',*,*,#2422,.T.);
#6320 = ORIENTED_EDGE('',*,*,#6321,.F.);
#6321 = EDGE_CURVE('',#1369,#2423,#6322,.T.);
#6322 = LINE('',#6323,#6324);
#6323 = CARTESIAN_POINT('',(-47.325260557,190.18,33.54));
#6324 = VECTOR('',#6325,1.);
#6325 = DIRECTION('',(0.,1.,0.));
#6326 = ORIENTED_EDGE('',*,*,#1376,.T.);
#6327 = ORIENTED_EDGE('',*,*,#6312,.T.);
#6328 = CYLINDRICAL_SURFACE('',#6329,5.9);
#6329 = AXIS2_PLACEMENT_3D('',#6330,#6331,#6332);
#6330 = CARTESIAN_POINT('',(-42.,190.18,31.));
#6331 = DIRECTION('',(0.,1.,0.));
#6332 = DIRECTION('',(0.,-0.,1.));
#6333 = ADVANCED_FACE('',(#6334),#6361,.F.);
#6334 = FACE_BOUND('',#6335,.F.);
#6335 = EDGE_LOOP('',(#6336,#6344,#6352,#6358,#6359,#6360));
#6336 = ORIENTED_EDGE('',*,*,#6337,.T.);
#6337 = EDGE_CURVE('',#2432,#6338,#6340,.T.);
#6338 = VERTEX_POINT('',#6339);
#6339 = CARTESIAN_POINT('',(-53.,214.315,33.54));
#6340 = LINE('',#6341,#6342);
#6341 = CARTESIAN_POINT('',(-53.,190.63,33.54));
#6342 = VECTOR('',#6343,1.);
#6343 = DIRECTION('',(-0.,1.,0.));
#6344 = ORIENTED_EDGE('',*,*,#6345,.T.);
#6345 = EDGE_CURVE('',#6338,#6346,#6348,.T.);
#6346 = VERTEX_POINT('',#6347);
#6347 = CARTESIAN_POINT('',(-70.4,214.315,33.54));
#6348 = LINE('',#6349,#6350);
#6349 = CARTESIAN_POINT('',(-74.2,214.315,33.54));
#6350 = VECTOR('',#6351,1.);
#6351 = DIRECTION('',(-1.,-0.,0.));
#6352 = ORIENTED_EDGE('',*,*,#6353,.F.);
#6353 = EDGE_CURVE('',#1361,#6346,#6354,.T.);
#6354 = LINE('',#6355,#6356);
#6355 = CARTESIAN_POINT('',(-70.4,190.58,33.54));
#6356 = VECTOR('',#6357,1.);
#6357 = DIRECTION('',(-0.,1.,0.));
#6358 = ORIENTED_EDGE('',*,*,#1368,.T.);
#6359 = ORIENTED_EDGE('',*,*,#6321,.T.);
#6360 = ORIENTED_EDGE('',*,*,#2431,.T.);
#6361 = PLANE('',#6362);
#6362 = AXIS2_PLACEMENT_3D('',#6363,#6364,#6365);
#6363 = CARTESIAN_POINT('',(-78.,190.58,33.54));
#6364 = DIRECTION('',(0.,0.,1.));
#6365 = DIRECTION('',(1.,0.,-0.));
#6366 = ADVANCED_FACE('',(#6367),#6419,.T.);
#6367 = FACE_BOUND('',#6368,.T.);
#6368 = EDGE_LOOP('',(#6369,#6370,#6371,#6372,#6380,#6388,#6396,#6404,
    #6410,#6411,#6412,#6418));
#6369 = ORIENTED_EDGE('',*,*,#1360,.F.);
#6370 = ORIENTED_EDGE('',*,*,#1780,.T.);
#6371 = ORIENTED_EDGE('',*,*,#2487,.T.);
#6372 = ORIENTED_EDGE('',*,*,#6373,.F.);
#6373 = EDGE_CURVE('',#6374,#2480,#6376,.T.);
#6374 = VERTEX_POINT('',#6375);
#6375 = CARTESIAN_POINT('',(-70.4,216.,14.2));
#6376 = LINE('',#6377,#6378);
#6377 = CARTESIAN_POINT('',(-70.4,202.4475,14.2));
#6378 = VECTOR('',#6379,1.);
#6379 = DIRECTION('',(0.,-1.,0.));
#6380 = ORIENTED_EDGE('',*,*,#6381,.T.);
#6381 = EDGE_CURVE('',#6374,#6382,#6384,.T.);
#6382 = VERTEX_POINT('',#6383);
#6383 = CARTESIAN_POINT('',(-70.4,216.,15.6));
#6384 = LINE('',#6385,#6386);
#6385 = CARTESIAN_POINT('',(-70.4,216.,19.27));
#6386 = VECTOR('',#6387,1.);
#6387 = DIRECTION('',(0.,-0.,1.));
#6388 = ORIENTED_EDGE('',*,*,#6389,.T.);
#6389 = EDGE_CURVE('',#6382,#6390,#6392,.T.);
#6390 = VERTEX_POINT('',#6391);
#6391 = CARTESIAN_POINT('',(-70.4,220.5,15.6));
#6392 = LINE('',#6393,#6394);
#6393 = CARTESIAN_POINT('',(-70.4,214.315,15.6));
#6394 = VECTOR('',#6395,1.);
#6395 = DIRECTION('',(-0.,1.,0.));
#6396 = ORIENTED_EDGE('',*,*,#6397,.T.);
#6397 = EDGE_CURVE('',#6390,#6398,#6400,.T.);
#6398 = VERTEX_POINT('',#6399);
#6399 = CARTESIAN_POINT('',(-70.4,220.5,14.2));
#6400 = LINE('',#6401,#6402);
#6401 = CARTESIAN_POINT('',(-70.4,220.5,14.02));
#6402 = VECTOR('',#6403,1.);
#6403 = DIRECTION('',(-0.,0.,-1.));
#6404 = ORIENTED_EDGE('',*,*,#6405,.F.);
#6405 = EDGE_CURVE('',#1839,#6398,#6406,.T.);
#6406 = LINE('',#6407,#6408);
#6407 = CARTESIAN_POINT('',(-70.4,202.4475,14.2));
#6408 = VECTOR('',#6409,1.);
#6409 = DIRECTION('',(0.,-1.,0.));
#6410 = ORIENTED_EDGE('',*,*,#1838,.F.);
#6411 = ORIENTED_EDGE('',*,*,#2588,.F.);
#6412 = ORIENTED_EDGE('',*,*,#6413,.F.);
#6413 = EDGE_CURVE('',#6346,#2581,#6414,.T.);
#6414 = LINE('',#6415,#6416);
#6415 = CARTESIAN_POINT('',(-70.4,214.315,15.6));
#6416 = VECTOR('',#6417,1.);
#6417 = DIRECTION('',(0.,0.,1.));
#6418 = ORIENTED_EDGE('',*,*,#6353,.F.);
#6419 = PLANE('',#6420);
#6420 = AXIS2_PLACEMENT_3D('',#6421,#6422,#6423);
#6421 = CARTESIAN_POINT('',(-70.4,210.5402961165,25.512687378641));
#6422 = DIRECTION('',(1.,0.,0.));
#6423 = DIRECTION('',(-0.,0.,1.));
#6424 = ADVANCED_FACE('',(#6425),#6436,.F.);
#6425 = FACE_BOUND('',#6426,.F.);
#6426 = EDGE_LOOP('',(#6427,#6428,#6429,#6435));
#6427 = ORIENTED_EDGE('',*,*,#1764,.T.);
#6428 = ORIENTED_EDGE('',*,*,#2494,.F.);
#6429 = ORIENTED_EDGE('',*,*,#6430,.T.);
#6430 = EDGE_CURVE('',#2495,#1806,#6431,.T.);
#6431 = LINE('',#6432,#6433);
#6432 = CARTESIAN_POINT('',(-70.6,190.68,13.8));
#6433 = VECTOR('',#6434,1.);
#6434 = DIRECTION('',(-0.,1.,0.));
#6435 = ORIENTED_EDGE('',*,*,#1813,.T.);
#6436 = PLANE('',#6437);
#6437 = AXIS2_PLACEMENT_3D('',#6438,#6439,#6440);
#6438 = CARTESIAN_POINT('',(-70.6,190.68,13.8));
#6439 = DIRECTION('',(1.,0.,-0.));
#6440 = DIRECTION('',(0.,0.,1.));
#6441 = ADVANCED_FACE('',(#6442),#6448,.F.);
#6442 = FACE_BOUND('',#6443,.F.);
#6443 = EDGE_LOOP('',(#6444,#6445,#6446,#6447));
#6444 = ORIENTED_EDGE('',*,*,#6430,.F.);
#6445 = ORIENTED_EDGE('',*,*,#2502,.T.);
#6446 = ORIENTED_EDGE('',*,*,#2524,.F.);
#6447 = ORIENTED_EDGE('',*,*,#1805,.T.);
#6448 = PLANE('',#6449);
#6449 = AXIS2_PLACEMENT_3D('',#6450,#6451,#6452);
#6450 = CARTESIAN_POINT('',(-70.6,190.68,13.8));
#6451 = DIRECTION('',(0.,0.,1.));
#6452 = DIRECTION('',(1.,0.,-0.));
#6453 = ADVANCED_FACE('',(#6454),#6472,.T.);
#6454 = FACE_BOUND('',#6455,.T.);
#6455 = EDGE_LOOP('',(#6456,#6464,#6470,#6471));
#6456 = ORIENTED_EDGE('',*,*,#6457,.F.);
#6457 = EDGE_CURVE('',#6458,#1871,#6460,.T.);
#6458 = VERTEX_POINT('',#6459);
#6459 = CARTESIAN_POINT('',(70.2,220.5,14.2));
#6460 = LINE('',#6461,#6462);
#6461 = CARTESIAN_POINT('',(70.2,190.68,14.2));
#6462 = VECTOR('',#6463,1.);
#6463 = DIRECTION('',(-0.,1.,0.));
#6464 = ORIENTED_EDGE('',*,*,#6465,.T.);
#6465 = EDGE_CURVE('',#6458,#6152,#6466,.T.);
#6466 = LINE('',#6467,#6468);
#6467 = CARTESIAN_POINT('',(-1.9,220.5,14.2));
#6468 = VECTOR('',#6469,1.);
#6469 = DIRECTION('',(1.,0.,-0.));
#6470 = ORIENTED_EDGE('',*,*,#6151,.F.);
#6471 = ORIENTED_EDGE('',*,*,#1878,.F.);
#6472 = PLANE('',#6473);
#6473 = AXIS2_PLACEMENT_3D('',#6474,#6475,#6476);
#6474 = CARTESIAN_POINT('',(70.2,190.68,14.2));
#6475 = DIRECTION('',(0.,0.,1.));
#6476 = DIRECTION('',(1.,0.,-0.));
#6477 = ADVANCED_FACE('',(#6478),#6496,.F.);
#6478 = FACE_BOUND('',#6479,.F.);
#6479 = EDGE_LOOP('',(#6480,#6488,#6489,#6490));
#6480 = ORIENTED_EDGE('',*,*,#6481,.T.);
#6481 = EDGE_CURVE('',#6482,#1863,#6484,.T.);
#6482 = VERTEX_POINT('',#6483);
#6483 = CARTESIAN_POINT('',(70.2,220.5,14.04));
#6484 = LINE('',#6485,#6486);
#6485 = CARTESIAN_POINT('',(70.2,177.76386122816,14.04));
#6486 = VECTOR('',#6487,1.);
#6487 = DIRECTION('',(-0.,1.,0.));
#6488 = ORIENTED_EDGE('',*,*,#1870,.T.);
#6489 = ORIENTED_EDGE('',*,*,#6457,.F.);
#6490 = ORIENTED_EDGE('',*,*,#6491,.T.);
#6491 = EDGE_CURVE('',#6458,#6482,#6492,.T.);
#6492 = LINE('',#6493,#6494);
#6493 = CARTESIAN_POINT('',(70.2,220.5,13.92));
#6494 = VECTOR('',#6495,1.);
#6495 = DIRECTION('',(-0.,0.,-1.));
#6496 = PLANE('',#6497);
#6497 = AXIS2_PLACEMENT_3D('',#6498,#6499,#6500);
#6498 = CARTESIAN_POINT('',(70.2,190.68,13.8));
#6499 = DIRECTION('',(1.,0.,-0.));
#6500 = DIRECTION('',(0.,0.,1.));
#6501 = ADVANCED_FACE('',(#6502),#6520,.T.);
#6502 = FACE_BOUND('',#6503,.T.);
#6503 = EDGE_LOOP('',(#6504,#6512,#6518,#6519));
#6504 = ORIENTED_EDGE('',*,*,#6505,.F.);
#6505 = EDGE_CURVE('',#6506,#1855,#6508,.T.);
#6506 = VERTEX_POINT('',#6507);
#6507 = CARTESIAN_POINT('',(-70.2,220.5,14.04));
#6508 = LINE('',#6509,#6510);
#6509 = CARTESIAN_POINT('',(-70.2,177.76386122816,14.04));
#6510 = VECTOR('',#6511,1.);
#6511 = DIRECTION('',(-0.,1.,0.));
#6512 = ORIENTED_EDGE('',*,*,#6513,.T.);
#6513 = EDGE_CURVE('',#6506,#6482,#6514,.T.);
#6514 = LINE('',#6515,#6516);
#6515 = CARTESIAN_POINT('',(-74.,220.5,14.04));
#6516 = VECTOR('',#6517,1.);
#6517 = DIRECTION('',(1.,0.,-0.));
#6518 = ORIENTED_EDGE('',*,*,#6481,.T.);
#6519 = ORIENTED_EDGE('',*,*,#1862,.T.);
#6520 = PLANE('',#6521);
#6521 = AXIS2_PLACEMENT_3D('',#6522,#6523,#6524);
#6522 = CARTESIAN_POINT('',(3.515388226771E-15,164.84772245633,14.04));
#6523 = DIRECTION('',(0.,0.,1.));
#6524 = DIRECTION('',(1.,0.,-0.));
#6525 = ADVANCED_FACE('',(#6526),#6544,.T.);
#6526 = FACE_BOUND('',#6527,.T.);
#6527 = EDGE_LOOP('',(#6528,#6529,#6530,#6538));
#6528 = ORIENTED_EDGE('',*,*,#6505,.T.);
#6529 = ORIENTED_EDGE('',*,*,#1854,.T.);
#6530 = ORIENTED_EDGE('',*,*,#6531,.F.);
#6531 = EDGE_CURVE('',#6532,#1847,#6534,.T.);
#6532 = VERTEX_POINT('',#6533);
#6533 = CARTESIAN_POINT('',(-70.2,220.5,14.2));
#6534 = LINE('',#6535,#6536);
#6535 = CARTESIAN_POINT('',(-70.2,190.68,14.2));
#6536 = VECTOR('',#6537,1.);
#6537 = DIRECTION('',(-0.,1.,0.));
#6538 = ORIENTED_EDGE('',*,*,#6539,.T.);
#6539 = EDGE_CURVE('',#6532,#6506,#6540,.T.);
#6540 = LINE('',#6541,#6542);
#6541 = CARTESIAN_POINT('',(-70.2,220.5,13.92));
#6542 = VECTOR('',#6543,1.);
#6543 = DIRECTION('',(-0.,0.,-1.));
#6544 = PLANE('',#6545);
#6545 = AXIS2_PLACEMENT_3D('',#6546,#6547,#6548);
#6546 = CARTESIAN_POINT('',(-70.2,190.68,13.8));
#6547 = DIRECTION('',(1.,0.,-0.));
#6548 = DIRECTION('',(0.,0.,1.));
#6549 = ADVANCED_FACE('',(#6550),#6561,.T.);
#6550 = FACE_BOUND('',#6551,.T.);
#6551 = EDGE_LOOP('',(#6552,#6553,#6554,#6560));
#6552 = ORIENTED_EDGE('',*,*,#1846,.F.);
#6553 = ORIENTED_EDGE('',*,*,#6405,.T.);
#6554 = ORIENTED_EDGE('',*,*,#6555,.T.);
#6555 = EDGE_CURVE('',#6398,#6532,#6556,.T.);
#6556 = LINE('',#6557,#6558);
#6557 = CARTESIAN_POINT('',(-72.3,220.5,14.2));
#6558 = VECTOR('',#6559,1.);
#6559 = DIRECTION('',(1.,0.,-0.));
#6560 = ORIENTED_EDGE('',*,*,#6531,.T.);
#6561 = PLANE('',#6562);
#6562 = AXIS2_PLACEMENT_3D('',#6563,#6564,#6565);
#6563 = CARTESIAN_POINT('',(-70.6,190.68,14.2));
#6564 = DIRECTION('',(0.,0.,1.));
#6565 = DIRECTION('',(1.,0.,-0.));
#6566 = ADVANCED_FACE('',(#6567),#6585,.T.);
#6567 = FACE_BOUND('',#6568,.T.);
#6568 = EDGE_LOOP('',(#6569,#6570,#6571,#6579));
#6569 = ORIENTED_EDGE('',*,*,#2078,.F.);
#6570 = ORIENTED_EDGE('',*,*,#1916,.T.);
#6571 = ORIENTED_EDGE('',*,*,#6572,.T.);
#6572 = EDGE_CURVE('',#1919,#6573,#6575,.T.);
#6573 = VERTEX_POINT('',#6574);
#6574 = CARTESIAN_POINT('',(105.94293552812,219.8,14.595555555556));
#6575 = LINE('',#6576,#6577);
#6576 = CARTESIAN_POINT('',(106.19772739826,219.8,12.115009704384));
#6577 = VECTOR('',#6578,1.);
#6578 = DIRECTION('',(-0.102178442416,-0.,0.994766086025));
#6579 = ORIENTED_EDGE('',*,*,#6580,.F.);
#6580 = EDGE_CURVE('',#2079,#6573,#6581,.T.);
#6581 = LINE('',#6582,#6583);
#6582 = CARTESIAN_POINT('',(105.94293552812,-8.,14.595555555556));
#6583 = VECTOR('',#6584,1.);
#6584 = DIRECTION('',(0.,1.,0.));
#6585 = PLANE('',#6586);
#6586 = AXIS2_PLACEMENT_3D('',#6587,#6588,#6589);
#6587 = CARTESIAN_POINT('',(105.97146776406,119.,14.317777777778));
#6588 = DIRECTION('',(0.994766086025,0.,0.102178442416));
#6589 = DIRECTION('',(-0.102178442416,0.,0.994766086025));
#6590 = ADVANCED_FACE('',(#6591),#6737,.F.);
#6591 = FACE_BOUND('',#6592,.F.);
#6592 = EDGE_LOOP('',(#6593,#6603,#6611,#6619,#6627,#6635,#6643,#6651,
    #6659,#6667,#6675,#6681,#6682,#6683,#6691,#6699,#6707,#6715,#6723,
    #6731));
#6593 = ORIENTED_EDGE('',*,*,#6594,.T.);
#6594 = EDGE_CURVE('',#6595,#6597,#6599,.T.);
#6595 = VERTEX_POINT('',#6596);
#6596 = CARTESIAN_POINT('',(103.33113854595,219.8,18.484444444444));
#6597 = VERTEX_POINT('',#6598);
#6598 = CARTESIAN_POINT('',(102.8,219.8,19.04));
#6599 = LINE('',#6600,#6601);
#6600 = CARTESIAN_POINT('',(105.17260312858,219.8,16.558325756515));
#6601 = VECTOR('',#6602,1.);
#6602 = DIRECTION('',(-0.691044328918,-0.,0.722812379162));
#6603 = ORIENTED_EDGE('',*,*,#6604,.T.);
#6604 = EDGE_CURVE('',#6597,#6605,#6607,.T.);
#6605 = VERTEX_POINT('',#6606);
#6606 = CARTESIAN_POINT('',(102.8,219.8,30.04));
#6607 = LINE('',#6608,#6609);
#6608 = CARTESIAN_POINT('',(102.8,219.8,9.54));
#6609 = VECTOR('',#6610,1.);
#6610 = DIRECTION('',(0.,0.,1.));
#6611 = ORIENTED_EDGE('',*,*,#6612,.T.);
#6612 = EDGE_CURVE('',#6605,#6613,#6615,.T.);
#6613 = VERTEX_POINT('',#6614);
#6614 = CARTESIAN_POINT('',(103.33113854595,219.8,30.595555555556));
#6615 = LINE('',#6616,#6617);
#6616 = CARTESIAN_POINT('',(97.680172196209,219.8,24.684808211427));
#6617 = VECTOR('',#6618,1.);
#6618 = DIRECTION('',(0.691044328918,0.,0.722812379162));
#6619 = ORIENTED_EDGE('',*,*,#6620,.T.);
#6620 = EDGE_CURVE('',#6613,#6621,#6623,.T.);
#6621 = VERTEX_POINT('',#6622);
#6622 = CARTESIAN_POINT('',(103.84910836762,219.8,31.151111111111));
#6623 = LINE('',#6624,#6625);
#6624 = CARTESIAN_POINT('',(98.086133275546,219.8,24.969954034064));
#6625 = VECTOR('',#6626,1.);
#6626 = DIRECTION('',(0.681932082106,0.,0.731415501199));
#6627 = ORIENTED_EDGE('',*,*,#6628,.T.);
#6628 = EDGE_CURVE('',#6621,#6629,#6631,.T.);
#6629 = VERTEX_POINT('',#6630);
#6630 = CARTESIAN_POINT('',(104.34074074074,219.8,31.706666666667));
#6631 = LINE('',#6632,#6633);
#6632 = CARTESIAN_POINT('',(98.378977238547,219.8,24.96974083411));
#6633 = VECTOR('',#6634,1.);
#6634 = DIRECTION('',(0.662709521533,0.,0.748876551956));
#6635 = ORIENTED_EDGE('',*,*,#6636,.T.);
#6636 = EDGE_CURVE('',#6629,#6637,#6639,.T.);
#6637 = VERTEX_POINT('',#6638);
#6638 = CARTESIAN_POINT('',(104.79286694101,219.8,32.262222222222));
#6639 = LINE('',#6640,#6641);
#6640 = CARTESIAN_POINT('',(98.720714898936,219.8,24.800991709352));
#6641 = VECTOR('',#6642,1.);
#6642 = DIRECTION('',(0.631212461229,0.,0.77560997208));
#6643 = ORIENTED_EDGE('',*,*,#6644,.T.);
#6644 = EDGE_CURVE('',#6637,#6645,#6647,.T.);
#6645 = VERTEX_POINT('',#6646);
#6646 = CARTESIAN_POINT('',(105.19231824417,219.8,32.817777777778));
#6647 = LINE('',#6648,#6649);
#6648 = CARTESIAN_POINT('',(99.16825006381,219.8,24.439523612099));
#6649 = VECTOR('',#6650,1.);
#6650 = DIRECTION('',(0.583776486487,0.,0.811914412869));
#6651 = ORIENTED_EDGE('',*,*,#6652,.T.);
#6652 = EDGE_CURVE('',#6645,#6653,#6655,.T.);
#6653 = VERTEX_POINT('',#6654);
#6654 = CARTESIAN_POINT('',(105.52592592592,219.8,33.373333333333));
#6655 = LINE('',#6656,#6657);
#6656 = CARTESIAN_POINT('',(99.821915657751,219.8,23.874467549572));
#6657 = VECTOR('',#6658,1.);
#6658 = DIRECTION('',(0.514807016402,0.,0.857306092282));
#6659 = ORIENTED_EDGE('',*,*,#6660,.T.);
#6660 = EDGE_CURVE('',#6653,#6661,#6663,.T.);
#6661 = VERTEX_POINT('',#6662);
#6662 = CARTESIAN_POINT('',(105.780521262,219.8,33.928888888889));
#6663 = LINE('',#6664,#6665);
#6664 = CARTESIAN_POINT('',(100.83978251758,219.8,23.147643245079));
#6665 = VECTOR('',#6666,1.);
#6666 = DIRECTION('',(0.416608335402,0.,0.909086076713));
#6667 = ORIENTED_EDGE('',*,*,#6668,.T.);
#6668 = EDGE_CURVE('',#6661,#6669,#6671,.T.);
#6669 = VERTEX_POINT('',#6670);
#6670 = CARTESIAN_POINT('',(105.94293552812,219.8,34.484444444444));
#6671 = LINE('',#6672,#6673);
#6672 = CARTESIAN_POINT('',(102.41948925086,219.8,22.432115539965));
#6673 = VECTOR('',#6674,1.);
#6674 = DIRECTION('',(0.280600582118,0.,0.959824626333));
#6675 = ORIENTED_EDGE('',*,*,#6676,.T.);
#6676 = EDGE_CURVE('',#6669,#1951,#6677,.T.);
#6677 = LINE('',#6678,#6679);
#6678 = CARTESIAN_POINT('',(104.67307265968,219.8,22.121596807036));
#6679 = VECTOR('',#6680,1.);
#6680 = DIRECTION('',(0.102178442416,0.,0.994766086025));
#6681 = ORIENTED_EDGE('',*,*,#1958,.F.);
#6682 = ORIENTED_EDGE('',*,*,#6572,.T.);
#6683 = ORIENTED_EDGE('',*,*,#6684,.T.);
#6684 = EDGE_CURVE('',#6573,#6685,#6687,.T.);
#6685 = VERTEX_POINT('',#6686);
#6686 = CARTESIAN_POINT('',(105.780521262,219.8,15.151111111111));
#6687 = LINE('',#6688,#6689);
#6688 = CARTESIAN_POINT('',(106.45939948406,219.8,12.82893476031));
#6689 = VECTOR('',#6690,1.);
#6690 = DIRECTION('',(-0.280600582118,-0.,0.959824626333));
#6691 = ORIENTED_EDGE('',*,*,#6692,.T.);
#6692 = EDGE_CURVE('',#6685,#6693,#6695,.T.);
#6693 = VERTEX_POINT('',#6694);
#6694 = CARTESIAN_POINT('',(105.52592592592,219.8,15.706666666667));
#6695 = LINE('',#6696,#6697);
#6696 = CARTESIAN_POINT('',(106.52077507493,219.8,13.535794331821));
#6697 = VECTOR('',#6698,1.);
#6698 = DIRECTION('',(-0.416608335402,-0.,0.909086076713));
#6699 = ORIENTED_EDGE('',*,*,#6700,.T.);
#6700 = EDGE_CURVE('',#6693,#6701,#6703,.T.);
#6701 = VERTEX_POINT('',#6702);
#6702 = CARTESIAN_POINT('',(105.19231824417,219.8,16.262222222222));
#6703 = LINE('',#6704,#6705);
#6704 = CARTESIAN_POINT('',(106.44212353041,219.8,14.180926412481));
#6705 = VECTOR('',#6706,1.);
#6706 = DIRECTION('',(-0.514807016402,-0.,0.857306092282));
#6707 = ORIENTED_EDGE('',*,*,#6708,.T.);
#6708 = EDGE_CURVE('',#6701,#6709,#6711,.T.);
#6709 = VERTEX_POINT('',#6710);
#6710 = CARTESIAN_POINT('',(104.79286694101,219.8,16.817777777778));
#6711 = LINE('',#6712,#6713);
#6712 = CARTESIAN_POINT('',(106.2778982129,219.8,14.752401180537));
#6713 = VECTOR('',#6714,1.);
#6714 = DIRECTION('',(-0.583776486487,-0.,0.811914412869));
#6715 = ORIENTED_EDGE('',*,*,#6716,.T.);
#6716 = EDGE_CURVE('',#6709,#6717,#6719,.T.);
#6717 = VERTEX_POINT('',#6718);
#6718 = CARTESIAN_POINT('',(104.34074074074,219.8,17.373333333333));
#6719 = LINE('',#6720,#6721);
#6720 = CARTESIAN_POINT('',(106.06433509038,219.8,15.255445858801));
#6721 = VECTOR('',#6722,1.);
#6722 = DIRECTION('',(-0.631212461229,-0.,0.77560997208));
#6723 = ORIENTED_EDGE('',*,*,#6724,.T.);
#6724 = EDGE_CURVE('',#6717,#6725,#6727,.T.);
#6725 = VERTEX_POINT('',#6726);
#6726 = CARTESIAN_POINT('',(103.84910836762,219.8,17.928888888889));
#6727 = LINE('',#6728,#6729);
#6728 = CARTESIAN_POINT('',(105.82329156005,219.8,15.698017814852));
#6729 = VECTOR('',#6730,1.);
#6730 = DIRECTION('',(-0.662709521533,-0.,0.748876551956));
#6731 = ORIENTED_EDGE('',*,*,#6732,.T.);
#6732 = EDGE_CURVE('',#6725,#6595,#6733,.T.);
#6733 = LINE('',#6734,#6735);
#6734 = CARTESIAN_POINT('',(105.56588485023,219.8,16.087536994146));
#6735 = VECTOR('',#6736,1.);
#6736 = DIRECTION('',(-0.681932082106,-0.,0.731415501199));
#6737 = PLANE('',#6738);
#6738 = AXIS2_PLACEMENT_3D('',#6739,#6740,#6741);
#6739 = CARTESIAN_POINT('',(102.8,219.8,9.54));
#6740 = DIRECTION('',(-0.,1.,0.));
#6741 = DIRECTION('',(0.,0.,1.));
#6742 = ADVANCED_FACE('',(#6743),#6761,.T.);
#6743 = FACE_BOUND('',#6744,.T.);
#6744 = EDGE_LOOP('',(#6745,#6753,#6759,#6760));
#6745 = ORIENTED_EDGE('',*,*,#6746,.F.);
#6746 = EDGE_CURVE('',#6747,#1943,#6749,.T.);
#6747 = VERTEX_POINT('',#6748);
#6748 = CARTESIAN_POINT('',(105.94293552812,-8.,34.484444444444));
#6749 = LINE('',#6750,#6751);
#6750 = CARTESIAN_POINT('',(105.94293552812,-8.,34.484444444444));
#6751 = VECTOR('',#6752,1.);
#6752 = DIRECTION('',(0.102178442416,0.,0.994766086025));
#6753 = ORIENTED_EDGE('',*,*,#6754,.T.);
#6754 = EDGE_CURVE('',#6747,#6669,#6755,.T.);
#6755 = LINE('',#6756,#6757);
#6756 = CARTESIAN_POINT('',(105.94293552812,24.,34.484444444444));
#6757 = VECTOR('',#6758,1.);
#6758 = DIRECTION('',(0.,1.,0.));
#6759 = ORIENTED_EDGE('',*,*,#6676,.T.);
#6760 = ORIENTED_EDGE('',*,*,#1950,.F.);
#6761 = PLANE('',#6762);
#6762 = AXIS2_PLACEMENT_3D('',#6763,#6764,#6765);
#6763 = CARTESIAN_POINT('',(105.97146776406,106.,34.762222222222));
#6764 = DIRECTION('',(0.994766086025,0.,-0.102178442416));
#6765 = DIRECTION('',(0.102178442416,0.,0.994766086025));
#6766 = ADVANCED_FACE('',(#6767),#6818,.T.);
#6767 = FACE_BOUND('',#6768,.T.);
#6768 = EDGE_LOOP('',(#6769,#6777,#6785,#6793,#6802,#6811,#6817));
#6769 = ORIENTED_EDGE('',*,*,#6770,.F.);
#6770 = EDGE_CURVE('',#6771,#1975,#6773,.T.);
#6771 = VERTEX_POINT('',#6772);
#6772 = CARTESIAN_POINT('',(109.,-8.,18.));
#6773 = LINE('',#6774,#6775);
#6774 = CARTESIAN_POINT('',(109.,-8.,18.));
#6775 = VECTOR('',#6776,1.);
#6776 = DIRECTION('',(-0.,1.,0.));
#6777 = ORIENTED_EDGE('',*,*,#6778,.F.);
#6778 = EDGE_CURVE('',#6779,#6771,#6781,.T.);
#6779 = VERTEX_POINT('',#6780);
#6780 = CARTESIAN_POINT('',(109.,-8.,0.));
#6781 = LINE('',#6782,#6783);
#6782 = CARTESIAN_POINT('',(109.,-8.,0.));
#6783 = VECTOR('',#6784,1.);
#6784 = DIRECTION('',(0.,0.,1.));
#6785 = ORIENTED_EDGE('',*,*,#6786,.T.);
#6786 = EDGE_CURVE('',#6779,#6787,#6789,.T.);
#6787 = VERTEX_POINT('',#6788);
#6788 = CARTESIAN_POINT('',(109.,-6.26,0.));
#6789 = LINE('',#6790,#6791);
#6790 = CARTESIAN_POINT('',(109.,-8.,0.));
#6791 = VECTOR('',#6792,1.);
#6792 = DIRECTION('',(-0.,1.,0.));
#6793 = ORIENTED_EDGE('',*,*,#6794,.F.);
#6794 = EDGE_CURVE('',#6795,#6787,#6797,.T.);
#6795 = VERTEX_POINT('',#6796);
#6796 = CARTESIAN_POINT('',(109.,1.533257792532E-15,6.26));
#6797 = CIRCLE('',#6798,6.26);
#6798 = AXIS2_PLACEMENT_3D('',#6799,#6800,#6801);
#6799 = CARTESIAN_POINT('',(109.,0.,0.));
#6800 = DIRECTION('',(1.,0.,0.));
#6801 = DIRECTION('',(-0.,0.,1.));
#6802 = ORIENTED_EDGE('',*,*,#6803,.F.);
#6803 = EDGE_CURVE('',#6804,#6795,#6806,.T.);
#6804 = VERTEX_POINT('',#6805);
#6805 = CARTESIAN_POINT('',(109.,6.26,0.));
#6806 = CIRCLE('',#6807,6.26);
#6807 = AXIS2_PLACEMENT_3D('',#6808,#6809,#6810);
#6808 = CARTESIAN_POINT('',(109.,0.,0.));
#6809 = DIRECTION('',(1.,0.,0.));
#6810 = DIRECTION('',(-0.,0.,1.));
#6811 = ORIENTED_EDGE('',*,*,#6812,.T.);
#6812 = EDGE_CURVE('',#6804,#1973,#6813,.T.);
#6813 = LINE('',#6814,#6815);
#6814 = CARTESIAN_POINT('',(109.,-8.,0.));
#6815 = VECTOR('',#6816,1.);
#6816 = DIRECTION('',(-0.,1.,0.));
#6817 = ORIENTED_EDGE('',*,*,#1972,.T.);
#6818 = PLANE('',#6819);
#6819 = AXIS2_PLACEMENT_3D('',#6820,#6821,#6822);
#6820 = CARTESIAN_POINT('',(109.,-8.,0.));
#6821 = DIRECTION('',(1.,0.,-0.));
#6822 = DIRECTION('',(0.,0.,1.));
#6823 = ADVANCED_FACE('',(#6824),#6842,.T.);
#6824 = FACE_BOUND('',#6825,.T.);
#6825 = EDGE_LOOP('',(#6826,#6827,#6835,#6841));
#6826 = ORIENTED_EDGE('',*,*,#2142,.F.);
#6827 = ORIENTED_EDGE('',*,*,#6828,.T.);
#6828 = EDGE_CURVE('',#2135,#6829,#6831,.T.);
#6829 = VERTEX_POINT('',#6830);
#6830 = CARTESIAN_POINT('',(103.78280823045,-8.,18.));
#6831 = LINE('',#6832,#6833);
#6832 = CARTESIAN_POINT('',(103.78280823045,-8.,18.));
#6833 = VECTOR('',#6834,1.);
#6834 = DIRECTION('',(-0.,-1.,0.));
#6835 = ORIENTED_EDGE('',*,*,#6836,.T.);
#6836 = EDGE_CURVE('',#6829,#6771,#6837,.T.);
#6837 = LINE('',#6838,#6839);
#6838 = CARTESIAN_POINT('',(71.,-8.,18.));
#6839 = VECTOR('',#6840,1.);
#6840 = DIRECTION('',(1.,0.,-0.));
#6841 = ORIENTED_EDGE('',*,*,#6770,.T.);
#6842 = PLANE('',#6843);
#6843 = AXIS2_PLACEMENT_3D('',#6844,#6845,#6846);
#6844 = CARTESIAN_POINT('',(71.,-8.,18.));
#6845 = DIRECTION('',(0.,0.,1.));
#6846 = DIRECTION('',(1.,0.,-0.));
#6847 = ADVANCED_FACE('',(#6848),#6873,.T.);
#6848 = FACE_BOUND('',#6849,.T.);
#6849 = EDGE_LOOP('',(#6850,#6858,#6864,#6865,#6866,#6872));
#6850 = ORIENTED_EDGE('',*,*,#6851,.F.);
#6851 = EDGE_CURVE('',#6852,#6595,#6854,.T.);
#6852 = VERTEX_POINT('',#6853);
#6853 = CARTESIAN_POINT('',(103.33113854595,-8.,18.484444444444));
#6854 = LINE('',#6855,#6856);
#6855 = CARTESIAN_POINT('',(103.33113854595,24.,18.484444444444));
#6856 = VECTOR('',#6857,1.);
#6857 = DIRECTION('',(0.,1.,0.));
#6858 = ORIENTED_EDGE('',*,*,#6859,.T.);
#6859 = EDGE_CURVE('',#6852,#6829,#6860,.T.);
#6860 = LINE('',#6861,#6862);
#6861 = CARTESIAN_POINT('',(103.33113854595,-8.,18.484444444444));
#6862 = VECTOR('',#6863,1.);
#6863 = DIRECTION('',(0.681932082106,0.,-0.731415501199));
#6864 = ORIENTED_EDGE('',*,*,#6828,.F.);
#6865 = ORIENTED_EDGE('',*,*,#2134,.F.);
#6866 = ORIENTED_EDGE('',*,*,#6867,.T.);
#6867 = EDGE_CURVE('',#2127,#6725,#6868,.T.);
#6868 = LINE('',#6869,#6870);
#6869 = CARTESIAN_POINT('',(103.84910836762,-8.,17.928888888889));
#6870 = VECTOR('',#6871,1.);
#6871 = DIRECTION('',(0.,1.,0.));
#6872 = ORIENTED_EDGE('',*,*,#6732,.T.);
#6873 = PLANE('',#6874);
#6874 = AXIS2_PLACEMENT_3D('',#6875,#6876,#6877);
#6875 = CARTESIAN_POINT('',(103.58635573764,106.0055250651,
    18.210707784929));
#6876 = DIRECTION('',(0.731415501199,0.,0.681932082106));
#6877 = DIRECTION('',(-0.681932082106,0.,0.731415501199));
#6878 = ADVANCED_FACE('',(#6879),#6890,.T.);
#6879 = FACE_BOUND('',#6880,.T.);
#6880 = EDGE_LOOP('',(#6881,#6882,#6888,#6889));
#6881 = ORIENTED_EDGE('',*,*,#2126,.F.);
#6882 = ORIENTED_EDGE('',*,*,#6883,.T.);
#6883 = EDGE_CURVE('',#2119,#6717,#6884,.T.);
#6884 = LINE('',#6885,#6886);
#6885 = CARTESIAN_POINT('',(104.34074074074,-8.,17.373333333333));
#6886 = VECTOR('',#6887,1.);
#6887 = DIRECTION('',(0.,1.,0.));
#6888 = ORIENTED_EDGE('',*,*,#6724,.T.);
#6889 = ORIENTED_EDGE('',*,*,#6867,.F.);
#6890 = PLANE('',#6891);
#6891 = AXIS2_PLACEMENT_3D('',#6892,#6893,#6894);
#6892 = CARTESIAN_POINT('',(104.09492455418,119.,17.651111111111));
#6893 = DIRECTION('',(0.748876551956,0.,0.662709521533));
#6894 = DIRECTION('',(-0.662709521533,0.,0.748876551956));
#6895 = ADVANCED_FACE('',(#6896),#6907,.T.);
#6896 = FACE_BOUND('',#6897,.T.);
#6897 = EDGE_LOOP('',(#6898,#6899,#6905,#6906));
#6898 = ORIENTED_EDGE('',*,*,#2118,.F.);
#6899 = ORIENTED_EDGE('',*,*,#6900,.T.);
#6900 = EDGE_CURVE('',#2111,#6709,#6901,.T.);
#6901 = LINE('',#6902,#6903);
#6902 = CARTESIAN_POINT('',(104.79286694101,-8.,16.817777777778));
#6903 = VECTOR('',#6904,1.);
#6904 = DIRECTION('',(0.,1.,0.));
#6905 = ORIENTED_EDGE('',*,*,#6716,.T.);
#6906 = ORIENTED_EDGE('',*,*,#6883,.F.);
#6907 = PLANE('',#6908);
#6908 = AXIS2_PLACEMENT_3D('',#6909,#6910,#6911);
#6909 = CARTESIAN_POINT('',(104.56680384087,119.,17.095555555556));
#6910 = DIRECTION('',(0.77560997208,0.,0.631212461229));
#6911 = DIRECTION('',(-0.631212461229,0.,0.77560997208));
#6912 = ADVANCED_FACE('',(#6913),#6924,.T.);
#6913 = FACE_BOUND('',#6914,.T.);
#6914 = EDGE_LOOP('',(#6915,#6916,#6922,#6923));
#6915 = ORIENTED_EDGE('',*,*,#2110,.F.);
#6916 = ORIENTED_EDGE('',*,*,#6917,.T.);
#6917 = EDGE_CURVE('',#2103,#6701,#6918,.T.);
#6918 = LINE('',#6919,#6920);
#6919 = CARTESIAN_POINT('',(105.19231824417,-8.,16.262222222222));
#6920 = VECTOR('',#6921,1.);
#6921 = DIRECTION('',(0.,1.,0.));
#6922 = ORIENTED_EDGE('',*,*,#6708,.T.);
#6923 = ORIENTED_EDGE('',*,*,#6900,.F.);
#6924 = PLANE('',#6925);
#6925 = AXIS2_PLACEMENT_3D('',#6926,#6927,#6928);
#6926 = CARTESIAN_POINT('',(104.99259259259,119.,16.54));
#6927 = DIRECTION('',(0.811914412869,0.,0.583776486487));
#6928 = DIRECTION('',(-0.583776486487,0.,0.811914412869));
#6929 = ADVANCED_FACE('',(#6930),#6941,.T.);
#6930 = FACE_BOUND('',#6931,.T.);
#6931 = EDGE_LOOP('',(#6932,#6933,#6939,#6940));
#6932 = ORIENTED_EDGE('',*,*,#2102,.F.);
#6933 = ORIENTED_EDGE('',*,*,#6934,.T.);
#6934 = EDGE_CURVE('',#2095,#6693,#6935,.T.);
#6935 = LINE('',#6936,#6937);
#6936 = CARTESIAN_POINT('',(105.52592592592,-8.,15.706666666667));
#6937 = VECTOR('',#6938,1.);
#6938 = DIRECTION('',(0.,1.,0.));
#6939 = ORIENTED_EDGE('',*,*,#6700,.T.);
#6940 = ORIENTED_EDGE('',*,*,#6917,.F.);
#6941 = PLANE('',#6942);
#6942 = AXIS2_PLACEMENT_3D('',#6943,#6944,#6945);
#6943 = CARTESIAN_POINT('',(105.35912208504,119.,15.984444444444));
#6944 = DIRECTION('',(0.857306092282,0.,0.514807016402));
#6945 = DIRECTION('',(-0.514807016402,0.,0.857306092282));
#6946 = ADVANCED_FACE('',(#6947),#6958,.T.);
#6947 = FACE_BOUND('',#6948,.T.);
#6948 = EDGE_LOOP('',(#6949,#6950,#6956,#6957));
#6949 = ORIENTED_EDGE('',*,*,#2094,.F.);
#6950 = ORIENTED_EDGE('',*,*,#6951,.T.);
#6951 = EDGE_CURVE('',#2087,#6685,#6952,.T.);
#6952 = LINE('',#6953,#6954);
#6953 = CARTESIAN_POINT('',(105.780521262,-8.,15.151111111111));
#6954 = VECTOR('',#6955,1.);
#6955 = DIRECTION('',(0.,1.,0.));
#6956 = ORIENTED_EDGE('',*,*,#6692,.T.);
#6957 = ORIENTED_EDGE('',*,*,#6934,.F.);
#6958 = PLANE('',#6959);
#6959 = AXIS2_PLACEMENT_3D('',#6960,#6961,#6962);
#6960 = CARTESIAN_POINT('',(105.65322359396,119.,15.428888888889));
#6961 = DIRECTION('',(0.909086076713,0.,0.416608335402));
#6962 = DIRECTION('',(-0.416608335402,0.,0.909086076713));
#6963 = ADVANCED_FACE('',(#6964),#6970,.T.);
#6964 = FACE_BOUND('',#6965,.T.);
#6965 = EDGE_LOOP('',(#6966,#6967,#6968,#6969));
#6966 = ORIENTED_EDGE('',*,*,#2086,.F.);
#6967 = ORIENTED_EDGE('',*,*,#6580,.T.);
#6968 = ORIENTED_EDGE('',*,*,#6684,.T.);
#6969 = ORIENTED_EDGE('',*,*,#6951,.F.);
#6970 = PLANE('',#6971);
#6971 = AXIS2_PLACEMENT_3D('',#6972,#6973,#6974);
#6972 = CARTESIAN_POINT('',(105.86172839506,119.,14.873333333333));
#6973 = DIRECTION('',(0.959824626333,0.,0.280600582118));
#6974 = DIRECTION('',(-0.280600582118,0.,0.959824626333));
#6975 = ADVANCED_FACE('',(#6976),#6987,.T.);
#6976 = FACE_BOUND('',#6977,.T.);
#6977 = EDGE_LOOP('',(#6978,#6979,#6980,#6986));
#6978 = ORIENTED_EDGE('',*,*,#1998,.F.);
#6979 = ORIENTED_EDGE('',*,*,#3752,.F.);
#6980 = ORIENTED_EDGE('',*,*,#6981,.T.);
#6981 = EDGE_CURVE('',#3753,#5965,#6982,.T.);
#6982 = LINE('',#6983,#6984);
#6983 = CARTESIAN_POINT('',(71.,-8.,18.));
#6984 = VECTOR('',#6985,1.);
#6985 = DIRECTION('',(1.,0.,-0.));
#6986 = ORIENTED_EDGE('',*,*,#5981,.F.);
#6987 = PLANE('',#6988);
#6988 = AXIS2_PLACEMENT_3D('',#6989,#6990,#6991);
#6989 = CARTESIAN_POINT('',(71.,-8.,18.));
#6990 = DIRECTION('',(0.,0.,1.));
#6991 = DIRECTION('',(1.,0.,-0.));
#6992 = ADVANCED_FACE('',(#6993),#7004,.F.);
#6993 = FACE_BOUND('',#6994,.F.);
#6994 = EDGE_LOOP('',(#6995,#6996,#6997,#7003));
#6995 = ORIENTED_EDGE('',*,*,#2227,.T.);
#6996 = ORIENTED_EDGE('',*,*,#2253,.T.);
#6997 = ORIENTED_EDGE('',*,*,#6998,.T.);
#6998 = EDGE_CURVE('',#2254,#2206,#6999,.T.);
#6999 = LINE('',#7000,#7001);
#7000 = CARTESIAN_POINT('',(70.6,190.68,13.8));
#7001 = VECTOR('',#7002,1.);
#7002 = DIRECTION('',(-0.,1.,0.));
#7003 = ORIENTED_EDGE('',*,*,#2213,.T.);
#7004 = PLANE('',#7005);
#7005 = AXIS2_PLACEMENT_3D('',#7006,#7007,#7008);
#7006 = CARTESIAN_POINT('',(70.2,190.68,13.8));
#7007 = DIRECTION('',(0.,0.,1.));
#7008 = DIRECTION('',(1.,0.,-0.));
#7009 = ADVANCED_FACE('',(#7010),#7016,.T.);
#7010 = FACE_BOUND('',#7011,.T.);
#7011 = EDGE_LOOP('',(#7012,#7013,#7014,#7015));
#7012 = ORIENTED_EDGE('',*,*,#6109,.F.);
#7013 = ORIENTED_EDGE('',*,*,#2261,.F.);
#7014 = ORIENTED_EDGE('',*,*,#6998,.T.);
#7015 = ORIENTED_EDGE('',*,*,#2205,.T.);
#7016 = PLANE('',#7017);
#7017 = AXIS2_PLACEMENT_3D('',#7018,#7019,#7020);
#7018 = CARTESIAN_POINT('',(70.6,190.68,13.8));
#7019 = DIRECTION('',(1.,0.,-0.));
#7020 = DIRECTION('',(0.,0.,1.));
#7021 = ADVANCED_FACE('',(#7022),#7040,.T.);
#7022 = FACE_BOUND('',#7023,.T.);
#7023 = EDGE_LOOP('',(#7024,#7025,#7026,#7034));
#7024 = ORIENTED_EDGE('',*,*,#6373,.T.);
#7025 = ORIENTED_EDGE('',*,*,#2479,.T.);
#7026 = ORIENTED_EDGE('',*,*,#7027,.T.);
#7027 = EDGE_CURVE('',#2472,#7028,#7030,.T.);
#7028 = VERTEX_POINT('',#7029);
#7029 = CARTESIAN_POINT('',(-70.2,216.,14.2));
#7030 = LINE('',#7031,#7032);
#7031 = CARTESIAN_POINT('',(-70.2,190.68,14.2));
#7032 = VECTOR('',#7033,1.);
#7033 = DIRECTION('',(-0.,1.,0.));
#7034 = ORIENTED_EDGE('',*,*,#7035,.T.);
#7035 = EDGE_CURVE('',#7028,#6374,#7036,.T.);
#7036 = LINE('',#7037,#7038);
#7037 = CARTESIAN_POINT('',(-35.3,216.,14.2));
#7038 = VECTOR('',#7039,1.);
#7039 = DIRECTION('',(-1.,0.,0.));
#7040 = PLANE('',#7041);
#7041 = AXIS2_PLACEMENT_3D('',#7042,#7043,#7044);
#7042 = CARTESIAN_POINT('',(-70.6,190.68,14.2));
#7043 = DIRECTION('',(0.,0.,1.));
#7044 = DIRECTION('',(1.,0.,-0.));
#7045 = ADVANCED_FACE('',(#7046),#7064,.T.);
#7046 = FACE_BOUND('',#7047,.T.);
#7047 = EDGE_LOOP('',(#7048,#7049,#7057,#7063));
#7048 = ORIENTED_EDGE('',*,*,#2471,.F.);
#7049 = ORIENTED_EDGE('',*,*,#7050,.T.);
#7050 = EDGE_CURVE('',#2464,#7051,#7053,.T.);
#7051 = VERTEX_POINT('',#7052);
#7052 = CARTESIAN_POINT('',(-70.2,216.,14.));
#7053 = LINE('',#7054,#7055);
#7054 = CARTESIAN_POINT('',(-70.2,190.68,14.));
#7055 = VECTOR('',#7056,1.);
#7056 = DIRECTION('',(-0.,1.,0.));
#7057 = ORIENTED_EDGE('',*,*,#7058,.T.);
#7058 = EDGE_CURVE('',#7051,#7028,#7059,.T.);
#7059 = LINE('',#7060,#7061);
#7060 = CARTESIAN_POINT('',(-70.2,216.,19.17));
#7061 = VECTOR('',#7062,1.);
#7062 = DIRECTION('',(0.,-0.,1.));
#7063 = ORIENTED_EDGE('',*,*,#7027,.F.);
#7064 = PLANE('',#7065);
#7065 = AXIS2_PLACEMENT_3D('',#7066,#7067,#7068);
#7066 = CARTESIAN_POINT('',(-70.2,190.68,13.8));
#7067 = DIRECTION('',(1.,0.,-0.));
#7068 = DIRECTION('',(0.,0.,1.));
#7069 = ADVANCED_FACE('',(#7070),#7134,.T.);
#7070 = FACE_BOUND('',#7071,.T.);
#7071 = EDGE_LOOP('',(#7072,#7073,#7074,#7082,#7090,#7096,#7097,#7105,
    #7113,#7119,#7120,#7128));
#7072 = ORIENTED_EDGE('',*,*,#7050,.F.);
#7073 = ORIENTED_EDGE('',*,*,#2463,.T.);
#7074 = ORIENTED_EDGE('',*,*,#7075,.T.);
#7075 = EDGE_CURVE('',#2456,#7076,#7078,.T.);
#7076 = VERTEX_POINT('',#7077);
#7077 = CARTESIAN_POINT('',(-53.35,214.615,14.));
#7078 = LINE('',#7079,#7080);
#7079 = CARTESIAN_POINT('',(-53.35,190.68,14.));
#7080 = VECTOR('',#7081,1.);
#7081 = DIRECTION('',(-0.,1.,0.));
#7082 = ORIENTED_EDGE('',*,*,#7083,.F.);
#7083 = EDGE_CURVE('',#7084,#7076,#7086,.T.);
#7084 = VERTEX_POINT('',#7085);
#7085 = CARTESIAN_POINT('',(-30.65,214.615,14.));
#7086 = LINE('',#7087,#7088);
#7087 = CARTESIAN_POINT('',(-61.875,214.615,14.));
#7088 = VECTOR('',#7089,1.);
#7089 = DIRECTION('',(-1.,-0.,0.));
#7090 = ORIENTED_EDGE('',*,*,#7091,.F.);
#7091 = EDGE_CURVE('',#2383,#7084,#7092,.T.);
#7092 = LINE('',#7093,#7094);
#7093 = CARTESIAN_POINT('',(-30.65,190.68,14.));
#7094 = VECTOR('',#7095,1.);
#7095 = DIRECTION('',(-0.,1.,0.));
#7096 = ORIENTED_EDGE('',*,*,#2382,.T.);
#7097 = ORIENTED_EDGE('',*,*,#7098,.T.);
#7098 = EDGE_CURVE('',#2375,#7099,#7101,.T.);
#7099 = VERTEX_POINT('',#7100);
#7100 = CARTESIAN_POINT('',(30.65,214.615,14.));
#7101 = LINE('',#7102,#7103);
#7102 = CARTESIAN_POINT('',(30.65,190.68,14.));
#7103 = VECTOR('',#7104,1.);
#7104 = DIRECTION('',(-0.,1.,0.));
#7105 = ORIENTED_EDGE('',*,*,#7106,.F.);
#7106 = EDGE_CURVE('',#7107,#7099,#7109,.T.);
#7107 = VERTEX_POINT('',#7108);
#7108 = CARTESIAN_POINT('',(53.35,214.615,14.));
#7109 = LINE('',#7110,#7111);
#7110 = CARTESIAN_POINT('',(-19.875,214.615,14.));
#7111 = VECTOR('',#7112,1.);
#7112 = DIRECTION('',(-1.,-0.,0.));
#7113 = ORIENTED_EDGE('',*,*,#7114,.F.);
#7114 = EDGE_CURVE('',#2302,#7107,#7115,.T.);
#7115 = LINE('',#7116,#7117);
#7116 = CARTESIAN_POINT('',(53.35,190.68,14.));
#7117 = VECTOR('',#7118,1.);
#7118 = DIRECTION('',(-0.,1.,0.));
#7119 = ORIENTED_EDGE('',*,*,#2301,.T.);
#7120 = ORIENTED_EDGE('',*,*,#7121,.T.);
#7121 = EDGE_CURVE('',#2294,#7122,#7124,.T.);
#7122 = VERTEX_POINT('',#7123);
#7123 = CARTESIAN_POINT('',(70.2,216.,14.));
#7124 = LINE('',#7125,#7126);
#7125 = CARTESIAN_POINT('',(70.2,190.68,14.));
#7126 = VECTOR('',#7127,1.);
#7127 = DIRECTION('',(-0.,1.,0.));
#7128 = ORIENTED_EDGE('',*,*,#7129,.T.);
#7129 = EDGE_CURVE('',#7122,#7051,#7130,.T.);
#7130 = LINE('',#7131,#7132);
#7131 = CARTESIAN_POINT('',(-35.2,216.,14.));
#7132 = VECTOR('',#7133,1.);
#7133 = DIRECTION('',(-1.,0.,0.));
#7134 = PLANE('',#7135);
#7135 = AXIS2_PLACEMENT_3D('',#7136,#7137,#7138);
#7136 = CARTESIAN_POINT('',(-70.4,190.68,14.));
#7137 = DIRECTION('',(0.,0.,1.));
#7138 = DIRECTION('',(1.,0.,-0.));
#7139 = ADVANCED_FACE('',(#7140),#7174,.F.);
#7140 = FACE_BOUND('',#7141,.F.);
#7141 = EDGE_LOOP('',(#7142,#7143,#7144,#7152,#7160,#7168));
#7142 = ORIENTED_EDGE('',*,*,#2455,.F.);
#7143 = ORIENTED_EDGE('',*,*,#7075,.T.);
#7144 = ORIENTED_EDGE('',*,*,#7145,.T.);
#7145 = EDGE_CURVE('',#7076,#7146,#7148,.T.);
#7146 = VERTEX_POINT('',#7147);
#7147 = CARTESIAN_POINT('',(-53.35,214.615,15.6));
#7148 = LINE('',#7149,#7150);
#7149 = CARTESIAN_POINT('',(-53.35,214.615,13.65));
#7150 = VECTOR('',#7151,1.);
#7151 = DIRECTION('',(0.,0.,1.));
#7152 = ORIENTED_EDGE('',*,*,#7153,.T.);
#7153 = EDGE_CURVE('',#7146,#7154,#7156,.T.);
#7154 = VERTEX_POINT('',#7155);
#7155 = CARTESIAN_POINT('',(-53.35,214.315,15.6));
#7156 = LINE('',#7157,#7158);
#7157 = CARTESIAN_POINT('',(-53.35,202.4975,15.6));
#7158 = VECTOR('',#7159,1.);
#7159 = DIRECTION('',(0.,-1.,0.));
#7160 = ORIENTED_EDGE('',*,*,#7161,.T.);
#7161 = EDGE_CURVE('',#7154,#7162,#7164,.T.);
#7162 = VERTEX_POINT('',#7163);
#7163 = CARTESIAN_POINT('',(-53.35,214.315,20.35));
#7164 = LINE('',#7165,#7166);
#7165 = CARTESIAN_POINT('',(-53.35,214.315,14.625));
#7166 = VECTOR('',#7167,1.);
#7167 = DIRECTION('',(0.,0.,1.));
#7168 = ORIENTED_EDGE('',*,*,#7169,.F.);
#7169 = EDGE_CURVE('',#2448,#7162,#7170,.T.);
#7170 = LINE('',#7171,#7172);
#7171 = CARTESIAN_POINT('',(-53.35,190.68,20.35));
#7172 = VECTOR('',#7173,1.);
#7173 = DIRECTION('',(-0.,1.,0.));
#7174 = PLANE('',#7175);
#7175 = AXIS2_PLACEMENT_3D('',#7176,#7177,#7178);
#7176 = CARTESIAN_POINT('',(-53.35,190.68,13.65));
#7177 = DIRECTION('',(1.,0.,-0.));
#7178 = DIRECTION('',(0.,0.,1.));
#7179 = ADVANCED_FACE('',(#7180),#7198,.T.);
#7180 = FACE_BOUND('',#7181,.T.);
#7181 = EDGE_LOOP('',(#7182,#7190,#7191,#7192));
#7182 = ORIENTED_EDGE('',*,*,#7183,.T.);
#7183 = EDGE_CURVE('',#7184,#7162,#7186,.T.);
#7184 = VERTEX_POINT('',#7185);
#7185 = CARTESIAN_POINT('',(-53.,214.315,20.35));
#7186 = LINE('',#7187,#7188);
#7187 = CARTESIAN_POINT('',(-61.875,214.315,20.35));
#7188 = VECTOR('',#7189,1.);
#7189 = DIRECTION('',(-1.,-0.,0.));
#7190 = ORIENTED_EDGE('',*,*,#7169,.F.);
#7191 = ORIENTED_EDGE('',*,*,#2447,.T.);
#7192 = ORIENTED_EDGE('',*,*,#7193,.F.);
#7193 = EDGE_CURVE('',#7184,#2440,#7194,.T.);
#7194 = LINE('',#7195,#7196);
#7195 = CARTESIAN_POINT('',(-53.,190.68,20.35));
#7196 = VECTOR('',#7197,1.);
#7197 = DIRECTION('',(0.,-1.,0.));
#7198 = PLANE('',#7199);
#7199 = AXIS2_PLACEMENT_3D('',#7200,#7201,#7202);
#7200 = CARTESIAN_POINT('',(-53.35,190.68,20.35));
#7201 = DIRECTION('',(0.,0.,1.));
#7202 = DIRECTION('',(1.,0.,-0.));
#7203 = ADVANCED_FACE('',(#7204),#7215,.F.);
#7204 = FACE_BOUND('',#7205,.F.);
#7205 = EDGE_LOOP('',(#7206,#7207,#7208,#7214));
#7206 = ORIENTED_EDGE('',*,*,#2439,.F.);
#7207 = ORIENTED_EDGE('',*,*,#7193,.F.);
#7208 = ORIENTED_EDGE('',*,*,#7209,.T.);
#7209 = EDGE_CURVE('',#7184,#6338,#7210,.T.);
#7210 = LINE('',#7211,#7212);
#7211 = CARTESIAN_POINT('',(-53.,214.315,17.8));
#7212 = VECTOR('',#7213,1.);
#7213 = DIRECTION('',(0.,0.,1.));
#7214 = ORIENTED_EDGE('',*,*,#6337,.F.);
#7215 = PLANE('',#7216);
#7216 = AXIS2_PLACEMENT_3D('',#7217,#7218,#7219);
#7217 = CARTESIAN_POINT('',(-53.,190.68,20.));
#7218 = DIRECTION('',(1.,0.,-0.));
#7219 = DIRECTION('',(0.,0.,1.));
#7220 = ADVANCED_FACE('',(#7221),#7239,.T.);
#7221 = FACE_BOUND('',#7222,.T.);
#7222 = EDGE_LOOP('',(#7223,#7224,#7232,#7238));
#7223 = ORIENTED_EDGE('',*,*,#2406,.F.);
#7224 = ORIENTED_EDGE('',*,*,#7225,.F.);
#7225 = EDGE_CURVE('',#7226,#2399,#7228,.T.);
#7226 = VERTEX_POINT('',#7227);
#7227 = CARTESIAN_POINT('',(-31.,214.315,20.35));
#7228 = LINE('',#7229,#7230);
#7229 = CARTESIAN_POINT('',(-31.,190.68,20.35));
#7230 = VECTOR('',#7231,1.);
#7231 = DIRECTION('',(0.,-1.,0.));
#7232 = ORIENTED_EDGE('',*,*,#7233,.T.);
#7233 = EDGE_CURVE('',#7226,#6264,#7234,.T.);
#7234 = LINE('',#7235,#7236);
#7235 = CARTESIAN_POINT('',(-31.,214.315,17.8));
#7236 = VECTOR('',#7237,1.);
#7237 = DIRECTION('',(0.,0.,1.));
#7238 = ORIENTED_EDGE('',*,*,#6263,.F.);
#7239 = PLANE('',#7240);
#7240 = AXIS2_PLACEMENT_3D('',#7241,#7242,#7243);
#7241 = CARTESIAN_POINT('',(-31.,190.68,20.));
#7242 = DIRECTION('',(1.,0.,-0.));
#7243 = DIRECTION('',(0.,0.,1.));
#7244 = ADVANCED_FACE('',(#7245),#7263,.T.);
#7245 = FACE_BOUND('',#7246,.T.);
#7246 = EDGE_LOOP('',(#7247,#7255,#7256,#7257));
#7247 = ORIENTED_EDGE('',*,*,#7248,.T.);
#7248 = EDGE_CURVE('',#7249,#7226,#7251,.T.);
#7249 = VERTEX_POINT('',#7250);
#7250 = CARTESIAN_POINT('',(-30.65,214.315,20.35));
#7251 = LINE('',#7252,#7253);
#7252 = CARTESIAN_POINT('',(-61.875,214.315,20.35));
#7253 = VECTOR('',#7254,1.);
#7254 = DIRECTION('',(-1.,-0.,0.));
#7255 = ORIENTED_EDGE('',*,*,#7225,.T.);
#7256 = ORIENTED_EDGE('',*,*,#2398,.T.);
#7257 = ORIENTED_EDGE('',*,*,#7258,.T.);
#7258 = EDGE_CURVE('',#2391,#7249,#7259,.T.);
#7259 = LINE('',#7260,#7261);
#7260 = CARTESIAN_POINT('',(-30.65,190.68,20.35));
#7261 = VECTOR('',#7262,1.);
#7262 = DIRECTION('',(-0.,1.,0.));
#7263 = PLANE('',#7264);
#7264 = AXIS2_PLACEMENT_3D('',#7265,#7266,#7267);
#7265 = CARTESIAN_POINT('',(-53.35,190.68,20.35));
#7266 = DIRECTION('',(0.,0.,1.));
#7267 = DIRECTION('',(1.,0.,-0.));
#7268 = ADVANCED_FACE('',(#7269),#7296,.T.);
#7269 = FACE_BOUND('',#7270,.T.);
#7270 = EDGE_LOOP('',(#7271,#7272,#7273,#7281,#7289,#7295));
#7271 = ORIENTED_EDGE('',*,*,#2390,.F.);
#7272 = ORIENTED_EDGE('',*,*,#7091,.T.);
#7273 = ORIENTED_EDGE('',*,*,#7274,.T.);
#7274 = EDGE_CURVE('',#7084,#7275,#7277,.T.);
#7275 = VERTEX_POINT('',#7276);
#7276 = CARTESIAN_POINT('',(-30.65,214.615,15.6));
#7277 = LINE('',#7278,#7279);
#7278 = CARTESIAN_POINT('',(-30.65,214.615,13.65));
#7279 = VECTOR('',#7280,1.);
#7280 = DIRECTION('',(0.,0.,1.));
#7281 = ORIENTED_EDGE('',*,*,#7282,.T.);
#7282 = EDGE_CURVE('',#7275,#7283,#7285,.T.);
#7283 = VERTEX_POINT('',#7284);
#7284 = CARTESIAN_POINT('',(-30.65,214.315,15.6));
#7285 = LINE('',#7286,#7287);
#7286 = CARTESIAN_POINT('',(-30.65,202.4975,15.6));
#7287 = VECTOR('',#7288,1.);
#7288 = DIRECTION('',(0.,-1.,0.));
#7289 = ORIENTED_EDGE('',*,*,#7290,.T.);
#7290 = EDGE_CURVE('',#7283,#7249,#7291,.T.);
#7291 = LINE('',#7292,#7293);
#7292 = CARTESIAN_POINT('',(-30.65,214.315,14.625));
#7293 = VECTOR('',#7294,1.);
#7294 = DIRECTION('',(0.,0.,1.));
#7295 = ORIENTED_EDGE('',*,*,#7258,.F.);
#7296 = PLANE('',#7297);
#7297 = AXIS2_PLACEMENT_3D('',#7298,#7299,#7300);
#7298 = CARTESIAN_POINT('',(-30.65,190.68,13.65));
#7299 = DIRECTION('',(1.,0.,-0.));
#7300 = DIRECTION('',(0.,0.,1.));
#7301 = ADVANCED_FACE('',(#7302),#7336,.F.);
#7302 = FACE_BOUND('',#7303,.F.);
#7303 = EDGE_LOOP('',(#7304,#7305,#7306,#7314,#7322,#7330));
#7304 = ORIENTED_EDGE('',*,*,#2374,.F.);
#7305 = ORIENTED_EDGE('',*,*,#7098,.T.);
#7306 = ORIENTED_EDGE('',*,*,#7307,.T.);
#7307 = EDGE_CURVE('',#7099,#7308,#7310,.T.);
#7308 = VERTEX_POINT('',#7309);
#7309 = CARTESIAN_POINT('',(30.65,214.615,15.6));
#7310 = LINE('',#7311,#7312);
#7311 = CARTESIAN_POINT('',(30.65,214.615,13.65));
#7312 = VECTOR('',#7313,1.);
#7313 = DIRECTION('',(0.,0.,1.));
#7314 = ORIENTED_EDGE('',*,*,#7315,.T.);
#7315 = EDGE_CURVE('',#7308,#7316,#7318,.T.);
#7316 = VERTEX_POINT('',#7317);
#7317 = CARTESIAN_POINT('',(30.65,214.315,15.6));
#7318 = LINE('',#7319,#7320);
#7319 = CARTESIAN_POINT('',(30.65,202.4975,15.6));
#7320 = VECTOR('',#7321,1.);
#7321 = DIRECTION('',(0.,-1.,0.));
#7322 = ORIENTED_EDGE('',*,*,#7323,.T.);
#7323 = EDGE_CURVE('',#7316,#7324,#7326,.T.);
#7324 = VERTEX_POINT('',#7325);
#7325 = CARTESIAN_POINT('',(30.65,214.315,20.35));
#7326 = LINE('',#7327,#7328);
#7327 = CARTESIAN_POINT('',(30.65,214.315,14.625));
#7328 = VECTOR('',#7329,1.);
#7329 = DIRECTION('',(0.,0.,1.));
#7330 = ORIENTED_EDGE('',*,*,#7331,.F.);
#7331 = EDGE_CURVE('',#2367,#7324,#7332,.T.);
#7332 = LINE('',#7333,#7334);
#7333 = CARTESIAN_POINT('',(30.65,190.68,20.35));
#7334 = VECTOR('',#7335,1.);
#7335 = DIRECTION('',(-0.,1.,0.));
#7336 = PLANE('',#7337);
#7337 = AXIS2_PLACEMENT_3D('',#7338,#7339,#7340);
#7338 = CARTESIAN_POINT('',(30.65,190.68,13.65));
#7339 = DIRECTION('',(1.,0.,-0.));
#7340 = DIRECTION('',(0.,0.,1.));
#7341 = ADVANCED_FACE('',(#7342),#7360,.T.);
#7342 = FACE_BOUND('',#7343,.T.);
#7343 = EDGE_LOOP('',(#7344,#7352,#7353,#7354));
#7344 = ORIENTED_EDGE('',*,*,#7345,.T.);
#7345 = EDGE_CURVE('',#7346,#7324,#7348,.T.);
#7346 = VERTEX_POINT('',#7347);
#7347 = CARTESIAN_POINT('',(31.,214.315,20.35));
#7348 = LINE('',#7349,#7350);
#7349 = CARTESIAN_POINT('',(-19.875,214.315,20.35));
#7350 = VECTOR('',#7351,1.);
#7351 = DIRECTION('',(-1.,-0.,0.));
#7352 = ORIENTED_EDGE('',*,*,#7331,.F.);
#7353 = ORIENTED_EDGE('',*,*,#2366,.T.);
#7354 = ORIENTED_EDGE('',*,*,#7355,.F.);
#7355 = EDGE_CURVE('',#7346,#2359,#7356,.T.);
#7356 = LINE('',#7357,#7358);
#7357 = CARTESIAN_POINT('',(31.,190.68,20.35));
#7358 = VECTOR('',#7359,1.);
#7359 = DIRECTION('',(0.,-1.,0.));
#7360 = PLANE('',#7361);
#7361 = AXIS2_PLACEMENT_3D('',#7362,#7363,#7364);
#7362 = CARTESIAN_POINT('',(30.65,190.68,20.35));
#7363 = DIRECTION('',(0.,0.,1.));
#7364 = DIRECTION('',(1.,0.,-0.));
#7365 = ADVANCED_FACE('',(#7366),#7377,.F.);
#7366 = FACE_BOUND('',#7367,.F.);
#7367 = EDGE_LOOP('',(#7368,#7369,#7370,#7376));
#7368 = ORIENTED_EDGE('',*,*,#2358,.F.);
#7369 = ORIENTED_EDGE('',*,*,#7355,.F.);
#7370 = ORIENTED_EDGE('',*,*,#7371,.T.);
#7371 = EDGE_CURVE('',#7346,#6282,#7372,.T.);
#7372 = LINE('',#7373,#7374);
#7373 = CARTESIAN_POINT('',(31.,214.315,17.8));
#7374 = VECTOR('',#7375,1.);
#7375 = DIRECTION('',(0.,0.,1.));
#7376 = ORIENTED_EDGE('',*,*,#6281,.F.);
#7377 = PLANE('',#7378);
#7378 = AXIS2_PLACEMENT_3D('',#7379,#7380,#7381);
#7379 = CARTESIAN_POINT('',(31.,190.68,20.));
#7380 = DIRECTION('',(1.,0.,-0.));
#7381 = DIRECTION('',(0.,0.,1.));
#7382 = ADVANCED_FACE('',(#7383),#7401,.T.);
#7383 = FACE_BOUND('',#7384,.T.);
#7384 = EDGE_LOOP('',(#7385,#7386,#7394,#7400));
#7385 = ORIENTED_EDGE('',*,*,#2325,.F.);
#7386 = ORIENTED_EDGE('',*,*,#7387,.F.);
#7387 = EDGE_CURVE('',#7388,#2318,#7390,.T.);
#7388 = VERTEX_POINT('',#7389);
#7389 = CARTESIAN_POINT('',(53.,214.315,20.35));
#7390 = LINE('',#7391,#7392);
#7391 = CARTESIAN_POINT('',(53.,190.68,20.35));
#7392 = VECTOR('',#7393,1.);
#7393 = DIRECTION('',(0.,-1.,0.));
#7394 = ORIENTED_EDGE('',*,*,#7395,.T.);
#7395 = EDGE_CURVE('',#7388,#6207,#7396,.T.);
#7396 = LINE('',#7397,#7398);
#7397 = CARTESIAN_POINT('',(53.,214.315,17.8));
#7398 = VECTOR('',#7399,1.);
#7399 = DIRECTION('',(0.,0.,1.));
#7400 = ORIENTED_EDGE('',*,*,#6214,.F.);
#7401 = PLANE('',#7402);
#7402 = AXIS2_PLACEMENT_3D('',#7403,#7404,#7405);
#7403 = CARTESIAN_POINT('',(53.,190.68,20.));
#7404 = DIRECTION('',(1.,0.,-0.));
#7405 = DIRECTION('',(0.,0.,1.));
#7406 = ADVANCED_FACE('',(#7407),#7425,.T.);
#7407 = FACE_BOUND('',#7408,.T.);
#7408 = EDGE_LOOP('',(#7409,#7417,#7418,#7419));
#7409 = ORIENTED_EDGE('',*,*,#7410,.T.);
#7410 = EDGE_CURVE('',#7411,#7388,#7413,.T.);
#7411 = VERTEX_POINT('',#7412);
#7412 = CARTESIAN_POINT('',(53.35,214.315,20.35));
#7413 = LINE('',#7414,#7415);
#7414 = CARTESIAN_POINT('',(-19.875,214.315,20.35));
#7415 = VECTOR('',#7416,1.);
#7416 = DIRECTION('',(-1.,-0.,0.));
#7417 = ORIENTED_EDGE('',*,*,#7387,.T.);
#7418 = ORIENTED_EDGE('',*,*,#2317,.T.);
#7419 = ORIENTED_EDGE('',*,*,#7420,.T.);
#7420 = EDGE_CURVE('',#2310,#7411,#7421,.T.);
#7421 = LINE('',#7422,#7423);
#7422 = CARTESIAN_POINT('',(53.35,190.68,20.35));
#7423 = VECTOR('',#7424,1.);
#7424 = DIRECTION('',(-0.,1.,0.));
#7425 = PLANE('',#7426);
#7426 = AXIS2_PLACEMENT_3D('',#7427,#7428,#7429);
#7427 = CARTESIAN_POINT('',(30.65,190.68,20.35));
#7428 = DIRECTION('',(0.,0.,1.));
#7429 = DIRECTION('',(1.,0.,-0.));
#7430 = ADVANCED_FACE('',(#7431),#7458,.T.);
#7431 = FACE_BOUND('',#7432,.T.);
#7432 = EDGE_LOOP('',(#7433,#7434,#7435,#7443,#7451,#7457));
#7433 = ORIENTED_EDGE('',*,*,#2309,.F.);
#7434 = ORIENTED_EDGE('',*,*,#7114,.T.);
#7435 = ORIENTED_EDGE('',*,*,#7436,.T.);
#7436 = EDGE_CURVE('',#7107,#7437,#7439,.T.);
#7437 = VERTEX_POINT('',#7438);
#7438 = CARTESIAN_POINT('',(53.35,214.615,15.6));
#7439 = LINE('',#7440,#7441);
#7440 = CARTESIAN_POINT('',(53.35,214.615,13.65));
#7441 = VECTOR('',#7442,1.);
#7442 = DIRECTION('',(0.,0.,1.));
#7443 = ORIENTED_EDGE('',*,*,#7444,.T.);
#7444 = EDGE_CURVE('',#7437,#7445,#7447,.T.);
#7445 = VERTEX_POINT('',#7446);
#7446 = CARTESIAN_POINT('',(53.35,214.315,15.6));
#7447 = LINE('',#7448,#7449);
#7448 = CARTESIAN_POINT('',(53.35,202.4975,15.6));
#7449 = VECTOR('',#7450,1.);
#7450 = DIRECTION('',(0.,-1.,0.));
#7451 = ORIENTED_EDGE('',*,*,#7452,.T.);
#7452 = EDGE_CURVE('',#7445,#7411,#7453,.T.);
#7453 = LINE('',#7454,#7455);
#7454 = CARTESIAN_POINT('',(53.35,214.315,14.625));
#7455 = VECTOR('',#7456,1.);
#7456 = DIRECTION('',(0.,0.,1.));
#7457 = ORIENTED_EDGE('',*,*,#7420,.F.);
#7458 = PLANE('',#7459);
#7459 = AXIS2_PLACEMENT_3D('',#7460,#7461,#7462);
#7460 = CARTESIAN_POINT('',(53.35,190.68,13.65));
#7461 = DIRECTION('',(1.,0.,-0.));
#7462 = DIRECTION('',(0.,0.,1.));
#7463 = ADVANCED_FACE('',(#7464),#7482,.F.);
#7464 = FACE_BOUND('',#7465,.F.);
#7465 = EDGE_LOOP('',(#7466,#7467,#7468,#7476));
#7466 = ORIENTED_EDGE('',*,*,#2293,.F.);
#7467 = ORIENTED_EDGE('',*,*,#7121,.T.);
#7468 = ORIENTED_EDGE('',*,*,#7469,.T.);
#7469 = EDGE_CURVE('',#7122,#7470,#7472,.T.);
#7470 = VERTEX_POINT('',#7471);
#7471 = CARTESIAN_POINT('',(70.2,216.,14.2));
#7472 = LINE('',#7473,#7474);
#7473 = CARTESIAN_POINT('',(70.2,216.,19.17));
#7474 = VECTOR('',#7475,1.);
#7475 = DIRECTION('',(0.,-0.,1.));
#7476 = ORIENTED_EDGE('',*,*,#7477,.F.);
#7477 = EDGE_CURVE('',#2286,#7470,#7478,.T.);
#7478 = LINE('',#7479,#7480);
#7479 = CARTESIAN_POINT('',(70.2,190.68,14.2));
#7480 = VECTOR('',#7481,1.);
#7481 = DIRECTION('',(-0.,1.,0.));
#7482 = PLANE('',#7483);
#7483 = AXIS2_PLACEMENT_3D('',#7484,#7485,#7486);
#7484 = CARTESIAN_POINT('',(70.2,190.68,13.8));
#7485 = DIRECTION('',(1.,0.,-0.));
#7486 = DIRECTION('',(0.,0.,1.));
#7487 = ADVANCED_FACE('',(#7488),#7499,.T.);
#7488 = FACE_BOUND('',#7489,.T.);
#7489 = EDGE_LOOP('',(#7490,#7491,#7492,#7493));
#7490 = ORIENTED_EDGE('',*,*,#7477,.F.);
#7491 = ORIENTED_EDGE('',*,*,#2285,.T.);
#7492 = ORIENTED_EDGE('',*,*,#6183,.T.);
#7493 = ORIENTED_EDGE('',*,*,#7494,.T.);
#7494 = EDGE_CURVE('',#6176,#7470,#7495,.T.);
#7495 = LINE('',#7496,#7497);
#7496 = CARTESIAN_POINT('',(35.1,216.,14.2));
#7497 = VECTOR('',#7498,1.);
#7498 = DIRECTION('',(-1.,0.,0.));
#7499 = PLANE('',#7500);
#7500 = AXIS2_PLACEMENT_3D('',#7501,#7502,#7503);
#7501 = CARTESIAN_POINT('',(70.2,190.68,14.2));
#7502 = DIRECTION('',(0.,0.,1.));
#7503 = DIRECTION('',(1.,0.,-0.));
#7504 = ADVANCED_FACE('',(#7505,#7537,#7548),#7559,.T.);
#7505 = FACE_BOUND('',#7506,.T.);
#7506 = EDGE_LOOP('',(#7507,#7513,#7514,#7515,#7516,#7517,#7518,#7519,
    #7520,#7521,#7522,#7523,#7524,#7530,#7531,#7532,#7533,#7534,#7535,
    #7536));
#7507 = ORIENTED_EDGE('',*,*,#7508,.F.);
#7508 = EDGE_CURVE('',#7154,#7283,#7509,.T.);
#7509 = LINE('',#7510,#7511);
#7510 = CARTESIAN_POINT('',(-70.4,214.315,15.6));
#7511 = VECTOR('',#7512,1.);
#7512 = DIRECTION('',(1.,0.,-0.));
#7513 = ORIENTED_EDGE('',*,*,#7161,.T.);
#7514 = ORIENTED_EDGE('',*,*,#7183,.F.);
#7515 = ORIENTED_EDGE('',*,*,#7209,.T.);
#7516 = ORIENTED_EDGE('',*,*,#6345,.T.);
#7517 = ORIENTED_EDGE('',*,*,#6413,.T.);
#7518 = ORIENTED_EDGE('',*,*,#2580,.F.);
#7519 = ORIENTED_EDGE('',*,*,#6143,.F.);
#7520 = ORIENTED_EDGE('',*,*,#6206,.T.);
#7521 = ORIENTED_EDGE('',*,*,#7395,.F.);
#7522 = ORIENTED_EDGE('',*,*,#7410,.F.);
#7523 = ORIENTED_EDGE('',*,*,#7452,.F.);
#7524 = ORIENTED_EDGE('',*,*,#7525,.F.);
#7525 = EDGE_CURVE('',#7316,#7445,#7526,.T.);
#7526 = LINE('',#7527,#7528);
#7527 = CARTESIAN_POINT('',(-70.4,214.315,15.6));
#7528 = VECTOR('',#7529,1.);
#7529 = DIRECTION('',(1.,0.,-0.));
#7530 = ORIENTED_EDGE('',*,*,#7323,.T.);
#7531 = ORIENTED_EDGE('',*,*,#7345,.F.);
#7532 = ORIENTED_EDGE('',*,*,#7371,.T.);
#7533 = ORIENTED_EDGE('',*,*,#6289,.T.);
#7534 = ORIENTED_EDGE('',*,*,#7233,.F.);
#7535 = ORIENTED_EDGE('',*,*,#7248,.F.);
#7536 = ORIENTED_EDGE('',*,*,#7290,.F.);
#7537 = FACE_BOUND('',#7538,.T.);
#7538 = EDGE_LOOP('',(#7539));
#7539 = ORIENTED_EDGE('',*,*,#7540,.F.);
#7540 = EDGE_CURVE('',#7541,#7541,#7543,.T.);
#7541 = VERTEX_POINT('',#7542);
#7542 = CARTESIAN_POINT('',(-42.,214.315,36.9));
#7543 = CIRCLE('',#7544,5.9);
#7544 = AXIS2_PLACEMENT_3D('',#7545,#7546,#7547);
#7545 = CARTESIAN_POINT('',(-42.,214.315,31.));
#7546 = DIRECTION('',(0.,1.,0.));
#7547 = DIRECTION('',(0.,-0.,1.));
#7548 = FACE_BOUND('',#7549,.T.);
#7549 = EDGE_LOOP('',(#7550));
#7550 = ORIENTED_EDGE('',*,*,#7551,.F.);
#7551 = EDGE_CURVE('',#7552,#7552,#7554,.T.);
#7552 = VERTEX_POINT('',#7553);
#7553 = CARTESIAN_POINT('',(42.,214.315,36.9));
#7554 = CIRCLE('',#7555,5.9);
#7555 = AXIS2_PLACEMENT_3D('',#7556,#7557,#7558);
#7556 = CARTESIAN_POINT('',(42.,214.315,31.));
#7557 = DIRECTION('',(0.,1.,0.));
#7558 = DIRECTION('',(0.,-0.,1.));
#7559 = PLANE('',#7560);
#7560 = AXIS2_PLACEMENT_3D('',#7561,#7562,#7563);
#7561 = CARTESIAN_POINT('',(-70.4,214.315,15.6));
#7562 = DIRECTION('',(-0.,1.,0.));
#7563 = DIRECTION('',(0.,0.,1.));
#7564 = ADVANCED_FACE('',(#7565),#7598,.F.);
#7565 = FACE_BOUND('',#7566,.F.);
#7566 = EDGE_LOOP('',(#7567,#7575,#7583,#7589,#7590,#7597));
#7567 = ORIENTED_EDGE('',*,*,#7568,.F.);
#7568 = EDGE_CURVE('',#7569,#2599,#7571,.T.);
#7569 = VERTEX_POINT('',#7570);
#7570 = CARTESIAN_POINT('',(-33.65,198.065,23.65));
#7571 = LINE('',#7572,#7573);
#7572 = CARTESIAN_POINT('',(-33.65,198.065,23.65));
#7573 = VECTOR('',#7574,1.);
#7574 = DIRECTION('',(0.,0.,1.));
#7575 = ORIENTED_EDGE('',*,*,#7576,.T.);
#7576 = EDGE_CURVE('',#7569,#7577,#7579,.T.);
#7577 = VERTEX_POINT('',#7578);
#7578 = CARTESIAN_POINT('',(-33.65,212.765,23.65));
#7579 = LINE('',#7580,#7581);
#7580 = CARTESIAN_POINT('',(-33.65,198.065,23.65));
#7581 = VECTOR('',#7582,1.);
#7582 = DIRECTION('',(-0.,1.,0.));
#7583 = ORIENTED_EDGE('',*,*,#7584,.T.);
#7584 = EDGE_CURVE('',#7577,#2689,#7585,.T.);
#7585 = LINE('',#7586,#7587);
#7586 = CARTESIAN_POINT('',(-33.65,212.765,23.65));
#7587 = VECTOR('',#7588,1.);
#7588 = DIRECTION('',(0.,0.,1.));
#7589 = ORIENTED_EDGE('',*,*,#2696,.F.);
#7590 = ORIENTED_EDGE('',*,*,#7591,.F.);
#7591 = EDGE_CURVE('',#2601,#2697,#7592,.T.);
#7592 = CIRCLE('',#7593,1.7);
#7593 = AXIS2_PLACEMENT_3D('',#7594,#7595,#7596);
#7594 = CARTESIAN_POINT('',(-33.65,205.415,41.));
#7595 = DIRECTION('',(1.,0.,0.));
#7596 = DIRECTION('',(-0.,0.,1.));
#7597 = ORIENTED_EDGE('',*,*,#2598,.F.);
#7598 = PLANE('',#7599);
#7599 = AXIS2_PLACEMENT_3D('',#7600,#7601,#7602);
#7600 = CARTESIAN_POINT('',(-33.65,198.065,23.65));
#7601 = DIRECTION('',(1.,0.,-0.));
#7602 = DIRECTION('',(0.,0.,1.));
#7603 = ADVANCED_FACE('',(#7604,#7622),#7625,.T.);
#7604 = FACE_BOUND('',#7605,.T.);
#7605 = EDGE_LOOP('',(#7606,#7607,#7615,#7621));
#7606 = ORIENTED_EDGE('',*,*,#7568,.F.);
#7607 = ORIENTED_EDGE('',*,*,#7608,.F.);
#7608 = EDGE_CURVE('',#7609,#7569,#7611,.T.);
#7609 = VERTEX_POINT('',#7610);
#7610 = CARTESIAN_POINT('',(-50.35,198.065,23.65));
#7611 = LINE('',#7612,#7613);
#7612 = CARTESIAN_POINT('',(-50.35,198.065,23.65));
#7613 = VECTOR('',#7614,1.);
#7614 = DIRECTION('',(1.,0.,-0.));
#7615 = ORIENTED_EDGE('',*,*,#7616,.T.);
#7616 = EDGE_CURVE('',#7609,#2609,#7617,.T.);
#7617 = LINE('',#7618,#7619);
#7618 = CARTESIAN_POINT('',(-50.35,198.065,23.65));
#7619 = VECTOR('',#7620,1.);
#7620 = DIRECTION('',(0.,0.,1.));
#7621 = ORIENTED_EDGE('',*,*,#2608,.F.);
#7622 = FACE_BOUND('',#7623,.T.);
#7623 = EDGE_LOOP('',(#7624));
#7624 = ORIENTED_EDGE('',*,*,#6303,.F.);
#7625 = PLANE('',#7626);
#7626 = AXIS2_PLACEMENT_3D('',#7627,#7628,#7629);
#7627 = CARTESIAN_POINT('',(-50.35,198.065,23.65));
#7628 = DIRECTION('',(-0.,1.,0.));
#7629 = DIRECTION('',(0.,0.,1.));
#7630 = ADVANCED_FACE('',(#7631),#7643,.F.);
#7631 = FACE_BOUND('',#7632,.F.);
#7632 = EDGE_LOOP('',(#7633,#7640,#7641,#7642));
#7633 = ORIENTED_EDGE('',*,*,#7634,.F.);
#7634 = EDGE_CURVE('',#2745,#2705,#7635,.T.);
#7635 = CIRCLE('',#7636,1.7);
#7636 = AXIS2_PLACEMENT_3D('',#7637,#7638,#7639);
#7637 = CARTESIAN_POINT('',(-31.,205.415,41.));
#7638 = DIRECTION('',(1.,0.,0.));
#7639 = DIRECTION('',(-0.,0.,1.));
#7640 = ORIENTED_EDGE('',*,*,#2752,.F.);
#7641 = ORIENTED_EDGE('',*,*,#7591,.T.);
#7642 = ORIENTED_EDGE('',*,*,#2704,.T.);
#7643 = CYLINDRICAL_SURFACE('',#7644,1.7);
#7644 = AXIS2_PLACEMENT_3D('',#7645,#7646,#7647);
#7645 = CARTESIAN_POINT('',(-54.,205.415,41.));
#7646 = DIRECTION('',(1.,0.,0.));
#7647 = DIRECTION('',(-0.,0.,1.));
#7648 = ADVANCED_FACE('',(#7649),#7675,.T.);
#7649 = FACE_BOUND('',#7650,.T.);
#7650 = EDGE_LOOP('',(#7651,#7652,#7660,#7666,#7667,#7674));
#7651 = ORIENTED_EDGE('',*,*,#7616,.F.);
#7652 = ORIENTED_EDGE('',*,*,#7653,.T.);
#7653 = EDGE_CURVE('',#7609,#7654,#7656,.T.);
#7654 = VERTEX_POINT('',#7655);
#7655 = CARTESIAN_POINT('',(-50.35,212.765,23.65));
#7656 = LINE('',#7657,#7658);
#7657 = CARTESIAN_POINT('',(-50.35,198.065,23.65));
#7658 = VECTOR('',#7659,1.);
#7659 = DIRECTION('',(-0.,1.,0.));
#7660 = ORIENTED_EDGE('',*,*,#7661,.T.);
#7661 = EDGE_CURVE('',#7654,#2681,#7662,.T.);
#7662 = LINE('',#7663,#7664);
#7663 = CARTESIAN_POINT('',(-50.35,212.765,23.65));
#7664 = VECTOR('',#7665,1.);
#7665 = DIRECTION('',(0.,0.,1.));
#7666 = ORIENTED_EDGE('',*,*,#2680,.F.);
#7667 = ORIENTED_EDGE('',*,*,#7668,.F.);
#7668 = EDGE_CURVE('',#2617,#2673,#7669,.T.);
#7669 = CIRCLE('',#7670,1.7);
#7670 = AXIS2_PLACEMENT_3D('',#7671,#7672,#7673);
#7671 = CARTESIAN_POINT('',(-50.35,205.415,41.));
#7672 = DIRECTION('',(1.,0.,0.));
#7673 = DIRECTION('',(-0.,0.,1.));
#7674 = ORIENTED_EDGE('',*,*,#2616,.F.);
#7675 = PLANE('',#7676);
#7676 = AXIS2_PLACEMENT_3D('',#7677,#7678,#7679);
#7677 = CARTESIAN_POINT('',(-50.35,198.065,23.65));
#7678 = DIRECTION('',(1.,0.,-0.));
#7679 = DIRECTION('',(0.,0.,1.));
#7680 = ADVANCED_FACE('',(#7681),#7693,.T.);
#7681 = FACE_BOUND('',#7682,.T.);
#7682 = EDGE_LOOP('',(#7683,#7684,#7691,#7692));
#7683 = ORIENTED_EDGE('',*,*,#2744,.F.);
#7684 = ORIENTED_EDGE('',*,*,#7685,.T.);
#7685 = EDGE_CURVE('',#2737,#2713,#7686,.T.);
#7686 = CIRCLE('',#7687,4.1);
#7687 = AXIS2_PLACEMENT_3D('',#7688,#7689,#7690);
#7688 = CARTESIAN_POINT('',(-31.,205.415,41.));
#7689 = DIRECTION('',(1.,0.,0.));
#7690 = DIRECTION('',(-0.,0.,1.));
#7691 = ORIENTED_EDGE('',*,*,#2712,.F.);
#7692 = ORIENTED_EDGE('',*,*,#7634,.F.);
#7693 = PLANE('',#7694);
#7694 = AXIS2_PLACEMENT_3D('',#7695,#7696,#7697);
#7695 = CARTESIAN_POINT('',(-31.,205.415,41.));
#7696 = DIRECTION('',(1.,0.,0.));
#7697 = DIRECTION('',(-0.,0.,1.));
#7698 = ADVANCED_FACE('',(#7699),#7711,.F.);
#7699 = FACE_BOUND('',#7700,.F.);
#7700 = EDGE_LOOP('',(#7701,#7702,#7709,#7710));
#7701 = ORIENTED_EDGE('',*,*,#2624,.F.);
#7702 = ORIENTED_EDGE('',*,*,#7703,.T.);
#7703 = EDGE_CURVE('',#2625,#2665,#7704,.T.);
#7704 = CIRCLE('',#7705,1.7);
#7705 = AXIS2_PLACEMENT_3D('',#7706,#7707,#7708);
#7706 = CARTESIAN_POINT('',(-53.,205.415,41.));
#7707 = DIRECTION('',(1.,0.,0.));
#7708 = DIRECTION('',(-0.,0.,1.));
#7709 = ORIENTED_EDGE('',*,*,#2672,.T.);
#7710 = ORIENTED_EDGE('',*,*,#7668,.F.);
#7711 = CYLINDRICAL_SURFACE('',#7712,1.7);
#7712 = AXIS2_PLACEMENT_3D('',#7713,#7714,#7715);
#7713 = CARTESIAN_POINT('',(-54.,205.415,41.));
#7714 = DIRECTION('',(1.,0.,0.));
#7715 = DIRECTION('',(-0.,0.,1.));
#7716 = ADVANCED_FACE('',(#7717),#7729,.F.);
#7717 = FACE_BOUND('',#7718,.F.);
#7718 = EDGE_LOOP('',(#7719,#7726,#7727,#7728));
#7719 = ORIENTED_EDGE('',*,*,#7720,.F.);
#7720 = EDGE_CURVE('',#2729,#2721,#7721,.T.);
#7721 = CIRCLE('',#7722,4.1);
#7722 = AXIS2_PLACEMENT_3D('',#7723,#7724,#7725);
#7723 = CARTESIAN_POINT('',(-27.,205.415,41.));
#7724 = DIRECTION('',(1.,0.,0.));
#7725 = DIRECTION('',(-0.,0.,1.));
#7726 = ORIENTED_EDGE('',*,*,#2736,.F.);
#7727 = ORIENTED_EDGE('',*,*,#7685,.T.);
#7728 = ORIENTED_EDGE('',*,*,#2720,.T.);
#7729 = CYLINDRICAL_SURFACE('',#7730,4.1);
#7730 = AXIS2_PLACEMENT_3D('',#7731,#7732,#7733);
#7731 = CARTESIAN_POINT('',(-31.,205.415,41.));
#7732 = DIRECTION('',(1.,0.,0.));
#7733 = DIRECTION('',(-0.,0.,1.));
#7734 = ADVANCED_FACE('',(#7735),#7747,.F.);
#7735 = FACE_BOUND('',#7736,.F.);
#7736 = EDGE_LOOP('',(#7737,#7738,#7745,#7746));
#7737 = ORIENTED_EDGE('',*,*,#2632,.F.);
#7738 = ORIENTED_EDGE('',*,*,#7739,.T.);
#7739 = EDGE_CURVE('',#2633,#2657,#7740,.T.);
#7740 = CIRCLE('',#7741,3.55);
#7741 = AXIS2_PLACEMENT_3D('',#7742,#7743,#7744);
#7742 = CARTESIAN_POINT('',(-53.,205.415,41.));
#7743 = DIRECTION('',(1.,0.,0.));
#7744 = DIRECTION('',(-0.,0.,1.));
#7745 = ORIENTED_EDGE('',*,*,#2664,.F.);
#7746 = ORIENTED_EDGE('',*,*,#7703,.F.);
#7747 = PLANE('',#7748);
#7748 = AXIS2_PLACEMENT_3D('',#7749,#7750,#7751);
#7749 = CARTESIAN_POINT('',(-53.,205.415,41.));
#7750 = DIRECTION('',(1.,0.,0.));
#7751 = DIRECTION('',(-0.,0.,1.));
#7752 = ADVANCED_FACE('',(#7753),#7757,.F.);
#7753 = FACE_BOUND('',#7754,.F.);
#7754 = EDGE_LOOP('',(#7755,#7756));
#7755 = ORIENTED_EDGE('',*,*,#2728,.F.);
#7756 = ORIENTED_EDGE('',*,*,#7720,.T.);
#7757 = PLANE('',#7758);
#7758 = AXIS2_PLACEMENT_3D('',#7759,#7760,#7761);
#7759 = CARTESIAN_POINT('',(-27.,205.415,41.));
#7760 = DIRECTION('',(1.,0.,0.));
#7761 = DIRECTION('',(-0.,0.,1.));
#7762 = ADVANCED_FACE('',(#7763),#7775,.F.);
#7763 = FACE_BOUND('',#7764,.F.);
#7764 = EDGE_LOOP('',(#7765,#7766,#7767,#7774));
#7765 = ORIENTED_EDGE('',*,*,#7739,.F.);
#7766 = ORIENTED_EDGE('',*,*,#2640,.F.);
#7767 = ORIENTED_EDGE('',*,*,#7768,.T.);
#7768 = EDGE_CURVE('',#2641,#2649,#7769,.T.);
#7769 = CIRCLE('',#7770,3.55);
#7770 = AXIS2_PLACEMENT_3D('',#7771,#7772,#7773);
#7771 = CARTESIAN_POINT('',(-56.,205.415,41.));
#7772 = DIRECTION('',(1.,0.,0.));
#7773 = DIRECTION('',(-0.,0.,1.));
#7774 = ORIENTED_EDGE('',*,*,#2656,.T.);
#7775 = CYLINDRICAL_SURFACE('',#7776,3.55);
#7776 = AXIS2_PLACEMENT_3D('',#7777,#7778,#7779);
#7777 = CARTESIAN_POINT('',(-56.,205.415,41.));
#7778 = DIRECTION('',(1.,0.,0.));
#7779 = DIRECTION('',(-0.,0.,1.));
#7780 = ADVANCED_FACE('',(#7781),#7785,.T.);
#7781 = FACE_BOUND('',#7782,.T.);
#7782 = EDGE_LOOP('',(#7783,#7784));
#7783 = ORIENTED_EDGE('',*,*,#2648,.F.);
#7784 = ORIENTED_EDGE('',*,*,#7768,.T.);
#7785 = PLANE('',#7786);
#7786 = AXIS2_PLACEMENT_3D('',#7787,#7788,#7789);
#7787 = CARTESIAN_POINT('',(-56.,205.415,41.));
#7788 = DIRECTION('',(1.,0.,0.));
#7789 = DIRECTION('',(-0.,0.,1.));
#7790 = ADVANCED_FACE('',(#7791,#7802),#7813,.F.);
#7791 = FACE_BOUND('',#7792,.F.);
#7792 = EDGE_LOOP('',(#7793,#7794,#7800,#7801));
#7793 = ORIENTED_EDGE('',*,*,#7584,.F.);
#7794 = ORIENTED_EDGE('',*,*,#7795,.F.);
#7795 = EDGE_CURVE('',#7654,#7577,#7796,.T.);
#7796 = LINE('',#7797,#7798);
#7797 = CARTESIAN_POINT('',(-50.35,212.765,23.65));
#7798 = VECTOR('',#7799,1.);
#7799 = DIRECTION('',(1.,0.,-0.));
#7800 = ORIENTED_EDGE('',*,*,#7661,.T.);
#7801 = ORIENTED_EDGE('',*,*,#2688,.F.);
#7802 = FACE_BOUND('',#7803,.F.);
#7803 = EDGE_LOOP('',(#7804));
#7804 = ORIENTED_EDGE('',*,*,#7805,.F.);
#7805 = EDGE_CURVE('',#7806,#7806,#7808,.T.);
#7806 = VERTEX_POINT('',#7807);
#7807 = CARTESIAN_POINT('',(-42.,212.765,36.9));
#7808 = CIRCLE('',#7809,5.9);
#7809 = AXIS2_PLACEMENT_3D('',#7810,#7811,#7812);
#7810 = CARTESIAN_POINT('',(-42.,212.765,31.));
#7811 = DIRECTION('',(0.,1.,0.));
#7812 = DIRECTION('',(0.,-0.,1.));
#7813 = PLANE('',#7814);
#7814 = AXIS2_PLACEMENT_3D('',#7815,#7816,#7817);
#7815 = CARTESIAN_POINT('',(-50.35,212.765,23.65));
#7816 = DIRECTION('',(-0.,1.,0.));
#7817 = DIRECTION('',(0.,0.,1.));
#7818 = ADVANCED_FACE('',(#7819),#7852,.F.);
#7819 = FACE_BOUND('',#7820,.F.);
#7820 = EDGE_LOOP('',(#7821,#7829,#7837,#7843,#7844,#7851));
#7821 = ORIENTED_EDGE('',*,*,#7822,.F.);
#7822 = EDGE_CURVE('',#7823,#2761,#7825,.T.);
#7823 = VERTEX_POINT('',#7824);
#7824 = CARTESIAN_POINT('',(50.35,198.065,23.65));
#7825 = LINE('',#7826,#7827);
#7826 = CARTESIAN_POINT('',(50.35,198.065,23.65));
#7827 = VECTOR('',#7828,1.);
#7828 = DIRECTION('',(0.,0.,1.));
#7829 = ORIENTED_EDGE('',*,*,#7830,.T.);
#7830 = EDGE_CURVE('',#7823,#7831,#7833,.T.);
#7831 = VERTEX_POINT('',#7832);
#7832 = CARTESIAN_POINT('',(50.35,212.765,23.65));
#7833 = LINE('',#7834,#7835);
#7834 = CARTESIAN_POINT('',(50.35,198.065,23.65));
#7835 = VECTOR('',#7836,1.);
#7836 = DIRECTION('',(-0.,1.,0.));
#7837 = ORIENTED_EDGE('',*,*,#7838,.T.);
#7838 = EDGE_CURVE('',#7831,#2851,#7839,.T.);
#7839 = LINE('',#7840,#7841);
#7840 = CARTESIAN_POINT('',(50.35,212.765,23.65));
#7841 = VECTOR('',#7842,1.);
#7842 = DIRECTION('',(0.,0.,1.));
#7843 = ORIENTED_EDGE('',*,*,#2858,.F.);
#7844 = ORIENTED_EDGE('',*,*,#7845,.F.);
#7845 = EDGE_CURVE('',#2763,#2859,#7846,.T.);
#7846 = CIRCLE('',#7847,1.7);
#7847 = AXIS2_PLACEMENT_3D('',#7848,#7849,#7850);
#7848 = CARTESIAN_POINT('',(50.35,205.415,41.));
#7849 = DIRECTION('',(1.,0.,0.));
#7850 = DIRECTION('',(-0.,0.,1.));
#7851 = ORIENTED_EDGE('',*,*,#2760,.F.);
#7852 = PLANE('',#7853);
#7853 = AXIS2_PLACEMENT_3D('',#7854,#7855,#7856);
#7854 = CARTESIAN_POINT('',(50.35,198.065,23.65));
#7855 = DIRECTION('',(1.,0.,-0.));
#7856 = DIRECTION('',(0.,0.,1.));
#7857 = ADVANCED_FACE('',(#7858),#7870,.F.);
#7858 = FACE_BOUND('',#7859,.F.);
#7859 = EDGE_LOOP('',(#7860,#7867,#7868,#7869));
#7860 = ORIENTED_EDGE('',*,*,#7861,.F.);
#7861 = EDGE_CURVE('',#2907,#2867,#7862,.T.);
#7862 = CIRCLE('',#7863,1.7);
#7863 = AXIS2_PLACEMENT_3D('',#7864,#7865,#7866);
#7864 = CARTESIAN_POINT('',(53.,205.415,41.));
#7865 = DIRECTION('',(1.,0.,0.));
#7866 = DIRECTION('',(-0.,0.,1.));
#7867 = ORIENTED_EDGE('',*,*,#2914,.F.);
#7868 = ORIENTED_EDGE('',*,*,#7845,.T.);
#7869 = ORIENTED_EDGE('',*,*,#2866,.T.);
#7870 = CYLINDRICAL_SURFACE('',#7871,1.7);
#7871 = AXIS2_PLACEMENT_3D('',#7872,#7873,#7874);
#7872 = CARTESIAN_POINT('',(30.,205.415,41.));
#7873 = DIRECTION('',(1.,0.,0.));
#7874 = DIRECTION('',(-0.,0.,1.));
#7875 = ADVANCED_FACE('',(#7876),#7888,.T.);
#7876 = FACE_BOUND('',#7877,.T.);
#7877 = EDGE_LOOP('',(#7878,#7879,#7886,#7887));
#7878 = ORIENTED_EDGE('',*,*,#2906,.F.);
#7879 = ORIENTED_EDGE('',*,*,#7880,.T.);
#7880 = EDGE_CURVE('',#2899,#2875,#7881,.T.);
#7881 = CIRCLE('',#7882,4.1);
#7882 = AXIS2_PLACEMENT_3D('',#7883,#7884,#7885);
#7883 = CARTESIAN_POINT('',(53.,205.415,41.));
#7884 = DIRECTION('',(1.,0.,0.));
#7885 = DIRECTION('',(-0.,0.,1.));
#7886 = ORIENTED_EDGE('',*,*,#2874,.F.);
#7887 = ORIENTED_EDGE('',*,*,#7861,.F.);
#7888 = PLANE('',#7889);
#7889 = AXIS2_PLACEMENT_3D('',#7890,#7891,#7892);
#7890 = CARTESIAN_POINT('',(53.,205.415,41.));
#7891 = DIRECTION('',(1.,0.,0.));
#7892 = DIRECTION('',(-0.,0.,1.));
#7893 = ADVANCED_FACE('',(#7894),#7906,.F.);
#7894 = FACE_BOUND('',#7895,.F.);
#7895 = EDGE_LOOP('',(#7896,#7903,#7904,#7905));
#7896 = ORIENTED_EDGE('',*,*,#7897,.F.);
#7897 = EDGE_CURVE('',#2891,#2883,#7898,.T.);
#7898 = CIRCLE('',#7899,4.1);
#7899 = AXIS2_PLACEMENT_3D('',#7900,#7901,#7902);
#7900 = CARTESIAN_POINT('',(57.,205.415,41.));
#7901 = DIRECTION('',(1.,0.,0.));
#7902 = DIRECTION('',(-0.,0.,1.));
#7903 = ORIENTED_EDGE('',*,*,#2898,.F.);
#7904 = ORIENTED_EDGE('',*,*,#7880,.T.);
#7905 = ORIENTED_EDGE('',*,*,#2882,.T.);
#7906 = CYLINDRICAL_SURFACE('',#7907,4.1);
#7907 = AXIS2_PLACEMENT_3D('',#7908,#7909,#7910);
#7908 = CARTESIAN_POINT('',(53.,205.415,41.));
#7909 = DIRECTION('',(1.,0.,0.));
#7910 = DIRECTION('',(-0.,0.,1.));
#7911 = ADVANCED_FACE('',(#7912),#7916,.F.);
#7912 = FACE_BOUND('',#7913,.F.);
#7913 = EDGE_LOOP('',(#7914,#7915));
#7914 = ORIENTED_EDGE('',*,*,#2890,.F.);
#7915 = ORIENTED_EDGE('',*,*,#7897,.T.);
#7916 = PLANE('',#7917);
#7917 = AXIS2_PLACEMENT_3D('',#7918,#7919,#7920);
#7918 = CARTESIAN_POINT('',(57.,205.415,41.));
#7919 = DIRECTION('',(1.,0.,0.));
#7920 = DIRECTION('',(-0.,0.,1.));
#7921 = ADVANCED_FACE('',(#7922,#7940),#7951,.F.);
#7922 = FACE_BOUND('',#7923,.F.);
#7923 = EDGE_LOOP('',(#7924,#7925,#7933,#7939));
#7924 = ORIENTED_EDGE('',*,*,#7838,.F.);
#7925 = ORIENTED_EDGE('',*,*,#7926,.F.);
#7926 = EDGE_CURVE('',#7927,#7831,#7929,.T.);
#7927 = VERTEX_POINT('',#7928);
#7928 = CARTESIAN_POINT('',(33.65,212.765,23.65));
#7929 = LINE('',#7930,#7931);
#7930 = CARTESIAN_POINT('',(33.65,212.765,23.65));
#7931 = VECTOR('',#7932,1.);
#7932 = DIRECTION('',(1.,0.,-0.));
#7933 = ORIENTED_EDGE('',*,*,#7934,.T.);
#7934 = EDGE_CURVE('',#7927,#2843,#7935,.T.);
#7935 = LINE('',#7936,#7937);
#7936 = CARTESIAN_POINT('',(33.65,212.765,23.65));
#7937 = VECTOR('',#7938,1.);
#7938 = DIRECTION('',(0.,0.,1.));
#7939 = ORIENTED_EDGE('',*,*,#2850,.F.);
#7940 = FACE_BOUND('',#7941,.F.);
#7941 = EDGE_LOOP('',(#7942));
#7942 = ORIENTED_EDGE('',*,*,#7943,.F.);
#7943 = EDGE_CURVE('',#7944,#7944,#7946,.T.);
#7944 = VERTEX_POINT('',#7945);
#7945 = CARTESIAN_POINT('',(42.,212.765,36.9));
#7946 = CIRCLE('',#7947,5.9);
#7947 = AXIS2_PLACEMENT_3D('',#7948,#7949,#7950);
#7948 = CARTESIAN_POINT('',(42.,212.765,31.));
#7949 = DIRECTION('',(0.,1.,0.));
#7950 = DIRECTION('',(0.,-0.,1.));
#7951 = PLANE('',#7952);
#7952 = AXIS2_PLACEMENT_3D('',#7953,#7954,#7955);
#7953 = CARTESIAN_POINT('',(33.65,212.765,23.65));
#7954 = DIRECTION('',(-0.,1.,0.));
#7955 = DIRECTION('',(0.,0.,1.));
#7956 = ADVANCED_FACE('',(#7957),#7983,.T.);
#7957 = FACE_BOUND('',#7958,.T.);
#7958 = EDGE_LOOP('',(#7959,#7967,#7973,#7974,#7975,#7982));
#7959 = ORIENTED_EDGE('',*,*,#7960,.F.);
#7960 = EDGE_CURVE('',#7961,#2771,#7963,.T.);
#7961 = VERTEX_POINT('',#7962);
#7962 = CARTESIAN_POINT('',(33.65,198.065,23.65));
#7963 = LINE('',#7964,#7965);
#7964 = CARTESIAN_POINT('',(33.65,198.065,23.65));
#7965 = VECTOR('',#7966,1.);
#7966 = DIRECTION('',(0.,0.,1.));
#7967 = ORIENTED_EDGE('',*,*,#7968,.T.);
#7968 = EDGE_CURVE('',#7961,#7927,#7969,.T.);
#7969 = LINE('',#7970,#7971);
#7970 = CARTESIAN_POINT('',(33.65,198.065,23.65));
#7971 = VECTOR('',#7972,1.);
#7972 = DIRECTION('',(-0.,1.,0.));
#7973 = ORIENTED_EDGE('',*,*,#7934,.T.);
#7974 = ORIENTED_EDGE('',*,*,#2842,.F.);
#7975 = ORIENTED_EDGE('',*,*,#7976,.F.);
#7976 = EDGE_CURVE('',#2779,#2835,#7977,.T.);
#7977 = CIRCLE('',#7978,1.7);
#7978 = AXIS2_PLACEMENT_3D('',#7979,#7980,#7981);
#7979 = CARTESIAN_POINT('',(33.65,205.415,41.));
#7980 = DIRECTION('',(1.,0.,0.));
#7981 = DIRECTION('',(-0.,0.,1.));
#7982 = ORIENTED_EDGE('',*,*,#2778,.F.);
#7983 = PLANE('',#7984);
#7984 = AXIS2_PLACEMENT_3D('',#7985,#7986,#7987);
#7985 = CARTESIAN_POINT('',(33.65,198.065,23.65));
#7986 = DIRECTION('',(1.,0.,-0.));
#7987 = DIRECTION('',(0.,0.,1.));
#7988 = ADVANCED_FACE('',(#7989),#8001,.F.);
#7989 = FACE_BOUND('',#7990,.F.);
#7990 = EDGE_LOOP('',(#7991,#7992,#7999,#8000));
#7991 = ORIENTED_EDGE('',*,*,#2786,.F.);
#7992 = ORIENTED_EDGE('',*,*,#7993,.T.);
#7993 = EDGE_CURVE('',#2787,#2827,#7994,.T.);
#7994 = CIRCLE('',#7995,1.7);
#7995 = AXIS2_PLACEMENT_3D('',#7996,#7997,#7998);
#7996 = CARTESIAN_POINT('',(31.,205.415,41.));
#7997 = DIRECTION('',(1.,0.,0.));
#7998 = DIRECTION('',(-0.,0.,1.));
#7999 = ORIENTED_EDGE('',*,*,#2834,.T.);
#8000 = ORIENTED_EDGE('',*,*,#7976,.F.);
#8001 = CYLINDRICAL_SURFACE('',#8002,1.7);
#8002 = AXIS2_PLACEMENT_3D('',#8003,#8004,#8005);
#8003 = CARTESIAN_POINT('',(30.,205.415,41.));
#8004 = DIRECTION('',(1.,0.,0.));
#8005 = DIRECTION('',(-0.,0.,1.));
#8006 = ADVANCED_FACE('',(#8007),#8019,.F.);
#8007 = FACE_BOUND('',#8008,.F.);
#8008 = EDGE_LOOP('',(#8009,#8010,#8017,#8018));
#8009 = ORIENTED_EDGE('',*,*,#2794,.F.);
#8010 = ORIENTED_EDGE('',*,*,#8011,.T.);
#8011 = EDGE_CURVE('',#2795,#2819,#8012,.T.);
#8012 = CIRCLE('',#8013,3.55);
#8013 = AXIS2_PLACEMENT_3D('',#8014,#8015,#8016);
#8014 = CARTESIAN_POINT('',(31.,205.415,41.));
#8015 = DIRECTION('',(1.,0.,0.));
#8016 = DIRECTION('',(-0.,0.,1.));
#8017 = ORIENTED_EDGE('',*,*,#2826,.F.);
#8018 = ORIENTED_EDGE('',*,*,#7993,.F.);
#8019 = PLANE('',#8020);
#8020 = AXIS2_PLACEMENT_3D('',#8021,#8022,#8023);
#8021 = CARTESIAN_POINT('',(31.,205.415,41.));
#8022 = DIRECTION('',(1.,0.,0.));
#8023 = DIRECTION('',(-0.,0.,1.));
#8024 = ADVANCED_FACE('',(#8025),#8037,.F.);
#8025 = FACE_BOUND('',#8026,.F.);
#8026 = EDGE_LOOP('',(#8027,#8028,#8029,#8036));
#8027 = ORIENTED_EDGE('',*,*,#8011,.F.);
#8028 = ORIENTED_EDGE('',*,*,#2802,.F.);
#8029 = ORIENTED_EDGE('',*,*,#8030,.T.);
#8030 = EDGE_CURVE('',#2803,#2811,#8031,.T.);
#8031 = CIRCLE('',#8032,3.55);
#8032 = AXIS2_PLACEMENT_3D('',#8033,#8034,#8035);
#8033 = CARTESIAN_POINT('',(28.,205.415,41.));
#8034 = DIRECTION('',(1.,0.,0.));
#8035 = DIRECTION('',(-0.,0.,1.));
#8036 = ORIENTED_EDGE('',*,*,#2818,.T.);
#8037 = CYLINDRICAL_SURFACE('',#8038,3.55);
#8038 = AXIS2_PLACEMENT_3D('',#8039,#8040,#8041);
#8039 = CARTESIAN_POINT('',(28.,205.415,41.));
#8040 = DIRECTION('',(1.,0.,0.));
#8041 = DIRECTION('',(-0.,0.,1.));
#8042 = ADVANCED_FACE('',(#8043),#8047,.T.);
#8043 = FACE_BOUND('',#8044,.T.);
#8044 = EDGE_LOOP('',(#8045,#8046));
#8045 = ORIENTED_EDGE('',*,*,#2810,.F.);
#8046 = ORIENTED_EDGE('',*,*,#8030,.T.);
#8047 = PLANE('',#8048);
#8048 = AXIS2_PLACEMENT_3D('',#8049,#8050,#8051);
#8049 = CARTESIAN_POINT('',(28.,205.415,41.));
#8050 = DIRECTION('',(1.,0.,0.));
#8051 = DIRECTION('',(-0.,0.,1.));
#8052 = ADVANCED_FACE('',(#8053,#8064),#8067,.T.);
#8053 = FACE_BOUND('',#8054,.T.);
#8054 = EDGE_LOOP('',(#8055,#8056,#8062,#8063));
#8055 = ORIENTED_EDGE('',*,*,#7822,.F.);
#8056 = ORIENTED_EDGE('',*,*,#8057,.F.);
#8057 = EDGE_CURVE('',#7961,#7823,#8058,.T.);
#8058 = LINE('',#8059,#8060);
#8059 = CARTESIAN_POINT('',(33.65,198.065,23.65));
#8060 = VECTOR('',#8061,1.);
#8061 = DIRECTION('',(1.,0.,-0.));
#8062 = ORIENTED_EDGE('',*,*,#7960,.T.);
#8063 = ORIENTED_EDGE('',*,*,#2770,.F.);
#8064 = FACE_BOUND('',#8065,.T.);
#8065 = EDGE_LOOP('',(#8066));
#8066 = ORIENTED_EDGE('',*,*,#6229,.F.);
#8067 = PLANE('',#8068);
#8068 = AXIS2_PLACEMENT_3D('',#8069,#8070,#8071);
#8069 = CARTESIAN_POINT('',(33.65,198.065,23.65));
#8070 = DIRECTION('',(-0.,1.,0.));
#8071 = DIRECTION('',(0.,0.,1.));
#8072 = ADVANCED_FACE('',(#8073),#8091,.F.);
#8073 = FACE_BOUND('',#8074,.F.);
#8074 = EDGE_LOOP('',(#8075,#8083,#8084,#8085));
#8075 = ORIENTED_EDGE('',*,*,#8076,.F.);
#8076 = EDGE_CURVE('',#2960,#8077,#8079,.T.);
#8077 = VERTEX_POINT('',#8078);
#8078 = CARTESIAN_POINT('',(-190.,8.,7.));
#8079 = LINE('',#8080,#8081);
#8080 = CARTESIAN_POINT('',(-190.,0.,7.));
#8081 = VECTOR('',#8082,1.);
#8082 = DIRECTION('',(-0.,1.,0.));
#8083 = ORIENTED_EDGE('',*,*,#2959,.T.);
#8084 = ORIENTED_EDGE('',*,*,#3682,.T.);
#8085 = ORIENTED_EDGE('',*,*,#8086,.F.);
#8086 = EDGE_CURVE('',#8077,#3650,#8087,.T.);
#8087 = LINE('',#8088,#8089);
#8088 = CARTESIAN_POINT('',(-190.,8.,7.));
#8089 = VECTOR('',#8090,1.);
#8090 = DIRECTION('',(1.,0.,-0.));
#8091 = PLANE('',#8092);
#8092 = AXIS2_PLACEMENT_3D('',#8093,#8094,#8095);
#8093 = CARTESIAN_POINT('',(-190.,0.,7.));
#8094 = DIRECTION('',(0.,0.,1.));
#8095 = DIRECTION('',(1.,0.,-0.));
#8096 = ADVANCED_FACE('',(#8097),#8133,.T.);
#8097 = FACE_BOUND('',#8098,.T.);
#8098 = EDGE_LOOP('',(#8099,#8107,#8108,#8109,#8110,#8111,#8119,#8127));
#8099 = ORIENTED_EDGE('',*,*,#8100,.T.);
#8100 = EDGE_CURVE('',#8101,#8077,#8103,.T.);
#8101 = VERTEX_POINT('',#8102);
#8102 = CARTESIAN_POINT('',(-190.,8.,-42.));
#8103 = LINE('',#8104,#8105);
#8104 = CARTESIAN_POINT('',(-190.,8.,-42.));
#8105 = VECTOR('',#8106,1.);
#8106 = DIRECTION('',(0.,0.,1.));
#8107 = ORIENTED_EDGE('',*,*,#8076,.F.);
#8108 = ORIENTED_EDGE('',*,*,#3208,.T.);
#8109 = ORIENTED_EDGE('',*,*,#3230,.T.);
#8110 = ORIENTED_EDGE('',*,*,#3262,.F.);
#8111 = ORIENTED_EDGE('',*,*,#8112,.F.);
#8112 = EDGE_CURVE('',#8113,#3255,#8115,.T.);
#8113 = VERTEX_POINT('',#8114);
#8114 = CARTESIAN_POINT('',(-190.,12.,7.));
#8115 = LINE('',#8116,#8117);
#8116 = CARTESIAN_POINT('',(-190.,0.,7.));
#8117 = VECTOR('',#8118,1.);
#8118 = DIRECTION('',(-0.,1.,0.));
#8119 = ORIENTED_EDGE('',*,*,#8120,.F.);
#8120 = EDGE_CURVE('',#8121,#8113,#8123,.T.);
#8121 = VERTEX_POINT('',#8122);
#8122 = CARTESIAN_POINT('',(-190.,12.,-42.));
#8123 = LINE('',#8124,#8125);
#8124 = CARTESIAN_POINT('',(-190.,12.,-42.));
#8125 = VECTOR('',#8126,1.);
#8126 = DIRECTION('',(0.,0.,1.));
#8127 = ORIENTED_EDGE('',*,*,#8128,.F.);
#8128 = EDGE_CURVE('',#8101,#8121,#8129,.T.);
#8129 = LINE('',#8130,#8131);
#8130 = CARTESIAN_POINT('',(-190.,8.,-42.));
#8131 = VECTOR('',#8132,1.);
#8132 = DIRECTION('',(-0.,1.,0.));
#8133 = PLANE('',#8134);
#8134 = AXIS2_PLACEMENT_3D('',#8135,#8136,#8137);
#8135 = CARTESIAN_POINT('',(-190.,10.,2.265818858561));
#8136 = DIRECTION('',(-1.,-0.,-0.));
#8137 = DIRECTION('',(0.,0.,-1.));
#8138 = ADVANCED_FACE('',(#8139),#8157,.T.);
#8139 = FACE_BOUND('',#8140,.T.);
#8140 = EDGE_LOOP('',(#8141,#8142,#8143,#8151));
#8141 = ORIENTED_EDGE('',*,*,#3616,.F.);
#8142 = ORIENTED_EDGE('',*,*,#3470,.F.);
#8143 = ORIENTED_EDGE('',*,*,#8144,.T.);
#8144 = EDGE_CURVE('',#3463,#8145,#8147,.T.);
#8145 = VERTEX_POINT('',#8146);
#8146 = CARTESIAN_POINT('',(-101.7508916323,220.,20.151111111111));
#8147 = LINE('',#8148,#8149);
#8148 = CARTESIAN_POINT('',(-101.7508916323,24.,20.151111111111));
#8149 = VECTOR('',#8150,1.);
#8150 = DIRECTION('',(0.,1.,0.));
#8151 = ORIENTED_EDGE('',*,*,#8152,.T.);
#8152 = EDGE_CURVE('',#8145,#3617,#8153,.T.);
#8153 = LINE('',#8154,#8155);
#8154 = CARTESIAN_POINT('',(-101.7508916323,220.,20.151111111111));
#8155 = VECTOR('',#8156,1.);
#8156 = DIRECTION('',(-0.681932082106,0.,-0.731415501199));
#8157 = PLANE('',#8158);
#8158 = AXIS2_PLACEMENT_3D('',#8159,#8160,#8161);
#8159 = CARTESIAN_POINT('',(-102.0098765432,106.,19.873333333333));
#8160 = DIRECTION('',(-0.731415501199,-0.,0.681932082106));
#8161 = DIRECTION('',(-0.681932082106,0.,-0.731415501199));
#8162 = ADVANCED_FACE('',(#8163),#8181,.T.);
#8163 = FACE_BOUND('',#8164,.T.);
#8164 = EDGE_LOOP('',(#8165,#8166,#8167,#8175));
#8165 = ORIENTED_EDGE('',*,*,#8144,.F.);
#8166 = ORIENTED_EDGE('',*,*,#3462,.F.);
#8167 = ORIENTED_EDGE('',*,*,#8168,.T.);
#8168 = EDGE_CURVE('',#3455,#8169,#8171,.T.);
#8169 = VERTEX_POINT('',#8170);
#8170 = CARTESIAN_POINT('',(-101.2592592592,220.,20.706666666667));
#8171 = LINE('',#8172,#8173);
#8172 = CARTESIAN_POINT('',(-101.2592592592,24.,20.706666666667));
#8173 = VECTOR('',#8174,1.);
#8174 = DIRECTION('',(0.,1.,0.));
#8175 = ORIENTED_EDGE('',*,*,#8176,.T.);
#8176 = EDGE_CURVE('',#8169,#8145,#8177,.T.);
#8177 = LINE('',#8178,#8179);
#8178 = CARTESIAN_POINT('',(-101.2592592592,220.,20.706666666667));
#8179 = VECTOR('',#8180,1.);
#8180 = DIRECTION('',(-0.662709521533,0.,-0.748876551956));
#8181 = PLANE('',#8182);
#8182 = AXIS2_PLACEMENT_3D('',#8183,#8184,#8185);
#8183 = CARTESIAN_POINT('',(-101.5050754458,106.,20.428888888889));
#8184 = DIRECTION('',(-0.748876551956,-0.,0.662709521533));
#8185 = DIRECTION('',(-0.662709521533,0.,-0.748876551956));
#8186 = ADVANCED_FACE('',(#8187),#8205,.T.);
#8187 = FACE_BOUND('',#8188,.T.);
#8188 = EDGE_LOOP('',(#8189,#8190,#8191,#8199));
#8189 = ORIENTED_EDGE('',*,*,#8168,.F.);
#8190 = ORIENTED_EDGE('',*,*,#3454,.F.);
#8191 = ORIENTED_EDGE('',*,*,#8192,.T.);
#8192 = EDGE_CURVE('',#3447,#8193,#8195,.T.);
#8193 = VERTEX_POINT('',#8194);
#8194 = CARTESIAN_POINT('',(-100.8071330589,220.,21.262222222222));
#8195 = LINE('',#8196,#8197);
#8196 = CARTESIAN_POINT('',(-100.8071330589,24.,21.262222222222));
#8197 = VECTOR('',#8198,1.);
#8198 = DIRECTION('',(0.,1.,0.));
#8199 = ORIENTED_EDGE('',*,*,#8200,.T.);
#8200 = EDGE_CURVE('',#8193,#8169,#8201,.T.);
#8201 = LINE('',#8202,#8203);
#8202 = CARTESIAN_POINT('',(-100.8071330589,220.,21.262222222222));
#8203 = VECTOR('',#8204,1.);
#8204 = DIRECTION('',(-0.631212461229,0.,-0.77560997208));
#8205 = PLANE('',#8206);
#8206 = AXIS2_PLACEMENT_3D('',#8207,#8208,#8209);
#8207 = CARTESIAN_POINT('',(-101.0331961591,106.,20.984444444444));
#8208 = DIRECTION('',(-0.77560997208,-0.,0.631212461229));
#8209 = DIRECTION('',(-0.631212461229,0.,-0.77560997208));
#8210 = ADVANCED_FACE('',(#8211),#8229,.T.);
#8211 = FACE_BOUND('',#8212,.T.);
#8212 = EDGE_LOOP('',(#8213,#8214,#8215,#8223));
#8213 = ORIENTED_EDGE('',*,*,#8192,.F.);
#8214 = ORIENTED_EDGE('',*,*,#3446,.F.);
#8215 = ORIENTED_EDGE('',*,*,#8216,.T.);
#8216 = EDGE_CURVE('',#3439,#8217,#8219,.T.);
#8217 = VERTEX_POINT('',#8218);
#8218 = CARTESIAN_POINT('',(-100.4076817558,220.,21.817777777778));
#8219 = LINE('',#8220,#8221);
#8220 = CARTESIAN_POINT('',(-100.4076817558,24.,21.817777777778));
#8221 = VECTOR('',#8222,1.);
#8222 = DIRECTION('',(0.,1.,0.));
#8223 = ORIENTED_EDGE('',*,*,#8224,.T.);
#8224 = EDGE_CURVE('',#8217,#8193,#8225,.T.);
#8225 = LINE('',#8226,#8227);
#8226 = CARTESIAN_POINT('',(-100.4076817558,220.,21.817777777778));
#8227 = VECTOR('',#8228,1.);
#8228 = DIRECTION('',(-0.583776486487,0.,-0.811914412869));
#8229 = PLANE('',#8230);
#8230 = AXIS2_PLACEMENT_3D('',#8231,#8232,#8233);
#8231 = CARTESIAN_POINT('',(-100.6074074074,106.,21.54));
#8232 = DIRECTION('',(-0.811914412869,-0.,0.583776486487));
#8233 = DIRECTION('',(-0.583776486487,0.,-0.811914412869));
#8234 = ADVANCED_FACE('',(#8235),#8253,.T.);
#8235 = FACE_BOUND('',#8236,.T.);
#8236 = EDGE_LOOP('',(#8237,#8238,#8239,#8247));
#8237 = ORIENTED_EDGE('',*,*,#8216,.F.);
#8238 = ORIENTED_EDGE('',*,*,#3438,.F.);
#8239 = ORIENTED_EDGE('',*,*,#8240,.T.);
#8240 = EDGE_CURVE('',#3431,#8241,#8243,.T.);
#8241 = VERTEX_POINT('',#8242);
#8242 = CARTESIAN_POINT('',(-100.074074074,220.,22.373333333333));
#8243 = LINE('',#8244,#8245);
#8244 = CARTESIAN_POINT('',(-100.074074074,24.,22.373333333333));
#8245 = VECTOR('',#8246,1.);
#8246 = DIRECTION('',(0.,1.,0.));
#8247 = ORIENTED_EDGE('',*,*,#8248,.T.);
#8248 = EDGE_CURVE('',#8241,#8217,#8249,.T.);
#8249 = LINE('',#8250,#8251);
#8250 = CARTESIAN_POINT('',(-100.074074074,220.,22.373333333333));
#8251 = VECTOR('',#8252,1.);
#8252 = DIRECTION('',(-0.514807016402,0.,-0.857306092282));
#8253 = PLANE('',#8254);
#8254 = AXIS2_PLACEMENT_3D('',#8255,#8256,#8257);
#8255 = CARTESIAN_POINT('',(-100.2408779149,106.,22.095555555556));
#8256 = DIRECTION('',(-0.857306092282,-0.,0.514807016402));
#8257 = DIRECTION('',(-0.514807016402,0.,-0.857306092282));
#8258 = ADVANCED_FACE('',(#8259),#8277,.T.);
#8259 = FACE_BOUND('',#8260,.T.);
#8260 = EDGE_LOOP('',(#8261,#8262,#8263,#8271));
#8261 = ORIENTED_EDGE('',*,*,#8240,.F.);
#8262 = ORIENTED_EDGE('',*,*,#3430,.F.);
#8263 = ORIENTED_EDGE('',*,*,#8264,.T.);
#8264 = EDGE_CURVE('',#3423,#8265,#8267,.T.);
#8265 = VERTEX_POINT('',#8266);
#8266 = CARTESIAN_POINT('',(-99.81947873799,220.,22.928888888889));
#8267 = LINE('',#8268,#8269);
#8268 = CARTESIAN_POINT('',(-99.81947873799,24.,22.928888888889));
#8269 = VECTOR('',#8270,1.);
#8270 = DIRECTION('',(0.,1.,0.));
#8271 = ORIENTED_EDGE('',*,*,#8272,.T.);
#8272 = EDGE_CURVE('',#8265,#8241,#8273,.T.);
#8273 = LINE('',#8274,#8275);
#8274 = CARTESIAN_POINT('',(-99.81947873799,220.,22.928888888889));
#8275 = VECTOR('',#8276,1.);
#8276 = DIRECTION('',(-0.416608335402,0.,-0.909086076713));
#8277 = PLANE('',#8278);
#8278 = AXIS2_PLACEMENT_3D('',#8279,#8280,#8281);
#8279 = CARTESIAN_POINT('',(-99.94677640603,106.,22.651111111111));
#8280 = DIRECTION('',(-0.909086076713,-0.,0.416608335402));
#8281 = DIRECTION('',(-0.416608335402,0.,-0.909086076713));
#8282 = ADVANCED_FACE('',(#8283),#8301,.T.);
#8283 = FACE_BOUND('',#8284,.T.);
#8284 = EDGE_LOOP('',(#8285,#8286,#8287,#8295));
#8285 = ORIENTED_EDGE('',*,*,#8264,.F.);
#8286 = ORIENTED_EDGE('',*,*,#3422,.F.);
#8287 = ORIENTED_EDGE('',*,*,#8288,.T.);
#8288 = EDGE_CURVE('',#3415,#8289,#8291,.T.);
#8289 = VERTEX_POINT('',#8290);
#8290 = CARTESIAN_POINT('',(-99.65706447187,220.,23.484444444444));
#8291 = LINE('',#8292,#8293);
#8292 = CARTESIAN_POINT('',(-99.65706447187,24.,23.484444444444));
#8293 = VECTOR('',#8294,1.);
#8294 = DIRECTION('',(0.,1.,0.));
#8295 = ORIENTED_EDGE('',*,*,#8296,.T.);
#8296 = EDGE_CURVE('',#8289,#8265,#8297,.T.);
#8297 = LINE('',#8298,#8299);
#8298 = CARTESIAN_POINT('',(-99.65706447187,220.,23.484444444444));
#8299 = VECTOR('',#8300,1.);
#8300 = DIRECTION('',(-0.280600582118,0.,-0.959824626333));
#8301 = PLANE('',#8302);
#8302 = AXIS2_PLACEMENT_3D('',#8303,#8304,#8305);
#8303 = CARTESIAN_POINT('',(-99.73827160493,106.,23.206666666667));
#8304 = DIRECTION('',(-0.959824626333,-0.,0.280600582118));
#8305 = DIRECTION('',(-0.280600582118,0.,-0.959824626333));
#8306 = ADVANCED_FACE('',(#8307),#8325,.T.);
#8307 = FACE_BOUND('',#8308,.T.);
#8308 = EDGE_LOOP('',(#8309,#8310,#8311,#8319));
#8309 = ORIENTED_EDGE('',*,*,#8288,.F.);
#8310 = ORIENTED_EDGE('',*,*,#3414,.F.);
#8311 = ORIENTED_EDGE('',*,*,#8312,.T.);
#8312 = EDGE_CURVE('',#3407,#8313,#8315,.T.);
#8313 = VERTEX_POINT('',#8314);
#8314 = CARTESIAN_POINT('',(-99.6,220.,24.04));
#8315 = LINE('',#8316,#8317);
#8316 = CARTESIAN_POINT('',(-99.6,24.,24.04));
#8317 = VECTOR('',#8318,1.);
#8318 = DIRECTION('',(0.,1.,0.));
#8319 = ORIENTED_EDGE('',*,*,#8320,.T.);
#8320 = EDGE_CURVE('',#8313,#8289,#8321,.T.);
#8321 = LINE('',#8322,#8323);
#8322 = CARTESIAN_POINT('',(-99.6,220.,24.04));
#8323 = VECTOR('',#8324,1.);
#8324 = DIRECTION('',(-0.102178442416,0.,-0.994766086025));
#8325 = PLANE('',#8326);
#8326 = AXIS2_PLACEMENT_3D('',#8327,#8328,#8329);
#8327 = CARTESIAN_POINT('',(-99.62853223594,106.,23.762222222222));
#8328 = DIRECTION('',(-0.994766086025,-0.,0.102178442416));
#8329 = DIRECTION('',(-0.102178442416,0.,-0.994766086025));
#8330 = ADVANCED_FACE('',(#8331),#8349,.T.);
#8331 = FACE_BOUND('',#8332,.T.);
#8332 = EDGE_LOOP('',(#8333,#8334,#8342,#8348));
#8333 = ORIENTED_EDGE('',*,*,#3406,.F.);
#8334 = ORIENTED_EDGE('',*,*,#8335,.T.);
#8335 = EDGE_CURVE('',#3399,#8336,#8338,.T.);
#8336 = VERTEX_POINT('',#8337);
#8337 = CARTESIAN_POINT('',(-99.6,220.,25.04));
#8338 = LINE('',#8339,#8340);
#8339 = CARTESIAN_POINT('',(-99.6,24.,25.04));
#8340 = VECTOR('',#8341,1.);
#8341 = DIRECTION('',(0.,1.,0.));
#8342 = ORIENTED_EDGE('',*,*,#8343,.F.);
#8343 = EDGE_CURVE('',#8313,#8336,#8344,.T.);
#8344 = LINE('',#8345,#8346);
#8345 = CARTESIAN_POINT('',(-99.6,220.,14.04));
#8346 = VECTOR('',#8347,1.);
#8347 = DIRECTION('',(0.,0.,1.));
#8348 = ORIENTED_EDGE('',*,*,#8312,.F.);
#8349 = PLANE('',#8350);
#8350 = AXIS2_PLACEMENT_3D('',#8351,#8352,#8353);
#8351 = CARTESIAN_POINT('',(-99.6,106.,24.54));
#8352 = DIRECTION('',(-1.,-0.,-0.));
#8353 = DIRECTION('',(0.,0.,-1.));
#8354 = ADVANCED_FACE('',(#8355),#8373,.T.);
#8355 = FACE_BOUND('',#8356,.T.);
#8356 = EDGE_LOOP('',(#8357,#8358,#8366,#8372));
#8357 = ORIENTED_EDGE('',*,*,#3398,.F.);
#8358 = ORIENTED_EDGE('',*,*,#8359,.T.);
#8359 = EDGE_CURVE('',#3391,#8360,#8362,.T.);
#8360 = VERTEX_POINT('',#8361);
#8361 = CARTESIAN_POINT('',(-99.65706447187,220.,25.595555555556));
#8362 = LINE('',#8363,#8364);
#8363 = CARTESIAN_POINT('',(-99.65706447187,24.,25.595555555556));
#8364 = VECTOR('',#8365,1.);
#8365 = DIRECTION('',(0.,1.,0.));
#8366 = ORIENTED_EDGE('',*,*,#8367,.F.);
#8367 = EDGE_CURVE('',#8336,#8360,#8368,.T.);
#8368 = LINE('',#8369,#8370);
#8369 = CARTESIAN_POINT('',(-99.6,220.,25.04));
#8370 = VECTOR('',#8371,1.);
#8371 = DIRECTION('',(-0.102178442416,0.,0.994766086025));
#8372 = ORIENTED_EDGE('',*,*,#8335,.F.);
#8373 = PLANE('',#8374);
#8374 = AXIS2_PLACEMENT_3D('',#8375,#8376,#8377);
#8375 = CARTESIAN_POINT('',(-99.62853223594,106.,25.317777777778));
#8376 = DIRECTION('',(-0.994766086025,-0.,-0.102178442416));
#8377 = DIRECTION('',(0.102178442416,0.,-0.994766086025));
#8378 = ADVANCED_FACE('',(#8379),#8397,.T.);
#8379 = FACE_BOUND('',#8380,.T.);
#8380 = EDGE_LOOP('',(#8381,#8382,#8390,#8396));
#8381 = ORIENTED_EDGE('',*,*,#3390,.F.);
#8382 = ORIENTED_EDGE('',*,*,#8383,.T.);
#8383 = EDGE_CURVE('',#3383,#8384,#8386,.T.);
#8384 = VERTEX_POINT('',#8385);
#8385 = CARTESIAN_POINT('',(-99.81947873799,220.,26.151111111111));
#8386 = LINE('',#8387,#8388);
#8387 = CARTESIAN_POINT('',(-99.81947873799,24.,26.151111111111));
#8388 = VECTOR('',#8389,1.);
#8389 = DIRECTION('',(0.,1.,0.));
#8390 = ORIENTED_EDGE('',*,*,#8391,.F.);
#8391 = EDGE_CURVE('',#8360,#8384,#8392,.T.);
#8392 = LINE('',#8393,#8394);
#8393 = CARTESIAN_POINT('',(-99.65706447187,220.,25.595555555556));
#8394 = VECTOR('',#8395,1.);
#8395 = DIRECTION('',(-0.280600582118,0.,0.959824626333));
#8396 = ORIENTED_EDGE('',*,*,#8359,.F.);
#8397 = PLANE('',#8398);
#8398 = AXIS2_PLACEMENT_3D('',#8399,#8400,#8401);
#8399 = CARTESIAN_POINT('',(-99.73827160493,106.,25.873333333333));
#8400 = DIRECTION('',(-0.959824626333,-0.,-0.280600582118));
#8401 = DIRECTION('',(0.280600582118,0.,-0.959824626333));
#8402 = ADVANCED_FACE('',(#8403),#8421,.T.);
#8403 = FACE_BOUND('',#8404,.T.);
#8404 = EDGE_LOOP('',(#8405,#8406,#8414,#8420));
#8405 = ORIENTED_EDGE('',*,*,#3382,.F.);
#8406 = ORIENTED_EDGE('',*,*,#8407,.T.);
#8407 = EDGE_CURVE('',#3375,#8408,#8410,.T.);
#8408 = VERTEX_POINT('',#8409);
#8409 = CARTESIAN_POINT('',(-100.074074074,220.,26.706666666667));
#8410 = LINE('',#8411,#8412);
#8411 = CARTESIAN_POINT('',(-100.074074074,24.,26.706666666667));
#8412 = VECTOR('',#8413,1.);
#8413 = DIRECTION('',(0.,1.,0.));
#8414 = ORIENTED_EDGE('',*,*,#8415,.F.);
#8415 = EDGE_CURVE('',#8384,#8408,#8416,.T.);
#8416 = LINE('',#8417,#8418);
#8417 = CARTESIAN_POINT('',(-99.81947873799,220.,26.151111111111));
#8418 = VECTOR('',#8419,1.);
#8419 = DIRECTION('',(-0.416608335402,0.,0.909086076713));
#8420 = ORIENTED_EDGE('',*,*,#8383,.F.);
#8421 = PLANE('',#8422);
#8422 = AXIS2_PLACEMENT_3D('',#8423,#8424,#8425);
#8423 = CARTESIAN_POINT('',(-99.94677640603,106.,26.428888888889));
#8424 = DIRECTION('',(-0.909086076713,-0.,-0.416608335402));
#8425 = DIRECTION('',(0.416608335402,0.,-0.909086076713));
#8426 = ADVANCED_FACE('',(#8427),#8445,.T.);
#8427 = FACE_BOUND('',#8428,.T.);
#8428 = EDGE_LOOP('',(#8429,#8430,#8438,#8444));
#8429 = ORIENTED_EDGE('',*,*,#3374,.F.);
#8430 = ORIENTED_EDGE('',*,*,#8431,.T.);
#8431 = EDGE_CURVE('',#3367,#8432,#8434,.T.);
#8432 = VERTEX_POINT('',#8433);
#8433 = CARTESIAN_POINT('',(-100.4076817558,220.,27.262222222222));
#8434 = LINE('',#8435,#8436);
#8435 = CARTESIAN_POINT('',(-100.4076817558,24.,27.262222222222));
#8436 = VECTOR('',#8437,1.);
#8437 = DIRECTION('',(0.,1.,0.));
#8438 = ORIENTED_EDGE('',*,*,#8439,.F.);
#8439 = EDGE_CURVE('',#8408,#8432,#8440,.T.);
#8440 = LINE('',#8441,#8442);
#8441 = CARTESIAN_POINT('',(-100.074074074,220.,26.706666666667));
#8442 = VECTOR('',#8443,1.);
#8443 = DIRECTION('',(-0.514807016402,0.,0.857306092282));
#8444 = ORIENTED_EDGE('',*,*,#8407,.F.);
#8445 = PLANE('',#8446);
#8446 = AXIS2_PLACEMENT_3D('',#8447,#8448,#8449);
#8447 = CARTESIAN_POINT('',(-100.2408779149,106.,26.984444444444));
#8448 = DIRECTION('',(-0.857306092282,-0.,-0.514807016402));
#8449 = DIRECTION('',(0.514807016402,0.,-0.857306092282));
#8450 = ADVANCED_FACE('',(#8451),#8469,.T.);
#8451 = FACE_BOUND('',#8452,.T.);
#8452 = EDGE_LOOP('',(#8453,#8454,#8462,#8468));
#8453 = ORIENTED_EDGE('',*,*,#3366,.F.);
#8454 = ORIENTED_EDGE('',*,*,#8455,.T.);
#8455 = EDGE_CURVE('',#3359,#8456,#8458,.T.);
#8456 = VERTEX_POINT('',#8457);
#8457 = CARTESIAN_POINT('',(-100.8071330589,220.,27.817777777778));
#8458 = LINE('',#8459,#8460);
#8459 = CARTESIAN_POINT('',(-100.8071330589,24.,27.817777777778));
#8460 = VECTOR('',#8461,1.);
#8461 = DIRECTION('',(0.,1.,0.));
#8462 = ORIENTED_EDGE('',*,*,#8463,.F.);
#8463 = EDGE_CURVE('',#8432,#8456,#8464,.T.);
#8464 = LINE('',#8465,#8466);
#8465 = CARTESIAN_POINT('',(-100.4076817558,220.,27.262222222222));
#8466 = VECTOR('',#8467,1.);
#8467 = DIRECTION('',(-0.583776486487,0.,0.811914412869));
#8468 = ORIENTED_EDGE('',*,*,#8431,.F.);
#8469 = PLANE('',#8470);
#8470 = AXIS2_PLACEMENT_3D('',#8471,#8472,#8473);
#8471 = CARTESIAN_POINT('',(-100.6074074074,106.,27.54));
#8472 = DIRECTION('',(-0.811914412869,-0.,-0.583776486487));
#8473 = DIRECTION('',(0.583776486487,0.,-0.811914412869));
#8474 = ADVANCED_FACE('',(#8475),#8493,.T.);
#8475 = FACE_BOUND('',#8476,.T.);
#8476 = EDGE_LOOP('',(#8477,#8478,#8486,#8492));
#8477 = ORIENTED_EDGE('',*,*,#3358,.F.);
#8478 = ORIENTED_EDGE('',*,*,#8479,.T.);
#8479 = EDGE_CURVE('',#3351,#8480,#8482,.T.);
#8480 = VERTEX_POINT('',#8481);
#8481 = CARTESIAN_POINT('',(-101.2592592592,220.,28.373333333333));
#8482 = LINE('',#8483,#8484);
#8483 = CARTESIAN_POINT('',(-101.2592592592,24.,28.373333333333));
#8484 = VECTOR('',#8485,1.);
#8485 = DIRECTION('',(0.,1.,0.));
#8486 = ORIENTED_EDGE('',*,*,#8487,.F.);
#8487 = EDGE_CURVE('',#8456,#8480,#8488,.T.);
#8488 = LINE('',#8489,#8490);
#8489 = CARTESIAN_POINT('',(-100.8071330589,220.,27.817777777778));
#8490 = VECTOR('',#8491,1.);
#8491 = DIRECTION('',(-0.631212461229,0.,0.77560997208));
#8492 = ORIENTED_EDGE('',*,*,#8455,.F.);
#8493 = PLANE('',#8494);
#8494 = AXIS2_PLACEMENT_3D('',#8495,#8496,#8497);
#8495 = CARTESIAN_POINT('',(-101.0331961591,106.,28.095555555556));
#8496 = DIRECTION('',(-0.77560997208,-0.,-0.631212461229));
#8497 = DIRECTION('',(0.631212461229,0.,-0.77560997208));
#8498 = ADVANCED_FACE('',(#8499),#8517,.T.);
#8499 = FACE_BOUND('',#8500,.T.);
#8500 = EDGE_LOOP('',(#8501,#8502,#8510,#8516));
#8501 = ORIENTED_EDGE('',*,*,#3350,.F.);
#8502 = ORIENTED_EDGE('',*,*,#8503,.T.);
#8503 = EDGE_CURVE('',#3343,#8504,#8506,.T.);
#8504 = VERTEX_POINT('',#8505);
#8505 = CARTESIAN_POINT('',(-101.7508916323,220.,28.928888888889));
#8506 = LINE('',#8507,#8508);
#8507 = CARTESIAN_POINT('',(-101.7508916323,24.,28.928888888889));
#8508 = VECTOR('',#8509,1.);
#8509 = DIRECTION('',(0.,1.,0.));
#8510 = ORIENTED_EDGE('',*,*,#8511,.F.);
#8511 = EDGE_CURVE('',#8480,#8504,#8512,.T.);
#8512 = LINE('',#8513,#8514);
#8513 = CARTESIAN_POINT('',(-101.2592592592,220.,28.373333333333));
#8514 = VECTOR('',#8515,1.);
#8515 = DIRECTION('',(-0.662709521533,0.,0.748876551956));
#8516 = ORIENTED_EDGE('',*,*,#8479,.F.);
#8517 = PLANE('',#8518);
#8518 = AXIS2_PLACEMENT_3D('',#8519,#8520,#8521);
#8519 = CARTESIAN_POINT('',(-101.5050754458,106.,28.651111111111));
#8520 = DIRECTION('',(-0.748876551956,-0.,-0.662709521533));
#8521 = DIRECTION('',(0.662709521533,0.,-0.748876551956));
#8522 = ADVANCED_FACE('',(#8523),#8541,.T.);
#8523 = FACE_BOUND('',#8524,.T.);
#8524 = EDGE_LOOP('',(#8525,#8526,#8534,#8540));
#8525 = ORIENTED_EDGE('',*,*,#3342,.F.);
#8526 = ORIENTED_EDGE('',*,*,#8527,.T.);
#8527 = EDGE_CURVE('',#3335,#8528,#8530,.T.);
#8528 = VERTEX_POINT('',#8529);
#8529 = CARTESIAN_POINT('',(-102.268861454,220.,29.484444444444));
#8530 = LINE('',#8531,#8532);
#8531 = CARTESIAN_POINT('',(-102.268861454,24.,29.484444444444));
#8532 = VECTOR('',#8533,1.);
#8533 = DIRECTION('',(0.,1.,0.));
#8534 = ORIENTED_EDGE('',*,*,#8535,.F.);
#8535 = EDGE_CURVE('',#8504,#8528,#8536,.T.);
#8536 = LINE('',#8537,#8538);
#8537 = CARTESIAN_POINT('',(-101.7508916323,220.,28.928888888889));
#8538 = VECTOR('',#8539,1.);
#8539 = DIRECTION('',(-0.681932082106,0.,0.731415501199));
#8540 = ORIENTED_EDGE('',*,*,#8503,.F.);
#8541 = PLANE('',#8542);
#8542 = AXIS2_PLACEMENT_3D('',#8543,#8544,#8545);
#8543 = CARTESIAN_POINT('',(-102.0098765432,106.,29.206666666667));
#8544 = DIRECTION('',(-0.731415501199,-0.,-0.681932082106));
#8545 = DIRECTION('',(0.681932082106,0.,-0.731415501199));
#8546 = ADVANCED_FACE('',(#8547),#8572,.T.);
#8547 = FACE_BOUND('',#8548,.T.);
#8548 = EDGE_LOOP('',(#8549,#8550,#8551,#8557,#8558,#8566));
#8549 = ORIENTED_EDGE('',*,*,#8527,.F.);
#8550 = ORIENTED_EDGE('',*,*,#3334,.F.);
#8551 = ORIENTED_EDGE('',*,*,#8552,.T.);
#8552 = EDGE_CURVE('',#3327,#3570,#8553,.T.);
#8553 = LINE('',#8554,#8555);
#8554 = CARTESIAN_POINT('',(-103.3311385459,24.,30.595555555556));
#8555 = VECTOR('',#8556,1.);
#8556 = DIRECTION('',(0.,1.,0.));
#8557 = ORIENTED_EDGE('',*,*,#3577,.T.);
#8558 = ORIENTED_EDGE('',*,*,#8559,.F.);
#8559 = EDGE_CURVE('',#8560,#3578,#8562,.T.);
#8560 = VERTEX_POINT('',#8561);
#8561 = CARTESIAN_POINT('',(-102.8,220.,30.04));
#8562 = LINE('',#8563,#8564);
#8563 = CARTESIAN_POINT('',(-102.8,162.9,30.04));
#8564 = VECTOR('',#8565,1.);
#8565 = DIRECTION('',(0.,-1.,0.));
#8566 = ORIENTED_EDGE('',*,*,#8567,.F.);
#8567 = EDGE_CURVE('',#8528,#8560,#8568,.T.);
#8568 = LINE('',#8569,#8570);
#8569 = CARTESIAN_POINT('',(-102.268861454,220.,29.484444444444));
#8570 = VECTOR('',#8571,1.);
#8571 = DIRECTION('',(-0.691044328918,0.,0.722812379162));
#8572 = PLANE('',#8573);
#8573 = AXIS2_PLACEMENT_3D('',#8574,#8575,#8576);
#8574 = CARTESIAN_POINT('',(-102.8,106.,30.04));
#8575 = DIRECTION('',(-0.722812379162,-0.,-0.691044328918));
#8576 = DIRECTION('',(0.691044328918,0.,-0.722812379162));
#8577 = ADVANCED_FACE('',(#8578),#8589,.T.);
#8578 = FACE_BOUND('',#8579,.T.);
#8579 = EDGE_LOOP('',(#8580,#8581,#8582,#8588));
#8580 = ORIENTED_EDGE('',*,*,#8552,.F.);
#8581 = ORIENTED_EDGE('',*,*,#3326,.F.);
#8582 = ORIENTED_EDGE('',*,*,#8583,.T.);
#8583 = EDGE_CURVE('',#3319,#3562,#8584,.T.);
#8584 = LINE('',#8585,#8586);
#8585 = CARTESIAN_POINT('',(-103.8491083676,24.,31.151111111111));
#8586 = VECTOR('',#8587,1.);
#8587 = DIRECTION('',(0.,1.,0.));
#8588 = ORIENTED_EDGE('',*,*,#3569,.T.);
#8589 = PLANE('',#8590);
#8590 = AXIS2_PLACEMENT_3D('',#8591,#8592,#8593);
#8591 = CARTESIAN_POINT('',(-103.5901234567,106.,30.873333333333));
#8592 = DIRECTION('',(-0.731415501199,-0.,-0.681932082106));
#8593 = DIRECTION('',(0.681932082106,0.,-0.731415501199));
#8594 = ADVANCED_FACE('',(#8595),#8606,.T.);
#8595 = FACE_BOUND('',#8596,.T.);
#8596 = EDGE_LOOP('',(#8597,#8598,#8599,#8605));
#8597 = ORIENTED_EDGE('',*,*,#8583,.F.);
#8598 = ORIENTED_EDGE('',*,*,#3318,.F.);
#8599 = ORIENTED_EDGE('',*,*,#8600,.T.);
#8600 = EDGE_CURVE('',#3311,#3554,#8601,.T.);
#8601 = LINE('',#8602,#8603);
#8602 = CARTESIAN_POINT('',(-104.3407407407,24.,31.706666666667));
#8603 = VECTOR('',#8604,1.);
#8604 = DIRECTION('',(0.,1.,0.));
#8605 = ORIENTED_EDGE('',*,*,#3561,.T.);
#8606 = PLANE('',#8607);
#8607 = AXIS2_PLACEMENT_3D('',#8608,#8609,#8610);
#8608 = CARTESIAN_POINT('',(-104.0949245541,106.,31.428888888889));
#8609 = DIRECTION('',(-0.748876551956,-0.,-0.662709521533));
#8610 = DIRECTION('',(0.662709521533,0.,-0.748876551956));
#8611 = ADVANCED_FACE('',(#8612),#8623,.T.);
#8612 = FACE_BOUND('',#8613,.T.);
#8613 = EDGE_LOOP('',(#8614,#8615,#8616,#8622));
#8614 = ORIENTED_EDGE('',*,*,#8600,.F.);
#8615 = ORIENTED_EDGE('',*,*,#3310,.F.);
#8616 = ORIENTED_EDGE('',*,*,#8617,.T.);
#8617 = EDGE_CURVE('',#3303,#3546,#8618,.T.);
#8618 = LINE('',#8619,#8620);
#8619 = CARTESIAN_POINT('',(-104.792866941,24.,32.262222222222));
#8620 = VECTOR('',#8621,1.);
#8621 = DIRECTION('',(0.,1.,0.));
#8622 = ORIENTED_EDGE('',*,*,#3553,.T.);
#8623 = PLANE('',#8624);
#8624 = AXIS2_PLACEMENT_3D('',#8625,#8626,#8627);
#8625 = CARTESIAN_POINT('',(-104.5668038408,106.,31.984444444444));
#8626 = DIRECTION('',(-0.77560997208,-0.,-0.631212461229));
#8627 = DIRECTION('',(0.631212461229,0.,-0.77560997208));
#8628 = ADVANCED_FACE('',(#8629),#8640,.T.);
#8629 = FACE_BOUND('',#8630,.T.);
#8630 = EDGE_LOOP('',(#8631,#8632,#8633,#8639));
#8631 = ORIENTED_EDGE('',*,*,#8617,.F.);
#8632 = ORIENTED_EDGE('',*,*,#3302,.F.);
#8633 = ORIENTED_EDGE('',*,*,#8634,.T.);
#8634 = EDGE_CURVE('',#3295,#3538,#8635,.T.);
#8635 = LINE('',#8636,#8637);
#8636 = CARTESIAN_POINT('',(-105.1923182441,24.,32.817777777778));
#8637 = VECTOR('',#8638,1.);
#8638 = DIRECTION('',(0.,1.,0.));
#8639 = ORIENTED_EDGE('',*,*,#3545,.T.);
#8640 = PLANE('',#8641);
#8641 = AXIS2_PLACEMENT_3D('',#8642,#8643,#8644);
#8642 = CARTESIAN_POINT('',(-104.9925925925,106.,32.54));
#8643 = DIRECTION('',(-0.811914412869,-0.,-0.583776486487));
#8644 = DIRECTION('',(0.583776486487,0.,-0.811914412869));
#8645 = ADVANCED_FACE('',(#8646),#8657,.T.);
#8646 = FACE_BOUND('',#8647,.T.);
#8647 = EDGE_LOOP('',(#8648,#8649,#8650,#8656));
#8648 = ORIENTED_EDGE('',*,*,#8634,.F.);
#8649 = ORIENTED_EDGE('',*,*,#3294,.F.);
#8650 = ORIENTED_EDGE('',*,*,#8651,.T.);
#8651 = EDGE_CURVE('',#3287,#3530,#8652,.T.);
#8652 = LINE('',#8653,#8654);
#8653 = CARTESIAN_POINT('',(-105.5259259259,24.,33.373333333333));
#8654 = VECTOR('',#8655,1.);
#8655 = DIRECTION('',(0.,1.,0.));
#8656 = ORIENTED_EDGE('',*,*,#3537,.T.);
#8657 = PLANE('',#8658);
#8658 = AXIS2_PLACEMENT_3D('',#8659,#8660,#8661);
#8659 = CARTESIAN_POINT('',(-105.359122085,106.,33.095555555556));
#8660 = DIRECTION('',(-0.857306092282,-0.,-0.514807016402));
#8661 = DIRECTION('',(0.514807016402,0.,-0.857306092282));
#8662 = ADVANCED_FACE('',(#8663),#8674,.T.);
#8663 = FACE_BOUND('',#8664,.T.);
#8664 = EDGE_LOOP('',(#8665,#8666,#8667,#8673));
#8665 = ORIENTED_EDGE('',*,*,#8651,.F.);
#8666 = ORIENTED_EDGE('',*,*,#3286,.F.);
#8667 = ORIENTED_EDGE('',*,*,#8668,.T.);
#8668 = EDGE_CURVE('',#3279,#3522,#8669,.T.);
#8669 = LINE('',#8670,#8671);
#8670 = CARTESIAN_POINT('',(-105.780521262,24.,33.928888888889));
#8671 = VECTOR('',#8672,1.);
#8672 = DIRECTION('',(0.,1.,0.));
#8673 = ORIENTED_EDGE('',*,*,#3529,.T.);
#8674 = PLANE('',#8675);
#8675 = AXIS2_PLACEMENT_3D('',#8676,#8677,#8678);
#8676 = CARTESIAN_POINT('',(-105.6532235939,106.,33.651111111111));
#8677 = DIRECTION('',(-0.909086076713,-0.,-0.416608335402));
#8678 = DIRECTION('',(0.416608335402,0.,-0.909086076713));
#8679 = ADVANCED_FACE('',(#8680),#8686,.T.);
#8680 = FACE_BOUND('',#8681,.T.);
#8681 = EDGE_LOOP('',(#8682,#8683,#8684,#8685));
#8682 = ORIENTED_EDGE('',*,*,#8668,.F.);
#8683 = ORIENTED_EDGE('',*,*,#3278,.F.);
#8684 = ORIENTED_EDGE('',*,*,#3494,.T.);
#8685 = ORIENTED_EDGE('',*,*,#3521,.T.);
#8686 = PLANE('',#8687);
#8687 = AXIS2_PLACEMENT_3D('',#8688,#8689,#8690);
#8688 = CARTESIAN_POINT('',(-105.861728395,106.,34.206666666667));
#8689 = DIRECTION('',(-0.959824626333,-0.,-0.280600582118));
#8690 = DIRECTION('',(0.280600582118,0.,-0.959824626333));
#8691 = ADVANCED_FACE('',(#8692),#8703,.F.);
#8692 = FACE_BOUND('',#8693,.F.);
#8693 = EDGE_LOOP('',(#8694,#8695,#8701,#8702));
#8694 = ORIENTED_EDGE('',*,*,#8112,.F.);
#8695 = ORIENTED_EDGE('',*,*,#8696,.T.);
#8696 = EDGE_CURVE('',#8113,#3666,#8697,.T.);
#8697 = LINE('',#8698,#8699);
#8698 = CARTESIAN_POINT('',(-190.,12.,7.));
#8699 = VECTOR('',#8700,1.);
#8700 = DIRECTION('',(1.,0.,-0.));
#8701 = ORIENTED_EDGE('',*,*,#3673,.T.);
#8702 = ORIENTED_EDGE('',*,*,#3254,.F.);
#8703 = PLANE('',#8704);
#8704 = AXIS2_PLACEMENT_3D('',#8705,#8706,#8707);
#8705 = CARTESIAN_POINT('',(-190.,0.,7.));
#8706 = DIRECTION('',(0.,0.,1.));
#8707 = DIRECTION('',(1.,0.,-0.));
#8708 = ADVANCED_FACE('',(#8709),#8743,.T.);
#8709 = FACE_BOUND('',#8710,.T.);
#8710 = EDGE_LOOP('',(#8711,#8712,#8713,#8721,#8729,#8735,#8736,#8742));
#8711 = ORIENTED_EDGE('',*,*,#3585,.F.);
#8712 = ORIENTED_EDGE('',*,*,#3632,.T.);
#8713 = ORIENTED_EDGE('',*,*,#8714,.T.);
#8714 = EDGE_CURVE('',#3625,#8715,#8717,.T.);
#8715 = VERTEX_POINT('',#8716);
#8716 = CARTESIAN_POINT('',(-102.8,220.,14.04));
#8717 = LINE('',#8718,#8719);
#8718 = CARTESIAN_POINT('',(-102.8,220.,17.04));
#8719 = VECTOR('',#8720,1.);
#8720 = DIRECTION('',(-0.,0.,-1.));
#8721 = ORIENTED_EDGE('',*,*,#8722,.T.);
#8722 = EDGE_CURVE('',#8715,#8723,#8725,.T.);
#8723 = VERTEX_POINT('',#8724);
#8724 = CARTESIAN_POINT('',(-102.8,224.815,14.04));
#8725 = LINE('',#8726,#8727);
#8726 = CARTESIAN_POINT('',(-102.8,192.32386122816,14.04));
#8727 = VECTOR('',#8728,1.);
#8728 = DIRECTION('',(-0.,1.,0.));
#8729 = ORIENTED_EDGE('',*,*,#8730,.F.);
#8730 = EDGE_CURVE('',#5520,#8723,#8731,.T.);
#8731 = LINE('',#8732,#8733);
#8732 = CARTESIAN_POINT('',(-102.8,224.815,9.54));
#8733 = VECTOR('',#8734,1.);
#8734 = DIRECTION('',(-0.,0.,-1.));
#8735 = ORIENTED_EDGE('',*,*,#5550,.T.);
#8736 = ORIENTED_EDGE('',*,*,#8737,.T.);
#8737 = EDGE_CURVE('',#5543,#8560,#8738,.T.);
#8738 = LINE('',#8739,#8740);
#8739 = CARTESIAN_POINT('',(-102.8,220.,17.04));
#8740 = VECTOR('',#8741,1.);
#8741 = DIRECTION('',(-0.,0.,-1.));
#8742 = ORIENTED_EDGE('',*,*,#8559,.T.);
#8743 = PLANE('',#8744);
#8744 = AXIS2_PLACEMENT_3D('',#8745,#8746,#8747);
#8745 = CARTESIAN_POINT('',(-102.8,219.8,9.54));
#8746 = DIRECTION('',(1.,0.,-0.));
#8747 = DIRECTION('',(0.,0.,1.));
#8748 = ADVANCED_FACE('',(#8749),#8780,.T.);
#8749 = FACE_BOUND('',#8750,.T.);
#8750 = EDGE_LOOP('',(#8751,#8752,#8758,#8759,#8760,#8761,#8762,#8763,
    #8764,#8765,#8766,#8767,#8768,#8769,#8770,#8771,#8772,#8773,#8774,
    #8775,#8776,#8777,#8778,#8779));
#8751 = ORIENTED_EDGE('',*,*,#5458,.F.);
#8752 = ORIENTED_EDGE('',*,*,#8753,.F.);
#8753 = EDGE_CURVE('',#8715,#5451,#8754,.T.);
#8754 = LINE('',#8755,#8756);
#8755 = CARTESIAN_POINT('',(-98.,220.,14.04));
#8756 = VECTOR('',#8757,1.);
#8757 = DIRECTION('',(1.,0.,0.));
#8758 = ORIENTED_EDGE('',*,*,#8714,.F.);
#8759 = ORIENTED_EDGE('',*,*,#3624,.F.);
#8760 = ORIENTED_EDGE('',*,*,#8152,.F.);
#8761 = ORIENTED_EDGE('',*,*,#8176,.F.);
#8762 = ORIENTED_EDGE('',*,*,#8200,.F.);
#8763 = ORIENTED_EDGE('',*,*,#8224,.F.);
#8764 = ORIENTED_EDGE('',*,*,#8248,.F.);
#8765 = ORIENTED_EDGE('',*,*,#8272,.F.);
#8766 = ORIENTED_EDGE('',*,*,#8296,.F.);
#8767 = ORIENTED_EDGE('',*,*,#8320,.F.);
#8768 = ORIENTED_EDGE('',*,*,#8343,.T.);
#8769 = ORIENTED_EDGE('',*,*,#8367,.T.);
#8770 = ORIENTED_EDGE('',*,*,#8391,.T.);
#8771 = ORIENTED_EDGE('',*,*,#8415,.T.);
#8772 = ORIENTED_EDGE('',*,*,#8439,.T.);
#8773 = ORIENTED_EDGE('',*,*,#8463,.T.);
#8774 = ORIENTED_EDGE('',*,*,#8487,.T.);
#8775 = ORIENTED_EDGE('',*,*,#8511,.T.);
#8776 = ORIENTED_EDGE('',*,*,#8535,.T.);
#8777 = ORIENTED_EDGE('',*,*,#8567,.T.);
#8778 = ORIENTED_EDGE('',*,*,#8737,.F.);
#8779 = ORIENTED_EDGE('',*,*,#5542,.T.);
#8780 = PLANE('',#8781);
#8781 = AXIS2_PLACEMENT_3D('',#8782,#8783,#8784);
#8782 = CARTESIAN_POINT('',(-90.,220.,24.54));
#8783 = DIRECTION('',(0.,1.,0.));
#8784 = DIRECTION('',(0.,-0.,1.));
#8785 = ADVANCED_FACE('',(#8786),#8797,.F.);
#8786 = FACE_BOUND('',#8787,.F.);
#8787 = EDGE_LOOP('',(#8788,#8789,#8795,#8796));
#8788 = ORIENTED_EDGE('',*,*,#3647,.F.);
#8789 = ORIENTED_EDGE('',*,*,#8790,.F.);
#8790 = EDGE_CURVE('',#8101,#3648,#8791,.T.);
#8791 = LINE('',#8792,#8793);
#8792 = CARTESIAN_POINT('',(-190.,8.,-42.));
#8793 = VECTOR('',#8794,1.);
#8794 = DIRECTION('',(1.,0.,-0.));
#8795 = ORIENTED_EDGE('',*,*,#8100,.T.);
#8796 = ORIENTED_EDGE('',*,*,#8086,.T.);
#8797 = PLANE('',#8798);
#8798 = AXIS2_PLACEMENT_3D('',#8799,#8800,#8801);
#8799 = CARTESIAN_POINT('',(-190.,8.,-42.));
#8800 = DIRECTION('',(-0.,1.,0.));
#8801 = DIRECTION('',(0.,0.,1.));
#8802 = ADVANCED_FACE('',(#8803),#8814,.F.);
#8803 = FACE_BOUND('',#8804,.F.);
#8804 = EDGE_LOOP('',(#8805,#8806,#8807,#8808));
#8805 = ORIENTED_EDGE('',*,*,#8128,.F.);
#8806 = ORIENTED_EDGE('',*,*,#8790,.T.);
#8807 = ORIENTED_EDGE('',*,*,#3657,.T.);
#8808 = ORIENTED_EDGE('',*,*,#8809,.F.);
#8809 = EDGE_CURVE('',#8121,#3658,#8810,.T.);
#8810 = LINE('',#8811,#8812);
#8811 = CARTESIAN_POINT('',(-190.,12.,-42.));
#8812 = VECTOR('',#8813,1.);
#8813 = DIRECTION('',(1.,0.,-0.));
#8814 = PLANE('',#8815);
#8815 = AXIS2_PLACEMENT_3D('',#8816,#8817,#8818);
#8816 = CARTESIAN_POINT('',(-190.,8.,-42.));
#8817 = DIRECTION('',(0.,0.,1.));
#8818 = DIRECTION('',(1.,0.,-0.));
#8819 = ADVANCED_FACE('',(#8820),#8826,.T.);
#8820 = FACE_BOUND('',#8821,.T.);
#8821 = EDGE_LOOP('',(#8822,#8823,#8824,#8825));
#8822 = ORIENTED_EDGE('',*,*,#3665,.F.);
#8823 = ORIENTED_EDGE('',*,*,#8809,.F.);
#8824 = ORIENTED_EDGE('',*,*,#8120,.T.);
#8825 = ORIENTED_EDGE('',*,*,#8696,.T.);
#8826 = PLANE('',#8827);
#8827 = AXIS2_PLACEMENT_3D('',#8828,#8829,#8830);
#8828 = CARTESIAN_POINT('',(-190.,12.,-42.));
#8829 = DIRECTION('',(-0.,1.,0.));
#8830 = DIRECTION('',(0.,0.,1.));
#8831 = ADVANCED_FACE('',(#8832),#8843,.T.);
#8832 = FACE_BOUND('',#8833,.T.);
#8833 = EDGE_LOOP('',(#8834,#8835,#8836,#8837));
#8834 = ORIENTED_EDGE('',*,*,#5301,.F.);
#8835 = ORIENTED_EDGE('',*,*,#5270,.F.);
#8836 = ORIENTED_EDGE('',*,*,#3810,.T.);
#8837 = ORIENTED_EDGE('',*,*,#8838,.T.);
#8838 = EDGE_CURVE('',#3802,#5302,#8839,.T.);
#8839 = LINE('',#8840,#8841);
#8840 = CARTESIAN_POINT('',(-99.,-5.400873841802,-3.165147981523));
#8841 = VECTOR('',#8842,1.);
#8842 = DIRECTION('',(1.,0.,0.));
#8843 = CYLINDRICAL_SURFACE('',#8844,7.);
#8844 = AXIS2_PLACEMENT_3D('',#8845,#8846,#8847);
#8845 = CARTESIAN_POINT('',(-99.,-12.,-5.5));
#8846 = DIRECTION('',(1.,0.,0.));
#8847 = DIRECTION('',(-0.,0.,1.));
#8848 = ADVANCED_FACE('',(#8849),#8860,.F.);
#8849 = FACE_BOUND('',#8850,.F.);
#8850 = EDGE_LOOP('',(#8851,#8852,#8858,#8859));
#8851 = ORIENTED_EDGE('',*,*,#5319,.F.);
#8852 = ORIENTED_EDGE('',*,*,#8853,.F.);
#8853 = EDGE_CURVE('',#3820,#5320,#8854,.T.);
#8854 = LINE('',#8855,#8856);
#8855 = CARTESIAN_POINT('',(-110.,-12.,-3.2));
#8856 = VECTOR('',#8857,1.);
#8857 = DIRECTION('',(1.,0.,0.));
#8858 = ORIENTED_EDGE('',*,*,#3819,.T.);
#8859 = ORIENTED_EDGE('',*,*,#8853,.T.);
#8860 = CYLINDRICAL_SURFACE('',#8861,2.3);
#8861 = AXIS2_PLACEMENT_3D('',#8862,#8863,#8864);
#8862 = CARTESIAN_POINT('',(-110.,-12.,-5.5));
#8863 = DIRECTION('',(1.,0.,0.));
#8864 = DIRECTION('',(-0.,0.,1.));
#8865 = ADVANCED_FACE('',(#8866),#8895,.T.);
#8866 = FACE_BOUND('',#8867,.T.);
#8867 = EDGE_LOOP('',(#8868,#8874,#8875,#8876,#8877,#8878,#8879,#8880,
    #8881,#8882,#8883,#8884,#8885,#8886,#8887,#8888,#8889,#8890,#8891,
    #8892,#8893,#8894));
#8868 = ORIENTED_EDGE('',*,*,#8869,.F.);
#8869 = EDGE_CURVE('',#5483,#5363,#8870,.T.);
#8870 = LINE('',#8871,#8872);
#8871 = CARTESIAN_POINT('',(-98.,220.,14.04));
#8872 = VECTOR('',#8873,1.);
#8873 = DIRECTION('',(1.,0.,0.));
#8874 = ORIENTED_EDGE('',*,*,#5482,.T.);
#8875 = ORIENTED_EDGE('',*,*,#5528,.T.);
#8876 = ORIENTED_EDGE('',*,*,#5338,.F.);
#8877 = ORIENTED_EDGE('',*,*,#4734,.F.);
#8878 = ORIENTED_EDGE('',*,*,#4774,.F.);
#8879 = ORIENTED_EDGE('',*,*,#4805,.F.);
#8880 = ORIENTED_EDGE('',*,*,#4836,.F.);
#8881 = ORIENTED_EDGE('',*,*,#4867,.F.);
#8882 = ORIENTED_EDGE('',*,*,#4898,.F.);
#8883 = ORIENTED_EDGE('',*,*,#4929,.F.);
#8884 = ORIENTED_EDGE('',*,*,#4960,.F.);
#8885 = ORIENTED_EDGE('',*,*,#4991,.F.);
#8886 = ORIENTED_EDGE('',*,*,#5015,.T.);
#8887 = ORIENTED_EDGE('',*,*,#5046,.T.);
#8888 = ORIENTED_EDGE('',*,*,#5077,.T.);
#8889 = ORIENTED_EDGE('',*,*,#5108,.T.);
#8890 = ORIENTED_EDGE('',*,*,#5139,.T.);
#8891 = ORIENTED_EDGE('',*,*,#5170,.T.);
#8892 = ORIENTED_EDGE('',*,*,#5201,.T.);
#8893 = ORIENTED_EDGE('',*,*,#5239,.T.);
#8894 = ORIENTED_EDGE('',*,*,#5370,.F.);
#8895 = PLANE('',#8896);
#8896 = AXIS2_PLACEMENT_3D('',#8897,#8898,#8899);
#8897 = CARTESIAN_POINT('',(-90.,220.,24.54));
#8898 = DIRECTION('',(0.,1.,0.));
#8899 = DIRECTION('',(0.,-0.,1.));
#8900 = ADVANCED_FACE('',(#8901),#8912,.T.);
#8901 = FACE_BOUND('',#8902,.T.);
#8902 = EDGE_LOOP('',(#8903,#8904,#8905,#8911));
#8903 = ORIENTED_EDGE('',*,*,#5385,.T.);
#8904 = ORIENTED_EDGE('',*,*,#5498,.T.);
#8905 = ORIENTED_EDGE('',*,*,#8906,.F.);
#8906 = EDGE_CURVE('',#5443,#5491,#8907,.T.);
#8907 = LINE('',#8908,#8909);
#8908 = CARTESIAN_POINT('',(-107.5,18.,14.04));
#8909 = VECTOR('',#8910,1.);
#8910 = DIRECTION('',(1.,0.,-0.));
#8911 = ORIENTED_EDGE('',*,*,#5442,.F.);
#8912 = PLANE('',#8913);
#8913 = AXIS2_PLACEMENT_3D('',#8914,#8915,#8916);
#8914 = CARTESIAN_POINT('',(-109.,18.,0.));
#8915 = DIRECTION('',(-0.,1.,0.));
#8916 = DIRECTION('',(0.,0.,1.));
#8917 = ADVANCED_FACE('',(#8918),#8933,.T.);
#8918 = FACE_BOUND('',#8919,.T.);
#8919 = EDGE_LOOP('',(#8920,#8921,#8922,#8923,#8929,#8930,#8931,#8932));
#8920 = ORIENTED_EDGE('',*,*,#5490,.T.);
#8921 = ORIENTED_EDGE('',*,*,#8869,.T.);
#8922 = ORIENTED_EDGE('',*,*,#5362,.F.);
#8923 = ORIENTED_EDGE('',*,*,#8924,.T.);
#8924 = EDGE_CURVE('',#5355,#8723,#8925,.T.);
#8925 = LINE('',#8926,#8927);
#8926 = CARTESIAN_POINT('',(-53.,224.815,14.04));
#8927 = VECTOR('',#8928,1.);
#8928 = DIRECTION('',(-1.,-0.,0.));
#8929 = ORIENTED_EDGE('',*,*,#8722,.F.);
#8930 = ORIENTED_EDGE('',*,*,#8753,.T.);
#8931 = ORIENTED_EDGE('',*,*,#5450,.F.);
#8932 = ORIENTED_EDGE('',*,*,#8906,.T.);
#8933 = PLANE('',#8934);
#8934 = AXIS2_PLACEMENT_3D('',#8935,#8936,#8937);
#8935 = CARTESIAN_POINT('',(3.515388226771E-15,164.84772245633,14.04));
#8936 = DIRECTION('',(0.,0.,1.));
#8937 = DIRECTION('',(1.,0.,-0.));
#8938 = ADVANCED_FACE('',(#8939),#8945,.F.);
#8939 = FACE_BOUND('',#8940,.F.);
#8940 = EDGE_LOOP('',(#8941,#8942,#8943,#8944));
#8941 = ORIENTED_EDGE('',*,*,#5519,.T.);
#8942 = ORIENTED_EDGE('',*,*,#5354,.F.);
#8943 = ORIENTED_EDGE('',*,*,#8924,.T.);
#8944 = ORIENTED_EDGE('',*,*,#8730,.F.);
#8945 = PLANE('',#8946);
#8946 = AXIS2_PLACEMENT_3D('',#8947,#8948,#8949);
#8947 = CARTESIAN_POINT('',(-106.,224.815,9.54));
#8948 = DIRECTION('',(-0.,1.,0.));
#8949 = DIRECTION('',(0.,0.,1.));
#8950 = ADVANCED_FACE('',(#8951),#8976,.T.);
#8951 = FACE_BOUND('',#8952,.T.);
#8952 = EDGE_LOOP('',(#8953,#8961,#8962,#8970));
#8953 = ORIENTED_EDGE('',*,*,#8954,.T.);
#8954 = EDGE_CURVE('',#8955,#5805,#8957,.T.);
#8955 = VERTEX_POINT('',#8956);
#8956 = CARTESIAN_POINT('',(78.740740740741,-8.,28.373333333333));
#8957 = LINE('',#8958,#8959);
#8958 = CARTESIAN_POINT('',(78.740740740741,-8.,28.373333333333));
#8959 = VECTOR('',#8960,1.);
#8960 = DIRECTION('',(-0.662709521533,0.,0.748876551956));
#8961 = ORIENTED_EDGE('',*,*,#5804,.T.);
#8962 = ORIENTED_EDGE('',*,*,#8963,.F.);
#8963 = EDGE_CURVE('',#8964,#5807,#8966,.T.);
#8964 = VERTEX_POINT('',#8965);
#8965 = CARTESIAN_POINT('',(78.740740740741,220.,28.373333333333));
#8966 = LINE('',#8967,#8968);
#8967 = CARTESIAN_POINT('',(78.740740740741,220.,28.373333333333));
#8968 = VECTOR('',#8969,1.);
#8969 = DIRECTION('',(-0.662709521533,0.,0.748876551956));
#8970 = ORIENTED_EDGE('',*,*,#8971,.F.);
#8971 = EDGE_CURVE('',#8955,#8964,#8972,.T.);
#8972 = LINE('',#8973,#8974);
#8973 = CARTESIAN_POINT('',(78.740740740741,24.,28.373333333333));
#8974 = VECTOR('',#8975,1.);
#8975 = DIRECTION('',(0.,1.,0.));
#8976 = PLANE('',#8977);
#8977 = AXIS2_PLACEMENT_3D('',#8978,#8979,#8980);
#8978 = CARTESIAN_POINT('',(78.494924554184,106.,28.651111111111));
#8979 = DIRECTION('',(-0.748876551956,-0.,-0.662709521533));
#8980 = DIRECTION('',(0.662709521533,0.,-0.748876551956));
#8981 = ADVANCED_FACE('',(#8982),#9112,.T.);
#8982 = FACE_BOUND('',#8983,.T.);
#8983 = EDGE_LOOP('',(#8984,#8985,#8991,#8992,#8993,#9001,#9009,#9017,
    #9025,#9033,#9041,#9049,#9057,#9065,#9073,#9081,#9089,#9097,#9103,
    #9104,#9105,#9106));
#8984 = ORIENTED_EDGE('',*,*,#86,.F.);
#8985 = ORIENTED_EDGE('',*,*,#8986,.F.);
#8986 = EDGE_CURVE('',#5854,#79,#8987,.T.);
#8987 = LINE('',#8988,#8989);
#8988 = CARTESIAN_POINT('',(-8.,220.,14.04));
#8989 = VECTOR('',#8990,1.);
#8990 = DIRECTION('',(1.,0.,0.));
#8991 = ORIENTED_EDGE('',*,*,#5853,.F.);
#8992 = ORIENTED_EDGE('',*,*,#5918,.F.);
#8993 = ORIENTED_EDGE('',*,*,#8994,.F.);
#8994 = EDGE_CURVE('',#8995,#5911,#8997,.T.);
#8995 = VERTEX_POINT('',#8996);
#8996 = CARTESIAN_POINT('',(78.740740740741,220.,20.706666666667));
#8997 = LINE('',#8998,#8999);
#8998 = CARTESIAN_POINT('',(78.740740740741,220.,20.706666666667));
#8999 = VECTOR('',#9000,1.);
#9000 = DIRECTION('',(-0.662709521533,0.,-0.748876551956));
#9001 = ORIENTED_EDGE('',*,*,#9002,.F.);
#9002 = EDGE_CURVE('',#9003,#8995,#9005,.T.);
#9003 = VERTEX_POINT('',#9004);
#9004 = CARTESIAN_POINT('',(79.192866941015,220.,21.262222222222));
#9005 = LINE('',#9006,#9007);
#9006 = CARTESIAN_POINT('',(79.192866941015,220.,21.262222222222));
#9007 = VECTOR('',#9008,1.);
#9008 = DIRECTION('',(-0.631212461229,0.,-0.77560997208));
#9009 = ORIENTED_EDGE('',*,*,#9010,.F.);
#9010 = EDGE_CURVE('',#9011,#9003,#9013,.T.);
#9011 = VERTEX_POINT('',#9012);
#9012 = CARTESIAN_POINT('',(79.59231824417,220.,21.817777777778));
#9013 = LINE('',#9014,#9015);
#9014 = CARTESIAN_POINT('',(79.59231824417,220.,21.817777777778));
#9015 = VECTOR('',#9016,1.);
#9016 = DIRECTION('',(-0.583776486487,0.,-0.811914412869));
#9017 = ORIENTED_EDGE('',*,*,#9018,.F.);
#9018 = EDGE_CURVE('',#9019,#9011,#9021,.T.);
#9019 = VERTEX_POINT('',#9020);
#9020 = CARTESIAN_POINT('',(79.925925925926,220.,22.373333333333));
#9021 = LINE('',#9022,#9023);
#9022 = CARTESIAN_POINT('',(79.925925925926,220.,22.373333333333));
#9023 = VECTOR('',#9024,1.);
#9024 = DIRECTION('',(-0.514807016402,0.,-0.857306092282));
#9025 = ORIENTED_EDGE('',*,*,#9026,.F.);
#9026 = EDGE_CURVE('',#9027,#9019,#9029,.T.);
#9027 = VERTEX_POINT('',#9028);
#9028 = CARTESIAN_POINT('',(80.180521262003,220.,22.928888888889));
#9029 = LINE('',#9030,#9031);
#9030 = CARTESIAN_POINT('',(80.180521262003,220.,22.928888888889));
#9031 = VECTOR('',#9032,1.);
#9032 = DIRECTION('',(-0.416608335402,0.,-0.909086076713));
#9033 = ORIENTED_EDGE('',*,*,#9034,.F.);
#9034 = EDGE_CURVE('',#9035,#9027,#9037,.T.);
#9035 = VERTEX_POINT('',#9036);
#9036 = CARTESIAN_POINT('',(80.342935528121,220.,23.484444444444));
#9037 = LINE('',#9038,#9039);
#9038 = CARTESIAN_POINT('',(80.342935528121,220.,23.484444444444));
#9039 = VECTOR('',#9040,1.);
#9040 = DIRECTION('',(-0.280600582118,0.,-0.959824626333));
#9041 = ORIENTED_EDGE('',*,*,#9042,.F.);
#9042 = EDGE_CURVE('',#9043,#9035,#9045,.T.);
#9043 = VERTEX_POINT('',#9044);
#9044 = CARTESIAN_POINT('',(80.4,220.,24.04));
#9045 = LINE('',#9046,#9047);
#9046 = CARTESIAN_POINT('',(80.4,220.,24.04));
#9047 = VECTOR('',#9048,1.);
#9048 = DIRECTION('',(-0.102178442416,0.,-0.994766086025));
#9049 = ORIENTED_EDGE('',*,*,#9050,.T.);
#9050 = EDGE_CURVE('',#9043,#9051,#9053,.T.);
#9051 = VERTEX_POINT('',#9052);
#9052 = CARTESIAN_POINT('',(80.4,220.,25.04));
#9053 = LINE('',#9054,#9055);
#9054 = CARTESIAN_POINT('',(80.4,220.,14.04));
#9055 = VECTOR('',#9056,1.);
#9056 = DIRECTION('',(0.,0.,1.));
#9057 = ORIENTED_EDGE('',*,*,#9058,.T.);
#9058 = EDGE_CURVE('',#9051,#9059,#9061,.T.);
#9059 = VERTEX_POINT('',#9060);
#9060 = CARTESIAN_POINT('',(80.342935528121,220.,25.595555555556));
#9061 = LINE('',#9062,#9063);
#9062 = CARTESIAN_POINT('',(80.4,220.,25.04));
#9063 = VECTOR('',#9064,1.);
#9064 = DIRECTION('',(-0.102178442416,0.,0.994766086025));
#9065 = ORIENTED_EDGE('',*,*,#9066,.T.);
#9066 = EDGE_CURVE('',#9059,#9067,#9069,.T.);
#9067 = VERTEX_POINT('',#9068);
#9068 = CARTESIAN_POINT('',(80.180521262003,220.,26.151111111111));
#9069 = LINE('',#9070,#9071);
#9070 = CARTESIAN_POINT('',(80.342935528121,220.,25.595555555556));
#9071 = VECTOR('',#9072,1.);
#9072 = DIRECTION('',(-0.280600582118,0.,0.959824626333));
#9073 = ORIENTED_EDGE('',*,*,#9074,.T.);
#9074 = EDGE_CURVE('',#9067,#9075,#9077,.T.);
#9075 = VERTEX_POINT('',#9076);
#9076 = CARTESIAN_POINT('',(79.925925925926,220.,26.706666666667));
#9077 = LINE('',#9078,#9079);
#9078 = CARTESIAN_POINT('',(80.180521262003,220.,26.151111111111));
#9079 = VECTOR('',#9080,1.);
#9080 = DIRECTION('',(-0.416608335402,0.,0.909086076713));
#9081 = ORIENTED_EDGE('',*,*,#9082,.T.);
#9082 = EDGE_CURVE('',#9075,#9083,#9085,.T.);
#9083 = VERTEX_POINT('',#9084);
#9084 = CARTESIAN_POINT('',(79.59231824417,220.,27.262222222222));
#9085 = LINE('',#9086,#9087);
#9086 = CARTESIAN_POINT('',(79.925925925926,220.,26.706666666667));
#9087 = VECTOR('',#9088,1.);
#9088 = DIRECTION('',(-0.514807016402,0.,0.857306092282));
#9089 = ORIENTED_EDGE('',*,*,#9090,.T.);
#9090 = EDGE_CURVE('',#9083,#9091,#9093,.T.);
#9091 = VERTEX_POINT('',#9092);
#9092 = CARTESIAN_POINT('',(79.192866941015,220.,27.817777777778));
#9093 = LINE('',#9094,#9095);
#9094 = CARTESIAN_POINT('',(79.59231824417,220.,27.262222222222));
#9095 = VECTOR('',#9096,1.);
#9096 = DIRECTION('',(-0.583776486487,0.,0.811914412869));
#9097 = ORIENTED_EDGE('',*,*,#9098,.T.);
#9098 = EDGE_CURVE('',#9091,#8964,#9099,.T.);
#9099 = LINE('',#9100,#9101);
#9100 = CARTESIAN_POINT('',(79.192866941015,220.,27.817777777778));
#9101 = VECTOR('',#9102,1.);
#9102 = DIRECTION('',(-0.631212461229,0.,0.77560997208));
#9103 = ORIENTED_EDGE('',*,*,#8963,.T.);
#9104 = ORIENTED_EDGE('',*,*,#5830,.T.);
#9105 = ORIENTED_EDGE('',*,*,#5885,.F.);
#9106 = ORIENTED_EDGE('',*,*,#9107,.T.);
#9107 = EDGE_CURVE('',#5878,#87,#9108,.T.);
#9108 = LINE('',#9109,#9110);
#9109 = CARTESIAN_POINT('',(-8.,220.,35.04));
#9110 = VECTOR('',#9111,1.);
#9111 = DIRECTION('',(1.,0.,0.));
#9112 = PLANE('',#9113);
#9113 = AXIS2_PLACEMENT_3D('',#9114,#9115,#9116);
#9114 = CARTESIAN_POINT('',(90.,220.,24.54));
#9115 = DIRECTION('',(0.,1.,0.));
#9116 = DIRECTION('',(0.,-0.,1.));
#9117 = ADVANCED_FACE('',(#9118),#9161,.T.);
#9118 = FACE_BOUND('',#9119,.T.);
#9119 = EDGE_LOOP('',(#9120,#9121,#9129,#9137,#9145,#9153,#9159,#9160));
#9120 = ORIENTED_EDGE('',*,*,#78,.F.);
#9121 = ORIENTED_EDGE('',*,*,#9122,.T.);
#9122 = EDGE_CURVE('',#71,#9123,#9125,.T.);
#9123 = VERTEX_POINT('',#9124);
#9124 = CARTESIAN_POINT('',(96.4,18.,14.04));
#9125 = LINE('',#9126,#9127);
#9126 = CARTESIAN_POINT('',(72.5,18.,14.04));
#9127 = VECTOR('',#9128,1.);
#9128 = DIRECTION('',(1.,0.,-0.));
#9129 = ORIENTED_EDGE('',*,*,#9130,.T.);
#9130 = EDGE_CURVE('',#9123,#9131,#9133,.T.);
#9131 = VERTEX_POINT('',#9132);
#9132 = CARTESIAN_POINT('',(96.4,220.,14.04));
#9133 = LINE('',#9134,#9135);
#9134 = CARTESIAN_POINT('',(96.4,24.,14.04));
#9135 = VECTOR('',#9136,1.);
#9136 = DIRECTION('',(-0.,1.,0.));
#9137 = ORIENTED_EDGE('',*,*,#9138,.T.);
#9138 = EDGE_CURVE('',#9131,#9139,#9141,.T.);
#9139 = VERTEX_POINT('',#9140);
#9140 = CARTESIAN_POINT('',(102.8,220.,14.04));
#9141 = LINE('',#9142,#9143);
#9142 = CARTESIAN_POINT('',(-8.,220.,14.04));
#9143 = VECTOR('',#9144,1.);
#9144 = DIRECTION('',(1.,0.,0.));
#9145 = ORIENTED_EDGE('',*,*,#9146,.T.);
#9146 = EDGE_CURVE('',#9139,#9147,#9149,.T.);
#9147 = VERTEX_POINT('',#9148);
#9148 = CARTESIAN_POINT('',(102.8,224.815,14.04));
#9149 = LINE('',#9150,#9151);
#9150 = CARTESIAN_POINT('',(102.8,192.32386122816,14.04));
#9151 = VECTOR('',#9152,1.);
#9152 = DIRECTION('',(-0.,1.,0.));
#9153 = ORIENTED_EDGE('',*,*,#9154,.T.);
#9154 = EDGE_CURVE('',#9147,#5862,#9155,.T.);
#9155 = LINE('',#9156,#9157);
#9156 = CARTESIAN_POINT('',(37.,224.815,14.04));
#9157 = VECTOR('',#9158,1.);
#9158 = DIRECTION('',(-1.,-0.,0.));
#9159 = ORIENTED_EDGE('',*,*,#5861,.F.);
#9160 = ORIENTED_EDGE('',*,*,#8986,.T.);
#9161 = PLANE('',#9162);
#9162 = AXIS2_PLACEMENT_3D('',#9163,#9164,#9165);
#9163 = CARTESIAN_POINT('',(3.515388226771E-15,164.84772245633,14.04));
#9164 = DIRECTION('',(0.,0.,1.));
#9165 = DIRECTION('',(1.,0.,-0.));
#9166 = ADVANCED_FACE('',(#9167),#9185,.F.);
#9167 = FACE_BOUND('',#9168,.F.);
#9168 = EDGE_LOOP('',(#9169,#9177,#9183,#9184));
#9169 = ORIENTED_EDGE('',*,*,#9170,.T.);
#9170 = EDGE_CURVE('',#5870,#9171,#9173,.T.);
#9171 = VERTEX_POINT('',#9172);
#9172 = CARTESIAN_POINT('',(102.8,224.815,35.04));
#9173 = LINE('',#9174,#9175);
#9174 = CARTESIAN_POINT('',(37.,224.815,35.04));
#9175 = VECTOR('',#9176,1.);
#9176 = DIRECTION('',(1.,0.,-0.));
#9177 = ORIENTED_EDGE('',*,*,#9178,.T.);
#9178 = EDGE_CURVE('',#9171,#9147,#9179,.T.);
#9179 = LINE('',#9180,#9181);
#9180 = CARTESIAN_POINT('',(102.8,224.815,9.54));
#9181 = VECTOR('',#9182,1.);
#9182 = DIRECTION('',(-0.,0.,-1.));
#9183 = ORIENTED_EDGE('',*,*,#9154,.T.);
#9184 = ORIENTED_EDGE('',*,*,#5869,.F.);
#9185 = PLANE('',#9186);
#9186 = AXIS2_PLACEMENT_3D('',#9187,#9188,#9189);
#9187 = CARTESIAN_POINT('',(74.,224.815,9.54));
#9188 = DIRECTION('',(-0.,1.,0.));
#9189 = DIRECTION('',(0.,0.,1.));
#9190 = ADVANCED_FACE('',(#9191),#9227,.T.);
#9191 = FACE_BOUND('',#9192,.T.);
#9192 = EDGE_LOOP('',(#9193,#9201,#9202,#9203,#9204,#9205,#9213,#9221));
#9193 = ORIENTED_EDGE('',*,*,#9194,.F.);
#9194 = EDGE_CURVE('',#62,#9195,#9197,.T.);
#9195 = VERTEX_POINT('',#9196);
#9196 = CARTESIAN_POINT('',(96.4,-8.,35.04));
#9197 = LINE('',#9198,#9199);
#9198 = CARTESIAN_POINT('',(74.,-8.,35.04));
#9199 = VECTOR('',#9200,1.);
#9200 = DIRECTION('',(1.,0.,-0.));
#9201 = ORIENTED_EDGE('',*,*,#94,.T.);
#9202 = ORIENTED_EDGE('',*,*,#9107,.F.);
#9203 = ORIENTED_EDGE('',*,*,#5877,.F.);
#9204 = ORIENTED_EDGE('',*,*,#9170,.T.);
#9205 = ORIENTED_EDGE('',*,*,#9206,.T.);
#9206 = EDGE_CURVE('',#9171,#9207,#9209,.T.);
#9207 = VERTEX_POINT('',#9208);
#9208 = CARTESIAN_POINT('',(102.8,220.,35.04));
#9209 = LINE('',#9210,#9211);
#9210 = CARTESIAN_POINT('',(102.8,180.00172362216,35.04));
#9211 = VECTOR('',#9212,1.);
#9212 = DIRECTION('',(0.,-1.,0.));
#9213 = ORIENTED_EDGE('',*,*,#9214,.F.);
#9214 = EDGE_CURVE('',#9215,#9207,#9217,.T.);
#9215 = VERTEX_POINT('',#9216);
#9216 = CARTESIAN_POINT('',(96.4,220.,35.04));
#9217 = LINE('',#9218,#9219);
#9218 = CARTESIAN_POINT('',(-8.,220.,35.04));
#9219 = VECTOR('',#9220,1.);
#9220 = DIRECTION('',(1.,0.,0.));
#9221 = ORIENTED_EDGE('',*,*,#9222,.F.);
#9222 = EDGE_CURVE('',#9195,#9215,#9223,.T.);
#9223 = LINE('',#9224,#9225);
#9224 = CARTESIAN_POINT('',(96.4,24.,35.04));
#9225 = VECTOR('',#9226,1.);
#9226 = DIRECTION('',(-0.,1.,0.));
#9227 = PLANE('',#9228);
#9228 = AXIS2_PLACEMENT_3D('',#9229,#9230,#9231);
#9229 = CARTESIAN_POINT('',(6.049719751932E-15,140.20344724433,35.04));
#9230 = DIRECTION('',(-0.,-0.,-1.));
#9231 = DIRECTION('',(-1.,0.,0.));
#9232 = ADVANCED_FACE('',(#9233),#9251,.T.);
#9233 = FACE_BOUND('',#9234,.T.);
#9234 = EDGE_LOOP('',(#9235,#9243,#9249,#9250));
#9235 = ORIENTED_EDGE('',*,*,#9236,.F.);
#9236 = EDGE_CURVE('',#9237,#5901,#9239,.T.);
#9237 = VERTEX_POINT('',#9238);
#9238 = CARTESIAN_POINT('',(78.740740740741,-8.,20.706666666667));
#9239 = LINE('',#9240,#9241);
#9240 = CARTESIAN_POINT('',(78.740740740741,-8.,20.706666666667));
#9241 = VECTOR('',#9242,1.);
#9242 = DIRECTION('',(-0.662709521533,0.,-0.748876551956));
#9243 = ORIENTED_EDGE('',*,*,#9244,.T.);
#9244 = EDGE_CURVE('',#9237,#8995,#9245,.T.);
#9245 = LINE('',#9246,#9247);
#9246 = CARTESIAN_POINT('',(78.740740740741,24.,20.706666666667));
#9247 = VECTOR('',#9248,1.);
#9248 = DIRECTION('',(0.,1.,0.));
#9249 = ORIENTED_EDGE('',*,*,#8994,.T.);
#9250 = ORIENTED_EDGE('',*,*,#5910,.F.);
#9251 = PLANE('',#9252);
#9252 = AXIS2_PLACEMENT_3D('',#9253,#9254,#9255);
#9253 = CARTESIAN_POINT('',(78.494924554184,106.,20.428888888889));
#9254 = DIRECTION('',(-0.748876551956,-0.,0.662709521533));
#9255 = DIRECTION('',(-0.662709521533,0.,-0.748876551956));
#9256 = ADVANCED_FACE('',(#9257),#9272,.T.);
#9257 = FACE_BOUND('',#9258,.T.);
#9258 = EDGE_LOOP('',(#9259,#9260,#9261,#9262,#9263,#9269,#9270,#9271));
#9259 = ORIENTED_EDGE('',*,*,#6513,.F.);
#9260 = ORIENTED_EDGE('',*,*,#6539,.F.);
#9261 = ORIENTED_EDGE('',*,*,#6555,.F.);
#9262 = ORIENTED_EDGE('',*,*,#6397,.F.);
#9263 = ORIENTED_EDGE('',*,*,#9264,.T.);
#9264 = EDGE_CURVE('',#6390,#6160,#9265,.T.);
#9265 = LINE('',#9266,#9267);
#9266 = CARTESIAN_POINT('',(-72.2,220.5,15.6));
#9267 = VECTOR('',#9268,1.);
#9268 = DIRECTION('',(1.,0.,-0.));
#9269 = ORIENTED_EDGE('',*,*,#6159,.T.);
#9270 = ORIENTED_EDGE('',*,*,#6465,.F.);
#9271 = ORIENTED_EDGE('',*,*,#6491,.T.);
#9272 = PLANE('',#9273);
#9273 = AXIS2_PLACEMENT_3D('',#9274,#9275,#9276);
#9274 = CARTESIAN_POINT('',(-74.,220.5,14.04));
#9275 = DIRECTION('',(-0.,1.,0.));
#9276 = DIRECTION('',(0.,0.,1.));
#9277 = ADVANCED_FACE('',(#9278),#9289,.T.);
#9278 = FACE_BOUND('',#9279,.T.);
#9279 = EDGE_LOOP('',(#9280,#9281,#9287,#9288));
#9280 = ORIENTED_EDGE('',*,*,#6389,.F.);
#9281 = ORIENTED_EDGE('',*,*,#9282,.F.);
#9282 = EDGE_CURVE('',#6168,#6382,#9283,.T.);
#9283 = LINE('',#9284,#9285);
#9284 = CARTESIAN_POINT('',(-35.2,216.,15.6));
#9285 = VECTOR('',#9286,1.);
#9286 = DIRECTION('',(-1.,0.,0.));
#9287 = ORIENTED_EDGE('',*,*,#6167,.T.);
#9288 = ORIENTED_EDGE('',*,*,#9264,.F.);
#9289 = PLANE('',#9290);
#9290 = AXIS2_PLACEMENT_3D('',#9291,#9292,#9293);
#9291 = CARTESIAN_POINT('',(-70.4,214.315,15.6));
#9292 = DIRECTION('',(0.,0.,1.));
#9293 = DIRECTION('',(1.,0.,-0.));
#9294 = ADVANCED_FACE('',(#9295),#9305,.T.);
#9295 = FACE_BOUND('',#9296,.T.);
#9296 = EDGE_LOOP('',(#9297,#9298,#9299,#9300,#9301,#9302,#9303,#9304));
#9297 = ORIENTED_EDGE('',*,*,#6381,.F.);
#9298 = ORIENTED_EDGE('',*,*,#7035,.F.);
#9299 = ORIENTED_EDGE('',*,*,#7058,.F.);
#9300 = ORIENTED_EDGE('',*,*,#7129,.F.);
#9301 = ORIENTED_EDGE('',*,*,#7469,.T.);
#9302 = ORIENTED_EDGE('',*,*,#7494,.F.);
#9303 = ORIENTED_EDGE('',*,*,#6175,.T.);
#9304 = ORIENTED_EDGE('',*,*,#9282,.T.);
#9305 = PLANE('',#9306);
#9306 = AXIS2_PLACEMENT_3D('',#9307,#9308,#9309);
#9307 = CARTESIAN_POINT('',(0.,216.,24.54));
#9308 = DIRECTION('',(-0.,-1.,-0.));
#9309 = DIRECTION('',(0.,0.,-1.));
#9310 = ADVANCED_FACE('',(#9311),#9345,.T.);
#9311 = FACE_BOUND('',#9312,.T.);
#9312 = EDGE_LOOP('',(#9313,#9323,#9329,#9330,#9331,#9339));
#9313 = ORIENTED_EDGE('',*,*,#9314,.F.);
#9314 = EDGE_CURVE('',#9315,#9317,#9319,.T.);
#9315 = VERTEX_POINT('',#9316);
#9316 = CARTESIAN_POINT('',(102.26886145404,-8.,19.595555555556));
#9317 = VERTEX_POINT('',#9318);
#9318 = CARTESIAN_POINT('',(102.26886145404,220.,19.595555555556));
#9319 = LINE('',#9320,#9321);
#9320 = CARTESIAN_POINT('',(102.26886145404,24.,19.595555555556));
#9321 = VECTOR('',#9322,1.);
#9322 = DIRECTION('',(0.,1.,0.));
#9323 = ORIENTED_EDGE('',*,*,#9324,.T.);
#9324 = EDGE_CURVE('',#9315,#6852,#9325,.T.);
#9325 = LINE('',#9326,#9327);
#9326 = CARTESIAN_POINT('',(102.8,-8.,19.04));
#9327 = VECTOR('',#9328,1.);
#9328 = DIRECTION('',(0.691044328918,0.,-0.722812379162));
#9329 = ORIENTED_EDGE('',*,*,#6851,.T.);
#9330 = ORIENTED_EDGE('',*,*,#6594,.T.);
#9331 = ORIENTED_EDGE('',*,*,#9332,.T.);
#9332 = EDGE_CURVE('',#6597,#9333,#9335,.T.);
#9333 = VERTEX_POINT('',#9334);
#9334 = CARTESIAN_POINT('',(102.8,220.,19.04));
#9335 = LINE('',#9336,#9337);
#9336 = CARTESIAN_POINT('',(102.8,162.9,19.04));
#9337 = VECTOR('',#9338,1.);
#9338 = DIRECTION('',(-0.,1.,0.));
#9339 = ORIENTED_EDGE('',*,*,#9340,.F.);
#9340 = EDGE_CURVE('',#9317,#9333,#9341,.T.);
#9341 = LINE('',#9342,#9343);
#9342 = CARTESIAN_POINT('',(102.26886145404,220.,19.595555555556));
#9343 = VECTOR('',#9344,1.);
#9344 = DIRECTION('',(0.691044328918,0.,-0.722812379162));
#9345 = PLANE('',#9346);
#9346 = AXIS2_PLACEMENT_3D('',#9347,#9348,#9349);
#9347 = CARTESIAN_POINT('',(102.8,106.,19.04));
#9348 = DIRECTION('',(0.722812379162,0.,0.691044328918));
#9349 = DIRECTION('',(-0.691044328918,0.,0.722812379162));
#9350 = ADVANCED_FACE('',(#9351),#9369,.T.);
#9351 = FACE_BOUND('',#9352,.T.);
#9352 = EDGE_LOOP('',(#9353,#9361,#9367,#9368));
#9353 = ORIENTED_EDGE('',*,*,#9354,.F.);
#9354 = EDGE_CURVE('',#9355,#6747,#9357,.T.);
#9355 = VERTEX_POINT('',#9356);
#9356 = CARTESIAN_POINT('',(105.780521262,-8.,33.928888888889));
#9357 = LINE('',#9358,#9359);
#9358 = CARTESIAN_POINT('',(105.780521262,-8.,33.928888888889));
#9359 = VECTOR('',#9360,1.);
#9360 = DIRECTION('',(0.280600582118,0.,0.959824626333));
#9361 = ORIENTED_EDGE('',*,*,#9362,.T.);
#9362 = EDGE_CURVE('',#9355,#6661,#9363,.T.);
#9363 = LINE('',#9364,#9365);
#9364 = CARTESIAN_POINT('',(105.780521262,24.,33.928888888889));
#9365 = VECTOR('',#9366,1.);
#9366 = DIRECTION('',(0.,1.,0.));
#9367 = ORIENTED_EDGE('',*,*,#6668,.T.);
#9368 = ORIENTED_EDGE('',*,*,#6754,.F.);
#9369 = PLANE('',#9370);
#9370 = AXIS2_PLACEMENT_3D('',#9371,#9372,#9373);
#9371 = CARTESIAN_POINT('',(105.86172839506,106.,34.206666666667));
#9372 = DIRECTION('',(0.959824626333,0.,-0.280600582118));
#9373 = DIRECTION('',(0.280600582118,0.,0.959824626333));
#9374 = ADVANCED_FACE('',(#9375),#9393,.T.);
#9375 = FACE_BOUND('',#9376,.T.);
#9376 = EDGE_LOOP('',(#9377,#9385,#9391,#9392));
#9377 = ORIENTED_EDGE('',*,*,#9378,.F.);
#9378 = EDGE_CURVE('',#9379,#9355,#9381,.T.);
#9379 = VERTEX_POINT('',#9380);
#9380 = CARTESIAN_POINT('',(105.52592592592,-8.,33.373333333333));
#9381 = LINE('',#9382,#9383);
#9382 = CARTESIAN_POINT('',(105.52592592592,-8.,33.373333333333));
#9383 = VECTOR('',#9384,1.);
#9384 = DIRECTION('',(0.416608335402,0.,0.909086076713));
#9385 = ORIENTED_EDGE('',*,*,#9386,.T.);
#9386 = EDGE_CURVE('',#9379,#6653,#9387,.T.);
#9387 = LINE('',#9388,#9389);
#9388 = CARTESIAN_POINT('',(105.52592592592,24.,33.373333333333));
#9389 = VECTOR('',#9390,1.);
#9390 = DIRECTION('',(0.,1.,0.));
#9391 = ORIENTED_EDGE('',*,*,#6660,.T.);
#9392 = ORIENTED_EDGE('',*,*,#9362,.F.);
#9393 = PLANE('',#9394);
#9394 = AXIS2_PLACEMENT_3D('',#9395,#9396,#9397);
#9395 = CARTESIAN_POINT('',(105.65322359396,106.,33.651111111111));
#9396 = DIRECTION('',(0.909086076713,0.,-0.416608335402));
#9397 = DIRECTION('',(0.416608335402,0.,0.909086076713));
#9398 = ADVANCED_FACE('',(#9399),#9417,.T.);
#9399 = FACE_BOUND('',#9400,.T.);
#9400 = EDGE_LOOP('',(#9401,#9409,#9415,#9416));
#9401 = ORIENTED_EDGE('',*,*,#9402,.F.);
#9402 = EDGE_CURVE('',#9403,#9379,#9405,.T.);
#9403 = VERTEX_POINT('',#9404);
#9404 = CARTESIAN_POINT('',(105.19231824417,-8.,32.817777777778));
#9405 = LINE('',#9406,#9407);
#9406 = CARTESIAN_POINT('',(105.19231824417,-8.,32.817777777778));
#9407 = VECTOR('',#9408,1.);
#9408 = DIRECTION('',(0.514807016402,0.,0.857306092282));
#9409 = ORIENTED_EDGE('',*,*,#9410,.T.);
#9410 = EDGE_CURVE('',#9403,#6645,#9411,.T.);
#9411 = LINE('',#9412,#9413);
#9412 = CARTESIAN_POINT('',(105.19231824417,24.,32.817777777778));
#9413 = VECTOR('',#9414,1.);
#9414 = DIRECTION('',(0.,1.,0.));
#9415 = ORIENTED_EDGE('',*,*,#6652,.T.);
#9416 = ORIENTED_EDGE('',*,*,#9386,.F.);
#9417 = PLANE('',#9418);
#9418 = AXIS2_PLACEMENT_3D('',#9419,#9420,#9421);
#9419 = CARTESIAN_POINT('',(105.35912208504,106.,33.095555555556));
#9420 = DIRECTION('',(0.857306092282,0.,-0.514807016402));
#9421 = DIRECTION('',(0.514807016402,0.,0.857306092282));
#9422 = ADVANCED_FACE('',(#9423),#9441,.T.);
#9423 = FACE_BOUND('',#9424,.T.);
#9424 = EDGE_LOOP('',(#9425,#9433,#9439,#9440));
#9425 = ORIENTED_EDGE('',*,*,#9426,.F.);
#9426 = EDGE_CURVE('',#9427,#9403,#9429,.T.);
#9427 = VERTEX_POINT('',#9428);
#9428 = CARTESIAN_POINT('',(104.79286694101,-8.,32.262222222222));
#9429 = LINE('',#9430,#9431);
#9430 = CARTESIAN_POINT('',(104.79286694101,-8.,32.262222222222));
#9431 = VECTOR('',#9432,1.);
#9432 = DIRECTION('',(0.583776486487,0.,0.811914412869));
#9433 = ORIENTED_EDGE('',*,*,#9434,.T.);
#9434 = EDGE_CURVE('',#9427,#6637,#9435,.T.);
#9435 = LINE('',#9436,#9437);
#9436 = CARTESIAN_POINT('',(104.79286694101,24.,32.262222222222));
#9437 = VECTOR('',#9438,1.);
#9438 = DIRECTION('',(0.,1.,0.));
#9439 = ORIENTED_EDGE('',*,*,#6644,.T.);
#9440 = ORIENTED_EDGE('',*,*,#9410,.F.);
#9441 = PLANE('',#9442);
#9442 = AXIS2_PLACEMENT_3D('',#9443,#9444,#9445);
#9443 = CARTESIAN_POINT('',(104.99259259259,106.,32.54));
#9444 = DIRECTION('',(0.811914412869,0.,-0.583776486487));
#9445 = DIRECTION('',(0.583776486487,0.,0.811914412869));
#9446 = ADVANCED_FACE('',(#9447),#9465,.T.);
#9447 = FACE_BOUND('',#9448,.T.);
#9448 = EDGE_LOOP('',(#9449,#9457,#9463,#9464));
#9449 = ORIENTED_EDGE('',*,*,#9450,.F.);
#9450 = EDGE_CURVE('',#9451,#9427,#9453,.T.);
#9451 = VERTEX_POINT('',#9452);
#9452 = CARTESIAN_POINT('',(104.34074074074,-8.,31.706666666667));
#9453 = LINE('',#9454,#9455);
#9454 = CARTESIAN_POINT('',(104.34074074074,-8.,31.706666666667));
#9455 = VECTOR('',#9456,1.);
#9456 = DIRECTION('',(0.631212461229,0.,0.77560997208));
#9457 = ORIENTED_EDGE('',*,*,#9458,.T.);
#9458 = EDGE_CURVE('',#9451,#6629,#9459,.T.);
#9459 = LINE('',#9460,#9461);
#9460 = CARTESIAN_POINT('',(104.34074074074,24.,31.706666666667));
#9461 = VECTOR('',#9462,1.);
#9462 = DIRECTION('',(0.,1.,0.));
#9463 = ORIENTED_EDGE('',*,*,#6636,.T.);
#9464 = ORIENTED_EDGE('',*,*,#9434,.F.);
#9465 = PLANE('',#9466);
#9466 = AXIS2_PLACEMENT_3D('',#9467,#9468,#9469);
#9467 = CARTESIAN_POINT('',(104.56680384087,106.,31.984444444444));
#9468 = DIRECTION('',(0.77560997208,0.,-0.631212461229));
#9469 = DIRECTION('',(0.631212461229,0.,0.77560997208));
#9470 = ADVANCED_FACE('',(#9471),#9489,.T.);
#9471 = FACE_BOUND('',#9472,.T.);
#9472 = EDGE_LOOP('',(#9473,#9481,#9487,#9488));
#9473 = ORIENTED_EDGE('',*,*,#9474,.F.);
#9474 = EDGE_CURVE('',#9475,#9451,#9477,.T.);
#9475 = VERTEX_POINT('',#9476);
#9476 = CARTESIAN_POINT('',(103.84910836762,-8.,31.151111111111));
#9477 = LINE('',#9478,#9479);
#9478 = CARTESIAN_POINT('',(103.84910836762,-8.,31.151111111111));
#9479 = VECTOR('',#9480,1.);
#9480 = DIRECTION('',(0.662709521533,0.,0.748876551956));
#9481 = ORIENTED_EDGE('',*,*,#9482,.T.);
#9482 = EDGE_CURVE('',#9475,#6621,#9483,.T.);
#9483 = LINE('',#9484,#9485);
#9484 = CARTESIAN_POINT('',(103.84910836762,24.,31.151111111111));
#9485 = VECTOR('',#9486,1.);
#9486 = DIRECTION('',(0.,1.,0.));
#9487 = ORIENTED_EDGE('',*,*,#6628,.T.);
#9488 = ORIENTED_EDGE('',*,*,#9458,.F.);
#9489 = PLANE('',#9490);
#9490 = AXIS2_PLACEMENT_3D('',#9491,#9492,#9493);
#9491 = CARTESIAN_POINT('',(104.09492455418,106.,31.428888888889));
#9492 = DIRECTION('',(0.748876551956,0.,-0.662709521533));
#9493 = DIRECTION('',(0.662709521533,0.,0.748876551956));
#9494 = ADVANCED_FACE('',(#9495),#9513,.T.);
#9495 = FACE_BOUND('',#9496,.T.);
#9496 = EDGE_LOOP('',(#9497,#9505,#9511,#9512));
#9497 = ORIENTED_EDGE('',*,*,#9498,.F.);
#9498 = EDGE_CURVE('',#9499,#9475,#9501,.T.);
#9499 = VERTEX_POINT('',#9500);
#9500 = CARTESIAN_POINT('',(103.33113854595,-8.,30.595555555556));
#9501 = LINE('',#9502,#9503);
#9502 = CARTESIAN_POINT('',(103.33113854595,-8.,30.595555555556));
#9503 = VECTOR('',#9504,1.);
#9504 = DIRECTION('',(0.681932082106,0.,0.731415501199));
#9505 = ORIENTED_EDGE('',*,*,#9506,.T.);
#9506 = EDGE_CURVE('',#9499,#6613,#9507,.T.);
#9507 = LINE('',#9508,#9509);
#9508 = CARTESIAN_POINT('',(103.33113854595,24.,30.595555555556));
#9509 = VECTOR('',#9510,1.);
#9510 = DIRECTION('',(0.,1.,0.));
#9511 = ORIENTED_EDGE('',*,*,#6620,.T.);
#9512 = ORIENTED_EDGE('',*,*,#9482,.F.);
#9513 = PLANE('',#9514);
#9514 = AXIS2_PLACEMENT_3D('',#9515,#9516,#9517);
#9515 = CARTESIAN_POINT('',(103.59012345679,106.,30.873333333333));
#9516 = DIRECTION('',(0.731415501199,0.,-0.681932082106));
#9517 = DIRECTION('',(0.681932082106,0.,0.731415501199));
#9518 = ADVANCED_FACE('',(#9519),#9553,.T.);
#9519 = FACE_BOUND('',#9520,.T.);
#9520 = EDGE_LOOP('',(#9521,#9529,#9537,#9545,#9551,#9552));
#9521 = ORIENTED_EDGE('',*,*,#9522,.F.);
#9522 = EDGE_CURVE('',#9523,#9499,#9525,.T.);
#9523 = VERTEX_POINT('',#9524);
#9524 = CARTESIAN_POINT('',(102.26886145404,-8.,29.484444444444));
#9525 = LINE('',#9526,#9527);
#9526 = CARTESIAN_POINT('',(102.26886145404,-8.,29.484444444444));
#9527 = VECTOR('',#9528,1.);
#9528 = DIRECTION('',(0.691044328918,0.,0.722812379162));
#9529 = ORIENTED_EDGE('',*,*,#9530,.T.);
#9530 = EDGE_CURVE('',#9523,#9531,#9533,.T.);
#9531 = VERTEX_POINT('',#9532);
#9532 = CARTESIAN_POINT('',(102.26886145404,220.,29.484444444444));
#9533 = LINE('',#9534,#9535);
#9534 = CARTESIAN_POINT('',(102.26886145404,24.,29.484444444444));
#9535 = VECTOR('',#9536,1.);
#9536 = DIRECTION('',(0.,1.,0.));
#9537 = ORIENTED_EDGE('',*,*,#9538,.T.);
#9538 = EDGE_CURVE('',#9531,#9539,#9541,.T.);
#9539 = VERTEX_POINT('',#9540);
#9540 = CARTESIAN_POINT('',(102.8,220.,30.04));
#9541 = LINE('',#9542,#9543);
#9542 = CARTESIAN_POINT('',(102.8,220.,30.04));
#9543 = VECTOR('',#9544,1.);
#9544 = DIRECTION('',(0.691044328918,0.,0.722812379162));
#9545 = ORIENTED_EDGE('',*,*,#9546,.T.);
#9546 = EDGE_CURVE('',#9539,#6605,#9547,.T.);
#9547 = LINE('',#9548,#9549);
#9548 = CARTESIAN_POINT('',(102.8,162.9,30.04));
#9549 = VECTOR('',#9550,1.);
#9550 = DIRECTION('',(0.,-1.,0.));
#9551 = ORIENTED_EDGE('',*,*,#6612,.T.);
#9552 = ORIENTED_EDGE('',*,*,#9506,.F.);
#9553 = PLANE('',#9554);
#9554 = AXIS2_PLACEMENT_3D('',#9555,#9556,#9557);
#9555 = CARTESIAN_POINT('',(102.8,106.,30.04));
#9556 = DIRECTION('',(0.722812379162,0.,-0.691044328918));
#9557 = DIRECTION('',(0.691044328918,0.,0.722812379162));
#9558 = ADVANCED_FACE('',(#9559),#9579,.F.);
#9559 = FACE_BOUND('',#9560,.F.);
#9560 = EDGE_LOOP('',(#9561,#9562,#9563,#9569,#9570,#9571,#9572,#9578));
#9561 = ORIENTED_EDGE('',*,*,#6604,.F.);
#9562 = ORIENTED_EDGE('',*,*,#9332,.T.);
#9563 = ORIENTED_EDGE('',*,*,#9564,.T.);
#9564 = EDGE_CURVE('',#9333,#9139,#9565,.T.);
#9565 = LINE('',#9566,#9567);
#9566 = CARTESIAN_POINT('',(102.8,220.,17.04));
#9567 = VECTOR('',#9568,1.);
#9568 = DIRECTION('',(-0.,0.,-1.));
#9569 = ORIENTED_EDGE('',*,*,#9146,.T.);
#9570 = ORIENTED_EDGE('',*,*,#9178,.F.);
#9571 = ORIENTED_EDGE('',*,*,#9206,.T.);
#9572 = ORIENTED_EDGE('',*,*,#9573,.T.);
#9573 = EDGE_CURVE('',#9207,#9539,#9574,.T.);
#9574 = LINE('',#9575,#9576);
#9575 = CARTESIAN_POINT('',(102.8,220.,17.04));
#9576 = VECTOR('',#9577,1.);
#9577 = DIRECTION('',(-0.,0.,-1.));
#9578 = ORIENTED_EDGE('',*,*,#9546,.T.);
#9579 = PLANE('',#9580);
#9580 = AXIS2_PLACEMENT_3D('',#9581,#9582,#9583);
#9581 = CARTESIAN_POINT('',(102.8,219.8,9.54));
#9582 = DIRECTION('',(1.,0.,-0.));
#9583 = DIRECTION('',(0.,0.,1.));
#9584 = ADVANCED_FACE('',(#9585),#9603,.T.);
#9585 = FACE_BOUND('',#9586,.T.);
#9586 = EDGE_LOOP('',(#9587,#9595,#9601,#9602));
#9587 = ORIENTED_EDGE('',*,*,#9588,.F.);
#9588 = EDGE_CURVE('',#9589,#9237,#9591,.T.);
#9589 = VERTEX_POINT('',#9590);
#9590 = CARTESIAN_POINT('',(79.192866941015,-8.,21.262222222222));
#9591 = LINE('',#9592,#9593);
#9592 = CARTESIAN_POINT('',(79.192866941015,-8.,21.262222222222));
#9593 = VECTOR('',#9594,1.);
#9594 = DIRECTION('',(-0.631212461229,0.,-0.77560997208));
#9595 = ORIENTED_EDGE('',*,*,#9596,.T.);
#9596 = EDGE_CURVE('',#9589,#9003,#9597,.T.);
#9597 = LINE('',#9598,#9599);
#9598 = CARTESIAN_POINT('',(79.192866941015,24.,21.262222222222));
#9599 = VECTOR('',#9600,1.);
#9600 = DIRECTION('',(0.,1.,0.));
#9601 = ORIENTED_EDGE('',*,*,#9002,.T.);
#9602 = ORIENTED_EDGE('',*,*,#9244,.F.);
#9603 = PLANE('',#9604);
#9604 = AXIS2_PLACEMENT_3D('',#9605,#9606,#9607);
#9605 = CARTESIAN_POINT('',(78.966803840878,106.,20.984444444444));
#9606 = DIRECTION('',(-0.77560997208,-0.,0.631212461229));
#9607 = DIRECTION('',(-0.631212461229,0.,-0.77560997208));
#9608 = ADVANCED_FACE('',(#9609),#9627,.T.);
#9609 = FACE_BOUND('',#9610,.T.);
#9610 = EDGE_LOOP('',(#9611,#9619,#9625,#9626));
#9611 = ORIENTED_EDGE('',*,*,#9612,.F.);
#9612 = EDGE_CURVE('',#9613,#9589,#9615,.T.);
#9613 = VERTEX_POINT('',#9614);
#9614 = CARTESIAN_POINT('',(79.59231824417,-8.,21.817777777778));
#9615 = LINE('',#9616,#9617);
#9616 = CARTESIAN_POINT('',(79.59231824417,-8.,21.817777777778));
#9617 = VECTOR('',#9618,1.);
#9618 = DIRECTION('',(-0.583776486487,0.,-0.811914412869));
#9619 = ORIENTED_EDGE('',*,*,#9620,.T.);
#9620 = EDGE_CURVE('',#9613,#9011,#9621,.T.);
#9621 = LINE('',#9622,#9623);
#9622 = CARTESIAN_POINT('',(79.59231824417,24.,21.817777777778));
#9623 = VECTOR('',#9624,1.);
#9624 = DIRECTION('',(0.,1.,0.));
#9625 = ORIENTED_EDGE('',*,*,#9010,.T.);
#9626 = ORIENTED_EDGE('',*,*,#9596,.F.);
#9627 = PLANE('',#9628);
#9628 = AXIS2_PLACEMENT_3D('',#9629,#9630,#9631);
#9629 = CARTESIAN_POINT('',(79.392592592593,106.,21.54));
#9630 = DIRECTION('',(-0.811914412869,-0.,0.583776486487));
#9631 = DIRECTION('',(-0.583776486487,0.,-0.811914412869));
#9632 = ADVANCED_FACE('',(#9633),#9651,.T.);
#9633 = FACE_BOUND('',#9634,.T.);
#9634 = EDGE_LOOP('',(#9635,#9643,#9649,#9650));
#9635 = ORIENTED_EDGE('',*,*,#9636,.F.);
#9636 = EDGE_CURVE('',#9637,#9613,#9639,.T.);
#9637 = VERTEX_POINT('',#9638);
#9638 = CARTESIAN_POINT('',(79.925925925926,-8.,22.373333333333));
#9639 = LINE('',#9640,#9641);
#9640 = CARTESIAN_POINT('',(79.925925925926,-8.,22.373333333333));
#9641 = VECTOR('',#9642,1.);
#9642 = DIRECTION('',(-0.514807016402,0.,-0.857306092282));
#9643 = ORIENTED_EDGE('',*,*,#9644,.T.);
#9644 = EDGE_CURVE('',#9637,#9019,#9645,.T.);
#9645 = LINE('',#9646,#9647);
#9646 = CARTESIAN_POINT('',(79.925925925926,24.,22.373333333333));
#9647 = VECTOR('',#9648,1.);
#9648 = DIRECTION('',(0.,1.,0.));
#9649 = ORIENTED_EDGE('',*,*,#9018,.T.);
#9650 = ORIENTED_EDGE('',*,*,#9620,.F.);
#9651 = PLANE('',#9652);
#9652 = AXIS2_PLACEMENT_3D('',#9653,#9654,#9655);
#9653 = CARTESIAN_POINT('',(79.759122085048,106.,22.095555555556));
#9654 = DIRECTION('',(-0.857306092282,-0.,0.514807016402));
#9655 = DIRECTION('',(-0.514807016402,0.,-0.857306092282));
#9656 = ADVANCED_FACE('',(#9657),#9675,.T.);
#9657 = FACE_BOUND('',#9658,.T.);
#9658 = EDGE_LOOP('',(#9659,#9667,#9673,#9674));
#9659 = ORIENTED_EDGE('',*,*,#9660,.F.);
#9660 = EDGE_CURVE('',#9661,#9637,#9663,.T.);
#9661 = VERTEX_POINT('',#9662);
#9662 = CARTESIAN_POINT('',(80.180521262003,-8.,22.928888888889));
#9663 = LINE('',#9664,#9665);
#9664 = CARTESIAN_POINT('',(80.180521262003,-8.,22.928888888889));
#9665 = VECTOR('',#9666,1.);
#9666 = DIRECTION('',(-0.416608335402,0.,-0.909086076713));
#9667 = ORIENTED_EDGE('',*,*,#9668,.T.);
#9668 = EDGE_CURVE('',#9661,#9027,#9669,.T.);
#9669 = LINE('',#9670,#9671);
#9670 = CARTESIAN_POINT('',(80.180521262003,24.,22.928888888889));
#9671 = VECTOR('',#9672,1.);
#9672 = DIRECTION('',(0.,1.,0.));
#9673 = ORIENTED_EDGE('',*,*,#9026,.T.);
#9674 = ORIENTED_EDGE('',*,*,#9644,.F.);
#9675 = PLANE('',#9676);
#9676 = AXIS2_PLACEMENT_3D('',#9677,#9678,#9679);
#9677 = CARTESIAN_POINT('',(80.053223593964,106.,22.651111111111));
#9678 = DIRECTION('',(-0.909086076713,-0.,0.416608335402));
#9679 = DIRECTION('',(-0.416608335402,0.,-0.909086076713));
#9680 = ADVANCED_FACE('',(#9681),#9699,.T.);
#9681 = FACE_BOUND('',#9682,.T.);
#9682 = EDGE_LOOP('',(#9683,#9691,#9697,#9698));
#9683 = ORIENTED_EDGE('',*,*,#9684,.F.);
#9684 = EDGE_CURVE('',#9685,#9661,#9687,.T.);
#9685 = VERTEX_POINT('',#9686);
#9686 = CARTESIAN_POINT('',(80.342935528121,-8.,23.484444444444));
#9687 = LINE('',#9688,#9689);
#9688 = CARTESIAN_POINT('',(80.342935528121,-8.,23.484444444444));
#9689 = VECTOR('',#9690,1.);
#9690 = DIRECTION('',(-0.280600582118,0.,-0.959824626333));
#9691 = ORIENTED_EDGE('',*,*,#9692,.T.);
#9692 = EDGE_CURVE('',#9685,#9035,#9693,.T.);
#9693 = LINE('',#9694,#9695);
#9694 = CARTESIAN_POINT('',(80.342935528121,24.,23.484444444444));
#9695 = VECTOR('',#9696,1.);
#9696 = DIRECTION('',(0.,1.,0.));
#9697 = ORIENTED_EDGE('',*,*,#9034,.T.);
#9698 = ORIENTED_EDGE('',*,*,#9668,.F.);
#9699 = PLANE('',#9700);
#9700 = AXIS2_PLACEMENT_3D('',#9701,#9702,#9703);
#9701 = CARTESIAN_POINT('',(80.261728395062,106.,23.206666666667));
#9702 = DIRECTION('',(-0.959824626333,-0.,0.280600582118));
#9703 = DIRECTION('',(-0.280600582118,0.,-0.959824626333));
#9704 = ADVANCED_FACE('',(#9705),#9723,.T.);
#9705 = FACE_BOUND('',#9706,.T.);
#9706 = EDGE_LOOP('',(#9707,#9715,#9721,#9722));
#9707 = ORIENTED_EDGE('',*,*,#9708,.F.);
#9708 = EDGE_CURVE('',#9709,#9685,#9711,.T.);
#9709 = VERTEX_POINT('',#9710);
#9710 = CARTESIAN_POINT('',(80.4,-8.,24.04));
#9711 = LINE('',#9712,#9713);
#9712 = CARTESIAN_POINT('',(80.4,-8.,24.04));
#9713 = VECTOR('',#9714,1.);
#9714 = DIRECTION('',(-0.102178442416,0.,-0.994766086025));
#9715 = ORIENTED_EDGE('',*,*,#9716,.T.);
#9716 = EDGE_CURVE('',#9709,#9043,#9717,.T.);
#9717 = LINE('',#9718,#9719);
#9718 = CARTESIAN_POINT('',(80.4,24.,24.04));
#9719 = VECTOR('',#9720,1.);
#9720 = DIRECTION('',(0.,1.,0.));
#9721 = ORIENTED_EDGE('',*,*,#9042,.T.);
#9722 = ORIENTED_EDGE('',*,*,#9692,.F.);
#9723 = PLANE('',#9724);
#9724 = AXIS2_PLACEMENT_3D('',#9725,#9726,#9727);
#9725 = CARTESIAN_POINT('',(80.37146776406,106.,23.762222222222));
#9726 = DIRECTION('',(-0.994766086025,-0.,0.102178442416));
#9727 = DIRECTION('',(-0.102178442416,0.,-0.994766086025));
#9728 = ADVANCED_FACE('',(#9729),#9747,.T.);
#9729 = FACE_BOUND('',#9730,.T.);
#9730 = EDGE_LOOP('',(#9731,#9739,#9745,#9746));
#9731 = ORIENTED_EDGE('',*,*,#9732,.T.);
#9732 = EDGE_CURVE('',#9709,#9733,#9735,.T.);
#9733 = VERTEX_POINT('',#9734);
#9734 = CARTESIAN_POINT('',(80.4,-8.,25.04));
#9735 = LINE('',#9736,#9737);
#9736 = CARTESIAN_POINT('',(80.4,-8.,14.04));
#9737 = VECTOR('',#9738,1.);
#9738 = DIRECTION('',(0.,0.,1.));
#9739 = ORIENTED_EDGE('',*,*,#9740,.T.);
#9740 = EDGE_CURVE('',#9733,#9051,#9741,.T.);
#9741 = LINE('',#9742,#9743);
#9742 = CARTESIAN_POINT('',(80.4,24.,25.04));
#9743 = VECTOR('',#9744,1.);
#9744 = DIRECTION('',(0.,1.,0.));
#9745 = ORIENTED_EDGE('',*,*,#9050,.F.);
#9746 = ORIENTED_EDGE('',*,*,#9716,.F.);
#9747 = PLANE('',#9748);
#9748 = AXIS2_PLACEMENT_3D('',#9749,#9750,#9751);
#9749 = CARTESIAN_POINT('',(80.4,106.,24.54));
#9750 = DIRECTION('',(-1.,-0.,-0.));
#9751 = DIRECTION('',(0.,0.,-1.));
#9752 = ADVANCED_FACE('',(#9753),#9771,.T.);
#9753 = FACE_BOUND('',#9754,.T.);
#9754 = EDGE_LOOP('',(#9755,#9763,#9769,#9770));
#9755 = ORIENTED_EDGE('',*,*,#9756,.T.);
#9756 = EDGE_CURVE('',#9733,#9757,#9759,.T.);
#9757 = VERTEX_POINT('',#9758);
#9758 = CARTESIAN_POINT('',(80.342935528121,-8.,25.595555555556));
#9759 = LINE('',#9760,#9761);
#9760 = CARTESIAN_POINT('',(80.4,-8.,25.04));
#9761 = VECTOR('',#9762,1.);
#9762 = DIRECTION('',(-0.102178442416,0.,0.994766086025));
#9763 = ORIENTED_EDGE('',*,*,#9764,.T.);
#9764 = EDGE_CURVE('',#9757,#9059,#9765,.T.);
#9765 = LINE('',#9766,#9767);
#9766 = CARTESIAN_POINT('',(80.342935528121,24.,25.595555555556));
#9767 = VECTOR('',#9768,1.);
#9768 = DIRECTION('',(0.,1.,0.));
#9769 = ORIENTED_EDGE('',*,*,#9058,.F.);
#9770 = ORIENTED_EDGE('',*,*,#9740,.F.);
#9771 = PLANE('',#9772);
#9772 = AXIS2_PLACEMENT_3D('',#9773,#9774,#9775);
#9773 = CARTESIAN_POINT('',(80.37146776406,106.,25.317777777778));
#9774 = DIRECTION('',(-0.994766086025,-0.,-0.102178442416));
#9775 = DIRECTION('',(0.102178442416,0.,-0.994766086025));
#9776 = ADVANCED_FACE('',(#9777),#9795,.T.);
#9777 = FACE_BOUND('',#9778,.T.);
#9778 = EDGE_LOOP('',(#9779,#9787,#9793,#9794));
#9779 = ORIENTED_EDGE('',*,*,#9780,.T.);
#9780 = EDGE_CURVE('',#9757,#9781,#9783,.T.);
#9781 = VERTEX_POINT('',#9782);
#9782 = CARTESIAN_POINT('',(80.180521262003,-8.,26.151111111111));
#9783 = LINE('',#9784,#9785);
#9784 = CARTESIAN_POINT('',(80.342935528121,-8.,25.595555555556));
#9785 = VECTOR('',#9786,1.);
#9786 = DIRECTION('',(-0.280600582118,0.,0.959824626333));
#9787 = ORIENTED_EDGE('',*,*,#9788,.T.);
#9788 = EDGE_CURVE('',#9781,#9067,#9789,.T.);
#9789 = LINE('',#9790,#9791);
#9790 = CARTESIAN_POINT('',(80.180521262003,24.,26.151111111111));
#9791 = VECTOR('',#9792,1.);
#9792 = DIRECTION('',(0.,1.,0.));
#9793 = ORIENTED_EDGE('',*,*,#9066,.F.);
#9794 = ORIENTED_EDGE('',*,*,#9764,.F.);
#9795 = PLANE('',#9796);
#9796 = AXIS2_PLACEMENT_3D('',#9797,#9798,#9799);
#9797 = CARTESIAN_POINT('',(80.261728395062,106.,25.873333333333));
#9798 = DIRECTION('',(-0.959824626333,-0.,-0.280600582118));
#9799 = DIRECTION('',(0.280600582118,0.,-0.959824626333));
#9800 = ADVANCED_FACE('',(#9801),#9819,.T.);
#9801 = FACE_BOUND('',#9802,.T.);
#9802 = EDGE_LOOP('',(#9803,#9811,#9817,#9818));
#9803 = ORIENTED_EDGE('',*,*,#9804,.T.);
#9804 = EDGE_CURVE('',#9781,#9805,#9807,.T.);
#9805 = VERTEX_POINT('',#9806);
#9806 = CARTESIAN_POINT('',(79.925925925926,-8.,26.706666666667));
#9807 = LINE('',#9808,#9809);
#9808 = CARTESIAN_POINT('',(80.180521262003,-8.,26.151111111111));
#9809 = VECTOR('',#9810,1.);
#9810 = DIRECTION('',(-0.416608335402,0.,0.909086076713));
#9811 = ORIENTED_EDGE('',*,*,#9812,.T.);
#9812 = EDGE_CURVE('',#9805,#9075,#9813,.T.);
#9813 = LINE('',#9814,#9815);
#9814 = CARTESIAN_POINT('',(79.925925925926,24.,26.706666666667));
#9815 = VECTOR('',#9816,1.);
#9816 = DIRECTION('',(0.,1.,0.));
#9817 = ORIENTED_EDGE('',*,*,#9074,.F.);
#9818 = ORIENTED_EDGE('',*,*,#9788,.F.);
#9819 = PLANE('',#9820);
#9820 = AXIS2_PLACEMENT_3D('',#9821,#9822,#9823);
#9821 = CARTESIAN_POINT('',(80.053223593964,106.,26.428888888889));
#9822 = DIRECTION('',(-0.909086076713,-0.,-0.416608335402));
#9823 = DIRECTION('',(0.416608335402,0.,-0.909086076713));
#9824 = ADVANCED_FACE('',(#9825),#9843,.T.);
#9825 = FACE_BOUND('',#9826,.T.);
#9826 = EDGE_LOOP('',(#9827,#9835,#9841,#9842));
#9827 = ORIENTED_EDGE('',*,*,#9828,.T.);
#9828 = EDGE_CURVE('',#9805,#9829,#9831,.T.);
#9829 = VERTEX_POINT('',#9830);
#9830 = CARTESIAN_POINT('',(79.59231824417,-8.,27.262222222222));
#9831 = LINE('',#9832,#9833);
#9832 = CARTESIAN_POINT('',(79.925925925926,-8.,26.706666666667));
#9833 = VECTOR('',#9834,1.);
#9834 = DIRECTION('',(-0.514807016402,0.,0.857306092282));
#9835 = ORIENTED_EDGE('',*,*,#9836,.T.);
#9836 = EDGE_CURVE('',#9829,#9083,#9837,.T.);
#9837 = LINE('',#9838,#9839);
#9838 = CARTESIAN_POINT('',(79.59231824417,24.,27.262222222222));
#9839 = VECTOR('',#9840,1.);
#9840 = DIRECTION('',(0.,1.,0.));
#9841 = ORIENTED_EDGE('',*,*,#9082,.F.);
#9842 = ORIENTED_EDGE('',*,*,#9812,.F.);
#9843 = PLANE('',#9844);
#9844 = AXIS2_PLACEMENT_3D('',#9845,#9846,#9847);
#9845 = CARTESIAN_POINT('',(79.759122085048,106.,26.984444444444));
#9846 = DIRECTION('',(-0.857306092282,-0.,-0.514807016402));
#9847 = DIRECTION('',(0.514807016402,0.,-0.857306092282));
#9848 = ADVANCED_FACE('',(#9849),#9867,.T.);
#9849 = FACE_BOUND('',#9850,.T.);
#9850 = EDGE_LOOP('',(#9851,#9859,#9865,#9866));
#9851 = ORIENTED_EDGE('',*,*,#9852,.T.);
#9852 = EDGE_CURVE('',#9829,#9853,#9855,.T.);
#9853 = VERTEX_POINT('',#9854);
#9854 = CARTESIAN_POINT('',(79.192866941015,-8.,27.817777777778));
#9855 = LINE('',#9856,#9857);
#9856 = CARTESIAN_POINT('',(79.59231824417,-8.,27.262222222222));
#9857 = VECTOR('',#9858,1.);
#9858 = DIRECTION('',(-0.583776486487,0.,0.811914412869));
#9859 = ORIENTED_EDGE('',*,*,#9860,.T.);
#9860 = EDGE_CURVE('',#9853,#9091,#9861,.T.);
#9861 = LINE('',#9862,#9863);
#9862 = CARTESIAN_POINT('',(79.192866941015,24.,27.817777777778));
#9863 = VECTOR('',#9864,1.);
#9864 = DIRECTION('',(0.,1.,0.));
#9865 = ORIENTED_EDGE('',*,*,#9090,.F.);
#9866 = ORIENTED_EDGE('',*,*,#9836,.F.);
#9867 = PLANE('',#9868);
#9868 = AXIS2_PLACEMENT_3D('',#9869,#9870,#9871);
#9869 = CARTESIAN_POINT('',(79.392592592593,106.,27.54));
#9870 = DIRECTION('',(-0.811914412869,-0.,-0.583776486487));
#9871 = DIRECTION('',(0.583776486487,0.,-0.811914412869));
#9872 = ADVANCED_FACE('',(#9873),#9884,.T.);
#9873 = FACE_BOUND('',#9874,.T.);
#9874 = EDGE_LOOP('',(#9875,#9881,#9882,#9883));
#9875 = ORIENTED_EDGE('',*,*,#9876,.T.);
#9876 = EDGE_CURVE('',#9853,#8955,#9877,.T.);
#9877 = LINE('',#9878,#9879);
#9878 = CARTESIAN_POINT('',(79.192866941015,-8.,27.817777777778));
#9879 = VECTOR('',#9880,1.);
#9880 = DIRECTION('',(-0.631212461229,0.,0.77560997208));
#9881 = ORIENTED_EDGE('',*,*,#8971,.T.);
#9882 = ORIENTED_EDGE('',*,*,#9098,.F.);
#9883 = ORIENTED_EDGE('',*,*,#9860,.F.);
#9884 = PLANE('',#9885);
#9885 = AXIS2_PLACEMENT_3D('',#9886,#9887,#9888);
#9886 = CARTESIAN_POINT('',(78.966803840878,106.,28.095555555556));
#9887 = DIRECTION('',(-0.77560997208,-0.,-0.631212461229));
#9888 = DIRECTION('',(0.631212461229,0.,-0.77560997208));
#9889 = ADVANCED_FACE('',(#9890),#9915,.T.);
#9890 = FACE_BOUND('',#9891,.T.);
#9891 = EDGE_LOOP('',(#9892,#9900,#9908,#9914));
#9892 = ORIENTED_EDGE('',*,*,#9893,.F.);
#9893 = EDGE_CURVE('',#9894,#9523,#9896,.T.);
#9894 = VERTEX_POINT('',#9895);
#9895 = CARTESIAN_POINT('',(101.75089163237,-8.,28.928888888889));
#9896 = LINE('',#9897,#9898);
#9897 = CARTESIAN_POINT('',(101.75089163237,-8.,28.928888888889));
#9898 = VECTOR('',#9899,1.);
#9899 = DIRECTION('',(0.681932082106,0.,0.731415501199));
#9900 = ORIENTED_EDGE('',*,*,#9901,.T.);
#9901 = EDGE_CURVE('',#9894,#9902,#9904,.T.);
#9902 = VERTEX_POINT('',#9903);
#9903 = CARTESIAN_POINT('',(101.75089163237,220.,28.928888888889));
#9904 = LINE('',#9905,#9906);
#9905 = CARTESIAN_POINT('',(101.75089163237,24.,28.928888888889));
#9906 = VECTOR('',#9907,1.);
#9907 = DIRECTION('',(0.,1.,0.));
#9908 = ORIENTED_EDGE('',*,*,#9909,.T.);
#9909 = EDGE_CURVE('',#9902,#9531,#9910,.T.);
#9910 = LINE('',#9911,#9912);
#9911 = CARTESIAN_POINT('',(101.75089163237,220.,28.928888888889));
#9912 = VECTOR('',#9913,1.);
#9913 = DIRECTION('',(0.681932082106,0.,0.731415501199));
#9914 = ORIENTED_EDGE('',*,*,#9530,.F.);
#9915 = PLANE('',#9916);
#9916 = AXIS2_PLACEMENT_3D('',#9917,#9918,#9919);
#9917 = CARTESIAN_POINT('',(102.00987654321,106.,29.206666666667));
#9918 = DIRECTION('',(0.731415501199,0.,-0.681932082106));
#9919 = DIRECTION('',(0.681932082106,0.,0.731415501199));
#9920 = ADVANCED_FACE('',(#9921),#9946,.T.);
#9921 = FACE_BOUND('',#9922,.T.);
#9922 = EDGE_LOOP('',(#9923,#9931,#9939,#9945));
#9923 = ORIENTED_EDGE('',*,*,#9924,.F.);
#9924 = EDGE_CURVE('',#9925,#9894,#9927,.T.);
#9925 = VERTEX_POINT('',#9926);
#9926 = CARTESIAN_POINT('',(101.25925925925,-8.,28.373333333333));
#9927 = LINE('',#9928,#9929);
#9928 = CARTESIAN_POINT('',(101.25925925925,-8.,28.373333333333));
#9929 = VECTOR('',#9930,1.);
#9930 = DIRECTION('',(0.662709521533,0.,0.748876551956));
#9931 = ORIENTED_EDGE('',*,*,#9932,.T.);
#9932 = EDGE_CURVE('',#9925,#9933,#9935,.T.);
#9933 = VERTEX_POINT('',#9934);
#9934 = CARTESIAN_POINT('',(101.25925925925,220.,28.373333333333));
#9935 = LINE('',#9936,#9937);
#9936 = CARTESIAN_POINT('',(101.25925925925,24.,28.373333333333));
#9937 = VECTOR('',#9938,1.);
#9938 = DIRECTION('',(0.,1.,0.));
#9939 = ORIENTED_EDGE('',*,*,#9940,.T.);
#9940 = EDGE_CURVE('',#9933,#9902,#9941,.T.);
#9941 = LINE('',#9942,#9943);
#9942 = CARTESIAN_POINT('',(101.25925925925,220.,28.373333333333));
#9943 = VECTOR('',#9944,1.);
#9944 = DIRECTION('',(0.662709521533,0.,0.748876551956));
#9945 = ORIENTED_EDGE('',*,*,#9901,.F.);
#9946 = PLANE('',#9947);
#9947 = AXIS2_PLACEMENT_3D('',#9948,#9949,#9950);
#9948 = CARTESIAN_POINT('',(101.50507544581,106.,28.651111111111));
#9949 = DIRECTION('',(0.748876551956,0.,-0.662709521533));
#9950 = DIRECTION('',(0.662709521533,0.,0.748876551956));
#9951 = ADVANCED_FACE('',(#9952),#9977,.T.);
#9952 = FACE_BOUND('',#9953,.T.);
#9953 = EDGE_LOOP('',(#9954,#9962,#9970,#9976));
#9954 = ORIENTED_EDGE('',*,*,#9955,.F.);
#9955 = EDGE_CURVE('',#9956,#9925,#9958,.T.);
#9956 = VERTEX_POINT('',#9957);
#9957 = CARTESIAN_POINT('',(100.80713305898,-8.,27.817777777778));
#9958 = LINE('',#9959,#9960);
#9959 = CARTESIAN_POINT('',(100.80713305898,-8.,27.817777777778));
#9960 = VECTOR('',#9961,1.);
#9961 = DIRECTION('',(0.631212461229,0.,0.77560997208));
#9962 = ORIENTED_EDGE('',*,*,#9963,.T.);
#9963 = EDGE_CURVE('',#9956,#9964,#9966,.T.);
#9964 = VERTEX_POINT('',#9965);
#9965 = CARTESIAN_POINT('',(100.80713305898,220.,27.817777777778));
#9966 = LINE('',#9967,#9968);
#9967 = CARTESIAN_POINT('',(100.80713305898,24.,27.817777777778));
#9968 = VECTOR('',#9969,1.);
#9969 = DIRECTION('',(0.,1.,0.));
#9970 = ORIENTED_EDGE('',*,*,#9971,.T.);
#9971 = EDGE_CURVE('',#9964,#9933,#9972,.T.);
#9972 = LINE('',#9973,#9974);
#9973 = CARTESIAN_POINT('',(100.80713305898,220.,27.817777777778));
#9974 = VECTOR('',#9975,1.);
#9975 = DIRECTION('',(0.631212461229,0.,0.77560997208));
#9976 = ORIENTED_EDGE('',*,*,#9932,.F.);
#9977 = PLANE('',#9978);
#9978 = AXIS2_PLACEMENT_3D('',#9979,#9980,#9981);
#9979 = CARTESIAN_POINT('',(101.03319615912,106.,28.095555555556));
#9980 = DIRECTION('',(0.77560997208,0.,-0.631212461229));
#9981 = DIRECTION('',(0.631212461229,0.,0.77560997208));
#9982 = ADVANCED_FACE('',(#9983),#10008,.T.);
#9983 = FACE_BOUND('',#9984,.T.);
#9984 = EDGE_LOOP('',(#9985,#9993,#10001,#10007));
#9985 = ORIENTED_EDGE('',*,*,#9986,.F.);
#9986 = EDGE_CURVE('',#9987,#9956,#9989,.T.);
#9987 = VERTEX_POINT('',#9988);
#9988 = CARTESIAN_POINT('',(100.40768175583,-8.,27.262222222222));
#9989 = LINE('',#9990,#9991);
#9990 = CARTESIAN_POINT('',(100.40768175583,-8.,27.262222222222));
#9991 = VECTOR('',#9992,1.);
#9992 = DIRECTION('',(0.583776486487,0.,0.811914412869));
#9993 = ORIENTED_EDGE('',*,*,#9994,.T.);
#9994 = EDGE_CURVE('',#9987,#9995,#9997,.T.);
#9995 = VERTEX_POINT('',#9996);
#9996 = CARTESIAN_POINT('',(100.40768175583,220.,27.262222222222));
#9997 = LINE('',#9998,#9999);
#9998 = CARTESIAN_POINT('',(100.40768175583,24.,27.262222222222));
#9999 = VECTOR('',#10000,1.);
#10000 = DIRECTION('',(0.,1.,0.));
#10001 = ORIENTED_EDGE('',*,*,#10002,.T.);
#10002 = EDGE_CURVE('',#9995,#9964,#10003,.T.);
#10003 = LINE('',#10004,#10005);
#10004 = CARTESIAN_POINT('',(100.40768175583,220.,27.262222222222));
#10005 = VECTOR('',#10006,1.);
#10006 = DIRECTION('',(0.583776486487,0.,0.811914412869));
#10007 = ORIENTED_EDGE('',*,*,#9963,.F.);
#10008 = PLANE('',#10009);
#10009 = AXIS2_PLACEMENT_3D('',#10010,#10011,#10012);
#10010 = CARTESIAN_POINT('',(100.6074074074,106.,27.54));
#10011 = DIRECTION('',(0.811914412869,0.,-0.583776486487));
#10012 = DIRECTION('',(0.583776486487,0.,0.811914412869));
#10013 = ADVANCED_FACE('',(#10014),#10039,.T.);
#10014 = FACE_BOUND('',#10015,.T.);
#10015 = EDGE_LOOP('',(#10016,#10024,#10032,#10038));
#10016 = ORIENTED_EDGE('',*,*,#10017,.F.);
#10017 = EDGE_CURVE('',#10018,#9987,#10020,.T.);
#10018 = VERTEX_POINT('',#10019);
#10019 = CARTESIAN_POINT('',(100.07407407407,-8.,26.706666666667));
#10020 = LINE('',#10021,#10022);
#10021 = CARTESIAN_POINT('',(100.07407407407,-8.,26.706666666667));
#10022 = VECTOR('',#10023,1.);
#10023 = DIRECTION('',(0.514807016402,0.,0.857306092282));
#10024 = ORIENTED_EDGE('',*,*,#10025,.T.);
#10025 = EDGE_CURVE('',#10018,#10026,#10028,.T.);
#10026 = VERTEX_POINT('',#10027);
#10027 = CARTESIAN_POINT('',(100.07407407407,220.,26.706666666667));
#10028 = LINE('',#10029,#10030);
#10029 = CARTESIAN_POINT('',(100.07407407407,24.,26.706666666667));
#10030 = VECTOR('',#10031,1.);
#10031 = DIRECTION('',(0.,1.,0.));
#10032 = ORIENTED_EDGE('',*,*,#10033,.T.);
#10033 = EDGE_CURVE('',#10026,#9995,#10034,.T.);
#10034 = LINE('',#10035,#10036);
#10035 = CARTESIAN_POINT('',(100.07407407407,220.,26.706666666667));
#10036 = VECTOR('',#10037,1.);
#10037 = DIRECTION('',(0.514807016402,0.,0.857306092282));
#10038 = ORIENTED_EDGE('',*,*,#9994,.F.);
#10039 = PLANE('',#10040);
#10040 = AXIS2_PLACEMENT_3D('',#10041,#10042,#10043);
#10041 = CARTESIAN_POINT('',(100.24087791495,106.,26.984444444444));
#10042 = DIRECTION('',(0.857306092282,0.,-0.514807016402));
#10043 = DIRECTION('',(0.514807016402,0.,0.857306092282));
#10044 = ADVANCED_FACE('',(#10045),#10070,.T.);
#10045 = FACE_BOUND('',#10046,.T.);
#10046 = EDGE_LOOP('',(#10047,#10055,#10063,#10069));
#10047 = ORIENTED_EDGE('',*,*,#10048,.F.);
#10048 = EDGE_CURVE('',#10049,#10018,#10051,.T.);
#10049 = VERTEX_POINT('',#10050);
#10050 = CARTESIAN_POINT('',(99.819478737997,-8.,26.151111111111));
#10051 = LINE('',#10052,#10053);
#10052 = CARTESIAN_POINT('',(99.819478737997,-8.,26.151111111111));
#10053 = VECTOR('',#10054,1.);
#10054 = DIRECTION('',(0.416608335402,0.,0.909086076713));
#10055 = ORIENTED_EDGE('',*,*,#10056,.T.);
#10056 = EDGE_CURVE('',#10049,#10057,#10059,.T.);
#10057 = VERTEX_POINT('',#10058);
#10058 = CARTESIAN_POINT('',(99.819478737997,220.,26.151111111111));
#10059 = LINE('',#10060,#10061);
#10060 = CARTESIAN_POINT('',(99.819478737997,24.,26.151111111111));
#10061 = VECTOR('',#10062,1.);
#10062 = DIRECTION('',(0.,1.,0.));
#10063 = ORIENTED_EDGE('',*,*,#10064,.T.);
#10064 = EDGE_CURVE('',#10057,#10026,#10065,.T.);
#10065 = LINE('',#10066,#10067);
#10066 = CARTESIAN_POINT('',(99.819478737997,220.,26.151111111111));
#10067 = VECTOR('',#10068,1.);
#10068 = DIRECTION('',(0.416608335402,0.,0.909086076713));
#10069 = ORIENTED_EDGE('',*,*,#10025,.F.);
#10070 = PLANE('',#10071);
#10071 = AXIS2_PLACEMENT_3D('',#10072,#10073,#10074);
#10072 = CARTESIAN_POINT('',(99.946776406036,106.,26.428888888889));
#10073 = DIRECTION('',(0.909086076713,0.,-0.416608335402));
#10074 = DIRECTION('',(0.416608335402,0.,0.909086076713));
#10075 = ADVANCED_FACE('',(#10076),#10101,.T.);
#10076 = FACE_BOUND('',#10077,.T.);
#10077 = EDGE_LOOP('',(#10078,#10086,#10094,#10100));
#10078 = ORIENTED_EDGE('',*,*,#10079,.F.);
#10079 = EDGE_CURVE('',#10080,#10049,#10082,.T.);
#10080 = VERTEX_POINT('',#10081);
#10081 = CARTESIAN_POINT('',(99.657064471879,-8.,25.595555555556));
#10082 = LINE('',#10083,#10084);
#10083 = CARTESIAN_POINT('',(99.657064471879,-8.,25.595555555556));
#10084 = VECTOR('',#10085,1.);
#10085 = DIRECTION('',(0.280600582118,0.,0.959824626333));
#10086 = ORIENTED_EDGE('',*,*,#10087,.T.);
#10087 = EDGE_CURVE('',#10080,#10088,#10090,.T.);
#10088 = VERTEX_POINT('',#10089);
#10089 = CARTESIAN_POINT('',(99.657064471879,220.,25.595555555556));
#10090 = LINE('',#10091,#10092);
#10091 = CARTESIAN_POINT('',(99.657064471879,24.,25.595555555556));
#10092 = VECTOR('',#10093,1.);
#10093 = DIRECTION('',(0.,1.,0.));
#10094 = ORIENTED_EDGE('',*,*,#10095,.T.);
#10095 = EDGE_CURVE('',#10088,#10057,#10096,.T.);
#10096 = LINE('',#10097,#10098);
#10097 = CARTESIAN_POINT('',(99.657064471879,220.,25.595555555556));
#10098 = VECTOR('',#10099,1.);
#10099 = DIRECTION('',(0.280600582118,0.,0.959824626333));
#10100 = ORIENTED_EDGE('',*,*,#10056,.F.);
#10101 = PLANE('',#10102);
#10102 = AXIS2_PLACEMENT_3D('',#10103,#10104,#10105);
#10103 = CARTESIAN_POINT('',(99.738271604938,106.,25.873333333333));
#10104 = DIRECTION('',(0.959824626333,0.,-0.280600582118));
#10105 = DIRECTION('',(0.280600582118,0.,0.959824626333));
#10106 = ADVANCED_FACE('',(#10107),#10132,.T.);
#10107 = FACE_BOUND('',#10108,.T.);
#10108 = EDGE_LOOP('',(#10109,#10117,#10125,#10131));
#10109 = ORIENTED_EDGE('',*,*,#10110,.F.);
#10110 = EDGE_CURVE('',#10111,#10080,#10113,.T.);
#10111 = VERTEX_POINT('',#10112);
#10112 = CARTESIAN_POINT('',(99.6,-8.,25.04));
#10113 = LINE('',#10114,#10115);
#10114 = CARTESIAN_POINT('',(99.6,-8.,25.04));
#10115 = VECTOR('',#10116,1.);
#10116 = DIRECTION('',(0.102178442416,0.,0.994766086025));
#10117 = ORIENTED_EDGE('',*,*,#10118,.T.);
#10118 = EDGE_CURVE('',#10111,#10119,#10121,.T.);
#10119 = VERTEX_POINT('',#10120);
#10120 = CARTESIAN_POINT('',(99.6,220.,25.04));
#10121 = LINE('',#10122,#10123);
#10122 = CARTESIAN_POINT('',(99.6,24.,25.04));
#10123 = VECTOR('',#10124,1.);
#10124 = DIRECTION('',(0.,1.,0.));
#10125 = ORIENTED_EDGE('',*,*,#10126,.T.);
#10126 = EDGE_CURVE('',#10119,#10088,#10127,.T.);
#10127 = LINE('',#10128,#10129);
#10128 = CARTESIAN_POINT('',(99.6,220.,25.04));
#10129 = VECTOR('',#10130,1.);
#10130 = DIRECTION('',(0.102178442416,0.,0.994766086025));
#10131 = ORIENTED_EDGE('',*,*,#10087,.F.);
#10132 = PLANE('',#10133);
#10133 = AXIS2_PLACEMENT_3D('',#10134,#10135,#10136);
#10134 = CARTESIAN_POINT('',(99.62853223594,106.,25.317777777778));
#10135 = DIRECTION('',(0.994766086025,0.,-0.102178442416));
#10136 = DIRECTION('',(0.102178442416,0.,0.994766086025));
#10137 = ADVANCED_FACE('',(#10138),#10163,.T.);
#10138 = FACE_BOUND('',#10139,.T.);
#10139 = EDGE_LOOP('',(#10140,#10148,#10156,#10162));
#10140 = ORIENTED_EDGE('',*,*,#10141,.F.);
#10141 = EDGE_CURVE('',#10142,#10111,#10144,.T.);
#10142 = VERTEX_POINT('',#10143);
#10143 = CARTESIAN_POINT('',(99.6,-8.,24.04));
#10144 = LINE('',#10145,#10146);
#10145 = CARTESIAN_POINT('',(99.6,-8.,14.04));
#10146 = VECTOR('',#10147,1.);
#10147 = DIRECTION('',(0.,0.,1.));
#10148 = ORIENTED_EDGE('',*,*,#10149,.T.);
#10149 = EDGE_CURVE('',#10142,#10150,#10152,.T.);
#10150 = VERTEX_POINT('',#10151);
#10151 = CARTESIAN_POINT('',(99.6,220.,24.04));
#10152 = LINE('',#10153,#10154);
#10153 = CARTESIAN_POINT('',(99.6,24.,24.04));
#10154 = VECTOR('',#10155,1.);
#10155 = DIRECTION('',(0.,1.,0.));
#10156 = ORIENTED_EDGE('',*,*,#10157,.T.);
#10157 = EDGE_CURVE('',#10150,#10119,#10158,.T.);
#10158 = LINE('',#10159,#10160);
#10159 = CARTESIAN_POINT('',(99.6,220.,14.04));
#10160 = VECTOR('',#10161,1.);
#10161 = DIRECTION('',(0.,0.,1.));
#10162 = ORIENTED_EDGE('',*,*,#10118,.F.);
#10163 = PLANE('',#10164);
#10164 = AXIS2_PLACEMENT_3D('',#10165,#10166,#10167);
#10165 = CARTESIAN_POINT('',(99.6,106.,24.54));
#10166 = DIRECTION('',(1.,0.,0.));
#10167 = DIRECTION('',(-0.,0.,1.));
#10168 = ADVANCED_FACE('',(#10169),#10194,.T.);
#10169 = FACE_BOUND('',#10170,.T.);
#10170 = EDGE_LOOP('',(#10171,#10179,#10187,#10193));
#10171 = ORIENTED_EDGE('',*,*,#10172,.T.);
#10172 = EDGE_CURVE('',#10142,#10173,#10175,.T.);
#10173 = VERTEX_POINT('',#10174);
#10174 = CARTESIAN_POINT('',(99.657064471879,-8.,23.484444444444));
#10175 = LINE('',#10176,#10177);
#10176 = CARTESIAN_POINT('',(99.6,-8.,24.04));
#10177 = VECTOR('',#10178,1.);
#10178 = DIRECTION('',(0.102178442416,0.,-0.994766086025));
#10179 = ORIENTED_EDGE('',*,*,#10180,.T.);
#10180 = EDGE_CURVE('',#10173,#10181,#10183,.T.);
#10181 = VERTEX_POINT('',#10182);
#10182 = CARTESIAN_POINT('',(99.657064471879,220.,23.484444444444));
#10183 = LINE('',#10184,#10185);
#10184 = CARTESIAN_POINT('',(99.657064471879,24.,23.484444444444));
#10185 = VECTOR('',#10186,1.);
#10186 = DIRECTION('',(0.,1.,0.));
#10187 = ORIENTED_EDGE('',*,*,#10188,.F.);
#10188 = EDGE_CURVE('',#10150,#10181,#10189,.T.);
#10189 = LINE('',#10190,#10191);
#10190 = CARTESIAN_POINT('',(99.6,220.,24.04));
#10191 = VECTOR('',#10192,1.);
#10192 = DIRECTION('',(0.102178442416,0.,-0.994766086025));
#10193 = ORIENTED_EDGE('',*,*,#10149,.F.);
#10194 = PLANE('',#10195);
#10195 = AXIS2_PLACEMENT_3D('',#10196,#10197,#10198);
#10196 = CARTESIAN_POINT('',(99.62853223594,106.,23.762222222222));
#10197 = DIRECTION('',(0.994766086025,0.,0.102178442416));
#10198 = DIRECTION('',(-0.102178442416,0.,0.994766086025));
#10199 = ADVANCED_FACE('',(#10200),#10225,.T.);
#10200 = FACE_BOUND('',#10201,.T.);
#10201 = EDGE_LOOP('',(#10202,#10210,#10218,#10224));
#10202 = ORIENTED_EDGE('',*,*,#10203,.T.);
#10203 = EDGE_CURVE('',#10173,#10204,#10206,.T.);
#10204 = VERTEX_POINT('',#10205);
#10205 = CARTESIAN_POINT('',(99.819478737997,-8.,22.928888888889));
#10206 = LINE('',#10207,#10208);
#10207 = CARTESIAN_POINT('',(99.657064471879,-8.,23.484444444444));
#10208 = VECTOR('',#10209,1.);
#10209 = DIRECTION('',(0.280600582118,0.,-0.959824626333));
#10210 = ORIENTED_EDGE('',*,*,#10211,.T.);
#10211 = EDGE_CURVE('',#10204,#10212,#10214,.T.);
#10212 = VERTEX_POINT('',#10213);
#10213 = CARTESIAN_POINT('',(99.819478737997,220.,22.928888888889));
#10214 = LINE('',#10215,#10216);
#10215 = CARTESIAN_POINT('',(99.819478737997,24.,22.928888888889));
#10216 = VECTOR('',#10217,1.);
#10217 = DIRECTION('',(0.,1.,0.));
#10218 = ORIENTED_EDGE('',*,*,#10219,.F.);
#10219 = EDGE_CURVE('',#10181,#10212,#10220,.T.);
#10220 = LINE('',#10221,#10222);
#10221 = CARTESIAN_POINT('',(99.657064471879,220.,23.484444444444));
#10222 = VECTOR('',#10223,1.);
#10223 = DIRECTION('',(0.280600582118,0.,-0.959824626333));
#10224 = ORIENTED_EDGE('',*,*,#10180,.F.);
#10225 = PLANE('',#10226);
#10226 = AXIS2_PLACEMENT_3D('',#10227,#10228,#10229);
#10227 = CARTESIAN_POINT('',(99.738271604938,106.,23.206666666667));
#10228 = DIRECTION('',(0.959824626333,0.,0.280600582118));
#10229 = DIRECTION('',(-0.280600582118,0.,0.959824626333));
#10230 = ADVANCED_FACE('',(#10231),#10256,.T.);
#10231 = FACE_BOUND('',#10232,.T.);
#10232 = EDGE_LOOP('',(#10233,#10241,#10249,#10255));
#10233 = ORIENTED_EDGE('',*,*,#10234,.T.);
#10234 = EDGE_CURVE('',#10204,#10235,#10237,.T.);
#10235 = VERTEX_POINT('',#10236);
#10236 = CARTESIAN_POINT('',(100.07407407407,-8.,22.373333333333));
#10237 = LINE('',#10238,#10239);
#10238 = CARTESIAN_POINT('',(99.819478737997,-8.,22.928888888889));
#10239 = VECTOR('',#10240,1.);
#10240 = DIRECTION('',(0.416608335402,0.,-0.909086076713));
#10241 = ORIENTED_EDGE('',*,*,#10242,.T.);
#10242 = EDGE_CURVE('',#10235,#10243,#10245,.T.);
#10243 = VERTEX_POINT('',#10244);
#10244 = CARTESIAN_POINT('',(100.07407407407,220.,22.373333333333));
#10245 = LINE('',#10246,#10247);
#10246 = CARTESIAN_POINT('',(100.07407407407,24.,22.373333333333));
#10247 = VECTOR('',#10248,1.);
#10248 = DIRECTION('',(0.,1.,0.));
#10249 = ORIENTED_EDGE('',*,*,#10250,.F.);
#10250 = EDGE_CURVE('',#10212,#10243,#10251,.T.);
#10251 = LINE('',#10252,#10253);
#10252 = CARTESIAN_POINT('',(99.819478737997,220.,22.928888888889));
#10253 = VECTOR('',#10254,1.);
#10254 = DIRECTION('',(0.416608335402,0.,-0.909086076713));
#10255 = ORIENTED_EDGE('',*,*,#10211,.F.);
#10256 = PLANE('',#10257);
#10257 = AXIS2_PLACEMENT_3D('',#10258,#10259,#10260);
#10258 = CARTESIAN_POINT('',(99.946776406036,106.,22.651111111111));
#10259 = DIRECTION('',(0.909086076713,0.,0.416608335402));
#10260 = DIRECTION('',(-0.416608335402,0.,0.909086076713));
#10261 = ADVANCED_FACE('',(#10262),#10287,.T.);
#10262 = FACE_BOUND('',#10263,.T.);
#10263 = EDGE_LOOP('',(#10264,#10272,#10280,#10286));
#10264 = ORIENTED_EDGE('',*,*,#10265,.T.);
#10265 = EDGE_CURVE('',#10235,#10266,#10268,.T.);
#10266 = VERTEX_POINT('',#10267);
#10267 = CARTESIAN_POINT('',(100.40768175583,-8.,21.817777777778));
#10268 = LINE('',#10269,#10270);
#10269 = CARTESIAN_POINT('',(100.07407407407,-8.,22.373333333333));
#10270 = VECTOR('',#10271,1.);
#10271 = DIRECTION('',(0.514807016402,0.,-0.857306092282));
#10272 = ORIENTED_EDGE('',*,*,#10273,.T.);
#10273 = EDGE_CURVE('',#10266,#10274,#10276,.T.);
#10274 = VERTEX_POINT('',#10275);
#10275 = CARTESIAN_POINT('',(100.40768175583,220.,21.817777777778));
#10276 = LINE('',#10277,#10278);
#10277 = CARTESIAN_POINT('',(100.40768175583,24.,21.817777777778));
#10278 = VECTOR('',#10279,1.);
#10279 = DIRECTION('',(0.,1.,0.));
#10280 = ORIENTED_EDGE('',*,*,#10281,.F.);
#10281 = EDGE_CURVE('',#10243,#10274,#10282,.T.);
#10282 = LINE('',#10283,#10284);
#10283 = CARTESIAN_POINT('',(100.07407407407,220.,22.373333333333));
#10284 = VECTOR('',#10285,1.);
#10285 = DIRECTION('',(0.514807016402,0.,-0.857306092282));
#10286 = ORIENTED_EDGE('',*,*,#10242,.F.);
#10287 = PLANE('',#10288);
#10288 = AXIS2_PLACEMENT_3D('',#10289,#10290,#10291);
#10289 = CARTESIAN_POINT('',(100.24087791495,106.,22.095555555556));
#10290 = DIRECTION('',(0.857306092282,0.,0.514807016402));
#10291 = DIRECTION('',(-0.514807016402,0.,0.857306092282));
#10292 = ADVANCED_FACE('',(#10293),#10318,.T.);
#10293 = FACE_BOUND('',#10294,.T.);
#10294 = EDGE_LOOP('',(#10295,#10303,#10311,#10317));
#10295 = ORIENTED_EDGE('',*,*,#10296,.T.);
#10296 = EDGE_CURVE('',#10266,#10297,#10299,.T.);
#10297 = VERTEX_POINT('',#10298);
#10298 = CARTESIAN_POINT('',(100.80713305898,-8.,21.262222222222));
#10299 = LINE('',#10300,#10301);
#10300 = CARTESIAN_POINT('',(100.40768175583,-8.,21.817777777778));
#10301 = VECTOR('',#10302,1.);
#10302 = DIRECTION('',(0.583776486487,0.,-0.811914412869));
#10303 = ORIENTED_EDGE('',*,*,#10304,.T.);
#10304 = EDGE_CURVE('',#10297,#10305,#10307,.T.);
#10305 = VERTEX_POINT('',#10306);
#10306 = CARTESIAN_POINT('',(100.80713305898,220.,21.262222222222));
#10307 = LINE('',#10308,#10309);
#10308 = CARTESIAN_POINT('',(100.80713305898,24.,21.262222222222));
#10309 = VECTOR('',#10310,1.);
#10310 = DIRECTION('',(0.,1.,0.));
#10311 = ORIENTED_EDGE('',*,*,#10312,.F.);
#10312 = EDGE_CURVE('',#10274,#10305,#10313,.T.);
#10313 = LINE('',#10314,#10315);
#10314 = CARTESIAN_POINT('',(100.40768175583,220.,21.817777777778));
#10315 = VECTOR('',#10316,1.);
#10316 = DIRECTION('',(0.583776486487,0.,-0.811914412869));
#10317 = ORIENTED_EDGE('',*,*,#10273,.F.);
#10318 = PLANE('',#10319);
#10319 = AXIS2_PLACEMENT_3D('',#10320,#10321,#10322);
#10320 = CARTESIAN_POINT('',(100.6074074074,106.,21.54));
#10321 = DIRECTION('',(0.811914412869,0.,0.583776486487));
#10322 = DIRECTION('',(-0.583776486487,0.,0.811914412869));
#10323 = ADVANCED_FACE('',(#10324),#10349,.T.);
#10324 = FACE_BOUND('',#10325,.T.);
#10325 = EDGE_LOOP('',(#10326,#10334,#10342,#10348));
#10326 = ORIENTED_EDGE('',*,*,#10327,.T.);
#10327 = EDGE_CURVE('',#10297,#10328,#10330,.T.);
#10328 = VERTEX_POINT('',#10329);
#10329 = CARTESIAN_POINT('',(101.25925925925,-8.,20.706666666667));
#10330 = LINE('',#10331,#10332);
#10331 = CARTESIAN_POINT('',(100.80713305898,-8.,21.262222222222));
#10332 = VECTOR('',#10333,1.);
#10333 = DIRECTION('',(0.631212461229,0.,-0.77560997208));
#10334 = ORIENTED_EDGE('',*,*,#10335,.T.);
#10335 = EDGE_CURVE('',#10328,#10336,#10338,.T.);
#10336 = VERTEX_POINT('',#10337);
#10337 = CARTESIAN_POINT('',(101.25925925925,220.,20.706666666667));
#10338 = LINE('',#10339,#10340);
#10339 = CARTESIAN_POINT('',(101.25925925925,24.,20.706666666667));
#10340 = VECTOR('',#10341,1.);
#10341 = DIRECTION('',(0.,1.,0.));
#10342 = ORIENTED_EDGE('',*,*,#10343,.F.);
#10343 = EDGE_CURVE('',#10305,#10336,#10344,.T.);
#10344 = LINE('',#10345,#10346);
#10345 = CARTESIAN_POINT('',(100.80713305898,220.,21.262222222222));
#10346 = VECTOR('',#10347,1.);
#10347 = DIRECTION('',(0.631212461229,0.,-0.77560997208));
#10348 = ORIENTED_EDGE('',*,*,#10304,.F.);
#10349 = PLANE('',#10350);
#10350 = AXIS2_PLACEMENT_3D('',#10351,#10352,#10353);
#10351 = CARTESIAN_POINT('',(101.03319615912,106.,20.984444444444));
#10352 = DIRECTION('',(0.77560997208,0.,0.631212461229));
#10353 = DIRECTION('',(-0.631212461229,0.,0.77560997208));
#10354 = ADVANCED_FACE('',(#10355),#10380,.T.);
#10355 = FACE_BOUND('',#10356,.T.);
#10356 = EDGE_LOOP('',(#10357,#10365,#10373,#10379));
#10357 = ORIENTED_EDGE('',*,*,#10358,.T.);
#10358 = EDGE_CURVE('',#10328,#10359,#10361,.T.);
#10359 = VERTEX_POINT('',#10360);
#10360 = CARTESIAN_POINT('',(101.75089163237,-8.,20.151111111111));
#10361 = LINE('',#10362,#10363);
#10362 = CARTESIAN_POINT('',(101.25925925925,-8.,20.706666666667));
#10363 = VECTOR('',#10364,1.);
#10364 = DIRECTION('',(0.662709521533,0.,-0.748876551956));
#10365 = ORIENTED_EDGE('',*,*,#10366,.T.);
#10366 = EDGE_CURVE('',#10359,#10367,#10369,.T.);
#10367 = VERTEX_POINT('',#10368);
#10368 = CARTESIAN_POINT('',(101.75089163237,220.,20.151111111111));
#10369 = LINE('',#10370,#10371);
#10370 = CARTESIAN_POINT('',(101.75089163237,24.,20.151111111111));
#10371 = VECTOR('',#10372,1.);
#10372 = DIRECTION('',(0.,1.,0.));
#10373 = ORIENTED_EDGE('',*,*,#10374,.F.);
#10374 = EDGE_CURVE('',#10336,#10367,#10375,.T.);
#10375 = LINE('',#10376,#10377);
#10376 = CARTESIAN_POINT('',(101.25925925925,220.,20.706666666667));
#10377 = VECTOR('',#10378,1.);
#10378 = DIRECTION('',(0.662709521533,0.,-0.748876551956));
#10379 = ORIENTED_EDGE('',*,*,#10335,.F.);
#10380 = PLANE('',#10381);
#10381 = AXIS2_PLACEMENT_3D('',#10382,#10383,#10384);
#10382 = CARTESIAN_POINT('',(101.50507544581,106.,20.428888888889));
#10383 = DIRECTION('',(0.748876551956,0.,0.662709521533));
#10384 = DIRECTION('',(-0.662709521533,0.,0.748876551956));
#10385 = ADVANCED_FACE('',(#10386),#10402,.T.);
#10386 = FACE_BOUND('',#10387,.T.);
#10387 = EDGE_LOOP('',(#10388,#10394,#10395,#10401));
#10388 = ORIENTED_EDGE('',*,*,#10389,.T.);
#10389 = EDGE_CURVE('',#10359,#9315,#10390,.T.);
#10390 = LINE('',#10391,#10392);
#10391 = CARTESIAN_POINT('',(101.75089163237,-8.,20.151111111111));
#10392 = VECTOR('',#10393,1.);
#10393 = DIRECTION('',(0.681932082106,0.,-0.731415501199));
#10394 = ORIENTED_EDGE('',*,*,#9314,.T.);
#10395 = ORIENTED_EDGE('',*,*,#10396,.F.);
#10396 = EDGE_CURVE('',#10367,#9317,#10397,.T.);
#10397 = LINE('',#10398,#10399);
#10398 = CARTESIAN_POINT('',(101.75089163237,220.,20.151111111111));
#10399 = VECTOR('',#10400,1.);
#10400 = DIRECTION('',(0.681932082106,0.,-0.731415501199));
#10401 = ORIENTED_EDGE('',*,*,#10366,.F.);
#10402 = PLANE('',#10403);
#10403 = AXIS2_PLACEMENT_3D('',#10404,#10405,#10406);
#10404 = CARTESIAN_POINT('',(102.00987654321,106.,19.873333333333));
#10405 = DIRECTION('',(0.731415501199,0.,0.681932082106));
#10406 = DIRECTION('',(-0.681932082106,0.,0.731415501199));
#10407 = ADVANCED_FACE('',(#10408),#10433,.F.);
#10408 = FACE_BOUND('',#10409,.F.);
#10409 = EDGE_LOOP('',(#10410,#10418,#10419,#10427));
#10410 = ORIENTED_EDGE('',*,*,#10411,.T.);
#10411 = EDGE_CURVE('',#10412,#6779,#10414,.T.);
#10412 = VERTEX_POINT('',#10413);
#10413 = CARTESIAN_POINT('',(99.,-8.,0.));
#10414 = LINE('',#10415,#10416);
#10415 = CARTESIAN_POINT('',(71.,-8.,0.));
#10416 = VECTOR('',#10417,1.);
#10417 = DIRECTION('',(1.,0.,-0.));
#10418 = ORIENTED_EDGE('',*,*,#6786,.T.);
#10419 = ORIENTED_EDGE('',*,*,#10420,.F.);
#10420 = EDGE_CURVE('',#10421,#6787,#10423,.T.);
#10421 = VERTEX_POINT('',#10422);
#10422 = CARTESIAN_POINT('',(99.,-6.26,0.));
#10423 = LINE('',#10424,#10425);
#10424 = CARTESIAN_POINT('',(70.,-6.26,0.));
#10425 = VECTOR('',#10426,1.);
#10426 = DIRECTION('',(1.,0.,0.));
#10427 = ORIENTED_EDGE('',*,*,#10428,.F.);
#10428 = EDGE_CURVE('',#10412,#10421,#10429,.T.);
#10429 = LINE('',#10430,#10431);
#10430 = CARTESIAN_POINT('',(99.,-10.,0.));
#10431 = VECTOR('',#10432,1.);
#10432 = DIRECTION('',(0.,1.,0.));
#10433 = PLANE('',#10434);
#10434 = AXIS2_PLACEMENT_3D('',#10435,#10436,#10437);
#10435 = CARTESIAN_POINT('',(71.,-8.,0.));
#10436 = DIRECTION('',(0.,0.,1.));
#10437 = DIRECTION('',(1.,0.,-0.));
#10438 = ADVANCED_FACE('',(#10439,#10465),#10476,.T.);
#10439 = FACE_BOUND('',#10440,.T.);
#10440 = EDGE_LOOP('',(#10441,#10442,#10448,#10449,#10458));
#10441 = ORIENTED_EDGE('',*,*,#10428,.F.);
#10442 = ORIENTED_EDGE('',*,*,#10443,.F.);
#10443 = EDGE_CURVE('',#171,#10412,#10444,.T.);
#10444 = LINE('',#10445,#10446);
#10445 = CARTESIAN_POINT('',(99.,-8.,3.013509448515));
#10446 = VECTOR('',#10447,1.);
#10447 = DIRECTION('',(0.,0.,-1.));
#10448 = ORIENTED_EDGE('',*,*,#178,.T.);
#10449 = ORIENTED_EDGE('',*,*,#10450,.T.);
#10450 = EDGE_CURVE('',#179,#10451,#10453,.T.);
#10451 = VERTEX_POINT('',#10452);
#10452 = CARTESIAN_POINT('',(99.,-5.400873841802,-3.165147981523));
#10453 = CIRCLE('',#10454,7.);
#10454 = AXIS2_PLACEMENT_3D('',#10455,#10456,#10457);
#10455 = CARTESIAN_POINT('',(99.,-12.,-5.5));
#10456 = DIRECTION('',(1.,0.,0.));
#10457 = DIRECTION('',(-0.,0.,1.));
#10458 = ORIENTED_EDGE('',*,*,#10459,.F.);
#10459 = EDGE_CURVE('',#10421,#10451,#10460,.T.);
#10460 = CIRCLE('',#10461,6.26);
#10461 = AXIS2_PLACEMENT_3D('',#10462,#10463,#10464);
#10462 = CARTESIAN_POINT('',(99.,0.,0.));
#10463 = DIRECTION('',(1.,0.,0.));
#10464 = DIRECTION('',(-0.,0.,1.));
#10465 = FACE_BOUND('',#10466,.T.);
#10466 = EDGE_LOOP('',(#10467));
#10467 = ORIENTED_EDGE('',*,*,#10468,.F.);
#10468 = EDGE_CURVE('',#10469,#10469,#10471,.T.);
#10469 = VERTEX_POINT('',#10470);
#10470 = CARTESIAN_POINT('',(99.,-12.,-3.2));
#10471 = CIRCLE('',#10472,2.3);
#10472 = AXIS2_PLACEMENT_3D('',#10473,#10474,#10475);
#10473 = CARTESIAN_POINT('',(99.,-12.,-5.5));
#10474 = DIRECTION('',(1.,0.,0.));
#10475 = DIRECTION('',(-0.,0.,1.));
#10476 = PLANE('',#10477);
#10477 = AXIS2_PLACEMENT_3D('',#10478,#10479,#10480);
#10478 = CARTESIAN_POINT('',(99.,-10.63296179817,-0.492578677057));
#10479 = DIRECTION('',(1.,4.041929189259E-16,2.36402458872E-16));
#10480 = DIRECTION('',(-4.041929189259E-16,1.,0.));
#10481 = ADVANCED_FACE('',(#10482),#10505,.T.);
#10482 = FACE_BOUND('',#10483,.T.);
#10483 = EDGE_LOOP('',(#10484,#10490,#10491,#10497,#10498,#10504));
#10484 = ORIENTED_EDGE('',*,*,#10485,.T.);
#10485 = EDGE_CURVE('',#40,#9195,#10486,.T.);
#10486 = LINE('',#10487,#10488);
#10487 = CARTESIAN_POINT('',(96.4,-8.,14.04));
#10488 = VECTOR('',#10489,1.);
#10489 = DIRECTION('',(0.,0.,1.));
#10490 = ORIENTED_EDGE('',*,*,#9222,.T.);
#10491 = ORIENTED_EDGE('',*,*,#10492,.F.);
#10492 = EDGE_CURVE('',#9131,#9215,#10493,.T.);
#10493 = LINE('',#10494,#10495);
#10494 = CARTESIAN_POINT('',(96.4,220.,14.04));
#10495 = VECTOR('',#10496,1.);
#10496 = DIRECTION('',(0.,0.,1.));
#10497 = ORIENTED_EDGE('',*,*,#9130,.F.);
#10498 = ORIENTED_EDGE('',*,*,#10499,.F.);
#10499 = EDGE_CURVE('',#24,#9123,#10500,.T.);
#10500 = LINE('',#10501,#10502);
#10501 = CARTESIAN_POINT('',(96.4,18.,7.02));
#10502 = VECTOR('',#10503,1.);
#10503 = DIRECTION('',(-0.,0.,-1.));
#10504 = ORIENTED_EDGE('',*,*,#47,.F.);
#10505 = PLANE('',#10506);
#10506 = AXIS2_PLACEMENT_3D('',#10507,#10508,#10509);
#10507 = CARTESIAN_POINT('',(96.4,106.20674698795,24.746746987952));
#10508 = DIRECTION('',(-1.,-0.,-0.));
#10509 = DIRECTION('',(0.,0.,-1.));
#10510 = ADVANCED_FACE('',(#10511),#10522,.T.);
#10511 = FACE_BOUND('',#10512,.T.);
#10512 = EDGE_LOOP('',(#10513,#10519,#10520,#10521));
#10513 = ORIENTED_EDGE('',*,*,#10514,.T.);
#10514 = EDGE_CURVE('',#7308,#7437,#10515,.T.);
#10515 = LINE('',#10516,#10517);
#10516 = CARTESIAN_POINT('',(-14.2,214.615,15.6));
#10517 = VECTOR('',#10518,1.);
#10518 = DIRECTION('',(1.,0.,0.));
#10519 = ORIENTED_EDGE('',*,*,#7436,.F.);
#10520 = ORIENTED_EDGE('',*,*,#7106,.T.);
#10521 = ORIENTED_EDGE('',*,*,#7307,.T.);
#10522 = PLANE('',#10523);
#10523 = AXIS2_PLACEMENT_3D('',#10524,#10525,#10526);
#10524 = CARTESIAN_POINT('',(42.,214.615,23.660707859848));
#10525 = DIRECTION('',(0.,1.,0.));
#10526 = DIRECTION('',(0.,-0.,1.));
#10527 = ADVANCED_FACE('',(#10528),#10539,.T.);
#10528 = FACE_BOUND('',#10529,.T.);
#10529 = EDGE_LOOP('',(#10530,#10536,#10537,#10538));
#10530 = ORIENTED_EDGE('',*,*,#10531,.T.);
#10531 = EDGE_CURVE('',#7146,#7275,#10532,.T.);
#10532 = LINE('',#10533,#10534);
#10533 = CARTESIAN_POINT('',(-56.2,214.615,15.6));
#10534 = VECTOR('',#10535,1.);
#10535 = DIRECTION('',(1.,0.,0.));
#10536 = ORIENTED_EDGE('',*,*,#7274,.F.);
#10537 = ORIENTED_EDGE('',*,*,#7083,.T.);
#10538 = ORIENTED_EDGE('',*,*,#7145,.T.);
#10539 = PLANE('',#10540);
#10540 = AXIS2_PLACEMENT_3D('',#10541,#10542,#10543);
#10541 = CARTESIAN_POINT('',(-42.,214.615,23.660707859848));
#10542 = DIRECTION('',(0.,1.,0.));
#10543 = DIRECTION('',(0.,-0.,1.));
#10544 = ADVANCED_FACE('',(#10545),#10551,.T.);
#10545 = FACE_BOUND('',#10546,.T.);
#10546 = EDGE_LOOP('',(#10547,#10548,#10549,#10550));
#10547 = ORIENTED_EDGE('',*,*,#7153,.T.);
#10548 = ORIENTED_EDGE('',*,*,#7508,.T.);
#10549 = ORIENTED_EDGE('',*,*,#7282,.F.);
#10550 = ORIENTED_EDGE('',*,*,#10531,.F.);
#10551 = PLANE('',#10552);
#10552 = AXIS2_PLACEMENT_3D('',#10553,#10554,#10555);
#10553 = CARTESIAN_POINT('',(-70.4,214.315,15.6));
#10554 = DIRECTION('',(0.,0.,1.));
#10555 = DIRECTION('',(1.,0.,-0.));
#10556 = ADVANCED_FACE('',(#10557),#10563,.T.);
#10557 = FACE_BOUND('',#10558,.T.);
#10558 = EDGE_LOOP('',(#10559,#10560,#10561,#10562));
#10559 = ORIENTED_EDGE('',*,*,#7315,.T.);
#10560 = ORIENTED_EDGE('',*,*,#7525,.T.);
#10561 = ORIENTED_EDGE('',*,*,#7444,.F.);
#10562 = ORIENTED_EDGE('',*,*,#10514,.F.);
#10563 = PLANE('',#10564);
#10564 = AXIS2_PLACEMENT_3D('',#10565,#10566,#10567);
#10565 = CARTESIAN_POINT('',(-70.4,214.315,15.6));
#10566 = DIRECTION('',(0.,0.,1.));
#10567 = DIRECTION('',(1.,0.,-0.));
#10568 = ADVANCED_FACE('',(#10569),#10580,.F.);
#10569 = FACE_BOUND('',#10570,.F.);
#10570 = EDGE_LOOP('',(#10571,#10572,#10578,#10579));
#10571 = ORIENTED_EDGE('',*,*,#7540,.F.);
#10572 = ORIENTED_EDGE('',*,*,#10573,.F.);
#10573 = EDGE_CURVE('',#7806,#7541,#10574,.T.);
#10574 = LINE('',#10575,#10576);
#10575 = CARTESIAN_POINT('',(-42.,190.18,36.9));
#10576 = VECTOR('',#10577,1.);
#10577 = DIRECTION('',(0.,1.,0.));
#10578 = ORIENTED_EDGE('',*,*,#7805,.T.);
#10579 = ORIENTED_EDGE('',*,*,#10573,.T.);
#10580 = CYLINDRICAL_SURFACE('',#10581,5.9);
#10581 = AXIS2_PLACEMENT_3D('',#10582,#10583,#10584);
#10582 = CARTESIAN_POINT('',(-42.,190.18,31.));
#10583 = DIRECTION('',(0.,1.,0.));
#10584 = DIRECTION('',(0.,-0.,1.));
#10585 = ADVANCED_FACE('',(#10586),#10597,.F.);
#10586 = FACE_BOUND('',#10587,.F.);
#10587 = EDGE_LOOP('',(#10588,#10589,#10595,#10596));
#10588 = ORIENTED_EDGE('',*,*,#7551,.F.);
#10589 = ORIENTED_EDGE('',*,*,#10590,.F.);
#10590 = EDGE_CURVE('',#7944,#7552,#10591,.T.);
#10591 = LINE('',#10592,#10593);
#10592 = CARTESIAN_POINT('',(42.,190.18,36.9));
#10593 = VECTOR('',#10594,1.);
#10594 = DIRECTION('',(0.,1.,0.));
#10595 = ORIENTED_EDGE('',*,*,#7943,.T.);
#10596 = ORIENTED_EDGE('',*,*,#10590,.T.);
#10597 = CYLINDRICAL_SURFACE('',#10598,5.9);
#10598 = AXIS2_PLACEMENT_3D('',#10599,#10600,#10601);
#10599 = CARTESIAN_POINT('',(42.,190.18,31.));
#10600 = DIRECTION('',(0.,1.,0.));
#10601 = DIRECTION('',(0.,-0.,1.));
#10602 = ADVANCED_FACE('',(#10603),#10609,.T.);
#10603 = FACE_BOUND('',#10604,.T.);
#10604 = EDGE_LOOP('',(#10605,#10606,#10607,#10608));
#10605 = ORIENTED_EDGE('',*,*,#7653,.F.);
#10606 = ORIENTED_EDGE('',*,*,#7608,.T.);
#10607 = ORIENTED_EDGE('',*,*,#7576,.T.);
#10608 = ORIENTED_EDGE('',*,*,#7795,.F.);
#10609 = PLANE('',#10610);
#10610 = AXIS2_PLACEMENT_3D('',#10611,#10612,#10613);
#10611 = CARTESIAN_POINT('',(-50.35,198.065,23.65));
#10612 = DIRECTION('',(0.,0.,1.));
#10613 = DIRECTION('',(1.,0.,-0.));
#10614 = ADVANCED_FACE('',(#10615),#10621,.T.);
#10615 = FACE_BOUND('',#10616,.T.);
#10616 = EDGE_LOOP('',(#10617,#10618,#10619,#10620));
#10617 = ORIENTED_EDGE('',*,*,#7968,.F.);
#10618 = ORIENTED_EDGE('',*,*,#8057,.T.);
#10619 = ORIENTED_EDGE('',*,*,#7830,.T.);
#10620 = ORIENTED_EDGE('',*,*,#7926,.F.);
#10621 = PLANE('',#10622);
#10622 = AXIS2_PLACEMENT_3D('',#10623,#10624,#10625);
#10623 = CARTESIAN_POINT('',(33.65,198.065,23.65));
#10624 = DIRECTION('',(0.,0.,1.));
#10625 = DIRECTION('',(1.,0.,-0.));
#10626 = ADVANCED_FACE('',(#10627),#10653,.T.);
#10627 = FACE_BOUND('',#10628,.T.);
#10628 = EDGE_LOOP('',(#10629,#10630,#10631,#10632,#10633,#10634,#10635,
    #10636,#10637,#10638,#10639,#10640,#10641,#10642,#10643,#10644,
    #10645,#10646,#10647,#10648,#10649,#10650,#10651,#10652));
#10629 = ORIENTED_EDGE('',*,*,#9138,.F.);
#10630 = ORIENTED_EDGE('',*,*,#10492,.T.);
#10631 = ORIENTED_EDGE('',*,*,#9214,.T.);
#10632 = ORIENTED_EDGE('',*,*,#9573,.T.);
#10633 = ORIENTED_EDGE('',*,*,#9538,.F.);
#10634 = ORIENTED_EDGE('',*,*,#9909,.F.);
#10635 = ORIENTED_EDGE('',*,*,#9940,.F.);
#10636 = ORIENTED_EDGE('',*,*,#9971,.F.);
#10637 = ORIENTED_EDGE('',*,*,#10002,.F.);
#10638 = ORIENTED_EDGE('',*,*,#10033,.F.);
#10639 = ORIENTED_EDGE('',*,*,#10064,.F.);
#10640 = ORIENTED_EDGE('',*,*,#10095,.F.);
#10641 = ORIENTED_EDGE('',*,*,#10126,.F.);
#10642 = ORIENTED_EDGE('',*,*,#10157,.F.);
#10643 = ORIENTED_EDGE('',*,*,#10188,.T.);
#10644 = ORIENTED_EDGE('',*,*,#10219,.T.);
#10645 = ORIENTED_EDGE('',*,*,#10250,.T.);
#10646 = ORIENTED_EDGE('',*,*,#10281,.T.);
#10647 = ORIENTED_EDGE('',*,*,#10312,.T.);
#10648 = ORIENTED_EDGE('',*,*,#10343,.T.);
#10649 = ORIENTED_EDGE('',*,*,#10374,.T.);
#10650 = ORIENTED_EDGE('',*,*,#10396,.T.);
#10651 = ORIENTED_EDGE('',*,*,#9340,.T.);
#10652 = ORIENTED_EDGE('',*,*,#9564,.T.);
#10653 = PLANE('',#10654);
#10654 = AXIS2_PLACEMENT_3D('',#10655,#10656,#10657);
#10655 = CARTESIAN_POINT('',(90.,220.,24.54));
#10656 = DIRECTION('',(0.,1.,0.));
#10657 = DIRECTION('',(0.,-0.,1.));
#10658 = ADVANCED_FACE('',(#10659),#10665,.T.);
#10659 = FACE_BOUND('',#10660,.T.);
#10660 = EDGE_LOOP('',(#10661,#10662,#10663,#10664));
#10661 = ORIENTED_EDGE('',*,*,#21,.T.);
#10662 = ORIENTED_EDGE('',*,*,#10499,.T.);
#10663 = ORIENTED_EDGE('',*,*,#9122,.F.);
#10664 = ORIENTED_EDGE('',*,*,#70,.F.);
#10665 = PLANE('',#10666);
#10666 = AXIS2_PLACEMENT_3D('',#10667,#10668,#10669);
#10667 = CARTESIAN_POINT('',(71.,18.,0.));
#10668 = DIRECTION('',(-0.,1.,0.));
#10669 = DIRECTION('',(0.,0.,1.));
#10670 = ADVANCED_FACE('',(#10671),#10682,.T.);
#10671 = FACE_BOUND('',#10672,.T.);
#10672 = EDGE_LOOP('',(#10673,#10674,#10675,#10676));
#10673 = ORIENTED_EDGE('',*,*,#10450,.F.);
#10674 = ORIENTED_EDGE('',*,*,#186,.F.);
#10675 = ORIENTED_EDGE('',*,*,#143,.T.);
#10676 = ORIENTED_EDGE('',*,*,#10677,.T.);
#10677 = EDGE_CURVE('',#135,#10451,#10678,.T.);
#10678 = LINE('',#10679,#10680);
#10679 = CARTESIAN_POINT('',(81.,-5.400873841802,-3.165147981523));
#10680 = VECTOR('',#10681,1.);
#10681 = DIRECTION('',(1.,0.,0.));
#10682 = CYLINDRICAL_SURFACE('',#10683,7.);
#10683 = AXIS2_PLACEMENT_3D('',#10684,#10685,#10686);
#10684 = CARTESIAN_POINT('',(81.,-12.,-5.5));
#10685 = DIRECTION('',(1.,0.,0.));
#10686 = DIRECTION('',(-0.,0.,1.));
#10687 = ADVANCED_FACE('',(#10688),#10699,.F.);
#10688 = FACE_BOUND('',#10689,.F.);
#10689 = EDGE_LOOP('',(#10690,#10691,#10697,#10698));
#10690 = ORIENTED_EDGE('',*,*,#10468,.F.);
#10691 = ORIENTED_EDGE('',*,*,#10692,.F.);
#10692 = EDGE_CURVE('',#153,#10469,#10693,.T.);
#10693 = LINE('',#10694,#10695);
#10694 = CARTESIAN_POINT('',(70.,-12.,-3.2));
#10695 = VECTOR('',#10696,1.);
#10696 = DIRECTION('',(1.,0.,0.));
#10697 = ORIENTED_EDGE('',*,*,#152,.T.);
#10698 = ORIENTED_EDGE('',*,*,#10692,.T.);
#10699 = CYLINDRICAL_SURFACE('',#10700,2.3);
#10700 = AXIS2_PLACEMENT_3D('',#10701,#10702,#10703);
#10701 = CARTESIAN_POINT('',(70.,-12.,-5.5));
#10702 = DIRECTION('',(1.,0.,0.));
#10703 = DIRECTION('',(-0.,0.,1.));
#10704 = ADVANCED_FACE('',(#10705,#10720,#10731),#10742,.T.);
#10705 = FACE_BOUND('',#10706,.T.);
#10706 = EDGE_LOOP('',(#10707,#10708,#10709,#10710,#10711,#10712,#10713,
    #10714));
#10707 = ORIENTED_EDGE('',*,*,#1201,.T.);
#10708 = ORIENTED_EDGE('',*,*,#210,.T.);
#10709 = ORIENTED_EDGE('',*,*,#449,.F.);
#10710 = ORIENTED_EDGE('',*,*,#1217,.T.);
#10711 = ORIENTED_EDGE('',*,*,#3770,.T.);
#10712 = ORIENTED_EDGE('',*,*,#1982,.T.);
#10713 = ORIENTED_EDGE('',*,*,#6812,.F.);
#10714 = ORIENTED_EDGE('',*,*,#10715,.F.);
#10715 = EDGE_CURVE('',#1193,#6804,#10716,.T.);
#10716 = LINE('',#10717,#10718);
#10717 = CARTESIAN_POINT('',(70.,6.26,0.));
#10718 = VECTOR('',#10719,1.);
#10719 = DIRECTION('',(1.,0.,0.));
#10720 = FACE_BOUND('',#10721,.T.);
#10721 = EDGE_LOOP('',(#10722));
#10722 = ORIENTED_EDGE('',*,*,#10723,.T.);
#10723 = EDGE_CURVE('',#10724,#10724,#10726,.T.);
#10724 = VERTEX_POINT('',#10725);
#10725 = CARTESIAN_POINT('',(-87.7,11.,0.));
#10726 = CIRCLE('',#10727,2.3);
#10727 = AXIS2_PLACEMENT_3D('',#10728,#10729,#10730);
#10728 = CARTESIAN_POINT('',(-90.,11.,0.));
#10729 = DIRECTION('',(0.,0.,1.));
#10730 = DIRECTION('',(1.,0.,-0.));
#10731 = FACE_BOUND('',#10732,.T.);
#10732 = EDGE_LOOP('',(#10733));
#10733 = ORIENTED_EDGE('',*,*,#10734,.T.);
#10734 = EDGE_CURVE('',#10735,#10735,#10737,.T.);
#10735 = VERTEX_POINT('',#10736);
#10736 = CARTESIAN_POINT('',(92.3,11.,0.));
#10737 = CIRCLE('',#10738,2.3);
#10738 = AXIS2_PLACEMENT_3D('',#10739,#10740,#10741);
#10739 = CARTESIAN_POINT('',(90.,11.,0.));
#10740 = DIRECTION('',(0.,0.,1.));
#10741 = DIRECTION('',(1.,0.,-0.));
#10742 = PLANE('',#10743);
#10743 = AXIS2_PLACEMENT_3D('',#10744,#10745,#10746);
#10744 = CARTESIAN_POINT('',(4.250151779906E-15,8.902742377669,0.));
#10745 = DIRECTION('',(-0.,-0.,-1.));
#10746 = DIRECTION('',(-1.,0.,0.));
#10747 = ADVANCED_FACE('',(#10748),#10767,.F.);
#10748 = FACE_BOUND('',#10749,.F.);
#10749 = EDGE_LOOP('',(#10750,#10751,#10759,#10766));
#10750 = ORIENTED_EDGE('',*,*,#10723,.T.);
#10751 = ORIENTED_EDGE('',*,*,#10752,.T.);
#10752 = EDGE_CURVE('',#10724,#10753,#10755,.T.);
#10753 = VERTEX_POINT('',#10754);
#10754 = CARTESIAN_POINT('',(-87.7,11.,3.));
#10755 = LINE('',#10756,#10757);
#10756 = CARTESIAN_POINT('',(-87.7,11.,-1.));
#10757 = VECTOR('',#10758,1.);
#10758 = DIRECTION('',(0.,0.,1.));
#10759 = ORIENTED_EDGE('',*,*,#10760,.F.);
#10760 = EDGE_CURVE('',#10753,#10753,#10761,.T.);
#10761 = CIRCLE('',#10762,2.3);
#10762 = AXIS2_PLACEMENT_3D('',#10763,#10764,#10765);
#10763 = CARTESIAN_POINT('',(-90.,11.,3.));
#10764 = DIRECTION('',(0.,0.,1.));
#10765 = DIRECTION('',(1.,0.,-0.));
#10766 = ORIENTED_EDGE('',*,*,#10752,.F.);
#10767 = CYLINDRICAL_SURFACE('',#10768,2.3);
#10768 = AXIS2_PLACEMENT_3D('',#10769,#10770,#10771);
#10769 = CARTESIAN_POINT('',(-90.,11.,-1.));
#10770 = DIRECTION('',(0.,0.,1.));
#10771 = DIRECTION('',(1.,0.,-0.));
#10772 = ADVANCED_FACE('',(#10773,#10855),#10858,.T.);
#10773 = FACE_BOUND('',#10774,.T.);
#10774 = EDGE_LOOP('',(#10775,#10785,#10793,#10801,#10809,#10817,#10825,
    #10833,#10841,#10849));
#10775 = ORIENTED_EDGE('',*,*,#10776,.T.);
#10776 = EDGE_CURVE('',#10777,#10779,#10781,.T.);
#10777 = VERTEX_POINT('',#10778);
#10778 = CARTESIAN_POINT('',(-86.3,8.863804003998,3.));
#10779 = VERTEX_POINT('',#10780);
#10780 = CARTESIAN_POINT('',(-86.3,13.136195996002,3.));
#10781 = LINE('',#10782,#10783);
#10782 = CARTESIAN_POINT('',(-86.3,8.863804003998,3.));
#10783 = VECTOR('',#10784,1.);
#10784 = DIRECTION('',(4.157757159748E-16,1.,0.));
#10785 = ORIENTED_EDGE('',*,*,#10786,.T.);
#10786 = EDGE_CURVE('',#10779,#10787,#10789,.T.);
#10787 = VERTEX_POINT('',#10788);
#10788 = CARTESIAN_POINT('',(-90.,15.272391992003,3.));
#10789 = LINE('',#10790,#10791);
#10790 = CARTESIAN_POINT('',(-86.3,13.136195996002,3.));
#10791 = VECTOR('',#10792,1.);
#10792 = DIRECTION('',(-0.866025403784,0.5,0.));
#10793 = ORIENTED_EDGE('',*,*,#10794,.T.);
#10794 = EDGE_CURVE('',#10787,#10795,#10797,.T.);
#10795 = VERTEX_POINT('',#10796);
#10796 = CARTESIAN_POINT('',(-93.45,13.280533563299,3.));
#10797 = LINE('',#10798,#10799);
#10798 = CARTESIAN_POINT('',(-90.,15.272391992003,3.));
#10799 = VECTOR('',#10800,1.);
#10800 = DIRECTION('',(-0.866025403784,-0.5,0.));
#10801 = ORIENTED_EDGE('',*,*,#10802,.T.);
#10802 = EDGE_CURVE('',#10795,#10803,#10805,.T.);
#10803 = VERTEX_POINT('',#10804);
#10804 = CARTESIAN_POINT('',(-93.45,14.7,3.));
#10805 = LINE('',#10806,#10807);
#10806 = CARTESIAN_POINT('',(-93.45,7.3,3.));
#10807 = VECTOR('',#10808,1.);
#10808 = DIRECTION('',(-0.,1.,0.));
#10809 = ORIENTED_EDGE('',*,*,#10810,.F.);
#10810 = EDGE_CURVE('',#10811,#10803,#10813,.T.);
#10811 = VERTEX_POINT('',#10812);
#10812 = CARTESIAN_POINT('',(-107.2,14.7,3.));
#10813 = LINE('',#10814,#10815);
#10814 = CARTESIAN_POINT('',(-107.2,14.7,3.));
#10815 = VECTOR('',#10816,1.);
#10816 = DIRECTION('',(1.,0.,-0.));
#10817 = ORIENTED_EDGE('',*,*,#10818,.F.);
#10818 = EDGE_CURVE('',#10819,#10811,#10821,.T.);
#10819 = VERTEX_POINT('',#10820);
#10820 = CARTESIAN_POINT('',(-107.2,7.3,3.));
#10821 = LINE('',#10822,#10823);
#10822 = CARTESIAN_POINT('',(-107.2,7.3,3.));
#10823 = VECTOR('',#10824,1.);
#10824 = DIRECTION('',(-0.,1.,0.));
#10825 = ORIENTED_EDGE('',*,*,#10826,.T.);
#10826 = EDGE_CURVE('',#10819,#10827,#10829,.T.);
#10827 = VERTEX_POINT('',#10828);
#10828 = CARTESIAN_POINT('',(-93.45,7.3,3.));
#10829 = LINE('',#10830,#10831);
#10830 = CARTESIAN_POINT('',(-107.2,7.3,3.));
#10831 = VECTOR('',#10832,1.);
#10832 = DIRECTION('',(1.,0.,-0.));
#10833 = ORIENTED_EDGE('',*,*,#10834,.T.);
#10834 = EDGE_CURVE('',#10827,#10835,#10837,.T.);
#10835 = VERTEX_POINT('',#10836);
#10836 = CARTESIAN_POINT('',(-93.45,8.719466436701,3.));
#10837 = LINE('',#10838,#10839);
#10838 = CARTESIAN_POINT('',(-93.45,7.3,3.));
#10839 = VECTOR('',#10840,1.);
#10840 = DIRECTION('',(-0.,1.,0.));
#10841 = ORIENTED_EDGE('',*,*,#10842,.T.);
#10842 = EDGE_CURVE('',#10835,#10843,#10845,.T.);
#10843 = VERTEX_POINT('',#10844);
#10844 = CARTESIAN_POINT('',(-90.,6.727608007997,3.));
#10845 = LINE('',#10846,#10847);
#10846 = CARTESIAN_POINT('',(-93.7,8.863804003998,3.));
#10847 = VECTOR('',#10848,1.);
#10848 = DIRECTION('',(0.866025403784,-0.5,0.));
#10849 = ORIENTED_EDGE('',*,*,#10850,.T.);
#10850 = EDGE_CURVE('',#10843,#10777,#10851,.T.);
#10851 = LINE('',#10852,#10853);
#10852 = CARTESIAN_POINT('',(-90.,6.727608007997,3.));
#10853 = VECTOR('',#10854,1.);
#10854 = DIRECTION('',(0.866025403784,0.5,0.));
#10855 = FACE_BOUND('',#10856,.T.);
#10856 = EDGE_LOOP('',(#10857));
#10857 = ORIENTED_EDGE('',*,*,#10760,.F.);
#10858 = PLANE('',#10859);
#10859 = AXIS2_PLACEMENT_3D('',#10860,#10861,#10862);
#10860 = CARTESIAN_POINT('',(-96.88850884903,11.,3.));
#10861 = DIRECTION('',(0.,0.,1.));
#10862 = DIRECTION('',(1.,0.,-0.));
#10863 = ADVANCED_FACE('',(#10864),#10889,.T.);
#10864 = FACE_BOUND('',#10865,.T.);
#10865 = EDGE_LOOP('',(#10866,#10874,#10882,#10888));
#10866 = ORIENTED_EDGE('',*,*,#10867,.T.);
#10867 = EDGE_CURVE('',#10777,#10868,#10870,.T.);
#10868 = VERTEX_POINT('',#10869);
#10869 = CARTESIAN_POINT('',(-86.3,8.863804003998,9.));
#10870 = LINE('',#10871,#10872);
#10871 = CARTESIAN_POINT('',(-86.3,8.863804003998,3.));
#10872 = VECTOR('',#10873,1.);
#10873 = DIRECTION('',(0.,0.,1.));
#10874 = ORIENTED_EDGE('',*,*,#10875,.T.);
#10875 = EDGE_CURVE('',#10868,#10876,#10878,.T.);
#10876 = VERTEX_POINT('',#10877);
#10877 = CARTESIAN_POINT('',(-86.3,13.136195996002,9.));
#10878 = LINE('',#10879,#10880);
#10879 = CARTESIAN_POINT('',(-86.3,8.863804003998,9.));
#10880 = VECTOR('',#10881,1.);
#10881 = DIRECTION('',(4.157757159748E-16,1.,0.));
#10882 = ORIENTED_EDGE('',*,*,#10883,.F.);
#10883 = EDGE_CURVE('',#10779,#10876,#10884,.T.);
#10884 = LINE('',#10885,#10886);
#10885 = CARTESIAN_POINT('',(-86.3,13.136195996002,3.));
#10886 = VECTOR('',#10887,1.);
#10887 = DIRECTION('',(0.,0.,1.));
#10888 = ORIENTED_EDGE('',*,*,#10776,.F.);
#10889 = PLANE('',#10890);
#10890 = AXIS2_PLACEMENT_3D('',#10891,#10892,#10893);
#10891 = CARTESIAN_POINT('',(-86.3,8.863804003998,3.));
#10892 = DIRECTION('',(-1.,4.157757159748E-16,0.));
#10893 = DIRECTION('',(4.157757159748E-16,1.,0.));
#10894 = ADVANCED_FACE('',(#10895),#10913,.T.);
#10895 = FACE_BOUND('',#10896,.T.);
#10896 = EDGE_LOOP('',(#10897,#10898,#10906,#10912));
#10897 = ORIENTED_EDGE('',*,*,#10883,.T.);
#10898 = ORIENTED_EDGE('',*,*,#10899,.T.);
#10899 = EDGE_CURVE('',#10876,#10900,#10902,.T.);
#10900 = VERTEX_POINT('',#10901);
#10901 = CARTESIAN_POINT('',(-90.,15.272391992003,9.));
#10902 = LINE('',#10903,#10904);
#10903 = CARTESIAN_POINT('',(-86.3,13.136195996002,9.));
#10904 = VECTOR('',#10905,1.);
#10905 = DIRECTION('',(-0.866025403784,0.5,0.));
#10906 = ORIENTED_EDGE('',*,*,#10907,.F.);
#10907 = EDGE_CURVE('',#10787,#10900,#10908,.T.);
#10908 = LINE('',#10909,#10910);
#10909 = CARTESIAN_POINT('',(-90.,15.272391992003,3.));
#10910 = VECTOR('',#10911,1.);
#10911 = DIRECTION('',(0.,0.,1.));
#10912 = ORIENTED_EDGE('',*,*,#10786,.F.);
#10913 = PLANE('',#10914);
#10914 = AXIS2_PLACEMENT_3D('',#10915,#10916,#10917);
#10915 = CARTESIAN_POINT('',(-86.3,13.136195996002,3.));
#10916 = DIRECTION('',(-0.5,-0.866025403784,0.));
#10917 = DIRECTION('',(-0.866025403784,0.5,0.));
#10918 = ADVANCED_FACE('',(#10919),#10937,.T.);
#10919 = FACE_BOUND('',#10920,.T.);
#10920 = EDGE_LOOP('',(#10921,#10922,#10923,#10931));
#10921 = ORIENTED_EDGE('',*,*,#10794,.F.);
#10922 = ORIENTED_EDGE('',*,*,#10907,.T.);
#10923 = ORIENTED_EDGE('',*,*,#10924,.T.);
#10924 = EDGE_CURVE('',#10900,#10925,#10927,.T.);
#10925 = VERTEX_POINT('',#10926);
#10926 = CARTESIAN_POINT('',(-93.45,13.280533563299,9.));
#10927 = LINE('',#10928,#10929);
#10928 = CARTESIAN_POINT('',(-90.,15.272391992003,9.));
#10929 = VECTOR('',#10930,1.);
#10930 = DIRECTION('',(-0.866025403784,-0.5,0.));
#10931 = ORIENTED_EDGE('',*,*,#10932,.F.);
#10932 = EDGE_CURVE('',#10795,#10925,#10933,.T.);
#10933 = LINE('',#10934,#10935);
#10934 = CARTESIAN_POINT('',(-93.45,13.280533563299,3.));
#10935 = VECTOR('',#10936,1.);
#10936 = DIRECTION('',(0.,0.,1.));
#10937 = PLANE('',#10938);
#10938 = AXIS2_PLACEMENT_3D('',#10939,#10940,#10941);
#10939 = CARTESIAN_POINT('',(-90.,15.272391992003,3.));
#10940 = DIRECTION('',(0.5,-0.866025403784,0.));
#10941 = DIRECTION('',(-0.866025403784,-0.5,0.));
#10942 = ADVANCED_FACE('',(#10943),#10961,.F.);
#10943 = FACE_BOUND('',#10944,.F.);
#10944 = EDGE_LOOP('',(#10945,#10953,#10954,#10955));
#10945 = ORIENTED_EDGE('',*,*,#10946,.F.);
#10946 = EDGE_CURVE('',#10925,#10947,#10949,.T.);
#10947 = VERTEX_POINT('',#10948);
#10948 = CARTESIAN_POINT('',(-93.45,14.7,9.));
#10949 = LINE('',#10950,#10951);
#10950 = CARTESIAN_POINT('',(-93.45,7.3,9.));
#10951 = VECTOR('',#10952,1.);
#10952 = DIRECTION('',(-0.,1.,0.));
#10953 = ORIENTED_EDGE('',*,*,#10932,.F.);
#10954 = ORIENTED_EDGE('',*,*,#10802,.T.);
#10955 = ORIENTED_EDGE('',*,*,#10956,.T.);
#10956 = EDGE_CURVE('',#10803,#10947,#10957,.T.);
#10957 = LINE('',#10958,#10959);
#10958 = CARTESIAN_POINT('',(-93.45,14.7,3.));
#10959 = VECTOR('',#10960,1.);
#10960 = DIRECTION('',(0.,0.,1.));
#10961 = PLANE('',#10962);
#10962 = AXIS2_PLACEMENT_3D('',#10963,#10964,#10965);
#10963 = CARTESIAN_POINT('',(-93.45,7.3,3.));
#10964 = DIRECTION('',(1.,0.,-0.));
#10965 = DIRECTION('',(0.,0.,1.));
#10966 = ADVANCED_FACE('',(#10967),#10985,.F.);
#10967 = FACE_BOUND('',#10968,.F.);
#10968 = EDGE_LOOP('',(#10969,#10970,#10978,#10984));
#10969 = ORIENTED_EDGE('',*,*,#10810,.F.);
#10970 = ORIENTED_EDGE('',*,*,#10971,.T.);
#10971 = EDGE_CURVE('',#10811,#10972,#10974,.T.);
#10972 = VERTEX_POINT('',#10973);
#10973 = CARTESIAN_POINT('',(-107.2,14.7,9.));
#10974 = LINE('',#10975,#10976);
#10975 = CARTESIAN_POINT('',(-107.2,14.7,3.));
#10976 = VECTOR('',#10977,1.);
#10977 = DIRECTION('',(0.,0.,1.));
#10978 = ORIENTED_EDGE('',*,*,#10979,.T.);
#10979 = EDGE_CURVE('',#10972,#10947,#10980,.T.);
#10980 = LINE('',#10981,#10982);
#10981 = CARTESIAN_POINT('',(-107.2,14.7,9.));
#10982 = VECTOR('',#10983,1.);
#10983 = DIRECTION('',(1.,0.,-0.));
#10984 = ORIENTED_EDGE('',*,*,#10956,.F.);
#10985 = PLANE('',#10986);
#10986 = AXIS2_PLACEMENT_3D('',#10987,#10988,#10989);
#10987 = CARTESIAN_POINT('',(-107.2,14.7,3.));
#10988 = DIRECTION('',(-0.,1.,0.));
#10989 = DIRECTION('',(0.,0.,1.));
#10990 = ADVANCED_FACE('',(#10991),#11009,.T.);
#10991 = FACE_BOUND('',#10992,.T.);
#10992 = EDGE_LOOP('',(#10993,#11001,#11002,#11003));
#10993 = ORIENTED_EDGE('',*,*,#10994,.F.);
#10994 = EDGE_CURVE('',#10819,#10995,#10997,.T.);
#10995 = VERTEX_POINT('',#10996);
#10996 = CARTESIAN_POINT('',(-107.2,7.3,9.));
#10997 = LINE('',#10998,#10999);
#10998 = CARTESIAN_POINT('',(-107.2,7.3,3.));
#10999 = VECTOR('',#11000,1.);
#11000 = DIRECTION('',(0.,0.,1.));
#11001 = ORIENTED_EDGE('',*,*,#10818,.T.);
#11002 = ORIENTED_EDGE('',*,*,#10971,.T.);
#11003 = ORIENTED_EDGE('',*,*,#11004,.F.);
#11004 = EDGE_CURVE('',#10995,#10972,#11005,.T.);
#11005 = LINE('',#11006,#11007);
#11006 = CARTESIAN_POINT('',(-107.2,7.3,9.));
#11007 = VECTOR('',#11008,1.);
#11008 = DIRECTION('',(-0.,1.,0.));
#11009 = PLANE('',#11010);
#11010 = AXIS2_PLACEMENT_3D('',#11011,#11012,#11013);
#11011 = CARTESIAN_POINT('',(-107.2,7.3,3.));
#11012 = DIRECTION('',(1.,0.,-0.));
#11013 = DIRECTION('',(0.,0.,1.));
#11014 = ADVANCED_FACE('',(#11015),#11033,.T.);
#11015 = FACE_BOUND('',#11016,.T.);
#11016 = EDGE_LOOP('',(#11017,#11018,#11019,#11027));
#11017 = ORIENTED_EDGE('',*,*,#10826,.F.);
#11018 = ORIENTED_EDGE('',*,*,#10994,.T.);
#11019 = ORIENTED_EDGE('',*,*,#11020,.T.);
#11020 = EDGE_CURVE('',#10995,#11021,#11023,.T.);
#11021 = VERTEX_POINT('',#11022);
#11022 = CARTESIAN_POINT('',(-93.45,7.3,9.));
#11023 = LINE('',#11024,#11025);
#11024 = CARTESIAN_POINT('',(-107.2,7.3,9.));
#11025 = VECTOR('',#11026,1.);
#11026 = DIRECTION('',(1.,0.,-0.));
#11027 = ORIENTED_EDGE('',*,*,#11028,.F.);
#11028 = EDGE_CURVE('',#10827,#11021,#11029,.T.);
#11029 = LINE('',#11030,#11031);
#11030 = CARTESIAN_POINT('',(-93.45,7.3,3.));
#11031 = VECTOR('',#11032,1.);
#11032 = DIRECTION('',(0.,0.,1.));
#11033 = PLANE('',#11034);
#11034 = AXIS2_PLACEMENT_3D('',#11035,#11036,#11037);
#11035 = CARTESIAN_POINT('',(-107.2,7.3,3.));
#11036 = DIRECTION('',(-0.,1.,0.));
#11037 = DIRECTION('',(0.,0.,1.));
#11038 = ADVANCED_FACE('',(#11039),#11057,.F.);
#11039 = FACE_BOUND('',#11040,.F.);
#11040 = EDGE_LOOP('',(#11041,#11049,#11050,#11051));
#11041 = ORIENTED_EDGE('',*,*,#11042,.F.);
#11042 = EDGE_CURVE('',#11021,#11043,#11045,.T.);
#11043 = VERTEX_POINT('',#11044);
#11044 = CARTESIAN_POINT('',(-93.45,8.719466436701,9.));
#11045 = LINE('',#11046,#11047);
#11046 = CARTESIAN_POINT('',(-93.45,7.3,9.));
#11047 = VECTOR('',#11048,1.);
#11048 = DIRECTION('',(-0.,1.,0.));
#11049 = ORIENTED_EDGE('',*,*,#11028,.F.);
#11050 = ORIENTED_EDGE('',*,*,#10834,.T.);
#11051 = ORIENTED_EDGE('',*,*,#11052,.F.);
#11052 = EDGE_CURVE('',#11043,#10835,#11053,.T.);
#11053 = LINE('',#11054,#11055);
#11054 = CARTESIAN_POINT('',(-93.45,8.719466436701,3.));
#11055 = VECTOR('',#11056,1.);
#11056 = DIRECTION('',(0.,0.,-1.));
#11057 = PLANE('',#11058);
#11058 = AXIS2_PLACEMENT_3D('',#11059,#11060,#11061);
#11059 = CARTESIAN_POINT('',(-93.45,7.3,3.));
#11060 = DIRECTION('',(1.,0.,-0.));
#11061 = DIRECTION('',(0.,0.,1.));
#11062 = ADVANCED_FACE('',(#11063),#11081,.T.);
#11063 = FACE_BOUND('',#11064,.T.);
#11064 = EDGE_LOOP('',(#11065,#11066,#11067,#11075));
#11065 = ORIENTED_EDGE('',*,*,#10842,.F.);
#11066 = ORIENTED_EDGE('',*,*,#11052,.F.);
#11067 = ORIENTED_EDGE('',*,*,#11068,.T.);
#11068 = EDGE_CURVE('',#11043,#11069,#11071,.T.);
#11069 = VERTEX_POINT('',#11070);
#11070 = CARTESIAN_POINT('',(-90.,6.727608007997,9.));
#11071 = LINE('',#11072,#11073);
#11072 = CARTESIAN_POINT('',(-93.7,8.863804003998,9.));
#11073 = VECTOR('',#11074,1.);
#11074 = DIRECTION('',(0.866025403784,-0.5,0.));
#11075 = ORIENTED_EDGE('',*,*,#11076,.F.);
#11076 = EDGE_CURVE('',#10843,#11069,#11077,.T.);
#11077 = LINE('',#11078,#11079);
#11078 = CARTESIAN_POINT('',(-90.,6.727608007997,3.));
#11079 = VECTOR('',#11080,1.);
#11080 = DIRECTION('',(0.,0.,1.));
#11081 = PLANE('',#11082);
#11082 = AXIS2_PLACEMENT_3D('',#11083,#11084,#11085);
#11083 = CARTESIAN_POINT('',(-93.7,8.863804003998,3.));
#11084 = DIRECTION('',(0.5,0.866025403784,-0.));
#11085 = DIRECTION('',(0.866025403784,-0.5,0.));
#11086 = ADVANCED_FACE('',(#11087),#11098,.T.);
#11087 = FACE_BOUND('',#11088,.T.);
#11088 = EDGE_LOOP('',(#11089,#11090,#11096,#11097));
#11089 = ORIENTED_EDGE('',*,*,#11076,.T.);
#11090 = ORIENTED_EDGE('',*,*,#11091,.T.);
#11091 = EDGE_CURVE('',#11069,#10868,#11092,.T.);
#11092 = LINE('',#11093,#11094);
#11093 = CARTESIAN_POINT('',(-90.,6.727608007997,9.));
#11094 = VECTOR('',#11095,1.);
#11095 = DIRECTION('',(0.866025403784,0.5,0.));
#11096 = ORIENTED_EDGE('',*,*,#10867,.F.);
#11097 = ORIENTED_EDGE('',*,*,#10850,.F.);
#11098 = PLANE('',#11099);
#11099 = AXIS2_PLACEMENT_3D('',#11100,#11101,#11102);
#11100 = CARTESIAN_POINT('',(-90.,6.727608007997,3.));
#11101 = DIRECTION('',(-0.5,0.866025403784,0.));
#11102 = DIRECTION('',(0.866025403784,0.5,0.));
#11103 = ADVANCED_FACE('',(#11104),#11116,.T.);
#11104 = FACE_BOUND('',#11105,.T.);
#11105 = EDGE_LOOP('',(#11106,#11107,#11108,#11109,#11110,#11111,#11112,
    #11113,#11114,#11115));
#11106 = ORIENTED_EDGE('',*,*,#10875,.F.);
#11107 = ORIENTED_EDGE('',*,*,#11091,.F.);
#11108 = ORIENTED_EDGE('',*,*,#11068,.F.);
#11109 = ORIENTED_EDGE('',*,*,#11042,.F.);
#11110 = ORIENTED_EDGE('',*,*,#11020,.F.);
#11111 = ORIENTED_EDGE('',*,*,#11004,.T.);
#11112 = ORIENTED_EDGE('',*,*,#10979,.T.);
#11113 = ORIENTED_EDGE('',*,*,#10946,.F.);
#11114 = ORIENTED_EDGE('',*,*,#10924,.F.);
#11115 = ORIENTED_EDGE('',*,*,#10899,.F.);
#11116 = PLANE('',#11117);
#11117 = AXIS2_PLACEMENT_3D('',#11118,#11119,#11120);
#11118 = CARTESIAN_POINT('',(-96.88850884903,11.,9.));
#11119 = DIRECTION('',(-0.,-0.,-1.));
#11120 = DIRECTION('',(-1.,0.,0.));
#11121 = ADVANCED_FACE('',(#11122),#11141,.F.);
#11122 = FACE_BOUND('',#11123,.F.);
#11123 = EDGE_LOOP('',(#11124,#11125,#11133,#11140));
#11124 = ORIENTED_EDGE('',*,*,#10734,.T.);
#11125 = ORIENTED_EDGE('',*,*,#11126,.T.);
#11126 = EDGE_CURVE('',#10735,#11127,#11129,.T.);
#11127 = VERTEX_POINT('',#11128);
#11128 = CARTESIAN_POINT('',(92.3,11.,3.));
#11129 = LINE('',#11130,#11131);
#11130 = CARTESIAN_POINT('',(92.3,11.,-1.));
#11131 = VECTOR('',#11132,1.);
#11132 = DIRECTION('',(0.,0.,1.));
#11133 = ORIENTED_EDGE('',*,*,#11134,.F.);
#11134 = EDGE_CURVE('',#11127,#11127,#11135,.T.);
#11135 = CIRCLE('',#11136,2.3);
#11136 = AXIS2_PLACEMENT_3D('',#11137,#11138,#11139);
#11137 = CARTESIAN_POINT('',(90.,11.,3.));
#11138 = DIRECTION('',(0.,0.,1.));
#11139 = DIRECTION('',(1.,0.,-0.));
#11140 = ORIENTED_EDGE('',*,*,#11126,.F.);
#11141 = CYLINDRICAL_SURFACE('',#11142,2.3);
#11142 = AXIS2_PLACEMENT_3D('',#11143,#11144,#11145);
#11143 = CARTESIAN_POINT('',(90.,11.,-1.));
#11144 = DIRECTION('',(0.,0.,1.));
#11145 = DIRECTION('',(1.,0.,-0.));
#11146 = ADVANCED_FACE('',(#11147,#11229),#11232,.T.);
#11147 = FACE_BOUND('',#11148,.T.);
#11148 = EDGE_LOOP('',(#11149,#11159,#11167,#11175,#11183,#11191,#11199,
    #11207,#11215,#11223));
#11149 = ORIENTED_EDGE('',*,*,#11150,.T.);
#11150 = EDGE_CURVE('',#11151,#11153,#11155,.T.);
#11151 = VERTEX_POINT('',#11152);
#11152 = CARTESIAN_POINT('',(90.,6.727608007997,3.));
#11153 = VERTEX_POINT('',#11154);
#11154 = CARTESIAN_POINT('',(93.45,8.719466436701,3.));
#11155 = LINE('',#11156,#11157);
#11156 = CARTESIAN_POINT('',(90.,6.727608007997,3.));
#11157 = VECTOR('',#11158,1.);
#11158 = DIRECTION('',(0.866025403784,0.5,0.));
#11159 = ORIENTED_EDGE('',*,*,#11160,.F.);
#11160 = EDGE_CURVE('',#11161,#11153,#11163,.T.);
#11161 = VERTEX_POINT('',#11162);
#11162 = CARTESIAN_POINT('',(93.45,7.3,3.));
#11163 = LINE('',#11164,#11165);
#11164 = CARTESIAN_POINT('',(93.45,7.3,3.));
#11165 = VECTOR('',#11166,1.);
#11166 = DIRECTION('',(-0.,1.,0.));
#11167 = ORIENTED_EDGE('',*,*,#11168,.T.);
#11168 = EDGE_CURVE('',#11161,#11169,#11171,.T.);
#11169 = VERTEX_POINT('',#11170);
#11170 = CARTESIAN_POINT('',(107.2,7.3,3.));
#11171 = LINE('',#11172,#11173);
#11172 = CARTESIAN_POINT('',(93.45,7.3,3.));
#11173 = VECTOR('',#11174,1.);
#11174 = DIRECTION('',(1.,0.,-0.));
#11175 = ORIENTED_EDGE('',*,*,#11176,.T.);
#11176 = EDGE_CURVE('',#11169,#11177,#11179,.T.);
#11177 = VERTEX_POINT('',#11178);
#11178 = CARTESIAN_POINT('',(107.2,14.7,3.));
#11179 = LINE('',#11180,#11181);
#11180 = CARTESIAN_POINT('',(107.2,7.3,3.));
#11181 = VECTOR('',#11182,1.);
#11182 = DIRECTION('',(-0.,1.,0.));
#11183 = ORIENTED_EDGE('',*,*,#11184,.F.);
#11184 = EDGE_CURVE('',#11185,#11177,#11187,.T.);
#11185 = VERTEX_POINT('',#11186);
#11186 = CARTESIAN_POINT('',(93.45,14.7,3.));
#11187 = LINE('',#11188,#11189);
#11188 = CARTESIAN_POINT('',(93.45,14.7,3.));
#11189 = VECTOR('',#11190,1.);
#11190 = DIRECTION('',(1.,0.,-0.));
#11191 = ORIENTED_EDGE('',*,*,#11192,.F.);
#11192 = EDGE_CURVE('',#11193,#11185,#11195,.T.);
#11193 = VERTEX_POINT('',#11194);
#11194 = CARTESIAN_POINT('',(93.45,13.280533563299,3.));
#11195 = LINE('',#11196,#11197);
#11196 = CARTESIAN_POINT('',(93.45,7.3,3.));
#11197 = VECTOR('',#11198,1.);
#11198 = DIRECTION('',(-0.,1.,0.));
#11199 = ORIENTED_EDGE('',*,*,#11200,.T.);
#11200 = EDGE_CURVE('',#11193,#11201,#11203,.T.);
#11201 = VERTEX_POINT('',#11202);
#11202 = CARTESIAN_POINT('',(90.,15.272391992003,3.));
#11203 = LINE('',#11204,#11205);
#11204 = CARTESIAN_POINT('',(93.7,13.136195996002,3.));
#11205 = VECTOR('',#11206,1.);
#11206 = DIRECTION('',(-0.866025403784,0.5,0.));
#11207 = ORIENTED_EDGE('',*,*,#11208,.T.);
#11208 = EDGE_CURVE('',#11201,#11209,#11211,.T.);
#11209 = VERTEX_POINT('',#11210);
#11210 = CARTESIAN_POINT('',(86.3,13.136195996002,3.));
#11211 = LINE('',#11212,#11213);
#11212 = CARTESIAN_POINT('',(90.,15.272391992003,3.));
#11213 = VECTOR('',#11214,1.);
#11214 = DIRECTION('',(-0.866025403784,-0.5,0.));
#11215 = ORIENTED_EDGE('',*,*,#11216,.T.);
#11216 = EDGE_CURVE('',#11209,#11217,#11219,.T.);
#11217 = VERTEX_POINT('',#11218);
#11218 = CARTESIAN_POINT('',(86.3,8.863804003998,3.));
#11219 = LINE('',#11220,#11221);
#11220 = CARTESIAN_POINT('',(86.3,13.136195996002,3.));
#11221 = VECTOR('',#11222,1.);
#11222 = DIRECTION('',(1.039439289937E-16,-1.,0.));
#11223 = ORIENTED_EDGE('',*,*,#11224,.T.);
#11224 = EDGE_CURVE('',#11217,#11151,#11225,.T.);
#11225 = LINE('',#11226,#11227);
#11226 = CARTESIAN_POINT('',(86.3,8.863804003998,3.));
#11227 = VECTOR('',#11228,1.);
#11228 = DIRECTION('',(0.866025403784,-0.5,0.));
#11229 = FACE_BOUND('',#11230,.T.);
#11230 = EDGE_LOOP('',(#11231));
#11231 = ORIENTED_EDGE('',*,*,#11134,.F.);
#11232 = PLANE('',#11233);
#11233 = AXIS2_PLACEMENT_3D('',#11234,#11235,#11236);
#11234 = CARTESIAN_POINT('',(96.888508849033,11.,3.));
#11235 = DIRECTION('',(0.,0.,1.));
#11236 = DIRECTION('',(1.,0.,-0.));
#11237 = ADVANCED_FACE('',(#11238),#11263,.T.);
#11238 = FACE_BOUND('',#11239,.T.);
#11239 = EDGE_LOOP('',(#11240,#11241,#11249,#11257));
#11240 = ORIENTED_EDGE('',*,*,#11150,.F.);
#11241 = ORIENTED_EDGE('',*,*,#11242,.T.);
#11242 = EDGE_CURVE('',#11151,#11243,#11245,.T.);
#11243 = VERTEX_POINT('',#11244);
#11244 = CARTESIAN_POINT('',(90.,6.727608007997,9.));
#11245 = LINE('',#11246,#11247);
#11246 = CARTESIAN_POINT('',(90.,6.727608007997,3.));
#11247 = VECTOR('',#11248,1.);
#11248 = DIRECTION('',(0.,0.,1.));
#11249 = ORIENTED_EDGE('',*,*,#11250,.T.);
#11250 = EDGE_CURVE('',#11243,#11251,#11253,.T.);
#11251 = VERTEX_POINT('',#11252);
#11252 = CARTESIAN_POINT('',(93.45,8.719466436701,9.));
#11253 = LINE('',#11254,#11255);
#11254 = CARTESIAN_POINT('',(90.,6.727608007997,9.));
#11255 = VECTOR('',#11256,1.);
#11256 = DIRECTION('',(0.866025403784,0.5,0.));
#11257 = ORIENTED_EDGE('',*,*,#11258,.T.);
#11258 = EDGE_CURVE('',#11251,#11153,#11259,.T.);
#11259 = LINE('',#11260,#11261);
#11260 = CARTESIAN_POINT('',(93.45,8.719466436701,3.));
#11261 = VECTOR('',#11262,1.);
#11262 = DIRECTION('',(-0.,0.,-1.));
#11263 = PLANE('',#11264);
#11264 = AXIS2_PLACEMENT_3D('',#11265,#11266,#11267);
#11265 = CARTESIAN_POINT('',(90.,6.727608007997,3.));
#11266 = DIRECTION('',(-0.5,0.866025403784,0.));
#11267 = DIRECTION('',(0.866025403784,0.5,0.));
#11268 = ADVANCED_FACE('',(#11269),#11287,.T.);
#11269 = FACE_BOUND('',#11270,.T.);
#11270 = EDGE_LOOP('',(#11271,#11279,#11285,#11286));
#11271 = ORIENTED_EDGE('',*,*,#11272,.F.);
#11272 = EDGE_CURVE('',#11273,#11251,#11275,.T.);
#11273 = VERTEX_POINT('',#11274);
#11274 = CARTESIAN_POINT('',(93.45,7.3,9.));
#11275 = LINE('',#11276,#11277);
#11276 = CARTESIAN_POINT('',(93.45,7.3,9.));
#11277 = VECTOR('',#11278,1.);
#11278 = DIRECTION('',(-0.,1.,0.));
#11279 = ORIENTED_EDGE('',*,*,#11280,.F.);
#11280 = EDGE_CURVE('',#11161,#11273,#11281,.T.);
#11281 = LINE('',#11282,#11283);
#11282 = CARTESIAN_POINT('',(93.45,7.3,3.));
#11283 = VECTOR('',#11284,1.);
#11284 = DIRECTION('',(0.,0.,1.));
#11285 = ORIENTED_EDGE('',*,*,#11160,.T.);
#11286 = ORIENTED_EDGE('',*,*,#11258,.F.);
#11287 = PLANE('',#11288);
#11288 = AXIS2_PLACEMENT_3D('',#11289,#11290,#11291);
#11289 = CARTESIAN_POINT('',(93.45,7.3,3.));
#11290 = DIRECTION('',(1.,0.,-0.));
#11291 = DIRECTION('',(0.,0.,1.));
#11292 = ADVANCED_FACE('',(#11293),#11311,.T.);
#11293 = FACE_BOUND('',#11294,.T.);
#11294 = EDGE_LOOP('',(#11295,#11296,#11297,#11305));
#11295 = ORIENTED_EDGE('',*,*,#11168,.F.);
#11296 = ORIENTED_EDGE('',*,*,#11280,.T.);
#11297 = ORIENTED_EDGE('',*,*,#11298,.T.);
#11298 = EDGE_CURVE('',#11273,#11299,#11301,.T.);
#11299 = VERTEX_POINT('',#11300);
#11300 = CARTESIAN_POINT('',(107.2,7.3,9.));
#11301 = LINE('',#11302,#11303);
#11302 = CARTESIAN_POINT('',(93.45,7.3,9.));
#11303 = VECTOR('',#11304,1.);
#11304 = DIRECTION('',(1.,0.,-0.));
#11305 = ORIENTED_EDGE('',*,*,#11306,.F.);
#11306 = EDGE_CURVE('',#11169,#11299,#11307,.T.);
#11307 = LINE('',#11308,#11309);
#11308 = CARTESIAN_POINT('',(107.2,7.3,3.));
#11309 = VECTOR('',#11310,1.);
#11310 = DIRECTION('',(0.,0.,1.));
#11311 = PLANE('',#11312);
#11312 = AXIS2_PLACEMENT_3D('',#11313,#11314,#11315);
#11313 = CARTESIAN_POINT('',(93.45,7.3,3.));
#11314 = DIRECTION('',(-0.,1.,0.));
#11315 = DIRECTION('',(0.,0.,1.));
#11316 = ADVANCED_FACE('',(#11317),#11335,.F.);
#11317 = FACE_BOUND('',#11318,.F.);
#11318 = EDGE_LOOP('',(#11319,#11320,#11321,#11329));
#11319 = ORIENTED_EDGE('',*,*,#11306,.F.);
#11320 = ORIENTED_EDGE('',*,*,#11176,.T.);
#11321 = ORIENTED_EDGE('',*,*,#11322,.T.);
#11322 = EDGE_CURVE('',#11177,#11323,#11325,.T.);
#11323 = VERTEX_POINT('',#11324);
#11324 = CARTESIAN_POINT('',(107.2,14.7,9.));
#11325 = LINE('',#11326,#11327);
#11326 = CARTESIAN_POINT('',(107.2,14.7,3.));
#11327 = VECTOR('',#11328,1.);
#11328 = DIRECTION('',(0.,0.,1.));
#11329 = ORIENTED_EDGE('',*,*,#11330,.F.);
#11330 = EDGE_CURVE('',#11299,#11323,#11331,.T.);
#11331 = LINE('',#11332,#11333);
#11332 = CARTESIAN_POINT('',(107.2,7.3,9.));
#11333 = VECTOR('',#11334,1.);
#11334 = DIRECTION('',(-0.,1.,0.));
#11335 = PLANE('',#11336);
#11336 = AXIS2_PLACEMENT_3D('',#11337,#11338,#11339);
#11337 = CARTESIAN_POINT('',(107.2,7.3,3.));
#11338 = DIRECTION('',(1.,0.,-0.));
#11339 = DIRECTION('',(0.,0.,1.));
#11340 = ADVANCED_FACE('',(#11341),#11359,.F.);
#11341 = FACE_BOUND('',#11342,.F.);
#11342 = EDGE_LOOP('',(#11343,#11344,#11352,#11358));
#11343 = ORIENTED_EDGE('',*,*,#11184,.F.);
#11344 = ORIENTED_EDGE('',*,*,#11345,.T.);
#11345 = EDGE_CURVE('',#11185,#11346,#11348,.T.);
#11346 = VERTEX_POINT('',#11347);
#11347 = CARTESIAN_POINT('',(93.45,14.7,9.));
#11348 = LINE('',#11349,#11350);
#11349 = CARTESIAN_POINT('',(93.45,14.7,3.));
#11350 = VECTOR('',#11351,1.);
#11351 = DIRECTION('',(0.,0.,1.));
#11352 = ORIENTED_EDGE('',*,*,#11353,.T.);
#11353 = EDGE_CURVE('',#11346,#11323,#11354,.T.);
#11354 = LINE('',#11355,#11356);
#11355 = CARTESIAN_POINT('',(93.45,14.7,9.));
#11356 = VECTOR('',#11357,1.);
#11357 = DIRECTION('',(1.,0.,-0.));
#11358 = ORIENTED_EDGE('',*,*,#11322,.F.);
#11359 = PLANE('',#11360);
#11360 = AXIS2_PLACEMENT_3D('',#11361,#11362,#11363);
#11361 = CARTESIAN_POINT('',(93.45,14.7,3.));
#11362 = DIRECTION('',(-0.,1.,0.));
#11363 = DIRECTION('',(0.,0.,1.));
#11364 = ADVANCED_FACE('',(#11365),#11383,.T.);
#11365 = FACE_BOUND('',#11366,.T.);
#11366 = EDGE_LOOP('',(#11367,#11375,#11381,#11382));
#11367 = ORIENTED_EDGE('',*,*,#11368,.F.);
#11368 = EDGE_CURVE('',#11369,#11346,#11371,.T.);
#11369 = VERTEX_POINT('',#11370);
#11370 = CARTESIAN_POINT('',(93.45,13.280533563299,9.));
#11371 = LINE('',#11372,#11373);
#11372 = CARTESIAN_POINT('',(93.45,7.3,9.));
#11373 = VECTOR('',#11374,1.);
#11374 = DIRECTION('',(-0.,1.,0.));
#11375 = ORIENTED_EDGE('',*,*,#11376,.F.);
#11376 = EDGE_CURVE('',#11193,#11369,#11377,.T.);
#11377 = LINE('',#11378,#11379);
#11378 = CARTESIAN_POINT('',(93.45,13.280533563299,3.));
#11379 = VECTOR('',#11380,1.);
#11380 = DIRECTION('',(0.,0.,1.));
#11381 = ORIENTED_EDGE('',*,*,#11192,.T.);
#11382 = ORIENTED_EDGE('',*,*,#11345,.T.);
#11383 = PLANE('',#11384);
#11384 = AXIS2_PLACEMENT_3D('',#11385,#11386,#11387);
#11385 = CARTESIAN_POINT('',(93.45,7.3,3.));
#11386 = DIRECTION('',(1.,0.,-0.));
#11387 = DIRECTION('',(0.,0.,1.));
#11388 = ADVANCED_FACE('',(#11389),#11407,.T.);
#11389 = FACE_BOUND('',#11390,.T.);
#11390 = EDGE_LOOP('',(#11391,#11392,#11393,#11401));
#11391 = ORIENTED_EDGE('',*,*,#11200,.F.);
#11392 = ORIENTED_EDGE('',*,*,#11376,.T.);
#11393 = ORIENTED_EDGE('',*,*,#11394,.T.);
#11394 = EDGE_CURVE('',#11369,#11395,#11397,.T.);
#11395 = VERTEX_POINT('',#11396);
#11396 = CARTESIAN_POINT('',(90.,15.272391992003,9.));
#11397 = LINE('',#11398,#11399);
#11398 = CARTESIAN_POINT('',(93.7,13.136195996002,9.));
#11399 = VECTOR('',#11400,1.);
#11400 = DIRECTION('',(-0.866025403784,0.5,0.));
#11401 = ORIENTED_EDGE('',*,*,#11402,.F.);
#11402 = EDGE_CURVE('',#11201,#11395,#11403,.T.);
#11403 = LINE('',#11404,#11405);
#11404 = CARTESIAN_POINT('',(90.,15.272391992003,3.));
#11405 = VECTOR('',#11406,1.);
#11406 = DIRECTION('',(0.,0.,1.));
#11407 = PLANE('',#11408);
#11408 = AXIS2_PLACEMENT_3D('',#11409,#11410,#11411);
#11409 = CARTESIAN_POINT('',(93.7,13.136195996002,3.));
#11410 = DIRECTION('',(-0.5,-0.866025403784,0.));
#11411 = DIRECTION('',(-0.866025403784,0.5,0.));
#11412 = ADVANCED_FACE('',(#11413),#11431,.T.);
#11413 = FACE_BOUND('',#11414,.T.);
#11414 = EDGE_LOOP('',(#11415,#11416,#11424,#11430));
#11415 = ORIENTED_EDGE('',*,*,#11402,.T.);
#11416 = ORIENTED_EDGE('',*,*,#11417,.T.);
#11417 = EDGE_CURVE('',#11395,#11418,#11420,.T.);
#11418 = VERTEX_POINT('',#11419);
#11419 = CARTESIAN_POINT('',(86.3,13.136195996002,9.));
#11420 = LINE('',#11421,#11422);
#11421 = CARTESIAN_POINT('',(90.,15.272391992003,9.));
#11422 = VECTOR('',#11423,1.);
#11423 = DIRECTION('',(-0.866025403784,-0.5,0.));
#11424 = ORIENTED_EDGE('',*,*,#11425,.F.);
#11425 = EDGE_CURVE('',#11209,#11418,#11426,.T.);
#11426 = LINE('',#11427,#11428);
#11427 = CARTESIAN_POINT('',(86.3,13.136195996002,3.));
#11428 = VECTOR('',#11429,1.);
#11429 = DIRECTION('',(0.,0.,1.));
#11430 = ORIENTED_EDGE('',*,*,#11208,.F.);
#11431 = PLANE('',#11432);
#11432 = AXIS2_PLACEMENT_3D('',#11433,#11434,#11435);
#11433 = CARTESIAN_POINT('',(90.,15.272391992003,3.));
#11434 = DIRECTION('',(0.5,-0.866025403784,0.));
#11435 = DIRECTION('',(-0.866025403784,-0.5,0.));
#11436 = ADVANCED_FACE('',(#11437),#11455,.T.);
#11437 = FACE_BOUND('',#11438,.T.);
#11438 = EDGE_LOOP('',(#11439,#11440,#11448,#11454));
#11439 = ORIENTED_EDGE('',*,*,#11425,.T.);
#11440 = ORIENTED_EDGE('',*,*,#11441,.T.);
#11441 = EDGE_CURVE('',#11418,#11442,#11444,.T.);
#11442 = VERTEX_POINT('',#11443);
#11443 = CARTESIAN_POINT('',(86.3,8.863804003998,9.));
#11444 = LINE('',#11445,#11446);
#11445 = CARTESIAN_POINT('',(86.3,13.136195996002,9.));
#11446 = VECTOR('',#11447,1.);
#11447 = DIRECTION('',(1.039439289937E-16,-1.,0.));
#11448 = ORIENTED_EDGE('',*,*,#11449,.F.);
#11449 = EDGE_CURVE('',#11217,#11442,#11450,.T.);
#11450 = LINE('',#11451,#11452);
#11451 = CARTESIAN_POINT('',(86.3,8.863804003998,3.));
#11452 = VECTOR('',#11453,1.);
#11453 = DIRECTION('',(0.,0.,1.));
#11454 = ORIENTED_EDGE('',*,*,#11216,.F.);
#11455 = PLANE('',#11456);
#11456 = AXIS2_PLACEMENT_3D('',#11457,#11458,#11459);
#11457 = CARTESIAN_POINT('',(86.3,13.136195996002,3.));
#11458 = DIRECTION('',(1.,1.039439289937E-16,-0.));
#11459 = DIRECTION('',(1.039439289937E-16,-1.,0.));
#11460 = ADVANCED_FACE('',(#11461),#11472,.T.);
#11461 = FACE_BOUND('',#11462,.T.);
#11462 = EDGE_LOOP('',(#11463,#11464,#11470,#11471));
#11463 = ORIENTED_EDGE('',*,*,#11449,.T.);
#11464 = ORIENTED_EDGE('',*,*,#11465,.T.);
#11465 = EDGE_CURVE('',#11442,#11243,#11466,.T.);
#11466 = LINE('',#11467,#11468);
#11467 = CARTESIAN_POINT('',(86.3,8.863804003998,9.));
#11468 = VECTOR('',#11469,1.);
#11469 = DIRECTION('',(0.866025403784,-0.5,0.));
#11470 = ORIENTED_EDGE('',*,*,#11242,.F.);
#11471 = ORIENTED_EDGE('',*,*,#11224,.F.);
#11472 = PLANE('',#11473);
#11473 = AXIS2_PLACEMENT_3D('',#11474,#11475,#11476);
#11474 = CARTESIAN_POINT('',(86.3,8.863804003998,3.));
#11475 = DIRECTION('',(0.5,0.866025403784,-0.));
#11476 = DIRECTION('',(0.866025403784,-0.5,0.));
#11477 = ADVANCED_FACE('',(#11478),#11490,.T.);
#11478 = FACE_BOUND('',#11479,.T.);
#11479 = EDGE_LOOP('',(#11480,#11481,#11482,#11483,#11484,#11485,#11486,
    #11487,#11488,#11489));
#11480 = ORIENTED_EDGE('',*,*,#11250,.F.);
#11481 = ORIENTED_EDGE('',*,*,#11465,.F.);
#11482 = ORIENTED_EDGE('',*,*,#11441,.F.);
#11483 = ORIENTED_EDGE('',*,*,#11417,.F.);
#11484 = ORIENTED_EDGE('',*,*,#11394,.F.);
#11485 = ORIENTED_EDGE('',*,*,#11368,.T.);
#11486 = ORIENTED_EDGE('',*,*,#11353,.T.);
#11487 = ORIENTED_EDGE('',*,*,#11330,.F.);
#11488 = ORIENTED_EDGE('',*,*,#11298,.F.);
#11489 = ORIENTED_EDGE('',*,*,#11272,.T.);
#11490 = PLANE('',#11491);
#11491 = AXIS2_PLACEMENT_3D('',#11492,#11493,#11494);
#11492 = CARTESIAN_POINT('',(96.888508849033,11.,9.));
#11493 = DIRECTION('',(-0.,-0.,-1.));
#11494 = DIRECTION('',(-1.,0.,0.));
#11495 = ADVANCED_FACE('',(#11496),#11544,.T.);
#11496 = FACE_BOUND('',#11497,.T.);
#11497 = EDGE_LOOP('',(#11498,#11499,#11505,#11506,#11514,#11522,#11530,
    #11538));
#11498 = ORIENTED_EDGE('',*,*,#5284,.T.);
#11499 = ORIENTED_EDGE('',*,*,#11500,.T.);
#11500 = EDGE_CURVE('',#5287,#127,#11501,.T.);
#11501 = LINE('',#11502,#11503);
#11502 = CARTESIAN_POINT('',(-110.,-6.26,0.));
#11503 = VECTOR('',#11504,1.);
#11504 = DIRECTION('',(1.,0.,0.));
#11505 = ORIENTED_EDGE('',*,*,#126,.F.);
#11506 = ORIENTED_EDGE('',*,*,#11507,.F.);
#11507 = EDGE_CURVE('',#11508,#119,#11510,.T.);
#11508 = VERTEX_POINT('',#11509);
#11509 = CARTESIAN_POINT('',(71.,-8.,0.));
#11510 = LINE('',#11511,#11512);
#11511 = CARTESIAN_POINT('',(71.,-8.,0.));
#11512 = VECTOR('',#11513,1.);
#11513 = DIRECTION('',(1.,0.,-0.));
#11514 = ORIENTED_EDGE('',*,*,#11515,.T.);
#11515 = EDGE_CURVE('',#11508,#11516,#11518,.T.);
#11516 = VERTEX_POINT('',#11517);
#11517 = CARTESIAN_POINT('',(71.,-7.,0.));
#11518 = LINE('',#11519,#11520);
#11519 = CARTESIAN_POINT('',(71.,-8.,0.));
#11520 = VECTOR('',#11521,1.);
#11521 = DIRECTION('',(-0.,1.,0.));
#11522 = ORIENTED_EDGE('',*,*,#11523,.F.);
#11523 = EDGE_CURVE('',#11524,#11516,#11526,.T.);
#11524 = VERTEX_POINT('',#11525);
#11525 = CARTESIAN_POINT('',(-71.,-7.,0.));
#11526 = LINE('',#11527,#11528);
#11527 = CARTESIAN_POINT('',(-73.3,-7.,0.));
#11528 = VECTOR('',#11529,1.);
#11529 = DIRECTION('',(1.,0.,-0.));
#11530 = ORIENTED_EDGE('',*,*,#11531,.F.);
#11531 = EDGE_CURVE('',#11532,#11524,#11534,.T.);
#11532 = VERTEX_POINT('',#11533);
#11533 = CARTESIAN_POINT('',(-71.,-8.,0.));
#11534 = LINE('',#11535,#11536);
#11535 = CARTESIAN_POINT('',(-71.,-8.,0.));
#11536 = VECTOR('',#11537,1.);
#11537 = DIRECTION('',(-0.,1.,0.));
#11538 = ORIENTED_EDGE('',*,*,#11539,.F.);
#11539 = EDGE_CURVE('',#5285,#11532,#11540,.T.);
#11540 = LINE('',#11541,#11542);
#11541 = CARTESIAN_POINT('',(-109.,-8.,0.));
#11542 = VECTOR('',#11543,1.);
#11543 = DIRECTION('',(1.,0.,-0.));
#11544 = PLANE('',#11545);
#11545 = AXIS2_PLACEMENT_3D('',#11546,#11547,#11548);
#11546 = CARTESIAN_POINT('',(0.,-6.701263809639,0.));
#11547 = DIRECTION('',(-0.,-0.,-1.));
#11548 = DIRECTION('',(-1.,0.,0.));
#11549 = ADVANCED_FACE('',(#11550),#11575,.T.);
#11550 = FACE_BOUND('',#11551,.T.);
#11551 = EDGE_LOOP('',(#11552,#11562,#11568,#11569));
#11552 = ORIENTED_EDGE('',*,*,#11553,.T.);
#11553 = EDGE_CURVE('',#11554,#11556,#11558,.T.);
#11554 = VERTEX_POINT('',#11555);
#11555 = CARTESIAN_POINT('',(-71.,-7.,10.));
#11556 = VERTEX_POINT('',#11557);
#11557 = CARTESIAN_POINT('',(-71.,-8.,10.));
#11558 = LINE('',#11559,#11560);
#11559 = CARTESIAN_POINT('',(-71.,-8.,10.));
#11560 = VECTOR('',#11561,1.);
#11561 = DIRECTION('',(0.,-1.,0.));
#11562 = ORIENTED_EDGE('',*,*,#11563,.F.);
#11563 = EDGE_CURVE('',#11532,#11556,#11564,.T.);
#11564 = LINE('',#11565,#11566);
#11565 = CARTESIAN_POINT('',(-71.,-8.,0.));
#11566 = VECTOR('',#11567,1.);
#11567 = DIRECTION('',(0.,0.,1.));
#11568 = ORIENTED_EDGE('',*,*,#11531,.T.);
#11569 = ORIENTED_EDGE('',*,*,#11570,.T.);
#11570 = EDGE_CURVE('',#11524,#11554,#11571,.T.);
#11571 = LINE('',#11572,#11573);
#11572 = CARTESIAN_POINT('',(-71.,-7.,0.));
#11573 = VECTOR('',#11574,1.);
#11574 = DIRECTION('',(0.,0.,1.));
#11575 = PLANE('',#11576);
#11576 = AXIS2_PLACEMENT_3D('',#11577,#11578,#11579);
#11577 = CARTESIAN_POINT('',(-71.,-8.,0.));
#11578 = DIRECTION('',(1.,0.,-0.));
#11579 = DIRECTION('',(0.,0.,1.));
#11580 = ADVANCED_FACE('',(#11581),#11606,.F.);
#11581 = FACE_BOUND('',#11582,.F.);
#11582 = EDGE_LOOP('',(#11583,#11584,#11592,#11600));
#11583 = ORIENTED_EDGE('',*,*,#11553,.T.);
#11584 = ORIENTED_EDGE('',*,*,#11585,.T.);
#11585 = EDGE_CURVE('',#11556,#11586,#11588,.T.);
#11586 = VERTEX_POINT('',#11587);
#11587 = CARTESIAN_POINT('',(71.,-8.,10.));
#11588 = LINE('',#11589,#11590);
#11589 = CARTESIAN_POINT('',(-73.3,-8.,10.));
#11590 = VECTOR('',#11591,1.);
#11591 = DIRECTION('',(1.,0.,-0.));
#11592 = ORIENTED_EDGE('',*,*,#11593,.F.);
#11593 = EDGE_CURVE('',#11594,#11586,#11596,.T.);
#11594 = VERTEX_POINT('',#11595);
#11595 = CARTESIAN_POINT('',(71.,-7.,10.));
#11596 = LINE('',#11597,#11598);
#11597 = CARTESIAN_POINT('',(71.,-8.,10.));
#11598 = VECTOR('',#11599,1.);
#11599 = DIRECTION('',(0.,-1.,0.));
#11600 = ORIENTED_EDGE('',*,*,#11601,.F.);
#11601 = EDGE_CURVE('',#11554,#11594,#11602,.T.);
#11602 = LINE('',#11603,#11604);
#11603 = CARTESIAN_POINT('',(-73.3,-7.,10.));
#11604 = VECTOR('',#11605,1.);
#11605 = DIRECTION('',(1.,0.,-0.));
#11606 = PLANE('',#11607);
#11607 = AXIS2_PLACEMENT_3D('',#11608,#11609,#11610);
#11608 = CARTESIAN_POINT('',(-73.3,-8.,10.));
#11609 = DIRECTION('',(0.,0.,1.));
#11610 = DIRECTION('',(1.,0.,-0.));
#11611 = ADVANCED_FACE('',(#11612),#11623,.F.);
#11612 = FACE_BOUND('',#11613,.F.);
#11613 = EDGE_LOOP('',(#11614,#11615,#11616,#11617));
#11614 = ORIENTED_EDGE('',*,*,#11523,.F.);
#11615 = ORIENTED_EDGE('',*,*,#11570,.T.);
#11616 = ORIENTED_EDGE('',*,*,#11601,.T.);
#11617 = ORIENTED_EDGE('',*,*,#11618,.F.);
#11618 = EDGE_CURVE('',#11516,#11594,#11619,.T.);
#11619 = LINE('',#11620,#11621);
#11620 = CARTESIAN_POINT('',(71.,-7.,0.));
#11621 = VECTOR('',#11622,1.);
#11622 = DIRECTION('',(0.,0.,1.));
#11623 = PLANE('',#11624);
#11624 = AXIS2_PLACEMENT_3D('',#11625,#11626,#11627);
#11625 = CARTESIAN_POINT('',(-73.3,-7.,0.));
#11626 = DIRECTION('',(-0.,1.,0.));
#11627 = DIRECTION('',(0.,0.,1.));
#11628 = ADVANCED_FACE('',(#11629),#11640,.F.);
#11629 = FACE_BOUND('',#11630,.F.);
#11630 = EDGE_LOOP('',(#11631,#11632,#11638,#11639));
#11631 = ORIENTED_EDGE('',*,*,#11593,.T.);
#11632 = ORIENTED_EDGE('',*,*,#11633,.F.);
#11633 = EDGE_CURVE('',#11508,#11586,#11634,.T.);
#11634 = LINE('',#11635,#11636);
#11635 = CARTESIAN_POINT('',(71.,-8.,0.));
#11636 = VECTOR('',#11637,1.);
#11637 = DIRECTION('',(0.,0.,1.));
#11638 = ORIENTED_EDGE('',*,*,#11515,.T.);
#11639 = ORIENTED_EDGE('',*,*,#11618,.T.);
#11640 = PLANE('',#11641);
#11641 = AXIS2_PLACEMENT_3D('',#11642,#11643,#11644);
#11642 = CARTESIAN_POINT('',(71.,-8.,0.));
#11643 = DIRECTION('',(1.,0.,-0.));
#11644 = DIRECTION('',(0.,0.,1.));
#11645 = ADVANCED_FACE('',(#11646,#11788,#11794),#11800,.T.);
#11646 = FACE_BOUND('',#11647,.T.);
#11647 = EDGE_LOOP('',(#11648,#11649,#11650,#11651,#11652,#11653,#11654,
    #11655,#11656,#11657,#11658,#11659,#11660,#11661,#11662,#11663,
    #11664,#11665,#11666,#11667,#11668,#11669,#11670,#11671,#11672,
    #11673,#11674,#11675,#11676,#11677,#11678,#11679,#11680,#11681,
    #11682,#11683,#11684,#11685,#11686,#11687,#11688,#11689,#11690,
    #11691,#11692,#11693,#11694,#11695,#11696,#11697,#11698,#11699,
    #11700,#11701,#11702,#11703,#11704,#11705,#11706,#11707,#11708,
    #11709,#11710,#11711,#11712,#11713,#11714,#11715,#11716,#11717,
    #11718,#11719,#11720,#11721,#11722,#11723,#11724,#11725,#11726,
    #11727,#11728,#11729,#11730,#11731,#11732,#11733,#11734,#11735,
    #11736,#11737,#11738,#11739,#11740,#11741,#11742,#11743,#11744,
    #11745,#11746,#11747,#11748,#11749,#11750,#11751,#11752,#11753,
    #11754,#11755,#11756,#11757,#11758,#11759,#11760,#11761,#11762,
    #11763,#11764,#11765,#11766,#11767,#11768,#11769,#11770,#11771,
    #11772,#11773,#11774,#11775,#11776,#11777,#11778,#11779,#11780,
    #11781,#11782,#11783,#11784,#11785,#11786,#11787));
#11648 = ORIENTED_EDGE('',*,*,#3794,.F.);
#11649 = ORIENTED_EDGE('',*,*,#5254,.T.);
#11650 = ORIENTED_EDGE('',*,*,#5294,.T.);
#11651 = ORIENTED_EDGE('',*,*,#11539,.T.);
#11652 = ORIENTED_EDGE('',*,*,#11563,.T.);
#11653 = ORIENTED_EDGE('',*,*,#11585,.T.);
#11654 = ORIENTED_EDGE('',*,*,#11633,.F.);
#11655 = ORIENTED_EDGE('',*,*,#11507,.T.);
#11656 = ORIENTED_EDGE('',*,*,#118,.F.);
#11657 = ORIENTED_EDGE('',*,*,#170,.T.);
#11658 = ORIENTED_EDGE('',*,*,#10443,.T.);
#11659 = ORIENTED_EDGE('',*,*,#10411,.T.);
#11660 = ORIENTED_EDGE('',*,*,#6778,.T.);
#11661 = ORIENTED_EDGE('',*,*,#6836,.F.);
#11662 = ORIENTED_EDGE('',*,*,#6859,.F.);
#11663 = ORIENTED_EDGE('',*,*,#9324,.F.);
#11664 = ORIENTED_EDGE('',*,*,#10389,.F.);
#11665 = ORIENTED_EDGE('',*,*,#10358,.F.);
#11666 = ORIENTED_EDGE('',*,*,#10327,.F.);
#11667 = ORIENTED_EDGE('',*,*,#10296,.F.);
#11668 = ORIENTED_EDGE('',*,*,#10265,.F.);
#11669 = ORIENTED_EDGE('',*,*,#10234,.F.);
#11670 = ORIENTED_EDGE('',*,*,#10203,.F.);
#11671 = ORIENTED_EDGE('',*,*,#10172,.F.);
#11672 = ORIENTED_EDGE('',*,*,#10141,.T.);
#11673 = ORIENTED_EDGE('',*,*,#10110,.T.);
#11674 = ORIENTED_EDGE('',*,*,#10079,.T.);
#11675 = ORIENTED_EDGE('',*,*,#10048,.T.);
#11676 = ORIENTED_EDGE('',*,*,#10017,.T.);
#11677 = ORIENTED_EDGE('',*,*,#9986,.T.);
#11678 = ORIENTED_EDGE('',*,*,#9955,.T.);
#11679 = ORIENTED_EDGE('',*,*,#9924,.T.);
#11680 = ORIENTED_EDGE('',*,*,#9893,.T.);
#11681 = ORIENTED_EDGE('',*,*,#9522,.T.);
#11682 = ORIENTED_EDGE('',*,*,#9498,.T.);
#11683 = ORIENTED_EDGE('',*,*,#9474,.T.);
#11684 = ORIENTED_EDGE('',*,*,#9450,.T.);
#11685 = ORIENTED_EDGE('',*,*,#9426,.T.);
#11686 = ORIENTED_EDGE('',*,*,#9402,.T.);
#11687 = ORIENTED_EDGE('',*,*,#9378,.T.);
#11688 = ORIENTED_EDGE('',*,*,#9354,.T.);
#11689 = ORIENTED_EDGE('',*,*,#6746,.T.);
#11690 = ORIENTED_EDGE('',*,*,#1942,.T.);
#11691 = ORIENTED_EDGE('',*,*,#2564,.F.);
#11692 = ORIENTED_EDGE('',*,*,#5572,.F.);
#11693 = ORIENTED_EDGE('',*,*,#5596,.F.);
#11694 = ORIENTED_EDGE('',*,*,#5620,.F.);
#11695 = ORIENTED_EDGE('',*,*,#5644,.F.);
#11696 = ORIENTED_EDGE('',*,*,#5668,.F.);
#11697 = ORIENTED_EDGE('',*,*,#5692,.F.);
#11698 = ORIENTED_EDGE('',*,*,#5716,.F.);
#11699 = ORIENTED_EDGE('',*,*,#5740,.F.);
#11700 = ORIENTED_EDGE('',*,*,#5764,.F.);
#11701 = ORIENTED_EDGE('',*,*,#5788,.F.);
#11702 = ORIENTED_EDGE('',*,*,#5814,.F.);
#11703 = ORIENTED_EDGE('',*,*,#8954,.F.);
#11704 = ORIENTED_EDGE('',*,*,#9876,.F.);
#11705 = ORIENTED_EDGE('',*,*,#9852,.F.);
#11706 = ORIENTED_EDGE('',*,*,#9828,.F.);
#11707 = ORIENTED_EDGE('',*,*,#9804,.F.);
#11708 = ORIENTED_EDGE('',*,*,#9780,.F.);
#11709 = ORIENTED_EDGE('',*,*,#9756,.F.);
#11710 = ORIENTED_EDGE('',*,*,#9732,.F.);
#11711 = ORIENTED_EDGE('',*,*,#9708,.T.);
#11712 = ORIENTED_EDGE('',*,*,#9684,.T.);
#11713 = ORIENTED_EDGE('',*,*,#9660,.T.);
#11714 = ORIENTED_EDGE('',*,*,#9636,.T.);
#11715 = ORIENTED_EDGE('',*,*,#9612,.T.);
#11716 = ORIENTED_EDGE('',*,*,#9588,.T.);
#11717 = ORIENTED_EDGE('',*,*,#9236,.T.);
#11718 = ORIENTED_EDGE('',*,*,#5900,.T.);
#11719 = ORIENTED_EDGE('',*,*,#5940,.T.);
#11720 = ORIENTED_EDGE('',*,*,#5964,.T.);
#11721 = ORIENTED_EDGE('',*,*,#6981,.F.);
#11722 = ORIENTED_EDGE('',*,*,#3760,.F.);
#11723 = ORIENTED_EDGE('',*,*,#1297,.F.);
#11724 = ORIENTED_EDGE('',*,*,#409,.T.);
#11725 = ORIENTED_EDGE('',*,*,#472,.F.);
#11726 = ORIENTED_EDGE('',*,*,#512,.F.);
#11727 = ORIENTED_EDGE('',*,*,#1330,.F.);
#11728 = ORIENTED_EDGE('',*,*,#5223,.F.);
#11729 = ORIENTED_EDGE('',*,*,#5208,.F.);
#11730 = ORIENTED_EDGE('',*,*,#5177,.F.);
#11731 = ORIENTED_EDGE('',*,*,#5146,.F.);
#11732 = ORIENTED_EDGE('',*,*,#5115,.F.);
#11733 = ORIENTED_EDGE('',*,*,#5084,.F.);
#11734 = ORIENTED_EDGE('',*,*,#5053,.F.);
#11735 = ORIENTED_EDGE('',*,*,#5022,.F.);
#11736 = ORIENTED_EDGE('',*,*,#4975,.T.);
#11737 = ORIENTED_EDGE('',*,*,#4944,.T.);
#11738 = ORIENTED_EDGE('',*,*,#4913,.T.);
#11739 = ORIENTED_EDGE('',*,*,#4882,.T.);
#11740 = ORIENTED_EDGE('',*,*,#4851,.T.);
#11741 = ORIENTED_EDGE('',*,*,#4820,.T.);
#11742 = ORIENTED_EDGE('',*,*,#4789,.T.);
#11743 = ORIENTED_EDGE('',*,*,#4758,.T.);
#11744 = ORIENTED_EDGE('',*,*,#4718,.T.);
#11745 = ORIENTED_EDGE('',*,*,#4694,.T.);
#11746 = ORIENTED_EDGE('',*,*,#4670,.T.);
#11747 = ORIENTED_EDGE('',*,*,#4646,.T.);
#11748 = ORIENTED_EDGE('',*,*,#4622,.T.);
#11749 = ORIENTED_EDGE('',*,*,#4598,.T.);
#11750 = ORIENTED_EDGE('',*,*,#4574,.T.);
#11751 = ORIENTED_EDGE('',*,*,#4550,.T.);
#11752 = ORIENTED_EDGE('',*,*,#4526,.T.);
#11753 = ORIENTED_EDGE('',*,*,#4502,.T.);
#11754 = ORIENTED_EDGE('',*,*,#4478,.T.);
#11755 = ORIENTED_EDGE('',*,*,#2541,.F.);
#11756 = ORIENTED_EDGE('',*,*,#880,.F.);
#11757 = ORIENTED_EDGE('',*,*,#2938,.F.);
#11758 = ORIENTED_EDGE('',*,*,#4461,.F.);
#11759 = ORIENTED_EDGE('',*,*,#4437,.F.);
#11760 = ORIENTED_EDGE('',*,*,#4413,.F.);
#11761 = ORIENTED_EDGE('',*,*,#4389,.F.);
#11762 = ORIENTED_EDGE('',*,*,#4365,.F.);
#11763 = ORIENTED_EDGE('',*,*,#4341,.F.);
#11764 = ORIENTED_EDGE('',*,*,#4317,.F.);
#11765 = ORIENTED_EDGE('',*,*,#4293,.F.);
#11766 = ORIENTED_EDGE('',*,*,#4268,.F.);
#11767 = ORIENTED_EDGE('',*,*,#4244,.F.);
#11768 = ORIENTED_EDGE('',*,*,#4220,.F.);
#11769 = ORIENTED_EDGE('',*,*,#4196,.F.);
#11770 = ORIENTED_EDGE('',*,*,#4172,.F.);
#11771 = ORIENTED_EDGE('',*,*,#4148,.F.);
#11772 = ORIENTED_EDGE('',*,*,#4124,.F.);
#11773 = ORIENTED_EDGE('',*,*,#4100,.F.);
#11774 = ORIENTED_EDGE('',*,*,#4076,.F.);
#11775 = ORIENTED_EDGE('',*,*,#4053,.T.);
#11776 = ORIENTED_EDGE('',*,*,#4029,.T.);
#11777 = ORIENTED_EDGE('',*,*,#4005,.T.);
#11778 = ORIENTED_EDGE('',*,*,#3981,.T.);
#11779 = ORIENTED_EDGE('',*,*,#3957,.T.);
#11780 = ORIENTED_EDGE('',*,*,#3933,.T.);
#11781 = ORIENTED_EDGE('',*,*,#3909,.T.);
#11782 = ORIENTED_EDGE('',*,*,#3885,.T.);
#11783 = ORIENTED_EDGE('',*,*,#3861,.T.);
#11784 = ORIENTED_EDGE('',*,*,#3838,.T.);
#11785 = ORIENTED_EDGE('',*,*,#3698,.F.);
#11786 = ORIENTED_EDGE('',*,*,#1167,.F.);
#11787 = ORIENTED_EDGE('',*,*,#3729,.T.);
#11788 = FACE_BOUND('',#11789,.T.);
#11789 = EDGE_LOOP('',(#11790,#11791,#11792,#11793));
#11790 = ORIENTED_EDGE('',*,*,#5403,.F.);
#11791 = ORIENTED_EDGE('',*,*,#5435,.T.);
#11792 = ORIENTED_EDGE('',*,*,#5535,.T.);
#11793 = ORIENTED_EDGE('',*,*,#5505,.F.);
#11794 = FACE_BOUND('',#11795,.T.);
#11795 = EDGE_LOOP('',(#11796,#11797,#11798,#11799));
#11796 = ORIENTED_EDGE('',*,*,#39,.F.);
#11797 = ORIENTED_EDGE('',*,*,#61,.T.);
#11798 = ORIENTED_EDGE('',*,*,#9194,.T.);
#11799 = ORIENTED_EDGE('',*,*,#10485,.F.);
#11800 = PLANE('',#11801);
#11801 = AXIS2_PLACEMENT_3D('',#11802,#11803,#11804);
#11802 = CARTESIAN_POINT('',(1.383480124612E-15,-8.,16.350157309412));
#11803 = DIRECTION('',(-0.,-1.,-0.));
#11804 = DIRECTION('',(0.,0.,-1.));
#11805 = ADVANCED_FACE('',(#11806),#11822,.F.);
#11806 = FACE_BOUND('',#11807,.F.);
#11807 = EDGE_LOOP('',(#11808,#11809,#11810,#11811,#11812,#11813,#11814,
    #11815,#11816,#11817,#11818,#11819,#11820,#11821));
#11808 = ORIENTED_EDGE('',*,*,#134,.T.);
#11809 = ORIENTED_EDGE('',*,*,#10677,.T.);
#11810 = ORIENTED_EDGE('',*,*,#10459,.F.);
#11811 = ORIENTED_EDGE('',*,*,#10420,.T.);
#11812 = ORIENTED_EDGE('',*,*,#6794,.F.);
#11813 = ORIENTED_EDGE('',*,*,#6803,.F.);
#11814 = ORIENTED_EDGE('',*,*,#10715,.F.);
#11815 = ORIENTED_EDGE('',*,*,#1192,.T.);
#11816 = ORIENTED_EDGE('',*,*,#1183,.T.);
#11817 = ORIENTED_EDGE('',*,*,#3720,.T.);
#11818 = ORIENTED_EDGE('',*,*,#3801,.T.);
#11819 = ORIENTED_EDGE('',*,*,#8838,.T.);
#11820 = ORIENTED_EDGE('',*,*,#5310,.F.);
#11821 = ORIENTED_EDGE('',*,*,#11500,.T.);
#11822 = CYLINDRICAL_SURFACE('',#11823,6.26);
#11823 = AXIS2_PLACEMENT_3D('',#11824,#11825,#11826);
#11824 = CARTESIAN_POINT('',(-110.,0.,0.));
#11825 = DIRECTION('',(1.,0.,0.));
#11826 = DIRECTION('',(-0.,0.,1.));
#11827 = ( GEOMETRIC_REPRESENTATION_CONTEXT(3) 
GLOBAL_UNCERTAINTY_ASSIGNED_CONTEXT((#11831)) 
GLOBAL_UNIT_ASSIGNED_CONTEXT((#11828,#11829,#11830)) 
REPRESENTATION_CONTEXT('Context #1',
  '3D Context with UNIT and UNCERTAINTY') );
#11828 = ( LENGTH_UNIT() NAMED_UNIT(*) SI_UNIT(.MILLI.,.METRE.) );
#11829 = ( NAMED_UNIT(*) PLANE_ANGLE_UNIT() SI_UNIT($,.RADIAN.) );
#11830 = ( NAMED_UNIT(*) SI_UNIT($,.STERADIAN.) SOLID_ANGLE_UNIT() );
#11831 = UNCERTAINTY_MEASURE_WITH_UNIT(LENGTH_MEASURE(2.E-07),#11828,
  'distance_accuracy_value','confusion accuracy');
#11832 = PRODUCT_RELATED_PRODUCT_CATEGORY('part',$,(#7));
ENDSEC;
END-ISO-10303-21;
