ISO-10303-21;
HEADER;
FILE_DESCRIPTION(('FreeCAD Model'),'2;1');
FILE_NAME('Open CASCADE Shape Model','2026-09-14T19:52:33',('FreeCAD'),(
    'FreeCAD'),'Open CASCADE STEP processor 7.8','FreeCAD','Unknown');
FILE_SCHEMA(('AUTOMOTIVE_DESIGN { 1 0 10303 214 1 1 1 1 }'));
ENDSEC;
DATA;
#1 = APPLICATION_PROTOCOL_DEFINITION('international standard',
  'automotive_design',2000,#2);
#2 = APPLICATION_CONTEXT(
  'core data for automotive mechanical design processes');
#3 = SHAPE_DEFINITION_REPRESENTATION(#4,#10);
#4 = PRODUCT_DEFINITION_SHAPE('','',#5);
#5 = PRODUCT_DEFINITION('design','',#6,#9);
#6 = PRODUCT_DEFINITION_FORMATION('','',#7);
#7 = PRODUCT('Open CASCADE STEP translator 7.8 2',
  'Open CASCADE STEP translator 7.8 2','',(#8));
#8 = PRODUCT_CONTEXT('',#2,'mechanical');
#9 = PRODUCT_DEFINITION_CONTEXT('part definition',#2,'design');
#10 = ADVANCED_BREP_SHAPE_REPRESENTATION('',(#11,#15),#11667);
#11 = AXIS2_PLACEMENT_3D('',#12,#13,#14);
#12 = CARTESIAN_POINT('',(0.,0.,0.));
#13 = DIRECTION('',(0.,0.,1.));
#14 = DIRECTION('',(1.,0.,-0.));
#15 = MANIFOLD_SOLID_BREP('',#16);
#16 = CLOSED_SHELL('',(#17,#217,#274,#298,#338,#362,#386,#410,#434,#458,
    #482,#506,#546,#634,#690,#714,#738,#762,#786,#810,#834,#858,#898,
    #922,#972,#1000,#1053,#1077,#1601,#1625,#2029,#2069,#2102,#2190,
    #2278,#2462,#2493,#2533,#2557,#2830,#2847,#3227,#3251,#3347,#3380,
    #3397,#3422,#3459,#3484,#3513,#3525,#3558,#3582,#3606,#3630,#3654,
    #3678,#3702,#3726,#3750,#3774,#3798,#3822,#3846,#3870,#3894,#3918,
    #3949,#3966,#3983,#4000,#4017,#4034,#4051,#4068,#4085,#4102,#4114,
    #4131,#4148,#4165,#4182,#4199,#4216,#4233,#4266,#4290,#4314,#4338,
    #4362,#4386,#4410,#4434,#4458,#4482,#4506,#4530,#4554,#4578,#4602,
    #4626,#4650,#4667,#4698,#4738,#4794,#4827,#4867,#4891,#4915,#4939,
    #4963,#4987,#5011,#5035,#5059,#5083,#5107,#5147,#5203,#5243,#5267,
    #5298,#5315,#5332,#5349,#5366,#5383,#5400,#5412,#5436,#5501,#5532,
    #5566,#5606,#5640,#5673,#5731,#5748,#5760,#5784,#5808,#5832,#5856,
    #5873,#5897,#6049,#6073,#6337,#6361,#6633,#6657,#7120,#7174,#7198,
    #7222,#7239,#7256,#7273,#7290,#7307,#7319,#7336,#7379,#7407,#7424,
    #7436,#7460,#7484,#7554,#7594,#7618,#7635,#7659,#7683,#7716,#7756,
    #7780,#7797,#7821,#7845,#7878,#7902,#7919,#7979,#8018,#8045,#8063,
    #8095,#8113,#8131,#8149,#8167,#8177,#8195,#8205,#8233,#8272,#8290,
    #8308,#8326,#8336,#8371,#8403,#8421,#8439,#8457,#8467,#8487,#8527,
    #8564,#8655,#8672,#8707,#8724,#8745,#8757,#8781,#8926,#8982,#9006,
    #9046,#9063,#9084,#9101,#9117,#9150,#9167,#9184,#9201,#9218,#9235,
    #9252,#9269,#9302,#9328,#9377,#9401,#9425,#9449,#9473,#9497,#9521,
    #9545,#9569,#9593,#9617,#9641,#9665,#9689,#9713,#9737,#9761,#9778,
    #9827,#9844,#9861,#9878,#9895,#9912,#9929,#9946,#9963,#9980,#9997,
    #10014,#10031,#10048,#10065,#10082,#10099,#10116,#10133,#10150,
    #10167,#10184,#10201,#10218,#10235,#10252,#10269,#10286,#10303,
    #10320,#10332,#10363,#10408,#10425,#10442,#10459,#10476,#10493,
    #10510,#10527,#10544,#10561,#10578,#10595,#10612,#10629,#10641,
    #10665,#10703,#10734,#10753,#10777,#10800,#10825,#10842,#10859,
    #10871,#10883,#10900,#10917,#10929,#10941,#10972,#10996,#11020,
    #11044,#11068,#11092,#11116,#11140,#11164,#11181,#11213,#11225,
    #11242,#11259,#11271,#11283,#11300,#11391,#11409,#11440,#11464,
    #11488,#11512,#11536,#11560,#11584,#11608,#11632,#11649));
#17 = ADVANCED_FACE('',(#18),#212,.T.);
#18 = FACE_BOUND('',#19,.T.);
#19 = EDGE_LOOP('',(#20,#30,#38,#46,#54,#62,#70,#78,#86,#94,#102,#110,
    #118,#126,#134,#142,#150,#158,#166,#174,#182,#190,#198,#206));
#20 = ORIENTED_EDGE('',*,*,#21,.F.);
#21 = EDGE_CURVE('',#22,#24,#26,.T.);
#22 = VERTEX_POINT('',#23);
#23 = CARTESIAN_POINT('',(-71.,18.,0.));
#24 = VERTEX_POINT('',#25);
#25 = CARTESIAN_POINT('',(-71.,18.,18.));
#26 = LINE('',#27,#28);
#27 = CARTESIAN_POINT('',(-71.,18.,0.));
#28 = VECTOR('',#29,1.);
#29 = DIRECTION('',(0.,0.,1.));
#30 = ORIENTED_EDGE('',*,*,#31,.F.);
#31 = EDGE_CURVE('',#32,#22,#34,.T.);
#32 = VERTEX_POINT('',#33);
#33 = CARTESIAN_POINT('',(-109.,18.,0.));
#34 = LINE('',#35,#36);
#35 = CARTESIAN_POINT('',(-109.,18.,0.));
#36 = VECTOR('',#37,1.);
#37 = DIRECTION('',(1.,0.,-0.));
#38 = ORIENTED_EDGE('',*,*,#39,.T.);
#39 = EDGE_CURVE('',#32,#40,#42,.T.);
#40 = VERTEX_POINT('',#41);
#41 = CARTESIAN_POINT('',(-109.,18.,18.));
#42 = LINE('',#43,#44);
#43 = CARTESIAN_POINT('',(-109.,18.,0.));
#44 = VECTOR('',#45,1.);
#45 = DIRECTION('',(0.,0.,1.));
#46 = ORIENTED_EDGE('',*,*,#47,.T.);
#47 = EDGE_CURVE('',#40,#48,#50,.T.);
#48 = VERTEX_POINT('',#49);
#49 = CARTESIAN_POINT('',(-103.7828082304,18.,18.));
#50 = LINE('',#51,#52);
#51 = CARTESIAN_POINT('',(-109.,18.,18.));
#52 = VECTOR('',#53,1.);
#53 = DIRECTION('',(1.,0.,-0.));
#54 = ORIENTED_EDGE('',*,*,#55,.F.);
#55 = EDGE_CURVE('',#56,#48,#58,.T.);
#56 = VERTEX_POINT('',#57);
#57 = CARTESIAN_POINT('',(-103.8491083676,18.,17.928888888889));
#58 = LINE('',#59,#60);
#59 = CARTESIAN_POINT('',(-109.2590335527,18.,12.126400276657));
#60 = VECTOR('',#61,1.);
#61 = DIRECTION('',(0.681932082106,0.,0.731415501199));
#62 = ORIENTED_EDGE('',*,*,#63,.F.);
#63 = EDGE_CURVE('',#64,#56,#66,.T.);
#64 = VERTEX_POINT('',#65);
#65 = CARTESIAN_POINT('',(-104.3407407407,18.,17.373333333333));
#66 = LINE('',#67,#68);
#67 = CARTESIAN_POINT('',(-109.4291455418,18.,11.623322327665));
#68 = VECTOR('',#69,1.);
#69 = DIRECTION('',(0.662709521533,0.,0.748876551956));
#70 = ORIENTED_EDGE('',*,*,#71,.F.);
#71 = EDGE_CURVE('',#72,#64,#74,.T.);
#72 = VERTEX_POINT('',#73);
#73 = CARTESIAN_POINT('',(-104.792866941,18.,16.817777777778));
#74 = LINE('',#75,#76);
#75 = CARTESIAN_POINT('',(-109.5217051919,18.,11.007160388129));
#76 = VECTOR('',#77,1.);
#77 = DIRECTION('',(0.631212461229,0.,0.77560997208));
#78 = ORIENTED_EDGE('',*,*,#79,.F.);
#79 = EDGE_CURVE('',#80,#72,#82,.T.);
#80 = VERTEX_POINT('',#81);
#81 = CARTESIAN_POINT('',(-105.1923182441,18.,16.262222222222));
#82 = LINE('',#83,#84);
#83 = CARTESIAN_POINT('',(-109.4953679556,18.,10.277554869337));
#84 = VECTOR('',#85,1.);
#85 = DIRECTION('',(0.583776486487,0.,0.811914412869));
#86 = ORIENTED_EDGE('',*,*,#87,.F.);
#87 = EDGE_CURVE('',#88,#80,#90,.T.);
#88 = VERTEX_POINT('',#89);
#89 = CARTESIAN_POINT('',(-105.5259259259,18.,15.706666666667));
#90 = LINE('',#91,#92);
#91 = CARTESIAN_POINT('',(-109.2855291323,18.,9.44581428762));
#92 = VECTOR('',#93,1.);
#93 = DIRECTION('',(0.514807016402,0.,0.857306092282));
#94 = ORIENTED_EDGE('',*,*,#95,.F.);
#95 = EDGE_CURVE('',#96,#88,#98,.T.);
#96 = VERTEX_POINT('',#97);
#97 = CARTESIAN_POINT('',(-105.780521262,18.,15.151111111111));
#98 = LINE('',#99,#100);
#99 = CARTESIAN_POINT('',(-108.80172564,18.,8.558504574978));
#100 = VECTOR('',#101,1.);
#101 = DIRECTION('',(0.416608335402,0.,0.909086076713));
#102 = ORIENTED_EDGE('',*,*,#103,.F.);
#103 = EDGE_CURVE('',#104,#96,#106,.T.);
#104 = VERTEX_POINT('',#105);
#105 = CARTESIAN_POINT('',(-105.9429355281,18.,14.595555555556));
#106 = LINE('',#107,#108);
#107 = CARTESIAN_POINT('',(-107.9475711004,18.,7.738482863158));
#108 = VECTOR('',#109,1.);
#109 = DIRECTION('',(0.280600582118,0.,0.959824626333));
#110 = ORIENTED_EDGE('',*,*,#111,.F.);
#111 = EDGE_CURVE('',#112,#104,#114,.T.);
#112 = VERTEX_POINT('',#113);
#113 = CARTESIAN_POINT('',(-106.,18.,14.04));
#114 = LINE('',#115,#116);
#115 = CARTESIAN_POINT('',(-106.7006668328,18.,7.218604151264));
#116 = VECTOR('',#117,1.);
#117 = DIRECTION('',(0.102178442416,0.,0.994766086025));
#118 = ORIENTED_EDGE('',*,*,#119,.T.);
#119 = EDGE_CURVE('',#112,#120,#122,.T.);
#120 = VERTEX_POINT('',#121);
#121 = CARTESIAN_POINT('',(-106.,18.,9.54));
#122 = LINE('',#123,#124);
#123 = CARTESIAN_POINT('',(-106.,18.,4.77));
#124 = VECTOR('',#125,1.);
#125 = DIRECTION('',(-0.,0.,-1.));
#126 = ORIENTED_EDGE('',*,*,#127,.T.);
#127 = EDGE_CURVE('',#120,#128,#130,.T.);
#128 = VERTEX_POINT('',#129);
#129 = CARTESIAN_POINT('',(-74.,18.,9.54));
#130 = LINE('',#131,#132);
#131 = CARTESIAN_POINT('',(-107.5,18.,9.54));
#132 = VECTOR('',#133,1.);
#133 = DIRECTION('',(1.,0.,-0.));
#134 = ORIENTED_EDGE('',*,*,#135,.F.);
#135 = EDGE_CURVE('',#136,#128,#138,.T.);
#136 = VERTEX_POINT('',#137);
#137 = CARTESIAN_POINT('',(-74.,18.,14.04));
#138 = LINE('',#139,#140);
#139 = CARTESIAN_POINT('',(-74.,18.,4.77));
#140 = VECTOR('',#141,1.);
#141 = DIRECTION('',(-0.,0.,-1.));
#142 = ORIENTED_EDGE('',*,*,#143,.T.);
#143 = EDGE_CURVE('',#136,#144,#146,.T.);
#144 = VERTEX_POINT('',#145);
#145 = CARTESIAN_POINT('',(-74.05706447187,18.,14.595555555556));
#146 = LINE('',#147,#148);
#147 = CARTESIAN_POINT('',(-73.49770141494,18.,9.149833486799));
#148 = VECTOR('',#149,1.);
#149 = DIRECTION('',(-0.102178442416,-0.,0.994766086025));
#150 = ORIENTED_EDGE('',*,*,#151,.T.);
#151 = EDGE_CURVE('',#144,#152,#154,.T.);
#152 = VERTEX_POINT('',#153);
#153 = CARTESIAN_POINT('',(-74.21947873799,18.,15.151111111111));
#154 = LINE('',#155,#156);
#155 = CARTESIAN_POINT('',(-73.54842594659,18.,12.855702491882));
#156 = VECTOR('',#157,1.);
#157 = DIRECTION('',(-0.280600582118,-0.,0.959824626333));
#158 = ORIENTED_EDGE('',*,*,#159,.T.);
#159 = EDGE_CURVE('',#152,#160,#162,.T.);
#160 = VERTEX_POINT('',#161);
#161 = CARTESIAN_POINT('',(-74.47407407407,18.,15.706666666667));
#162 = LINE('',#163,#164);
#163 = CARTESIAN_POINT('',(-74.49596195736,18.,15.754428480957));
#164 = VECTOR('',#165,1.);
#165 = DIRECTION('',(-0.416608335402,-0.,0.909086076713));
#166 = ORIENTED_EDGE('',*,*,#167,.T.);
#167 = EDGE_CURVE('',#160,#168,#170,.T.);
#168 = VERTEX_POINT('',#169);
#169 = CARTESIAN_POINT('',(-74.80768175583,18.,16.262222222222));
#170 = LINE('',#171,#172);
#171 = CARTESIAN_POINT('',(-75.74996988629,18.,17.831410926326));
#172 = VECTOR('',#173,1.);
#173 = DIRECTION('',(-0.514807016402,-0.,0.857306092282));
#174 = ORIENTED_EDGE('',*,*,#175,.T.);
#175 = EDGE_CURVE('',#168,#176,#178,.T.);
#176 = VERTEX_POINT('',#177);
#177 = CARTESIAN_POINT('',(-75.20713305898,18.,16.817777777778));
#178 = LINE('',#179,#180);
#179 = CARTESIAN_POINT('',(-76.97973678166,18.,19.283109191527));
#180 = VECTOR('',#181,1.);
#181 = DIRECTION('',(-0.583776486487,-0.,0.811914412869));
#182 = ORIENTED_EDGE('',*,*,#183,.T.);
#183 = EDGE_CURVE('',#176,#184,#186,.T.);
#184 = VERTEX_POINT('',#185);
#185 = CARTESIAN_POINT('',(-75.65925925925,18.,17.373333333333));
#186 = LINE('',#187,#188);
#187 = CARTESIAN_POINT('',(-78.04844906104,18.,20.309079297298));
#188 = VECTOR('',#189,1.);
#189 = DIRECTION('',(-0.631212461229,-0.,0.77560997208));
#190 = ORIENTED_EDGE('',*,*,#191,.T.);
#191 = EDGE_CURVE('',#184,#192,#194,.T.);
#192 = VERTEX_POINT('',#193);
#193 = CARTESIAN_POINT('',(-76.15089163237,18.,17.928888888889));
#194 = LINE('',#195,#196);
#195 = CARTESIAN_POINT('',(-78.91534874687,18.,21.052787134913));
#196 = VECTOR('',#197,1.);
#197 = DIRECTION('',(-0.662709521533,-0.,0.748876551956));
#198 = ORIENTED_EDGE('',*,*,#199,.T.);
#199 = EDGE_CURVE('',#192,#200,#202,.T.);
#200 = VERTEX_POINT('',#201);
#201 = CARTESIAN_POINT('',(-76.21719176954,18.,18.));
#202 = LINE('',#203,#204);
#203 = CARTESIAN_POINT('',(-79.57656237474,18.,21.603138493388));
#204 = VECTOR('',#205,1.);
#205 = DIRECTION('',(-0.681932082106,-0.,0.731415501199));
#206 = ORIENTED_EDGE('',*,*,#207,.T.);
#207 = EDGE_CURVE('',#200,#24,#208,.T.);
#208 = LINE('',#209,#210);
#209 = CARTESIAN_POINT('',(-109.,18.,18.));
#210 = VECTOR('',#211,1.);
#211 = DIRECTION('',(1.,0.,-0.));
#212 = PLANE('',#213);
#213 = AXIS2_PLACEMENT_3D('',#214,#215,#216);
#214 = CARTESIAN_POINT('',(-109.,18.,0.));
#215 = DIRECTION('',(-0.,1.,0.));
#216 = DIRECTION('',(0.,0.,1.));
#217 = ADVANCED_FACE('',(#218),#269,.T.);
#218 = FACE_BOUND('',#219,.T.);
#219 = EDGE_LOOP('',(#220,#228,#236,#244,#253,#262,#268));
#220 = ORIENTED_EDGE('',*,*,#221,.F.);
#221 = EDGE_CURVE('',#222,#24,#224,.T.);
#222 = VERTEX_POINT('',#223);
#223 = CARTESIAN_POINT('',(-71.,-8.,18.));
#224 = LINE('',#225,#226);
#225 = CARTESIAN_POINT('',(-71.,-8.,18.));
#226 = VECTOR('',#227,1.);
#227 = DIRECTION('',(-0.,1.,0.));
#228 = ORIENTED_EDGE('',*,*,#229,.F.);
#229 = EDGE_CURVE('',#230,#222,#232,.T.);
#230 = VERTEX_POINT('',#231);
#231 = CARTESIAN_POINT('',(-71.,-8.,0.));
#232 = LINE('',#233,#234);
#233 = CARTESIAN_POINT('',(-71.,-8.,0.));
#234 = VECTOR('',#235,1.);
#235 = DIRECTION('',(0.,0.,1.));
#236 = ORIENTED_EDGE('',*,*,#237,.T.);
#237 = EDGE_CURVE('',#230,#238,#240,.T.);
#238 = VERTEX_POINT('',#239);
#239 = CARTESIAN_POINT('',(-71.,-6.26,0.));
#240 = LINE('',#241,#242);
#241 = CARTESIAN_POINT('',(-71.,-8.,0.));
#242 = VECTOR('',#243,1.);
#243 = DIRECTION('',(-0.,1.,0.));
#244 = ORIENTED_EDGE('',*,*,#245,.F.);
#245 = EDGE_CURVE('',#246,#238,#248,.T.);
#246 = VERTEX_POINT('',#247);
#247 = CARTESIAN_POINT('',(-71.,1.533257792532E-15,6.26));
#248 = CIRCLE('',#249,6.26);
#249 = AXIS2_PLACEMENT_3D('',#250,#251,#252);
#250 = CARTESIAN_POINT('',(-71.,0.,0.));
#251 = DIRECTION('',(1.,0.,0.));
#252 = DIRECTION('',(-0.,0.,1.));
#253 = ORIENTED_EDGE('',*,*,#254,.F.);
#254 = EDGE_CURVE('',#255,#246,#257,.T.);
#255 = VERTEX_POINT('',#256);
#256 = CARTESIAN_POINT('',(-71.,6.26,0.));
#257 = CIRCLE('',#258,6.26);
#258 = AXIS2_PLACEMENT_3D('',#259,#260,#261);
#259 = CARTESIAN_POINT('',(-71.,0.,0.));
#260 = DIRECTION('',(1.,0.,0.));
#261 = DIRECTION('',(-0.,0.,1.));
#262 = ORIENTED_EDGE('',*,*,#263,.T.);
#263 = EDGE_CURVE('',#255,#22,#264,.T.);
#264 = LINE('',#265,#266);
#265 = CARTESIAN_POINT('',(-71.,-8.,0.));
#266 = VECTOR('',#267,1.);
#267 = DIRECTION('',(-0.,1.,0.));
#268 = ORIENTED_EDGE('',*,*,#21,.T.);
#269 = PLANE('',#270);
#270 = AXIS2_PLACEMENT_3D('',#271,#272,#273);
#271 = CARTESIAN_POINT('',(-71.,-8.,0.));
#272 = DIRECTION('',(1.,0.,-0.));
#273 = DIRECTION('',(0.,0.,1.));
#274 = ADVANCED_FACE('',(#275),#293,.T.);
#275 = FACE_BOUND('',#276,.T.);
#276 = EDGE_LOOP('',(#277,#278,#286,#292));
#277 = ORIENTED_EDGE('',*,*,#207,.F.);
#278 = ORIENTED_EDGE('',*,*,#279,.T.);
#279 = EDGE_CURVE('',#200,#280,#282,.T.);
#280 = VERTEX_POINT('',#281);
#281 = CARTESIAN_POINT('',(-76.21719176954,-8.,18.));
#282 = LINE('',#283,#284);
#283 = CARTESIAN_POINT('',(-76.21719176954,-8.,18.));
#284 = VECTOR('',#285,1.);
#285 = DIRECTION('',(-0.,-1.,0.));
#286 = ORIENTED_EDGE('',*,*,#287,.T.);
#287 = EDGE_CURVE('',#280,#222,#288,.T.);
#288 = LINE('',#289,#290);
#289 = CARTESIAN_POINT('',(-109.,-8.,18.));
#290 = VECTOR('',#291,1.);
#291 = DIRECTION('',(1.,0.,-0.));
#292 = ORIENTED_EDGE('',*,*,#221,.T.);
#293 = PLANE('',#294);
#294 = AXIS2_PLACEMENT_3D('',#295,#296,#297);
#295 = CARTESIAN_POINT('',(-109.,-8.,18.));
#296 = DIRECTION('',(0.,0.,1.));
#297 = DIRECTION('',(1.,0.,-0.));
#298 = ADVANCED_FACE('',(#299),#333,.T.);
#299 = FACE_BOUND('',#300,.T.);
#300 = EDGE_LOOP('',(#301,#302,#310,#318,#326,#332));
#301 = ORIENTED_EDGE('',*,*,#199,.F.);
#302 = ORIENTED_EDGE('',*,*,#303,.T.);
#303 = EDGE_CURVE('',#192,#304,#306,.T.);
#304 = VERTEX_POINT('',#305);
#305 = CARTESIAN_POINT('',(-76.15089163237,190.58,17.928888888889));
#306 = LINE('',#307,#308);
#307 = CARTESIAN_POINT('',(-76.15089163237,24.,17.928888888889));
#308 = VECTOR('',#309,1.);
#309 = DIRECTION('',(0.,1.,0.));
#310 = ORIENTED_EDGE('',*,*,#311,.T.);
#311 = EDGE_CURVE('',#304,#312,#314,.T.);
#312 = VERTEX_POINT('',#313);
#313 = CARTESIAN_POINT('',(-76.66886145404,190.58,18.484444444444));
#314 = LINE('',#315,#316);
#315 = CARTESIAN_POINT('',(-75.73239749683,190.58,17.480027329323));
#316 = VECTOR('',#317,1.);
#317 = DIRECTION('',(-0.681932082106,-0.,0.731415501199));
#318 = ORIENTED_EDGE('',*,*,#319,.F.);
#319 = EDGE_CURVE('',#320,#312,#322,.T.);
#320 = VERTEX_POINT('',#321);
#321 = CARTESIAN_POINT('',(-76.66886145404,-8.,18.484444444444));
#322 = LINE('',#323,#324);
#323 = CARTESIAN_POINT('',(-76.66886145404,24.,18.484444444444));
#324 = VECTOR('',#325,1.);
#325 = DIRECTION('',(0.,1.,0.));
#326 = ORIENTED_EDGE('',*,*,#327,.T.);
#327 = EDGE_CURVE('',#320,#280,#328,.T.);
#328 = LINE('',#329,#330);
#329 = CARTESIAN_POINT('',(-76.66886145404,-8.,18.484444444444));
#330 = VECTOR('',#331,1.);
#331 = DIRECTION('',(0.681932082106,0.,-0.731415501199));
#332 = ORIENTED_EDGE('',*,*,#279,.F.);
#333 = PLANE('',#334);
#334 = AXIS2_PLACEMENT_3D('',#335,#336,#337);
#335 = CARTESIAN_POINT('',(-76.41364426236,106.0055250651,
    18.210707784929));
#336 = DIRECTION('',(0.731415501199,0.,0.681932082106));
#337 = DIRECTION('',(-0.681932082106,0.,0.731415501199));
#338 = ADVANCED_FACE('',(#339),#357,.T.);
#339 = FACE_BOUND('',#340,.T.);
#340 = EDGE_LOOP('',(#341,#342,#350,#356));
#341 = ORIENTED_EDGE('',*,*,#191,.F.);
#342 = ORIENTED_EDGE('',*,*,#343,.T.);
#343 = EDGE_CURVE('',#184,#344,#346,.T.);
#344 = VERTEX_POINT('',#345);
#345 = CARTESIAN_POINT('',(-75.65925925925,190.58,17.373333333333));
#346 = LINE('',#347,#348);
#347 = CARTESIAN_POINT('',(-75.65925925925,24.,17.373333333333));
#348 = VECTOR('',#349,1.);
#349 = DIRECTION('',(0.,1.,0.));
#350 = ORIENTED_EDGE('',*,*,#351,.T.);
#351 = EDGE_CURVE('',#344,#304,#352,.T.);
#352 = LINE('',#353,#354);
#353 = CARTESIAN_POINT('',(-75.45910339971,190.58,17.14715274428));
#354 = VECTOR('',#355,1.);
#355 = DIRECTION('',(-0.662709521533,-0.,0.748876551956));
#356 = ORIENTED_EDGE('',*,*,#303,.F.);
#357 = PLANE('',#358);
#358 = AXIS2_PLACEMENT_3D('',#359,#360,#361);
#359 = CARTESIAN_POINT('',(-75.90507544581,119.,17.651111111111));
#360 = DIRECTION('',(0.748876551956,0.,0.662709521533));
#361 = DIRECTION('',(-0.662709521533,0.,0.748876551956));
#362 = ADVANCED_FACE('',(#363),#381,.T.);
#363 = FACE_BOUND('',#364,.T.);
#364 = EDGE_LOOP('',(#365,#366,#374,#380));
#365 = ORIENTED_EDGE('',*,*,#183,.F.);
#366 = ORIENTED_EDGE('',*,*,#367,.T.);
#367 = EDGE_CURVE('',#176,#368,#370,.T.);
#368 = VERTEX_POINT('',#369);
#369 = CARTESIAN_POINT('',(-75.20713305898,190.58,16.817777777778));
#370 = LINE('',#371,#372);
#371 = CARTESIAN_POINT('',(-75.20713305898,24.,16.817777777778));
#372 = VECTOR('',#373,1.);
#373 = DIRECTION('',(0.,1.,0.));
#374 = ORIENTED_EDGE('',*,*,#375,.T.);
#375 = EDGE_CURVE('',#368,#344,#376,.T.);
#376 = LINE('',#377,#378);
#377 = CARTESIAN_POINT('',(-75.18678811322,190.58,16.792778678774));
#378 = VECTOR('',#379,1.);
#379 = DIRECTION('',(-0.631212461229,-0.,0.77560997208));
#380 = ORIENTED_EDGE('',*,*,#343,.F.);
#381 = PLANE('',#382);
#382 = AXIS2_PLACEMENT_3D('',#383,#384,#385);
#383 = CARTESIAN_POINT('',(-75.43319615912,119.,17.095555555556));
#384 = DIRECTION('',(0.77560997208,0.,0.631212461229));
#385 = DIRECTION('',(-0.631212461229,0.,0.77560997208));
#386 = ADVANCED_FACE('',(#387),#405,.T.);
#387 = FACE_BOUND('',#388,.T.);
#388 = EDGE_LOOP('',(#389,#390,#398,#404));
#389 = ORIENTED_EDGE('',*,*,#175,.F.);
#390 = ORIENTED_EDGE('',*,*,#391,.T.);
#391 = EDGE_CURVE('',#168,#392,#394,.T.);
#392 = VERTEX_POINT('',#393);
#393 = CARTESIAN_POINT('',(-74.80768175583,190.58,16.262222222222));
#394 = LINE('',#395,#396);
#395 = CARTESIAN_POINT('',(-74.80768175583,24.,16.262222222222));
#396 = VECTOR('',#397,1.);
#397 = DIRECTION('',(0.,1.,0.));
#398 = ORIENTED_EDGE('',*,*,#399,.T.);
#399 = EDGE_CURVE('',#392,#368,#400,.T.);
#400 = LINE('',#401,#402);
#401 = CARTESIAN_POINT('',(-74.91538747306,190.58,16.412018978674));
#402 = VECTOR('',#403,1.);
#403 = DIRECTION('',(-0.583776486487,-0.,0.811914412869));
#404 = ORIENTED_EDGE('',*,*,#367,.F.);
#405 = PLANE('',#406);
#406 = AXIS2_PLACEMENT_3D('',#407,#408,#409);
#407 = CARTESIAN_POINT('',(-75.0074074074,119.,16.54));
#408 = DIRECTION('',(0.811914412869,0.,0.583776486487));
#409 = DIRECTION('',(-0.583776486487,0.,0.811914412869));
#410 = ADVANCED_FACE('',(#411),#429,.T.);
#411 = FACE_BOUND('',#412,.T.);
#412 = EDGE_LOOP('',(#413,#414,#422,#428));
#413 = ORIENTED_EDGE('',*,*,#167,.F.);
#414 = ORIENTED_EDGE('',*,*,#415,.T.);
#415 = EDGE_CURVE('',#160,#416,#418,.T.);
#416 = VERTEX_POINT('',#417);
#417 = CARTESIAN_POINT('',(-74.47407407407,190.58,15.706666666667));
#418 = LINE('',#419,#420);
#419 = CARTESIAN_POINT('',(-74.47407407407,24.,15.706666666667));
#420 = VECTOR('',#421,1.);
#421 = DIRECTION('',(0.,1.,0.));
#422 = ORIENTED_EDGE('',*,*,#423,.T.);
#423 = EDGE_CURVE('',#416,#392,#424,.T.);
#424 = LINE('',#425,#426);
#425 = CARTESIAN_POINT('',(-74.64809121231,190.58,15.99645672006));
#426 = VECTOR('',#427,1.);
#427 = DIRECTION('',(-0.514807016402,-0.,0.857306092282));
#428 = ORIENTED_EDGE('',*,*,#391,.F.);
#429 = PLANE('',#430);
#430 = AXIS2_PLACEMENT_3D('',#431,#432,#433);
#431 = CARTESIAN_POINT('',(-74.64087791495,119.,15.984444444444));
#432 = DIRECTION('',(0.857306092282,0.,0.514807016402));
#433 = DIRECTION('',(-0.514807016402,0.,0.857306092282));
#434 = ADVANCED_FACE('',(#435),#453,.T.);
#435 = FACE_BOUND('',#436,.T.);
#436 = EDGE_LOOP('',(#437,#438,#446,#452));
#437 = ORIENTED_EDGE('',*,*,#159,.F.);
#438 = ORIENTED_EDGE('',*,*,#439,.T.);
#439 = EDGE_CURVE('',#152,#440,#442,.T.);
#440 = VERTEX_POINT('',#441);
#441 = CARTESIAN_POINT('',(-74.21947873799,190.58,15.151111111111));
#442 = LINE('',#443,#444);
#443 = CARTESIAN_POINT('',(-74.21947873799,24.,15.151111111111));
#444 = VECTOR('',#445,1.);
#445 = DIRECTION('',(0.,1.,0.));
#446 = ORIENTED_EDGE('',*,*,#447,.T.);
#447 = EDGE_CURVE('',#440,#416,#448,.T.);
#448 = LINE('',#449,#450);
#449 = CARTESIAN_POINT('',(-74.39322415397,190.58,15.530243080251));
#450 = VECTOR('',#451,1.);
#451 = DIRECTION('',(-0.416608335402,-0.,0.909086076713));
#452 = ORIENTED_EDGE('',*,*,#415,.F.);
#453 = PLANE('',#454);
#454 = AXIS2_PLACEMENT_3D('',#455,#456,#457);
#455 = CARTESIAN_POINT('',(-74.34677640603,119.,15.428888888889));
#456 = DIRECTION('',(0.909086076713,0.,0.416608335402));
#457 = DIRECTION('',(-0.416608335402,0.,0.909086076713));
#458 = ADVANCED_FACE('',(#459),#477,.T.);
#459 = FACE_BOUND('',#460,.T.);
#460 = EDGE_LOOP('',(#461,#462,#470,#476));
#461 = ORIENTED_EDGE('',*,*,#151,.F.);
#462 = ORIENTED_EDGE('',*,*,#463,.T.);
#463 = EDGE_CURVE('',#144,#464,#466,.T.);
#464 = VERTEX_POINT('',#465);
#465 = CARTESIAN_POINT('',(-74.05706447187,190.58,14.595555555556));
#466 = LINE('',#467,#468);
#467 = CARTESIAN_POINT('',(-74.05706447187,24.,14.595555555556));
#468 = VECTOR('',#469,1.);
#469 = DIRECTION('',(0.,1.,0.));
#470 = ORIENTED_EDGE('',*,*,#471,.T.);
#471 = EDGE_CURVE('',#464,#440,#472,.T.);
#472 = LINE('',#473,#474);
#473 = CARTESIAN_POINT('',(-74.17269517861,190.58,14.991082888555));
#474 = VECTOR('',#475,1.);
#475 = DIRECTION('',(-0.280600582118,-0.,0.959824626333));
#476 = ORIENTED_EDGE('',*,*,#439,.F.);
#477 = PLANE('',#478);
#478 = AXIS2_PLACEMENT_3D('',#479,#480,#481);
#479 = CARTESIAN_POINT('',(-74.13827160493,119.,14.873333333333));
#480 = DIRECTION('',(0.959824626333,0.,0.280600582118));
#481 = DIRECTION('',(-0.280600582118,0.,0.959824626333));
#482 = ADVANCED_FACE('',(#483),#501,.T.);
#483 = FACE_BOUND('',#484,.T.);
#484 = EDGE_LOOP('',(#485,#486,#494,#500));
#485 = ORIENTED_EDGE('',*,*,#143,.F.);
#486 = ORIENTED_EDGE('',*,*,#487,.T.);
#487 = EDGE_CURVE('',#136,#488,#490,.T.);
#488 = VERTEX_POINT('',#489);
#489 = CARTESIAN_POINT('',(-74.,190.58,14.04));
#490 = LINE('',#491,#492);
#491 = CARTESIAN_POINT('',(-74.,24.,14.04));
#492 = VECTOR('',#493,1.);
#493 = DIRECTION('',(-0.,1.,0.));
#494 = ORIENTED_EDGE('',*,*,#495,.T.);
#495 = EDGE_CURVE('',#488,#464,#496,.T.);
#496 = LINE('',#497,#498);
#497 = CARTESIAN_POINT('',(-74.03311411317,190.58,14.362384996048));
#498 = VECTOR('',#499,1.);
#499 = DIRECTION('',(-0.102178442416,-0.,0.994766086025));
#500 = ORIENTED_EDGE('',*,*,#463,.F.);
#501 = PLANE('',#502);
#502 = AXIS2_PLACEMENT_3D('',#503,#504,#505);
#503 = CARTESIAN_POINT('',(-74.02853223594,119.,14.317777777778));
#504 = DIRECTION('',(0.994766086025,0.,0.102178442416));
#505 = DIRECTION('',(-0.102178442416,0.,0.994766086025));
#506 = ADVANCED_FACE('',(#507),#541,.T.);
#507 = FACE_BOUND('',#508,.T.);
#508 = EDGE_LOOP('',(#509,#510,#511,#519,#527,#535));
#509 = ORIENTED_EDGE('',*,*,#487,.F.);
#510 = ORIENTED_EDGE('',*,*,#135,.T.);
#511 = ORIENTED_EDGE('',*,*,#512,.T.);
#512 = EDGE_CURVE('',#128,#513,#515,.T.);
#513 = VERTEX_POINT('',#514);
#514 = CARTESIAN_POINT('',(-74.,216.,9.54));
#515 = LINE('',#516,#517);
#516 = CARTESIAN_POINT('',(-74.,24.,9.54));
#517 = VECTOR('',#518,1.);
#518 = DIRECTION('',(-0.,1.,0.));
#519 = ORIENTED_EDGE('',*,*,#520,.T.);
#520 = EDGE_CURVE('',#513,#521,#523,.T.);
#521 = VERTEX_POINT('',#522);
#522 = CARTESIAN_POINT('',(-74.,216.,14.));
#523 = LINE('',#524,#525);
#524 = CARTESIAN_POINT('',(-74.,216.,9.54));
#525 = VECTOR('',#526,1.);
#526 = DIRECTION('',(0.,0.,1.));
#527 = ORIENTED_EDGE('',*,*,#528,.T.);
#528 = EDGE_CURVE('',#521,#529,#531,.T.);
#529 = VERTEX_POINT('',#530);
#530 = CARTESIAN_POINT('',(-74.,190.58,14.));
#531 = LINE('',#532,#533);
#532 = CARTESIAN_POINT('',(-74.,165.6075,14.));
#533 = VECTOR('',#534,1.);
#534 = DIRECTION('',(0.,-1.,0.));
#535 = ORIENTED_EDGE('',*,*,#536,.T.);
#536 = EDGE_CURVE('',#529,#488,#537,.T.);
#537 = LINE('',#538,#539);
#538 = CARTESIAN_POINT('',(-74.,190.58,12.895));
#539 = VECTOR('',#540,1.);
#540 = DIRECTION('',(0.,-0.,1.));
#541 = PLANE('',#542);
#542 = AXIS2_PLACEMENT_3D('',#543,#544,#545);
#543 = CARTESIAN_POINT('',(-74.,117.,11.79));
#544 = DIRECTION('',(1.,0.,0.));
#545 = DIRECTION('',(-0.,0.,1.));
#546 = ADVANCED_FACE('',(#547),#629,.T.);
#547 = FACE_BOUND('',#548,.T.);
#548 = EDGE_LOOP('',(#549,#559,#567,#575,#583,#591,#599,#607,#615,#621,
    #622,#623));
#549 = ORIENTED_EDGE('',*,*,#550,.T.);
#550 = EDGE_CURVE('',#551,#553,#555,.T.);
#551 = VERTEX_POINT('',#552);
#552 = CARTESIAN_POINT('',(-106.,228.015,9.54));
#553 = VERTEX_POINT('',#554);
#554 = CARTESIAN_POINT('',(106.,228.015,9.54));
#555 = LINE('',#556,#557);
#556 = CARTESIAN_POINT('',(-130.,228.015,9.54));
#557 = VECTOR('',#558,1.);
#558 = DIRECTION('',(1.,0.,-0.));
#559 = ORIENTED_EDGE('',*,*,#560,.F.);
#560 = EDGE_CURVE('',#561,#553,#563,.T.);
#561 = VERTEX_POINT('',#562);
#562 = CARTESIAN_POINT('',(106.,18.,9.54));
#563 = LINE('',#564,#565);
#564 = CARTESIAN_POINT('',(106.,216.,9.54));
#565 = VECTOR('',#566,1.);
#566 = DIRECTION('',(-0.,1.,0.));
#567 = ORIENTED_EDGE('',*,*,#568,.F.);
#568 = EDGE_CURVE('',#569,#561,#571,.T.);
#569 = VERTEX_POINT('',#570);
#570 = CARTESIAN_POINT('',(74.,18.,9.54));
#571 = LINE('',#572,#573);
#572 = CARTESIAN_POINT('',(72.5,18.,9.54));
#573 = VECTOR('',#574,1.);
#574 = DIRECTION('',(1.,0.,-0.));
#575 = ORIENTED_EDGE('',*,*,#576,.T.);
#576 = EDGE_CURVE('',#569,#577,#579,.T.);
#577 = VERTEX_POINT('',#578);
#578 = CARTESIAN_POINT('',(74.,216.,9.54));
#579 = LINE('',#580,#581);
#580 = CARTESIAN_POINT('',(74.,-8.,9.54));
#581 = VECTOR('',#582,1.);
#582 = DIRECTION('',(-0.,1.,0.));
#583 = ORIENTED_EDGE('',*,*,#584,.F.);
#584 = EDGE_CURVE('',#585,#577,#587,.T.);
#585 = VERTEX_POINT('',#586);
#586 = CARTESIAN_POINT('',(70.4,216.,9.54));
#587 = LINE('',#588,#589);
#588 = CARTESIAN_POINT('',(-106.,216.,9.54));
#589 = VECTOR('',#590,1.);
#590 = DIRECTION('',(1.,0.,-0.));
#591 = ORIENTED_EDGE('',*,*,#592,.F.);
#592 = EDGE_CURVE('',#593,#585,#595,.T.);
#593 = VERTEX_POINT('',#594);
#594 = CARTESIAN_POINT('',(70.4,190.68,9.54));
#595 = LINE('',#596,#597);
#596 = CARTESIAN_POINT('',(70.4,190.68,9.54));
#597 = VECTOR('',#598,1.);
#598 = DIRECTION('',(-0.,1.,0.));
#599 = ORIENTED_EDGE('',*,*,#600,.F.);
#600 = EDGE_CURVE('',#601,#593,#603,.T.);
#601 = VERTEX_POINT('',#602);
#602 = CARTESIAN_POINT('',(-70.4,190.68,9.54));
#603 = LINE('',#604,#605);
#604 = CARTESIAN_POINT('',(-70.4,190.68,9.54));
#605 = VECTOR('',#606,1.);
#606 = DIRECTION('',(1.,0.,-0.));
#607 = ORIENTED_EDGE('',*,*,#608,.T.);
#608 = EDGE_CURVE('',#601,#609,#611,.T.);
#609 = VERTEX_POINT('',#610);
#610 = CARTESIAN_POINT('',(-70.4,216.,9.54));
#611 = LINE('',#612,#613);
#612 = CARTESIAN_POINT('',(-70.4,190.68,9.54));
#613 = VECTOR('',#614,1.);
#614 = DIRECTION('',(-0.,1.,0.));
#615 = ORIENTED_EDGE('',*,*,#616,.F.);
#616 = EDGE_CURVE('',#513,#609,#617,.T.);
#617 = LINE('',#618,#619);
#618 = CARTESIAN_POINT('',(-106.,216.,9.54));
#619 = VECTOR('',#620,1.);
#620 = DIRECTION('',(1.,0.,-0.));
#621 = ORIENTED_EDGE('',*,*,#512,.F.);
#622 = ORIENTED_EDGE('',*,*,#127,.F.);
#623 = ORIENTED_EDGE('',*,*,#624,.T.);
#624 = EDGE_CURVE('',#120,#551,#625,.T.);
#625 = LINE('',#626,#627);
#626 = CARTESIAN_POINT('',(-106.,-8.,9.54));
#627 = VECTOR('',#628,1.);
#628 = DIRECTION('',(-0.,1.,0.));
#629 = PLANE('',#630);
#630 = AXIS2_PLACEMENT_3D('',#631,#632,#633);
#631 = CARTESIAN_POINT('',(-2.818674647347E-15,144.25848731666,9.54));
#632 = DIRECTION('',(-0.,-0.,-1.));
#633 = DIRECTION('',(-1.,0.,0.));
#634 = ADVANCED_FACE('',(#635),#685,.T.);
#635 = FACE_BOUND('',#636,.T.);
#636 = EDGE_LOOP('',(#637,#638,#646,#654,#662,#670,#678,#684));
#637 = ORIENTED_EDGE('',*,*,#119,.F.);
#638 = ORIENTED_EDGE('',*,*,#639,.T.);
#639 = EDGE_CURVE('',#112,#640,#642,.T.);
#640 = VERTEX_POINT('',#641);
#641 = CARTESIAN_POINT('',(-106.,219.8,14.04));
#642 = LINE('',#643,#644);
#643 = CARTESIAN_POINT('',(-106.,-8.,14.04));
#644 = VECTOR('',#645,1.);
#645 = DIRECTION('',(-0.,1.,0.));
#646 = ORIENTED_EDGE('',*,*,#647,.T.);
#647 = EDGE_CURVE('',#640,#648,#650,.T.);
#648 = VERTEX_POINT('',#649);
#649 = CARTESIAN_POINT('',(-106.,219.8,35.04));
#650 = LINE('',#651,#652);
#651 = CARTESIAN_POINT('',(-106.,219.8,9.54));
#652 = VECTOR('',#653,1.);
#653 = DIRECTION('',(0.,0.,1.));
#654 = ORIENTED_EDGE('',*,*,#655,.F.);
#655 = EDGE_CURVE('',#656,#648,#658,.T.);
#656 = VERTEX_POINT('',#657);
#657 = CARTESIAN_POINT('',(-106.,-8.,35.04));
#658 = LINE('',#659,#660);
#659 = CARTESIAN_POINT('',(-106.,24.,35.04));
#660 = VECTOR('',#661,1.);
#661 = DIRECTION('',(-0.,1.,0.));
#662 = ORIENTED_EDGE('',*,*,#663,.T.);
#663 = EDGE_CURVE('',#656,#664,#666,.T.);
#664 = VERTEX_POINT('',#665);
#665 = CARTESIAN_POINT('',(-106.,-8.,39.54));
#666 = LINE('',#667,#668);
#667 = CARTESIAN_POINT('',(-106.,-8.,35.04));
#668 = VECTOR('',#669,1.);
#669 = DIRECTION('',(0.,0.,1.));
#670 = ORIENTED_EDGE('',*,*,#671,.T.);
#671 = EDGE_CURVE('',#664,#672,#674,.T.);
#672 = VERTEX_POINT('',#673);
#673 = CARTESIAN_POINT('',(-106.,228.015,39.54));
#674 = LINE('',#675,#676);
#675 = CARTESIAN_POINT('',(-106.,216.,39.54));
#676 = VECTOR('',#677,1.);
#677 = DIRECTION('',(-0.,1.,0.));
#678 = ORIENTED_EDGE('',*,*,#679,.F.);
#679 = EDGE_CURVE('',#551,#672,#680,.T.);
#680 = LINE('',#681,#682);
#681 = CARTESIAN_POINT('',(-106.,228.015,35.04));
#682 = VECTOR('',#683,1.);
#683 = DIRECTION('',(0.,0.,1.));
#684 = ORIENTED_EDGE('',*,*,#624,.F.);
#685 = PLANE('',#686);
#686 = AXIS2_PLACEMENT_3D('',#687,#688,#689);
#687 = CARTESIAN_POINT('',(-106.,126.73530371486,24.432853915663));
#688 = DIRECTION('',(-1.,-0.,-0.));
#689 = DIRECTION('',(0.,0.,-1.));
#690 = ADVANCED_FACE('',(#691),#709,.T.);
#691 = FACE_BOUND('',#692,.T.);
#692 = EDGE_LOOP('',(#693,#694,#695,#703));
#693 = ORIENTED_EDGE('',*,*,#639,.F.);
#694 = ORIENTED_EDGE('',*,*,#111,.T.);
#695 = ORIENTED_EDGE('',*,*,#696,.T.);
#696 = EDGE_CURVE('',#104,#697,#699,.T.);
#697 = VERTEX_POINT('',#698);
#698 = CARTESIAN_POINT('',(-105.9429355281,219.8,14.595555555556));
#699 = LINE('',#700,#701);
#700 = CARTESIAN_POINT('',(-105.9429355281,24.,14.595555555556));
#701 = VECTOR('',#702,1.);
#702 = DIRECTION('',(0.,1.,0.));
#703 = ORIENTED_EDGE('',*,*,#704,.T.);
#704 = EDGE_CURVE('',#697,#640,#705,.T.);
#705 = LINE('',#706,#707);
#706 = CARTESIAN_POINT('',(-106.2144320928,219.8,11.952379865602));
#707 = VECTOR('',#708,1.);
#708 = DIRECTION('',(-0.102178442416,0.,-0.994766086025));
#709 = PLANE('',#710);
#710 = AXIS2_PLACEMENT_3D('',#711,#712,#713);
#711 = CARTESIAN_POINT('',(-105.971467764,119.,14.317777777778));
#712 = DIRECTION('',(-0.994766086025,-0.,0.102178442416));
#713 = DIRECTION('',(-0.102178442416,0.,-0.994766086025));
#714 = ADVANCED_FACE('',(#715),#733,.T.);
#715 = FACE_BOUND('',#716,.T.);
#716 = EDGE_LOOP('',(#717,#718,#719,#727));
#717 = ORIENTED_EDGE('',*,*,#696,.F.);
#718 = ORIENTED_EDGE('',*,*,#103,.T.);
#719 = ORIENTED_EDGE('',*,*,#720,.T.);
#720 = EDGE_CURVE('',#96,#721,#723,.T.);
#721 = VERTEX_POINT('',#722);
#722 = CARTESIAN_POINT('',(-105.780521262,219.8,15.151111111111));
#723 = LINE('',#724,#725);
#724 = CARTESIAN_POINT('',(-105.780521262,24.,15.151111111111));
#725 = VECTOR('',#726,1.);
#726 = DIRECTION('',(0.,1.,0.));
#727 = ORIENTED_EDGE('',*,*,#728,.T.);
#728 = EDGE_CURVE('',#721,#697,#729,.T.);
#729 = LINE('',#730,#731);
#730 = CARTESIAN_POINT('',(-106.5853781827,219.8,12.398011002102));
#731 = VECTOR('',#732,1.);
#732 = DIRECTION('',(-0.280600582118,0.,-0.959824626333));
#733 = PLANE('',#734);
#734 = AXIS2_PLACEMENT_3D('',#735,#736,#737);
#735 = CARTESIAN_POINT('',(-105.861728395,119.,14.873333333333));
#736 = DIRECTION('',(-0.959824626333,-0.,0.280600582118));
#737 = DIRECTION('',(-0.280600582118,0.,-0.959824626333));
#738 = ADVANCED_FACE('',(#739),#757,.T.);
#739 = FACE_BOUND('',#740,.T.);
#740 = EDGE_LOOP('',(#741,#742,#743,#751));
#741 = ORIENTED_EDGE('',*,*,#720,.F.);
#742 = ORIENTED_EDGE('',*,*,#95,.T.);
#743 = ORIENTED_EDGE('',*,*,#744,.T.);
#744 = EDGE_CURVE('',#88,#745,#747,.T.);
#745 = VERTEX_POINT('',#746);
#746 = CARTESIAN_POINT('',(-105.5259259259,219.8,15.706666666667));
#747 = LINE('',#748,#749);
#748 = CARTESIAN_POINT('',(-105.5259259259,24.,15.706666666667));
#749 = VECTOR('',#750,1.);
#750 = DIRECTION('',(0.,1.,0.));
#751 = ORIENTED_EDGE('',*,*,#752,.T.);
#752 = EDGE_CURVE('',#745,#721,#753,.T.);
#753 = LINE('',#754,#755);
#754 = CARTESIAN_POINT('',(-106.7984750831,219.8,12.92982179237));
#755 = VECTOR('',#756,1.);
#756 = DIRECTION('',(-0.416608335402,0.,-0.909086076713));
#757 = PLANE('',#758);
#758 = AXIS2_PLACEMENT_3D('',#759,#760,#761);
#759 = CARTESIAN_POINT('',(-105.6532235939,119.,15.428888888889));
#760 = DIRECTION('',(-0.909086076713,-0.,0.416608335402));
#761 = DIRECTION('',(-0.416608335402,0.,-0.909086076713));
#762 = ADVANCED_FACE('',(#763),#781,.T.);
#763 = FACE_BOUND('',#764,.T.);
#764 = EDGE_LOOP('',(#765,#766,#767,#775));
#765 = ORIENTED_EDGE('',*,*,#744,.F.);
#766 = ORIENTED_EDGE('',*,*,#87,.T.);
#767 = ORIENTED_EDGE('',*,*,#768,.T.);
#768 = EDGE_CURVE('',#80,#769,#771,.T.);
#769 = VERTEX_POINT('',#770);
#770 = CARTESIAN_POINT('',(-105.1923182441,219.8,16.262222222222));
#771 = LINE('',#772,#773);
#772 = CARTESIAN_POINT('',(-105.1923182441,24.,16.262222222222));
#773 = VECTOR('',#774,1.);
#774 = DIRECTION('',(0.,1.,0.));
#775 = ORIENTED_EDGE('',*,*,#776,.T.);
#776 = EDGE_CURVE('',#769,#745,#777,.T.);
#777 = LINE('',#778,#779);
#778 = CARTESIAN_POINT('',(-106.866165553,219.8,13.474770906064));
#779 = VECTOR('',#780,1.);
#780 = DIRECTION('',(-0.514807016402,0.,-0.857306092282));
#781 = PLANE('',#782);
#782 = AXIS2_PLACEMENT_3D('',#783,#784,#785);
#783 = CARTESIAN_POINT('',(-105.359122085,119.,15.984444444444));
#784 = DIRECTION('',(-0.857306092282,-0.,0.514807016402));
#785 = DIRECTION('',(-0.514807016402,0.,-0.857306092282));
#786 = ADVANCED_FACE('',(#787),#805,.T.);
#787 = FACE_BOUND('',#788,.T.);
#788 = EDGE_LOOP('',(#789,#790,#791,#799));
#789 = ORIENTED_EDGE('',*,*,#768,.F.);
#790 = ORIENTED_EDGE('',*,*,#79,.T.);
#791 = ORIENTED_EDGE('',*,*,#792,.T.);
#792 = EDGE_CURVE('',#72,#793,#795,.T.);
#793 = VERTEX_POINT('',#794);
#794 = CARTESIAN_POINT('',(-104.792866941,219.8,16.817777777778));
#795 = LINE('',#796,#797);
#796 = CARTESIAN_POINT('',(-104.792866941,24.,16.817777777778));
#797 = VECTOR('',#798,1.);
#798 = DIRECTION('',(0.,1.,0.));
#799 = ORIENTED_EDGE('',*,*,#800,.T.);
#800 = EDGE_CURVE('',#793,#769,#801,.T.);
#801 = LINE('',#802,#803);
#802 = CARTESIAN_POINT('',(-106.8231701907,219.8,13.9940387113));
#803 = VECTOR('',#804,1.);
#804 = DIRECTION('',(-0.583776486487,0.,-0.811914412869));
#805 = PLANE('',#806);
#806 = AXIS2_PLACEMENT_3D('',#807,#808,#809);
#807 = CARTESIAN_POINT('',(-104.9925925925,119.,16.54));
#808 = DIRECTION('',(-0.811914412869,-0.,0.583776486487));
#809 = DIRECTION('',(-0.583776486487,0.,-0.811914412869));
#810 = ADVANCED_FACE('',(#811),#829,.T.);
#811 = FACE_BOUND('',#812,.T.);
#812 = EDGE_LOOP('',(#813,#814,#815,#823));
#813 = ORIENTED_EDGE('',*,*,#792,.F.);
#814 = ORIENTED_EDGE('',*,*,#71,.T.);
#815 = ORIENTED_EDGE('',*,*,#816,.T.);
#816 = EDGE_CURVE('',#64,#817,#819,.T.);
#817 = VERTEX_POINT('',#818);
#818 = CARTESIAN_POINT('',(-104.3407407407,219.8,17.373333333333));
#819 = LINE('',#820,#821);
#820 = CARTESIAN_POINT('',(-104.3407407407,24.,17.373333333333));
#821 = VECTOR('',#822,1.);
#822 = DIRECTION('',(0.,1.,0.));
#823 = ORIENTED_EDGE('',*,*,#824,.T.);
#824 = EDGE_CURVE('',#817,#793,#825,.T.);
#825 = LINE('',#826,#827);
#826 = CARTESIAN_POINT('',(-106.7018217643,219.8,14.472126371713));
#827 = VECTOR('',#828,1.);
#828 = DIRECTION('',(-0.631212461229,0.,-0.77560997208));
#829 = PLANE('',#830);
#830 = AXIS2_PLACEMENT_3D('',#831,#832,#833);
#831 = CARTESIAN_POINT('',(-104.5668038408,119.,17.095555555556));
#832 = DIRECTION('',(-0.77560997208,-0.,0.631212461229));
#833 = DIRECTION('',(-0.631212461229,0.,-0.77560997208));
#834 = ADVANCED_FACE('',(#835),#853,.T.);
#835 = FACE_BOUND('',#836,.T.);
#836 = EDGE_LOOP('',(#837,#838,#839,#847));
#837 = ORIENTED_EDGE('',*,*,#816,.F.);
#838 = ORIENTED_EDGE('',*,*,#63,.T.);
#839 = ORIENTED_EDGE('',*,*,#840,.T.);
#840 = EDGE_CURVE('',#56,#841,#843,.T.);
#841 = VERTEX_POINT('',#842);
#842 = CARTESIAN_POINT('',(-103.8491083676,219.8,17.928888888889));
#843 = LINE('',#844,#845);
#844 = CARTESIAN_POINT('',(-103.8491083676,24.,17.928888888889));
#845 = VECTOR('',#846,1.);
#846 = DIRECTION('',(0.,1.,0.));
#847 = ORIENTED_EDGE('',*,*,#848,.T.);
#848 = EDGE_CURVE('',#841,#817,#849,.T.);
#849 = LINE('',#850,#851);
#850 = CARTESIAN_POINT('',(-106.5259858159,219.8,14.903957620558));
#851 = VECTOR('',#852,1.);
#852 = DIRECTION('',(-0.662709521533,0.,-0.748876551956));
#853 = PLANE('',#854);
#854 = AXIS2_PLACEMENT_3D('',#855,#856,#857);
#855 = CARTESIAN_POINT('',(-104.0949245541,119.,17.651111111111));
#856 = DIRECTION('',(-0.748876551956,-0.,0.662709521533));
#857 = DIRECTION('',(-0.662709521533,0.,-0.748876551956));
#858 = ADVANCED_FACE('',(#859),#893,.T.);
#859 = FACE_BOUND('',#860,.T.);
#860 = EDGE_LOOP('',(#861,#862,#863,#871,#879,#887));
#861 = ORIENTED_EDGE('',*,*,#840,.F.);
#862 = ORIENTED_EDGE('',*,*,#55,.T.);
#863 = ORIENTED_EDGE('',*,*,#864,.T.);
#864 = EDGE_CURVE('',#48,#865,#867,.T.);
#865 = VERTEX_POINT('',#866);
#866 = CARTESIAN_POINT('',(-103.7828082304,-8.,18.));
#867 = LINE('',#868,#869);
#868 = CARTESIAN_POINT('',(-103.7828082304,-8.,18.));
#869 = VECTOR('',#870,1.);
#870 = DIRECTION('',(0.,-1.,0.));
#871 = ORIENTED_EDGE('',*,*,#872,.F.);
#872 = EDGE_CURVE('',#873,#865,#875,.T.);
#873 = VERTEX_POINT('',#874);
#874 = CARTESIAN_POINT('',(-103.3311385459,-8.,18.484444444444));
#875 = LINE('',#876,#877);
#876 = CARTESIAN_POINT('',(-103.3311385459,-8.,18.484444444444));
#877 = VECTOR('',#878,1.);
#878 = DIRECTION('',(-0.681932082106,0.,-0.731415501199));
#879 = ORIENTED_EDGE('',*,*,#880,.T.);
#880 = EDGE_CURVE('',#873,#881,#883,.T.);
#881 = VERTEX_POINT('',#882);
#882 = CARTESIAN_POINT('',(-103.3311385459,219.8,18.484444444444));
#883 = LINE('',#884,#885);
#884 = CARTESIAN_POINT('',(-103.3311385459,24.,18.484444444444));
#885 = VECTOR('',#886,1.);
#886 = DIRECTION('',(0.,1.,0.));
#887 = ORIENTED_EDGE('',*,*,#888,.T.);
#888 = EDGE_CURVE('',#881,#841,#889,.T.);
#889 = LINE('',#890,#891);
#890 = CARTESIAN_POINT('',(-106.3099350336,219.8,15.289495881158));
#891 = VECTOR('',#892,1.);
#892 = DIRECTION('',(-0.681932082106,0.,-0.731415501199));
#893 = PLANE('',#894);
#894 = AXIS2_PLACEMENT_3D('',#895,#896,#897);
#895 = CARTESIAN_POINT('',(-103.5863557376,106.0055250651,
    18.210707784929));
#896 = DIRECTION('',(-0.731415501199,-0.,0.681932082106));
#897 = DIRECTION('',(-0.681932082106,0.,-0.731415501199));
#898 = ADVANCED_FACE('',(#899),#917,.T.);
#899 = FACE_BOUND('',#900,.T.);
#900 = EDGE_LOOP('',(#901,#902,#910,#916));
#901 = ORIENTED_EDGE('',*,*,#47,.F.);
#902 = ORIENTED_EDGE('',*,*,#903,.F.);
#903 = EDGE_CURVE('',#904,#40,#906,.T.);
#904 = VERTEX_POINT('',#905);
#905 = CARTESIAN_POINT('',(-109.,-8.,18.));
#906 = LINE('',#907,#908);
#907 = CARTESIAN_POINT('',(-109.,-8.,18.));
#908 = VECTOR('',#909,1.);
#909 = DIRECTION('',(-0.,1.,0.));
#910 = ORIENTED_EDGE('',*,*,#911,.T.);
#911 = EDGE_CURVE('',#904,#865,#912,.T.);
#912 = LINE('',#913,#914);
#913 = CARTESIAN_POINT('',(-109.,-8.,18.));
#914 = VECTOR('',#915,1.);
#915 = DIRECTION('',(1.,0.,-0.));
#916 = ORIENTED_EDGE('',*,*,#864,.F.);
#917 = PLANE('',#918);
#918 = AXIS2_PLACEMENT_3D('',#919,#920,#921);
#919 = CARTESIAN_POINT('',(-109.,-8.,18.));
#920 = DIRECTION('',(0.,0.,1.));
#921 = DIRECTION('',(1.,0.,-0.));
#922 = ADVANCED_FACE('',(#923),#967,.F.);
#923 = FACE_BOUND('',#924,.F.);
#924 = EDGE_LOOP('',(#925,#926,#934,#942,#951,#960,#966));
#925 = ORIENTED_EDGE('',*,*,#903,.F.);
#926 = ORIENTED_EDGE('',*,*,#927,.F.);
#927 = EDGE_CURVE('',#928,#904,#930,.T.);
#928 = VERTEX_POINT('',#929);
#929 = CARTESIAN_POINT('',(-109.,-8.,0.));
#930 = LINE('',#931,#932);
#931 = CARTESIAN_POINT('',(-109.,-8.,0.));
#932 = VECTOR('',#933,1.);
#933 = DIRECTION('',(0.,0.,1.));
#934 = ORIENTED_EDGE('',*,*,#935,.T.);
#935 = EDGE_CURVE('',#928,#936,#938,.T.);
#936 = VERTEX_POINT('',#937);
#937 = CARTESIAN_POINT('',(-109.,-6.26,0.));
#938 = LINE('',#939,#940);
#939 = CARTESIAN_POINT('',(-109.,-8.,0.));
#940 = VECTOR('',#941,1.);
#941 = DIRECTION('',(-0.,1.,0.));
#942 = ORIENTED_EDGE('',*,*,#943,.F.);
#943 = EDGE_CURVE('',#944,#936,#946,.T.);
#944 = VERTEX_POINT('',#945);
#945 = CARTESIAN_POINT('',(-109.,1.533257792532E-15,6.26));
#946 = CIRCLE('',#947,6.26);
#947 = AXIS2_PLACEMENT_3D('',#948,#949,#950);
#948 = CARTESIAN_POINT('',(-109.,0.,0.));
#949 = DIRECTION('',(1.,0.,0.));
#950 = DIRECTION('',(-0.,0.,1.));
#951 = ORIENTED_EDGE('',*,*,#952,.F.);
#952 = EDGE_CURVE('',#953,#944,#955,.T.);
#953 = VERTEX_POINT('',#954);
#954 = CARTESIAN_POINT('',(-109.,6.26,0.));
#955 = CIRCLE('',#956,6.26);
#956 = AXIS2_PLACEMENT_3D('',#957,#958,#959);
#957 = CARTESIAN_POINT('',(-109.,0.,0.));
#958 = DIRECTION('',(1.,0.,0.));
#959 = DIRECTION('',(-0.,0.,1.));
#960 = ORIENTED_EDGE('',*,*,#961,.T.);
#961 = EDGE_CURVE('',#953,#32,#962,.T.);
#962 = LINE('',#963,#964);
#963 = CARTESIAN_POINT('',(-109.,-8.,0.));
#964 = VECTOR('',#965,1.);
#965 = DIRECTION('',(-0.,1.,0.));
#966 = ORIENTED_EDGE('',*,*,#39,.T.);
#967 = PLANE('',#968);
#968 = AXIS2_PLACEMENT_3D('',#969,#970,#971);
#969 = CARTESIAN_POINT('',(-109.,-8.,0.));
#970 = DIRECTION('',(1.,0.,-0.));
#971 = DIRECTION('',(0.,0.,1.));
#972 = ADVANCED_FACE('',(#973,#984),#995,.F.);
#973 = FACE_BOUND('',#974,.F.);
#974 = EDGE_LOOP('',(#975,#981,#982,#983));
#975 = ORIENTED_EDGE('',*,*,#976,.T.);
#976 = EDGE_CURVE('',#953,#255,#977,.T.);
#977 = LINE('',#978,#979);
#978 = CARTESIAN_POINT('',(-110.,6.26,0.));
#979 = VECTOR('',#980,1.);
#980 = DIRECTION('',(1.,0.,0.));
#981 = ORIENTED_EDGE('',*,*,#263,.T.);
#982 = ORIENTED_EDGE('',*,*,#31,.F.);
#983 = ORIENTED_EDGE('',*,*,#961,.F.);
#984 = FACE_BOUND('',#985,.F.);
#985 = EDGE_LOOP('',(#986));
#986 = ORIENTED_EDGE('',*,*,#987,.F.);
#987 = EDGE_CURVE('',#988,#988,#990,.T.);
#988 = VERTEX_POINT('',#989);
#989 = CARTESIAN_POINT('',(-87.7,11.,0.));
#990 = CIRCLE('',#991,2.3);
#991 = AXIS2_PLACEMENT_3D('',#992,#993,#994);
#992 = CARTESIAN_POINT('',(-90.,11.,0.));
#993 = DIRECTION('',(0.,0.,1.));
#994 = DIRECTION('',(1.,0.,-0.));
#995 = PLANE('',#996);
#996 = AXIS2_PLACEMENT_3D('',#997,#998,#999);
#997 = CARTESIAN_POINT('',(-109.,-8.,0.));
#998 = DIRECTION('',(0.,0.,1.));
#999 = DIRECTION('',(1.,0.,-0.));
#1000 = ADVANCED_FACE('',(#1001),#1048,.F.);
#1001 = FACE_BOUND('',#1002,.F.);
#1002 = EDGE_LOOP('',(#1003,#1011,#1020,#1028,#1037,#1043,#1044,#1045,
    #1046,#1047));
#1003 = ORIENTED_EDGE('',*,*,#1004,.T.);
#1004 = EDGE_CURVE('',#936,#1005,#1007,.T.);
#1005 = VERTEX_POINT('',#1006);
#1006 = CARTESIAN_POINT('',(-99.,-6.26,0.));
#1007 = LINE('',#1008,#1009);
#1008 = CARTESIAN_POINT('',(-110.,-6.26,0.));
#1009 = VECTOR('',#1010,1.);
#1010 = DIRECTION('',(1.,0.,0.));
#1011 = ORIENTED_EDGE('',*,*,#1012,.T.);
#1012 = EDGE_CURVE('',#1005,#1013,#1015,.T.);
#1013 = VERTEX_POINT('',#1014);
#1014 = CARTESIAN_POINT('',(-99.,-5.400873841802,-3.165147981523));
#1015 = CIRCLE('',#1016,6.26);
#1016 = AXIS2_PLACEMENT_3D('',#1017,#1018,#1019);
#1017 = CARTESIAN_POINT('',(-99.,0.,0.));
#1018 = DIRECTION('',(1.,0.,0.));
#1019 = DIRECTION('',(-0.,0.,1.));
#1020 = ORIENTED_EDGE('',*,*,#1021,.T.);
#1021 = EDGE_CURVE('',#1013,#1022,#1024,.T.);
#1022 = VERTEX_POINT('',#1023);
#1023 = CARTESIAN_POINT('',(-81.,-5.400873841802,-3.165147981523));
#1024 = LINE('',#1025,#1026);
#1025 = CARTESIAN_POINT('',(-99.,-5.400873841802,-3.165147981523));
#1026 = VECTOR('',#1027,1.);
#1027 = DIRECTION('',(1.,0.,0.));
#1028 = ORIENTED_EDGE('',*,*,#1029,.F.);
#1029 = EDGE_CURVE('',#1030,#1022,#1032,.T.);
#1030 = VERTEX_POINT('',#1031);
#1031 = CARTESIAN_POINT('',(-81.,-6.26,0.));
#1032 = CIRCLE('',#1033,6.26);
#1033 = AXIS2_PLACEMENT_3D('',#1034,#1035,#1036);
#1034 = CARTESIAN_POINT('',(-81.,0.,0.));
#1035 = DIRECTION('',(1.,0.,0.));
#1036 = DIRECTION('',(-0.,0.,1.));
#1037 = ORIENTED_EDGE('',*,*,#1038,.T.);
#1038 = EDGE_CURVE('',#1030,#238,#1039,.T.);
#1039 = LINE('',#1040,#1041);
#1040 = CARTESIAN_POINT('',(-110.,-6.26,0.));
#1041 = VECTOR('',#1042,1.);
#1042 = DIRECTION('',(1.,0.,0.));
#1043 = ORIENTED_EDGE('',*,*,#245,.F.);
#1044 = ORIENTED_EDGE('',*,*,#254,.F.);
#1045 = ORIENTED_EDGE('',*,*,#976,.F.);
#1046 = ORIENTED_EDGE('',*,*,#952,.T.);
#1047 = ORIENTED_EDGE('',*,*,#943,.T.);
#1048 = CYLINDRICAL_SURFACE('',#1049,6.26);
#1049 = AXIS2_PLACEMENT_3D('',#1050,#1051,#1052);
#1050 = CARTESIAN_POINT('',(-110.,0.,0.));
#1051 = DIRECTION('',(1.,0.,0.));
#1052 = DIRECTION('',(-0.,0.,1.));
#1053 = ADVANCED_FACE('',(#1054),#1072,.F.);
#1054 = FACE_BOUND('',#1055,.F.);
#1055 = EDGE_LOOP('',(#1056,#1064,#1065,#1066));
#1056 = ORIENTED_EDGE('',*,*,#1057,.T.);
#1057 = EDGE_CURVE('',#1058,#230,#1060,.T.);
#1058 = VERTEX_POINT('',#1059);
#1059 = CARTESIAN_POINT('',(-81.,-8.,0.));
#1060 = LINE('',#1061,#1062);
#1061 = CARTESIAN_POINT('',(-109.,-8.,0.));
#1062 = VECTOR('',#1063,1.);
#1063 = DIRECTION('',(1.,0.,-0.));
#1064 = ORIENTED_EDGE('',*,*,#237,.T.);
#1065 = ORIENTED_EDGE('',*,*,#1038,.F.);
#1066 = ORIENTED_EDGE('',*,*,#1067,.F.);
#1067 = EDGE_CURVE('',#1058,#1030,#1068,.T.);
#1068 = LINE('',#1069,#1070);
#1069 = CARTESIAN_POINT('',(-81.,-10.,0.));
#1070 = VECTOR('',#1071,1.);
#1071 = DIRECTION('',(0.,1.,0.));
#1072 = PLANE('',#1073);
#1073 = AXIS2_PLACEMENT_3D('',#1074,#1075,#1076);
#1074 = CARTESIAN_POINT('',(-109.,-8.,0.));
#1075 = DIRECTION('',(0.,0.,1.));
#1076 = DIRECTION('',(1.,0.,-0.));
#1077 = ADVANCED_FACE('',(#1078,#1562),#1596,.T.);
#1078 = FACE_BOUND('',#1079,.T.);
#1079 = EDGE_LOOP('',(#1080,#1090,#1096,#1097,#1098,#1099,#1100,#1108,
    #1116,#1124,#1132,#1140,#1148,#1156,#1164,#1172,#1180,#1188,#1196,
    #1204,#1212,#1220,#1228,#1236,#1244,#1252,#1260,#1268,#1276,#1284,
    #1292,#1300,#1308,#1316,#1324,#1330,#1331,#1339,#1347,#1355,#1363,
    #1371,#1379,#1387,#1395,#1403,#1411,#1419,#1427,#1435,#1443,#1451,
    #1459,#1467,#1475,#1483,#1491,#1499,#1507,#1515,#1523,#1531,#1539,
    #1545,#1546,#1547,#1548,#1556));
#1080 = ORIENTED_EDGE('',*,*,#1081,.T.);
#1081 = EDGE_CURVE('',#1082,#1084,#1086,.T.);
#1082 = VERTEX_POINT('',#1083);
#1083 = CARTESIAN_POINT('',(-99.,-8.,13.));
#1084 = VERTEX_POINT('',#1085);
#1085 = CARTESIAN_POINT('',(-81.,-8.,13.));
#1086 = LINE('',#1087,#1088);
#1087 = CARTESIAN_POINT('',(-99.,-8.,13.));
#1088 = VECTOR('',#1089,1.);
#1089 = DIRECTION('',(1.,0.,0.));
#1090 = ORIENTED_EDGE('',*,*,#1091,.T.);
#1091 = EDGE_CURVE('',#1084,#1058,#1092,.T.);
#1092 = LINE('',#1093,#1094);
#1093 = CARTESIAN_POINT('',(-81.,-8.,3.013509448515));
#1094 = VECTOR('',#1095,1.);
#1095 = DIRECTION('',(0.,0.,-1.));
#1096 = ORIENTED_EDGE('',*,*,#1057,.T.);
#1097 = ORIENTED_EDGE('',*,*,#229,.T.);
#1098 = ORIENTED_EDGE('',*,*,#287,.F.);
#1099 = ORIENTED_EDGE('',*,*,#327,.F.);
#1100 = ORIENTED_EDGE('',*,*,#1101,.F.);
#1101 = EDGE_CURVE('',#1102,#320,#1104,.T.);
#1102 = VERTEX_POINT('',#1103);
#1103 = CARTESIAN_POINT('',(-77.73113854595,-8.,19.595555555556));
#1104 = LINE('',#1105,#1106);
#1105 = CARTESIAN_POINT('',(-77.2,-8.,19.04));
#1106 = VECTOR('',#1107,1.);
#1107 = DIRECTION('',(0.691044328918,0.,-0.722812379162));
#1108 = ORIENTED_EDGE('',*,*,#1109,.F.);
#1109 = EDGE_CURVE('',#1110,#1102,#1112,.T.);
#1110 = VERTEX_POINT('',#1111);
#1111 = CARTESIAN_POINT('',(-78.24910836762,-8.,20.151111111111));
#1112 = LINE('',#1113,#1114);
#1113 = CARTESIAN_POINT('',(-78.24910836762,-8.,20.151111111111));
#1114 = VECTOR('',#1115,1.);
#1115 = DIRECTION('',(0.681932082106,0.,-0.731415501199));
#1116 = ORIENTED_EDGE('',*,*,#1117,.F.);
#1117 = EDGE_CURVE('',#1118,#1110,#1120,.T.);
#1118 = VERTEX_POINT('',#1119);
#1119 = CARTESIAN_POINT('',(-78.74074074074,-8.,20.706666666667));
#1120 = LINE('',#1121,#1122);
#1121 = CARTESIAN_POINT('',(-78.74074074074,-8.,20.706666666667));
#1122 = VECTOR('',#1123,1.);
#1123 = DIRECTION('',(0.662709521533,0.,-0.748876551956));
#1124 = ORIENTED_EDGE('',*,*,#1125,.F.);
#1125 = EDGE_CURVE('',#1126,#1118,#1128,.T.);
#1126 = VERTEX_POINT('',#1127);
#1127 = CARTESIAN_POINT('',(-79.19286694101,-8.,21.262222222222));
#1128 = LINE('',#1129,#1130);
#1129 = CARTESIAN_POINT('',(-79.19286694101,-8.,21.262222222222));
#1130 = VECTOR('',#1131,1.);
#1131 = DIRECTION('',(0.631212461229,0.,-0.77560997208));
#1132 = ORIENTED_EDGE('',*,*,#1133,.F.);
#1133 = EDGE_CURVE('',#1134,#1126,#1136,.T.);
#1134 = VERTEX_POINT('',#1135);
#1135 = CARTESIAN_POINT('',(-79.59231824417,-8.,21.817777777778));
#1136 = LINE('',#1137,#1138);
#1137 = CARTESIAN_POINT('',(-79.59231824417,-8.,21.817777777778));
#1138 = VECTOR('',#1139,1.);
#1139 = DIRECTION('',(0.583776486487,0.,-0.811914412869));
#1140 = ORIENTED_EDGE('',*,*,#1141,.F.);
#1141 = EDGE_CURVE('',#1142,#1134,#1144,.T.);
#1142 = VERTEX_POINT('',#1143);
#1143 = CARTESIAN_POINT('',(-79.92592592592,-8.,22.373333333333));
#1144 = LINE('',#1145,#1146);
#1145 = CARTESIAN_POINT('',(-79.92592592592,-8.,22.373333333333));
#1146 = VECTOR('',#1147,1.);
#1147 = DIRECTION('',(0.514807016402,0.,-0.857306092282));
#1148 = ORIENTED_EDGE('',*,*,#1149,.F.);
#1149 = EDGE_CURVE('',#1150,#1142,#1152,.T.);
#1150 = VERTEX_POINT('',#1151);
#1151 = CARTESIAN_POINT('',(-80.180521262,-8.,22.928888888889));
#1152 = LINE('',#1153,#1154);
#1153 = CARTESIAN_POINT('',(-80.180521262,-8.,22.928888888889));
#1154 = VECTOR('',#1155,1.);
#1155 = DIRECTION('',(0.416608335402,0.,-0.909086076713));
#1156 = ORIENTED_EDGE('',*,*,#1157,.F.);
#1157 = EDGE_CURVE('',#1158,#1150,#1160,.T.);
#1158 = VERTEX_POINT('',#1159);
#1159 = CARTESIAN_POINT('',(-80.34293552812,-8.,23.484444444444));
#1160 = LINE('',#1161,#1162);
#1161 = CARTESIAN_POINT('',(-80.34293552812,-8.,23.484444444444));
#1162 = VECTOR('',#1163,1.);
#1163 = DIRECTION('',(0.280600582118,0.,-0.959824626333));
#1164 = ORIENTED_EDGE('',*,*,#1165,.F.);
#1165 = EDGE_CURVE('',#1166,#1158,#1168,.T.);
#1166 = VERTEX_POINT('',#1167);
#1167 = CARTESIAN_POINT('',(-80.4,-8.,24.04));
#1168 = LINE('',#1169,#1170);
#1169 = CARTESIAN_POINT('',(-80.4,-8.,24.04));
#1170 = VECTOR('',#1171,1.);
#1171 = DIRECTION('',(0.102178442416,0.,-0.994766086025));
#1172 = ORIENTED_EDGE('',*,*,#1173,.T.);
#1173 = EDGE_CURVE('',#1166,#1174,#1176,.T.);
#1174 = VERTEX_POINT('',#1175);
#1175 = CARTESIAN_POINT('',(-80.4,-8.,25.04));
#1176 = LINE('',#1177,#1178);
#1177 = CARTESIAN_POINT('',(-80.4,-8.,14.04));
#1178 = VECTOR('',#1179,1.);
#1179 = DIRECTION('',(0.,0.,1.));
#1180 = ORIENTED_EDGE('',*,*,#1181,.T.);
#1181 = EDGE_CURVE('',#1174,#1182,#1184,.T.);
#1182 = VERTEX_POINT('',#1183);
#1183 = CARTESIAN_POINT('',(-80.34293552812,-8.,25.595555555556));
#1184 = LINE('',#1185,#1186);
#1185 = CARTESIAN_POINT('',(-80.4,-8.,25.04));
#1186 = VECTOR('',#1187,1.);
#1187 = DIRECTION('',(0.102178442416,0.,0.994766086025));
#1188 = ORIENTED_EDGE('',*,*,#1189,.T.);
#1189 = EDGE_CURVE('',#1182,#1190,#1192,.T.);
#1190 = VERTEX_POINT('',#1191);
#1191 = CARTESIAN_POINT('',(-80.180521262,-8.,26.151111111111));
#1192 = LINE('',#1193,#1194);
#1193 = CARTESIAN_POINT('',(-80.34293552812,-8.,25.595555555556));
#1194 = VECTOR('',#1195,1.);
#1195 = DIRECTION('',(0.280600582118,0.,0.959824626333));
#1196 = ORIENTED_EDGE('',*,*,#1197,.T.);
#1197 = EDGE_CURVE('',#1190,#1198,#1200,.T.);
#1198 = VERTEX_POINT('',#1199);
#1199 = CARTESIAN_POINT('',(-79.92592592592,-8.,26.706666666667));
#1200 = LINE('',#1201,#1202);
#1201 = CARTESIAN_POINT('',(-80.180521262,-8.,26.151111111111));
#1202 = VECTOR('',#1203,1.);
#1203 = DIRECTION('',(0.416608335402,0.,0.909086076713));
#1204 = ORIENTED_EDGE('',*,*,#1205,.T.);
#1205 = EDGE_CURVE('',#1198,#1206,#1208,.T.);
#1206 = VERTEX_POINT('',#1207);
#1207 = CARTESIAN_POINT('',(-79.59231824417,-8.,27.262222222222));
#1208 = LINE('',#1209,#1210);
#1209 = CARTESIAN_POINT('',(-79.92592592592,-8.,26.706666666667));
#1210 = VECTOR('',#1211,1.);
#1211 = DIRECTION('',(0.514807016402,0.,0.857306092282));
#1212 = ORIENTED_EDGE('',*,*,#1213,.T.);
#1213 = EDGE_CURVE('',#1206,#1214,#1216,.T.);
#1214 = VERTEX_POINT('',#1215);
#1215 = CARTESIAN_POINT('',(-79.19286694101,-8.,27.817777777778));
#1216 = LINE('',#1217,#1218);
#1217 = CARTESIAN_POINT('',(-79.59231824417,-8.,27.262222222222));
#1218 = VECTOR('',#1219,1.);
#1219 = DIRECTION('',(0.583776486487,0.,0.811914412869));
#1220 = ORIENTED_EDGE('',*,*,#1221,.T.);
#1221 = EDGE_CURVE('',#1214,#1222,#1224,.T.);
#1222 = VERTEX_POINT('',#1223);
#1223 = CARTESIAN_POINT('',(-78.74074074074,-8.,28.373333333333));
#1224 = LINE('',#1225,#1226);
#1225 = CARTESIAN_POINT('',(-79.19286694101,-8.,27.817777777778));
#1226 = VECTOR('',#1227,1.);
#1227 = DIRECTION('',(0.631212461229,0.,0.77560997208));
#1228 = ORIENTED_EDGE('',*,*,#1229,.T.);
#1229 = EDGE_CURVE('',#1222,#1230,#1232,.T.);
#1230 = VERTEX_POINT('',#1231);
#1231 = CARTESIAN_POINT('',(-78.24910836762,-8.,28.928888888889));
#1232 = LINE('',#1233,#1234);
#1233 = CARTESIAN_POINT('',(-78.74074074074,-8.,28.373333333333));
#1234 = VECTOR('',#1235,1.);
#1235 = DIRECTION('',(0.662709521533,0.,0.748876551956));
#1236 = ORIENTED_EDGE('',*,*,#1237,.T.);
#1237 = EDGE_CURVE('',#1230,#1238,#1240,.T.);
#1238 = VERTEX_POINT('',#1239);
#1239 = CARTESIAN_POINT('',(-77.73113854595,-8.,29.484444444444));
#1240 = LINE('',#1241,#1242);
#1241 = CARTESIAN_POINT('',(-78.24910836762,-8.,28.928888888889));
#1242 = VECTOR('',#1243,1.);
#1243 = DIRECTION('',(0.681932082106,0.,0.731415501199));
#1244 = ORIENTED_EDGE('',*,*,#1245,.T.);
#1245 = EDGE_CURVE('',#1238,#1246,#1248,.T.);
#1246 = VERTEX_POINT('',#1247);
#1247 = CARTESIAN_POINT('',(-76.66886145404,-8.,30.595555555556));
#1248 = LINE('',#1249,#1250);
#1249 = CARTESIAN_POINT('',(-77.73113854595,-8.,29.484444444444));
#1250 = VECTOR('',#1251,1.);
#1251 = DIRECTION('',(0.691044328918,0.,0.722812379162));
#1252 = ORIENTED_EDGE('',*,*,#1253,.T.);
#1253 = EDGE_CURVE('',#1246,#1254,#1256,.T.);
#1254 = VERTEX_POINT('',#1255);
#1255 = CARTESIAN_POINT('',(-76.15089163237,-8.,31.151111111111));
#1256 = LINE('',#1257,#1258);
#1257 = CARTESIAN_POINT('',(-76.66886145404,-8.,30.595555555556));
#1258 = VECTOR('',#1259,1.);
#1259 = DIRECTION('',(0.681932082106,0.,0.731415501199));
#1260 = ORIENTED_EDGE('',*,*,#1261,.T.);
#1261 = EDGE_CURVE('',#1254,#1262,#1264,.T.);
#1262 = VERTEX_POINT('',#1263);
#1263 = CARTESIAN_POINT('',(-75.65925925925,-8.,31.706666666667));
#1264 = LINE('',#1265,#1266);
#1265 = CARTESIAN_POINT('',(-76.15089163237,-8.,31.151111111111));
#1266 = VECTOR('',#1267,1.);
#1267 = DIRECTION('',(0.662709521533,0.,0.748876551956));
#1268 = ORIENTED_EDGE('',*,*,#1269,.T.);
#1269 = EDGE_CURVE('',#1262,#1270,#1272,.T.);
#1270 = VERTEX_POINT('',#1271);
#1271 = CARTESIAN_POINT('',(-75.20713305898,-8.,32.262222222222));
#1272 = LINE('',#1273,#1274);
#1273 = CARTESIAN_POINT('',(-75.65925925925,-8.,31.706666666667));
#1274 = VECTOR('',#1275,1.);
#1275 = DIRECTION('',(0.631212461229,0.,0.77560997208));
#1276 = ORIENTED_EDGE('',*,*,#1277,.T.);
#1277 = EDGE_CURVE('',#1270,#1278,#1280,.T.);
#1278 = VERTEX_POINT('',#1279);
#1279 = CARTESIAN_POINT('',(-74.80768175583,-8.,32.817777777778));
#1280 = LINE('',#1281,#1282);
#1281 = CARTESIAN_POINT('',(-75.20713305898,-8.,32.262222222222));
#1282 = VECTOR('',#1283,1.);
#1283 = DIRECTION('',(0.583776486487,0.,0.811914412869));
#1284 = ORIENTED_EDGE('',*,*,#1285,.T.);
#1285 = EDGE_CURVE('',#1278,#1286,#1288,.T.);
#1286 = VERTEX_POINT('',#1287);
#1287 = CARTESIAN_POINT('',(-74.47407407407,-8.,33.373333333333));
#1288 = LINE('',#1289,#1290);
#1289 = CARTESIAN_POINT('',(-74.80768175583,-8.,32.817777777778));
#1290 = VECTOR('',#1291,1.);
#1291 = DIRECTION('',(0.514807016402,0.,0.857306092282));
#1292 = ORIENTED_EDGE('',*,*,#1293,.T.);
#1293 = EDGE_CURVE('',#1286,#1294,#1296,.T.);
#1294 = VERTEX_POINT('',#1295);
#1295 = CARTESIAN_POINT('',(-74.21947873799,-8.,33.928888888889));
#1296 = LINE('',#1297,#1298);
#1297 = CARTESIAN_POINT('',(-74.47407407407,-8.,33.373333333333));
#1298 = VECTOR('',#1299,1.);
#1299 = DIRECTION('',(0.416608335402,0.,0.909086076713));
#1300 = ORIENTED_EDGE('',*,*,#1301,.T.);
#1301 = EDGE_CURVE('',#1294,#1302,#1304,.T.);
#1302 = VERTEX_POINT('',#1303);
#1303 = CARTESIAN_POINT('',(-74.05706447187,-8.,34.484444444444));
#1304 = LINE('',#1305,#1306);
#1305 = CARTESIAN_POINT('',(-74.21947873799,-8.,33.928888888889));
#1306 = VECTOR('',#1307,1.);
#1307 = DIRECTION('',(0.280600582118,0.,0.959824626333));
#1308 = ORIENTED_EDGE('',*,*,#1309,.T.);
#1309 = EDGE_CURVE('',#1302,#1310,#1312,.T.);
#1310 = VERTEX_POINT('',#1311);
#1311 = CARTESIAN_POINT('',(-74.,-8.,35.04));
#1312 = LINE('',#1313,#1314);
#1313 = CARTESIAN_POINT('',(-74.05706447187,-8.,34.484444444444));
#1314 = VECTOR('',#1315,1.);
#1315 = DIRECTION('',(0.102178442416,0.,0.994766086025));
#1316 = ORIENTED_EDGE('',*,*,#1317,.T.);
#1317 = EDGE_CURVE('',#1310,#1318,#1320,.T.);
#1318 = VERTEX_POINT('',#1319);
#1319 = CARTESIAN_POINT('',(-74.,-8.,39.54));
#1320 = LINE('',#1321,#1322);
#1321 = CARTESIAN_POINT('',(-74.,-8.,35.04));
#1322 = VECTOR('',#1323,1.);
#1323 = DIRECTION('',(0.,0.,1.));
#1324 = ORIENTED_EDGE('',*,*,#1325,.F.);
#1325 = EDGE_CURVE('',#664,#1318,#1326,.T.);
#1326 = LINE('',#1327,#1328);
#1327 = CARTESIAN_POINT('',(-106.,-8.,39.54));
#1328 = VECTOR('',#1329,1.);
#1329 = DIRECTION('',(1.,0.,-0.));
#1330 = ORIENTED_EDGE('',*,*,#663,.F.);
#1331 = ORIENTED_EDGE('',*,*,#1332,.F.);
#1332 = EDGE_CURVE('',#1333,#656,#1335,.T.);
#1333 = VERTEX_POINT('',#1334);
#1334 = CARTESIAN_POINT('',(-105.9429355281,-8.,34.484444444444));
#1335 = LINE('',#1336,#1337);
#1336 = CARTESIAN_POINT('',(-105.9429355281,-8.,34.484444444444));
#1337 = VECTOR('',#1338,1.);
#1338 = DIRECTION('',(-0.102178442416,0.,0.994766086025));
#1339 = ORIENTED_EDGE('',*,*,#1340,.F.);
#1340 = EDGE_CURVE('',#1341,#1333,#1343,.T.);
#1341 = VERTEX_POINT('',#1342);
#1342 = CARTESIAN_POINT('',(-105.780521262,-8.,33.928888888889));
#1343 = LINE('',#1344,#1345);
#1344 = CARTESIAN_POINT('',(-105.780521262,-8.,33.928888888889));
#1345 = VECTOR('',#1346,1.);
#1346 = DIRECTION('',(-0.280600582118,0.,0.959824626333));
#1347 = ORIENTED_EDGE('',*,*,#1348,.F.);
#1348 = EDGE_CURVE('',#1349,#1341,#1351,.T.);
#1349 = VERTEX_POINT('',#1350);
#1350 = CARTESIAN_POINT('',(-105.5259259259,-8.,33.373333333333));
#1351 = LINE('',#1352,#1353);
#1352 = CARTESIAN_POINT('',(-105.5259259259,-8.,33.373333333333));
#1353 = VECTOR('',#1354,1.);
#1354 = DIRECTION('',(-0.416608335402,0.,0.909086076713));
#1355 = ORIENTED_EDGE('',*,*,#1356,.F.);
#1356 = EDGE_CURVE('',#1357,#1349,#1359,.T.);
#1357 = VERTEX_POINT('',#1358);
#1358 = CARTESIAN_POINT('',(-105.1923182441,-8.,32.817777777778));
#1359 = LINE('',#1360,#1361);
#1360 = CARTESIAN_POINT('',(-105.1923182441,-8.,32.817777777778));
#1361 = VECTOR('',#1362,1.);
#1362 = DIRECTION('',(-0.514807016402,0.,0.857306092282));
#1363 = ORIENTED_EDGE('',*,*,#1364,.F.);
#1364 = EDGE_CURVE('',#1365,#1357,#1367,.T.);
#1365 = VERTEX_POINT('',#1366);
#1366 = CARTESIAN_POINT('',(-104.792866941,-8.,32.262222222222));
#1367 = LINE('',#1368,#1369);
#1368 = CARTESIAN_POINT('',(-104.792866941,-8.,32.262222222222));
#1369 = VECTOR('',#1370,1.);
#1370 = DIRECTION('',(-0.583776486487,0.,0.811914412869));
#1371 = ORIENTED_EDGE('',*,*,#1372,.F.);
#1372 = EDGE_CURVE('',#1373,#1365,#1375,.T.);
#1373 = VERTEX_POINT('',#1374);
#1374 = CARTESIAN_POINT('',(-104.3407407407,-8.,31.706666666667));
#1375 = LINE('',#1376,#1377);
#1376 = CARTESIAN_POINT('',(-104.3407407407,-8.,31.706666666667));
#1377 = VECTOR('',#1378,1.);
#1378 = DIRECTION('',(-0.631212461229,0.,0.77560997208));
#1379 = ORIENTED_EDGE('',*,*,#1380,.F.);
#1380 = EDGE_CURVE('',#1381,#1373,#1383,.T.);
#1381 = VERTEX_POINT('',#1382);
#1382 = CARTESIAN_POINT('',(-103.8491083676,-8.,31.151111111111));
#1383 = LINE('',#1384,#1385);
#1384 = CARTESIAN_POINT('',(-103.8491083676,-8.,31.151111111111));
#1385 = VECTOR('',#1386,1.);
#1386 = DIRECTION('',(-0.662709521533,0.,0.748876551956));
#1387 = ORIENTED_EDGE('',*,*,#1388,.F.);
#1388 = EDGE_CURVE('',#1389,#1381,#1391,.T.);
#1389 = VERTEX_POINT('',#1390);
#1390 = CARTESIAN_POINT('',(-103.3311385459,-8.,30.595555555556));
#1391 = LINE('',#1392,#1393);
#1392 = CARTESIAN_POINT('',(-103.3311385459,-8.,30.595555555556));
#1393 = VECTOR('',#1394,1.);
#1394 = DIRECTION('',(-0.681932082106,0.,0.731415501199));
#1395 = ORIENTED_EDGE('',*,*,#1396,.F.);
#1396 = EDGE_CURVE('',#1397,#1389,#1399,.T.);
#1397 = VERTEX_POINT('',#1398);
#1398 = CARTESIAN_POINT('',(-102.268861454,-8.,29.484444444444));
#1399 = LINE('',#1400,#1401);
#1400 = CARTESIAN_POINT('',(-102.8,-8.,30.04));
#1401 = VECTOR('',#1402,1.);
#1402 = DIRECTION('',(-0.691044328918,0.,0.722812379162));
#1403 = ORIENTED_EDGE('',*,*,#1404,.F.);
#1404 = EDGE_CURVE('',#1405,#1397,#1407,.T.);
#1405 = VERTEX_POINT('',#1406);
#1406 = CARTESIAN_POINT('',(-101.7508916323,-8.,28.928888888889));
#1407 = LINE('',#1408,#1409);
#1408 = CARTESIAN_POINT('',(-101.7508916323,-8.,28.928888888889));
#1409 = VECTOR('',#1410,1.);
#1410 = DIRECTION('',(-0.681932082106,0.,0.731415501199));
#1411 = ORIENTED_EDGE('',*,*,#1412,.F.);
#1412 = EDGE_CURVE('',#1413,#1405,#1415,.T.);
#1413 = VERTEX_POINT('',#1414);
#1414 = CARTESIAN_POINT('',(-101.2592592592,-8.,28.373333333333));
#1415 = LINE('',#1416,#1417);
#1416 = CARTESIAN_POINT('',(-101.2592592592,-8.,28.373333333333));
#1417 = VECTOR('',#1418,1.);
#1418 = DIRECTION('',(-0.662709521533,0.,0.748876551956));
#1419 = ORIENTED_EDGE('',*,*,#1420,.F.);
#1420 = EDGE_CURVE('',#1421,#1413,#1423,.T.);
#1421 = VERTEX_POINT('',#1422);
#1422 = CARTESIAN_POINT('',(-100.8071330589,-8.,27.817777777778));
#1423 = LINE('',#1424,#1425);
#1424 = CARTESIAN_POINT('',(-100.8071330589,-8.,27.817777777778));
#1425 = VECTOR('',#1426,1.);
#1426 = DIRECTION('',(-0.631212461229,0.,0.77560997208));
#1427 = ORIENTED_EDGE('',*,*,#1428,.F.);
#1428 = EDGE_CURVE('',#1429,#1421,#1431,.T.);
#1429 = VERTEX_POINT('',#1430);
#1430 = CARTESIAN_POINT('',(-100.4076817558,-8.,27.262222222222));
#1431 = LINE('',#1432,#1433);
#1432 = CARTESIAN_POINT('',(-100.4076817558,-8.,27.262222222222));
#1433 = VECTOR('',#1434,1.);
#1434 = DIRECTION('',(-0.583776486487,0.,0.811914412869));
#1435 = ORIENTED_EDGE('',*,*,#1436,.F.);
#1436 = EDGE_CURVE('',#1437,#1429,#1439,.T.);
#1437 = VERTEX_POINT('',#1438);
#1438 = CARTESIAN_POINT('',(-100.074074074,-8.,26.706666666667));
#1439 = LINE('',#1440,#1441);
#1440 = CARTESIAN_POINT('',(-100.074074074,-8.,26.706666666667));
#1441 = VECTOR('',#1442,1.);
#1442 = DIRECTION('',(-0.514807016402,0.,0.857306092282));
#1443 = ORIENTED_EDGE('',*,*,#1444,.F.);
#1444 = EDGE_CURVE('',#1445,#1437,#1447,.T.);
#1445 = VERTEX_POINT('',#1446);
#1446 = CARTESIAN_POINT('',(-99.81947873799,-8.,26.151111111111));
#1447 = LINE('',#1448,#1449);
#1448 = CARTESIAN_POINT('',(-99.81947873799,-8.,26.151111111111));
#1449 = VECTOR('',#1450,1.);
#1450 = DIRECTION('',(-0.416608335402,0.,0.909086076713));
#1451 = ORIENTED_EDGE('',*,*,#1452,.F.);
#1452 = EDGE_CURVE('',#1453,#1445,#1455,.T.);
#1453 = VERTEX_POINT('',#1454);
#1454 = CARTESIAN_POINT('',(-99.65706447187,-8.,25.595555555556));
#1455 = LINE('',#1456,#1457);
#1456 = CARTESIAN_POINT('',(-99.65706447187,-8.,25.595555555556));
#1457 = VECTOR('',#1458,1.);
#1458 = DIRECTION('',(-0.280600582118,0.,0.959824626333));
#1459 = ORIENTED_EDGE('',*,*,#1460,.F.);
#1460 = EDGE_CURVE('',#1461,#1453,#1463,.T.);
#1461 = VERTEX_POINT('',#1462);
#1462 = CARTESIAN_POINT('',(-99.6,-8.,25.04));
#1463 = LINE('',#1464,#1465);
#1464 = CARTESIAN_POINT('',(-99.6,-8.,25.04));
#1465 = VECTOR('',#1466,1.);
#1466 = DIRECTION('',(-0.102178442416,0.,0.994766086025));
#1467 = ORIENTED_EDGE('',*,*,#1468,.F.);
#1468 = EDGE_CURVE('',#1469,#1461,#1471,.T.);
#1469 = VERTEX_POINT('',#1470);
#1470 = CARTESIAN_POINT('',(-99.6,-8.,24.04));
#1471 = LINE('',#1472,#1473);
#1472 = CARTESIAN_POINT('',(-99.6,-8.,14.04));
#1473 = VECTOR('',#1474,1.);
#1474 = DIRECTION('',(0.,0.,1.));
#1475 = ORIENTED_EDGE('',*,*,#1476,.T.);
#1476 = EDGE_CURVE('',#1469,#1477,#1479,.T.);
#1477 = VERTEX_POINT('',#1478);
#1478 = CARTESIAN_POINT('',(-99.65706447187,-8.,23.484444444444));
#1479 = LINE('',#1480,#1481);
#1480 = CARTESIAN_POINT('',(-99.6,-8.,24.04));
#1481 = VECTOR('',#1482,1.);
#1482 = DIRECTION('',(-0.102178442416,0.,-0.994766086025));
#1483 = ORIENTED_EDGE('',*,*,#1484,.T.);
#1484 = EDGE_CURVE('',#1477,#1485,#1487,.T.);
#1485 = VERTEX_POINT('',#1486);
#1486 = CARTESIAN_POINT('',(-99.81947873799,-8.,22.928888888889));
#1487 = LINE('',#1488,#1489);
#1488 = CARTESIAN_POINT('',(-99.65706447187,-8.,23.484444444444));
#1489 = VECTOR('',#1490,1.);
#1490 = DIRECTION('',(-0.280600582118,0.,-0.959824626333));
#1491 = ORIENTED_EDGE('',*,*,#1492,.T.);
#1492 = EDGE_CURVE('',#1485,#1493,#1495,.T.);
#1493 = VERTEX_POINT('',#1494);
#1494 = CARTESIAN_POINT('',(-100.074074074,-8.,22.373333333333));
#1495 = LINE('',#1496,#1497);
#1496 = CARTESIAN_POINT('',(-99.81947873799,-8.,22.928888888889));
#1497 = VECTOR('',#1498,1.);
#1498 = DIRECTION('',(-0.416608335402,0.,-0.909086076713));
#1499 = ORIENTED_EDGE('',*,*,#1500,.T.);
#1500 = EDGE_CURVE('',#1493,#1501,#1503,.T.);
#1501 = VERTEX_POINT('',#1502);
#1502 = CARTESIAN_POINT('',(-100.4076817558,-8.,21.817777777778));
#1503 = LINE('',#1504,#1505);
#1504 = CARTESIAN_POINT('',(-100.074074074,-8.,22.373333333333));
#1505 = VECTOR('',#1506,1.);
#1506 = DIRECTION('',(-0.514807016402,0.,-0.857306092282));
#1507 = ORIENTED_EDGE('',*,*,#1508,.T.);
#1508 = EDGE_CURVE('',#1501,#1509,#1511,.T.);
#1509 = VERTEX_POINT('',#1510);
#1510 = CARTESIAN_POINT('',(-100.8071330589,-8.,21.262222222222));
#1511 = LINE('',#1512,#1513);
#1512 = CARTESIAN_POINT('',(-100.4076817558,-8.,21.817777777778));
#1513 = VECTOR('',#1514,1.);
#1514 = DIRECTION('',(-0.583776486487,0.,-0.811914412869));
#1515 = ORIENTED_EDGE('',*,*,#1516,.T.);
#1516 = EDGE_CURVE('',#1509,#1517,#1519,.T.);
#1517 = VERTEX_POINT('',#1518);
#1518 = CARTESIAN_POINT('',(-101.2592592592,-8.,20.706666666667));
#1519 = LINE('',#1520,#1521);
#1520 = CARTESIAN_POINT('',(-100.8071330589,-8.,21.262222222222));
#1521 = VECTOR('',#1522,1.);
#1522 = DIRECTION('',(-0.631212461229,0.,-0.77560997208));
#1523 = ORIENTED_EDGE('',*,*,#1524,.T.);
#1524 = EDGE_CURVE('',#1517,#1525,#1527,.T.);
#1525 = VERTEX_POINT('',#1526);
#1526 = CARTESIAN_POINT('',(-101.7508916323,-8.,20.151111111111));
#1527 = LINE('',#1528,#1529);
#1528 = CARTESIAN_POINT('',(-101.2592592592,-8.,20.706666666667));
#1529 = VECTOR('',#1530,1.);
#1530 = DIRECTION('',(-0.662709521533,0.,-0.748876551956));
#1531 = ORIENTED_EDGE('',*,*,#1532,.T.);
#1532 = EDGE_CURVE('',#1525,#1533,#1535,.T.);
#1533 = VERTEX_POINT('',#1534);
#1534 = CARTESIAN_POINT('',(-102.268861454,-8.,19.595555555556));
#1535 = LINE('',#1536,#1537);
#1536 = CARTESIAN_POINT('',(-101.7508916323,-8.,20.151111111111));
#1537 = VECTOR('',#1538,1.);
#1538 = DIRECTION('',(-0.681932082106,0.,-0.731415501199));
#1539 = ORIENTED_EDGE('',*,*,#1540,.T.);
#1540 = EDGE_CURVE('',#1533,#873,#1541,.T.);
#1541 = LINE('',#1542,#1543);
#1542 = CARTESIAN_POINT('',(-102.268861454,-8.,19.595555555556));
#1543 = VECTOR('',#1544,1.);
#1544 = DIRECTION('',(-0.691044328918,0.,-0.722812379162));
#1545 = ORIENTED_EDGE('',*,*,#872,.T.);
#1546 = ORIENTED_EDGE('',*,*,#911,.F.);
#1547 = ORIENTED_EDGE('',*,*,#927,.F.);
#1548 = ORIENTED_EDGE('',*,*,#1549,.T.);
#1549 = EDGE_CURVE('',#928,#1550,#1552,.T.);
#1550 = VERTEX_POINT('',#1551);
#1551 = CARTESIAN_POINT('',(-99.,-8.,0.));
#1552 = LINE('',#1553,#1554);
#1553 = CARTESIAN_POINT('',(-109.,-8.,0.));
#1554 = VECTOR('',#1555,1.);
#1555 = DIRECTION('',(1.,0.,-0.));
#1556 = ORIENTED_EDGE('',*,*,#1557,.F.);
#1557 = EDGE_CURVE('',#1082,#1550,#1558,.T.);
#1558 = LINE('',#1559,#1560);
#1559 = CARTESIAN_POINT('',(-99.,-8.,-2.75));
#1560 = VECTOR('',#1561,1.);
#1561 = DIRECTION('',(0.,0.,-1.));
#1562 = FACE_BOUND('',#1563,.T.);
#1563 = EDGE_LOOP('',(#1564,#1574,#1582,#1590));
#1564 = ORIENTED_EDGE('',*,*,#1565,.F.);
#1565 = EDGE_CURVE('',#1566,#1568,#1570,.T.);
#1566 = VERTEX_POINT('',#1567);
#1567 = CARTESIAN_POINT('',(-96.4,-8.,18.));
#1568 = VERTEX_POINT('',#1569);
#1569 = CARTESIAN_POINT('',(-83.6,-8.,18.));
#1570 = LINE('',#1571,#1572);
#1571 = CARTESIAN_POINT('',(-109.,-8.,18.));
#1572 = VECTOR('',#1573,1.);
#1573 = DIRECTION('',(1.,0.,-0.));
#1574 = ORIENTED_EDGE('',*,*,#1575,.T.);
#1575 = EDGE_CURVE('',#1566,#1576,#1578,.T.);
#1576 = VERTEX_POINT('',#1577);
#1577 = CARTESIAN_POINT('',(-96.4,-8.,35.04));
#1578 = LINE('',#1579,#1580);
#1579 = CARTESIAN_POINT('',(-96.4,-8.,14.04));
#1580 = VECTOR('',#1581,1.);
#1581 = DIRECTION('',(0.,0.,1.));
#1582 = ORIENTED_EDGE('',*,*,#1583,.T.);
#1583 = EDGE_CURVE('',#1576,#1584,#1586,.T.);
#1584 = VERTEX_POINT('',#1585);
#1585 = CARTESIAN_POINT('',(-83.6,-8.,35.04));
#1586 = LINE('',#1587,#1588);
#1587 = CARTESIAN_POINT('',(-106.,-8.,35.04));
#1588 = VECTOR('',#1589,1.);
#1589 = DIRECTION('',(1.,0.,-0.));
#1590 = ORIENTED_EDGE('',*,*,#1591,.F.);
#1591 = EDGE_CURVE('',#1568,#1584,#1592,.T.);
#1592 = LINE('',#1593,#1594);
#1593 = CARTESIAN_POINT('',(-83.6,-8.,14.04));
#1594 = VECTOR('',#1595,1.);
#1595 = DIRECTION('',(0.,0.,1.));
#1596 = PLANE('',#1597);
#1597 = AXIS2_PLACEMENT_3D('',#1598,#1599,#1600);
#1598 = CARTESIAN_POINT('',(-90.,-8.,18.714587924965));
#1599 = DIRECTION('',(-0.,-1.,-0.));
#1600 = DIRECTION('',(0.,0.,-1.));
#1601 = ADVANCED_FACE('',(#1602),#1620,.T.);
#1602 = FACE_BOUND('',#1603,.T.);
#1603 = EDGE_LOOP('',(#1604,#1612,#1613,#1614));
#1604 = ORIENTED_EDGE('',*,*,#1605,.F.);
#1605 = EDGE_CURVE('',#1102,#1606,#1608,.T.);
#1606 = VERTEX_POINT('',#1607);
#1607 = CARTESIAN_POINT('',(-77.73113854595,190.58,19.595555555556));
#1608 = LINE('',#1609,#1610);
#1609 = CARTESIAN_POINT('',(-77.73113854595,24.,19.595555555556));
#1610 = VECTOR('',#1611,1.);
#1611 = DIRECTION('',(0.,1.,0.));
#1612 = ORIENTED_EDGE('',*,*,#1101,.T.);
#1613 = ORIENTED_EDGE('',*,*,#319,.T.);
#1614 = ORIENTED_EDGE('',*,*,#1615,.T.);
#1615 = EDGE_CURVE('',#312,#1606,#1616,.T.);
#1616 = LINE('',#1617,#1618);
#1617 = CARTESIAN_POINT('',(-76.13228850917,190.58,17.923204664811));
#1618 = VECTOR('',#1619,1.);
#1619 = DIRECTION('',(-0.691044328918,-0.,0.722812379162));
#1620 = PLANE('',#1621);
#1621 = AXIS2_PLACEMENT_3D('',#1622,#1623,#1624);
#1622 = CARTESIAN_POINT('',(-77.2,106.,19.04));
#1623 = DIRECTION('',(0.722812379162,0.,0.691044328918));
#1624 = DIRECTION('',(-0.691044328918,0.,0.722812379162));
#1625 = ADVANCED_FACE('',(#1626),#2024,.T.);
#1626 = FACE_BOUND('',#1627,.T.);
#1627 = EDGE_LOOP('',(#1628,#1629,#1637,#1645,#1653,#1662,#1671,#1679,
    #1688,#1697,#1705,#1713,#1721,#1729,#1737,#1745,#1753,#1761,#1769,
    #1777,#1785,#1793,#1801,#1809,#1817,#1825,#1833,#1841,#1849,#1857,
    #1865,#1873,#1881,#1889,#1897,#1905,#1913,#1921,#1929,#1937,#1945,
    #1953,#1961,#1969,#1977,#1985,#1993,#2001,#2009,#2015,#2016,#2017,
    #2018,#2019,#2020,#2021,#2022,#2023));
#1628 = ORIENTED_EDGE('',*,*,#536,.F.);
#1629 = ORIENTED_EDGE('',*,*,#1630,.T.);
#1630 = EDGE_CURVE('',#529,#1631,#1633,.T.);
#1631 = VERTEX_POINT('',#1632);
#1632 = CARTESIAN_POINT('',(-70.4,190.58,14.));
#1633 = LINE('',#1634,#1635);
#1634 = CARTESIAN_POINT('',(-78.,190.58,14.));
#1635 = VECTOR('',#1636,1.);
#1636 = DIRECTION('',(1.,0.,-0.));
#1637 = ORIENTED_EDGE('',*,*,#1638,.T.);
#1638 = EDGE_CURVE('',#1631,#1639,#1641,.T.);
#1639 = VERTEX_POINT('',#1640);
#1640 = CARTESIAN_POINT('',(-70.4,190.58,33.54));
#1641 = LINE('',#1642,#1643);
#1642 = CARTESIAN_POINT('',(-70.4,190.58,14.));
#1643 = VECTOR('',#1644,1.);
#1644 = DIRECTION('',(0.,0.,1.));
#1645 = ORIENTED_EDGE('',*,*,#1646,.T.);
#1646 = EDGE_CURVE('',#1639,#1647,#1649,.T.);
#1647 = VERTEX_POINT('',#1648);
#1648 = CARTESIAN_POINT('',(-47.325260557,190.58,33.54));
#1649 = LINE('',#1650,#1651);
#1650 = CARTESIAN_POINT('',(-78.,190.58,33.54));
#1651 = VECTOR('',#1652,1.);
#1652 = DIRECTION('',(1.,0.,-0.));
#1653 = ORIENTED_EDGE('',*,*,#1654,.T.);
#1654 = EDGE_CURVE('',#1647,#1655,#1657,.T.);
#1655 = VERTEX_POINT('',#1656);
#1656 = CARTESIAN_POINT('',(-42.,190.58,36.9));
#1657 = CIRCLE('',#1658,5.9);
#1658 = AXIS2_PLACEMENT_3D('',#1659,#1660,#1661);
#1659 = CARTESIAN_POINT('',(-42.,190.58,31.));
#1660 = DIRECTION('',(0.,1.,0.));
#1661 = DIRECTION('',(0.,-0.,1.));
#1662 = ORIENTED_EDGE('',*,*,#1663,.T.);
#1663 = EDGE_CURVE('',#1655,#1664,#1666,.T.);
#1664 = VERTEX_POINT('',#1665);
#1665 = CARTESIAN_POINT('',(-36.67473944299,190.58,33.54));
#1666 = CIRCLE('',#1667,5.9);
#1667 = AXIS2_PLACEMENT_3D('',#1668,#1669,#1670);
#1668 = CARTESIAN_POINT('',(-42.,190.58,31.));
#1669 = DIRECTION('',(0.,1.,0.));
#1670 = DIRECTION('',(0.,-0.,1.));
#1671 = ORIENTED_EDGE('',*,*,#1672,.T.);
#1672 = EDGE_CURVE('',#1664,#1673,#1675,.T.);
#1673 = VERTEX_POINT('',#1674);
#1674 = CARTESIAN_POINT('',(36.674739442994,190.58,33.54));
#1675 = LINE('',#1676,#1677);
#1676 = CARTESIAN_POINT('',(-78.,190.58,33.54));
#1677 = VECTOR('',#1678,1.);
#1678 = DIRECTION('',(1.,0.,-0.));
#1679 = ORIENTED_EDGE('',*,*,#1680,.T.);
#1680 = EDGE_CURVE('',#1673,#1681,#1683,.T.);
#1681 = VERTEX_POINT('',#1682);
#1682 = CARTESIAN_POINT('',(42.,190.58,36.9));
#1683 = CIRCLE('',#1684,5.9);
#1684 = AXIS2_PLACEMENT_3D('',#1685,#1686,#1687);
#1685 = CARTESIAN_POINT('',(42.,190.58,31.));
#1686 = DIRECTION('',(0.,1.,0.));
#1687 = DIRECTION('',(0.,-0.,1.));
#1688 = ORIENTED_EDGE('',*,*,#1689,.T.);
#1689 = EDGE_CURVE('',#1681,#1690,#1692,.T.);
#1690 = VERTEX_POINT('',#1691);
#1691 = CARTESIAN_POINT('',(47.325260557006,190.58,33.54));
#1692 = CIRCLE('',#1693,5.9);
#1693 = AXIS2_PLACEMENT_3D('',#1694,#1695,#1696);
#1694 = CARTESIAN_POINT('',(42.,190.58,31.));
#1695 = DIRECTION('',(0.,1.,0.));
#1696 = DIRECTION('',(0.,-0.,1.));
#1697 = ORIENTED_EDGE('',*,*,#1698,.T.);
#1698 = EDGE_CURVE('',#1690,#1699,#1701,.T.);
#1699 = VERTEX_POINT('',#1700);
#1700 = CARTESIAN_POINT('',(70.4,190.58,33.54));
#1701 = LINE('',#1702,#1703);
#1702 = CARTESIAN_POINT('',(-78.,190.58,33.54));
#1703 = VECTOR('',#1704,1.);
#1704 = DIRECTION('',(1.,0.,-0.));
#1705 = ORIENTED_EDGE('',*,*,#1706,.F.);
#1706 = EDGE_CURVE('',#1707,#1699,#1709,.T.);
#1707 = VERTEX_POINT('',#1708);
#1708 = CARTESIAN_POINT('',(70.4,190.58,14.));
#1709 = LINE('',#1710,#1711);
#1710 = CARTESIAN_POINT('',(70.4,190.58,14.));
#1711 = VECTOR('',#1712,1.);
#1712 = DIRECTION('',(0.,0.,1.));
#1713 = ORIENTED_EDGE('',*,*,#1714,.T.);
#1714 = EDGE_CURVE('',#1707,#1715,#1717,.T.);
#1715 = VERTEX_POINT('',#1716);
#1716 = CARTESIAN_POINT('',(74.,190.58,14.));
#1717 = LINE('',#1718,#1719);
#1718 = CARTESIAN_POINT('',(70.4,190.58,14.));
#1719 = VECTOR('',#1720,1.);
#1720 = DIRECTION('',(1.,0.,-0.));
#1721 = ORIENTED_EDGE('',*,*,#1722,.F.);
#1722 = EDGE_CURVE('',#1723,#1715,#1725,.T.);
#1723 = VERTEX_POINT('',#1724);
#1724 = CARTESIAN_POINT('',(74.,190.58,14.04));
#1725 = LINE('',#1726,#1727);
#1726 = CARTESIAN_POINT('',(74.,190.58,12.895));
#1727 = VECTOR('',#1728,1.);
#1728 = DIRECTION('',(0.,0.,-1.));
#1729 = ORIENTED_EDGE('',*,*,#1730,.F.);
#1730 = EDGE_CURVE('',#1731,#1723,#1733,.T.);
#1731 = VERTEX_POINT('',#1732);
#1732 = CARTESIAN_POINT('',(74.057064471879,190.58,14.595555555556));
#1733 = LINE('',#1734,#1735);
#1734 = CARTESIAN_POINT('',(73.993440463615,190.58,13.976139128941));
#1735 = VECTOR('',#1736,1.);
#1736 = DIRECTION('',(-0.102178442416,0.,-0.994766086025));
#1737 = ORIENTED_EDGE('',*,*,#1738,.F.);
#1738 = EDGE_CURVE('',#1739,#1731,#1741,.T.);
#1739 = VERTEX_POINT('',#1740);
#1740 = CARTESIAN_POINT('',(74.219478737997,190.58,15.151111111111));
#1741 = LINE('',#1742,#1743);
#1742 = CARTESIAN_POINT('',(73.87349576921,190.58,13.96763896281));
#1743 = VECTOR('',#1744,1.);
#1744 = DIRECTION('',(-0.280600582118,0.,-0.959824626333));
#1745 = ORIENTED_EDGE('',*,*,#1746,.F.);
#1746 = EDGE_CURVE('',#1747,#1739,#1749,.T.);
#1747 = VERTEX_POINT('',#1748);
#1748 = CARTESIAN_POINT('',(74.474074074074,190.58,15.706666666667));
#1749 = LINE('',#1750,#1751);
#1750 = CARTESIAN_POINT('',(73.733686634497,190.58,14.091058299055));
#1751 = VECTOR('',#1752,1.);
#1752 = DIRECTION('',(-0.416608335402,0.,-0.909086076713));
#1753 = ORIENTED_EDGE('',*,*,#1754,.F.);
#1754 = EDGE_CURVE('',#1755,#1747,#1757,.T.);
#1755 = VERTEX_POINT('',#1756);
#1756 = CARTESIAN_POINT('',(74.80768175583,190.58,16.262222222222));
#1757 = LINE('',#1758,#1759);
#1758 = CARTESIAN_POINT('',(73.640991408589,190.58,14.319337392319));
#1759 = VECTOR('',#1760,1.);
#1760 = DIRECTION('',(-0.514807016402,0.,-0.857306092282));
#1761 = ORIENTED_EDGE('',*,*,#1762,.F.);
#1762 = EDGE_CURVE('',#1763,#1755,#1765,.T.);
#1763 = VERTEX_POINT('',#1764);
#1764 = CARTESIAN_POINT('',(75.207133058985,190.58,16.817777777778));
#1765 = LINE('',#1766,#1767);
#1766 = CARTESIAN_POINT('',(73.620366525594,190.58,14.610908114236));
#1767 = VECTOR('',#1768,1.);
#1768 = DIRECTION('',(-0.583776486487,0.,-0.811914412869));
#1769 = ORIENTED_EDGE('',*,*,#1770,.F.);
#1770 = EDGE_CURVE('',#1771,#1763,#1773,.T.);
#1771 = VERTEX_POINT('',#1772);
#1772 = CARTESIAN_POINT('',(75.659259259259,190.58,17.373333333333));
#1773 = LINE('',#1774,#1775);
#1774 = CARTESIAN_POINT('',(73.672757262629,190.58,14.93239489694));
#1775 = VECTOR('',#1776,1.);
#1776 = DIRECTION('',(-0.631212461229,0.,-0.77560997208));
#1777 = ORIENTED_EDGE('',*,*,#1778,.F.);
#1778 = EDGE_CURVE('',#1779,#1771,#1781,.T.);
#1779 = VERTEX_POINT('',#1780);
#1780 = CARTESIAN_POINT('',(76.150891632373,190.58,17.928888888889));
#1781 = LINE('',#1782,#1783);
#1782 = CARTESIAN_POINT('',(73.790204541975,190.58,15.261259782831));
#1783 = VECTOR('',#1784,1.);
#1784 = DIRECTION('',(-0.662709521533,0.,-0.748876551956));
#1785 = ORIENTED_EDGE('',*,*,#1786,.F.);
#1786 = EDGE_CURVE('',#1787,#1779,#1789,.T.);
#1787 = VERTEX_POINT('',#1788);
#1788 = CARTESIAN_POINT('',(76.668861454047,190.58,18.484444444444));
#1789 = LINE('',#1790,#1791);
#1790 = CARTESIAN_POINT('',(73.965278311337,190.58,15.584679685977));
#1791 = VECTOR('',#1792,1.);
#1792 = DIRECTION('',(-0.681932082106,0.,-0.731415501199));
#1793 = ORIENTED_EDGE('',*,*,#1794,.F.);
#1794 = EDGE_CURVE('',#1795,#1787,#1797,.T.);
#1795 = VERTEX_POINT('',#1796);
#1796 = CARTESIAN_POINT('',(77.731138545953,190.58,19.595555555556));
#1797 = LINE('',#1798,#1799);
#1798 = CARTESIAN_POINT('',(74.31762790396,190.58,16.025122161942));
#1799 = VECTOR('',#1800,1.);
#1800 = DIRECTION('',(-0.691044328918,0.,-0.722812379162));
#1801 = ORIENTED_EDGE('',*,*,#1802,.F.);
#1802 = EDGE_CURVE('',#1803,#1795,#1805,.T.);
#1803 = VERTEX_POINT('',#1804);
#1804 = CARTESIAN_POINT('',(78.,190.58,19.883926553672));
#1805 = LINE('',#1806,#1807);
#1806 = CARTESIAN_POINT('',(74.76056276301,190.58,16.409424220566));
#1807 = VECTOR('',#1808,1.);
#1808 = DIRECTION('',(-0.681932082106,0.,-0.731415501199));
#1809 = ORIENTED_EDGE('',*,*,#1810,.T.);
#1810 = EDGE_CURVE('',#1803,#1811,#1813,.T.);
#1811 = VERTEX_POINT('',#1812);
#1812 = CARTESIAN_POINT('',(78.,190.58,29.196073446328));
#1813 = LINE('',#1814,#1815);
#1814 = CARTESIAN_POINT('',(78.,190.58,14.));
#1815 = VECTOR('',#1816,1.);
#1816 = DIRECTION('',(0.,0.,1.));
#1817 = ORIENTED_EDGE('',*,*,#1818,.F.);
#1818 = EDGE_CURVE('',#1819,#1811,#1821,.T.);
#1819 = VERTEX_POINT('',#1820);
#1820 = CARTESIAN_POINT('',(77.731138545953,190.58,29.484444444444));
#1821 = LINE('',#1822,#1823);
#1822 = CARTESIAN_POINT('',(80.017658594818,190.58,27.032006362373));
#1823 = VECTOR('',#1824,1.);
#1824 = DIRECTION('',(0.681932082106,0.,-0.731415501199));
#1825 = ORIENTED_EDGE('',*,*,#1826,.F.);
#1826 = EDGE_CURVE('',#1827,#1819,#1829,.T.);
#1827 = VERTEX_POINT('',#1828);
#1828 = CARTESIAN_POINT('',(76.668861454047,190.58,30.595555555556));
#1829 = LINE('',#1830,#1831);
#1830 = CARTESIAN_POINT('',(79.582309372444,190.58,27.548173306199));
#1831 = VECTOR('',#1832,1.);
#1832 = DIRECTION('',(0.691044328918,0.,-0.722812379162));
#1833 = ORIENTED_EDGE('',*,*,#1834,.F.);
#1834 = EDGE_CURVE('',#1835,#1827,#1837,.T.);
#1835 = VERTEX_POINT('',#1836);
#1836 = CARTESIAN_POINT('',(76.150891632373,190.58,31.151111111111));
#1837 = LINE('',#1838,#1839);
#1838 = CARTESIAN_POINT('',(79.22049028357,190.58,27.858771456094));
#1839 = VECTOR('',#1840,1.);
#1840 = DIRECTION('',(0.681932082106,0.,-0.731415501199));
#1841 = ORIENTED_EDGE('',*,*,#1842,.F.);
#1842 = EDGE_CURVE('',#1843,#1835,#1845,.T.);
#1843 = VERTEX_POINT('',#1844);
#1844 = CARTESIAN_POINT('',(75.659259259259,190.58,31.706666666667));
#1845 = LINE('',#1846,#1847);
#1846 = CARTESIAN_POINT('',(79.02107607189,190.58,27.90773862784));
#1847 = VECTOR('',#1848,1.);
#1848 = DIRECTION('',(0.662709521533,0.,-0.748876551956));
#1849 = ORIENTED_EDGE('',*,*,#1850,.F.);
#1850 = EDGE_CURVE('',#1851,#1843,#1853,.T.);
#1851 = VERTEX_POINT('',#1852);
#1852 = CARTESIAN_POINT('',(75.207133058985,190.58,32.262222222222));
#1853 = LINE('',#1854,#1855);
#1854 = CARTESIAN_POINT('',(78.832874383821,190.58,27.807048567615));
#1855 = VECTOR('',#1856,1.);
#1856 = DIRECTION('',(0.631212461229,0.,-0.77560997208));
#1857 = ORIENTED_EDGE('',*,*,#1858,.F.);
#1858 = EDGE_CURVE('',#1859,#1851,#1861,.T.);
#1859 = VERTEX_POINT('',#1860);
#1860 = CARTESIAN_POINT('',(74.80768175583,190.58,32.817777777778));
#1861 = LINE('',#1862,#1863);
#1862 = CARTESIAN_POINT('',(78.616079291693,190.58,27.521071040056));
#1863 = VECTOR('',#1864,1.);
#1864 = DIRECTION('',(0.583776486487,0.,-0.811914412869));
#1865 = ORIENTED_EDGE('',*,*,#1866,.F.);
#1866 = EDGE_CURVE('',#1867,#1859,#1869,.T.);
#1867 = VERTEX_POINT('',#1868);
#1868 = CARTESIAN_POINT('',(74.474074074074,190.58,33.373333333333));
#1869 = LINE('',#1870,#1871);
#1870 = CARTESIAN_POINT('',(78.292790807114,190.58,27.014039431684));
#1871 = VECTOR('',#1872,1.);
#1872 = DIRECTION('',(0.514807016402,0.,-0.857306092282));
#1873 = ORIENTED_EDGE('',*,*,#1874,.F.);
#1874 = EDGE_CURVE('',#1875,#1867,#1877,.T.);
#1875 = VERTEX_POINT('',#1876);
#1876 = CARTESIAN_POINT('',(74.219478737997,190.58,33.928888888889));
#1877 = LINE('',#1878,#1879);
#1878 = CARTESIAN_POINT('',(61.14697303871,190.58,62.454561346925));
#1879 = VECTOR('',#1880,1.);
#1880 = DIRECTION('',(0.416608335402,0.,-0.909086076713));
#1881 = ORIENTED_EDGE('',*,*,#1882,.F.);
#1882 = EDGE_CURVE('',#1883,#1875,#1885,.T.);
#1883 = VERTEX_POINT('',#1884);
#1884 = CARTESIAN_POINT('',(74.057064471879,190.58,34.484444444444));
#1885 = LINE('',#1886,#1887);
#1886 = CARTESIAN_POINT('',(68.238615675821,190.58,54.387077572853));
#1887 = VECTOR('',#1888,1.);
#1888 = DIRECTION('',(0.280600582118,0.,-0.959824626333));
#1889 = ORIENTED_EDGE('',*,*,#1890,.F.);
#1890 = EDGE_CURVE('',#1891,#1883,#1893,.T.);
#1891 = VERTEX_POINT('',#1892);
#1892 = CARTESIAN_POINT('',(74.,190.58,35.04));
#1893 = LINE('',#1894,#1895);
#1894 = CARTESIAN_POINT('',(73.297025863706,190.58,41.883858778821));
#1895 = VECTOR('',#1896,1.);
#1896 = DIRECTION('',(0.102178442416,0.,-0.994766086025));
#1897 = ORIENTED_EDGE('',*,*,#1898,.F.);
#1898 = EDGE_CURVE('',#1899,#1891,#1901,.T.);
#1899 = VERTEX_POINT('',#1900);
#1900 = CARTESIAN_POINT('',(74.,190.58,39.54));
#1901 = LINE('',#1902,#1903);
#1902 = CARTESIAN_POINT('',(74.,190.58,35.415));
#1903 = VECTOR('',#1904,1.);
#1904 = DIRECTION('',(0.,0.,-1.));
#1905 = ORIENTED_EDGE('',*,*,#1906,.F.);
#1906 = EDGE_CURVE('',#1907,#1899,#1909,.T.);
#1907 = VERTEX_POINT('',#1908);
#1908 = CARTESIAN_POINT('',(-74.,190.58,39.54));
#1909 = LINE('',#1910,#1911);
#1910 = CARTESIAN_POINT('',(-78.,190.58,39.54));
#1911 = VECTOR('',#1912,1.);
#1912 = DIRECTION('',(1.,0.,-0.));
#1913 = ORIENTED_EDGE('',*,*,#1914,.F.);
#1914 = EDGE_CURVE('',#1915,#1907,#1917,.T.);
#1915 = VERTEX_POINT('',#1916);
#1916 = CARTESIAN_POINT('',(-74.,190.58,35.04));
#1917 = LINE('',#1918,#1919);
#1918 = CARTESIAN_POINT('',(-74.,190.58,35.415));
#1919 = VECTOR('',#1920,1.);
#1920 = DIRECTION('',(0.,-0.,1.));
#1921 = ORIENTED_EDGE('',*,*,#1922,.F.);
#1922 = EDGE_CURVE('',#1923,#1915,#1925,.T.);
#1923 = VERTEX_POINT('',#1924);
#1924 = CARTESIAN_POINT('',(-74.05706447187,190.58,34.484444444444));
#1925 = LINE('',#1926,#1927);
#1926 = CARTESIAN_POINT('',(-74.11137972308,190.58,33.955654138205));
#1927 = VECTOR('',#1928,1.);
#1928 = DIRECTION('',(0.102178442416,0.,0.994766086025));
#1929 = ORIENTED_EDGE('',*,*,#1930,.F.);
#1930 = EDGE_CURVE('',#1931,#1923,#1933,.T.);
#1931 = VERTEX_POINT('',#1932);
#1932 = CARTESIAN_POINT('',(-74.21947873799,190.58,33.928888888889));
#1933 = LINE('',#1934,#1935);
#1934 = CARTESIAN_POINT('',(-74.38007723725,190.58,33.379544360193));
#1935 = VECTOR('',#1936,1.);
#1936 = DIRECTION('',(0.280600582118,0.,0.959824626333));
#1937 = ORIENTED_EDGE('',*,*,#1938,.F.);
#1938 = EDGE_CURVE('',#1939,#1931,#1941,.T.);
#1939 = VERTEX_POINT('',#1940);
#1940 = CARTESIAN_POINT('',(-74.47407407407,190.58,33.373333333333));
#1941 = LINE('',#1942,#1943);
#1942 = CARTESIAN_POINT('',(-78.38506825761,190.58,24.839105723784));
#1943 = VECTOR('',#1944,1.);
#1944 = DIRECTION('',(0.416608335402,0.,0.909086076713));
#1945 = ORIENTED_EDGE('',*,*,#1946,.F.);
#1946 = EDGE_CURVE('',#1947,#1939,#1949,.T.);
#1947 = VERTEX_POINT('',#1948);
#1948 = CARTESIAN_POINT('',(-74.80768175583,190.58,32.817777777778));
#1949 = LINE('',#1950,#1951);
#1950 = CARTESIAN_POINT('',(-79.29989061083,190.58,25.336920103942));
#1951 = VECTOR('',#1952,1.);
#1952 = DIRECTION('',(0.514807016402,0.,0.857306092282));
#1953 = ORIENTED_EDGE('',*,*,#1954,.F.);
#1954 = EDGE_CURVE('',#1955,#1947,#1957,.T.);
#1955 = VERTEX_POINT('',#1956);
#1956 = CARTESIAN_POINT('',(-75.20713305898,190.58,32.262222222222));
#1957 = LINE('',#1958,#1959);
#1958 = CARTESIAN_POINT('',(-79.91110023916,190.58,25.719960175618));
#1959 = VECTOR('',#1960,1.);
#1960 = DIRECTION('',(0.583776486487,0.,0.811914412869));
#1961 = ORIENTED_EDGE('',*,*,#1962,.F.);
#1962 = EDGE_CURVE('',#1963,#1955,#1965,.T.);
#1963 = VERTEX_POINT('',#1964);
#1964 = CARTESIAN_POINT('',(-75.65925925925,190.58,31.706666666667));
#1965 = LINE('',#1966,#1967);
#1966 = CARTESIAN_POINT('',(-80.34690523441,190.58,25.946664785781));
#1967 = VECTOR('',#1968,1.);
#1968 = DIRECTION('',(0.631212461229,0.,0.77560997208));
#1969 = ORIENTED_EDGE('',*,*,#1970,.F.);
#1970 = EDGE_CURVE('',#1971,#1963,#1973,.T.);
#1971 = VERTEX_POINT('',#1972);
#1972 = CARTESIAN_POINT('',(-76.15089163237,190.58,31.151111111111));
#1973 = LINE('',#1974,#1975);
#1974 = CARTESIAN_POINT('',(-80.68997492962,190.58,26.02184566639));
#1975 = VECTOR('',#1976,1.);
#1976 = DIRECTION('',(0.662709521533,0.,0.748876551956));
#1977 = ORIENTED_EDGE('',*,*,#1978,.F.);
#1978 = EDGE_CURVE('',#1979,#1971,#1981,.T.);
#1979 = VERTEX_POINT('',#1980);
#1980 = CARTESIAN_POINT('',(-76.66886145404,190.58,30.595555555556));
#1981 = LINE('',#1982,#1983);
#1982 = CARTESIAN_POINT('',(-80.98760946907,190.58,25.963423812747));
#1983 = VECTOR('',#1984,1.);
#1984 = DIRECTION('',(0.681932082106,0.,0.731415501199));
#1985 = ORIENTED_EDGE('',*,*,#1986,.F.);
#1986 = EDGE_CURVE('',#1987,#1979,#1989,.T.);
#1987 = VERTEX_POINT('',#1988);
#1988 = CARTESIAN_POINT('',(-77.73113854595,190.58,29.484444444444));
#1989 = LINE('',#1990,#1991);
#1990 = CARTESIAN_POINT('',(-81.39696997765,190.58,25.65009080333));
#1991 = VECTOR('',#1992,1.);
#1992 = DIRECTION('',(0.691044328918,0.,0.722812379162));
#1993 = ORIENTED_EDGE('',*,*,#1994,.F.);
#1994 = EDGE_CURVE('',#1995,#1987,#1997,.T.);
#1995 = VERTEX_POINT('',#1996);
#1996 = CARTESIAN_POINT('',(-78.,190.58,29.196073446328));
#1997 = LINE('',#1998,#1999);
#1998 = CARTESIAN_POINT('',(-81.78477778031,190.58,25.136658719027));
#1999 = VECTOR('',#2000,1.);
#2000 = DIRECTION('',(0.681932082106,0.,0.731415501199));
#2001 = ORIENTED_EDGE('',*,*,#2002,.F.);
#2002 = EDGE_CURVE('',#2003,#1995,#2005,.T.);
#2003 = VERTEX_POINT('',#2004);
#2004 = CARTESIAN_POINT('',(-78.,190.58,19.883926553672));
#2005 = LINE('',#2006,#2007);
#2006 = CARTESIAN_POINT('',(-78.,190.58,14.));
#2007 = VECTOR('',#2008,1.);
#2008 = DIRECTION('',(0.,0.,1.));
#2009 = ORIENTED_EDGE('',*,*,#2010,.F.);
#2010 = EDGE_CURVE('',#1606,#2003,#2011,.T.);
#2011 = LINE('',#2012,#2013);
#2012 = CARTESIAN_POINT('',(-76.52768194851,190.58,18.304771863912));
#2013 = VECTOR('',#2014,1.);
#2014 = DIRECTION('',(-0.681932082106,-0.,0.731415501199));
#2015 = ORIENTED_EDGE('',*,*,#1615,.F.);
#2016 = ORIENTED_EDGE('',*,*,#311,.F.);
#2017 = ORIENTED_EDGE('',*,*,#351,.F.);
#2018 = ORIENTED_EDGE('',*,*,#375,.F.);
#2019 = ORIENTED_EDGE('',*,*,#399,.F.);
#2020 = ORIENTED_EDGE('',*,*,#423,.F.);
#2021 = ORIENTED_EDGE('',*,*,#447,.F.);
#2022 = ORIENTED_EDGE('',*,*,#471,.F.);
#2023 = ORIENTED_EDGE('',*,*,#495,.F.);
#2024 = PLANE('',#2025);
#2025 = AXIS2_PLACEMENT_3D('',#2026,#2027,#2028);
#2026 = CARTESIAN_POINT('',(7.618716980654E-15,190.58,33.462889838449));
#2027 = DIRECTION('',(-0.,-1.,-0.));
#2028 = DIRECTION('',(0.,0.,-1.));
#2029 = ADVANCED_FACE('',(#2030),#2064,.T.);
#2030 = FACE_BOUND('',#2031,.T.);
#2031 = EDGE_LOOP('',(#2032,#2033,#2041,#2049,#2057,#2063));
#2032 = ORIENTED_EDGE('',*,*,#528,.F.);
#2033 = ORIENTED_EDGE('',*,*,#2034,.F.);
#2034 = EDGE_CURVE('',#2035,#521,#2037,.T.);
#2035 = VERTEX_POINT('',#2036);
#2036 = CARTESIAN_POINT('',(-70.6,216.,14.));
#2037 = LINE('',#2038,#2039);
#2038 = CARTESIAN_POINT('',(-39.,216.,14.));
#2039 = VECTOR('',#2040,1.);
#2040 = DIRECTION('',(-1.,0.,0.));
#2041 = ORIENTED_EDGE('',*,*,#2042,.T.);
#2042 = EDGE_CURVE('',#2035,#2043,#2045,.T.);
#2043 = VERTEX_POINT('',#2044);
#2044 = CARTESIAN_POINT('',(-70.6,190.68,14.));
#2045 = LINE('',#2046,#2047);
#2046 = CARTESIAN_POINT('',(-70.6,190.63,14.));
#2047 = VECTOR('',#2048,1.);
#2048 = DIRECTION('',(0.,-1.,0.));
#2049 = ORIENTED_EDGE('',*,*,#2050,.F.);
#2050 = EDGE_CURVE('',#2051,#2043,#2053,.T.);
#2051 = VERTEX_POINT('',#2052);
#2052 = CARTESIAN_POINT('',(-70.4,190.68,14.));
#2053 = LINE('',#2054,#2055);
#2054 = CARTESIAN_POINT('',(-39.,190.68,14.));
#2055 = VECTOR('',#2056,1.);
#2056 = DIRECTION('',(-1.,0.,0.));
#2057 = ORIENTED_EDGE('',*,*,#2058,.F.);
#2058 = EDGE_CURVE('',#1631,#2051,#2059,.T.);
#2059 = LINE('',#2060,#2061);
#2060 = CARTESIAN_POINT('',(-70.4,190.58,14.));
#2061 = VECTOR('',#2062,1.);
#2062 = DIRECTION('',(-0.,1.,0.));
#2063 = ORIENTED_EDGE('',*,*,#1630,.F.);
#2064 = PLANE('',#2065);
#2065 = AXIS2_PLACEMENT_3D('',#2066,#2067,#2068);
#2066 = CARTESIAN_POINT('',(-72.28725017229,203.2027498277,14.));
#2067 = DIRECTION('',(-0.,-0.,-1.));
#2068 = DIRECTION('',(-1.,0.,0.));
#2069 = ADVANCED_FACE('',(#2070),#2097,.T.);
#2070 = FACE_BOUND('',#2071,.T.);
#2071 = EDGE_LOOP('',(#2072,#2073,#2074,#2082,#2090,#2096));
#2072 = ORIENTED_EDGE('',*,*,#520,.F.);
#2073 = ORIENTED_EDGE('',*,*,#616,.T.);
#2074 = ORIENTED_EDGE('',*,*,#2075,.T.);
#2075 = EDGE_CURVE('',#609,#2076,#2078,.T.);
#2076 = VERTEX_POINT('',#2077);
#2077 = CARTESIAN_POINT('',(-70.4,216.,13.8));
#2078 = LINE('',#2079,#2080);
#2079 = CARTESIAN_POINT('',(-70.4,216.,17.04));
#2080 = VECTOR('',#2081,1.);
#2081 = DIRECTION('',(0.,-0.,1.));
#2082 = ORIENTED_EDGE('',*,*,#2083,.T.);
#2083 = EDGE_CURVE('',#2076,#2084,#2086,.T.);
#2084 = VERTEX_POINT('',#2085);
#2085 = CARTESIAN_POINT('',(-70.6,216.,13.8));
#2086 = LINE('',#2087,#2088);
#2087 = CARTESIAN_POINT('',(-35.3,216.,13.8));
#2088 = VECTOR('',#2089,1.);
#2089 = DIRECTION('',(-1.,0.,0.));
#2090 = ORIENTED_EDGE('',*,*,#2091,.T.);
#2091 = EDGE_CURVE('',#2084,#2035,#2092,.T.);
#2092 = LINE('',#2093,#2094);
#2093 = CARTESIAN_POINT('',(-70.6,216.,19.17));
#2094 = VECTOR('',#2095,1.);
#2095 = DIRECTION('',(0.,-0.,1.));
#2096 = ORIENTED_EDGE('',*,*,#2034,.T.);
#2097 = PLANE('',#2098);
#2098 = AXIS2_PLACEMENT_3D('',#2099,#2100,#2101);
#2099 = CARTESIAN_POINT('',(0.,216.,24.54));
#2100 = DIRECTION('',(-0.,-1.,-0.));
#2101 = DIRECTION('',(0.,0.,-1.));
#2102 = ADVANCED_FACE('',(#2103),#2185,.T.);
#2103 = FACE_BOUND('',#2104,.T.);
#2104 = EDGE_LOOP('',(#2105,#2106,#2107,#2115,#2123,#2131,#2139,#2147,
    #2155,#2163,#2171,#2179));
#2105 = ORIENTED_EDGE('',*,*,#550,.F.);
#2106 = ORIENTED_EDGE('',*,*,#679,.T.);
#2107 = ORIENTED_EDGE('',*,*,#2108,.T.);
#2108 = EDGE_CURVE('',#672,#2109,#2111,.T.);
#2109 = VERTEX_POINT('',#2110);
#2110 = CARTESIAN_POINT('',(-70.4,228.015,39.54));
#2111 = LINE('',#2112,#2113);
#2112 = CARTESIAN_POINT('',(-106.,228.015,39.54));
#2113 = VECTOR('',#2114,1.);
#2114 = DIRECTION('',(1.,0.,-0.));
#2115 = ORIENTED_EDGE('',*,*,#2116,.T.);
#2116 = EDGE_CURVE('',#2109,#2117,#2119,.T.);
#2117 = VERTEX_POINT('',#2118);
#2118 = CARTESIAN_POINT('',(-70.4,228.015,14.2));
#2119 = LINE('',#2120,#2121);
#2120 = CARTESIAN_POINT('',(-70.4,228.015,20.07));
#2121 = VECTOR('',#2122,1.);
#2122 = DIRECTION('',(-0.,0.,-1.));
#2123 = ORIENTED_EDGE('',*,*,#2124,.T.);
#2124 = EDGE_CURVE('',#2117,#2125,#2127,.T.);
#2125 = VERTEX_POINT('',#2126);
#2126 = CARTESIAN_POINT('',(-70.2,228.015,14.2));
#2127 = LINE('',#2128,#2129);
#2128 = CARTESIAN_POINT('',(-70.6,228.015,14.2));
#2129 = VECTOR('',#2130,1.);
#2130 = DIRECTION('',(1.,0.,-0.));
#2131 = ORIENTED_EDGE('',*,*,#2132,.F.);
#2132 = EDGE_CURVE('',#2133,#2125,#2135,.T.);
#2133 = VERTEX_POINT('',#2134);
#2134 = CARTESIAN_POINT('',(-70.2,228.015,14.04));
#2135 = LINE('',#2136,#2137);
#2136 = CARTESIAN_POINT('',(-70.2,228.015,13.8));
#2137 = VECTOR('',#2138,1.);
#2138 = DIRECTION('',(0.,0.,1.));
#2139 = ORIENTED_EDGE('',*,*,#2140,.F.);
#2140 = EDGE_CURVE('',#2141,#2133,#2143,.T.);
#2141 = VERTEX_POINT('',#2142);
#2142 = CARTESIAN_POINT('',(70.2,228.015,14.04));
#2143 = LINE('',#2144,#2145);
#2144 = CARTESIAN_POINT('',(-130.,228.015,14.04));
#2145 = VECTOR('',#2146,1.);
#2146 = DIRECTION('',(-1.,-0.,0.));
#2147 = ORIENTED_EDGE('',*,*,#2148,.T.);
#2148 = EDGE_CURVE('',#2141,#2149,#2151,.T.);
#2149 = VERTEX_POINT('',#2150);
#2150 = CARTESIAN_POINT('',(70.2,228.015,14.2));
#2151 = LINE('',#2152,#2153);
#2152 = CARTESIAN_POINT('',(70.2,228.015,13.8));
#2153 = VECTOR('',#2154,1.);
#2154 = DIRECTION('',(0.,0.,1.));
#2155 = ORIENTED_EDGE('',*,*,#2156,.T.);
#2156 = EDGE_CURVE('',#2149,#2157,#2159,.T.);
#2157 = VERTEX_POINT('',#2158);
#2158 = CARTESIAN_POINT('',(70.4,228.015,14.2));
#2159 = LINE('',#2160,#2161);
#2160 = CARTESIAN_POINT('',(70.2,228.015,14.2));
#2161 = VECTOR('',#2162,1.);
#2162 = DIRECTION('',(1.,0.,-0.));
#2163 = ORIENTED_EDGE('',*,*,#2164,.T.);
#2164 = EDGE_CURVE('',#2157,#2165,#2167,.T.);
#2165 = VERTEX_POINT('',#2166);
#2166 = CARTESIAN_POINT('',(70.4,228.015,39.54));
#2167 = LINE('',#2168,#2169);
#2168 = CARTESIAN_POINT('',(70.4,228.015,14.));
#2169 = VECTOR('',#2170,1.);
#2170 = DIRECTION('',(0.,0.,1.));
#2171 = ORIENTED_EDGE('',*,*,#2172,.T.);
#2172 = EDGE_CURVE('',#2165,#2173,#2175,.T.);
#2173 = VERTEX_POINT('',#2174);
#2174 = CARTESIAN_POINT('',(106.,228.015,39.54));
#2175 = LINE('',#2176,#2177);
#2176 = CARTESIAN_POINT('',(-106.,228.015,39.54));
#2177 = VECTOR('',#2178,1.);
#2178 = DIRECTION('',(1.,0.,-0.));
#2179 = ORIENTED_EDGE('',*,*,#2180,.F.);
#2180 = EDGE_CURVE('',#553,#2173,#2181,.T.);
#2181 = LINE('',#2182,#2183);
#2182 = CARTESIAN_POINT('',(106.,228.015,-27.78357304216));
#2183 = VECTOR('',#2184,1.);
#2184 = DIRECTION('',(0.,-0.,1.));
#2185 = PLANE('',#2186);
#2186 = AXIS2_PLACEMENT_3D('',#2187,#2188,#2189);
#2187 = CARTESIAN_POINT('',(9.395606423274E-16,228.015,24.54));
#2188 = DIRECTION('',(0.,1.,0.));
#2189 = DIRECTION('',(0.,-0.,1.));
#2190 = ADVANCED_FACE('',(#2191),#2273,.T.);
#2191 = FACE_BOUND('',#2192,.T.);
#2192 = EDGE_LOOP('',(#2193,#2203,#2209,#2210,#2211,#2219,#2227,#2235,
    #2243,#2251,#2259,#2267));
#2193 = ORIENTED_EDGE('',*,*,#2194,.F.);
#2194 = EDGE_CURVE('',#2195,#2197,#2199,.T.);
#2195 = VERTEX_POINT('',#2196);
#2196 = CARTESIAN_POINT('',(106.,18.,14.04));
#2197 = VERTEX_POINT('',#2198);
#2198 = CARTESIAN_POINT('',(106.,219.8,14.04));
#2199 = LINE('',#2200,#2201);
#2200 = CARTESIAN_POINT('',(106.,-8.,14.04));
#2201 = VECTOR('',#2202,1.);
#2202 = DIRECTION('',(-0.,1.,0.));
#2203 = ORIENTED_EDGE('',*,*,#2204,.T.);
#2204 = EDGE_CURVE('',#2195,#561,#2205,.T.);
#2205 = LINE('',#2206,#2207);
#2206 = CARTESIAN_POINT('',(106.,18.,4.77));
#2207 = VECTOR('',#2208,1.);
#2208 = DIRECTION('',(-0.,0.,-1.));
#2209 = ORIENTED_EDGE('',*,*,#560,.T.);
#2210 = ORIENTED_EDGE('',*,*,#2180,.T.);
#2211 = ORIENTED_EDGE('',*,*,#2212,.F.);
#2212 = EDGE_CURVE('',#2213,#2173,#2215,.T.);
#2213 = VERTEX_POINT('',#2214);
#2214 = CARTESIAN_POINT('',(106.,-8.,39.54));
#2215 = LINE('',#2216,#2217);
#2216 = CARTESIAN_POINT('',(106.,216.,39.54));
#2217 = VECTOR('',#2218,1.);
#2218 = DIRECTION('',(-0.,1.,0.));
#2219 = ORIENTED_EDGE('',*,*,#2220,.F.);
#2220 = EDGE_CURVE('',#2221,#2213,#2223,.T.);
#2221 = VERTEX_POINT('',#2222);
#2222 = CARTESIAN_POINT('',(106.,-8.,35.04));
#2223 = LINE('',#2224,#2225);
#2224 = CARTESIAN_POINT('',(106.,-8.,35.04));
#2225 = VECTOR('',#2226,1.);
#2226 = DIRECTION('',(0.,0.,1.));
#2227 = ORIENTED_EDGE('',*,*,#2228,.T.);
#2228 = EDGE_CURVE('',#2221,#2229,#2231,.T.);
#2229 = VERTEX_POINT('',#2230);
#2230 = CARTESIAN_POINT('',(106.,0.,35.04));
#2231 = LINE('',#2232,#2233);
#2232 = CARTESIAN_POINT('',(106.,-8.,35.04));
#2233 = VECTOR('',#2234,1.);
#2234 = DIRECTION('',(-0.,1.,0.));
#2235 = ORIENTED_EDGE('',*,*,#2236,.F.);
#2236 = EDGE_CURVE('',#2237,#2229,#2239,.T.);
#2237 = VERTEX_POINT('',#2238);
#2238 = CARTESIAN_POINT('',(106.,0.,38.75));
#2239 = LINE('',#2240,#2241);
#2240 = CARTESIAN_POINT('',(106.,0.,24.587260291165));
#2241 = VECTOR('',#2242,1.);
#2242 = DIRECTION('',(0.,0.,-1.));
#2243 = ORIENTED_EDGE('',*,*,#2244,.F.);
#2244 = EDGE_CURVE('',#2245,#2237,#2247,.T.);
#2245 = VERTEX_POINT('',#2246);
#2246 = CARTESIAN_POINT('',(106.,20.,38.75));
#2247 = LINE('',#2248,#2249);
#2248 = CARTESIAN_POINT('',(106.,63.36765185743,38.75));
#2249 = VECTOR('',#2250,1.);
#2250 = DIRECTION('',(0.,-1.,0.));
#2251 = ORIENTED_EDGE('',*,*,#2252,.F.);
#2252 = EDGE_CURVE('',#2253,#2245,#2255,.T.);
#2253 = VERTEX_POINT('',#2254);
#2254 = CARTESIAN_POINT('',(106.,20.,35.04));
#2255 = LINE('',#2256,#2257);
#2256 = CARTESIAN_POINT('',(106.,20.,24.587260291165));
#2257 = VECTOR('',#2258,1.);
#2258 = DIRECTION('',(0.,0.,1.));
#2259 = ORIENTED_EDGE('',*,*,#2260,.T.);
#2260 = EDGE_CURVE('',#2253,#2261,#2263,.T.);
#2261 = VERTEX_POINT('',#2262);
#2262 = CARTESIAN_POINT('',(106.,219.8,35.04));
#2263 = LINE('',#2264,#2265);
#2264 = CARTESIAN_POINT('',(106.,-8.,35.04));
#2265 = VECTOR('',#2266,1.);
#2266 = DIRECTION('',(-0.,1.,0.));
#2267 = ORIENTED_EDGE('',*,*,#2268,.F.);
#2268 = EDGE_CURVE('',#2197,#2261,#2269,.T.);
#2269 = LINE('',#2270,#2271);
#2270 = CARTESIAN_POINT('',(106.,219.8,9.54));
#2271 = VECTOR('',#2272,1.);
#2272 = DIRECTION('',(0.,0.,1.));
#2273 = PLANE('',#2274);
#2274 = AXIS2_PLACEMENT_3D('',#2275,#2276,#2277);
#2275 = CARTESIAN_POINT('',(106.,126.73530371485,24.432853915663));
#2276 = DIRECTION('',(1.,0.,0.));
#2277 = DIRECTION('',(-0.,0.,1.));
#2278 = ADVANCED_FACE('',(#2279),#2457,.T.);
#2279 = FACE_BOUND('',#2280,.T.);
#2280 = EDGE_LOOP('',(#2281,#2291,#2299,#2307,#2315,#2323,#2331,#2339,
    #2347,#2355,#2363,#2371,#2379,#2385,#2386,#2387,#2395,#2403,#2411,
    #2419,#2427,#2435,#2443,#2451));
#2281 = ORIENTED_EDGE('',*,*,#2282,.F.);
#2282 = EDGE_CURVE('',#2283,#2285,#2287,.T.);
#2283 = VERTEX_POINT('',#2284);
#2284 = CARTESIAN_POINT('',(109.,18.,0.));
#2285 = VERTEX_POINT('',#2286);
#2286 = CARTESIAN_POINT('',(109.,18.,18.));
#2287 = LINE('',#2288,#2289);
#2288 = CARTESIAN_POINT('',(109.,18.,0.));
#2289 = VECTOR('',#2290,1.);
#2290 = DIRECTION('',(0.,0.,1.));
#2291 = ORIENTED_EDGE('',*,*,#2292,.F.);
#2292 = EDGE_CURVE('',#2293,#2283,#2295,.T.);
#2293 = VERTEX_POINT('',#2294);
#2294 = CARTESIAN_POINT('',(71.,18.,0.));
#2295 = LINE('',#2296,#2297);
#2296 = CARTESIAN_POINT('',(71.,18.,0.));
#2297 = VECTOR('',#2298,1.);
#2298 = DIRECTION('',(1.,0.,-0.));
#2299 = ORIENTED_EDGE('',*,*,#2300,.T.);
#2300 = EDGE_CURVE('',#2293,#2301,#2303,.T.);
#2301 = VERTEX_POINT('',#2302);
#2302 = CARTESIAN_POINT('',(71.,18.,18.));
#2303 = LINE('',#2304,#2305);
#2304 = CARTESIAN_POINT('',(71.,18.,0.));
#2305 = VECTOR('',#2306,1.);
#2306 = DIRECTION('',(0.,0.,1.));
#2307 = ORIENTED_EDGE('',*,*,#2308,.T.);
#2308 = EDGE_CURVE('',#2301,#2309,#2311,.T.);
#2309 = VERTEX_POINT('',#2310);
#2310 = CARTESIAN_POINT('',(76.217191769547,18.,18.));
#2311 = LINE('',#2312,#2313);
#2312 = CARTESIAN_POINT('',(71.,18.,18.));
#2313 = VECTOR('',#2314,1.);
#2314 = DIRECTION('',(1.,0.,-0.));
#2315 = ORIENTED_EDGE('',*,*,#2316,.F.);
#2316 = EDGE_CURVE('',#2317,#2309,#2319,.T.);
#2317 = VERTEX_POINT('',#2318);
#2318 = CARTESIAN_POINT('',(76.150891632373,18.,17.928888888889));
#2319 = LINE('',#2320,#2321);
#2320 = CARTESIAN_POINT('',(70.74096644724,18.,12.126400276657));
#2321 = VECTOR('',#2322,1.);
#2322 = DIRECTION('',(0.681932082106,0.,0.731415501199));
#2323 = ORIENTED_EDGE('',*,*,#2324,.F.);
#2324 = EDGE_CURVE('',#2325,#2317,#2327,.T.);
#2325 = VERTEX_POINT('',#2326);
#2326 = CARTESIAN_POINT('',(75.659259259259,18.,17.373333333333));
#2327 = LINE('',#2328,#2329);
#2328 = CARTESIAN_POINT('',(70.570854458194,18.,11.623322327665));
#2329 = VECTOR('',#2330,1.);
#2330 = DIRECTION('',(0.662709521533,0.,0.748876551956));
#2331 = ORIENTED_EDGE('',*,*,#2332,.F.);
#2332 = EDGE_CURVE('',#2333,#2325,#2335,.T.);
#2333 = VERTEX_POINT('',#2334);
#2334 = CARTESIAN_POINT('',(75.207133058985,18.,16.817777777778));
#2335 = LINE('',#2336,#2337);
#2336 = CARTESIAN_POINT('',(70.478294808051,18.,11.007160388129));
#2337 = VECTOR('',#2338,1.);
#2338 = DIRECTION('',(0.631212461229,0.,0.77560997208));
#2339 = ORIENTED_EDGE('',*,*,#2340,.F.);
#2340 = EDGE_CURVE('',#2341,#2333,#2343,.T.);
#2341 = VERTEX_POINT('',#2342);
#2342 = CARTESIAN_POINT('',(74.80768175583,18.,16.262222222222));
#2343 = LINE('',#2344,#2345);
#2344 = CARTESIAN_POINT('',(70.504632044323,18.,10.277554869337));
#2345 = VECTOR('',#2346,1.);
#2346 = DIRECTION('',(0.583776486487,0.,0.811914412869));
#2347 = ORIENTED_EDGE('',*,*,#2348,.F.);
#2348 = EDGE_CURVE('',#2349,#2341,#2351,.T.);
#2349 = VERTEX_POINT('',#2350);
#2350 = CARTESIAN_POINT('',(74.474074074074,18.,15.706666666667));
#2351 = LINE('',#2352,#2353);
#2352 = CARTESIAN_POINT('',(70.714470867693,18.,9.44581428762));
#2353 = VECTOR('',#2354,1.);
#2354 = DIRECTION('',(0.514807016402,0.,0.857306092282));
#2355 = ORIENTED_EDGE('',*,*,#2356,.F.);
#2356 = EDGE_CURVE('',#2357,#2349,#2359,.T.);
#2357 = VERTEX_POINT('',#2358);
#2358 = CARTESIAN_POINT('',(74.219478737997,18.,15.151111111111));
#2359 = LINE('',#2360,#2361);
#2360 = CARTESIAN_POINT('',(71.198274359957,18.,8.558504574978));
#2361 = VECTOR('',#2362,1.);
#2362 = DIRECTION('',(0.416608335402,0.,0.909086076713));
#2363 = ORIENTED_EDGE('',*,*,#2364,.F.);
#2364 = EDGE_CURVE('',#2365,#2357,#2367,.T.);
#2365 = VERTEX_POINT('',#2366);
#2366 = CARTESIAN_POINT('',(74.057064471879,18.,14.595555555556));
#2367 = LINE('',#2368,#2369);
#2368 = CARTESIAN_POINT('',(72.052428899583,18.,7.738482863158));
#2369 = VECTOR('',#2370,1.);
#2370 = DIRECTION('',(0.280600582118,0.,0.959824626333));
#2371 = ORIENTED_EDGE('',*,*,#2372,.F.);
#2372 = EDGE_CURVE('',#2373,#2365,#2375,.T.);
#2373 = VERTEX_POINT('',#2374);
#2374 = CARTESIAN_POINT('',(74.,18.,14.04));
#2375 = LINE('',#2376,#2377);
#2376 = CARTESIAN_POINT('',(73.299333167142,18.,7.218604151264));
#2377 = VECTOR('',#2378,1.);
#2378 = DIRECTION('',(0.102178442416,0.,0.994766086025));
#2379 = ORIENTED_EDGE('',*,*,#2380,.T.);
#2380 = EDGE_CURVE('',#2373,#569,#2381,.T.);
#2381 = LINE('',#2382,#2383);
#2382 = CARTESIAN_POINT('',(74.,18.,4.77));
#2383 = VECTOR('',#2384,1.);
#2384 = DIRECTION('',(-0.,0.,-1.));
#2385 = ORIENTED_EDGE('',*,*,#568,.T.);
#2386 = ORIENTED_EDGE('',*,*,#2204,.F.);
#2387 = ORIENTED_EDGE('',*,*,#2388,.T.);
#2388 = EDGE_CURVE('',#2195,#2389,#2391,.T.);
#2389 = VERTEX_POINT('',#2390);
#2390 = CARTESIAN_POINT('',(105.94293552812,18.,14.595555555556));
#2391 = LINE('',#2392,#2393);
#2392 = CARTESIAN_POINT('',(106.50229858506,18.,9.149833486799));
#2393 = VECTOR('',#2394,1.);
#2394 = DIRECTION('',(-0.102178442416,-0.,0.994766086025));
#2395 = ORIENTED_EDGE('',*,*,#2396,.T.);
#2396 = EDGE_CURVE('',#2389,#2397,#2399,.T.);
#2397 = VERTEX_POINT('',#2398);
#2398 = CARTESIAN_POINT('',(105.780521262,18.,15.151111111111));
#2399 = LINE('',#2400,#2401);
#2400 = CARTESIAN_POINT('',(106.4515740534,18.,12.855702491882));
#2401 = VECTOR('',#2402,1.);
#2402 = DIRECTION('',(-0.280600582118,-0.,0.959824626333));
#2403 = ORIENTED_EDGE('',*,*,#2404,.T.);
#2404 = EDGE_CURVE('',#2397,#2405,#2407,.T.);
#2405 = VERTEX_POINT('',#2406);
#2406 = CARTESIAN_POINT('',(105.52592592592,18.,15.706666666667));
#2407 = LINE('',#2408,#2409);
#2408 = CARTESIAN_POINT('',(105.50403804263,18.,15.754428480957));
#2409 = VECTOR('',#2410,1.);
#2410 = DIRECTION('',(-0.416608335402,-0.,0.909086076713));
#2411 = ORIENTED_EDGE('',*,*,#2412,.T.);
#2412 = EDGE_CURVE('',#2405,#2413,#2415,.T.);
#2413 = VERTEX_POINT('',#2414);
#2414 = CARTESIAN_POINT('',(105.19231824417,18.,16.262222222222));
#2415 = LINE('',#2416,#2417);
#2416 = CARTESIAN_POINT('',(104.2500301137,18.,17.831410926326));
#2417 = VECTOR('',#2418,1.);
#2418 = DIRECTION('',(-0.514807016402,-0.,0.857306092282));
#2419 = ORIENTED_EDGE('',*,*,#2420,.T.);
#2420 = EDGE_CURVE('',#2413,#2421,#2423,.T.);
#2421 = VERTEX_POINT('',#2422);
#2422 = CARTESIAN_POINT('',(104.79286694101,18.,16.817777777778));
#2423 = LINE('',#2424,#2425);
#2424 = CARTESIAN_POINT('',(103.02026321833,18.,19.283109191527));
#2425 = VECTOR('',#2426,1.);
#2426 = DIRECTION('',(-0.583776486487,-0.,0.811914412869));
#2427 = ORIENTED_EDGE('',*,*,#2428,.T.);
#2428 = EDGE_CURVE('',#2421,#2429,#2431,.T.);
#2429 = VERTEX_POINT('',#2430);
#2430 = CARTESIAN_POINT('',(104.34074074074,18.,17.373333333333));
#2431 = LINE('',#2432,#2433);
#2432 = CARTESIAN_POINT('',(101.95155093895,18.,20.309079297298));
#2433 = VECTOR('',#2434,1.);
#2434 = DIRECTION('',(-0.631212461229,-0.,0.77560997208));
#2435 = ORIENTED_EDGE('',*,*,#2436,.T.);
#2436 = EDGE_CURVE('',#2429,#2437,#2439,.T.);
#2437 = VERTEX_POINT('',#2438);
#2438 = CARTESIAN_POINT('',(103.84910836762,18.,17.928888888889));
#2439 = LINE('',#2440,#2441);
#2440 = CARTESIAN_POINT('',(101.08465125312,18.,21.052787134913));
#2441 = VECTOR('',#2442,1.);
#2442 = DIRECTION('',(-0.662709521533,-0.,0.748876551956));
#2443 = ORIENTED_EDGE('',*,*,#2444,.T.);
#2444 = EDGE_CURVE('',#2437,#2445,#2447,.T.);
#2445 = VERTEX_POINT('',#2446);
#2446 = CARTESIAN_POINT('',(103.78280823045,18.,18.));
#2447 = LINE('',#2448,#2449);
#2448 = CARTESIAN_POINT('',(100.42343762526,18.,21.603138493388));
#2449 = VECTOR('',#2450,1.);
#2450 = DIRECTION('',(-0.681932082106,-0.,0.731415501199));
#2451 = ORIENTED_EDGE('',*,*,#2452,.T.);
#2452 = EDGE_CURVE('',#2445,#2285,#2453,.T.);
#2453 = LINE('',#2454,#2455);
#2454 = CARTESIAN_POINT('',(71.,18.,18.));
#2455 = VECTOR('',#2456,1.);
#2456 = DIRECTION('',(1.,0.,-0.));
#2457 = PLANE('',#2458);
#2458 = AXIS2_PLACEMENT_3D('',#2459,#2460,#2461);
#2459 = CARTESIAN_POINT('',(71.,18.,0.));
#2460 = DIRECTION('',(-0.,1.,0.));
#2461 = DIRECTION('',(0.,0.,1.));
#2462 = ADVANCED_FACE('',(#2463),#2488,.T.);
#2463 = FACE_BOUND('',#2464,.T.);
#2464 = EDGE_LOOP('',(#2465,#2466,#2472,#2473,#2481,#2487));
#2465 = ORIENTED_EDGE('',*,*,#2380,.F.);
#2466 = ORIENTED_EDGE('',*,*,#2467,.T.);
#2467 = EDGE_CURVE('',#2373,#1723,#2468,.T.);
#2468 = LINE('',#2469,#2470);
#2469 = CARTESIAN_POINT('',(74.,-8.,14.04));
#2470 = VECTOR('',#2471,1.);
#2471 = DIRECTION('',(-0.,1.,0.));
#2472 = ORIENTED_EDGE('',*,*,#1722,.T.);
#2473 = ORIENTED_EDGE('',*,*,#2474,.T.);
#2474 = EDGE_CURVE('',#1715,#2475,#2477,.T.);
#2475 = VERTEX_POINT('',#2476);
#2476 = CARTESIAN_POINT('',(74.,216.,14.));
#2477 = LINE('',#2478,#2479);
#2478 = CARTESIAN_POINT('',(74.,153.79,14.));
#2479 = VECTOR('',#2480,1.);
#2480 = DIRECTION('',(0.,1.,0.));
#2481 = ORIENTED_EDGE('',*,*,#2482,.F.);
#2482 = EDGE_CURVE('',#577,#2475,#2483,.T.);
#2483 = LINE('',#2484,#2485);
#2484 = CARTESIAN_POINT('',(74.,216.,9.54));
#2485 = VECTOR('',#2486,1.);
#2486 = DIRECTION('',(0.,0.,1.));
#2487 = ORIENTED_EDGE('',*,*,#576,.F.);
#2488 = PLANE('',#2489);
#2489 = AXIS2_PLACEMENT_3D('',#2490,#2491,#2492);
#2490 = CARTESIAN_POINT('',(74.,117.,11.79));
#2491 = DIRECTION('',(-1.,-0.,-0.));
#2492 = DIRECTION('',(0.,0.,-1.));
#2493 = ADVANCED_FACE('',(#2494),#2528,.T.);
#2494 = FACE_BOUND('',#2495,.T.);
#2495 = EDGE_LOOP('',(#2496,#2504,#2505,#2506,#2514,#2522));
#2496 = ORIENTED_EDGE('',*,*,#2497,.F.);
#2497 = EDGE_CURVE('',#585,#2498,#2500,.T.);
#2498 = VERTEX_POINT('',#2499);
#2499 = CARTESIAN_POINT('',(70.4,216.,13.8));
#2500 = LINE('',#2501,#2502);
#2501 = CARTESIAN_POINT('',(70.4,216.,17.04));
#2502 = VECTOR('',#2503,1.);
#2503 = DIRECTION('',(0.,-0.,1.));
#2504 = ORIENTED_EDGE('',*,*,#584,.T.);
#2505 = ORIENTED_EDGE('',*,*,#2482,.T.);
#2506 = ORIENTED_EDGE('',*,*,#2507,.T.);
#2507 = EDGE_CURVE('',#2475,#2508,#2510,.T.);
#2508 = VERTEX_POINT('',#2509);
#2509 = CARTESIAN_POINT('',(70.6,216.,14.));
#2510 = LINE('',#2511,#2512);
#2511 = CARTESIAN_POINT('',(35.2,216.,14.));
#2512 = VECTOR('',#2513,1.);
#2513 = DIRECTION('',(-1.,0.,0.));
#2514 = ORIENTED_EDGE('',*,*,#2515,.F.);
#2515 = EDGE_CURVE('',#2516,#2508,#2518,.T.);
#2516 = VERTEX_POINT('',#2517);
#2517 = CARTESIAN_POINT('',(70.6,216.,13.8));
#2518 = LINE('',#2519,#2520);
#2519 = CARTESIAN_POINT('',(70.6,216.,19.17));
#2520 = VECTOR('',#2521,1.);
#2521 = DIRECTION('',(0.,-0.,1.));
#2522 = ORIENTED_EDGE('',*,*,#2523,.T.);
#2523 = EDGE_CURVE('',#2516,#2498,#2524,.T.);
#2524 = LINE('',#2525,#2526);
#2525 = CARTESIAN_POINT('',(35.1,216.,13.8));
#2526 = VECTOR('',#2527,1.);
#2527 = DIRECTION('',(-1.,0.,0.));
#2528 = PLANE('',#2529);
#2529 = AXIS2_PLACEMENT_3D('',#2530,#2531,#2532);
#2530 = CARTESIAN_POINT('',(0.,216.,24.54));
#2531 = DIRECTION('',(-0.,-1.,-0.));
#2532 = DIRECTION('',(0.,0.,-1.));
#2533 = ADVANCED_FACE('',(#2534),#2552,.T.);
#2534 = FACE_BOUND('',#2535,.T.);
#2535 = EDGE_LOOP('',(#2536,#2544,#2550,#2551));
#2536 = ORIENTED_EDGE('',*,*,#2537,.T.);
#2537 = EDGE_CURVE('',#2498,#2538,#2540,.T.);
#2538 = VERTEX_POINT('',#2539);
#2539 = CARTESIAN_POINT('',(70.4,190.68,13.8));
#2540 = LINE('',#2541,#2542);
#2541 = CARTESIAN_POINT('',(70.4,190.68,13.8));
#2542 = VECTOR('',#2543,1.);
#2543 = DIRECTION('',(0.,-1.,0.));
#2544 = ORIENTED_EDGE('',*,*,#2545,.F.);
#2545 = EDGE_CURVE('',#593,#2538,#2546,.T.);
#2546 = LINE('',#2547,#2548);
#2547 = CARTESIAN_POINT('',(70.4,190.68,9.54));
#2548 = VECTOR('',#2549,1.);
#2549 = DIRECTION('',(0.,0.,1.));
#2550 = ORIENTED_EDGE('',*,*,#592,.T.);
#2551 = ORIENTED_EDGE('',*,*,#2497,.T.);
#2552 = PLANE('',#2553);
#2553 = AXIS2_PLACEMENT_3D('',#2554,#2555,#2556);
#2554 = CARTESIAN_POINT('',(70.4,190.68,9.54));
#2555 = DIRECTION('',(1.,0.,-0.));
#2556 = DIRECTION('',(0.,0.,1.));
#2557 = ADVANCED_FACE('',(#2558),#2825,.T.);
#2558 = FACE_BOUND('',#2559,.T.);
#2559 = EDGE_LOOP('',(#2560,#2561,#2562,#2570,#2578,#2586,#2594,#2602,
    #2610,#2618,#2626,#2634,#2642,#2650,#2659,#2667,#2675,#2683,#2691,
    #2699,#2707,#2715,#2723,#2731,#2740,#2748,#2756,#2764,#2772,#2780,
    #2788,#2796,#2802,#2803,#2811,#2819));
#2560 = ORIENTED_EDGE('',*,*,#600,.T.);
#2561 = ORIENTED_EDGE('',*,*,#2545,.T.);
#2562 = ORIENTED_EDGE('',*,*,#2563,.T.);
#2563 = EDGE_CURVE('',#2538,#2564,#2566,.T.);
#2564 = VERTEX_POINT('',#2565);
#2565 = CARTESIAN_POINT('',(70.6,190.68,13.8));
#2566 = LINE('',#2567,#2568);
#2567 = CARTESIAN_POINT('',(70.2,190.68,13.8));
#2568 = VECTOR('',#2569,1.);
#2569 = DIRECTION('',(1.,0.,-0.));
#2570 = ORIENTED_EDGE('',*,*,#2571,.T.);
#2571 = EDGE_CURVE('',#2564,#2572,#2574,.T.);
#2572 = VERTEX_POINT('',#2573);
#2573 = CARTESIAN_POINT('',(70.6,190.68,14.));
#2574 = LINE('',#2575,#2576);
#2575 = CARTESIAN_POINT('',(70.6,190.68,13.8));
#2576 = VECTOR('',#2577,1.);
#2577 = DIRECTION('',(0.,0.,1.));
#2578 = ORIENTED_EDGE('',*,*,#2579,.T.);
#2579 = EDGE_CURVE('',#2572,#2580,#2582,.T.);
#2580 = VERTEX_POINT('',#2581);
#2581 = CARTESIAN_POINT('',(70.4,190.68,14.));
#2582 = LINE('',#2583,#2584);
#2583 = CARTESIAN_POINT('',(35.2,190.68,14.));
#2584 = VECTOR('',#2585,1.);
#2585 = DIRECTION('',(-1.,0.,0.));
#2586 = ORIENTED_EDGE('',*,*,#2587,.T.);
#2587 = EDGE_CURVE('',#2580,#2588,#2590,.T.);
#2588 = VERTEX_POINT('',#2589);
#2589 = CARTESIAN_POINT('',(70.4,190.68,14.2));
#2590 = LINE('',#2591,#2592);
#2591 = CARTESIAN_POINT('',(70.4,190.68,15.329498757697));
#2592 = VECTOR('',#2593,1.);
#2593 = DIRECTION('',(0.,-0.,1.));
#2594 = ORIENTED_EDGE('',*,*,#2595,.F.);
#2595 = EDGE_CURVE('',#2596,#2588,#2598,.T.);
#2596 = VERTEX_POINT('',#2597);
#2597 = CARTESIAN_POINT('',(70.2,190.68,14.2));
#2598 = LINE('',#2599,#2600);
#2599 = CARTESIAN_POINT('',(70.2,190.68,14.2));
#2600 = VECTOR('',#2601,1.);
#2601 = DIRECTION('',(1.,0.,-0.));
#2602 = ORIENTED_EDGE('',*,*,#2603,.F.);
#2603 = EDGE_CURVE('',#2604,#2596,#2606,.T.);
#2604 = VERTEX_POINT('',#2605);
#2605 = CARTESIAN_POINT('',(70.2,190.68,14.));
#2606 = LINE('',#2607,#2608);
#2607 = CARTESIAN_POINT('',(70.2,190.68,13.8));
#2608 = VECTOR('',#2609,1.);
#2609 = DIRECTION('',(0.,0.,1.));
#2610 = ORIENTED_EDGE('',*,*,#2611,.F.);
#2611 = EDGE_CURVE('',#2612,#2604,#2614,.T.);
#2612 = VERTEX_POINT('',#2613);
#2613 = CARTESIAN_POINT('',(53.35,190.68,14.));
#2614 = LINE('',#2615,#2616);
#2615 = CARTESIAN_POINT('',(-70.4,190.68,14.));
#2616 = VECTOR('',#2617,1.);
#2617 = DIRECTION('',(1.,0.,-0.));
#2618 = ORIENTED_EDGE('',*,*,#2619,.T.);
#2619 = EDGE_CURVE('',#2612,#2620,#2622,.T.);
#2620 = VERTEX_POINT('',#2621);
#2621 = CARTESIAN_POINT('',(53.35,190.68,20.35));
#2622 = LINE('',#2623,#2624);
#2623 = CARTESIAN_POINT('',(53.35,190.68,13.65));
#2624 = VECTOR('',#2625,1.);
#2625 = DIRECTION('',(0.,0.,1.));
#2626 = ORIENTED_EDGE('',*,*,#2627,.F.);
#2627 = EDGE_CURVE('',#2628,#2620,#2630,.T.);
#2628 = VERTEX_POINT('',#2629);
#2629 = CARTESIAN_POINT('',(53.,190.68,20.35));
#2630 = LINE('',#2631,#2632);
#2631 = CARTESIAN_POINT('',(30.65,190.68,20.35));
#2632 = VECTOR('',#2633,1.);
#2633 = DIRECTION('',(1.,0.,-0.));
#2634 = ORIENTED_EDGE('',*,*,#2635,.T.);
#2635 = EDGE_CURVE('',#2628,#2636,#2638,.T.);
#2636 = VERTEX_POINT('',#2637);
#2637 = CARTESIAN_POINT('',(53.,190.68,33.54));
#2638 = LINE('',#2639,#2640);
#2639 = CARTESIAN_POINT('',(53.,190.68,20.));
#2640 = VECTOR('',#2641,1.);
#2641 = DIRECTION('',(0.,0.,1.));
#2642 = ORIENTED_EDGE('',*,*,#2643,.T.);
#2643 = EDGE_CURVE('',#2636,#2644,#2646,.T.);
#2644 = VERTEX_POINT('',#2645);
#2645 = CARTESIAN_POINT('',(47.325260557006,190.68,33.54));
#2646 = LINE('',#2647,#2648);
#2647 = CARTESIAN_POINT('',(-23.5,190.68,33.54));
#2648 = VECTOR('',#2649,1.);
#2649 = DIRECTION('',(-1.,-0.,0.));
#2650 = ORIENTED_EDGE('',*,*,#2651,.T.);
#2651 = EDGE_CURVE('',#2644,#2652,#2654,.T.);
#2652 = VERTEX_POINT('',#2653);
#2653 = CARTESIAN_POINT('',(36.674739442994,190.68,33.54));
#2654 = CIRCLE('',#2655,5.9);
#2655 = AXIS2_PLACEMENT_3D('',#2656,#2657,#2658);
#2656 = CARTESIAN_POINT('',(42.,190.68,31.));
#2657 = DIRECTION('',(0.,1.,0.));
#2658 = DIRECTION('',(0.,-0.,1.));
#2659 = ORIENTED_EDGE('',*,*,#2660,.T.);
#2660 = EDGE_CURVE('',#2652,#2661,#2663,.T.);
#2661 = VERTEX_POINT('',#2662);
#2662 = CARTESIAN_POINT('',(31.,190.68,33.54));
#2663 = LINE('',#2664,#2665);
#2664 = CARTESIAN_POINT('',(-23.5,190.68,33.54));
#2665 = VECTOR('',#2666,1.);
#2666 = DIRECTION('',(-1.,-0.,0.));
#2667 = ORIENTED_EDGE('',*,*,#2668,.F.);
#2668 = EDGE_CURVE('',#2669,#2661,#2671,.T.);
#2669 = VERTEX_POINT('',#2670);
#2670 = CARTESIAN_POINT('',(31.,190.68,20.35));
#2671 = LINE('',#2672,#2673);
#2672 = CARTESIAN_POINT('',(31.,190.68,20.));
#2673 = VECTOR('',#2674,1.);
#2674 = DIRECTION('',(0.,0.,1.));
#2675 = ORIENTED_EDGE('',*,*,#2676,.F.);
#2676 = EDGE_CURVE('',#2677,#2669,#2679,.T.);
#2677 = VERTEX_POINT('',#2678);
#2678 = CARTESIAN_POINT('',(30.65,190.68,20.35));
#2679 = LINE('',#2680,#2681);
#2680 = CARTESIAN_POINT('',(30.65,190.68,20.35));
#2681 = VECTOR('',#2682,1.);
#2682 = DIRECTION('',(1.,0.,-0.));
#2683 = ORIENTED_EDGE('',*,*,#2684,.F.);
#2684 = EDGE_CURVE('',#2685,#2677,#2687,.T.);
#2685 = VERTEX_POINT('',#2686);
#2686 = CARTESIAN_POINT('',(30.65,190.68,14.));
#2687 = LINE('',#2688,#2689);
#2688 = CARTESIAN_POINT('',(30.65,190.68,13.65));
#2689 = VECTOR('',#2690,1.);
#2690 = DIRECTION('',(0.,0.,1.));
#2691 = ORIENTED_EDGE('',*,*,#2692,.F.);
#2692 = EDGE_CURVE('',#2693,#2685,#2695,.T.);
#2693 = VERTEX_POINT('',#2694);
#2694 = CARTESIAN_POINT('',(-30.65,190.68,14.));
#2695 = LINE('',#2696,#2697);
#2696 = CARTESIAN_POINT('',(-70.4,190.68,14.));
#2697 = VECTOR('',#2698,1.);
#2698 = DIRECTION('',(1.,0.,-0.));
#2699 = ORIENTED_EDGE('',*,*,#2700,.T.);
#2700 = EDGE_CURVE('',#2693,#2701,#2703,.T.);
#2701 = VERTEX_POINT('',#2702);
#2702 = CARTESIAN_POINT('',(-30.65,190.68,20.35));
#2703 = LINE('',#2704,#2705);
#2704 = CARTESIAN_POINT('',(-30.65,190.68,13.65));
#2705 = VECTOR('',#2706,1.);
#2706 = DIRECTION('',(0.,0.,1.));
#2707 = ORIENTED_EDGE('',*,*,#2708,.F.);
#2708 = EDGE_CURVE('',#2709,#2701,#2711,.T.);
#2709 = VERTEX_POINT('',#2710);
#2710 = CARTESIAN_POINT('',(-31.,190.68,20.35));
#2711 = LINE('',#2712,#2713);
#2712 = CARTESIAN_POINT('',(-53.35,190.68,20.35));
#2713 = VECTOR('',#2714,1.);
#2714 = DIRECTION('',(1.,0.,-0.));
#2715 = ORIENTED_EDGE('',*,*,#2716,.T.);
#2716 = EDGE_CURVE('',#2709,#2717,#2719,.T.);
#2717 = VERTEX_POINT('',#2718);
#2718 = CARTESIAN_POINT('',(-31.,190.68,33.54));
#2719 = LINE('',#2720,#2721);
#2720 = CARTESIAN_POINT('',(-31.,190.68,20.));
#2721 = VECTOR('',#2722,1.);
#2722 = DIRECTION('',(0.,0.,1.));
#2723 = ORIENTED_EDGE('',*,*,#2724,.T.);
#2724 = EDGE_CURVE('',#2717,#2725,#2727,.T.);
#2725 = VERTEX_POINT('',#2726);
#2726 = CARTESIAN_POINT('',(-36.67473944299,190.68,33.54));
#2727 = LINE('',#2728,#2729);
#2728 = CARTESIAN_POINT('',(-65.5,190.68,33.54));
#2729 = VECTOR('',#2730,1.);
#2730 = DIRECTION('',(-1.,-0.,0.));
#2731 = ORIENTED_EDGE('',*,*,#2732,.T.);
#2732 = EDGE_CURVE('',#2725,#2733,#2735,.T.);
#2733 = VERTEX_POINT('',#2734);
#2734 = CARTESIAN_POINT('',(-47.325260557,190.68,33.54));
#2735 = CIRCLE('',#2736,5.9);
#2736 = AXIS2_PLACEMENT_3D('',#2737,#2738,#2739);
#2737 = CARTESIAN_POINT('',(-42.,190.68,31.));
#2738 = DIRECTION('',(0.,1.,0.));
#2739 = DIRECTION('',(0.,-0.,1.));
#2740 = ORIENTED_EDGE('',*,*,#2741,.T.);
#2741 = EDGE_CURVE('',#2733,#2742,#2744,.T.);
#2742 = VERTEX_POINT('',#2743);
#2743 = CARTESIAN_POINT('',(-53.,190.68,33.54));
#2744 = LINE('',#2745,#2746);
#2745 = CARTESIAN_POINT('',(-65.5,190.68,33.54));
#2746 = VECTOR('',#2747,1.);
#2747 = DIRECTION('',(-1.,-0.,0.));
#2748 = ORIENTED_EDGE('',*,*,#2749,.F.);
#2749 = EDGE_CURVE('',#2750,#2742,#2752,.T.);
#2750 = VERTEX_POINT('',#2751);
#2751 = CARTESIAN_POINT('',(-53.,190.68,20.35));
#2752 = LINE('',#2753,#2754);
#2753 = CARTESIAN_POINT('',(-53.,190.68,20.));
#2754 = VECTOR('',#2755,1.);
#2755 = DIRECTION('',(0.,0.,1.));
#2756 = ORIENTED_EDGE('',*,*,#2757,.F.);
#2757 = EDGE_CURVE('',#2758,#2750,#2760,.T.);
#2758 = VERTEX_POINT('',#2759);
#2759 = CARTESIAN_POINT('',(-53.35,190.68,20.35));
#2760 = LINE('',#2761,#2762);
#2761 = CARTESIAN_POINT('',(-53.35,190.68,20.35));
#2762 = VECTOR('',#2763,1.);
#2763 = DIRECTION('',(1.,0.,-0.));
#2764 = ORIENTED_EDGE('',*,*,#2765,.F.);
#2765 = EDGE_CURVE('',#2766,#2758,#2768,.T.);
#2766 = VERTEX_POINT('',#2767);
#2767 = CARTESIAN_POINT('',(-53.35,190.68,14.));
#2768 = LINE('',#2769,#2770);
#2769 = CARTESIAN_POINT('',(-53.35,190.68,13.65));
#2770 = VECTOR('',#2771,1.);
#2771 = DIRECTION('',(0.,0.,1.));
#2772 = ORIENTED_EDGE('',*,*,#2773,.F.);
#2773 = EDGE_CURVE('',#2774,#2766,#2776,.T.);
#2774 = VERTEX_POINT('',#2775);
#2775 = CARTESIAN_POINT('',(-70.2,190.68,14.));
#2776 = LINE('',#2777,#2778);
#2777 = CARTESIAN_POINT('',(-70.4,190.68,14.));
#2778 = VECTOR('',#2779,1.);
#2779 = DIRECTION('',(1.,0.,-0.));
#2780 = ORIENTED_EDGE('',*,*,#2781,.T.);
#2781 = EDGE_CURVE('',#2774,#2782,#2784,.T.);
#2782 = VERTEX_POINT('',#2783);
#2783 = CARTESIAN_POINT('',(-70.2,190.68,14.2));
#2784 = LINE('',#2785,#2786);
#2785 = CARTESIAN_POINT('',(-70.2,190.68,13.8));
#2786 = VECTOR('',#2787,1.);
#2787 = DIRECTION('',(0.,0.,1.));
#2788 = ORIENTED_EDGE('',*,*,#2789,.F.);
#2789 = EDGE_CURVE('',#2790,#2782,#2792,.T.);
#2790 = VERTEX_POINT('',#2791);
#2791 = CARTESIAN_POINT('',(-70.4,190.68,14.2));
#2792 = LINE('',#2793,#2794);
#2793 = CARTESIAN_POINT('',(-70.6,190.68,14.2));
#2794 = VECTOR('',#2795,1.);
#2795 = DIRECTION('',(1.,0.,-0.));
#2796 = ORIENTED_EDGE('',*,*,#2797,.F.);
#2797 = EDGE_CURVE('',#2051,#2790,#2798,.T.);
#2798 = LINE('',#2799,#2800);
#2799 = CARTESIAN_POINT('',(-70.4,190.68,15.329498757697));
#2800 = VECTOR('',#2801,1.);
#2801 = DIRECTION('',(0.,-0.,1.));
#2802 = ORIENTED_EDGE('',*,*,#2050,.T.);
#2803 = ORIENTED_EDGE('',*,*,#2804,.F.);
#2804 = EDGE_CURVE('',#2805,#2043,#2807,.T.);
#2805 = VERTEX_POINT('',#2806);
#2806 = CARTESIAN_POINT('',(-70.6,190.68,13.8));
#2807 = LINE('',#2808,#2809);
#2808 = CARTESIAN_POINT('',(-70.6,190.68,13.8));
#2809 = VECTOR('',#2810,1.);
#2810 = DIRECTION('',(0.,0.,1.));
#2811 = ORIENTED_EDGE('',*,*,#2812,.T.);
#2812 = EDGE_CURVE('',#2805,#2813,#2815,.T.);
#2813 = VERTEX_POINT('',#2814);
#2814 = CARTESIAN_POINT('',(-70.4,190.68,13.8));
#2815 = LINE('',#2816,#2817);
#2816 = CARTESIAN_POINT('',(-70.6,190.68,13.8));
#2817 = VECTOR('',#2818,1.);
#2818 = DIRECTION('',(1.,0.,-0.));
#2819 = ORIENTED_EDGE('',*,*,#2820,.F.);
#2820 = EDGE_CURVE('',#601,#2813,#2821,.T.);
#2821 = LINE('',#2822,#2823);
#2822 = CARTESIAN_POINT('',(-70.4,190.68,9.54));
#2823 = VECTOR('',#2824,1.);
#2824 = DIRECTION('',(0.,0.,1.));
#2825 = PLANE('',#2826);
#2826 = AXIS2_PLACEMENT_3D('',#2827,#2828,#2829);
#2827 = CARTESIAN_POINT('',(7.675734425409E-16,190.68,16.658997515394));
#2828 = DIRECTION('',(-0.,-1.,-0.));
#2829 = DIRECTION('',(0.,0.,-1.));
#2830 = ADVANCED_FACE('',(#2831),#2842,.F.);
#2831 = FACE_BOUND('',#2832,.F.);
#2832 = EDGE_LOOP('',(#2833,#2839,#2840,#2841));
#2833 = ORIENTED_EDGE('',*,*,#2834,.T.);
#2834 = EDGE_CURVE('',#2076,#2813,#2835,.T.);
#2835 = LINE('',#2836,#2837);
#2836 = CARTESIAN_POINT('',(-70.4,190.68,13.8));
#2837 = VECTOR('',#2838,1.);
#2838 = DIRECTION('',(0.,-1.,0.));
#2839 = ORIENTED_EDGE('',*,*,#2820,.F.);
#2840 = ORIENTED_EDGE('',*,*,#608,.T.);
#2841 = ORIENTED_EDGE('',*,*,#2075,.T.);
#2842 = PLANE('',#2843);
#2843 = AXIS2_PLACEMENT_3D('',#2844,#2845,#2846);
#2844 = CARTESIAN_POINT('',(-70.4,190.68,9.54));
#2845 = DIRECTION('',(1.,0.,-0.));
#2846 = DIRECTION('',(0.,0.,1.));
#2847 = ADVANCED_FACE('',(#2848,#2898,#3060),#3222,.T.);
#2848 = FACE_BOUND('',#2849,.T.);
#2849 = EDGE_LOOP('',(#2850,#2851,#2857,#2858,#2866,#2872,#2873,#2874,
    #2882,#2890,#2896,#2897));
#2850 = ORIENTED_EDGE('',*,*,#1325,.T.);
#2851 = ORIENTED_EDGE('',*,*,#2852,.T.);
#2852 = EDGE_CURVE('',#1318,#1907,#2853,.T.);
#2853 = LINE('',#2854,#2855);
#2854 = CARTESIAN_POINT('',(-74.,-8.,39.54));
#2855 = VECTOR('',#2856,1.);
#2856 = DIRECTION('',(-0.,1.,0.));
#2857 = ORIENTED_EDGE('',*,*,#1906,.T.);
#2858 = ORIENTED_EDGE('',*,*,#2859,.F.);
#2859 = EDGE_CURVE('',#2860,#1899,#2862,.T.);
#2860 = VERTEX_POINT('',#2861);
#2861 = CARTESIAN_POINT('',(74.,-8.,39.54));
#2862 = LINE('',#2863,#2864);
#2863 = CARTESIAN_POINT('',(74.,-8.,39.54));
#2864 = VECTOR('',#2865,1.);
#2865 = DIRECTION('',(-0.,1.,0.));
#2866 = ORIENTED_EDGE('',*,*,#2867,.T.);
#2867 = EDGE_CURVE('',#2860,#2213,#2868,.T.);
#2868 = LINE('',#2869,#2870);
#2869 = CARTESIAN_POINT('',(74.,-8.,39.54));
#2870 = VECTOR('',#2871,1.);
#2871 = DIRECTION('',(1.,0.,-0.));
#2872 = ORIENTED_EDGE('',*,*,#2212,.T.);
#2873 = ORIENTED_EDGE('',*,*,#2172,.F.);
#2874 = ORIENTED_EDGE('',*,*,#2875,.F.);
#2875 = EDGE_CURVE('',#2876,#2165,#2878,.T.);
#2876 = VERTEX_POINT('',#2877);
#2877 = CARTESIAN_POINT('',(70.4,214.315,39.54));
#2878 = LINE('',#2879,#2880);
#2879 = CARTESIAN_POINT('',(70.4,170.65033424129,39.54));
#2880 = VECTOR('',#2881,1.);
#2881 = DIRECTION('',(-0.,1.,0.));
#2882 = ORIENTED_EDGE('',*,*,#2883,.T.);
#2883 = EDGE_CURVE('',#2876,#2884,#2886,.T.);
#2884 = VERTEX_POINT('',#2885);
#2885 = CARTESIAN_POINT('',(-70.4,214.315,39.54));
#2886 = LINE('',#2887,#2888);
#2887 = CARTESIAN_POINT('',(-35.2,214.315,39.54));
#2888 = VECTOR('',#2889,1.);
#2889 = DIRECTION('',(-1.,-0.,0.));
#2890 = ORIENTED_EDGE('',*,*,#2891,.T.);
#2891 = EDGE_CURVE('',#2884,#2109,#2892,.T.);
#2892 = LINE('',#2893,#2894);
#2893 = CARTESIAN_POINT('',(-70.4,170.65033424129,39.54));
#2894 = VECTOR('',#2895,1.);
#2895 = DIRECTION('',(-0.,1.,0.));
#2896 = ORIENTED_EDGE('',*,*,#2108,.F.);
#2897 = ORIENTED_EDGE('',*,*,#671,.F.);
#2898 = FACE_BOUND('',#2899,.T.);
#2899 = EDGE_LOOP('',(#2900,#2910,#2918,#2926,#2934,#2942,#2950,#2958,
    #2966,#2974,#2982,#2990,#2998,#3006,#3014,#3022,#3030,#3038,#3046,
    #3054));
#2900 = ORIENTED_EDGE('',*,*,#2901,.F.);
#2901 = EDGE_CURVE('',#2902,#2904,#2906,.T.);
#2902 = VERTEX_POINT('',#2903);
#2903 = CARTESIAN_POINT('',(-33.65,198.065,39.54));
#2904 = VERTEX_POINT('',#2905);
#2905 = CARTESIAN_POINT('',(-33.65,204.54413835771,39.54));
#2906 = LINE('',#2907,#2908);
#2907 = CARTESIAN_POINT('',(-33.65,162.52533424129,39.54));
#2908 = VECTOR('',#2909,1.);
#2909 = DIRECTION('',(-0.,1.,0.));
#2910 = ORIENTED_EDGE('',*,*,#2911,.T.);
#2911 = EDGE_CURVE('',#2902,#2912,#2914,.T.);
#2912 = VERTEX_POINT('',#2913);
#2913 = CARTESIAN_POINT('',(-50.35,198.065,39.54));
#2914 = LINE('',#2915,#2916);
#2915 = CARTESIAN_POINT('',(-25.175,198.065,39.54));
#2916 = VECTOR('',#2917,1.);
#2917 = DIRECTION('',(-1.,-0.,0.));
#2918 = ORIENTED_EDGE('',*,*,#2919,.T.);
#2919 = EDGE_CURVE('',#2912,#2920,#2922,.T.);
#2920 = VERTEX_POINT('',#2921);
#2921 = CARTESIAN_POINT('',(-50.35,204.54413835771,39.54));
#2922 = LINE('',#2923,#2924);
#2923 = CARTESIAN_POINT('',(-50.35,162.52533424129,39.54));
#2924 = VECTOR('',#2925,1.);
#2925 = DIRECTION('',(-0.,1.,0.));
#2926 = ORIENTED_EDGE('',*,*,#2927,.F.);
#2927 = EDGE_CURVE('',#2928,#2920,#2930,.T.);
#2928 = VERTEX_POINT('',#2929);
#2929 = CARTESIAN_POINT('',(-53.,204.54413835771,39.54));
#2930 = LINE('',#2931,#2932);
#2931 = CARTESIAN_POINT('',(-54.,204.54413835771,39.54));
#2932 = VECTOR('',#2933,1.);
#2933 = DIRECTION('',(1.,0.,0.));
#2934 = ORIENTED_EDGE('',*,*,#2935,.F.);
#2935 = EDGE_CURVE('',#2936,#2928,#2938,.T.);
#2936 = VERTEX_POINT('',#2937);
#2937 = CARTESIAN_POINT('',(-53.,202.17912299368,39.54));
#2938 = LINE('',#2939,#2940);
#2939 = CARTESIAN_POINT('',(-53.,166.20033424129,39.54));
#2940 = VECTOR('',#2941,1.);
#2941 = DIRECTION('',(0.,1.,0.));
#2942 = ORIENTED_EDGE('',*,*,#2943,.F.);
#2943 = EDGE_CURVE('',#2944,#2936,#2946,.T.);
#2944 = VERTEX_POINT('',#2945);
#2945 = CARTESIAN_POINT('',(-56.,202.17912299368,39.54));
#2946 = LINE('',#2947,#2948);
#2947 = CARTESIAN_POINT('',(-56.,202.17912299368,39.54));
#2948 = VECTOR('',#2949,1.);
#2949 = DIRECTION('',(1.,0.,0.));
#2950 = ORIENTED_EDGE('',*,*,#2951,.T.);
#2951 = EDGE_CURVE('',#2944,#2952,#2954,.T.);
#2952 = VERTEX_POINT('',#2953);
#2953 = CARTESIAN_POINT('',(-56.,208.65087700631,39.54));
#2954 = LINE('',#2955,#2956);
#2955 = CARTESIAN_POINT('',(-56.,166.20033424129,39.54));
#2956 = VECTOR('',#2957,1.);
#2957 = DIRECTION('',(0.,1.,0.));
#2958 = ORIENTED_EDGE('',*,*,#2959,.T.);
#2959 = EDGE_CURVE('',#2952,#2960,#2962,.T.);
#2960 = VERTEX_POINT('',#2961);
#2961 = CARTESIAN_POINT('',(-53.,208.65087700631,39.54));
#2962 = LINE('',#2963,#2964);
#2963 = CARTESIAN_POINT('',(-56.,208.65087700631,39.54));
#2964 = VECTOR('',#2965,1.);
#2965 = DIRECTION('',(1.,0.,0.));
#2966 = ORIENTED_EDGE('',*,*,#2967,.F.);
#2967 = EDGE_CURVE('',#2968,#2960,#2970,.T.);
#2968 = VERTEX_POINT('',#2969);
#2969 = CARTESIAN_POINT('',(-53.,206.28586164228,39.54));
#2970 = LINE('',#2971,#2972);
#2971 = CARTESIAN_POINT('',(-53.,166.20033424129,39.54));
#2972 = VECTOR('',#2973,1.);
#2973 = DIRECTION('',(0.,1.,0.));
#2974 = ORIENTED_EDGE('',*,*,#2975,.T.);
#2975 = EDGE_CURVE('',#2968,#2976,#2978,.T.);
#2976 = VERTEX_POINT('',#2977);
#2977 = CARTESIAN_POINT('',(-50.35,206.28586164228,39.54));
#2978 = LINE('',#2979,#2980);
#2979 = CARTESIAN_POINT('',(-54.,206.28586164228,39.54));
#2980 = VECTOR('',#2981,1.);
#2981 = DIRECTION('',(1.,0.,0.));
#2982 = ORIENTED_EDGE('',*,*,#2983,.T.);
#2983 = EDGE_CURVE('',#2976,#2984,#2986,.T.);
#2984 = VERTEX_POINT('',#2985);
#2985 = CARTESIAN_POINT('',(-50.35,212.765,39.54));
#2986 = LINE('',#2987,#2988);
#2987 = CARTESIAN_POINT('',(-50.35,162.52533424129,39.54));
#2988 = VECTOR('',#2989,1.);
#2989 = DIRECTION('',(-0.,1.,0.));
#2990 = ORIENTED_EDGE('',*,*,#2991,.F.);
#2991 = EDGE_CURVE('',#2992,#2984,#2994,.T.);
#2992 = VERTEX_POINT('',#2993);
#2993 = CARTESIAN_POINT('',(-33.65,212.765,39.54));
#2994 = LINE('',#2995,#2996);
#2995 = CARTESIAN_POINT('',(-25.175,212.765,39.54));
#2996 = VECTOR('',#2997,1.);
#2997 = DIRECTION('',(-1.,-0.,0.));
#2998 = ORIENTED_EDGE('',*,*,#2999,.F.);
#2999 = EDGE_CURVE('',#3000,#2992,#3002,.T.);
#3000 = VERTEX_POINT('',#3001);
#3001 = CARTESIAN_POINT('',(-33.65,206.28586164228,39.54));
#3002 = LINE('',#3003,#3004);
#3003 = CARTESIAN_POINT('',(-33.65,162.52533424129,39.54));
#3004 = VECTOR('',#3005,1.);
#3005 = DIRECTION('',(-0.,1.,0.));
#3006 = ORIENTED_EDGE('',*,*,#3007,.T.);
#3007 = EDGE_CURVE('',#3000,#3008,#3010,.T.);
#3008 = VERTEX_POINT('',#3009);
#3009 = CARTESIAN_POINT('',(-31.,206.28586164228,39.54));
#3010 = LINE('',#3011,#3012);
#3011 = CARTESIAN_POINT('',(-54.,206.28586164228,39.54));
#3012 = VECTOR('',#3013,1.);
#3013 = DIRECTION('',(1.,0.,0.));
#3014 = ORIENTED_EDGE('',*,*,#3015,.T.);
#3015 = EDGE_CURVE('',#3008,#3016,#3018,.T.);
#3016 = VERTEX_POINT('',#3017);
#3017 = CARTESIAN_POINT('',(-31.,209.24624000814,39.54));
#3018 = LINE('',#3019,#3020);
#3019 = CARTESIAN_POINT('',(-31.,166.20033424129,39.54));
#3020 = VECTOR('',#3021,1.);
#3021 = DIRECTION('',(0.,1.,0.));
#3022 = ORIENTED_EDGE('',*,*,#3023,.T.);
#3023 = EDGE_CURVE('',#3016,#3024,#3026,.T.);
#3024 = VERTEX_POINT('',#3025);
#3025 = CARTESIAN_POINT('',(-27.,209.24624000814,39.54));
#3026 = LINE('',#3027,#3028);
#3027 = CARTESIAN_POINT('',(-31.,209.24624000814,39.54));
#3028 = VECTOR('',#3029,1.);
#3029 = DIRECTION('',(1.,0.,0.));
#3030 = ORIENTED_EDGE('',*,*,#3031,.F.);
#3031 = EDGE_CURVE('',#3032,#3024,#3034,.T.);
#3032 = VERTEX_POINT('',#3033);
#3033 = CARTESIAN_POINT('',(-27.,201.58375999185,39.54));
#3034 = LINE('',#3035,#3036);
#3035 = CARTESIAN_POINT('',(-27.,166.20033424129,39.54));
#3036 = VECTOR('',#3037,1.);
#3037 = DIRECTION('',(0.,1.,0.));
#3038 = ORIENTED_EDGE('',*,*,#3039,.F.);
#3039 = EDGE_CURVE('',#3040,#3032,#3042,.T.);
#3040 = VERTEX_POINT('',#3041);
#3041 = CARTESIAN_POINT('',(-31.,201.58375999185,39.54));
#3042 = LINE('',#3043,#3044);
#3043 = CARTESIAN_POINT('',(-31.,201.58375999185,39.54));
#3044 = VECTOR('',#3045,1.);
#3045 = DIRECTION('',(1.,0.,0.));
#3046 = ORIENTED_EDGE('',*,*,#3047,.T.);
#3047 = EDGE_CURVE('',#3040,#3048,#3050,.T.);
#3048 = VERTEX_POINT('',#3049);
#3049 = CARTESIAN_POINT('',(-31.,204.54413835771,39.54));
#3050 = LINE('',#3051,#3052);
#3051 = CARTESIAN_POINT('',(-31.,166.20033424129,39.54));
#3052 = VECTOR('',#3053,1.);
#3053 = DIRECTION('',(0.,1.,0.));
#3054 = ORIENTED_EDGE('',*,*,#3055,.F.);
#3055 = EDGE_CURVE('',#2904,#3048,#3056,.T.);
#3056 = LINE('',#3057,#3058);
#3057 = CARTESIAN_POINT('',(-54.,204.54413835771,39.54));
#3058 = VECTOR('',#3059,1.);
#3059 = DIRECTION('',(1.,0.,0.));
#3060 = FACE_BOUND('',#3061,.T.);
#3061 = EDGE_LOOP('',(#3062,#3072,#3080,#3088,#3096,#3104,#3112,#3120,
    #3128,#3136,#3144,#3152,#3160,#3168,#3176,#3184,#3192,#3200,#3208,
    #3216));
#3062 = ORIENTED_EDGE('',*,*,#3063,.F.);
#3063 = EDGE_CURVE('',#3064,#3066,#3068,.T.);
#3064 = VERTEX_POINT('',#3065);
#3065 = CARTESIAN_POINT('',(50.35,198.065,39.54));
#3066 = VERTEX_POINT('',#3067);
#3067 = CARTESIAN_POINT('',(50.35,204.54413835771,39.54));
#3068 = LINE('',#3069,#3070);
#3069 = CARTESIAN_POINT('',(50.35,162.52533424129,39.54));
#3070 = VECTOR('',#3071,1.);
#3071 = DIRECTION('',(-0.,1.,0.));
#3072 = ORIENTED_EDGE('',*,*,#3073,.T.);
#3073 = EDGE_CURVE('',#3064,#3074,#3076,.T.);
#3074 = VERTEX_POINT('',#3075);
#3075 = CARTESIAN_POINT('',(33.65,198.065,39.54));
#3076 = LINE('',#3077,#3078);
#3077 = CARTESIAN_POINT('',(16.825,198.065,39.54));
#3078 = VECTOR('',#3079,1.);
#3079 = DIRECTION('',(-1.,-0.,0.));
#3080 = ORIENTED_EDGE('',*,*,#3081,.T.);
#3081 = EDGE_CURVE('',#3074,#3082,#3084,.T.);
#3082 = VERTEX_POINT('',#3083);
#3083 = CARTESIAN_POINT('',(33.65,204.54413835771,39.54));
#3084 = LINE('',#3085,#3086);
#3085 = CARTESIAN_POINT('',(33.65,162.52533424129,39.54));
#3086 = VECTOR('',#3087,1.);
#3087 = DIRECTION('',(-0.,1.,0.));
#3088 = ORIENTED_EDGE('',*,*,#3089,.F.);
#3089 = EDGE_CURVE('',#3090,#3082,#3092,.T.);
#3090 = VERTEX_POINT('',#3091);
#3091 = CARTESIAN_POINT('',(31.,204.54413835771,39.54));
#3092 = LINE('',#3093,#3094);
#3093 = CARTESIAN_POINT('',(30.,204.54413835771,39.54));
#3094 = VECTOR('',#3095,1.);
#3095 = DIRECTION('',(1.,0.,0.));
#3096 = ORIENTED_EDGE('',*,*,#3097,.F.);
#3097 = EDGE_CURVE('',#3098,#3090,#3100,.T.);
#3098 = VERTEX_POINT('',#3099);
#3099 = CARTESIAN_POINT('',(31.,202.17912299368,39.54));
#3100 = LINE('',#3101,#3102);
#3101 = CARTESIAN_POINT('',(31.,166.20033424129,39.54));
#3102 = VECTOR('',#3103,1.);
#3103 = DIRECTION('',(0.,1.,0.));
#3104 = ORIENTED_EDGE('',*,*,#3105,.F.);
#3105 = EDGE_CURVE('',#3106,#3098,#3108,.T.);
#3106 = VERTEX_POINT('',#3107);
#3107 = CARTESIAN_POINT('',(28.,202.17912299368,39.54));
#3108 = LINE('',#3109,#3110);
#3109 = CARTESIAN_POINT('',(28.,202.17912299368,39.54));
#3110 = VECTOR('',#3111,1.);
#3111 = DIRECTION('',(1.,0.,0.));
#3112 = ORIENTED_EDGE('',*,*,#3113,.T.);
#3113 = EDGE_CURVE('',#3106,#3114,#3116,.T.);
#3114 = VERTEX_POINT('',#3115);
#3115 = CARTESIAN_POINT('',(28.,208.65087700631,39.54));
#3116 = LINE('',#3117,#3118);
#3117 = CARTESIAN_POINT('',(28.,166.20033424129,39.54));
#3118 = VECTOR('',#3119,1.);
#3119 = DIRECTION('',(0.,1.,0.));
#3120 = ORIENTED_EDGE('',*,*,#3121,.T.);
#3121 = EDGE_CURVE('',#3114,#3122,#3124,.T.);
#3122 = VERTEX_POINT('',#3123);
#3123 = CARTESIAN_POINT('',(31.,208.65087700631,39.54));
#3124 = LINE('',#3125,#3126);
#3125 = CARTESIAN_POINT('',(28.,208.65087700631,39.54));
#3126 = VECTOR('',#3127,1.);
#3127 = DIRECTION('',(1.,0.,0.));
#3128 = ORIENTED_EDGE('',*,*,#3129,.F.);
#3129 = EDGE_CURVE('',#3130,#3122,#3132,.T.);
#3130 = VERTEX_POINT('',#3131);
#3131 = CARTESIAN_POINT('',(31.,206.28586164228,39.54));
#3132 = LINE('',#3133,#3134);
#3133 = CARTESIAN_POINT('',(31.,166.20033424129,39.54));
#3134 = VECTOR('',#3135,1.);
#3135 = DIRECTION('',(0.,1.,0.));
#3136 = ORIENTED_EDGE('',*,*,#3137,.T.);
#3137 = EDGE_CURVE('',#3130,#3138,#3140,.T.);
#3138 = VERTEX_POINT('',#3139);
#3139 = CARTESIAN_POINT('',(33.65,206.28586164228,39.54));
#3140 = LINE('',#3141,#3142);
#3141 = CARTESIAN_POINT('',(30.,206.28586164228,39.54));
#3142 = VECTOR('',#3143,1.);
#3143 = DIRECTION('',(1.,0.,0.));
#3144 = ORIENTED_EDGE('',*,*,#3145,.T.);
#3145 = EDGE_CURVE('',#3138,#3146,#3148,.T.);
#3146 = VERTEX_POINT('',#3147);
#3147 = CARTESIAN_POINT('',(33.65,212.765,39.54));
#3148 = LINE('',#3149,#3150);
#3149 = CARTESIAN_POINT('',(33.65,162.52533424129,39.54));
#3150 = VECTOR('',#3151,1.);
#3151 = DIRECTION('',(-0.,1.,0.));
#3152 = ORIENTED_EDGE('',*,*,#3153,.F.);
#3153 = EDGE_CURVE('',#3154,#3146,#3156,.T.);
#3154 = VERTEX_POINT('',#3155);
#3155 = CARTESIAN_POINT('',(50.35,212.765,39.54));
#3156 = LINE('',#3157,#3158);
#3157 = CARTESIAN_POINT('',(16.825,212.765,39.54));
#3158 = VECTOR('',#3159,1.);
#3159 = DIRECTION('',(-1.,-0.,0.));
#3160 = ORIENTED_EDGE('',*,*,#3161,.F.);
#3161 = EDGE_CURVE('',#3162,#3154,#3164,.T.);
#3162 = VERTEX_POINT('',#3163);
#3163 = CARTESIAN_POINT('',(50.35,206.28586164228,39.54));
#3164 = LINE('',#3165,#3166);
#3165 = CARTESIAN_POINT('',(50.35,162.52533424129,39.54));
#3166 = VECTOR('',#3167,1.);
#3167 = DIRECTION('',(-0.,1.,0.));
#3168 = ORIENTED_EDGE('',*,*,#3169,.T.);
#3169 = EDGE_CURVE('',#3162,#3170,#3172,.T.);
#3170 = VERTEX_POINT('',#3171);
#3171 = CARTESIAN_POINT('',(53.,206.28586164228,39.54));
#3172 = LINE('',#3173,#3174);
#3173 = CARTESIAN_POINT('',(30.,206.28586164228,39.54));
#3174 = VECTOR('',#3175,1.);
#3175 = DIRECTION('',(1.,0.,0.));
#3176 = ORIENTED_EDGE('',*,*,#3177,.T.);
#3177 = EDGE_CURVE('',#3170,#3178,#3180,.T.);
#3178 = VERTEX_POINT('',#3179);
#3179 = CARTESIAN_POINT('',(53.,209.24624000814,39.54));
#3180 = LINE('',#3181,#3182);
#3181 = CARTESIAN_POINT('',(53.,166.20033424129,39.54));
#3182 = VECTOR('',#3183,1.);
#3183 = DIRECTION('',(0.,1.,0.));
#3184 = ORIENTED_EDGE('',*,*,#3185,.T.);
#3185 = EDGE_CURVE('',#3178,#3186,#3188,.T.);
#3186 = VERTEX_POINT('',#3187);
#3187 = CARTESIAN_POINT('',(57.,209.24624000814,39.54));
#3188 = LINE('',#3189,#3190);
#3189 = CARTESIAN_POINT('',(53.,209.24624000814,39.54));
#3190 = VECTOR('',#3191,1.);
#3191 = DIRECTION('',(1.,0.,0.));
#3192 = ORIENTED_EDGE('',*,*,#3193,.F.);
#3193 = EDGE_CURVE('',#3194,#3186,#3196,.T.);
#3194 = VERTEX_POINT('',#3195);
#3195 = CARTESIAN_POINT('',(57.,201.58375999185,39.54));
#3196 = LINE('',#3197,#3198);
#3197 = CARTESIAN_POINT('',(57.,166.20033424129,39.54));
#3198 = VECTOR('',#3199,1.);
#3199 = DIRECTION('',(0.,1.,0.));
#3200 = ORIENTED_EDGE('',*,*,#3201,.F.);
#3201 = EDGE_CURVE('',#3202,#3194,#3204,.T.);
#3202 = VERTEX_POINT('',#3203);
#3203 = CARTESIAN_POINT('',(53.,201.58375999185,39.54));
#3204 = LINE('',#3205,#3206);
#3205 = CARTESIAN_POINT('',(53.,201.58375999185,39.54));
#3206 = VECTOR('',#3207,1.);
#3207 = DIRECTION('',(1.,0.,0.));
#3208 = ORIENTED_EDGE('',*,*,#3209,.T.);
#3209 = EDGE_CURVE('',#3202,#3210,#3212,.T.);
#3210 = VERTEX_POINT('',#3211);
#3211 = CARTESIAN_POINT('',(53.,204.54413835771,39.54));
#3212 = LINE('',#3213,#3214);
#3213 = CARTESIAN_POINT('',(53.,166.20033424129,39.54));
#3214 = VECTOR('',#3215,1.);
#3215 = DIRECTION('',(0.,1.,0.));
#3216 = ORIENTED_EDGE('',*,*,#3217,.F.);
#3217 = EDGE_CURVE('',#3066,#3210,#3218,.T.);
#3218 = LINE('',#3219,#3220);
#3219 = CARTESIAN_POINT('',(30.,204.54413835771,39.54));
#3220 = VECTOR('',#3221,1.);
#3221 = DIRECTION('',(1.,0.,0.));
#3222 = PLANE('',#3223);
#3223 = AXIS2_PLACEMENT_3D('',#3224,#3225,#3226);
#3224 = CARTESIAN_POINT('',(2.813181981837E-15,126.98566848259,39.54));
#3225 = DIRECTION('',(0.,0.,1.));
#3226 = DIRECTION('',(1.,0.,-0.));
#3227 = ADVANCED_FACE('',(#3228),#3246,.T.);
#3228 = FACE_BOUND('',#3229,.T.);
#3229 = EDGE_LOOP('',(#3230,#3231,#3232,#3240));
#3230 = ORIENTED_EDGE('',*,*,#1332,.T.);
#3231 = ORIENTED_EDGE('',*,*,#655,.T.);
#3232 = ORIENTED_EDGE('',*,*,#3233,.T.);
#3233 = EDGE_CURVE('',#648,#3234,#3236,.T.);
#3234 = VERTEX_POINT('',#3235);
#3235 = CARTESIAN_POINT('',(-105.9429355281,219.8,34.484444444444));
#3236 = LINE('',#3237,#3238);
#3237 = CARTESIAN_POINT('',(-104.6897773542,219.8,22.284226645818));
#3238 = VECTOR('',#3239,1.);
#3239 = DIRECTION('',(0.102178442416,0.,-0.994766086025));
#3240 = ORIENTED_EDGE('',*,*,#3241,.F.);
#3241 = EDGE_CURVE('',#1333,#3234,#3242,.T.);
#3242 = LINE('',#3243,#3244);
#3243 = CARTESIAN_POINT('',(-105.9429355281,24.,34.484444444444));
#3244 = VECTOR('',#3245,1.);
#3245 = DIRECTION('',(0.,1.,0.));
#3246 = PLANE('',#3247);
#3247 = AXIS2_PLACEMENT_3D('',#3248,#3249,#3250);
#3248 = CARTESIAN_POINT('',(-105.971467764,106.,34.762222222222));
#3249 = DIRECTION('',(-0.994766086025,-0.,-0.102178442416));
#3250 = DIRECTION('',(0.102178442416,0.,-0.994766086025));
#3251 = ADVANCED_FACE('',(#3252),#3342,.F.);
#3252 = FACE_BOUND('',#3253,.F.);
#3253 = EDGE_LOOP('',(#3254,#3255,#3256,#3257,#3265,#3273,#3281,#3289,
    #3297,#3305,#3313,#3321,#3329,#3335,#3336,#3337,#3338,#3339,#3340,
    #3341));
#3254 = ORIENTED_EDGE('',*,*,#704,.T.);
#3255 = ORIENTED_EDGE('',*,*,#647,.T.);
#3256 = ORIENTED_EDGE('',*,*,#3233,.T.);
#3257 = ORIENTED_EDGE('',*,*,#3258,.T.);
#3258 = EDGE_CURVE('',#3234,#3259,#3261,.T.);
#3259 = VERTEX_POINT('',#3260);
#3260 = CARTESIAN_POINT('',(-105.780521262,219.8,33.928888888889));
#3261 = LINE('',#3262,#3263);
#3262 = CARTESIAN_POINT('',(-102.5454679495,219.8,22.863039298173));
#3263 = VECTOR('',#3264,1.);
#3264 = DIRECTION('',(0.280600582118,0.,-0.959824626333));
#3265 = ORIENTED_EDGE('',*,*,#3266,.T.);
#3266 = EDGE_CURVE('',#3259,#3267,#3269,.T.);
#3267 = VERTEX_POINT('',#3268);
#3268 = CARTESIAN_POINT('',(-105.5259259259,219.8,33.373333333333));
#3269 = LINE('',#3270,#3271);
#3270 = CARTESIAN_POINT('',(-101.1174825257,219.8,23.75361578453));
#3271 = VECTOR('',#3272,1.);
#3272 = DIRECTION('',(0.416608335402,0.,-0.909086076713));
#3273 = ORIENTED_EDGE('',*,*,#3274,.T.);
#3274 = EDGE_CURVE('',#3267,#3275,#3277,.T.);
#3275 = VERTEX_POINT('',#3276);
#3276 = CARTESIAN_POINT('',(-105.1923182441,219.8,32.817777777778));
#3277 = LINE('',#3278,#3279);
#3278 = CARTESIAN_POINT('',(-100.2459576803,219.8,24.580623055989));
#3279 = VECTOR('',#3280,1.);
#3280 = DIRECTION('',(0.514807016402,0.,-0.857306092282));
#3281 = ORIENTED_EDGE('',*,*,#3282,.T.);
#3282 = EDGE_CURVE('',#3275,#3283,#3285,.T.);
#3283 = VERTEX_POINT('',#3284);
#3284 = CARTESIAN_POINT('',(-104.792866941,219.8,32.262222222222));
#3285 = LINE('',#3286,#3287);
#3286 = CARTESIAN_POINT('',(-99.71352204169,219.8,25.197886081336));
#3287 = VECTOR('',#3288,1.);
#3288 = DIRECTION('',(0.583776486487,0.,-0.811914412869));
#3289 = ORIENTED_EDGE('',*,*,#3290,.T.);
#3290 = EDGE_CURVE('',#3283,#3291,#3293,.T.);
#3291 = VERTEX_POINT('',#3292);
#3292 = CARTESIAN_POINT('',(-104.3407407407,219.8,31.706666666667));
#3293 = LINE('',#3294,#3295);
#3294 = CARTESIAN_POINT('',(-99.35820157287,219.8,25.58431119644));
#3295 = VECTOR('',#3296,1.);
#3296 = DIRECTION('',(0.631212461229,0.,-0.77560997208));
#3297 = ORIENTED_EDGE('',*,*,#3298,.T.);
#3298 = EDGE_CURVE('',#3291,#3299,#3301,.T.);
#3299 = VERTEX_POINT('',#3300);
#3300 = CARTESIAN_POINT('',(-103.8491083676,219.8,31.151111111111));
#3301 = LINE('',#3302,#3303);
#3302 = CARTESIAN_POINT('',(-99.08167149443,219.8,25.763801028404));
#3303 = VECTOR('',#3304,1.);
#3304 = DIRECTION('',(0.662709521533,0.,-0.748876551956));
#3305 = ORIENTED_EDGE('',*,*,#3306,.T.);
#3306 = EDGE_CURVE('',#3299,#3307,#3309,.T.);
#3307 = VERTEX_POINT('',#3308);
#3308 = CARTESIAN_POINT('',(-103.3311385459,219.8,30.595555555556));
#3309 = LINE('',#3310,#3311);
#3310 = CARTESIAN_POINT('',(-98.83018345891,219.8,25.767995147052));
#3311 = VECTOR('',#3312,1.);
#3312 = DIRECTION('',(0.681932082106,0.,-0.731415501199));
#3313 = ORIENTED_EDGE('',*,*,#3314,.T.);
#3314 = EDGE_CURVE('',#3307,#3315,#3317,.T.);
#3315 = VERTEX_POINT('',#3316);
#3316 = CARTESIAN_POINT('',(-102.8,219.8,30.04));
#3317 = LINE('',#3318,#3319);
#3318 = CARTESIAN_POINT('',(-98.44423981945,219.8,25.484000844214));
#3319 = VECTOR('',#3320,1.);
#3320 = DIRECTION('',(0.691044328918,0.,-0.722812379162));
#3321 = ORIENTED_EDGE('',*,*,#3322,.F.);
#3322 = EDGE_CURVE('',#3323,#3315,#3325,.T.);
#3323 = VERTEX_POINT('',#3324);
#3324 = CARTESIAN_POINT('',(-102.8,219.8,19.04));
#3325 = LINE('',#3326,#3327);
#3326 = CARTESIAN_POINT('',(-102.8,219.8,9.54));
#3327 = VECTOR('',#3328,1.);
#3328 = DIRECTION('',(0.,0.,1.));
#3329 = ORIENTED_EDGE('',*,*,#3330,.T.);
#3330 = EDGE_CURVE('',#3323,#881,#3331,.T.);
#3331 = LINE('',#3332,#3333);
#3332 = CARTESIAN_POINT('',(-105.9366707518,219.8,15.759133123728));
#3333 = VECTOR('',#3334,1.);
#3334 = DIRECTION('',(-0.691044328918,0.,-0.722812379162));
#3335 = ORIENTED_EDGE('',*,*,#888,.T.);
#3336 = ORIENTED_EDGE('',*,*,#848,.T.);
#3337 = ORIENTED_EDGE('',*,*,#824,.T.);
#3338 = ORIENTED_EDGE('',*,*,#800,.T.);
#3339 = ORIENTED_EDGE('',*,*,#776,.T.);
#3340 = ORIENTED_EDGE('',*,*,#752,.T.);
#3341 = ORIENTED_EDGE('',*,*,#728,.T.);
#3342 = PLANE('',#3343);
#3343 = AXIS2_PLACEMENT_3D('',#3344,#3345,#3346);
#3344 = CARTESIAN_POINT('',(-106.,219.8,9.54));
#3345 = DIRECTION('',(-0.,1.,0.));
#3346 = DIRECTION('',(0.,0.,1.));
#3347 = ADVANCED_FACE('',(#3348),#3375,.T.);
#3348 = FACE_BOUND('',#3349,.T.);
#3349 = EDGE_LOOP('',(#3350,#3351,#3352,#3360,#3368,#3374));
#3350 = ORIENTED_EDGE('',*,*,#880,.F.);
#3351 = ORIENTED_EDGE('',*,*,#1540,.F.);
#3352 = ORIENTED_EDGE('',*,*,#3353,.T.);
#3353 = EDGE_CURVE('',#1533,#3354,#3356,.T.);
#3354 = VERTEX_POINT('',#3355);
#3355 = CARTESIAN_POINT('',(-102.268861454,220.,19.595555555556));
#3356 = LINE('',#3357,#3358);
#3357 = CARTESIAN_POINT('',(-102.268861454,24.,19.595555555556));
#3358 = VECTOR('',#3359,1.);
#3359 = DIRECTION('',(0.,1.,0.));
#3360 = ORIENTED_EDGE('',*,*,#3361,.T.);
#3361 = EDGE_CURVE('',#3354,#3362,#3364,.T.);
#3362 = VERTEX_POINT('',#3363);
#3363 = CARTESIAN_POINT('',(-102.8,220.,19.04));
#3364 = LINE('',#3365,#3366);
#3365 = CARTESIAN_POINT('',(-102.8,220.,19.04));
#3366 = VECTOR('',#3367,1.);
#3367 = DIRECTION('',(-0.691044328918,0.,-0.722812379162));
#3368 = ORIENTED_EDGE('',*,*,#3369,.F.);
#3369 = EDGE_CURVE('',#3323,#3362,#3370,.T.);
#3370 = LINE('',#3371,#3372);
#3371 = CARTESIAN_POINT('',(-102.8,162.9,19.04));
#3372 = VECTOR('',#3373,1.);
#3373 = DIRECTION('',(0.,1.,0.));
#3374 = ORIENTED_EDGE('',*,*,#3330,.T.);
#3375 = PLANE('',#3376);
#3376 = AXIS2_PLACEMENT_3D('',#3377,#3378,#3379);
#3377 = CARTESIAN_POINT('',(-102.8,106.,19.04));
#3378 = DIRECTION('',(-0.722812379162,-0.,0.691044328918));
#3379 = DIRECTION('',(-0.691044328918,0.,-0.722812379162));
#3380 = ADVANCED_FACE('',(#3381),#3392,.F.);
#3381 = FACE_BOUND('',#3382,.F.);
#3382 = EDGE_LOOP('',(#3383,#3384,#3385,#3386));
#3383 = ORIENTED_EDGE('',*,*,#1004,.F.);
#3384 = ORIENTED_EDGE('',*,*,#935,.F.);
#3385 = ORIENTED_EDGE('',*,*,#1549,.T.);
#3386 = ORIENTED_EDGE('',*,*,#3387,.T.);
#3387 = EDGE_CURVE('',#1550,#1005,#3388,.T.);
#3388 = LINE('',#3389,#3390);
#3389 = CARTESIAN_POINT('',(-99.,-6.192649514669,0.));
#3390 = VECTOR('',#3391,1.);
#3391 = DIRECTION('',(0.,1.,0.));
#3392 = PLANE('',#3393);
#3393 = AXIS2_PLACEMENT_3D('',#3394,#3395,#3396);
#3394 = CARTESIAN_POINT('',(-109.,-8.,0.));
#3395 = DIRECTION('',(0.,0.,1.));
#3396 = DIRECTION('',(1.,0.,-0.));
#3397 = ADVANCED_FACE('',(#3398),#3417,.F.);
#3398 = FACE_BOUND('',#3399,.F.);
#3399 = EDGE_LOOP('',(#3400,#3401,#3409,#3416));
#3400 = ORIENTED_EDGE('',*,*,#987,.T.);
#3401 = ORIENTED_EDGE('',*,*,#3402,.T.);
#3402 = EDGE_CURVE('',#988,#3403,#3405,.T.);
#3403 = VERTEX_POINT('',#3404);
#3404 = CARTESIAN_POINT('',(-87.7,11.,3.));
#3405 = LINE('',#3406,#3407);
#3406 = CARTESIAN_POINT('',(-87.7,11.,-1.));
#3407 = VECTOR('',#3408,1.);
#3408 = DIRECTION('',(0.,0.,1.));
#3409 = ORIENTED_EDGE('',*,*,#3410,.F.);
#3410 = EDGE_CURVE('',#3403,#3403,#3411,.T.);
#3411 = CIRCLE('',#3412,2.3);
#3412 = AXIS2_PLACEMENT_3D('',#3413,#3414,#3415);
#3413 = CARTESIAN_POINT('',(-90.,11.,3.));
#3414 = DIRECTION('',(0.,0.,1.));
#3415 = DIRECTION('',(1.,0.,-0.));
#3416 = ORIENTED_EDGE('',*,*,#3402,.F.);
#3417 = CYLINDRICAL_SURFACE('',#3418,2.3);
#3418 = AXIS2_PLACEMENT_3D('',#3419,#3420,#3421);
#3419 = CARTESIAN_POINT('',(-90.,11.,-1.));
#3420 = DIRECTION('',(0.,0.,1.));
#3421 = DIRECTION('',(1.,0.,-0.));
#3422 = ADVANCED_FACE('',(#3423,#3443),#3454,.T.);
#3423 = FACE_BOUND('',#3424,.T.);
#3424 = EDGE_LOOP('',(#3425,#3433,#3434,#3435,#3436));
#3425 = ORIENTED_EDGE('',*,*,#3426,.F.);
#3426 = EDGE_CURVE('',#1082,#3427,#3429,.T.);
#3427 = VERTEX_POINT('',#3428);
#3428 = CARTESIAN_POINT('',(-99.,-15.69467112597,0.445536583931));
#3429 = LINE('',#3430,#3431);
#3430 = CARTESIAN_POINT('',(-99.,-8.,13.));
#3431 = VECTOR('',#3432,1.);
#3432 = DIRECTION('',(0.,-0.522562057929,-0.852601252411));
#3433 = ORIENTED_EDGE('',*,*,#1557,.T.);
#3434 = ORIENTED_EDGE('',*,*,#3387,.T.);
#3435 = ORIENTED_EDGE('',*,*,#1012,.T.);
#3436 = ORIENTED_EDGE('',*,*,#3437,.F.);
#3437 = EDGE_CURVE('',#3427,#1013,#3438,.T.);
#3438 = CIRCLE('',#3439,7.);
#3439 = AXIS2_PLACEMENT_3D('',#3440,#3441,#3442);
#3440 = CARTESIAN_POINT('',(-99.,-12.,-5.5));
#3441 = DIRECTION('',(1.,0.,0.));
#3442 = DIRECTION('',(-0.,0.,1.));
#3443 = FACE_BOUND('',#3444,.T.);
#3444 = EDGE_LOOP('',(#3445));
#3445 = ORIENTED_EDGE('',*,*,#3446,.T.);
#3446 = EDGE_CURVE('',#3447,#3447,#3449,.T.);
#3447 = VERTEX_POINT('',#3448);
#3448 = CARTESIAN_POINT('',(-99.,-12.,-3.2));
#3449 = CIRCLE('',#3450,2.3);
#3450 = AXIS2_PLACEMENT_3D('',#3451,#3452,#3453);
#3451 = CARTESIAN_POINT('',(-99.,-12.,-5.5));
#3452 = DIRECTION('',(1.,0.,0.));
#3453 = DIRECTION('',(-0.,0.,1.));
#3454 = PLANE('',#3455);
#3455 = AXIS2_PLACEMENT_3D('',#3456,#3457,#3458);
#3456 = CARTESIAN_POINT('',(-99.,-10.63296179817,-0.492578677057));
#3457 = DIRECTION('',(-1.,-0.,-0.));
#3458 = DIRECTION('',(0.,0.,-1.));
#3459 = ADVANCED_FACE('',(#3460),#3479,.T.);
#3460 = FACE_BOUND('',#3461,.T.);
#3461 = EDGE_LOOP('',(#3462,#3471,#3477,#3478));
#3462 = ORIENTED_EDGE('',*,*,#3463,.F.);
#3463 = EDGE_CURVE('',#3464,#1022,#3466,.T.);
#3464 = VERTEX_POINT('',#3465);
#3465 = CARTESIAN_POINT('',(-81.,-15.69467112597,0.445536583931));
#3466 = CIRCLE('',#3467,7.);
#3467 = AXIS2_PLACEMENT_3D('',#3468,#3469,#3470);
#3468 = CARTESIAN_POINT('',(-81.,-12.,-5.5));
#3469 = DIRECTION('',(1.,0.,0.));
#3470 = DIRECTION('',(-0.,0.,1.));
#3471 = ORIENTED_EDGE('',*,*,#3472,.F.);
#3472 = EDGE_CURVE('',#3427,#3464,#3473,.T.);
#3473 = LINE('',#3474,#3475);
#3474 = CARTESIAN_POINT('',(-99.,-15.69467112597,0.445536583932));
#3475 = VECTOR('',#3476,1.);
#3476 = DIRECTION('',(1.,0.,0.));
#3477 = ORIENTED_EDGE('',*,*,#3437,.T.);
#3478 = ORIENTED_EDGE('',*,*,#1021,.T.);
#3479 = CYLINDRICAL_SURFACE('',#3480,7.);
#3480 = AXIS2_PLACEMENT_3D('',#3481,#3482,#3483);
#3481 = CARTESIAN_POINT('',(-99.,-12.,-5.5));
#3482 = DIRECTION('',(1.,0.,0.));
#3483 = DIRECTION('',(-0.,0.,1.));
#3484 = ADVANCED_FACE('',(#3485,#3497),#3508,.T.);
#3485 = FACE_BOUND('',#3486,.T.);
#3486 = EDGE_LOOP('',(#3487,#3488,#3489,#3495,#3496));
#3487 = ORIENTED_EDGE('',*,*,#1067,.F.);
#3488 = ORIENTED_EDGE('',*,*,#1091,.F.);
#3489 = ORIENTED_EDGE('',*,*,#3490,.T.);
#3490 = EDGE_CURVE('',#1084,#3464,#3491,.T.);
#3491 = LINE('',#3492,#3493);
#3492 = CARTESIAN_POINT('',(-81.,-8.,13.));
#3493 = VECTOR('',#3494,1.);
#3494 = DIRECTION('',(0.,-0.522562057929,-0.852601252411));
#3495 = ORIENTED_EDGE('',*,*,#3463,.T.);
#3496 = ORIENTED_EDGE('',*,*,#1029,.F.);
#3497 = FACE_BOUND('',#3498,.T.);
#3498 = EDGE_LOOP('',(#3499));
#3499 = ORIENTED_EDGE('',*,*,#3500,.F.);
#3500 = EDGE_CURVE('',#3501,#3501,#3503,.T.);
#3501 = VERTEX_POINT('',#3502);
#3502 = CARTESIAN_POINT('',(-81.,-12.,-3.2));
#3503 = CIRCLE('',#3504,2.3);
#3504 = AXIS2_PLACEMENT_3D('',#3505,#3506,#3507);
#3505 = CARTESIAN_POINT('',(-81.,-12.,-5.5));
#3506 = DIRECTION('',(1.,0.,0.));
#3507 = DIRECTION('',(-0.,0.,1.));
#3508 = PLANE('',#3509);
#3509 = AXIS2_PLACEMENT_3D('',#3510,#3511,#3512);
#3510 = CARTESIAN_POINT('',(-81.,-10.63296179817,-0.492578677057));
#3511 = DIRECTION('',(1.,0.,0.));
#3512 = DIRECTION('',(-0.,0.,1.));
#3513 = ADVANCED_FACE('',(#3514),#3520,.F.);
#3514 = FACE_BOUND('',#3515,.F.);
#3515 = EDGE_LOOP('',(#3516,#3517,#3518,#3519));
#3516 = ORIENTED_EDGE('',*,*,#3426,.F.);
#3517 = ORIENTED_EDGE('',*,*,#1081,.T.);
#3518 = ORIENTED_EDGE('',*,*,#3490,.T.);
#3519 = ORIENTED_EDGE('',*,*,#3472,.F.);
#3520 = PLANE('',#3521);
#3521 = AXIS2_PLACEMENT_3D('',#3522,#3523,#3524);
#3522 = CARTESIAN_POINT('',(-99.,-8.,13.));
#3523 = DIRECTION('',(0.,0.852601252411,-0.522562057929));
#3524 = DIRECTION('',(0.,-0.522562057929,-0.852601252411));
#3525 = ADVANCED_FACE('',(#3526),#3553,.T.);
#3526 = FACE_BOUND('',#3527,.T.);
#3527 = EDGE_LOOP('',(#3528,#3536,#3537,#3538,#3539,#3547));
#3528 = ORIENTED_EDGE('',*,*,#3529,.F.);
#3529 = EDGE_CURVE('',#1110,#3530,#3532,.T.);
#3530 = VERTEX_POINT('',#3531);
#3531 = CARTESIAN_POINT('',(-78.24910836762,220.,20.151111111111));
#3532 = LINE('',#3533,#3534);
#3533 = CARTESIAN_POINT('',(-78.24910836762,24.,20.151111111111));
#3534 = VECTOR('',#3535,1.);
#3535 = DIRECTION('',(0.,1.,0.));
#3536 = ORIENTED_EDGE('',*,*,#1109,.T.);
#3537 = ORIENTED_EDGE('',*,*,#1605,.T.);
#3538 = ORIENTED_EDGE('',*,*,#2010,.T.);
#3539 = ORIENTED_EDGE('',*,*,#3540,.T.);
#3540 = EDGE_CURVE('',#2003,#3541,#3543,.T.);
#3541 = VERTEX_POINT('',#3542);
#3542 = CARTESIAN_POINT('',(-78.,220.,19.883926553672));
#3543 = LINE('',#3544,#3545);
#3544 = CARTESIAN_POINT('',(-78.,148.29,19.883926553672));
#3545 = VECTOR('',#3546,1.);
#3546 = DIRECTION('',(-0.,1.,0.));
#3547 = ORIENTED_EDGE('',*,*,#3548,.F.);
#3548 = EDGE_CURVE('',#3530,#3541,#3549,.T.);
#3549 = LINE('',#3550,#3551);
#3550 = CARTESIAN_POINT('',(-78.24910836762,220.,20.151111111111));
#3551 = VECTOR('',#3552,1.);
#3552 = DIRECTION('',(0.681932082106,0.,-0.731415501199));
#3553 = PLANE('',#3554);
#3554 = AXIS2_PLACEMENT_3D('',#3555,#3556,#3557);
#3555 = CARTESIAN_POINT('',(-77.99012345679,106.,19.873333333333));
#3556 = DIRECTION('',(0.731415501199,0.,0.681932082106));
#3557 = DIRECTION('',(-0.681932082106,0.,0.731415501199));
#3558 = ADVANCED_FACE('',(#3559),#3577,.T.);
#3559 = FACE_BOUND('',#3560,.T.);
#3560 = EDGE_LOOP('',(#3561,#3562,#3570,#3576));
#3561 = ORIENTED_EDGE('',*,*,#3529,.T.);
#3562 = ORIENTED_EDGE('',*,*,#3563,.F.);
#3563 = EDGE_CURVE('',#3564,#3530,#3566,.T.);
#3564 = VERTEX_POINT('',#3565);
#3565 = CARTESIAN_POINT('',(-78.74074074074,220.,20.706666666667));
#3566 = LINE('',#3567,#3568);
#3567 = CARTESIAN_POINT('',(-78.74074074074,220.,20.706666666667));
#3568 = VECTOR('',#3569,1.);
#3569 = DIRECTION('',(0.662709521533,0.,-0.748876551956));
#3570 = ORIENTED_EDGE('',*,*,#3571,.F.);
#3571 = EDGE_CURVE('',#1118,#3564,#3572,.T.);
#3572 = LINE('',#3573,#3574);
#3573 = CARTESIAN_POINT('',(-78.74074074074,24.,20.706666666667));
#3574 = VECTOR('',#3575,1.);
#3575 = DIRECTION('',(0.,1.,0.));
#3576 = ORIENTED_EDGE('',*,*,#1117,.T.);
#3577 = PLANE('',#3578);
#3578 = AXIS2_PLACEMENT_3D('',#3579,#3580,#3581);
#3579 = CARTESIAN_POINT('',(-78.49492455418,106.,20.428888888889));
#3580 = DIRECTION('',(0.748876551956,0.,0.662709521533));
#3581 = DIRECTION('',(-0.662709521533,0.,0.748876551956));
#3582 = ADVANCED_FACE('',(#3583),#3601,.T.);
#3583 = FACE_BOUND('',#3584,.T.);
#3584 = EDGE_LOOP('',(#3585,#3586,#3594,#3600));
#3585 = ORIENTED_EDGE('',*,*,#3571,.T.);
#3586 = ORIENTED_EDGE('',*,*,#3587,.F.);
#3587 = EDGE_CURVE('',#3588,#3564,#3590,.T.);
#3588 = VERTEX_POINT('',#3589);
#3589 = CARTESIAN_POINT('',(-79.19286694101,220.,21.262222222222));
#3590 = LINE('',#3591,#3592);
#3591 = CARTESIAN_POINT('',(-79.19286694101,220.,21.262222222222));
#3592 = VECTOR('',#3593,1.);
#3593 = DIRECTION('',(0.631212461229,0.,-0.77560997208));
#3594 = ORIENTED_EDGE('',*,*,#3595,.F.);
#3595 = EDGE_CURVE('',#1126,#3588,#3596,.T.);
#3596 = LINE('',#3597,#3598);
#3597 = CARTESIAN_POINT('',(-79.19286694101,24.,21.262222222222));
#3598 = VECTOR('',#3599,1.);
#3599 = DIRECTION('',(0.,1.,0.));
#3600 = ORIENTED_EDGE('',*,*,#1125,.T.);
#3601 = PLANE('',#3602);
#3602 = AXIS2_PLACEMENT_3D('',#3603,#3604,#3605);
#3603 = CARTESIAN_POINT('',(-78.96680384087,106.,20.984444444444));
#3604 = DIRECTION('',(0.77560997208,0.,0.631212461229));
#3605 = DIRECTION('',(-0.631212461229,0.,0.77560997208));
#3606 = ADVANCED_FACE('',(#3607),#3625,.T.);
#3607 = FACE_BOUND('',#3608,.T.);
#3608 = EDGE_LOOP('',(#3609,#3610,#3618,#3624));
#3609 = ORIENTED_EDGE('',*,*,#3595,.T.);
#3610 = ORIENTED_EDGE('',*,*,#3611,.F.);
#3611 = EDGE_CURVE('',#3612,#3588,#3614,.T.);
#3612 = VERTEX_POINT('',#3613);
#3613 = CARTESIAN_POINT('',(-79.59231824417,220.,21.817777777778));
#3614 = LINE('',#3615,#3616);
#3615 = CARTESIAN_POINT('',(-79.59231824417,220.,21.817777777778));
#3616 = VECTOR('',#3617,1.);
#3617 = DIRECTION('',(0.583776486487,0.,-0.811914412869));
#3618 = ORIENTED_EDGE('',*,*,#3619,.F.);
#3619 = EDGE_CURVE('',#1134,#3612,#3620,.T.);
#3620 = LINE('',#3621,#3622);
#3621 = CARTESIAN_POINT('',(-79.59231824417,24.,21.817777777778));
#3622 = VECTOR('',#3623,1.);
#3623 = DIRECTION('',(0.,1.,0.));
#3624 = ORIENTED_EDGE('',*,*,#1133,.T.);
#3625 = PLANE('',#3626);
#3626 = AXIS2_PLACEMENT_3D('',#3627,#3628,#3629);
#3627 = CARTESIAN_POINT('',(-79.39259259259,106.,21.54));
#3628 = DIRECTION('',(0.811914412869,0.,0.583776486487));
#3629 = DIRECTION('',(-0.583776486487,0.,0.811914412869));
#3630 = ADVANCED_FACE('',(#3631),#3649,.T.);
#3631 = FACE_BOUND('',#3632,.T.);
#3632 = EDGE_LOOP('',(#3633,#3634,#3642,#3648));
#3633 = ORIENTED_EDGE('',*,*,#3619,.T.);
#3634 = ORIENTED_EDGE('',*,*,#3635,.F.);
#3635 = EDGE_CURVE('',#3636,#3612,#3638,.T.);
#3636 = VERTEX_POINT('',#3637);
#3637 = CARTESIAN_POINT('',(-79.92592592592,220.,22.373333333333));
#3638 = LINE('',#3639,#3640);
#3639 = CARTESIAN_POINT('',(-79.92592592592,220.,22.373333333333));
#3640 = VECTOR('',#3641,1.);
#3641 = DIRECTION('',(0.514807016402,0.,-0.857306092282));
#3642 = ORIENTED_EDGE('',*,*,#3643,.F.);
#3643 = EDGE_CURVE('',#1142,#3636,#3644,.T.);
#3644 = LINE('',#3645,#3646);
#3645 = CARTESIAN_POINT('',(-79.92592592592,24.,22.373333333333));
#3646 = VECTOR('',#3647,1.);
#3647 = DIRECTION('',(0.,1.,0.));
#3648 = ORIENTED_EDGE('',*,*,#1141,.T.);
#3649 = PLANE('',#3650);
#3650 = AXIS2_PLACEMENT_3D('',#3651,#3652,#3653);
#3651 = CARTESIAN_POINT('',(-79.75912208504,106.,22.095555555556));
#3652 = DIRECTION('',(0.857306092282,0.,0.514807016402));
#3653 = DIRECTION('',(-0.514807016402,0.,0.857306092282));
#3654 = ADVANCED_FACE('',(#3655),#3673,.T.);
#3655 = FACE_BOUND('',#3656,.T.);
#3656 = EDGE_LOOP('',(#3657,#3658,#3666,#3672));
#3657 = ORIENTED_EDGE('',*,*,#3643,.T.);
#3658 = ORIENTED_EDGE('',*,*,#3659,.F.);
#3659 = EDGE_CURVE('',#3660,#3636,#3662,.T.);
#3660 = VERTEX_POINT('',#3661);
#3661 = CARTESIAN_POINT('',(-80.180521262,220.,22.928888888889));
#3662 = LINE('',#3663,#3664);
#3663 = CARTESIAN_POINT('',(-80.180521262,220.,22.928888888889));
#3664 = VECTOR('',#3665,1.);
#3665 = DIRECTION('',(0.416608335402,0.,-0.909086076713));
#3666 = ORIENTED_EDGE('',*,*,#3667,.F.);
#3667 = EDGE_CURVE('',#1150,#3660,#3668,.T.);
#3668 = LINE('',#3669,#3670);
#3669 = CARTESIAN_POINT('',(-80.180521262,24.,22.928888888889));
#3670 = VECTOR('',#3671,1.);
#3671 = DIRECTION('',(0.,1.,0.));
#3672 = ORIENTED_EDGE('',*,*,#1149,.T.);
#3673 = PLANE('',#3674);
#3674 = AXIS2_PLACEMENT_3D('',#3675,#3676,#3677);
#3675 = CARTESIAN_POINT('',(-80.05322359396,106.,22.651111111111));
#3676 = DIRECTION('',(0.909086076713,0.,0.416608335402));
#3677 = DIRECTION('',(-0.416608335402,0.,0.909086076713));
#3678 = ADVANCED_FACE('',(#3679),#3697,.T.);
#3679 = FACE_BOUND('',#3680,.T.);
#3680 = EDGE_LOOP('',(#3681,#3682,#3690,#3696));
#3681 = ORIENTED_EDGE('',*,*,#3667,.T.);
#3682 = ORIENTED_EDGE('',*,*,#3683,.F.);
#3683 = EDGE_CURVE('',#3684,#3660,#3686,.T.);
#3684 = VERTEX_POINT('',#3685);
#3685 = CARTESIAN_POINT('',(-80.34293552812,220.,23.484444444444));
#3686 = LINE('',#3687,#3688);
#3687 = CARTESIAN_POINT('',(-80.34293552812,220.,23.484444444444));
#3688 = VECTOR('',#3689,1.);
#3689 = DIRECTION('',(0.280600582118,0.,-0.959824626333));
#3690 = ORIENTED_EDGE('',*,*,#3691,.F.);
#3691 = EDGE_CURVE('',#1158,#3684,#3692,.T.);
#3692 = LINE('',#3693,#3694);
#3693 = CARTESIAN_POINT('',(-80.34293552812,24.,23.484444444444));
#3694 = VECTOR('',#3695,1.);
#3695 = DIRECTION('',(0.,1.,0.));
#3696 = ORIENTED_EDGE('',*,*,#1157,.T.);
#3697 = PLANE('',#3698);
#3698 = AXIS2_PLACEMENT_3D('',#3699,#3700,#3701);
#3699 = CARTESIAN_POINT('',(-80.26172839506,106.,23.206666666667));
#3700 = DIRECTION('',(0.959824626333,0.,0.280600582118));
#3701 = DIRECTION('',(-0.280600582118,0.,0.959824626333));
#3702 = ADVANCED_FACE('',(#3703),#3721,.T.);
#3703 = FACE_BOUND('',#3704,.T.);
#3704 = EDGE_LOOP('',(#3705,#3706,#3714,#3720));
#3705 = ORIENTED_EDGE('',*,*,#3691,.T.);
#3706 = ORIENTED_EDGE('',*,*,#3707,.F.);
#3707 = EDGE_CURVE('',#3708,#3684,#3710,.T.);
#3708 = VERTEX_POINT('',#3709);
#3709 = CARTESIAN_POINT('',(-80.4,220.,24.04));
#3710 = LINE('',#3711,#3712);
#3711 = CARTESIAN_POINT('',(-80.4,220.,24.04));
#3712 = VECTOR('',#3713,1.);
#3713 = DIRECTION('',(0.102178442416,0.,-0.994766086025));
#3714 = ORIENTED_EDGE('',*,*,#3715,.F.);
#3715 = EDGE_CURVE('',#1166,#3708,#3716,.T.);
#3716 = LINE('',#3717,#3718);
#3717 = CARTESIAN_POINT('',(-80.4,24.,24.04));
#3718 = VECTOR('',#3719,1.);
#3719 = DIRECTION('',(0.,1.,0.));
#3720 = ORIENTED_EDGE('',*,*,#1165,.T.);
#3721 = PLANE('',#3722);
#3722 = AXIS2_PLACEMENT_3D('',#3723,#3724,#3725);
#3723 = CARTESIAN_POINT('',(-80.37146776406,106.,23.762222222222));
#3724 = DIRECTION('',(0.994766086025,0.,0.102178442416));
#3725 = DIRECTION('',(-0.102178442416,0.,0.994766086025));
#3726 = ADVANCED_FACE('',(#3727),#3745,.T.);
#3727 = FACE_BOUND('',#3728,.T.);
#3728 = EDGE_LOOP('',(#3729,#3737,#3738,#3739));
#3729 = ORIENTED_EDGE('',*,*,#3730,.F.);
#3730 = EDGE_CURVE('',#1174,#3731,#3733,.T.);
#3731 = VERTEX_POINT('',#3732);
#3732 = CARTESIAN_POINT('',(-80.4,220.,25.04));
#3733 = LINE('',#3734,#3735);
#3734 = CARTESIAN_POINT('',(-80.4,24.,25.04));
#3735 = VECTOR('',#3736,1.);
#3736 = DIRECTION('',(0.,1.,0.));
#3737 = ORIENTED_EDGE('',*,*,#1173,.F.);
#3738 = ORIENTED_EDGE('',*,*,#3715,.T.);
#3739 = ORIENTED_EDGE('',*,*,#3740,.T.);
#3740 = EDGE_CURVE('',#3708,#3731,#3741,.T.);
#3741 = LINE('',#3742,#3743);
#3742 = CARTESIAN_POINT('',(-80.4,220.,14.04));
#3743 = VECTOR('',#3744,1.);
#3744 = DIRECTION('',(0.,0.,1.));
#3745 = PLANE('',#3746);
#3746 = AXIS2_PLACEMENT_3D('',#3747,#3748,#3749);
#3747 = CARTESIAN_POINT('',(-80.4,106.,24.54));
#3748 = DIRECTION('',(1.,0.,0.));
#3749 = DIRECTION('',(-0.,0.,1.));
#3750 = ADVANCED_FACE('',(#3751),#3769,.T.);
#3751 = FACE_BOUND('',#3752,.T.);
#3752 = EDGE_LOOP('',(#3753,#3761,#3762,#3763));
#3753 = ORIENTED_EDGE('',*,*,#3754,.F.);
#3754 = EDGE_CURVE('',#1182,#3755,#3757,.T.);
#3755 = VERTEX_POINT('',#3756);
#3756 = CARTESIAN_POINT('',(-80.34293552812,220.,25.595555555556));
#3757 = LINE('',#3758,#3759);
#3758 = CARTESIAN_POINT('',(-80.34293552812,24.,25.595555555556));
#3759 = VECTOR('',#3760,1.);
#3760 = DIRECTION('',(0.,1.,0.));
#3761 = ORIENTED_EDGE('',*,*,#1181,.F.);
#3762 = ORIENTED_EDGE('',*,*,#3730,.T.);
#3763 = ORIENTED_EDGE('',*,*,#3764,.T.);
#3764 = EDGE_CURVE('',#3731,#3755,#3765,.T.);
#3765 = LINE('',#3766,#3767);
#3766 = CARTESIAN_POINT('',(-80.4,220.,25.04));
#3767 = VECTOR('',#3768,1.);
#3768 = DIRECTION('',(0.102178442416,0.,0.994766086025));
#3769 = PLANE('',#3770);
#3770 = AXIS2_PLACEMENT_3D('',#3771,#3772,#3773);
#3771 = CARTESIAN_POINT('',(-80.37146776406,106.,25.317777777778));
#3772 = DIRECTION('',(0.994766086025,0.,-0.102178442416));
#3773 = DIRECTION('',(0.102178442416,0.,0.994766086025));
#3774 = ADVANCED_FACE('',(#3775),#3793,.T.);
#3775 = FACE_BOUND('',#3776,.T.);
#3776 = EDGE_LOOP('',(#3777,#3785,#3786,#3787));
#3777 = ORIENTED_EDGE('',*,*,#3778,.F.);
#3778 = EDGE_CURVE('',#1190,#3779,#3781,.T.);
#3779 = VERTEX_POINT('',#3780);
#3780 = CARTESIAN_POINT('',(-80.180521262,220.,26.151111111111));
#3781 = LINE('',#3782,#3783);
#3782 = CARTESIAN_POINT('',(-80.180521262,24.,26.151111111111));
#3783 = VECTOR('',#3784,1.);
#3784 = DIRECTION('',(0.,1.,0.));
#3785 = ORIENTED_EDGE('',*,*,#1189,.F.);
#3786 = ORIENTED_EDGE('',*,*,#3754,.T.);
#3787 = ORIENTED_EDGE('',*,*,#3788,.T.);
#3788 = EDGE_CURVE('',#3755,#3779,#3789,.T.);
#3789 = LINE('',#3790,#3791);
#3790 = CARTESIAN_POINT('',(-80.34293552812,220.,25.595555555556));
#3791 = VECTOR('',#3792,1.);
#3792 = DIRECTION('',(0.280600582118,0.,0.959824626333));
#3793 = PLANE('',#3794);
#3794 = AXIS2_PLACEMENT_3D('',#3795,#3796,#3797);
#3795 = CARTESIAN_POINT('',(-80.26172839506,106.,25.873333333333));
#3796 = DIRECTION('',(0.959824626333,0.,-0.280600582118));
#3797 = DIRECTION('',(0.280600582118,0.,0.959824626333));
#3798 = ADVANCED_FACE('',(#3799),#3817,.T.);
#3799 = FACE_BOUND('',#3800,.T.);
#3800 = EDGE_LOOP('',(#3801,#3809,#3810,#3811));
#3801 = ORIENTED_EDGE('',*,*,#3802,.F.);
#3802 = EDGE_CURVE('',#1198,#3803,#3805,.T.);
#3803 = VERTEX_POINT('',#3804);
#3804 = CARTESIAN_POINT('',(-79.92592592592,220.,26.706666666667));
#3805 = LINE('',#3806,#3807);
#3806 = CARTESIAN_POINT('',(-79.92592592592,24.,26.706666666667));
#3807 = VECTOR('',#3808,1.);
#3808 = DIRECTION('',(0.,1.,0.));
#3809 = ORIENTED_EDGE('',*,*,#1197,.F.);
#3810 = ORIENTED_EDGE('',*,*,#3778,.T.);
#3811 = ORIENTED_EDGE('',*,*,#3812,.T.);
#3812 = EDGE_CURVE('',#3779,#3803,#3813,.T.);
#3813 = LINE('',#3814,#3815);
#3814 = CARTESIAN_POINT('',(-80.180521262,220.,26.151111111111));
#3815 = VECTOR('',#3816,1.);
#3816 = DIRECTION('',(0.416608335402,0.,0.909086076713));
#3817 = PLANE('',#3818);
#3818 = AXIS2_PLACEMENT_3D('',#3819,#3820,#3821);
#3819 = CARTESIAN_POINT('',(-80.05322359396,106.,26.428888888889));
#3820 = DIRECTION('',(0.909086076713,0.,-0.416608335402));
#3821 = DIRECTION('',(0.416608335402,0.,0.909086076713));
#3822 = ADVANCED_FACE('',(#3823),#3841,.T.);
#3823 = FACE_BOUND('',#3824,.T.);
#3824 = EDGE_LOOP('',(#3825,#3833,#3834,#3835));
#3825 = ORIENTED_EDGE('',*,*,#3826,.F.);
#3826 = EDGE_CURVE('',#1206,#3827,#3829,.T.);
#3827 = VERTEX_POINT('',#3828);
#3828 = CARTESIAN_POINT('',(-79.59231824417,220.,27.262222222222));
#3829 = LINE('',#3830,#3831);
#3830 = CARTESIAN_POINT('',(-79.59231824417,24.,27.262222222222));
#3831 = VECTOR('',#3832,1.);
#3832 = DIRECTION('',(0.,1.,0.));
#3833 = ORIENTED_EDGE('',*,*,#1205,.F.);
#3834 = ORIENTED_EDGE('',*,*,#3802,.T.);
#3835 = ORIENTED_EDGE('',*,*,#3836,.T.);
#3836 = EDGE_CURVE('',#3803,#3827,#3837,.T.);
#3837 = LINE('',#3838,#3839);
#3838 = CARTESIAN_POINT('',(-79.92592592592,220.,26.706666666667));
#3839 = VECTOR('',#3840,1.);
#3840 = DIRECTION('',(0.514807016402,0.,0.857306092282));
#3841 = PLANE('',#3842);
#3842 = AXIS2_PLACEMENT_3D('',#3843,#3844,#3845);
#3843 = CARTESIAN_POINT('',(-79.75912208504,106.,26.984444444444));
#3844 = DIRECTION('',(0.857306092282,0.,-0.514807016402));
#3845 = DIRECTION('',(0.514807016402,0.,0.857306092282));
#3846 = ADVANCED_FACE('',(#3847),#3865,.T.);
#3847 = FACE_BOUND('',#3848,.T.);
#3848 = EDGE_LOOP('',(#3849,#3857,#3858,#3859));
#3849 = ORIENTED_EDGE('',*,*,#3850,.F.);
#3850 = EDGE_CURVE('',#1214,#3851,#3853,.T.);
#3851 = VERTEX_POINT('',#3852);
#3852 = CARTESIAN_POINT('',(-79.19286694101,220.,27.817777777778));
#3853 = LINE('',#3854,#3855);
#3854 = CARTESIAN_POINT('',(-79.19286694101,24.,27.817777777778));
#3855 = VECTOR('',#3856,1.);
#3856 = DIRECTION('',(0.,1.,0.));
#3857 = ORIENTED_EDGE('',*,*,#1213,.F.);
#3858 = ORIENTED_EDGE('',*,*,#3826,.T.);
#3859 = ORIENTED_EDGE('',*,*,#3860,.T.);
#3860 = EDGE_CURVE('',#3827,#3851,#3861,.T.);
#3861 = LINE('',#3862,#3863);
#3862 = CARTESIAN_POINT('',(-79.59231824417,220.,27.262222222222));
#3863 = VECTOR('',#3864,1.);
#3864 = DIRECTION('',(0.583776486487,0.,0.811914412869));
#3865 = PLANE('',#3866);
#3866 = AXIS2_PLACEMENT_3D('',#3867,#3868,#3869);
#3867 = CARTESIAN_POINT('',(-79.39259259259,106.,27.54));
#3868 = DIRECTION('',(0.811914412869,0.,-0.583776486487));
#3869 = DIRECTION('',(0.583776486487,0.,0.811914412869));
#3870 = ADVANCED_FACE('',(#3871),#3889,.T.);
#3871 = FACE_BOUND('',#3872,.T.);
#3872 = EDGE_LOOP('',(#3873,#3881,#3882,#3883));
#3873 = ORIENTED_EDGE('',*,*,#3874,.F.);
#3874 = EDGE_CURVE('',#1222,#3875,#3877,.T.);
#3875 = VERTEX_POINT('',#3876);
#3876 = CARTESIAN_POINT('',(-78.74074074074,220.,28.373333333333));
#3877 = LINE('',#3878,#3879);
#3878 = CARTESIAN_POINT('',(-78.74074074074,24.,28.373333333333));
#3879 = VECTOR('',#3880,1.);
#3880 = DIRECTION('',(0.,1.,0.));
#3881 = ORIENTED_EDGE('',*,*,#1221,.F.);
#3882 = ORIENTED_EDGE('',*,*,#3850,.T.);
#3883 = ORIENTED_EDGE('',*,*,#3884,.T.);
#3884 = EDGE_CURVE('',#3851,#3875,#3885,.T.);
#3885 = LINE('',#3886,#3887);
#3886 = CARTESIAN_POINT('',(-79.19286694101,220.,27.817777777778));
#3887 = VECTOR('',#3888,1.);
#3888 = DIRECTION('',(0.631212461229,0.,0.77560997208));
#3889 = PLANE('',#3890);
#3890 = AXIS2_PLACEMENT_3D('',#3891,#3892,#3893);
#3891 = CARTESIAN_POINT('',(-78.96680384087,106.,28.095555555556));
#3892 = DIRECTION('',(0.77560997208,0.,-0.631212461229));
#3893 = DIRECTION('',(0.631212461229,0.,0.77560997208));
#3894 = ADVANCED_FACE('',(#3895),#3913,.T.);
#3895 = FACE_BOUND('',#3896,.T.);
#3896 = EDGE_LOOP('',(#3897,#3905,#3906,#3907));
#3897 = ORIENTED_EDGE('',*,*,#3898,.F.);
#3898 = EDGE_CURVE('',#1230,#3899,#3901,.T.);
#3899 = VERTEX_POINT('',#3900);
#3900 = CARTESIAN_POINT('',(-78.24910836762,220.,28.928888888889));
#3901 = LINE('',#3902,#3903);
#3902 = CARTESIAN_POINT('',(-78.24910836762,24.,28.928888888889));
#3903 = VECTOR('',#3904,1.);
#3904 = DIRECTION('',(0.,1.,0.));
#3905 = ORIENTED_EDGE('',*,*,#1229,.F.);
#3906 = ORIENTED_EDGE('',*,*,#3874,.T.);
#3907 = ORIENTED_EDGE('',*,*,#3908,.T.);
#3908 = EDGE_CURVE('',#3875,#3899,#3909,.T.);
#3909 = LINE('',#3910,#3911);
#3910 = CARTESIAN_POINT('',(-78.74074074074,220.,28.373333333333));
#3911 = VECTOR('',#3912,1.);
#3912 = DIRECTION('',(0.662709521533,0.,0.748876551956));
#3913 = PLANE('',#3914);
#3914 = AXIS2_PLACEMENT_3D('',#3915,#3916,#3917);
#3915 = CARTESIAN_POINT('',(-78.49492455418,106.,28.651111111111));
#3916 = DIRECTION('',(0.748876551956,0.,-0.662709521533));
#3917 = DIRECTION('',(0.662709521533,0.,0.748876551956));
#3918 = ADVANCED_FACE('',(#3919),#3944,.T.);
#3919 = FACE_BOUND('',#3920,.T.);
#3920 = EDGE_LOOP('',(#3921,#3927,#3928,#3929,#3937,#3943));
#3921 = ORIENTED_EDGE('',*,*,#3922,.F.);
#3922 = EDGE_CURVE('',#1238,#1987,#3923,.T.);
#3923 = LINE('',#3924,#3925);
#3924 = CARTESIAN_POINT('',(-77.73113854595,24.,29.484444444444));
#3925 = VECTOR('',#3926,1.);
#3926 = DIRECTION('',(0.,1.,0.));
#3927 = ORIENTED_EDGE('',*,*,#1237,.F.);
#3928 = ORIENTED_EDGE('',*,*,#3898,.T.);
#3929 = ORIENTED_EDGE('',*,*,#3930,.T.);
#3930 = EDGE_CURVE('',#3899,#3931,#3933,.T.);
#3931 = VERTEX_POINT('',#3932);
#3932 = CARTESIAN_POINT('',(-78.,220.,29.196073446328));
#3933 = LINE('',#3934,#3935);
#3934 = CARTESIAN_POINT('',(-78.24910836762,220.,28.928888888889));
#3935 = VECTOR('',#3936,1.);
#3936 = DIRECTION('',(0.681932082106,0.,0.731415501199));
#3937 = ORIENTED_EDGE('',*,*,#3938,.F.);
#3938 = EDGE_CURVE('',#1995,#3931,#3939,.T.);
#3939 = LINE('',#3940,#3941);
#3940 = CARTESIAN_POINT('',(-78.,159.48212792774,29.196073446328));
#3941 = VECTOR('',#3942,1.);
#3942 = DIRECTION('',(-0.,1.,0.));
#3943 = ORIENTED_EDGE('',*,*,#1994,.T.);
#3944 = PLANE('',#3945);
#3945 = AXIS2_PLACEMENT_3D('',#3946,#3947,#3948);
#3946 = CARTESIAN_POINT('',(-77.99012345679,106.,29.206666666667));
#3947 = DIRECTION('',(0.731415501199,0.,-0.681932082106));
#3948 = DIRECTION('',(0.681932082106,0.,0.731415501199));
#3949 = ADVANCED_FACE('',(#3950),#3961,.T.);
#3950 = FACE_BOUND('',#3951,.T.);
#3951 = EDGE_LOOP('',(#3952,#3958,#3959,#3960));
#3952 = ORIENTED_EDGE('',*,*,#3953,.F.);
#3953 = EDGE_CURVE('',#1246,#1979,#3954,.T.);
#3954 = LINE('',#3955,#3956);
#3955 = CARTESIAN_POINT('',(-76.66886145404,24.,30.595555555556));
#3956 = VECTOR('',#3957,1.);
#3957 = DIRECTION('',(0.,1.,0.));
#3958 = ORIENTED_EDGE('',*,*,#1245,.F.);
#3959 = ORIENTED_EDGE('',*,*,#3922,.T.);
#3960 = ORIENTED_EDGE('',*,*,#1986,.T.);
#3961 = PLANE('',#3962);
#3962 = AXIS2_PLACEMENT_3D('',#3963,#3964,#3965);
#3963 = CARTESIAN_POINT('',(-77.2,106.,30.04));
#3964 = DIRECTION('',(0.722812379162,0.,-0.691044328918));
#3965 = DIRECTION('',(0.691044328918,0.,0.722812379162));
#3966 = ADVANCED_FACE('',(#3967),#3978,.T.);
#3967 = FACE_BOUND('',#3968,.T.);
#3968 = EDGE_LOOP('',(#3969,#3975,#3976,#3977));
#3969 = ORIENTED_EDGE('',*,*,#3970,.F.);
#3970 = EDGE_CURVE('',#1254,#1971,#3971,.T.);
#3971 = LINE('',#3972,#3973);
#3972 = CARTESIAN_POINT('',(-76.15089163237,24.,31.151111111111));
#3973 = VECTOR('',#3974,1.);
#3974 = DIRECTION('',(0.,1.,0.));
#3975 = ORIENTED_EDGE('',*,*,#1253,.F.);
#3976 = ORIENTED_EDGE('',*,*,#3953,.T.);
#3977 = ORIENTED_EDGE('',*,*,#1978,.T.);
#3978 = PLANE('',#3979);
#3979 = AXIS2_PLACEMENT_3D('',#3980,#3981,#3982);
#3980 = CARTESIAN_POINT('',(-76.40987654321,106.,30.873333333333));
#3981 = DIRECTION('',(0.731415501199,0.,-0.681932082106));
#3982 = DIRECTION('',(0.681932082106,0.,0.731415501199));
#3983 = ADVANCED_FACE('',(#3984),#3995,.T.);
#3984 = FACE_BOUND('',#3985,.T.);
#3985 = EDGE_LOOP('',(#3986,#3992,#3993,#3994));
#3986 = ORIENTED_EDGE('',*,*,#3987,.F.);
#3987 = EDGE_CURVE('',#1262,#1963,#3988,.T.);
#3988 = LINE('',#3989,#3990);
#3989 = CARTESIAN_POINT('',(-75.65925925925,24.,31.706666666667));
#3990 = VECTOR('',#3991,1.);
#3991 = DIRECTION('',(0.,1.,0.));
#3992 = ORIENTED_EDGE('',*,*,#1261,.F.);
#3993 = ORIENTED_EDGE('',*,*,#3970,.T.);
#3994 = ORIENTED_EDGE('',*,*,#1970,.T.);
#3995 = PLANE('',#3996);
#3996 = AXIS2_PLACEMENT_3D('',#3997,#3998,#3999);
#3997 = CARTESIAN_POINT('',(-75.90507544581,106.,31.428888888889));
#3998 = DIRECTION('',(0.748876551956,0.,-0.662709521533));
#3999 = DIRECTION('',(0.662709521533,0.,0.748876551956));
#4000 = ADVANCED_FACE('',(#4001),#4012,.T.);
#4001 = FACE_BOUND('',#4002,.T.);
#4002 = EDGE_LOOP('',(#4003,#4009,#4010,#4011));
#4003 = ORIENTED_EDGE('',*,*,#4004,.F.);
#4004 = EDGE_CURVE('',#1270,#1955,#4005,.T.);
#4005 = LINE('',#4006,#4007);
#4006 = CARTESIAN_POINT('',(-75.20713305898,24.,32.262222222222));
#4007 = VECTOR('',#4008,1.);
#4008 = DIRECTION('',(0.,1.,0.));
#4009 = ORIENTED_EDGE('',*,*,#1269,.F.);
#4010 = ORIENTED_EDGE('',*,*,#3987,.T.);
#4011 = ORIENTED_EDGE('',*,*,#1962,.T.);
#4012 = PLANE('',#4013);
#4013 = AXIS2_PLACEMENT_3D('',#4014,#4015,#4016);
#4014 = CARTESIAN_POINT('',(-75.43319615912,106.,31.984444444444));
#4015 = DIRECTION('',(0.77560997208,0.,-0.631212461229));
#4016 = DIRECTION('',(0.631212461229,0.,0.77560997208));
#4017 = ADVANCED_FACE('',(#4018),#4029,.T.);
#4018 = FACE_BOUND('',#4019,.T.);
#4019 = EDGE_LOOP('',(#4020,#4026,#4027,#4028));
#4020 = ORIENTED_EDGE('',*,*,#4021,.F.);
#4021 = EDGE_CURVE('',#1278,#1947,#4022,.T.);
#4022 = LINE('',#4023,#4024);
#4023 = CARTESIAN_POINT('',(-74.80768175583,24.,32.817777777778));
#4024 = VECTOR('',#4025,1.);
#4025 = DIRECTION('',(0.,1.,0.));
#4026 = ORIENTED_EDGE('',*,*,#1277,.F.);
#4027 = ORIENTED_EDGE('',*,*,#4004,.T.);
#4028 = ORIENTED_EDGE('',*,*,#1954,.T.);
#4029 = PLANE('',#4030);
#4030 = AXIS2_PLACEMENT_3D('',#4031,#4032,#4033);
#4031 = CARTESIAN_POINT('',(-75.0074074074,106.,32.54));
#4032 = DIRECTION('',(0.811914412869,0.,-0.583776486487));
#4033 = DIRECTION('',(0.583776486487,0.,0.811914412869));
#4034 = ADVANCED_FACE('',(#4035),#4046,.T.);
#4035 = FACE_BOUND('',#4036,.T.);
#4036 = EDGE_LOOP('',(#4037,#4043,#4044,#4045));
#4037 = ORIENTED_EDGE('',*,*,#4038,.F.);
#4038 = EDGE_CURVE('',#1286,#1939,#4039,.T.);
#4039 = LINE('',#4040,#4041);
#4040 = CARTESIAN_POINT('',(-74.47407407407,24.,33.373333333333));
#4041 = VECTOR('',#4042,1.);
#4042 = DIRECTION('',(0.,1.,0.));
#4043 = ORIENTED_EDGE('',*,*,#1285,.F.);
#4044 = ORIENTED_EDGE('',*,*,#4021,.T.);
#4045 = ORIENTED_EDGE('',*,*,#1946,.T.);
#4046 = PLANE('',#4047);
#4047 = AXIS2_PLACEMENT_3D('',#4048,#4049,#4050);
#4048 = CARTESIAN_POINT('',(-74.64087791495,106.,33.095555555556));
#4049 = DIRECTION('',(0.857306092282,0.,-0.514807016402));
#4050 = DIRECTION('',(0.514807016402,0.,0.857306092282));
#4051 = ADVANCED_FACE('',(#4052),#4063,.T.);
#4052 = FACE_BOUND('',#4053,.T.);
#4053 = EDGE_LOOP('',(#4054,#4060,#4061,#4062));
#4054 = ORIENTED_EDGE('',*,*,#4055,.F.);
#4055 = EDGE_CURVE('',#1294,#1931,#4056,.T.);
#4056 = LINE('',#4057,#4058);
#4057 = CARTESIAN_POINT('',(-74.21947873799,24.,33.928888888889));
#4058 = VECTOR('',#4059,1.);
#4059 = DIRECTION('',(0.,1.,0.));
#4060 = ORIENTED_EDGE('',*,*,#1293,.F.);
#4061 = ORIENTED_EDGE('',*,*,#4038,.T.);
#4062 = ORIENTED_EDGE('',*,*,#1938,.T.);
#4063 = PLANE('',#4064);
#4064 = AXIS2_PLACEMENT_3D('',#4065,#4066,#4067);
#4065 = CARTESIAN_POINT('',(-74.34677640603,106.,33.651111111111));
#4066 = DIRECTION('',(0.909086076713,0.,-0.416608335402));
#4067 = DIRECTION('',(0.416608335402,0.,0.909086076713));
#4068 = ADVANCED_FACE('',(#4069),#4080,.T.);
#4069 = FACE_BOUND('',#4070,.T.);
#4070 = EDGE_LOOP('',(#4071,#4077,#4078,#4079));
#4071 = ORIENTED_EDGE('',*,*,#4072,.F.);
#4072 = EDGE_CURVE('',#1302,#1923,#4073,.T.);
#4073 = LINE('',#4074,#4075);
#4074 = CARTESIAN_POINT('',(-74.05706447187,-8.,34.484444444444));
#4075 = VECTOR('',#4076,1.);
#4076 = DIRECTION('',(0.,1.,0.));
#4077 = ORIENTED_EDGE('',*,*,#1301,.F.);
#4078 = ORIENTED_EDGE('',*,*,#4055,.T.);
#4079 = ORIENTED_EDGE('',*,*,#1930,.T.);
#4080 = PLANE('',#4081);
#4081 = AXIS2_PLACEMENT_3D('',#4082,#4083,#4084);
#4082 = CARTESIAN_POINT('',(-74.13827160493,106.,34.206666666667));
#4083 = DIRECTION('',(0.959824626333,0.,-0.280600582118));
#4084 = DIRECTION('',(0.280600582118,0.,0.959824626333));
#4085 = ADVANCED_FACE('',(#4086),#4097,.T.);
#4086 = FACE_BOUND('',#4087,.T.);
#4087 = EDGE_LOOP('',(#4088,#4094,#4095,#4096));
#4088 = ORIENTED_EDGE('',*,*,#4089,.F.);
#4089 = EDGE_CURVE('',#1310,#1915,#4090,.T.);
#4090 = LINE('',#4091,#4092);
#4091 = CARTESIAN_POINT('',(-74.,-8.,35.04));
#4092 = VECTOR('',#4093,1.);
#4093 = DIRECTION('',(-0.,1.,0.));
#4094 = ORIENTED_EDGE('',*,*,#1309,.F.);
#4095 = ORIENTED_EDGE('',*,*,#4072,.T.);
#4096 = ORIENTED_EDGE('',*,*,#1922,.T.);
#4097 = PLANE('',#4098);
#4098 = AXIS2_PLACEMENT_3D('',#4099,#4100,#4101);
#4099 = CARTESIAN_POINT('',(-74.02853223594,106.,34.762222222222));
#4100 = DIRECTION('',(0.994766086025,0.,-0.102178442416));
#4101 = DIRECTION('',(0.102178442416,0.,0.994766086025));
#4102 = ADVANCED_FACE('',(#4103),#4109,.T.);
#4103 = FACE_BOUND('',#4104,.T.);
#4104 = EDGE_LOOP('',(#4105,#4106,#4107,#4108));
#4105 = ORIENTED_EDGE('',*,*,#2852,.F.);
#4106 = ORIENTED_EDGE('',*,*,#1317,.F.);
#4107 = ORIENTED_EDGE('',*,*,#4089,.T.);
#4108 = ORIENTED_EDGE('',*,*,#1914,.T.);
#4109 = PLANE('',#4110);
#4110 = AXIS2_PLACEMENT_3D('',#4111,#4112,#4113);
#4111 = CARTESIAN_POINT('',(-74.,104.,37.29));
#4112 = DIRECTION('',(1.,0.,0.));
#4113 = DIRECTION('',(-0.,0.,1.));
#4114 = ADVANCED_FACE('',(#4115),#4126,.T.);
#4115 = FACE_BOUND('',#4116,.T.);
#4116 = EDGE_LOOP('',(#4117,#4118,#4119,#4120));
#4117 = ORIENTED_EDGE('',*,*,#1340,.T.);
#4118 = ORIENTED_EDGE('',*,*,#3241,.T.);
#4119 = ORIENTED_EDGE('',*,*,#3258,.T.);
#4120 = ORIENTED_EDGE('',*,*,#4121,.F.);
#4121 = EDGE_CURVE('',#1341,#3259,#4122,.T.);
#4122 = LINE('',#4123,#4124);
#4123 = CARTESIAN_POINT('',(-105.780521262,24.,33.928888888889));
#4124 = VECTOR('',#4125,1.);
#4125 = DIRECTION('',(0.,1.,0.));
#4126 = PLANE('',#4127);
#4127 = AXIS2_PLACEMENT_3D('',#4128,#4129,#4130);
#4128 = CARTESIAN_POINT('',(-105.861728395,106.,34.206666666667));
#4129 = DIRECTION('',(-0.959824626333,-0.,-0.280600582118));
#4130 = DIRECTION('',(0.280600582118,0.,-0.959824626333));
#4131 = ADVANCED_FACE('',(#4132),#4143,.T.);
#4132 = FACE_BOUND('',#4133,.T.);
#4133 = EDGE_LOOP('',(#4134,#4135,#4136,#4137));
#4134 = ORIENTED_EDGE('',*,*,#1348,.T.);
#4135 = ORIENTED_EDGE('',*,*,#4121,.T.);
#4136 = ORIENTED_EDGE('',*,*,#3266,.T.);
#4137 = ORIENTED_EDGE('',*,*,#4138,.F.);
#4138 = EDGE_CURVE('',#1349,#3267,#4139,.T.);
#4139 = LINE('',#4140,#4141);
#4140 = CARTESIAN_POINT('',(-105.5259259259,24.,33.373333333333));
#4141 = VECTOR('',#4142,1.);
#4142 = DIRECTION('',(0.,1.,0.));
#4143 = PLANE('',#4144);
#4144 = AXIS2_PLACEMENT_3D('',#4145,#4146,#4147);
#4145 = CARTESIAN_POINT('',(-105.6532235939,106.,33.651111111111));
#4146 = DIRECTION('',(-0.909086076713,-0.,-0.416608335402));
#4147 = DIRECTION('',(0.416608335402,0.,-0.909086076713));
#4148 = ADVANCED_FACE('',(#4149),#4160,.T.);
#4149 = FACE_BOUND('',#4150,.T.);
#4150 = EDGE_LOOP('',(#4151,#4152,#4153,#4154));
#4151 = ORIENTED_EDGE('',*,*,#1356,.T.);
#4152 = ORIENTED_EDGE('',*,*,#4138,.T.);
#4153 = ORIENTED_EDGE('',*,*,#3274,.T.);
#4154 = ORIENTED_EDGE('',*,*,#4155,.F.);
#4155 = EDGE_CURVE('',#1357,#3275,#4156,.T.);
#4156 = LINE('',#4157,#4158);
#4157 = CARTESIAN_POINT('',(-105.1923182441,24.,32.817777777778));
#4158 = VECTOR('',#4159,1.);
#4159 = DIRECTION('',(0.,1.,0.));
#4160 = PLANE('',#4161);
#4161 = AXIS2_PLACEMENT_3D('',#4162,#4163,#4164);
#4162 = CARTESIAN_POINT('',(-105.359122085,106.,33.095555555556));
#4163 = DIRECTION('',(-0.857306092282,-0.,-0.514807016402));
#4164 = DIRECTION('',(0.514807016402,0.,-0.857306092282));
#4165 = ADVANCED_FACE('',(#4166),#4177,.T.);
#4166 = FACE_BOUND('',#4167,.T.);
#4167 = EDGE_LOOP('',(#4168,#4169,#4170,#4171));
#4168 = ORIENTED_EDGE('',*,*,#1364,.T.);
#4169 = ORIENTED_EDGE('',*,*,#4155,.T.);
#4170 = ORIENTED_EDGE('',*,*,#3282,.T.);
#4171 = ORIENTED_EDGE('',*,*,#4172,.F.);
#4172 = EDGE_CURVE('',#1365,#3283,#4173,.T.);
#4173 = LINE('',#4174,#4175);
#4174 = CARTESIAN_POINT('',(-104.792866941,24.,32.262222222222));
#4175 = VECTOR('',#4176,1.);
#4176 = DIRECTION('',(0.,1.,0.));
#4177 = PLANE('',#4178);
#4178 = AXIS2_PLACEMENT_3D('',#4179,#4180,#4181);
#4179 = CARTESIAN_POINT('',(-104.9925925925,106.,32.54));
#4180 = DIRECTION('',(-0.811914412869,-0.,-0.583776486487));
#4181 = DIRECTION('',(0.583776486487,0.,-0.811914412869));
#4182 = ADVANCED_FACE('',(#4183),#4194,.T.);
#4183 = FACE_BOUND('',#4184,.T.);
#4184 = EDGE_LOOP('',(#4185,#4186,#4187,#4188));
#4185 = ORIENTED_EDGE('',*,*,#1372,.T.);
#4186 = ORIENTED_EDGE('',*,*,#4172,.T.);
#4187 = ORIENTED_EDGE('',*,*,#3290,.T.);
#4188 = ORIENTED_EDGE('',*,*,#4189,.F.);
#4189 = EDGE_CURVE('',#1373,#3291,#4190,.T.);
#4190 = LINE('',#4191,#4192);
#4191 = CARTESIAN_POINT('',(-104.3407407407,24.,31.706666666667));
#4192 = VECTOR('',#4193,1.);
#4193 = DIRECTION('',(0.,1.,0.));
#4194 = PLANE('',#4195);
#4195 = AXIS2_PLACEMENT_3D('',#4196,#4197,#4198);
#4196 = CARTESIAN_POINT('',(-104.5668038408,106.,31.984444444444));
#4197 = DIRECTION('',(-0.77560997208,-0.,-0.631212461229));
#4198 = DIRECTION('',(0.631212461229,0.,-0.77560997208));
#4199 = ADVANCED_FACE('',(#4200),#4211,.T.);
#4200 = FACE_BOUND('',#4201,.T.);
#4201 = EDGE_LOOP('',(#4202,#4203,#4204,#4205));
#4202 = ORIENTED_EDGE('',*,*,#1380,.T.);
#4203 = ORIENTED_EDGE('',*,*,#4189,.T.);
#4204 = ORIENTED_EDGE('',*,*,#3298,.T.);
#4205 = ORIENTED_EDGE('',*,*,#4206,.F.);
#4206 = EDGE_CURVE('',#1381,#3299,#4207,.T.);
#4207 = LINE('',#4208,#4209);
#4208 = CARTESIAN_POINT('',(-103.8491083676,24.,31.151111111111));
#4209 = VECTOR('',#4210,1.);
#4210 = DIRECTION('',(0.,1.,0.));
#4211 = PLANE('',#4212);
#4212 = AXIS2_PLACEMENT_3D('',#4213,#4214,#4215);
#4213 = CARTESIAN_POINT('',(-104.0949245541,106.,31.428888888889));
#4214 = DIRECTION('',(-0.748876551956,-0.,-0.662709521533));
#4215 = DIRECTION('',(0.662709521533,0.,-0.748876551956));
#4216 = ADVANCED_FACE('',(#4217),#4228,.T.);
#4217 = FACE_BOUND('',#4218,.T.);
#4218 = EDGE_LOOP('',(#4219,#4220,#4221,#4222));
#4219 = ORIENTED_EDGE('',*,*,#1388,.T.);
#4220 = ORIENTED_EDGE('',*,*,#4206,.T.);
#4221 = ORIENTED_EDGE('',*,*,#3306,.T.);
#4222 = ORIENTED_EDGE('',*,*,#4223,.F.);
#4223 = EDGE_CURVE('',#1389,#3307,#4224,.T.);
#4224 = LINE('',#4225,#4226);
#4225 = CARTESIAN_POINT('',(-103.3311385459,24.,30.595555555556));
#4226 = VECTOR('',#4227,1.);
#4227 = DIRECTION('',(0.,1.,0.));
#4228 = PLANE('',#4229);
#4229 = AXIS2_PLACEMENT_3D('',#4230,#4231,#4232);
#4230 = CARTESIAN_POINT('',(-103.5901234567,106.,30.873333333333));
#4231 = DIRECTION('',(-0.731415501199,-0.,-0.681932082106));
#4232 = DIRECTION('',(0.681932082106,0.,-0.731415501199));
#4233 = ADVANCED_FACE('',(#4234),#4261,.T.);
#4234 = FACE_BOUND('',#4235,.T.);
#4235 = EDGE_LOOP('',(#4236,#4244,#4245,#4246,#4247,#4255));
#4236 = ORIENTED_EDGE('',*,*,#4237,.F.);
#4237 = EDGE_CURVE('',#1397,#4238,#4240,.T.);
#4238 = VERTEX_POINT('',#4239);
#4239 = CARTESIAN_POINT('',(-102.268861454,220.,29.484444444444));
#4240 = LINE('',#4241,#4242);
#4241 = CARTESIAN_POINT('',(-102.268861454,24.,29.484444444444));
#4242 = VECTOR('',#4243,1.);
#4243 = DIRECTION('',(0.,1.,0.));
#4244 = ORIENTED_EDGE('',*,*,#1396,.T.);
#4245 = ORIENTED_EDGE('',*,*,#4223,.T.);
#4246 = ORIENTED_EDGE('',*,*,#3314,.T.);
#4247 = ORIENTED_EDGE('',*,*,#4248,.F.);
#4248 = EDGE_CURVE('',#4249,#3315,#4251,.T.);
#4249 = VERTEX_POINT('',#4250);
#4250 = CARTESIAN_POINT('',(-102.8,220.,30.04));
#4251 = LINE('',#4252,#4253);
#4252 = CARTESIAN_POINT('',(-102.8,162.9,30.04));
#4253 = VECTOR('',#4254,1.);
#4254 = DIRECTION('',(0.,-1.,0.));
#4255 = ORIENTED_EDGE('',*,*,#4256,.F.);
#4256 = EDGE_CURVE('',#4238,#4249,#4257,.T.);
#4257 = LINE('',#4258,#4259);
#4258 = CARTESIAN_POINT('',(-102.268861454,220.,29.484444444444));
#4259 = VECTOR('',#4260,1.);
#4260 = DIRECTION('',(-0.691044328918,0.,0.722812379162));
#4261 = PLANE('',#4262);
#4262 = AXIS2_PLACEMENT_3D('',#4263,#4264,#4265);
#4263 = CARTESIAN_POINT('',(-102.8,106.,30.04));
#4264 = DIRECTION('',(-0.722812379162,-0.,-0.691044328918));
#4265 = DIRECTION('',(0.691044328918,0.,-0.722812379162));
#4266 = ADVANCED_FACE('',(#4267),#4285,.T.);
#4267 = FACE_BOUND('',#4268,.T.);
#4268 = EDGE_LOOP('',(#4269,#4270,#4278,#4284));
#4269 = ORIENTED_EDGE('',*,*,#4237,.T.);
#4270 = ORIENTED_EDGE('',*,*,#4271,.F.);
#4271 = EDGE_CURVE('',#4272,#4238,#4274,.T.);
#4272 = VERTEX_POINT('',#4273);
#4273 = CARTESIAN_POINT('',(-101.7508916323,220.,28.928888888889));
#4274 = LINE('',#4275,#4276);
#4275 = CARTESIAN_POINT('',(-101.7508916323,220.,28.928888888889));
#4276 = VECTOR('',#4277,1.);
#4277 = DIRECTION('',(-0.681932082106,0.,0.731415501199));
#4278 = ORIENTED_EDGE('',*,*,#4279,.F.);
#4279 = EDGE_CURVE('',#1405,#4272,#4280,.T.);
#4280 = LINE('',#4281,#4282);
#4281 = CARTESIAN_POINT('',(-101.7508916323,24.,28.928888888889));
#4282 = VECTOR('',#4283,1.);
#4283 = DIRECTION('',(0.,1.,0.));
#4284 = ORIENTED_EDGE('',*,*,#1404,.T.);
#4285 = PLANE('',#4286);
#4286 = AXIS2_PLACEMENT_3D('',#4287,#4288,#4289);
#4287 = CARTESIAN_POINT('',(-102.0098765432,106.,29.206666666667));
#4288 = DIRECTION('',(-0.731415501199,-0.,-0.681932082106));
#4289 = DIRECTION('',(0.681932082106,0.,-0.731415501199));
#4290 = ADVANCED_FACE('',(#4291),#4309,.T.);
#4291 = FACE_BOUND('',#4292,.T.);
#4292 = EDGE_LOOP('',(#4293,#4294,#4302,#4308));
#4293 = ORIENTED_EDGE('',*,*,#4279,.T.);
#4294 = ORIENTED_EDGE('',*,*,#4295,.F.);
#4295 = EDGE_CURVE('',#4296,#4272,#4298,.T.);
#4296 = VERTEX_POINT('',#4297);
#4297 = CARTESIAN_POINT('',(-101.2592592592,220.,28.373333333333));
#4298 = LINE('',#4299,#4300);
#4299 = CARTESIAN_POINT('',(-101.2592592592,220.,28.373333333333));
#4300 = VECTOR('',#4301,1.);
#4301 = DIRECTION('',(-0.662709521533,0.,0.748876551956));
#4302 = ORIENTED_EDGE('',*,*,#4303,.F.);
#4303 = EDGE_CURVE('',#1413,#4296,#4304,.T.);
#4304 = LINE('',#4305,#4306);
#4305 = CARTESIAN_POINT('',(-101.2592592592,24.,28.373333333333));
#4306 = VECTOR('',#4307,1.);
#4307 = DIRECTION('',(0.,1.,0.));
#4308 = ORIENTED_EDGE('',*,*,#1412,.T.);
#4309 = PLANE('',#4310);
#4310 = AXIS2_PLACEMENT_3D('',#4311,#4312,#4313);
#4311 = CARTESIAN_POINT('',(-101.5050754458,106.,28.651111111111));
#4312 = DIRECTION('',(-0.748876551956,-0.,-0.662709521533));
#4313 = DIRECTION('',(0.662709521533,0.,-0.748876551956));
#4314 = ADVANCED_FACE('',(#4315),#4333,.T.);
#4315 = FACE_BOUND('',#4316,.T.);
#4316 = EDGE_LOOP('',(#4317,#4318,#4326,#4332));
#4317 = ORIENTED_EDGE('',*,*,#4303,.T.);
#4318 = ORIENTED_EDGE('',*,*,#4319,.F.);
#4319 = EDGE_CURVE('',#4320,#4296,#4322,.T.);
#4320 = VERTEX_POINT('',#4321);
#4321 = CARTESIAN_POINT('',(-100.8071330589,220.,27.817777777778));
#4322 = LINE('',#4323,#4324);
#4323 = CARTESIAN_POINT('',(-100.8071330589,220.,27.817777777778));
#4324 = VECTOR('',#4325,1.);
#4325 = DIRECTION('',(-0.631212461229,0.,0.77560997208));
#4326 = ORIENTED_EDGE('',*,*,#4327,.F.);
#4327 = EDGE_CURVE('',#1421,#4320,#4328,.T.);
#4328 = LINE('',#4329,#4330);
#4329 = CARTESIAN_POINT('',(-100.8071330589,24.,27.817777777778));
#4330 = VECTOR('',#4331,1.);
#4331 = DIRECTION('',(0.,1.,0.));
#4332 = ORIENTED_EDGE('',*,*,#1420,.T.);
#4333 = PLANE('',#4334);
#4334 = AXIS2_PLACEMENT_3D('',#4335,#4336,#4337);
#4335 = CARTESIAN_POINT('',(-101.0331961591,106.,28.095555555556));
#4336 = DIRECTION('',(-0.77560997208,-0.,-0.631212461229));
#4337 = DIRECTION('',(0.631212461229,0.,-0.77560997208));
#4338 = ADVANCED_FACE('',(#4339),#4357,.T.);
#4339 = FACE_BOUND('',#4340,.T.);
#4340 = EDGE_LOOP('',(#4341,#4342,#4350,#4356));
#4341 = ORIENTED_EDGE('',*,*,#4327,.T.);
#4342 = ORIENTED_EDGE('',*,*,#4343,.F.);
#4343 = EDGE_CURVE('',#4344,#4320,#4346,.T.);
#4344 = VERTEX_POINT('',#4345);
#4345 = CARTESIAN_POINT('',(-100.4076817558,220.,27.262222222222));
#4346 = LINE('',#4347,#4348);
#4347 = CARTESIAN_POINT('',(-100.4076817558,220.,27.262222222222));
#4348 = VECTOR('',#4349,1.);
#4349 = DIRECTION('',(-0.583776486487,0.,0.811914412869));
#4350 = ORIENTED_EDGE('',*,*,#4351,.F.);
#4351 = EDGE_CURVE('',#1429,#4344,#4352,.T.);
#4352 = LINE('',#4353,#4354);
#4353 = CARTESIAN_POINT('',(-100.4076817558,24.,27.262222222222));
#4354 = VECTOR('',#4355,1.);
#4355 = DIRECTION('',(0.,1.,0.));
#4356 = ORIENTED_EDGE('',*,*,#1428,.T.);
#4357 = PLANE('',#4358);
#4358 = AXIS2_PLACEMENT_3D('',#4359,#4360,#4361);
#4359 = CARTESIAN_POINT('',(-100.6074074074,106.,27.54));
#4360 = DIRECTION('',(-0.811914412869,-0.,-0.583776486487));
#4361 = DIRECTION('',(0.583776486487,0.,-0.811914412869));
#4362 = ADVANCED_FACE('',(#4363),#4381,.T.);
#4363 = FACE_BOUND('',#4364,.T.);
#4364 = EDGE_LOOP('',(#4365,#4366,#4374,#4380));
#4365 = ORIENTED_EDGE('',*,*,#4351,.T.);
#4366 = ORIENTED_EDGE('',*,*,#4367,.F.);
#4367 = EDGE_CURVE('',#4368,#4344,#4370,.T.);
#4368 = VERTEX_POINT('',#4369);
#4369 = CARTESIAN_POINT('',(-100.074074074,220.,26.706666666667));
#4370 = LINE('',#4371,#4372);
#4371 = CARTESIAN_POINT('',(-100.074074074,220.,26.706666666667));
#4372 = VECTOR('',#4373,1.);
#4373 = DIRECTION('',(-0.514807016402,0.,0.857306092282));
#4374 = ORIENTED_EDGE('',*,*,#4375,.F.);
#4375 = EDGE_CURVE('',#1437,#4368,#4376,.T.);
#4376 = LINE('',#4377,#4378);
#4377 = CARTESIAN_POINT('',(-100.074074074,24.,26.706666666667));
#4378 = VECTOR('',#4379,1.);
#4379 = DIRECTION('',(0.,1.,0.));
#4380 = ORIENTED_EDGE('',*,*,#1436,.T.);
#4381 = PLANE('',#4382);
#4382 = AXIS2_PLACEMENT_3D('',#4383,#4384,#4385);
#4383 = CARTESIAN_POINT('',(-100.2408779149,106.,26.984444444444));
#4384 = DIRECTION('',(-0.857306092282,-0.,-0.514807016402));
#4385 = DIRECTION('',(0.514807016402,0.,-0.857306092282));
#4386 = ADVANCED_FACE('',(#4387),#4405,.T.);
#4387 = FACE_BOUND('',#4388,.T.);
#4388 = EDGE_LOOP('',(#4389,#4390,#4398,#4404));
#4389 = ORIENTED_EDGE('',*,*,#4375,.T.);
#4390 = ORIENTED_EDGE('',*,*,#4391,.F.);
#4391 = EDGE_CURVE('',#4392,#4368,#4394,.T.);
#4392 = VERTEX_POINT('',#4393);
#4393 = CARTESIAN_POINT('',(-99.81947873799,220.,26.151111111111));
#4394 = LINE('',#4395,#4396);
#4395 = CARTESIAN_POINT('',(-99.81947873799,220.,26.151111111111));
#4396 = VECTOR('',#4397,1.);
#4397 = DIRECTION('',(-0.416608335402,0.,0.909086076713));
#4398 = ORIENTED_EDGE('',*,*,#4399,.F.);
#4399 = EDGE_CURVE('',#1445,#4392,#4400,.T.);
#4400 = LINE('',#4401,#4402);
#4401 = CARTESIAN_POINT('',(-99.81947873799,24.,26.151111111111));
#4402 = VECTOR('',#4403,1.);
#4403 = DIRECTION('',(0.,1.,0.));
#4404 = ORIENTED_EDGE('',*,*,#1444,.T.);
#4405 = PLANE('',#4406);
#4406 = AXIS2_PLACEMENT_3D('',#4407,#4408,#4409);
#4407 = CARTESIAN_POINT('',(-99.94677640603,106.,26.428888888889));
#4408 = DIRECTION('',(-0.909086076713,-0.,-0.416608335402));
#4409 = DIRECTION('',(0.416608335402,0.,-0.909086076713));
#4410 = ADVANCED_FACE('',(#4411),#4429,.T.);
#4411 = FACE_BOUND('',#4412,.T.);
#4412 = EDGE_LOOP('',(#4413,#4414,#4422,#4428));
#4413 = ORIENTED_EDGE('',*,*,#4399,.T.);
#4414 = ORIENTED_EDGE('',*,*,#4415,.F.);
#4415 = EDGE_CURVE('',#4416,#4392,#4418,.T.);
#4416 = VERTEX_POINT('',#4417);
#4417 = CARTESIAN_POINT('',(-99.65706447187,220.,25.595555555556));
#4418 = LINE('',#4419,#4420);
#4419 = CARTESIAN_POINT('',(-99.65706447187,220.,25.595555555556));
#4420 = VECTOR('',#4421,1.);
#4421 = DIRECTION('',(-0.280600582118,0.,0.959824626333));
#4422 = ORIENTED_EDGE('',*,*,#4423,.F.);
#4423 = EDGE_CURVE('',#1453,#4416,#4424,.T.);
#4424 = LINE('',#4425,#4426);
#4425 = CARTESIAN_POINT('',(-99.65706447187,24.,25.595555555556));
#4426 = VECTOR('',#4427,1.);
#4427 = DIRECTION('',(0.,1.,0.));
#4428 = ORIENTED_EDGE('',*,*,#1452,.T.);
#4429 = PLANE('',#4430);
#4430 = AXIS2_PLACEMENT_3D('',#4431,#4432,#4433);
#4431 = CARTESIAN_POINT('',(-99.73827160493,106.,25.873333333333));
#4432 = DIRECTION('',(-0.959824626333,-0.,-0.280600582118));
#4433 = DIRECTION('',(0.280600582118,0.,-0.959824626333));
#4434 = ADVANCED_FACE('',(#4435),#4453,.T.);
#4435 = FACE_BOUND('',#4436,.T.);
#4436 = EDGE_LOOP('',(#4437,#4438,#4446,#4452));
#4437 = ORIENTED_EDGE('',*,*,#4423,.T.);
#4438 = ORIENTED_EDGE('',*,*,#4439,.F.);
#4439 = EDGE_CURVE('',#4440,#4416,#4442,.T.);
#4440 = VERTEX_POINT('',#4441);
#4441 = CARTESIAN_POINT('',(-99.6,220.,25.04));
#4442 = LINE('',#4443,#4444);
#4443 = CARTESIAN_POINT('',(-99.6,220.,25.04));
#4444 = VECTOR('',#4445,1.);
#4445 = DIRECTION('',(-0.102178442416,0.,0.994766086025));
#4446 = ORIENTED_EDGE('',*,*,#4447,.F.);
#4447 = EDGE_CURVE('',#1461,#4440,#4448,.T.);
#4448 = LINE('',#4449,#4450);
#4449 = CARTESIAN_POINT('',(-99.6,24.,25.04));
#4450 = VECTOR('',#4451,1.);
#4451 = DIRECTION('',(0.,1.,0.));
#4452 = ORIENTED_EDGE('',*,*,#1460,.T.);
#4453 = PLANE('',#4454);
#4454 = AXIS2_PLACEMENT_3D('',#4455,#4456,#4457);
#4455 = CARTESIAN_POINT('',(-99.62853223594,106.,25.317777777778));
#4456 = DIRECTION('',(-0.994766086025,-0.,-0.102178442416));
#4457 = DIRECTION('',(0.102178442416,0.,-0.994766086025));
#4458 = ADVANCED_FACE('',(#4459),#4477,.T.);
#4459 = FACE_BOUND('',#4460,.T.);
#4460 = EDGE_LOOP('',(#4461,#4462,#4470,#4476));
#4461 = ORIENTED_EDGE('',*,*,#4447,.T.);
#4462 = ORIENTED_EDGE('',*,*,#4463,.F.);
#4463 = EDGE_CURVE('',#4464,#4440,#4466,.T.);
#4464 = VERTEX_POINT('',#4465);
#4465 = CARTESIAN_POINT('',(-99.6,220.,24.04));
#4466 = LINE('',#4467,#4468);
#4467 = CARTESIAN_POINT('',(-99.6,220.,14.04));
#4468 = VECTOR('',#4469,1.);
#4469 = DIRECTION('',(0.,0.,1.));
#4470 = ORIENTED_EDGE('',*,*,#4471,.F.);
#4471 = EDGE_CURVE('',#1469,#4464,#4472,.T.);
#4472 = LINE('',#4473,#4474);
#4473 = CARTESIAN_POINT('',(-99.6,24.,24.04));
#4474 = VECTOR('',#4475,1.);
#4475 = DIRECTION('',(0.,1.,0.));
#4476 = ORIENTED_EDGE('',*,*,#1468,.T.);
#4477 = PLANE('',#4478);
#4478 = AXIS2_PLACEMENT_3D('',#4479,#4480,#4481);
#4479 = CARTESIAN_POINT('',(-99.6,106.,24.54));
#4480 = DIRECTION('',(-1.,-0.,-0.));
#4481 = DIRECTION('',(0.,0.,-1.));
#4482 = ADVANCED_FACE('',(#4483),#4501,.T.);
#4483 = FACE_BOUND('',#4484,.T.);
#4484 = EDGE_LOOP('',(#4485,#4493,#4494,#4495));
#4485 = ORIENTED_EDGE('',*,*,#4486,.F.);
#4486 = EDGE_CURVE('',#1477,#4487,#4489,.T.);
#4487 = VERTEX_POINT('',#4488);
#4488 = CARTESIAN_POINT('',(-99.65706447187,220.,23.484444444444));
#4489 = LINE('',#4490,#4491);
#4490 = CARTESIAN_POINT('',(-99.65706447187,24.,23.484444444444));
#4491 = VECTOR('',#4492,1.);
#4492 = DIRECTION('',(0.,1.,0.));
#4493 = ORIENTED_EDGE('',*,*,#1476,.F.);
#4494 = ORIENTED_EDGE('',*,*,#4471,.T.);
#4495 = ORIENTED_EDGE('',*,*,#4496,.T.);
#4496 = EDGE_CURVE('',#4464,#4487,#4497,.T.);
#4497 = LINE('',#4498,#4499);
#4498 = CARTESIAN_POINT('',(-99.6,220.,24.04));
#4499 = VECTOR('',#4500,1.);
#4500 = DIRECTION('',(-0.102178442416,0.,-0.994766086025));
#4501 = PLANE('',#4502);
#4502 = AXIS2_PLACEMENT_3D('',#4503,#4504,#4505);
#4503 = CARTESIAN_POINT('',(-99.62853223594,106.,23.762222222222));
#4504 = DIRECTION('',(-0.994766086025,-0.,0.102178442416));
#4505 = DIRECTION('',(-0.102178442416,0.,-0.994766086025));
#4506 = ADVANCED_FACE('',(#4507),#4525,.T.);
#4507 = FACE_BOUND('',#4508,.T.);
#4508 = EDGE_LOOP('',(#4509,#4517,#4518,#4519));
#4509 = ORIENTED_EDGE('',*,*,#4510,.F.);
#4510 = EDGE_CURVE('',#1485,#4511,#4513,.T.);
#4511 = VERTEX_POINT('',#4512);
#4512 = CARTESIAN_POINT('',(-99.81947873799,220.,22.928888888889));
#4513 = LINE('',#4514,#4515);
#4514 = CARTESIAN_POINT('',(-99.81947873799,24.,22.928888888889));
#4515 = VECTOR('',#4516,1.);
#4516 = DIRECTION('',(0.,1.,0.));
#4517 = ORIENTED_EDGE('',*,*,#1484,.F.);
#4518 = ORIENTED_EDGE('',*,*,#4486,.T.);
#4519 = ORIENTED_EDGE('',*,*,#4520,.T.);
#4520 = EDGE_CURVE('',#4487,#4511,#4521,.T.);
#4521 = LINE('',#4522,#4523);
#4522 = CARTESIAN_POINT('',(-99.65706447187,220.,23.484444444444));
#4523 = VECTOR('',#4524,1.);
#4524 = DIRECTION('',(-0.280600582118,0.,-0.959824626333));
#4525 = PLANE('',#4526);
#4526 = AXIS2_PLACEMENT_3D('',#4527,#4528,#4529);
#4527 = CARTESIAN_POINT('',(-99.73827160493,106.,23.206666666667));
#4528 = DIRECTION('',(-0.959824626333,-0.,0.280600582118));
#4529 = DIRECTION('',(-0.280600582118,0.,-0.959824626333));
#4530 = ADVANCED_FACE('',(#4531),#4549,.T.);
#4531 = FACE_BOUND('',#4532,.T.);
#4532 = EDGE_LOOP('',(#4533,#4541,#4542,#4543));
#4533 = ORIENTED_EDGE('',*,*,#4534,.F.);
#4534 = EDGE_CURVE('',#1493,#4535,#4537,.T.);
#4535 = VERTEX_POINT('',#4536);
#4536 = CARTESIAN_POINT('',(-100.074074074,220.,22.373333333333));
#4537 = LINE('',#4538,#4539);
#4538 = CARTESIAN_POINT('',(-100.074074074,24.,22.373333333333));
#4539 = VECTOR('',#4540,1.);
#4540 = DIRECTION('',(0.,1.,0.));
#4541 = ORIENTED_EDGE('',*,*,#1492,.F.);
#4542 = ORIENTED_EDGE('',*,*,#4510,.T.);
#4543 = ORIENTED_EDGE('',*,*,#4544,.T.);
#4544 = EDGE_CURVE('',#4511,#4535,#4545,.T.);
#4545 = LINE('',#4546,#4547);
#4546 = CARTESIAN_POINT('',(-99.81947873799,220.,22.928888888889));
#4547 = VECTOR('',#4548,1.);
#4548 = DIRECTION('',(-0.416608335402,0.,-0.909086076713));
#4549 = PLANE('',#4550);
#4550 = AXIS2_PLACEMENT_3D('',#4551,#4552,#4553);
#4551 = CARTESIAN_POINT('',(-99.94677640603,106.,22.651111111111));
#4552 = DIRECTION('',(-0.909086076713,-0.,0.416608335402));
#4553 = DIRECTION('',(-0.416608335402,0.,-0.909086076713));
#4554 = ADVANCED_FACE('',(#4555),#4573,.T.);
#4555 = FACE_BOUND('',#4556,.T.);
#4556 = EDGE_LOOP('',(#4557,#4565,#4566,#4567));
#4557 = ORIENTED_EDGE('',*,*,#4558,.F.);
#4558 = EDGE_CURVE('',#1501,#4559,#4561,.T.);
#4559 = VERTEX_POINT('',#4560);
#4560 = CARTESIAN_POINT('',(-100.4076817558,220.,21.817777777778));
#4561 = LINE('',#4562,#4563);
#4562 = CARTESIAN_POINT('',(-100.4076817558,24.,21.817777777778));
#4563 = VECTOR('',#4564,1.);
#4564 = DIRECTION('',(0.,1.,0.));
#4565 = ORIENTED_EDGE('',*,*,#1500,.F.);
#4566 = ORIENTED_EDGE('',*,*,#4534,.T.);
#4567 = ORIENTED_EDGE('',*,*,#4568,.T.);
#4568 = EDGE_CURVE('',#4535,#4559,#4569,.T.);
#4569 = LINE('',#4570,#4571);
#4570 = CARTESIAN_POINT('',(-100.074074074,220.,22.373333333333));
#4571 = VECTOR('',#4572,1.);
#4572 = DIRECTION('',(-0.514807016402,0.,-0.857306092282));
#4573 = PLANE('',#4574);
#4574 = AXIS2_PLACEMENT_3D('',#4575,#4576,#4577);
#4575 = CARTESIAN_POINT('',(-100.2408779149,106.,22.095555555556));
#4576 = DIRECTION('',(-0.857306092282,-0.,0.514807016402));
#4577 = DIRECTION('',(-0.514807016402,0.,-0.857306092282));
#4578 = ADVANCED_FACE('',(#4579),#4597,.T.);
#4579 = FACE_BOUND('',#4580,.T.);
#4580 = EDGE_LOOP('',(#4581,#4589,#4590,#4591));
#4581 = ORIENTED_EDGE('',*,*,#4582,.F.);
#4582 = EDGE_CURVE('',#1509,#4583,#4585,.T.);
#4583 = VERTEX_POINT('',#4584);
#4584 = CARTESIAN_POINT('',(-100.8071330589,220.,21.262222222222));
#4585 = LINE('',#4586,#4587);
#4586 = CARTESIAN_POINT('',(-100.8071330589,24.,21.262222222222));
#4587 = VECTOR('',#4588,1.);
#4588 = DIRECTION('',(0.,1.,0.));
#4589 = ORIENTED_EDGE('',*,*,#1508,.F.);
#4590 = ORIENTED_EDGE('',*,*,#4558,.T.);
#4591 = ORIENTED_EDGE('',*,*,#4592,.T.);
#4592 = EDGE_CURVE('',#4559,#4583,#4593,.T.);
#4593 = LINE('',#4594,#4595);
#4594 = CARTESIAN_POINT('',(-100.4076817558,220.,21.817777777778));
#4595 = VECTOR('',#4596,1.);
#4596 = DIRECTION('',(-0.583776486487,0.,-0.811914412869));
#4597 = PLANE('',#4598);
#4598 = AXIS2_PLACEMENT_3D('',#4599,#4600,#4601);
#4599 = CARTESIAN_POINT('',(-100.6074074074,106.,21.54));
#4600 = DIRECTION('',(-0.811914412869,-0.,0.583776486487));
#4601 = DIRECTION('',(-0.583776486487,0.,-0.811914412869));
#4602 = ADVANCED_FACE('',(#4603),#4621,.T.);
#4603 = FACE_BOUND('',#4604,.T.);
#4604 = EDGE_LOOP('',(#4605,#4613,#4614,#4615));
#4605 = ORIENTED_EDGE('',*,*,#4606,.F.);
#4606 = EDGE_CURVE('',#1517,#4607,#4609,.T.);
#4607 = VERTEX_POINT('',#4608);
#4608 = CARTESIAN_POINT('',(-101.2592592592,220.,20.706666666667));
#4609 = LINE('',#4610,#4611);
#4610 = CARTESIAN_POINT('',(-101.2592592592,24.,20.706666666667));
#4611 = VECTOR('',#4612,1.);
#4612 = DIRECTION('',(0.,1.,0.));
#4613 = ORIENTED_EDGE('',*,*,#1516,.F.);
#4614 = ORIENTED_EDGE('',*,*,#4582,.T.);
#4615 = ORIENTED_EDGE('',*,*,#4616,.T.);
#4616 = EDGE_CURVE('',#4583,#4607,#4617,.T.);
#4617 = LINE('',#4618,#4619);
#4618 = CARTESIAN_POINT('',(-100.8071330589,220.,21.262222222222));
#4619 = VECTOR('',#4620,1.);
#4620 = DIRECTION('',(-0.631212461229,0.,-0.77560997208));
#4621 = PLANE('',#4622);
#4622 = AXIS2_PLACEMENT_3D('',#4623,#4624,#4625);
#4623 = CARTESIAN_POINT('',(-101.0331961591,106.,20.984444444444));
#4624 = DIRECTION('',(-0.77560997208,-0.,0.631212461229));
#4625 = DIRECTION('',(-0.631212461229,0.,-0.77560997208));
#4626 = ADVANCED_FACE('',(#4627),#4645,.T.);
#4627 = FACE_BOUND('',#4628,.T.);
#4628 = EDGE_LOOP('',(#4629,#4637,#4638,#4639));
#4629 = ORIENTED_EDGE('',*,*,#4630,.F.);
#4630 = EDGE_CURVE('',#1525,#4631,#4633,.T.);
#4631 = VERTEX_POINT('',#4632);
#4632 = CARTESIAN_POINT('',(-101.7508916323,220.,20.151111111111));
#4633 = LINE('',#4634,#4635);
#4634 = CARTESIAN_POINT('',(-101.7508916323,24.,20.151111111111));
#4635 = VECTOR('',#4636,1.);
#4636 = DIRECTION('',(0.,1.,0.));
#4637 = ORIENTED_EDGE('',*,*,#1524,.F.);
#4638 = ORIENTED_EDGE('',*,*,#4606,.T.);
#4639 = ORIENTED_EDGE('',*,*,#4640,.T.);
#4640 = EDGE_CURVE('',#4607,#4631,#4641,.T.);
#4641 = LINE('',#4642,#4643);
#4642 = CARTESIAN_POINT('',(-101.2592592592,220.,20.706666666667));
#4643 = VECTOR('',#4644,1.);
#4644 = DIRECTION('',(-0.662709521533,0.,-0.748876551956));
#4645 = PLANE('',#4646);
#4646 = AXIS2_PLACEMENT_3D('',#4647,#4648,#4649);
#4647 = CARTESIAN_POINT('',(-101.5050754458,106.,20.428888888889));
#4648 = DIRECTION('',(-0.748876551956,-0.,0.662709521533));
#4649 = DIRECTION('',(-0.662709521533,0.,-0.748876551956));
#4650 = ADVANCED_FACE('',(#4651),#4662,.T.);
#4651 = FACE_BOUND('',#4652,.T.);
#4652 = EDGE_LOOP('',(#4653,#4654,#4655,#4656));
#4653 = ORIENTED_EDGE('',*,*,#3353,.F.);
#4654 = ORIENTED_EDGE('',*,*,#1532,.F.);
#4655 = ORIENTED_EDGE('',*,*,#4630,.T.);
#4656 = ORIENTED_EDGE('',*,*,#4657,.T.);
#4657 = EDGE_CURVE('',#4631,#3354,#4658,.T.);
#4658 = LINE('',#4659,#4660);
#4659 = CARTESIAN_POINT('',(-101.7508916323,220.,20.151111111111));
#4660 = VECTOR('',#4661,1.);
#4661 = DIRECTION('',(-0.681932082106,0.,-0.731415501199));
#4662 = PLANE('',#4663);
#4663 = AXIS2_PLACEMENT_3D('',#4664,#4665,#4666);
#4664 = CARTESIAN_POINT('',(-102.0098765432,106.,19.873333333333));
#4665 = DIRECTION('',(-0.731415501199,-0.,0.681932082106));
#4666 = DIRECTION('',(-0.681932082106,0.,-0.731415501199));
#4667 = ADVANCED_FACE('',(#4668),#4693,.T.);
#4668 = FACE_BOUND('',#4669,.T.);
#4669 = EDGE_LOOP('',(#4670,#4680,#4686,#4687));
#4670 = ORIENTED_EDGE('',*,*,#4671,.F.);
#4671 = EDGE_CURVE('',#4672,#4674,#4676,.T.);
#4672 = VERTEX_POINT('',#4673);
#4673 = CARTESIAN_POINT('',(-96.4,18.,18.));
#4674 = VERTEX_POINT('',#4675);
#4675 = CARTESIAN_POINT('',(-83.6,18.,18.));
#4676 = LINE('',#4677,#4678);
#4677 = CARTESIAN_POINT('',(-109.,18.,18.));
#4678 = VECTOR('',#4679,1.);
#4679 = DIRECTION('',(1.,0.,-0.));
#4680 = ORIENTED_EDGE('',*,*,#4681,.F.);
#4681 = EDGE_CURVE('',#1566,#4672,#4682,.T.);
#4682 = LINE('',#4683,#4684);
#4683 = CARTESIAN_POINT('',(-96.4,-8.,18.));
#4684 = VECTOR('',#4685,1.);
#4685 = DIRECTION('',(-0.,1.,0.));
#4686 = ORIENTED_EDGE('',*,*,#1565,.T.);
#4687 = ORIENTED_EDGE('',*,*,#4688,.T.);
#4688 = EDGE_CURVE('',#1568,#4674,#4689,.T.);
#4689 = LINE('',#4690,#4691);
#4690 = CARTESIAN_POINT('',(-83.6,-8.,18.));
#4691 = VECTOR('',#4692,1.);
#4692 = DIRECTION('',(-0.,1.,0.));
#4693 = PLANE('',#4694);
#4694 = AXIS2_PLACEMENT_3D('',#4695,#4696,#4697);
#4695 = CARTESIAN_POINT('',(-109.,-8.,18.));
#4696 = DIRECTION('',(0.,0.,1.));
#4697 = DIRECTION('',(1.,0.,-0.));
#4698 = ADVANCED_FACE('',(#4699),#4733,.T.);
#4699 = FACE_BOUND('',#4700,.T.);
#4700 = EDGE_LOOP('',(#4701,#4709,#4710,#4711,#4719,#4727));
#4701 = ORIENTED_EDGE('',*,*,#4702,.F.);
#4702 = EDGE_CURVE('',#1576,#4703,#4705,.T.);
#4703 = VERTEX_POINT('',#4704);
#4704 = CARTESIAN_POINT('',(-96.4,220.,35.04));
#4705 = LINE('',#4706,#4707);
#4706 = CARTESIAN_POINT('',(-96.4,-8.,35.04));
#4707 = VECTOR('',#4708,1.);
#4708 = DIRECTION('',(-0.,1.,0.));
#4709 = ORIENTED_EDGE('',*,*,#1575,.F.);
#4710 = ORIENTED_EDGE('',*,*,#4681,.T.);
#4711 = ORIENTED_EDGE('',*,*,#4712,.T.);
#4712 = EDGE_CURVE('',#4672,#4713,#4715,.T.);
#4713 = VERTEX_POINT('',#4714);
#4714 = CARTESIAN_POINT('',(-96.4,18.,14.04));
#4715 = LINE('',#4716,#4717);
#4716 = CARTESIAN_POINT('',(-96.4,18.,7.02));
#4717 = VECTOR('',#4718,1.);
#4718 = DIRECTION('',(-0.,0.,-1.));
#4719 = ORIENTED_EDGE('',*,*,#4720,.T.);
#4720 = EDGE_CURVE('',#4713,#4721,#4723,.T.);
#4721 = VERTEX_POINT('',#4722);
#4722 = CARTESIAN_POINT('',(-96.4,220.,14.04));
#4723 = LINE('',#4724,#4725);
#4724 = CARTESIAN_POINT('',(-96.4,24.,14.04));
#4725 = VECTOR('',#4726,1.);
#4726 = DIRECTION('',(-0.,1.,0.));
#4727 = ORIENTED_EDGE('',*,*,#4728,.T.);
#4728 = EDGE_CURVE('',#4721,#4703,#4729,.T.);
#4729 = LINE('',#4730,#4731);
#4730 = CARTESIAN_POINT('',(-96.4,220.,14.04));
#4731 = VECTOR('',#4732,1.);
#4732 = DIRECTION('',(0.,0.,1.));
#4733 = PLANE('',#4734);
#4734 = AXIS2_PLACEMENT_3D('',#4735,#4736,#4737);
#4735 = CARTESIAN_POINT('',(-96.4,106.20674698795,24.746746987952));
#4736 = DIRECTION('',(1.,0.,0.));
#4737 = DIRECTION('',(-0.,0.,1.));
#4738 = ADVANCED_FACE('',(#4739),#4789,.T.);
#4739 = FACE_BOUND('',#4740,.T.);
#4740 = EDGE_LOOP('',(#4741,#4751,#4759,#4767,#4773,#4774,#4775,#4783));
#4741 = ORIENTED_EDGE('',*,*,#4742,.T.);
#4742 = EDGE_CURVE('',#4743,#4745,#4747,.T.);
#4743 = VERTEX_POINT('',#4744);
#4744 = CARTESIAN_POINT('',(-102.8,224.815,35.04));
#4745 = VERTEX_POINT('',#4746);
#4746 = CARTESIAN_POINT('',(-78.,224.815,35.04));
#4747 = LINE('',#4748,#4749);
#4748 = CARTESIAN_POINT('',(-53.,224.815,35.04));
#4749 = VECTOR('',#4750,1.);
#4750 = DIRECTION('',(1.,0.,-0.));
#4751 = ORIENTED_EDGE('',*,*,#4752,.F.);
#4752 = EDGE_CURVE('',#4753,#4745,#4755,.T.);
#4753 = VERTEX_POINT('',#4754);
#4754 = CARTESIAN_POINT('',(-78.,220.,35.04));
#4755 = LINE('',#4756,#4757);
#4756 = CARTESIAN_POINT('',(-78.,176.58385154991,35.04));
#4757 = VECTOR('',#4758,1.);
#4758 = DIRECTION('',(0.,1.,0.));
#4759 = ORIENTED_EDGE('',*,*,#4760,.F.);
#4760 = EDGE_CURVE('',#4761,#4753,#4763,.T.);
#4761 = VERTEX_POINT('',#4762);
#4762 = CARTESIAN_POINT('',(-83.6,220.,35.04));
#4763 = LINE('',#4764,#4765);
#4764 = CARTESIAN_POINT('',(-98.,220.,35.04));
#4765 = VECTOR('',#4766,1.);
#4766 = DIRECTION('',(1.,0.,0.));
#4767 = ORIENTED_EDGE('',*,*,#4768,.F.);
#4768 = EDGE_CURVE('',#1584,#4761,#4769,.T.);
#4769 = LINE('',#4770,#4771);
#4770 = CARTESIAN_POINT('',(-83.6,24.,35.04));
#4771 = VECTOR('',#4772,1.);
#4772 = DIRECTION('',(-0.,1.,0.));
#4773 = ORIENTED_EDGE('',*,*,#1583,.F.);
#4774 = ORIENTED_EDGE('',*,*,#4702,.T.);
#4775 = ORIENTED_EDGE('',*,*,#4776,.F.);
#4776 = EDGE_CURVE('',#4777,#4703,#4779,.T.);
#4777 = VERTEX_POINT('',#4778);
#4778 = CARTESIAN_POINT('',(-102.8,220.,35.04));
#4779 = LINE('',#4780,#4781);
#4780 = CARTESIAN_POINT('',(-98.,220.,35.04));
#4781 = VECTOR('',#4782,1.);
#4782 = DIRECTION('',(1.,0.,0.));
#4783 = ORIENTED_EDGE('',*,*,#4784,.F.);
#4784 = EDGE_CURVE('',#4743,#4777,#4785,.T.);
#4785 = LINE('',#4786,#4787);
#4786 = CARTESIAN_POINT('',(-102.8,180.00172362216,35.04));
#4787 = VECTOR('',#4788,1.);
#4788 = DIRECTION('',(0.,-1.,0.));
#4789 = PLANE('',#4790);
#4790 = AXIS2_PLACEMENT_3D('',#4791,#4792,#4793);
#4791 = CARTESIAN_POINT('',(6.049719751932E-15,140.20344724433,35.04));
#4792 = DIRECTION('',(-0.,-0.,-1.));
#4793 = DIRECTION('',(-1.,0.,0.));
#4794 = ADVANCED_FACE('',(#4795),#4822,.T.);
#4795 = FACE_BOUND('',#4796,.T.);
#4796 = EDGE_LOOP('',(#4797,#4798,#4806,#4814,#4820,#4821));
#4797 = ORIENTED_EDGE('',*,*,#4768,.T.);
#4798 = ORIENTED_EDGE('',*,*,#4799,.F.);
#4799 = EDGE_CURVE('',#4800,#4761,#4802,.T.);
#4800 = VERTEX_POINT('',#4801);
#4801 = CARTESIAN_POINT('',(-83.6,220.,14.04));
#4802 = LINE('',#4803,#4804);
#4803 = CARTESIAN_POINT('',(-83.6,220.,14.04));
#4804 = VECTOR('',#4805,1.);
#4805 = DIRECTION('',(0.,0.,1.));
#4806 = ORIENTED_EDGE('',*,*,#4807,.F.);
#4807 = EDGE_CURVE('',#4808,#4800,#4810,.T.);
#4808 = VERTEX_POINT('',#4809);
#4809 = CARTESIAN_POINT('',(-83.6,18.,14.04));
#4810 = LINE('',#4811,#4812);
#4811 = CARTESIAN_POINT('',(-83.6,-8.,14.04));
#4812 = VECTOR('',#4813,1.);
#4813 = DIRECTION('',(-0.,1.,0.));
#4814 = ORIENTED_EDGE('',*,*,#4815,.F.);
#4815 = EDGE_CURVE('',#4674,#4808,#4816,.T.);
#4816 = LINE('',#4817,#4818);
#4817 = CARTESIAN_POINT('',(-83.6,18.,7.02));
#4818 = VECTOR('',#4819,1.);
#4819 = DIRECTION('',(-0.,0.,-1.));
#4820 = ORIENTED_EDGE('',*,*,#4688,.F.);
#4821 = ORIENTED_EDGE('',*,*,#1591,.T.);
#4822 = PLANE('',#4823);
#4823 = AXIS2_PLACEMENT_3D('',#4824,#4825,#4826);
#4824 = CARTESIAN_POINT('',(-83.6,106.20674698795,24.746746987952));
#4825 = DIRECTION('',(-1.,-0.,-0.));
#4826 = DIRECTION('',(0.,0.,-1.));
#4827 = ADVANCED_FACE('',(#4828),#4862,.T.);
#4828 = FACE_BOUND('',#4829,.T.);
#4829 = EDGE_LOOP('',(#4830,#4831,#4832,#4838,#4839,#4847,#4855,#4861));
#4830 = ORIENTED_EDGE('',*,*,#2002,.T.);
#4831 = ORIENTED_EDGE('',*,*,#3938,.T.);
#4832 = ORIENTED_EDGE('',*,*,#4833,.T.);
#4833 = EDGE_CURVE('',#3931,#4753,#4834,.T.);
#4834 = LINE('',#4835,#4836);
#4835 = CARTESIAN_POINT('',(-78.,220.,27.488377927749));
#4836 = VECTOR('',#4837,1.);
#4837 = DIRECTION('',(0.,0.,1.));
#4838 = ORIENTED_EDGE('',*,*,#4752,.T.);
#4839 = ORIENTED_EDGE('',*,*,#4840,.F.);
#4840 = EDGE_CURVE('',#4841,#4745,#4843,.T.);
#4841 = VERTEX_POINT('',#4842);
#4842 = CARTESIAN_POINT('',(-78.,224.815,14.04));
#4843 = LINE('',#4844,#4845);
#4844 = CARTESIAN_POINT('',(-78.,224.815,19.988377927749));
#4845 = VECTOR('',#4846,1.);
#4846 = DIRECTION('',(0.,-0.,1.));
#4847 = ORIENTED_EDGE('',*,*,#4848,.T.);
#4848 = EDGE_CURVE('',#4841,#4849,#4851,.T.);
#4849 = VERTEX_POINT('',#4850);
#4850 = CARTESIAN_POINT('',(-78.,220.,14.04));
#4851 = LINE('',#4852,#4853);
#4852 = CARTESIAN_POINT('',(-78.,188.90598915591,14.04));
#4853 = VECTOR('',#4854,1.);
#4854 = DIRECTION('',(0.,-1.,0.));
#4855 = ORIENTED_EDGE('',*,*,#4856,.T.);
#4856 = EDGE_CURVE('',#4849,#3541,#4857,.T.);
#4857 = LINE('',#4858,#4859);
#4858 = CARTESIAN_POINT('',(-78.,220.,27.488377927749));
#4859 = VECTOR('',#4860,1.);
#4860 = DIRECTION('',(0.,0.,1.));
#4861 = ORIENTED_EDGE('',*,*,#3540,.F.);
#4862 = PLANE('',#4863);
#4863 = AXIS2_PLACEMENT_3D('',#4864,#4865,#4866);
#4864 = CARTESIAN_POINT('',(-78.,210.8101698508,24.54));
#4865 = DIRECTION('',(-1.,-4.011808720954E-16,-0.));
#4866 = DIRECTION('',(4.011808720954E-16,-1.,0.));
#4867 = ADVANCED_FACE('',(#4868),#4886,.T.);
#4868 = FACE_BOUND('',#4869,.T.);
#4869 = EDGE_LOOP('',(#4870,#4878,#4884,#4885));
#4870 = ORIENTED_EDGE('',*,*,#4871,.F.);
#4871 = EDGE_CURVE('',#4872,#1891,#4874,.T.);
#4872 = VERTEX_POINT('',#4873);
#4873 = CARTESIAN_POINT('',(74.,-8.,35.04));
#4874 = LINE('',#4875,#4876);
#4875 = CARTESIAN_POINT('',(74.,24.,35.04));
#4876 = VECTOR('',#4877,1.);
#4877 = DIRECTION('',(-0.,1.,0.));
#4878 = ORIENTED_EDGE('',*,*,#4879,.T.);
#4879 = EDGE_CURVE('',#4872,#2860,#4880,.T.);
#4880 = LINE('',#4881,#4882);
#4881 = CARTESIAN_POINT('',(74.,-8.,35.04));
#4882 = VECTOR('',#4883,1.);
#4883 = DIRECTION('',(0.,0.,1.));
#4884 = ORIENTED_EDGE('',*,*,#2859,.T.);
#4885 = ORIENTED_EDGE('',*,*,#1898,.T.);
#4886 = PLANE('',#4887);
#4887 = AXIS2_PLACEMENT_3D('',#4888,#4889,#4890);
#4888 = CARTESIAN_POINT('',(74.,104.,37.29));
#4889 = DIRECTION('',(-1.,-0.,-0.));
#4890 = DIRECTION('',(0.,0.,-1.));
#4891 = ADVANCED_FACE('',(#4892),#4910,.T.);
#4892 = FACE_BOUND('',#4893,.T.);
#4893 = EDGE_LOOP('',(#4894,#4902,#4908,#4909));
#4894 = ORIENTED_EDGE('',*,*,#4895,.F.);
#4895 = EDGE_CURVE('',#4896,#1883,#4898,.T.);
#4896 = VERTEX_POINT('',#4897);
#4897 = CARTESIAN_POINT('',(74.057064471879,-8.,34.484444444444));
#4898 = LINE('',#4899,#4900);
#4899 = CARTESIAN_POINT('',(74.057064471879,24.,34.484444444444));
#4900 = VECTOR('',#4901,1.);
#4901 = DIRECTION('',(0.,1.,0.));
#4902 = ORIENTED_EDGE('',*,*,#4903,.T.);
#4903 = EDGE_CURVE('',#4896,#4872,#4904,.T.);
#4904 = LINE('',#4905,#4906);
#4905 = CARTESIAN_POINT('',(74.057064471879,-8.,34.484444444444));
#4906 = VECTOR('',#4907,1.);
#4907 = DIRECTION('',(-0.102178442416,0.,0.994766086025));
#4908 = ORIENTED_EDGE('',*,*,#4871,.T.);
#4909 = ORIENTED_EDGE('',*,*,#1890,.T.);
#4910 = PLANE('',#4911);
#4911 = AXIS2_PLACEMENT_3D('',#4912,#4913,#4914);
#4912 = CARTESIAN_POINT('',(74.02853223594,106.,34.762222222222));
#4913 = DIRECTION('',(-0.994766086025,-0.,-0.102178442416));
#4914 = DIRECTION('',(0.102178442416,0.,-0.994766086025));
#4915 = ADVANCED_FACE('',(#4916),#4934,.T.);
#4916 = FACE_BOUND('',#4917,.T.);
#4917 = EDGE_LOOP('',(#4918,#4926,#4932,#4933));
#4918 = ORIENTED_EDGE('',*,*,#4919,.F.);
#4919 = EDGE_CURVE('',#4920,#1875,#4922,.T.);
#4920 = VERTEX_POINT('',#4921);
#4921 = CARTESIAN_POINT('',(74.219478737997,-8.,33.928888888889));
#4922 = LINE('',#4923,#4924);
#4923 = CARTESIAN_POINT('',(74.219478737997,24.,33.928888888889));
#4924 = VECTOR('',#4925,1.);
#4925 = DIRECTION('',(0.,1.,0.));
#4926 = ORIENTED_EDGE('',*,*,#4927,.T.);
#4927 = EDGE_CURVE('',#4920,#4896,#4928,.T.);
#4928 = LINE('',#4929,#4930);
#4929 = CARTESIAN_POINT('',(74.219478737997,-8.,33.928888888889));
#4930 = VECTOR('',#4931,1.);
#4931 = DIRECTION('',(-0.280600582118,0.,0.959824626333));
#4932 = ORIENTED_EDGE('',*,*,#4895,.T.);
#4933 = ORIENTED_EDGE('',*,*,#1882,.T.);
#4934 = PLANE('',#4935);
#4935 = AXIS2_PLACEMENT_3D('',#4936,#4937,#4938);
#4936 = CARTESIAN_POINT('',(74.138271604938,106.,34.206666666667));
#4937 = DIRECTION('',(-0.959824626333,-0.,-0.280600582118));
#4938 = DIRECTION('',(0.280600582118,0.,-0.959824626333));
#4939 = ADVANCED_FACE('',(#4940),#4958,.T.);
#4940 = FACE_BOUND('',#4941,.T.);
#4941 = EDGE_LOOP('',(#4942,#4950,#4956,#4957));
#4942 = ORIENTED_EDGE('',*,*,#4943,.F.);
#4943 = EDGE_CURVE('',#4944,#1867,#4946,.T.);
#4944 = VERTEX_POINT('',#4945);
#4945 = CARTESIAN_POINT('',(74.474074074074,-8.,33.373333333333));
#4946 = LINE('',#4947,#4948);
#4947 = CARTESIAN_POINT('',(74.474074074074,24.,33.373333333333));
#4948 = VECTOR('',#4949,1.);
#4949 = DIRECTION('',(0.,1.,0.));
#4950 = ORIENTED_EDGE('',*,*,#4951,.T.);
#4951 = EDGE_CURVE('',#4944,#4920,#4952,.T.);
#4952 = LINE('',#4953,#4954);
#4953 = CARTESIAN_POINT('',(74.474074074074,-8.,33.373333333333));
#4954 = VECTOR('',#4955,1.);
#4955 = DIRECTION('',(-0.416608335402,0.,0.909086076713));
#4956 = ORIENTED_EDGE('',*,*,#4919,.T.);
#4957 = ORIENTED_EDGE('',*,*,#1874,.T.);
#4958 = PLANE('',#4959);
#4959 = AXIS2_PLACEMENT_3D('',#4960,#4961,#4962);
#4960 = CARTESIAN_POINT('',(74.346776406036,106.,33.651111111111));
#4961 = DIRECTION('',(-0.909086076713,-0.,-0.416608335402));
#4962 = DIRECTION('',(0.416608335402,0.,-0.909086076713));
#4963 = ADVANCED_FACE('',(#4964),#4982,.T.);
#4964 = FACE_BOUND('',#4965,.T.);
#4965 = EDGE_LOOP('',(#4966,#4974,#4980,#4981));
#4966 = ORIENTED_EDGE('',*,*,#4967,.F.);
#4967 = EDGE_CURVE('',#4968,#1859,#4970,.T.);
#4968 = VERTEX_POINT('',#4969);
#4969 = CARTESIAN_POINT('',(74.80768175583,-8.,32.817777777778));
#4970 = LINE('',#4971,#4972);
#4971 = CARTESIAN_POINT('',(74.80768175583,24.,32.817777777778));
#4972 = VECTOR('',#4973,1.);
#4973 = DIRECTION('',(0.,1.,0.));
#4974 = ORIENTED_EDGE('',*,*,#4975,.T.);
#4975 = EDGE_CURVE('',#4968,#4944,#4976,.T.);
#4976 = LINE('',#4977,#4978);
#4977 = CARTESIAN_POINT('',(74.80768175583,-8.,32.817777777778));
#4978 = VECTOR('',#4979,1.);
#4979 = DIRECTION('',(-0.514807016402,0.,0.857306092282));
#4980 = ORIENTED_EDGE('',*,*,#4943,.T.);
#4981 = ORIENTED_EDGE('',*,*,#1866,.T.);
#4982 = PLANE('',#4983);
#4983 = AXIS2_PLACEMENT_3D('',#4984,#4985,#4986);
#4984 = CARTESIAN_POINT('',(74.640877914952,106.,33.095555555556));
#4985 = DIRECTION('',(-0.857306092282,-0.,-0.514807016402));
#4986 = DIRECTION('',(0.514807016402,0.,-0.857306092282));
#4987 = ADVANCED_FACE('',(#4988),#5006,.T.);
#4988 = FACE_BOUND('',#4989,.T.);
#4989 = EDGE_LOOP('',(#4990,#4998,#5004,#5005));
#4990 = ORIENTED_EDGE('',*,*,#4991,.F.);
#4991 = EDGE_CURVE('',#4992,#1851,#4994,.T.);
#4992 = VERTEX_POINT('',#4993);
#4993 = CARTESIAN_POINT('',(75.207133058985,-8.,32.262222222222));
#4994 = LINE('',#4995,#4996);
#4995 = CARTESIAN_POINT('',(75.207133058985,24.,32.262222222222));
#4996 = VECTOR('',#4997,1.);
#4997 = DIRECTION('',(0.,1.,0.));
#4998 = ORIENTED_EDGE('',*,*,#4999,.T.);
#4999 = EDGE_CURVE('',#4992,#4968,#5000,.T.);
#5000 = LINE('',#5001,#5002);
#5001 = CARTESIAN_POINT('',(75.207133058985,-8.,32.262222222222));
#5002 = VECTOR('',#5003,1.);
#5003 = DIRECTION('',(-0.583776486487,0.,0.811914412869));
#5004 = ORIENTED_EDGE('',*,*,#4967,.T.);
#5005 = ORIENTED_EDGE('',*,*,#1858,.T.);
#5006 = PLANE('',#5007);
#5007 = AXIS2_PLACEMENT_3D('',#5008,#5009,#5010);
#5008 = CARTESIAN_POINT('',(75.007407407407,106.,32.54));
#5009 = DIRECTION('',(-0.811914412869,-0.,-0.583776486487));
#5010 = DIRECTION('',(0.583776486487,0.,-0.811914412869));
#5011 = ADVANCED_FACE('',(#5012),#5030,.T.);
#5012 = FACE_BOUND('',#5013,.T.);
#5013 = EDGE_LOOP('',(#5014,#5022,#5028,#5029));
#5014 = ORIENTED_EDGE('',*,*,#5015,.F.);
#5015 = EDGE_CURVE('',#5016,#1843,#5018,.T.);
#5016 = VERTEX_POINT('',#5017);
#5017 = CARTESIAN_POINT('',(75.659259259259,-8.,31.706666666667));
#5018 = LINE('',#5019,#5020);
#5019 = CARTESIAN_POINT('',(75.659259259259,24.,31.706666666667));
#5020 = VECTOR('',#5021,1.);
#5021 = DIRECTION('',(0.,1.,0.));
#5022 = ORIENTED_EDGE('',*,*,#5023,.T.);
#5023 = EDGE_CURVE('',#5016,#4992,#5024,.T.);
#5024 = LINE('',#5025,#5026);
#5025 = CARTESIAN_POINT('',(75.659259259259,-8.,31.706666666667));
#5026 = VECTOR('',#5027,1.);
#5027 = DIRECTION('',(-0.631212461229,0.,0.77560997208));
#5028 = ORIENTED_EDGE('',*,*,#4991,.T.);
#5029 = ORIENTED_EDGE('',*,*,#1850,.T.);
#5030 = PLANE('',#5031);
#5031 = AXIS2_PLACEMENT_3D('',#5032,#5033,#5034);
#5032 = CARTESIAN_POINT('',(75.433196159122,106.,31.984444444444));
#5033 = DIRECTION('',(-0.77560997208,-0.,-0.631212461229));
#5034 = DIRECTION('',(0.631212461229,0.,-0.77560997208));
#5035 = ADVANCED_FACE('',(#5036),#5054,.T.);
#5036 = FACE_BOUND('',#5037,.T.);
#5037 = EDGE_LOOP('',(#5038,#5046,#5052,#5053));
#5038 = ORIENTED_EDGE('',*,*,#5039,.F.);
#5039 = EDGE_CURVE('',#5040,#1835,#5042,.T.);
#5040 = VERTEX_POINT('',#5041);
#5041 = CARTESIAN_POINT('',(76.150891632373,-8.,31.151111111111));
#5042 = LINE('',#5043,#5044);
#5043 = CARTESIAN_POINT('',(76.150891632373,24.,31.151111111111));
#5044 = VECTOR('',#5045,1.);
#5045 = DIRECTION('',(0.,1.,0.));
#5046 = ORIENTED_EDGE('',*,*,#5047,.T.);
#5047 = EDGE_CURVE('',#5040,#5016,#5048,.T.);
#5048 = LINE('',#5049,#5050);
#5049 = CARTESIAN_POINT('',(76.150891632373,-8.,31.151111111111));
#5050 = VECTOR('',#5051,1.);
#5051 = DIRECTION('',(-0.662709521533,0.,0.748876551956));
#5052 = ORIENTED_EDGE('',*,*,#5015,.T.);
#5053 = ORIENTED_EDGE('',*,*,#1842,.T.);
#5054 = PLANE('',#5055);
#5055 = AXIS2_PLACEMENT_3D('',#5056,#5057,#5058);
#5056 = CARTESIAN_POINT('',(75.905075445816,106.,31.428888888889));
#5057 = DIRECTION('',(-0.748876551956,-0.,-0.662709521533));
#5058 = DIRECTION('',(0.662709521533,0.,-0.748876551956));
#5059 = ADVANCED_FACE('',(#5060),#5078,.T.);
#5060 = FACE_BOUND('',#5061,.T.);
#5061 = EDGE_LOOP('',(#5062,#5070,#5076,#5077));
#5062 = ORIENTED_EDGE('',*,*,#5063,.F.);
#5063 = EDGE_CURVE('',#5064,#1827,#5066,.T.);
#5064 = VERTEX_POINT('',#5065);
#5065 = CARTESIAN_POINT('',(76.668861454047,-8.,30.595555555556));
#5066 = LINE('',#5067,#5068);
#5067 = CARTESIAN_POINT('',(76.668861454047,24.,30.595555555556));
#5068 = VECTOR('',#5069,1.);
#5069 = DIRECTION('',(0.,1.,0.));
#5070 = ORIENTED_EDGE('',*,*,#5071,.T.);
#5071 = EDGE_CURVE('',#5064,#5040,#5072,.T.);
#5072 = LINE('',#5073,#5074);
#5073 = CARTESIAN_POINT('',(76.668861454047,-8.,30.595555555556));
#5074 = VECTOR('',#5075,1.);
#5075 = DIRECTION('',(-0.681932082106,0.,0.731415501199));
#5076 = ORIENTED_EDGE('',*,*,#5039,.T.);
#5077 = ORIENTED_EDGE('',*,*,#1834,.T.);
#5078 = PLANE('',#5079);
#5079 = AXIS2_PLACEMENT_3D('',#5080,#5081,#5082);
#5080 = CARTESIAN_POINT('',(76.40987654321,106.,30.873333333333));
#5081 = DIRECTION('',(-0.731415501199,-0.,-0.681932082106));
#5082 = DIRECTION('',(0.681932082106,0.,-0.731415501199));
#5083 = ADVANCED_FACE('',(#5084),#5102,.T.);
#5084 = FACE_BOUND('',#5085,.T.);
#5085 = EDGE_LOOP('',(#5086,#5094,#5100,#5101));
#5086 = ORIENTED_EDGE('',*,*,#5087,.F.);
#5087 = EDGE_CURVE('',#5088,#1819,#5090,.T.);
#5088 = VERTEX_POINT('',#5089);
#5089 = CARTESIAN_POINT('',(77.731138545953,-8.,29.484444444444));
#5090 = LINE('',#5091,#5092);
#5091 = CARTESIAN_POINT('',(77.731138545953,24.,29.484444444444));
#5092 = VECTOR('',#5093,1.);
#5093 = DIRECTION('',(0.,1.,0.));
#5094 = ORIENTED_EDGE('',*,*,#5095,.T.);
#5095 = EDGE_CURVE('',#5088,#5064,#5096,.T.);
#5096 = LINE('',#5097,#5098);
#5097 = CARTESIAN_POINT('',(77.2,-8.,30.04));
#5098 = VECTOR('',#5099,1.);
#5099 = DIRECTION('',(-0.691044328918,0.,0.722812379162));
#5100 = ORIENTED_EDGE('',*,*,#5063,.T.);
#5101 = ORIENTED_EDGE('',*,*,#1826,.T.);
#5102 = PLANE('',#5103);
#5103 = AXIS2_PLACEMENT_3D('',#5104,#5105,#5106);
#5104 = CARTESIAN_POINT('',(77.2,106.,30.04));
#5105 = DIRECTION('',(-0.722812379162,-0.,-0.691044328918));
#5106 = DIRECTION('',(0.691044328918,0.,-0.722812379162));
#5107 = ADVANCED_FACE('',(#5108),#5142,.T.);
#5108 = FACE_BOUND('',#5109,.T.);
#5109 = EDGE_LOOP('',(#5110,#5120,#5126,#5127,#5128,#5136));
#5110 = ORIENTED_EDGE('',*,*,#5111,.F.);
#5111 = EDGE_CURVE('',#5112,#5114,#5116,.T.);
#5112 = VERTEX_POINT('',#5113);
#5113 = CARTESIAN_POINT('',(78.249108367627,-8.,28.928888888889));
#5114 = VERTEX_POINT('',#5115);
#5115 = CARTESIAN_POINT('',(78.249108367627,220.,28.928888888889));
#5116 = LINE('',#5117,#5118);
#5117 = CARTESIAN_POINT('',(78.249108367627,24.,28.928888888889));
#5118 = VECTOR('',#5119,1.);
#5119 = DIRECTION('',(0.,1.,0.));
#5120 = ORIENTED_EDGE('',*,*,#5121,.T.);
#5121 = EDGE_CURVE('',#5112,#5088,#5122,.T.);
#5122 = LINE('',#5123,#5124);
#5123 = CARTESIAN_POINT('',(78.249108367627,-8.,28.928888888889));
#5124 = VECTOR('',#5125,1.);
#5125 = DIRECTION('',(-0.681932082106,0.,0.731415501199));
#5126 = ORIENTED_EDGE('',*,*,#5087,.T.);
#5127 = ORIENTED_EDGE('',*,*,#1818,.T.);
#5128 = ORIENTED_EDGE('',*,*,#5129,.F.);
#5129 = EDGE_CURVE('',#5130,#1811,#5132,.T.);
#5130 = VERTEX_POINT('',#5131);
#5131 = CARTESIAN_POINT('',(78.,220.,29.196073446328));
#5132 = LINE('',#5133,#5134);
#5133 = CARTESIAN_POINT('',(78.,148.29,29.196073446328));
#5134 = VECTOR('',#5135,1.);
#5135 = DIRECTION('',(0.,-1.,0.));
#5136 = ORIENTED_EDGE('',*,*,#5137,.F.);
#5137 = EDGE_CURVE('',#5114,#5130,#5138,.T.);
#5138 = LINE('',#5139,#5140);
#5139 = CARTESIAN_POINT('',(78.249108367627,220.,28.928888888889));
#5140 = VECTOR('',#5141,1.);
#5141 = DIRECTION('',(-0.681932082106,0.,0.731415501199));
#5142 = PLANE('',#5143);
#5143 = AXIS2_PLACEMENT_3D('',#5144,#5145,#5146);
#5144 = CARTESIAN_POINT('',(77.99012345679,106.,29.206666666667));
#5145 = DIRECTION('',(-0.731415501199,-0.,-0.681932082106));
#5146 = DIRECTION('',(0.681932082106,0.,-0.731415501199));
#5147 = ADVANCED_FACE('',(#5148),#5198,.T.);
#5148 = FACE_BOUND('',#5149,.T.);
#5149 = EDGE_LOOP('',(#5150,#5151,#5159,#5167,#5175,#5183,#5191,#5197));
#5150 = ORIENTED_EDGE('',*,*,#1810,.F.);
#5151 = ORIENTED_EDGE('',*,*,#5152,.T.);
#5152 = EDGE_CURVE('',#1803,#5153,#5155,.T.);
#5153 = VERTEX_POINT('',#5154);
#5154 = CARTESIAN_POINT('',(78.,220.,19.883926553672));
#5155 = LINE('',#5156,#5157);
#5156 = CARTESIAN_POINT('',(78.,159.48212792774,19.883926553672));
#5157 = VECTOR('',#5158,1.);
#5158 = DIRECTION('',(-0.,1.,0.));
#5159 = ORIENTED_EDGE('',*,*,#5160,.T.);
#5160 = EDGE_CURVE('',#5153,#5161,#5163,.T.);
#5161 = VERTEX_POINT('',#5162);
#5162 = CARTESIAN_POINT('',(78.,220.,14.04));
#5163 = LINE('',#5164,#5165);
#5164 = CARTESIAN_POINT('',(78.,220.,27.488377927749));
#5165 = VECTOR('',#5166,1.);
#5166 = DIRECTION('',(0.,0.,-1.));
#5167 = ORIENTED_EDGE('',*,*,#5168,.T.);
#5168 = EDGE_CURVE('',#5161,#5169,#5171,.T.);
#5169 = VERTEX_POINT('',#5170);
#5170 = CARTESIAN_POINT('',(78.,224.815,14.04));
#5171 = LINE('',#5172,#5173);
#5172 = CARTESIAN_POINT('',(78.,188.90598915591,14.04));
#5173 = VECTOR('',#5174,1.);
#5174 = DIRECTION('',(0.,1.,0.));
#5175 = ORIENTED_EDGE('',*,*,#5176,.F.);
#5176 = EDGE_CURVE('',#5177,#5169,#5179,.T.);
#5177 = VERTEX_POINT('',#5178);
#5178 = CARTESIAN_POINT('',(78.,224.815,35.04));
#5179 = LINE('',#5180,#5181);
#5180 = CARTESIAN_POINT('',(78.,224.815,19.988377927749));
#5181 = VECTOR('',#5182,1.);
#5182 = DIRECTION('',(0.,0.,-1.));
#5183 = ORIENTED_EDGE('',*,*,#5184,.T.);
#5184 = EDGE_CURVE('',#5177,#5185,#5187,.T.);
#5185 = VERTEX_POINT('',#5186);
#5186 = CARTESIAN_POINT('',(78.,220.,35.04));
#5187 = LINE('',#5188,#5189);
#5188 = CARTESIAN_POINT('',(78.,176.58385154991,35.04));
#5189 = VECTOR('',#5190,1.);
#5190 = DIRECTION('',(0.,-1.,0.));
#5191 = ORIENTED_EDGE('',*,*,#5192,.T.);
#5192 = EDGE_CURVE('',#5185,#5130,#5193,.T.);
#5193 = LINE('',#5194,#5195);
#5194 = CARTESIAN_POINT('',(78.,220.,27.488377927749));
#5195 = VECTOR('',#5196,1.);
#5196 = DIRECTION('',(0.,0.,-1.));
#5197 = ORIENTED_EDGE('',*,*,#5129,.T.);
#5198 = PLANE('',#5199);
#5199 = AXIS2_PLACEMENT_3D('',#5200,#5201,#5202);
#5200 = CARTESIAN_POINT('',(78.,210.8101698508,24.54));
#5201 = DIRECTION('',(1.,-4.011808720954E-16,0.));
#5202 = DIRECTION('',(4.011808720954E-16,1.,0.));
#5203 = ADVANCED_FACE('',(#5204),#5238,.T.);
#5204 = FACE_BOUND('',#5205,.T.);
#5205 = EDGE_LOOP('',(#5206,#5216,#5224,#5230,#5231,#5232));
#5206 = ORIENTED_EDGE('',*,*,#5207,.F.);
#5207 = EDGE_CURVE('',#5208,#5210,#5212,.T.);
#5208 = VERTEX_POINT('',#5209);
#5209 = CARTESIAN_POINT('',(78.249108367627,-8.,20.151111111111));
#5210 = VERTEX_POINT('',#5211);
#5211 = CARTESIAN_POINT('',(77.731138545953,-8.,19.595555555556));
#5212 = LINE('',#5213,#5214);
#5213 = CARTESIAN_POINT('',(78.249108367627,-8.,20.151111111111));
#5214 = VECTOR('',#5215,1.);
#5215 = DIRECTION('',(-0.681932082106,0.,-0.731415501199));
#5216 = ORIENTED_EDGE('',*,*,#5217,.T.);
#5217 = EDGE_CURVE('',#5208,#5218,#5220,.T.);
#5218 = VERTEX_POINT('',#5219);
#5219 = CARTESIAN_POINT('',(78.249108367627,220.,20.151111111111));
#5220 = LINE('',#5221,#5222);
#5221 = CARTESIAN_POINT('',(78.249108367627,24.,20.151111111111));
#5222 = VECTOR('',#5223,1.);
#5223 = DIRECTION('',(0.,1.,0.));
#5224 = ORIENTED_EDGE('',*,*,#5225,.T.);
#5225 = EDGE_CURVE('',#5218,#5153,#5226,.T.);
#5226 = LINE('',#5227,#5228);
#5227 = CARTESIAN_POINT('',(78.249108367627,220.,20.151111111111));
#5228 = VECTOR('',#5229,1.);
#5229 = DIRECTION('',(-0.681932082106,0.,-0.731415501199));
#5230 = ORIENTED_EDGE('',*,*,#5152,.F.);
#5231 = ORIENTED_EDGE('',*,*,#1802,.T.);
#5232 = ORIENTED_EDGE('',*,*,#5233,.F.);
#5233 = EDGE_CURVE('',#5210,#1795,#5234,.T.);
#5234 = LINE('',#5235,#5236);
#5235 = CARTESIAN_POINT('',(77.731138545953,24.,19.595555555556));
#5236 = VECTOR('',#5237,1.);
#5237 = DIRECTION('',(0.,1.,0.));
#5238 = PLANE('',#5239);
#5239 = AXIS2_PLACEMENT_3D('',#5240,#5241,#5242);
#5240 = CARTESIAN_POINT('',(77.99012345679,106.,19.873333333333));
#5241 = DIRECTION('',(-0.731415501199,-0.,0.681932082106));
#5242 = DIRECTION('',(-0.681932082106,0.,-0.731415501199));
#5243 = ADVANCED_FACE('',(#5244),#5262,.T.);
#5244 = FACE_BOUND('',#5245,.T.);
#5245 = EDGE_LOOP('',(#5246,#5254,#5255,#5256));
#5246 = ORIENTED_EDGE('',*,*,#5247,.F.);
#5247 = EDGE_CURVE('',#5210,#5248,#5250,.T.);
#5248 = VERTEX_POINT('',#5249);
#5249 = CARTESIAN_POINT('',(76.668861454047,-8.,18.484444444444));
#5250 = LINE('',#5251,#5252);
#5251 = CARTESIAN_POINT('',(77.731138545953,-8.,19.595555555556));
#5252 = VECTOR('',#5253,1.);
#5253 = DIRECTION('',(-0.691044328918,0.,-0.722812379162));
#5254 = ORIENTED_EDGE('',*,*,#5233,.T.);
#5255 = ORIENTED_EDGE('',*,*,#1794,.T.);
#5256 = ORIENTED_EDGE('',*,*,#5257,.F.);
#5257 = EDGE_CURVE('',#5248,#1787,#5258,.T.);
#5258 = LINE('',#5259,#5260);
#5259 = CARTESIAN_POINT('',(76.668861454047,-8.,18.484444444444));
#5260 = VECTOR('',#5261,1.);
#5261 = DIRECTION('',(0.,1.,0.));
#5262 = PLANE('',#5263);
#5263 = AXIS2_PLACEMENT_3D('',#5264,#5265,#5266);
#5264 = CARTESIAN_POINT('',(77.2,106.,19.04));
#5265 = DIRECTION('',(-0.722812379162,-0.,0.691044328918));
#5266 = DIRECTION('',(-0.691044328918,0.,-0.722812379162));
#5267 = ADVANCED_FACE('',(#5268),#5293,.T.);
#5268 = FACE_BOUND('',#5269,.T.);
#5269 = EDGE_LOOP('',(#5270,#5278,#5279,#5280,#5286,#5287));
#5270 = ORIENTED_EDGE('',*,*,#5271,.F.);
#5271 = EDGE_CURVE('',#5248,#5272,#5274,.T.);
#5272 = VERTEX_POINT('',#5273);
#5273 = CARTESIAN_POINT('',(76.217191769547,-8.,18.));
#5274 = LINE('',#5275,#5276);
#5275 = CARTESIAN_POINT('',(76.668861454047,-8.,18.484444444444));
#5276 = VECTOR('',#5277,1.);
#5277 = DIRECTION('',(-0.681932082106,0.,-0.731415501199));
#5278 = ORIENTED_EDGE('',*,*,#5257,.T.);
#5279 = ORIENTED_EDGE('',*,*,#1786,.T.);
#5280 = ORIENTED_EDGE('',*,*,#5281,.F.);
#5281 = EDGE_CURVE('',#2317,#1779,#5282,.T.);
#5282 = LINE('',#5283,#5284);
#5283 = CARTESIAN_POINT('',(76.150891632373,-8.,17.928888888889));
#5284 = VECTOR('',#5285,1.);
#5285 = DIRECTION('',(0.,1.,0.));
#5286 = ORIENTED_EDGE('',*,*,#2316,.T.);
#5287 = ORIENTED_EDGE('',*,*,#5288,.T.);
#5288 = EDGE_CURVE('',#2309,#5272,#5289,.T.);
#5289 = LINE('',#5290,#5291);
#5290 = CARTESIAN_POINT('',(76.217191769547,-8.,18.));
#5291 = VECTOR('',#5292,1.);
#5292 = DIRECTION('',(0.,-1.,0.));
#5293 = PLANE('',#5294);
#5294 = AXIS2_PLACEMENT_3D('',#5295,#5296,#5297);
#5295 = CARTESIAN_POINT('',(76.41364426236,106.0055250651,
    18.210707784929));
#5296 = DIRECTION('',(-0.731415501199,-0.,0.681932082106));
#5297 = DIRECTION('',(-0.681932082106,0.,-0.731415501199));
#5298 = ADVANCED_FACE('',(#5299),#5310,.T.);
#5299 = FACE_BOUND('',#5300,.T.);
#5300 = EDGE_LOOP('',(#5301,#5307,#5308,#5309));
#5301 = ORIENTED_EDGE('',*,*,#5302,.F.);
#5302 = EDGE_CURVE('',#2325,#1771,#5303,.T.);
#5303 = LINE('',#5304,#5305);
#5304 = CARTESIAN_POINT('',(75.659259259259,-8.,17.373333333333));
#5305 = VECTOR('',#5306,1.);
#5306 = DIRECTION('',(0.,1.,0.));
#5307 = ORIENTED_EDGE('',*,*,#2324,.T.);
#5308 = ORIENTED_EDGE('',*,*,#5281,.T.);
#5309 = ORIENTED_EDGE('',*,*,#1778,.T.);
#5310 = PLANE('',#5311);
#5311 = AXIS2_PLACEMENT_3D('',#5312,#5313,#5314);
#5312 = CARTESIAN_POINT('',(75.905075445816,119.,17.651111111111));
#5313 = DIRECTION('',(-0.748876551956,-0.,0.662709521533));
#5314 = DIRECTION('',(-0.662709521533,0.,-0.748876551956));
#5315 = ADVANCED_FACE('',(#5316),#5327,.T.);
#5316 = FACE_BOUND('',#5317,.T.);
#5317 = EDGE_LOOP('',(#5318,#5324,#5325,#5326));
#5318 = ORIENTED_EDGE('',*,*,#5319,.F.);
#5319 = EDGE_CURVE('',#2333,#1763,#5320,.T.);
#5320 = LINE('',#5321,#5322);
#5321 = CARTESIAN_POINT('',(75.207133058985,-8.,16.817777777778));
#5322 = VECTOR('',#5323,1.);
#5323 = DIRECTION('',(0.,1.,0.));
#5324 = ORIENTED_EDGE('',*,*,#2332,.T.);
#5325 = ORIENTED_EDGE('',*,*,#5302,.T.);
#5326 = ORIENTED_EDGE('',*,*,#1770,.T.);
#5327 = PLANE('',#5328);
#5328 = AXIS2_PLACEMENT_3D('',#5329,#5330,#5331);
#5329 = CARTESIAN_POINT('',(75.433196159122,119.,17.095555555556));
#5330 = DIRECTION('',(-0.77560997208,-0.,0.631212461229));
#5331 = DIRECTION('',(-0.631212461229,0.,-0.77560997208));
#5332 = ADVANCED_FACE('',(#5333),#5344,.T.);
#5333 = FACE_BOUND('',#5334,.T.);
#5334 = EDGE_LOOP('',(#5335,#5341,#5342,#5343));
#5335 = ORIENTED_EDGE('',*,*,#5336,.F.);
#5336 = EDGE_CURVE('',#2341,#1755,#5337,.T.);
#5337 = LINE('',#5338,#5339);
#5338 = CARTESIAN_POINT('',(74.80768175583,-8.,16.262222222222));
#5339 = VECTOR('',#5340,1.);
#5340 = DIRECTION('',(0.,1.,0.));
#5341 = ORIENTED_EDGE('',*,*,#2340,.T.);
#5342 = ORIENTED_EDGE('',*,*,#5319,.T.);
#5343 = ORIENTED_EDGE('',*,*,#1762,.T.);
#5344 = PLANE('',#5345);
#5345 = AXIS2_PLACEMENT_3D('',#5346,#5347,#5348);
#5346 = CARTESIAN_POINT('',(75.007407407407,119.,16.54));
#5347 = DIRECTION('',(-0.811914412869,-0.,0.583776486487));
#5348 = DIRECTION('',(-0.583776486487,0.,-0.811914412869));
#5349 = ADVANCED_FACE('',(#5350),#5361,.T.);
#5350 = FACE_BOUND('',#5351,.T.);
#5351 = EDGE_LOOP('',(#5352,#5358,#5359,#5360));
#5352 = ORIENTED_EDGE('',*,*,#5353,.F.);
#5353 = EDGE_CURVE('',#2349,#1747,#5354,.T.);
#5354 = LINE('',#5355,#5356);
#5355 = CARTESIAN_POINT('',(74.474074074074,-8.,15.706666666667));
#5356 = VECTOR('',#5357,1.);
#5357 = DIRECTION('',(0.,1.,0.));
#5358 = ORIENTED_EDGE('',*,*,#2348,.T.);
#5359 = ORIENTED_EDGE('',*,*,#5336,.T.);
#5360 = ORIENTED_EDGE('',*,*,#1754,.T.);
#5361 = PLANE('',#5362);
#5362 = AXIS2_PLACEMENT_3D('',#5363,#5364,#5365);
#5363 = CARTESIAN_POINT('',(74.640877914952,119.,15.984444444444));
#5364 = DIRECTION('',(-0.857306092282,-0.,0.514807016402));
#5365 = DIRECTION('',(-0.514807016402,0.,-0.857306092282));
#5366 = ADVANCED_FACE('',(#5367),#5378,.T.);
#5367 = FACE_BOUND('',#5368,.T.);
#5368 = EDGE_LOOP('',(#5369,#5375,#5376,#5377));
#5369 = ORIENTED_EDGE('',*,*,#5370,.F.);
#5370 = EDGE_CURVE('',#2357,#1739,#5371,.T.);
#5371 = LINE('',#5372,#5373);
#5372 = CARTESIAN_POINT('',(74.219478737997,-8.,15.151111111111));
#5373 = VECTOR('',#5374,1.);
#5374 = DIRECTION('',(0.,1.,0.));
#5375 = ORIENTED_EDGE('',*,*,#2356,.T.);
#5376 = ORIENTED_EDGE('',*,*,#5353,.T.);
#5377 = ORIENTED_EDGE('',*,*,#1746,.T.);
#5378 = PLANE('',#5379);
#5379 = AXIS2_PLACEMENT_3D('',#5380,#5381,#5382);
#5380 = CARTESIAN_POINT('',(74.346776406036,119.,15.428888888889));
#5381 = DIRECTION('',(-0.909086076713,-0.,0.416608335402));
#5382 = DIRECTION('',(-0.416608335402,0.,-0.909086076713));
#5383 = ADVANCED_FACE('',(#5384),#5395,.T.);
#5384 = FACE_BOUND('',#5385,.T.);
#5385 = EDGE_LOOP('',(#5386,#5392,#5393,#5394));
#5386 = ORIENTED_EDGE('',*,*,#5387,.F.);
#5387 = EDGE_CURVE('',#2365,#1731,#5388,.T.);
#5388 = LINE('',#5389,#5390);
#5389 = CARTESIAN_POINT('',(74.057064471879,-8.,14.595555555556));
#5390 = VECTOR('',#5391,1.);
#5391 = DIRECTION('',(0.,1.,0.));
#5392 = ORIENTED_EDGE('',*,*,#2364,.T.);
#5393 = ORIENTED_EDGE('',*,*,#5370,.T.);
#5394 = ORIENTED_EDGE('',*,*,#1738,.T.);
#5395 = PLANE('',#5396);
#5396 = AXIS2_PLACEMENT_3D('',#5397,#5398,#5399);
#5397 = CARTESIAN_POINT('',(74.138271604938,119.,14.873333333333));
#5398 = DIRECTION('',(-0.959824626333,-0.,0.280600582118));
#5399 = DIRECTION('',(-0.280600582118,0.,-0.959824626333));
#5400 = ADVANCED_FACE('',(#5401),#5407,.T.);
#5401 = FACE_BOUND('',#5402,.T.);
#5402 = EDGE_LOOP('',(#5403,#5404,#5405,#5406));
#5403 = ORIENTED_EDGE('',*,*,#2467,.F.);
#5404 = ORIENTED_EDGE('',*,*,#2372,.T.);
#5405 = ORIENTED_EDGE('',*,*,#5387,.T.);
#5406 = ORIENTED_EDGE('',*,*,#1730,.T.);
#5407 = PLANE('',#5408);
#5408 = AXIS2_PLACEMENT_3D('',#5409,#5410,#5411);
#5409 = CARTESIAN_POINT('',(74.02853223594,119.,14.317777777778));
#5410 = DIRECTION('',(-0.994766086025,-0.,0.102178442416));
#5411 = DIRECTION('',(-0.102178442416,0.,-0.994766086025));
#5412 = ADVANCED_FACE('',(#5413),#5431,.T.);
#5413 = FACE_BOUND('',#5414,.T.);
#5414 = EDGE_LOOP('',(#5415,#5421,#5422,#5423,#5424,#5430));
#5415 = ORIENTED_EDGE('',*,*,#5416,.T.);
#5416 = EDGE_CURVE('',#2572,#2508,#5417,.T.);
#5417 = LINE('',#5418,#5419);
#5418 = CARTESIAN_POINT('',(70.6,202.4475,14.));
#5419 = VECTOR('',#5420,1.);
#5420 = DIRECTION('',(-0.,1.,0.));
#5421 = ORIENTED_EDGE('',*,*,#2507,.F.);
#5422 = ORIENTED_EDGE('',*,*,#2474,.F.);
#5423 = ORIENTED_EDGE('',*,*,#1714,.F.);
#5424 = ORIENTED_EDGE('',*,*,#5425,.T.);
#5425 = EDGE_CURVE('',#1707,#2580,#5426,.T.);
#5426 = LINE('',#5427,#5428);
#5427 = CARTESIAN_POINT('',(70.4,190.58,14.));
#5428 = VECTOR('',#5429,1.);
#5429 = DIRECTION('',(-0.,1.,0.));
#5430 = ORIENTED_EDGE('',*,*,#2579,.F.);
#5431 = PLANE('',#5432);
#5432 = AXIS2_PLACEMENT_3D('',#5433,#5434,#5435);
#5433 = CARTESIAN_POINT('',(72.287250172295,203.2027498277,14.));
#5434 = DIRECTION('',(-0.,-0.,-1.));
#5435 = DIRECTION('',(-1.,0.,0.));
#5436 = ADVANCED_FACE('',(#5437),#5496,.T.);
#5437 = FACE_BOUND('',#5438,.T.);
#5438 = EDGE_LOOP('',(#5439,#5440,#5441,#5449,#5455,#5456,#5457,#5465,
    #5473,#5481,#5489,#5495));
#5439 = ORIENTED_EDGE('',*,*,#5425,.F.);
#5440 = ORIENTED_EDGE('',*,*,#1706,.T.);
#5441 = ORIENTED_EDGE('',*,*,#5442,.F.);
#5442 = EDGE_CURVE('',#5443,#1699,#5445,.T.);
#5443 = VERTEX_POINT('',#5444);
#5444 = CARTESIAN_POINT('',(70.4,214.315,33.54));
#5445 = LINE('',#5446,#5447);
#5446 = CARTESIAN_POINT('',(70.4,202.3975,33.54));
#5447 = VECTOR('',#5448,1.);
#5448 = DIRECTION('',(0.,-1.,0.));
#5449 = ORIENTED_EDGE('',*,*,#5450,.T.);
#5450 = EDGE_CURVE('',#5443,#2876,#5451,.T.);
#5451 = LINE('',#5452,#5453);
#5452 = CARTESIAN_POINT('',(70.4,214.315,15.6));
#5453 = VECTOR('',#5454,1.);
#5454 = DIRECTION('',(0.,0.,1.));
#5455 = ORIENTED_EDGE('',*,*,#2875,.T.);
#5456 = ORIENTED_EDGE('',*,*,#2164,.F.);
#5457 = ORIENTED_EDGE('',*,*,#5458,.T.);
#5458 = EDGE_CURVE('',#2157,#5459,#5461,.T.);
#5459 = VERTEX_POINT('',#5460);
#5460 = CARTESIAN_POINT('',(70.4,220.5,14.2));
#5461 = LINE('',#5462,#5463);
#5462 = CARTESIAN_POINT('',(70.4,202.4475,14.2));
#5463 = VECTOR('',#5464,1.);
#5464 = DIRECTION('',(0.,-1.,0.));
#5465 = ORIENTED_EDGE('',*,*,#5466,.F.);
#5466 = EDGE_CURVE('',#5467,#5459,#5469,.T.);
#5467 = VERTEX_POINT('',#5468);
#5468 = CARTESIAN_POINT('',(70.4,220.5,15.6));
#5469 = LINE('',#5470,#5471);
#5470 = CARTESIAN_POINT('',(70.4,220.5,14.02));
#5471 = VECTOR('',#5472,1.);
#5472 = DIRECTION('',(-0.,0.,-1.));
#5473 = ORIENTED_EDGE('',*,*,#5474,.F.);
#5474 = EDGE_CURVE('',#5475,#5467,#5477,.T.);
#5475 = VERTEX_POINT('',#5476);
#5476 = CARTESIAN_POINT('',(70.4,216.,15.6));
#5477 = LINE('',#5478,#5479);
#5478 = CARTESIAN_POINT('',(70.4,214.315,15.6));
#5479 = VECTOR('',#5480,1.);
#5480 = DIRECTION('',(-0.,1.,0.));
#5481 = ORIENTED_EDGE('',*,*,#5482,.F.);
#5482 = EDGE_CURVE('',#5483,#5475,#5485,.T.);
#5483 = VERTEX_POINT('',#5484);
#5484 = CARTESIAN_POINT('',(70.4,216.,14.2));
#5485 = LINE('',#5486,#5487);
#5486 = CARTESIAN_POINT('',(70.4,216.,19.27));
#5487 = VECTOR('',#5488,1.);
#5488 = DIRECTION('',(0.,-0.,1.));
#5489 = ORIENTED_EDGE('',*,*,#5490,.F.);
#5490 = EDGE_CURVE('',#2588,#5483,#5491,.T.);
#5491 = LINE('',#5492,#5493);
#5492 = CARTESIAN_POINT('',(70.4,190.63,14.2));
#5493 = VECTOR('',#5494,1.);
#5494 = DIRECTION('',(-0.,1.,0.));
#5495 = ORIENTED_EDGE('',*,*,#2587,.F.);
#5496 = PLANE('',#5497);
#5497 = AXIS2_PLACEMENT_3D('',#5498,#5499,#5500);
#5498 = CARTESIAN_POINT('',(70.4,210.5402961165,25.512687378641));
#5499 = DIRECTION('',(-1.,-0.,-0.));
#5500 = DIRECTION('',(0.,0.,-1.));
#5501 = ADVANCED_FACE('',(#5502),#5527,.F.);
#5502 = FACE_BOUND('',#5503,.F.);
#5503 = EDGE_LOOP('',(#5504,#5510,#5511,#5512,#5520,#5526));
#5504 = ORIENTED_EDGE('',*,*,#5505,.F.);
#5505 = EDGE_CURVE('',#1690,#2644,#5506,.T.);
#5506 = LINE('',#5507,#5508);
#5507 = CARTESIAN_POINT('',(47.325260557006,190.18,33.54));
#5508 = VECTOR('',#5509,1.);
#5509 = DIRECTION('',(0.,1.,0.));
#5510 = ORIENTED_EDGE('',*,*,#1698,.T.);
#5511 = ORIENTED_EDGE('',*,*,#5442,.F.);
#5512 = ORIENTED_EDGE('',*,*,#5513,.T.);
#5513 = EDGE_CURVE('',#5443,#5514,#5516,.T.);
#5514 = VERTEX_POINT('',#5515);
#5515 = CARTESIAN_POINT('',(53.,214.315,33.54));
#5516 = LINE('',#5517,#5518);
#5517 = CARTESIAN_POINT('',(-74.2,214.315,33.54));
#5518 = VECTOR('',#5519,1.);
#5519 = DIRECTION('',(-1.,-0.,0.));
#5520 = ORIENTED_EDGE('',*,*,#5521,.F.);
#5521 = EDGE_CURVE('',#2636,#5514,#5522,.T.);
#5522 = LINE('',#5523,#5524);
#5523 = CARTESIAN_POINT('',(53.,190.63,33.54));
#5524 = VECTOR('',#5525,1.);
#5525 = DIRECTION('',(-0.,1.,0.));
#5526 = ORIENTED_EDGE('',*,*,#2643,.T.);
#5527 = PLANE('',#5528);
#5528 = AXIS2_PLACEMENT_3D('',#5529,#5530,#5531);
#5529 = CARTESIAN_POINT('',(-78.,190.58,33.54));
#5530 = DIRECTION('',(0.,0.,1.));
#5531 = DIRECTION('',(1.,0.,-0.));
#5532 = ADVANCED_FACE('',(#5533),#5561,.F.);
#5533 = FACE_BOUND('',#5534,.F.);
#5534 = EDGE_LOOP('',(#5535,#5544,#5550,#5551,#5552,#5553,#5559,#5560));
#5535 = ORIENTED_EDGE('',*,*,#5536,.F.);
#5536 = EDGE_CURVE('',#5537,#5537,#5539,.T.);
#5537 = VERTEX_POINT('',#5538);
#5538 = CARTESIAN_POINT('',(42.,198.065,36.9));
#5539 = CIRCLE('',#5540,5.9);
#5540 = AXIS2_PLACEMENT_3D('',#5541,#5542,#5543);
#5541 = CARTESIAN_POINT('',(42.,198.065,31.));
#5542 = DIRECTION('',(0.,1.,0.));
#5543 = DIRECTION('',(0.,-0.,1.));
#5544 = ORIENTED_EDGE('',*,*,#5545,.F.);
#5545 = EDGE_CURVE('',#1681,#5537,#5546,.T.);
#5546 = LINE('',#5547,#5548);
#5547 = CARTESIAN_POINT('',(42.,190.18,36.9));
#5548 = VECTOR('',#5549,1.);
#5549 = DIRECTION('',(0.,1.,0.));
#5550 = ORIENTED_EDGE('',*,*,#1689,.T.);
#5551 = ORIENTED_EDGE('',*,*,#5505,.T.);
#5552 = ORIENTED_EDGE('',*,*,#2651,.T.);
#5553 = ORIENTED_EDGE('',*,*,#5554,.F.);
#5554 = EDGE_CURVE('',#1673,#2652,#5555,.T.);
#5555 = LINE('',#5556,#5557);
#5556 = CARTESIAN_POINT('',(36.674739442994,190.18,33.54));
#5557 = VECTOR('',#5558,1.);
#5558 = DIRECTION('',(0.,1.,0.));
#5559 = ORIENTED_EDGE('',*,*,#1680,.T.);
#5560 = ORIENTED_EDGE('',*,*,#5545,.T.);
#5561 = CYLINDRICAL_SURFACE('',#5562,5.9);
#5562 = AXIS2_PLACEMENT_3D('',#5563,#5564,#5565);
#5563 = CARTESIAN_POINT('',(42.,190.18,31.));
#5564 = DIRECTION('',(0.,1.,0.));
#5565 = DIRECTION('',(0.,-0.,1.));
#5566 = ADVANCED_FACE('',(#5567),#5601,.F.);
#5567 = FACE_BOUND('',#5568,.F.);
#5568 = EDGE_LOOP('',(#5569,#5577,#5578,#5584,#5585,#5586,#5587,#5595));
#5569 = ORIENTED_EDGE('',*,*,#5570,.F.);
#5570 = EDGE_CURVE('',#2717,#5571,#5573,.T.);
#5571 = VERTEX_POINT('',#5572);
#5572 = CARTESIAN_POINT('',(-31.,214.315,33.54));
#5573 = LINE('',#5574,#5575);
#5574 = CARTESIAN_POINT('',(-31.,190.63,33.54));
#5575 = VECTOR('',#5576,1.);
#5576 = DIRECTION('',(-0.,1.,0.));
#5577 = ORIENTED_EDGE('',*,*,#2724,.T.);
#5578 = ORIENTED_EDGE('',*,*,#5579,.F.);
#5579 = EDGE_CURVE('',#1664,#2725,#5580,.T.);
#5580 = LINE('',#5581,#5582);
#5581 = CARTESIAN_POINT('',(-36.67473944299,190.18,33.54));
#5582 = VECTOR('',#5583,1.);
#5583 = DIRECTION('',(0.,1.,0.));
#5584 = ORIENTED_EDGE('',*,*,#1672,.T.);
#5585 = ORIENTED_EDGE('',*,*,#5554,.T.);
#5586 = ORIENTED_EDGE('',*,*,#2660,.T.);
#5587 = ORIENTED_EDGE('',*,*,#5588,.T.);
#5588 = EDGE_CURVE('',#2661,#5589,#5591,.T.);
#5589 = VERTEX_POINT('',#5590);
#5590 = CARTESIAN_POINT('',(31.,214.315,33.54));
#5591 = LINE('',#5592,#5593);
#5592 = CARTESIAN_POINT('',(31.,190.63,33.54));
#5593 = VECTOR('',#5594,1.);
#5594 = DIRECTION('',(-0.,1.,0.));
#5595 = ORIENTED_EDGE('',*,*,#5596,.T.);
#5596 = EDGE_CURVE('',#5589,#5571,#5597,.T.);
#5597 = LINE('',#5598,#5599);
#5598 = CARTESIAN_POINT('',(-74.2,214.315,33.54));
#5599 = VECTOR('',#5600,1.);
#5600 = DIRECTION('',(-1.,-0.,0.));
#5601 = PLANE('',#5602);
#5602 = AXIS2_PLACEMENT_3D('',#5603,#5604,#5605);
#5603 = CARTESIAN_POINT('',(-78.,190.58,33.54));
#5604 = DIRECTION('',(0.,0.,1.));
#5605 = DIRECTION('',(1.,0.,-0.));
#5606 = ADVANCED_FACE('',(#5607),#5635,.F.);
#5607 = FACE_BOUND('',#5608,.F.);
#5608 = EDGE_LOOP('',(#5609,#5618,#5624,#5625,#5626,#5627,#5633,#5634));
#5609 = ORIENTED_EDGE('',*,*,#5610,.F.);
#5610 = EDGE_CURVE('',#5611,#5611,#5613,.T.);
#5611 = VERTEX_POINT('',#5612);
#5612 = CARTESIAN_POINT('',(-42.,198.065,36.9));
#5613 = CIRCLE('',#5614,5.9);
#5614 = AXIS2_PLACEMENT_3D('',#5615,#5616,#5617);
#5615 = CARTESIAN_POINT('',(-42.,198.065,31.));
#5616 = DIRECTION('',(0.,1.,0.));
#5617 = DIRECTION('',(0.,-0.,1.));
#5618 = ORIENTED_EDGE('',*,*,#5619,.F.);
#5619 = EDGE_CURVE('',#1655,#5611,#5620,.T.);
#5620 = LINE('',#5621,#5622);
#5621 = CARTESIAN_POINT('',(-42.,190.18,36.9));
#5622 = VECTOR('',#5623,1.);
#5623 = DIRECTION('',(0.,1.,0.));
#5624 = ORIENTED_EDGE('',*,*,#1663,.T.);
#5625 = ORIENTED_EDGE('',*,*,#5579,.T.);
#5626 = ORIENTED_EDGE('',*,*,#2732,.T.);
#5627 = ORIENTED_EDGE('',*,*,#5628,.F.);
#5628 = EDGE_CURVE('',#1647,#2733,#5629,.T.);
#5629 = LINE('',#5630,#5631);
#5630 = CARTESIAN_POINT('',(-47.325260557,190.18,33.54));
#5631 = VECTOR('',#5632,1.);
#5632 = DIRECTION('',(0.,1.,0.));
#5633 = ORIENTED_EDGE('',*,*,#1654,.T.);
#5634 = ORIENTED_EDGE('',*,*,#5619,.T.);
#5635 = CYLINDRICAL_SURFACE('',#5636,5.9);
#5636 = AXIS2_PLACEMENT_3D('',#5637,#5638,#5639);
#5637 = CARTESIAN_POINT('',(-42.,190.18,31.));
#5638 = DIRECTION('',(0.,1.,0.));
#5639 = DIRECTION('',(0.,-0.,1.));
#5640 = ADVANCED_FACE('',(#5641),#5668,.F.);
#5641 = FACE_BOUND('',#5642,.F.);
#5642 = EDGE_LOOP('',(#5643,#5651,#5659,#5665,#5666,#5667));
#5643 = ORIENTED_EDGE('',*,*,#5644,.T.);
#5644 = EDGE_CURVE('',#2742,#5645,#5647,.T.);
#5645 = VERTEX_POINT('',#5646);
#5646 = CARTESIAN_POINT('',(-53.,214.315,33.54));
#5647 = LINE('',#5648,#5649);
#5648 = CARTESIAN_POINT('',(-53.,190.63,33.54));
#5649 = VECTOR('',#5650,1.);
#5650 = DIRECTION('',(-0.,1.,0.));
#5651 = ORIENTED_EDGE('',*,*,#5652,.T.);
#5652 = EDGE_CURVE('',#5645,#5653,#5655,.T.);
#5653 = VERTEX_POINT('',#5654);
#5654 = CARTESIAN_POINT('',(-70.4,214.315,33.54));
#5655 = LINE('',#5656,#5657);
#5656 = CARTESIAN_POINT('',(-74.2,214.315,33.54));
#5657 = VECTOR('',#5658,1.);
#5658 = DIRECTION('',(-1.,-0.,0.));
#5659 = ORIENTED_EDGE('',*,*,#5660,.F.);
#5660 = EDGE_CURVE('',#1639,#5653,#5661,.T.);
#5661 = LINE('',#5662,#5663);
#5662 = CARTESIAN_POINT('',(-70.4,190.58,33.54));
#5663 = VECTOR('',#5664,1.);
#5664 = DIRECTION('',(-0.,1.,0.));
#5665 = ORIENTED_EDGE('',*,*,#1646,.T.);
#5666 = ORIENTED_EDGE('',*,*,#5628,.T.);
#5667 = ORIENTED_EDGE('',*,*,#2741,.T.);
#5668 = PLANE('',#5669);
#5669 = AXIS2_PLACEMENT_3D('',#5670,#5671,#5672);
#5670 = CARTESIAN_POINT('',(-78.,190.58,33.54));
#5671 = DIRECTION('',(0.,0.,1.));
#5672 = DIRECTION('',(1.,0.,-0.));
#5673 = ADVANCED_FACE('',(#5674),#5726,.T.);
#5674 = FACE_BOUND('',#5675,.T.);
#5675 = EDGE_LOOP('',(#5676,#5677,#5678,#5679,#5687,#5695,#5703,#5711,
    #5717,#5718,#5719,#5725));
#5676 = ORIENTED_EDGE('',*,*,#1638,.F.);
#5677 = ORIENTED_EDGE('',*,*,#2058,.T.);
#5678 = ORIENTED_EDGE('',*,*,#2797,.T.);
#5679 = ORIENTED_EDGE('',*,*,#5680,.F.);
#5680 = EDGE_CURVE('',#5681,#2790,#5683,.T.);
#5681 = VERTEX_POINT('',#5682);
#5682 = CARTESIAN_POINT('',(-70.4,216.,14.2));
#5683 = LINE('',#5684,#5685);
#5684 = CARTESIAN_POINT('',(-70.4,202.4475,14.2));
#5685 = VECTOR('',#5686,1.);
#5686 = DIRECTION('',(0.,-1.,0.));
#5687 = ORIENTED_EDGE('',*,*,#5688,.T.);
#5688 = EDGE_CURVE('',#5681,#5689,#5691,.T.);
#5689 = VERTEX_POINT('',#5690);
#5690 = CARTESIAN_POINT('',(-70.4,216.,15.6));
#5691 = LINE('',#5692,#5693);
#5692 = CARTESIAN_POINT('',(-70.4,216.,19.27));
#5693 = VECTOR('',#5694,1.);
#5694 = DIRECTION('',(0.,-0.,1.));
#5695 = ORIENTED_EDGE('',*,*,#5696,.T.);
#5696 = EDGE_CURVE('',#5689,#5697,#5699,.T.);
#5697 = VERTEX_POINT('',#5698);
#5698 = CARTESIAN_POINT('',(-70.4,220.5,15.6));
#5699 = LINE('',#5700,#5701);
#5700 = CARTESIAN_POINT('',(-70.4,214.315,15.6));
#5701 = VECTOR('',#5702,1.);
#5702 = DIRECTION('',(-0.,1.,0.));
#5703 = ORIENTED_EDGE('',*,*,#5704,.T.);
#5704 = EDGE_CURVE('',#5697,#5705,#5707,.T.);
#5705 = VERTEX_POINT('',#5706);
#5706 = CARTESIAN_POINT('',(-70.4,220.5,14.2));
#5707 = LINE('',#5708,#5709);
#5708 = CARTESIAN_POINT('',(-70.4,220.5,14.02));
#5709 = VECTOR('',#5710,1.);
#5710 = DIRECTION('',(-0.,0.,-1.));
#5711 = ORIENTED_EDGE('',*,*,#5712,.F.);
#5712 = EDGE_CURVE('',#2117,#5705,#5713,.T.);
#5713 = LINE('',#5714,#5715);
#5714 = CARTESIAN_POINT('',(-70.4,202.4475,14.2));
#5715 = VECTOR('',#5716,1.);
#5716 = DIRECTION('',(0.,-1.,0.));
#5717 = ORIENTED_EDGE('',*,*,#2116,.F.);
#5718 = ORIENTED_EDGE('',*,*,#2891,.F.);
#5719 = ORIENTED_EDGE('',*,*,#5720,.F.);
#5720 = EDGE_CURVE('',#5653,#2884,#5721,.T.);
#5721 = LINE('',#5722,#5723);
#5722 = CARTESIAN_POINT('',(-70.4,214.315,15.6));
#5723 = VECTOR('',#5724,1.);
#5724 = DIRECTION('',(0.,0.,1.));
#5725 = ORIENTED_EDGE('',*,*,#5660,.F.);
#5726 = PLANE('',#5727);
#5727 = AXIS2_PLACEMENT_3D('',#5728,#5729,#5730);
#5728 = CARTESIAN_POINT('',(-70.4,210.5402961165,25.512687378641));
#5729 = DIRECTION('',(1.,0.,0.));
#5730 = DIRECTION('',(-0.,0.,1.));
#5731 = ADVANCED_FACE('',(#5732),#5743,.F.);
#5732 = FACE_BOUND('',#5733,.F.);
#5733 = EDGE_LOOP('',(#5734,#5735,#5736,#5742));
#5734 = ORIENTED_EDGE('',*,*,#2042,.T.);
#5735 = ORIENTED_EDGE('',*,*,#2804,.F.);
#5736 = ORIENTED_EDGE('',*,*,#5737,.T.);
#5737 = EDGE_CURVE('',#2805,#2084,#5738,.T.);
#5738 = LINE('',#5739,#5740);
#5739 = CARTESIAN_POINT('',(-70.6,190.68,13.8));
#5740 = VECTOR('',#5741,1.);
#5741 = DIRECTION('',(-0.,1.,0.));
#5742 = ORIENTED_EDGE('',*,*,#2091,.T.);
#5743 = PLANE('',#5744);
#5744 = AXIS2_PLACEMENT_3D('',#5745,#5746,#5747);
#5745 = CARTESIAN_POINT('',(-70.6,190.68,13.8));
#5746 = DIRECTION('',(1.,0.,-0.));
#5747 = DIRECTION('',(0.,0.,1.));
#5748 = ADVANCED_FACE('',(#5749),#5755,.F.);
#5749 = FACE_BOUND('',#5750,.F.);
#5750 = EDGE_LOOP('',(#5751,#5752,#5753,#5754));
#5751 = ORIENTED_EDGE('',*,*,#5737,.F.);
#5752 = ORIENTED_EDGE('',*,*,#2812,.T.);
#5753 = ORIENTED_EDGE('',*,*,#2834,.F.);
#5754 = ORIENTED_EDGE('',*,*,#2083,.T.);
#5755 = PLANE('',#5756);
#5756 = AXIS2_PLACEMENT_3D('',#5757,#5758,#5759);
#5757 = CARTESIAN_POINT('',(-70.6,190.68,13.8));
#5758 = DIRECTION('',(0.,0.,1.));
#5759 = DIRECTION('',(1.,0.,-0.));
#5760 = ADVANCED_FACE('',(#5761),#5779,.T.);
#5761 = FACE_BOUND('',#5762,.T.);
#5762 = EDGE_LOOP('',(#5763,#5771,#5777,#5778));
#5763 = ORIENTED_EDGE('',*,*,#5764,.F.);
#5764 = EDGE_CURVE('',#5765,#2149,#5767,.T.);
#5765 = VERTEX_POINT('',#5766);
#5766 = CARTESIAN_POINT('',(70.2,220.5,14.2));
#5767 = LINE('',#5768,#5769);
#5768 = CARTESIAN_POINT('',(70.2,190.68,14.2));
#5769 = VECTOR('',#5770,1.);
#5770 = DIRECTION('',(-0.,1.,0.));
#5771 = ORIENTED_EDGE('',*,*,#5772,.T.);
#5772 = EDGE_CURVE('',#5765,#5459,#5773,.T.);
#5773 = LINE('',#5774,#5775);
#5774 = CARTESIAN_POINT('',(-1.9,220.5,14.2));
#5775 = VECTOR('',#5776,1.);
#5776 = DIRECTION('',(1.,0.,-0.));
#5777 = ORIENTED_EDGE('',*,*,#5458,.F.);
#5778 = ORIENTED_EDGE('',*,*,#2156,.F.);
#5779 = PLANE('',#5780);
#5780 = AXIS2_PLACEMENT_3D('',#5781,#5782,#5783);
#5781 = CARTESIAN_POINT('',(70.2,190.68,14.2));
#5782 = DIRECTION('',(0.,0.,1.));
#5783 = DIRECTION('',(1.,0.,-0.));
#5784 = ADVANCED_FACE('',(#5785),#5803,.F.);
#5785 = FACE_BOUND('',#5786,.F.);
#5786 = EDGE_LOOP('',(#5787,#5795,#5796,#5797));
#5787 = ORIENTED_EDGE('',*,*,#5788,.T.);
#5788 = EDGE_CURVE('',#5789,#2141,#5791,.T.);
#5789 = VERTEX_POINT('',#5790);
#5790 = CARTESIAN_POINT('',(70.2,220.5,14.04));
#5791 = LINE('',#5792,#5793);
#5792 = CARTESIAN_POINT('',(70.2,177.76386122816,14.04));
#5793 = VECTOR('',#5794,1.);
#5794 = DIRECTION('',(-0.,1.,0.));
#5795 = ORIENTED_EDGE('',*,*,#2148,.T.);
#5796 = ORIENTED_EDGE('',*,*,#5764,.F.);
#5797 = ORIENTED_EDGE('',*,*,#5798,.T.);
#5798 = EDGE_CURVE('',#5765,#5789,#5799,.T.);
#5799 = LINE('',#5800,#5801);
#5800 = CARTESIAN_POINT('',(70.2,220.5,13.92));
#5801 = VECTOR('',#5802,1.);
#5802 = DIRECTION('',(-0.,0.,-1.));
#5803 = PLANE('',#5804);
#5804 = AXIS2_PLACEMENT_3D('',#5805,#5806,#5807);
#5805 = CARTESIAN_POINT('',(70.2,190.68,13.8));
#5806 = DIRECTION('',(1.,0.,-0.));
#5807 = DIRECTION('',(0.,0.,1.));
#5808 = ADVANCED_FACE('',(#5809),#5827,.T.);
#5809 = FACE_BOUND('',#5810,.T.);
#5810 = EDGE_LOOP('',(#5811,#5819,#5825,#5826));
#5811 = ORIENTED_EDGE('',*,*,#5812,.F.);
#5812 = EDGE_CURVE('',#5813,#2133,#5815,.T.);
#5813 = VERTEX_POINT('',#5814);
#5814 = CARTESIAN_POINT('',(-70.2,220.5,14.04));
#5815 = LINE('',#5816,#5817);
#5816 = CARTESIAN_POINT('',(-70.2,177.76386122816,14.04));
#5817 = VECTOR('',#5818,1.);
#5818 = DIRECTION('',(-0.,1.,0.));
#5819 = ORIENTED_EDGE('',*,*,#5820,.T.);
#5820 = EDGE_CURVE('',#5813,#5789,#5821,.T.);
#5821 = LINE('',#5822,#5823);
#5822 = CARTESIAN_POINT('',(-74.,220.5,14.04));
#5823 = VECTOR('',#5824,1.);
#5824 = DIRECTION('',(1.,0.,-0.));
#5825 = ORIENTED_EDGE('',*,*,#5788,.T.);
#5826 = ORIENTED_EDGE('',*,*,#2140,.T.);
#5827 = PLANE('',#5828);
#5828 = AXIS2_PLACEMENT_3D('',#5829,#5830,#5831);
#5829 = CARTESIAN_POINT('',(3.515388226771E-15,164.84772245633,14.04));
#5830 = DIRECTION('',(0.,0.,1.));
#5831 = DIRECTION('',(1.,0.,-0.));
#5832 = ADVANCED_FACE('',(#5833),#5851,.T.);
#5833 = FACE_BOUND('',#5834,.T.);
#5834 = EDGE_LOOP('',(#5835,#5836,#5837,#5845));
#5835 = ORIENTED_EDGE('',*,*,#5812,.T.);
#5836 = ORIENTED_EDGE('',*,*,#2132,.T.);
#5837 = ORIENTED_EDGE('',*,*,#5838,.F.);
#5838 = EDGE_CURVE('',#5839,#2125,#5841,.T.);
#5839 = VERTEX_POINT('',#5840);
#5840 = CARTESIAN_POINT('',(-70.2,220.5,14.2));
#5841 = LINE('',#5842,#5843);
#5842 = CARTESIAN_POINT('',(-70.2,190.68,14.2));
#5843 = VECTOR('',#5844,1.);
#5844 = DIRECTION('',(-0.,1.,0.));
#5845 = ORIENTED_EDGE('',*,*,#5846,.T.);
#5846 = EDGE_CURVE('',#5839,#5813,#5847,.T.);
#5847 = LINE('',#5848,#5849);
#5848 = CARTESIAN_POINT('',(-70.2,220.5,13.92));
#5849 = VECTOR('',#5850,1.);
#5850 = DIRECTION('',(-0.,0.,-1.));
#5851 = PLANE('',#5852);
#5852 = AXIS2_PLACEMENT_3D('',#5853,#5854,#5855);
#5853 = CARTESIAN_POINT('',(-70.2,190.68,13.8));
#5854 = DIRECTION('',(1.,0.,-0.));
#5855 = DIRECTION('',(0.,0.,1.));
#5856 = ADVANCED_FACE('',(#5857),#5868,.T.);
#5857 = FACE_BOUND('',#5858,.T.);
#5858 = EDGE_LOOP('',(#5859,#5860,#5861,#5867));
#5859 = ORIENTED_EDGE('',*,*,#2124,.F.);
#5860 = ORIENTED_EDGE('',*,*,#5712,.T.);
#5861 = ORIENTED_EDGE('',*,*,#5862,.T.);
#5862 = EDGE_CURVE('',#5705,#5839,#5863,.T.);
#5863 = LINE('',#5864,#5865);
#5864 = CARTESIAN_POINT('',(-72.3,220.5,14.2));
#5865 = VECTOR('',#5866,1.);
#5866 = DIRECTION('',(1.,0.,-0.));
#5867 = ORIENTED_EDGE('',*,*,#5838,.T.);
#5868 = PLANE('',#5869);
#5869 = AXIS2_PLACEMENT_3D('',#5870,#5871,#5872);
#5870 = CARTESIAN_POINT('',(-70.6,190.68,14.2));
#5871 = DIRECTION('',(0.,0.,1.));
#5872 = DIRECTION('',(1.,0.,-0.));
#5873 = ADVANCED_FACE('',(#5874),#5892,.T.);
#5874 = FACE_BOUND('',#5875,.T.);
#5875 = EDGE_LOOP('',(#5876,#5877,#5878,#5886));
#5876 = ORIENTED_EDGE('',*,*,#2388,.F.);
#5877 = ORIENTED_EDGE('',*,*,#2194,.T.);
#5878 = ORIENTED_EDGE('',*,*,#5879,.T.);
#5879 = EDGE_CURVE('',#2197,#5880,#5882,.T.);
#5880 = VERTEX_POINT('',#5881);
#5881 = CARTESIAN_POINT('',(105.94293552812,219.8,14.595555555556));
#5882 = LINE('',#5883,#5884);
#5883 = CARTESIAN_POINT('',(106.19772739826,219.8,12.115009704384));
#5884 = VECTOR('',#5885,1.);
#5885 = DIRECTION('',(-0.102178442416,-0.,0.994766086025));
#5886 = ORIENTED_EDGE('',*,*,#5887,.F.);
#5887 = EDGE_CURVE('',#2389,#5880,#5888,.T.);
#5888 = LINE('',#5889,#5890);
#5889 = CARTESIAN_POINT('',(105.94293552812,-8.,14.595555555556));
#5890 = VECTOR('',#5891,1.);
#5891 = DIRECTION('',(0.,1.,0.));
#5892 = PLANE('',#5893);
#5893 = AXIS2_PLACEMENT_3D('',#5894,#5895,#5896);
#5894 = CARTESIAN_POINT('',(105.97146776406,119.,14.317777777778));
#5895 = DIRECTION('',(0.994766086025,0.,0.102178442416));
#5896 = DIRECTION('',(-0.102178442416,0.,0.994766086025));
#5897 = ADVANCED_FACE('',(#5898),#6044,.F.);
#5898 = FACE_BOUND('',#5899,.F.);
#5899 = EDGE_LOOP('',(#5900,#5910,#5918,#5926,#5934,#5942,#5950,#5958,
    #5966,#5974,#5982,#5988,#5989,#5990,#5998,#6006,#6014,#6022,#6030,
    #6038));
#5900 = ORIENTED_EDGE('',*,*,#5901,.T.);
#5901 = EDGE_CURVE('',#5902,#5904,#5906,.T.);
#5902 = VERTEX_POINT('',#5903);
#5903 = CARTESIAN_POINT('',(103.33113854595,219.8,18.484444444444));
#5904 = VERTEX_POINT('',#5905);
#5905 = CARTESIAN_POINT('',(102.8,219.8,19.04));
#5906 = LINE('',#5907,#5908);
#5907 = CARTESIAN_POINT('',(105.17260312858,219.8,16.558325756515));
#5908 = VECTOR('',#5909,1.);
#5909 = DIRECTION('',(-0.691044328918,-0.,0.722812379162));
#5910 = ORIENTED_EDGE('',*,*,#5911,.T.);
#5911 = EDGE_CURVE('',#5904,#5912,#5914,.T.);
#5912 = VERTEX_POINT('',#5913);
#5913 = CARTESIAN_POINT('',(102.8,219.8,30.04));
#5914 = LINE('',#5915,#5916);
#5915 = CARTESIAN_POINT('',(102.8,219.8,9.54));
#5916 = VECTOR('',#5917,1.);
#5917 = DIRECTION('',(0.,0.,1.));
#5918 = ORIENTED_EDGE('',*,*,#5919,.T.);
#5919 = EDGE_CURVE('',#5912,#5920,#5922,.T.);
#5920 = VERTEX_POINT('',#5921);
#5921 = CARTESIAN_POINT('',(103.33113854595,219.8,30.595555555556));
#5922 = LINE('',#5923,#5924);
#5923 = CARTESIAN_POINT('',(97.680172196209,219.8,24.684808211427));
#5924 = VECTOR('',#5925,1.);
#5925 = DIRECTION('',(0.691044328918,0.,0.722812379162));
#5926 = ORIENTED_EDGE('',*,*,#5927,.T.);
#5927 = EDGE_CURVE('',#5920,#5928,#5930,.T.);
#5928 = VERTEX_POINT('',#5929);
#5929 = CARTESIAN_POINT('',(103.84910836762,219.8,31.151111111111));
#5930 = LINE('',#5931,#5932);
#5931 = CARTESIAN_POINT('',(98.086133275546,219.8,24.969954034064));
#5932 = VECTOR('',#5933,1.);
#5933 = DIRECTION('',(0.681932082106,0.,0.731415501199));
#5934 = ORIENTED_EDGE('',*,*,#5935,.T.);
#5935 = EDGE_CURVE('',#5928,#5936,#5938,.T.);
#5936 = VERTEX_POINT('',#5937);
#5937 = CARTESIAN_POINT('',(104.34074074074,219.8,31.706666666667));
#5938 = LINE('',#5939,#5940);
#5939 = CARTESIAN_POINT('',(98.378977238547,219.8,24.96974083411));
#5940 = VECTOR('',#5941,1.);
#5941 = DIRECTION('',(0.662709521533,0.,0.748876551956));
#5942 = ORIENTED_EDGE('',*,*,#5943,.T.);
#5943 = EDGE_CURVE('',#5936,#5944,#5946,.T.);
#5944 = VERTEX_POINT('',#5945);
#5945 = CARTESIAN_POINT('',(104.79286694101,219.8,32.262222222222));
#5946 = LINE('',#5947,#5948);
#5947 = CARTESIAN_POINT('',(98.720714898936,219.8,24.800991709352));
#5948 = VECTOR('',#5949,1.);
#5949 = DIRECTION('',(0.631212461229,0.,0.77560997208));
#5950 = ORIENTED_EDGE('',*,*,#5951,.T.);
#5951 = EDGE_CURVE('',#5944,#5952,#5954,.T.);
#5952 = VERTEX_POINT('',#5953);
#5953 = CARTESIAN_POINT('',(105.19231824417,219.8,32.817777777778));
#5954 = LINE('',#5955,#5956);
#5955 = CARTESIAN_POINT('',(99.16825006381,219.8,24.439523612099));
#5956 = VECTOR('',#5957,1.);
#5957 = DIRECTION('',(0.583776486487,0.,0.811914412869));
#5958 = ORIENTED_EDGE('',*,*,#5959,.T.);
#5959 = EDGE_CURVE('',#5952,#5960,#5962,.T.);
#5960 = VERTEX_POINT('',#5961);
#5961 = CARTESIAN_POINT('',(105.52592592592,219.8,33.373333333333));
#5962 = LINE('',#5963,#5964);
#5963 = CARTESIAN_POINT('',(99.821915657751,219.8,23.874467549572));
#5964 = VECTOR('',#5965,1.);
#5965 = DIRECTION('',(0.514807016402,0.,0.857306092282));
#5966 = ORIENTED_EDGE('',*,*,#5967,.T.);
#5967 = EDGE_CURVE('',#5960,#5968,#5970,.T.);
#5968 = VERTEX_POINT('',#5969);
#5969 = CARTESIAN_POINT('',(105.780521262,219.8,33.928888888889));
#5970 = LINE('',#5971,#5972);
#5971 = CARTESIAN_POINT('',(100.83978251758,219.8,23.147643245079));
#5972 = VECTOR('',#5973,1.);
#5973 = DIRECTION('',(0.416608335402,0.,0.909086076713));
#5974 = ORIENTED_EDGE('',*,*,#5975,.T.);
#5975 = EDGE_CURVE('',#5968,#5976,#5978,.T.);
#5976 = VERTEX_POINT('',#5977);
#5977 = CARTESIAN_POINT('',(105.94293552812,219.8,34.484444444444));
#5978 = LINE('',#5979,#5980);
#5979 = CARTESIAN_POINT('',(102.41948925086,219.8,22.432115539965));
#5980 = VECTOR('',#5981,1.);
#5981 = DIRECTION('',(0.280600582118,0.,0.959824626333));
#5982 = ORIENTED_EDGE('',*,*,#5983,.T.);
#5983 = EDGE_CURVE('',#5976,#2261,#5984,.T.);
#5984 = LINE('',#5985,#5986);
#5985 = CARTESIAN_POINT('',(104.67307265968,219.8,22.121596807036));
#5986 = VECTOR('',#5987,1.);
#5987 = DIRECTION('',(0.102178442416,0.,0.994766086025));
#5988 = ORIENTED_EDGE('',*,*,#2268,.F.);
#5989 = ORIENTED_EDGE('',*,*,#5879,.T.);
#5990 = ORIENTED_EDGE('',*,*,#5991,.T.);
#5991 = EDGE_CURVE('',#5880,#5992,#5994,.T.);
#5992 = VERTEX_POINT('',#5993);
#5993 = CARTESIAN_POINT('',(105.780521262,219.8,15.151111111111));
#5994 = LINE('',#5995,#5996);
#5995 = CARTESIAN_POINT('',(106.45939948406,219.8,12.82893476031));
#5996 = VECTOR('',#5997,1.);
#5997 = DIRECTION('',(-0.280600582118,-0.,0.959824626333));
#5998 = ORIENTED_EDGE('',*,*,#5999,.T.);
#5999 = EDGE_CURVE('',#5992,#6000,#6002,.T.);
#6000 = VERTEX_POINT('',#6001);
#6001 = CARTESIAN_POINT('',(105.52592592592,219.8,15.706666666667));
#6002 = LINE('',#6003,#6004);
#6003 = CARTESIAN_POINT('',(106.52077507493,219.8,13.535794331821));
#6004 = VECTOR('',#6005,1.);
#6005 = DIRECTION('',(-0.416608335402,-0.,0.909086076713));
#6006 = ORIENTED_EDGE('',*,*,#6007,.T.);
#6007 = EDGE_CURVE('',#6000,#6008,#6010,.T.);
#6008 = VERTEX_POINT('',#6009);
#6009 = CARTESIAN_POINT('',(105.19231824417,219.8,16.262222222222));
#6010 = LINE('',#6011,#6012);
#6011 = CARTESIAN_POINT('',(106.44212353041,219.8,14.180926412481));
#6012 = VECTOR('',#6013,1.);
#6013 = DIRECTION('',(-0.514807016402,-0.,0.857306092282));
#6014 = ORIENTED_EDGE('',*,*,#6015,.T.);
#6015 = EDGE_CURVE('',#6008,#6016,#6018,.T.);
#6016 = VERTEX_POINT('',#6017);
#6017 = CARTESIAN_POINT('',(104.79286694101,219.8,16.817777777778));
#6018 = LINE('',#6019,#6020);
#6019 = CARTESIAN_POINT('',(106.2778982129,219.8,14.752401180537));
#6020 = VECTOR('',#6021,1.);
#6021 = DIRECTION('',(-0.583776486487,-0.,0.811914412869));
#6022 = ORIENTED_EDGE('',*,*,#6023,.T.);
#6023 = EDGE_CURVE('',#6016,#6024,#6026,.T.);
#6024 = VERTEX_POINT('',#6025);
#6025 = CARTESIAN_POINT('',(104.34074074074,219.8,17.373333333333));
#6026 = LINE('',#6027,#6028);
#6027 = CARTESIAN_POINT('',(106.06433509038,219.8,15.255445858801));
#6028 = VECTOR('',#6029,1.);
#6029 = DIRECTION('',(-0.631212461229,-0.,0.77560997208));
#6030 = ORIENTED_EDGE('',*,*,#6031,.T.);
#6031 = EDGE_CURVE('',#6024,#6032,#6034,.T.);
#6032 = VERTEX_POINT('',#6033);
#6033 = CARTESIAN_POINT('',(103.84910836762,219.8,17.928888888889));
#6034 = LINE('',#6035,#6036);
#6035 = CARTESIAN_POINT('',(105.82329156005,219.8,15.698017814852));
#6036 = VECTOR('',#6037,1.);
#6037 = DIRECTION('',(-0.662709521533,-0.,0.748876551956));
#6038 = ORIENTED_EDGE('',*,*,#6039,.T.);
#6039 = EDGE_CURVE('',#6032,#5902,#6040,.T.);
#6040 = LINE('',#6041,#6042);
#6041 = CARTESIAN_POINT('',(105.56588485023,219.8,16.087536994146));
#6042 = VECTOR('',#6043,1.);
#6043 = DIRECTION('',(-0.681932082106,-0.,0.731415501199));
#6044 = PLANE('',#6045);
#6045 = AXIS2_PLACEMENT_3D('',#6046,#6047,#6048);
#6046 = CARTESIAN_POINT('',(102.8,219.8,9.54));
#6047 = DIRECTION('',(-0.,1.,0.));
#6048 = DIRECTION('',(0.,0.,1.));
#6049 = ADVANCED_FACE('',(#6050),#6068,.T.);
#6050 = FACE_BOUND('',#6051,.T.);
#6051 = EDGE_LOOP('',(#6052,#6060,#6066,#6067));
#6052 = ORIENTED_EDGE('',*,*,#6053,.F.);
#6053 = EDGE_CURVE('',#6054,#2253,#6056,.T.);
#6054 = VERTEX_POINT('',#6055);
#6055 = CARTESIAN_POINT('',(105.94293552812,20.,34.484444444444));
#6056 = LINE('',#6057,#6058);
#6057 = CARTESIAN_POINT('',(105.67046644444,20.,31.831800721161));
#6058 = VECTOR('',#6059,1.);
#6059 = DIRECTION('',(0.102178442416,-0.,0.994766086025));
#6060 = ORIENTED_EDGE('',*,*,#6061,.T.);
#6061 = EDGE_CURVE('',#6054,#5976,#6062,.T.);
#6062 = LINE('',#6063,#6064);
#6063 = CARTESIAN_POINT('',(105.94293552812,24.,34.484444444444));
#6064 = VECTOR('',#6065,1.);
#6065 = DIRECTION('',(0.,1.,0.));
#6066 = ORIENTED_EDGE('',*,*,#5983,.T.);
#6067 = ORIENTED_EDGE('',*,*,#2260,.F.);
#6068 = PLANE('',#6069);
#6069 = AXIS2_PLACEMENT_3D('',#6070,#6071,#6072);
#6070 = CARTESIAN_POINT('',(105.97146776406,106.,34.762222222222));
#6071 = DIRECTION('',(0.994766086025,0.,-0.102178442416));
#6072 = DIRECTION('',(0.102178442416,0.,0.994766086025));
#6073 = ADVANCED_FACE('',(#6074),#6332,.T.);
#6074 = FACE_BOUND('',#6075,.T.);
#6075 = EDGE_LOOP('',(#6076,#6086,#6094,#6102,#6110,#6118,#6126,#6134,
    #6142,#6150,#6158,#6166,#6174,#6182,#6190,#6198,#6206,#6214,#6222,
    #6230,#6238,#6246,#6254,#6262,#6270,#6278,#6286,#6294,#6302,#6310,
    #6318,#6324,#6325,#6326));
#6076 = ORIENTED_EDGE('',*,*,#6077,.F.);
#6077 = EDGE_CURVE('',#6078,#6080,#6082,.T.);
#6078 = VERTEX_POINT('',#6079);
#6079 = CARTESIAN_POINT('',(190.,20.,7.));
#6080 = VERTEX_POINT('',#6081);
#6081 = CARTESIAN_POINT('',(190.,20.,38.75));
#6082 = LINE('',#6083,#6084);
#6083 = CARTESIAN_POINT('',(190.,20.,7.));
#6084 = VECTOR('',#6085,1.);
#6085 = DIRECTION('',(0.,0.,1.));
#6086 = ORIENTED_EDGE('',*,*,#6087,.F.);
#6087 = EDGE_CURVE('',#6088,#6078,#6090,.T.);
#6088 = VERTEX_POINT('',#6089);
#6089 = CARTESIAN_POINT('',(140.,20.,7.));
#6090 = LINE('',#6091,#6092);
#6091 = CARTESIAN_POINT('',(140.,20.,7.));
#6092 = VECTOR('',#6093,1.);
#6093 = DIRECTION('',(1.,0.,-0.));
#6094 = ORIENTED_EDGE('',*,*,#6095,.T.);
#6095 = EDGE_CURVE('',#6088,#6096,#6098,.T.);
#6096 = VERTEX_POINT('',#6097);
#6097 = CARTESIAN_POINT('',(140.,20.,18.));
#6098 = LINE('',#6099,#6100);
#6099 = CARTESIAN_POINT('',(140.,20.,7.));
#6100 = VECTOR('',#6101,1.);
#6101 = DIRECTION('',(0.,0.,1.));
#6102 = ORIENTED_EDGE('',*,*,#6103,.F.);
#6103 = EDGE_CURVE('',#6104,#6096,#6106,.T.);
#6104 = VERTEX_POINT('',#6105);
#6105 = CARTESIAN_POINT('',(103.78280823045,20.,18.));
#6106 = LINE('',#6107,#6108);
#6107 = CARTESIAN_POINT('',(98.,20.,18.));
#6108 = VECTOR('',#6109,1.);
#6109 = DIRECTION('',(1.,0.,-0.));
#6110 = ORIENTED_EDGE('',*,*,#6111,.T.);
#6111 = EDGE_CURVE('',#6104,#6112,#6114,.T.);
#6112 = VERTEX_POINT('',#6113);
#6113 = CARTESIAN_POINT('',(103.33113854595,20.,18.484444444444));
#6114 = LINE('',#6115,#6116);
#6115 = CARTESIAN_POINT('',(111.78844930162,20.,9.413441118047));
#6116 = VECTOR('',#6117,1.);
#6117 = DIRECTION('',(-0.681932082106,0.,0.731415501199));
#6118 = ORIENTED_EDGE('',*,*,#6119,.T.);
#6119 = EDGE_CURVE('',#6112,#6120,#6122,.T.);
#6120 = VERTEX_POINT('',#6121);
#6121 = CARTESIAN_POINT('',(102.26886145404,20.,19.595555555556));
#6122 = LINE('',#6123,#6124);
#6123 = CARTESIAN_POINT('',(111.65909863955,20.,9.773639077947));
#6124 = VECTOR('',#6125,1.);
#6125 = DIRECTION('',(-0.691044328918,0.,0.722812379162));
#6126 = ORIENTED_EDGE('',*,*,#6127,.T.);
#6127 = EDGE_CURVE('',#6120,#6128,#6130,.T.);
#6128 = VERTEX_POINT('',#6129);
#6129 = CARTESIAN_POINT('',(101.75089163237,20.,20.151111111111));
#6130 = LINE('',#6131,#6132);
#6131 = CARTESIAN_POINT('',(110.99316484995,20.,10.238185652636));
#6132 = VECTOR('',#6133,1.);
#6133 = DIRECTION('',(-0.681932082106,0.,0.731415501199));
#6134 = ORIENTED_EDGE('',*,*,#6135,.T.);
#6135 = EDGE_CURVE('',#6128,#6136,#6138,.T.);
#6136 = VERTEX_POINT('',#6137);
#6137 = CARTESIAN_POINT('',(101.25925925925,20.,20.706666666667));
#6138 = LINE('',#6139,#6140);
#6139 = CARTESIAN_POINT('',(110.17633487482,20.,10.630172179211));
#6140 = VECTOR('',#6141,1.);
#6141 = DIRECTION('',(-0.662709521533,0.,0.748876551956));
#6142 = ORIENTED_EDGE('',*,*,#6143,.T.);
#6143 = EDGE_CURVE('',#6136,#6144,#6146,.T.);
#6144 = VERTEX_POINT('',#6145);
#6145 = CARTESIAN_POINT('',(100.80713305898,20.,21.262222222222));
#6146 = LINE('',#6147,#6148);
#6147 = CARTESIAN_POINT('',(109.04495697502,20.,11.139896111798));
#6148 = VECTOR('',#6149,1.);
#6149 = DIRECTION('',(-0.631212461229,0.,0.77560997208));
#6150 = ORIENTED_EDGE('',*,*,#6151,.T.);
#6151 = EDGE_CURVE('',#6144,#6152,#6154,.T.);
#6152 = VERTEX_POINT('',#6153);
#6153 = CARTESIAN_POINT('',(100.40768175583,20.,21.817777777778));
#6154 = LINE('',#6155,#6156);
#6155 = CARTESIAN_POINT('',(107.5607142745,20.,11.869363732226));
#6156 = VECTOR('',#6157,1.);
#6157 = DIRECTION('',(-0.583776486487,0.,0.811914412869));
#6158 = ORIENTED_EDGE('',*,*,#6159,.T.);
#6159 = EDGE_CURVE('',#6152,#6160,#6162,.T.);
#6160 = VERTEX_POINT('',#6161);
#6161 = CARTESIAN_POINT('',(100.07407407407,20.,22.373333333333));
#6162 = LINE('',#6163,#6164);
#6163 = CARTESIAN_POINT('',(105.70296723187,20.,12.999559776958));
#6164 = VECTOR('',#6165,1.);
#6165 = DIRECTION('',(-0.514807016402,0.,0.857306092282));
#6166 = ORIENTED_EDGE('',*,*,#6167,.T.);
#6167 = EDGE_CURVE('',#6160,#6168,#6170,.T.);
#6168 = VERTEX_POINT('',#6169);
#6169 = CARTESIAN_POINT('',(99.819478737997,20.,22.928888888889));
#6170 = LINE('',#6171,#6172);
#6171 = CARTESIAN_POINT('',(103.53588098202,20.,14.819282699057));
#6172 = VECTOR('',#6173,1.);
#6173 = DIRECTION('',(-0.416608335402,0.,0.909086076713));
#6174 = ORIENTED_EDGE('',*,*,#6175,.T.);
#6175 = EDGE_CURVE('',#6168,#6176,#6178,.T.);
#6176 = VERTEX_POINT('',#6177);
#6177 = CARTESIAN_POINT('',(99.657064471879,20.,23.484444444444));
#6178 = LINE('',#6179,#6180);
#6179 = CARTESIAN_POINT('',(101.3475613593,20.,17.701917084598));
#6180 = VECTOR('',#6181,1.);
#6181 = DIRECTION('',(-0.280600582118,0.,0.959824626333));
#6182 = ORIENTED_EDGE('',*,*,#6183,.T.);
#6183 = EDGE_CURVE('',#6176,#6184,#6186,.T.);
#6184 = VERTEX_POINT('',#6185);
#6185 = CARTESIAN_POINT('',(99.6,20.,24.04));
#6186 = LINE('',#6187,#6188);
#6187 = CARTESIAN_POINT('',(99.820128179751,20.,21.896925173095));
#6188 = VECTOR('',#6189,1.);
#6189 = DIRECTION('',(-0.102178442416,0.,0.994766086025));
#6190 = ORIENTED_EDGE('',*,*,#6191,.T.);
#6191 = EDGE_CURVE('',#6184,#6192,#6194,.T.);
#6192 = VERTEX_POINT('',#6193);
#6193 = CARTESIAN_POINT('',(99.6,20.,25.04));
#6194 = LINE('',#6195,#6196);
#6195 = CARTESIAN_POINT('',(99.6,20.,24.640833333333));
#6196 = VECTOR('',#6197,1.);
#6197 = DIRECTION('',(0.,0.,1.));
#6198 = ORIENTED_EDGE('',*,*,#6199,.T.);
#6199 = EDGE_CURVE('',#6192,#6200,#6202,.T.);
#6200 = VERTEX_POINT('',#6201);
#6201 = CARTESIAN_POINT('',(99.657064471879,20.,25.595555555556));
#6202 = LINE('',#6203,#6204);
#6203 = CARTESIAN_POINT('',(99.840626315681,20.,27.382636006029));
#6204 = VECTOR('',#6205,1.);
#6205 = DIRECTION('',(0.102178442416,-0.,0.994766086025));
#6206 = ORIENTED_EDGE('',*,*,#6207,.T.);
#6207 = EDGE_CURVE('',#6200,#6208,#6210,.T.);
#6208 = VERTEX_POINT('',#6209);
#6209 = CARTESIAN_POINT('',(99.819478737997,20.,26.151111111111));
#6210 = LINE('',#6211,#6212);
#6211 = CARTESIAN_POINT('',(101.40187570799,20.,31.563871016921));
#6212 = VECTOR('',#6213,1.);
#6213 = DIRECTION('',(0.280600582118,-0.,0.959824626333));
#6214 = ORIENTED_EDGE('',*,*,#6215,.T.);
#6215 = EDGE_CURVE('',#6208,#6216,#6218,.T.);
#6216 = VERTEX_POINT('',#6217);
#6217 = CARTESIAN_POINT('',(100.07407407407,20.,26.706666666667));
#6218 = LINE('',#6219,#6220);
#6219 = CARTESIAN_POINT('',(103.61225877085,20.,34.427382195743));
#6220 = VECTOR('',#6221,1.);
#6221 = DIRECTION('',(0.416608335402,-0.,0.909086076713));
#6222 = ORIENTED_EDGE('',*,*,#6223,.T.);
#6223 = EDGE_CURVE('',#6216,#6224,#6226,.T.);
#6224 = VERTEX_POINT('',#6225);
#6225 = CARTESIAN_POINT('',(100.40768175583,20.,27.262222222222));
#6226 = LINE('',#6227,#6228);
#6227 = CARTESIAN_POINT('',(105.79197224883,20.,36.228659926441));
#6228 = VECTOR('',#6229,1.);
#6229 = DIRECTION('',(0.514807016402,-0.,0.857306092282));
#6230 = ORIENTED_EDGE('',*,*,#6231,.T.);
#6231 = EDGE_CURVE('',#6224,#6232,#6234,.T.);
#6232 = VERTEX_POINT('',#6233);
#6233 = CARTESIAN_POINT('',(100.80713305898,20.,27.817777777778));
#6234 = LINE('',#6235,#6236);
#6235 = CARTESIAN_POINT('',(107.65629954406,20.,37.343575945562));
#6236 = VECTOR('',#6237,1.);
#6237 = DIRECTION('',(0.583776486487,-0.,0.811914412869));
#6238 = ORIENTED_EDGE('',*,*,#6239,.T.);
#6239 = EDGE_CURVE('',#6232,#6240,#6242,.T.);
#6240 = VERTEX_POINT('',#6241);
#6241 = CARTESIAN_POINT('',(101.25925925925,20.,28.373333333333));
#6242 = LINE('',#6243,#6244);
#6243 = CARTESIAN_POINT('',(109.1436878687,20.,38.061420672008));
#6244 = VECTOR('',#6245,1.);
#6245 = DIRECTION('',(0.631212461229,-0.,0.77560997208));
#6246 = ORIENTED_EDGE('',*,*,#6247,.T.);
#6247 = EDGE_CURVE('',#6240,#6248,#6250,.T.);
#6248 = VERTEX_POINT('',#6249);
#6249 = CARTESIAN_POINT('',(101.75089163237,20.,28.928888888889));
#6250 = LINE('',#6251,#6252);
#6251 = CARTESIAN_POINT('',(110.27641954514,20.,38.562925732286));
#6252 = VECTOR('',#6253,1.);
#6253 = DIRECTION('',(0.662709521533,-0.,0.748876551956));
#6254 = ORIENTED_EDGE('',*,*,#6255,.T.);
#6255 = EDGE_CURVE('',#6248,#6256,#6258,.T.);
#6256 = VERTEX_POINT('',#6257);
#6257 = CARTESIAN_POINT('',(102.26886145404,20.,29.484444444444));
#6258 = LINE('',#6259,#6260);
#6259 = CARTESIAN_POINT('',(111.0937512819,20.,38.949699688835));
#6260 = VECTOR('',#6261,1.);
#6261 = DIRECTION('',(0.681932082106,-0.,0.731415501199));
#6262 = ORIENTED_EDGE('',*,*,#6263,.T.);
#6263 = EDGE_CURVE('',#6256,#6264,#6266,.T.);
#6264 = VERTEX_POINT('',#6265);
#6265 = CARTESIAN_POINT('',(103.33113854595,20.,30.595555555556));
#6266 = LINE('',#6267,#6268);
#6267 = CARTESIAN_POINT('',(111.75983021097,20.,39.41172323204));
#6268 = VECTOR('',#6269,1.);
#6269 = DIRECTION('',(0.691044328918,-0.,0.722812379162));
#6270 = ORIENTED_EDGE('',*,*,#6271,.T.);
#6271 = EDGE_CURVE('',#6264,#6272,#6274,.T.);
#6272 = VERTEX_POINT('',#6273);
#6273 = CARTESIAN_POINT('',(103.84910836762,20.,31.151111111111));
#6274 = LINE('',#6275,#6276);
#6275 = CARTESIAN_POINT('',(111.89091959315,20.,39.776464782555));
#6276 = VECTOR('',#6277,1.);
#6277 = DIRECTION('',(0.681932082106,-0.,0.731415501199));
#6278 = ORIENTED_EDGE('',*,*,#6279,.T.);
#6279 = EDGE_CURVE('',#6272,#6280,#6282,.T.);
#6280 = VERTEX_POINT('',#6281);
#6281 = CARTESIAN_POINT('',(104.34074074074,20.,31.706666666667));
#6282 = LINE('',#6283,#6284);
#6283 = CARTESIAN_POINT('',(111.60827026164,20.,39.919137246925));
#6284 = VECTOR('',#6285,1.);
#6285 = DIRECTION('',(0.662709521533,-0.,0.748876551956));
#6286 = ORIENTED_EDGE('',*,*,#6287,.T.);
#6287 = EDGE_CURVE('',#6280,#6288,#6290,.T.);
#6288 = VERTEX_POINT('',#6289);
#6289 = CARTESIAN_POINT('',(104.79286694101,20.,32.262222222222));
#6290 = LINE('',#6291,#6292);
#6291 = CARTESIAN_POINT('',(111.02139859489,20.,39.915606080904));
#6292 = VECTOR('',#6293,1.);
#6293 = DIRECTION('',(0.631212461229,-0.,0.77560997208));
#6294 = ORIENTED_EDGE('',*,*,#6295,.T.);
#6295 = EDGE_CURVE('',#6288,#6296,#6298,.T.);
#6296 = VERTEX_POINT('',#6297);
#6297 = CARTESIAN_POINT('',(105.19231824417,20.,32.817777777778));
#6298 = LINE('',#6299,#6300);
#6299 = CARTESIAN_POINT('',(110.10931880878,20.,39.656325953158));
#6300 = VECTOR('',#6301,1.);
#6301 = DIRECTION('',(0.583776486487,-0.,0.811914412869));
#6302 = ORIENTED_EDGE('',*,*,#6303,.T.);
#6303 = EDGE_CURVE('',#6296,#6304,#6306,.T.);
#6304 = VERTEX_POINT('',#6305);
#6305 = CARTESIAN_POINT('',(105.52592592592,20.,33.373333333333));
#6306 = LINE('',#6307,#6308);
#6307 = CARTESIAN_POINT('',(108.8834209903,20.,38.964556610779));
#6308 = VECTOR('',#6309,1.);
#6309 = DIRECTION('',(0.514807016402,-0.,0.857306092282));
#6310 = ORIENTED_EDGE('',*,*,#6311,.T.);
#6311 = EDGE_CURVE('',#6304,#6312,#6314,.T.);
#6312 = VERTEX_POINT('',#6313);
#6313 = CARTESIAN_POINT('',(105.780521262,20.,33.928888888889));
#6314 = LINE('',#6315,#6316);
#6315 = CARTESIAN_POINT('',(107.45584696773,20.,37.584637330805));
#6316 = VECTOR('',#6317,1.);
#6317 = DIRECTION('',(0.416608335402,-0.,0.909086076713));
#6318 = ORIENTED_EDGE('',*,*,#6319,.T.);
#6319 = EDGE_CURVE('',#6312,#6054,#6320,.T.);
#6320 = LINE('',#6321,#6322);
#6321 = CARTESIAN_POINT('',(106.16206486175,20.,35.234000019808));
#6322 = VECTOR('',#6323,1.);
#6323 = DIRECTION('',(0.280600582118,-0.,0.959824626333));
#6324 = ORIENTED_EDGE('',*,*,#6053,.T.);
#6325 = ORIENTED_EDGE('',*,*,#2252,.T.);
#6326 = ORIENTED_EDGE('',*,*,#6327,.T.);
#6327 = EDGE_CURVE('',#2245,#6080,#6328,.T.);
#6328 = LINE('',#6329,#6330);
#6329 = CARTESIAN_POINT('',(98.,20.,38.75));
#6330 = VECTOR('',#6331,1.);
#6331 = DIRECTION('',(1.,0.,-0.));
#6332 = PLANE('',#6333);
#6333 = AXIS2_PLACEMENT_3D('',#6334,#6335,#6336);
#6334 = CARTESIAN_POINT('',(145.86666666666,20.,24.741666666667));
#6335 = DIRECTION('',(0.,1.,0.));
#6336 = DIRECTION('',(0.,-0.,1.));
#6337 = ADVANCED_FACE('',(#6338),#6356,.T.);
#6338 = FACE_BOUND('',#6339,.T.);
#6339 = EDGE_LOOP('',(#6340,#6341,#6342,#6350));
#6340 = ORIENTED_EDGE('',*,*,#6327,.F.);
#6341 = ORIENTED_EDGE('',*,*,#2244,.T.);
#6342 = ORIENTED_EDGE('',*,*,#6343,.T.);
#6343 = EDGE_CURVE('',#2237,#6344,#6346,.T.);
#6344 = VERTEX_POINT('',#6345);
#6345 = CARTESIAN_POINT('',(190.,0.,38.75));
#6346 = LINE('',#6347,#6348);
#6347 = CARTESIAN_POINT('',(98.,0.,38.75));
#6348 = VECTOR('',#6349,1.);
#6349 = DIRECTION('',(1.,0.,-0.));
#6350 = ORIENTED_EDGE('',*,*,#6351,.T.);
#6351 = EDGE_CURVE('',#6344,#6080,#6352,.T.);
#6352 = LINE('',#6353,#6354);
#6353 = CARTESIAN_POINT('',(190.,0.,38.75));
#6354 = VECTOR('',#6355,1.);
#6355 = DIRECTION('',(-0.,1.,0.));
#6356 = PLANE('',#6357);
#6357 = AXIS2_PLACEMENT_3D('',#6358,#6359,#6360);
#6358 = CARTESIAN_POINT('',(98.,0.,38.75));
#6359 = DIRECTION('',(0.,0.,1.));
#6360 = DIRECTION('',(1.,0.,-0.));
#6361 = ADVANCED_FACE('',(#6362),#6628,.T.);
#6362 = FACE_BOUND('',#6363,.T.);
#6363 = EDGE_LOOP('',(#6364,#6374,#6380,#6381,#6382,#6390,#6398,#6406,
    #6414,#6422,#6430,#6438,#6446,#6454,#6462,#6470,#6478,#6486,#6494,
    #6502,#6510,#6518,#6526,#6534,#6542,#6550,#6558,#6566,#6574,#6582,
    #6590,#6598,#6606,#6614,#6622));
#6364 = ORIENTED_EDGE('',*,*,#6365,.T.);
#6365 = EDGE_CURVE('',#6366,#6368,#6370,.T.);
#6366 = VERTEX_POINT('',#6367);
#6367 = CARTESIAN_POINT('',(140.,0.,7.));
#6368 = VERTEX_POINT('',#6369);
#6369 = CARTESIAN_POINT('',(190.,0.,7.));
#6370 = LINE('',#6371,#6372);
#6371 = CARTESIAN_POINT('',(140.,0.,7.));
#6372 = VECTOR('',#6373,1.);
#6373 = DIRECTION('',(1.,0.,-0.));
#6374 = ORIENTED_EDGE('',*,*,#6375,.T.);
#6375 = EDGE_CURVE('',#6368,#6344,#6376,.T.);
#6376 = LINE('',#6377,#6378);
#6377 = CARTESIAN_POINT('',(190.,0.,18.));
#6378 = VECTOR('',#6379,1.);
#6379 = DIRECTION('',(0.,0.,1.));
#6380 = ORIENTED_EDGE('',*,*,#6343,.F.);
#6381 = ORIENTED_EDGE('',*,*,#2236,.T.);
#6382 = ORIENTED_EDGE('',*,*,#6383,.T.);
#6383 = EDGE_CURVE('',#2229,#6384,#6386,.T.);
#6384 = VERTEX_POINT('',#6385);
#6385 = CARTESIAN_POINT('',(105.94293552812,0.,34.484444444444));
#6386 = LINE('',#6387,#6388);
#6387 = CARTESIAN_POINT('',(105.67046644444,0.,31.831800721161));
#6388 = VECTOR('',#6389,1.);
#6389 = DIRECTION('',(-0.102178442416,0.,-0.994766086025));
#6390 = ORIENTED_EDGE('',*,*,#6391,.T.);
#6391 = EDGE_CURVE('',#6384,#6392,#6394,.T.);
#6392 = VERTEX_POINT('',#6393);
#6393 = CARTESIAN_POINT('',(105.780521262,0.,33.928888888889));
#6394 = LINE('',#6395,#6396);
#6395 = CARTESIAN_POINT('',(106.16206486175,0.,35.234000019808));
#6396 = VECTOR('',#6397,1.);
#6397 = DIRECTION('',(-0.280600582118,0.,-0.959824626333));
#6398 = ORIENTED_EDGE('',*,*,#6399,.T.);
#6399 = EDGE_CURVE('',#6392,#6400,#6402,.T.);
#6400 = VERTEX_POINT('',#6401);
#6401 = CARTESIAN_POINT('',(105.52592592592,0.,33.373333333333));
#6402 = LINE('',#6403,#6404);
#6403 = CARTESIAN_POINT('',(107.45584696773,0.,37.584637330805));
#6404 = VECTOR('',#6405,1.);
#6405 = DIRECTION('',(-0.416608335402,0.,-0.909086076713));
#6406 = ORIENTED_EDGE('',*,*,#6407,.T.);
#6407 = EDGE_CURVE('',#6400,#6408,#6410,.T.);
#6408 = VERTEX_POINT('',#6409);
#6409 = CARTESIAN_POINT('',(105.19231824417,0.,32.817777777778));
#6410 = LINE('',#6411,#6412);
#6411 = CARTESIAN_POINT('',(108.8834209903,0.,38.964556610779));
#6412 = VECTOR('',#6413,1.);
#6413 = DIRECTION('',(-0.514807016402,0.,-0.857306092282));
#6414 = ORIENTED_EDGE('',*,*,#6415,.T.);
#6415 = EDGE_CURVE('',#6408,#6416,#6418,.T.);
#6416 = VERTEX_POINT('',#6417);
#6417 = CARTESIAN_POINT('',(104.79286694101,0.,32.262222222222));
#6418 = LINE('',#6419,#6420);
#6419 = CARTESIAN_POINT('',(110.10931880878,0.,39.656325953158));
#6420 = VECTOR('',#6421,1.);
#6421 = DIRECTION('',(-0.583776486487,0.,-0.811914412869));
#6422 = ORIENTED_EDGE('',*,*,#6423,.T.);
#6423 = EDGE_CURVE('',#6416,#6424,#6426,.T.);
#6424 = VERTEX_POINT('',#6425);
#6425 = CARTESIAN_POINT('',(104.34074074074,0.,31.706666666667));
#6426 = LINE('',#6427,#6428);
#6427 = CARTESIAN_POINT('',(111.02139859489,0.,39.915606080904));
#6428 = VECTOR('',#6429,1.);
#6429 = DIRECTION('',(-0.631212461229,0.,-0.77560997208));
#6430 = ORIENTED_EDGE('',*,*,#6431,.T.);
#6431 = EDGE_CURVE('',#6424,#6432,#6434,.T.);
#6432 = VERTEX_POINT('',#6433);
#6433 = CARTESIAN_POINT('',(103.84910836762,0.,31.151111111111));
#6434 = LINE('',#6435,#6436);
#6435 = CARTESIAN_POINT('',(111.60827026164,0.,39.919137246925));
#6436 = VECTOR('',#6437,1.);
#6437 = DIRECTION('',(-0.662709521533,0.,-0.748876551956));
#6438 = ORIENTED_EDGE('',*,*,#6439,.T.);
#6439 = EDGE_CURVE('',#6432,#6440,#6442,.T.);
#6440 = VERTEX_POINT('',#6441);
#6441 = CARTESIAN_POINT('',(103.33113854595,0.,30.595555555556));
#6442 = LINE('',#6443,#6444);
#6443 = CARTESIAN_POINT('',(111.89091959315,0.,39.776464782555));
#6444 = VECTOR('',#6445,1.);
#6445 = DIRECTION('',(-0.681932082106,0.,-0.731415501199));
#6446 = ORIENTED_EDGE('',*,*,#6447,.T.);
#6447 = EDGE_CURVE('',#6440,#6448,#6450,.T.);
#6448 = VERTEX_POINT('',#6449);
#6449 = CARTESIAN_POINT('',(102.26886145404,0.,29.484444444444));
#6450 = LINE('',#6451,#6452);
#6451 = CARTESIAN_POINT('',(111.75983021097,0.,39.41172323204));
#6452 = VECTOR('',#6453,1.);
#6453 = DIRECTION('',(-0.691044328918,0.,-0.722812379162));
#6454 = ORIENTED_EDGE('',*,*,#6455,.T.);
#6455 = EDGE_CURVE('',#6448,#6456,#6458,.T.);
#6456 = VERTEX_POINT('',#6457);
#6457 = CARTESIAN_POINT('',(101.75089163237,0.,28.928888888889));
#6458 = LINE('',#6459,#6460);
#6459 = CARTESIAN_POINT('',(111.0937512819,0.,38.949699688835));
#6460 = VECTOR('',#6461,1.);
#6461 = DIRECTION('',(-0.681932082106,0.,-0.731415501199));
#6462 = ORIENTED_EDGE('',*,*,#6463,.T.);
#6463 = EDGE_CURVE('',#6456,#6464,#6466,.T.);
#6464 = VERTEX_POINT('',#6465);
#6465 = CARTESIAN_POINT('',(101.25925925925,0.,28.373333333333));
#6466 = LINE('',#6467,#6468);
#6467 = CARTESIAN_POINT('',(110.27641954514,0.,38.562925732286));
#6468 = VECTOR('',#6469,1.);
#6469 = DIRECTION('',(-0.662709521533,0.,-0.748876551956));
#6470 = ORIENTED_EDGE('',*,*,#6471,.T.);
#6471 = EDGE_CURVE('',#6464,#6472,#6474,.T.);
#6472 = VERTEX_POINT('',#6473);
#6473 = CARTESIAN_POINT('',(100.80713305898,0.,27.817777777778));
#6474 = LINE('',#6475,#6476);
#6475 = CARTESIAN_POINT('',(109.1436878687,0.,38.061420672008));
#6476 = VECTOR('',#6477,1.);
#6477 = DIRECTION('',(-0.631212461229,0.,-0.77560997208));
#6478 = ORIENTED_EDGE('',*,*,#6479,.T.);
#6479 = EDGE_CURVE('',#6472,#6480,#6482,.T.);
#6480 = VERTEX_POINT('',#6481);
#6481 = CARTESIAN_POINT('',(100.40768175583,0.,27.262222222222));
#6482 = LINE('',#6483,#6484);
#6483 = CARTESIAN_POINT('',(107.65629954406,0.,37.343575945562));
#6484 = VECTOR('',#6485,1.);
#6485 = DIRECTION('',(-0.583776486487,0.,-0.811914412869));
#6486 = ORIENTED_EDGE('',*,*,#6487,.T.);
#6487 = EDGE_CURVE('',#6480,#6488,#6490,.T.);
#6488 = VERTEX_POINT('',#6489);
#6489 = CARTESIAN_POINT('',(100.07407407407,0.,26.706666666667));
#6490 = LINE('',#6491,#6492);
#6491 = CARTESIAN_POINT('',(105.79197224883,0.,36.228659926441));
#6492 = VECTOR('',#6493,1.);
#6493 = DIRECTION('',(-0.514807016402,0.,-0.857306092282));
#6494 = ORIENTED_EDGE('',*,*,#6495,.T.);
#6495 = EDGE_CURVE('',#6488,#6496,#6498,.T.);
#6496 = VERTEX_POINT('',#6497);
#6497 = CARTESIAN_POINT('',(99.819478737997,0.,26.151111111111));
#6498 = LINE('',#6499,#6500);
#6499 = CARTESIAN_POINT('',(103.61225877085,-1.42108547152E-14,
    34.427382195743));
#6500 = VECTOR('',#6501,1.);
#6501 = DIRECTION('',(-0.416608335402,0.,-0.909086076713));
#6502 = ORIENTED_EDGE('',*,*,#6503,.T.);
#6503 = EDGE_CURVE('',#6496,#6504,#6506,.T.);
#6504 = VERTEX_POINT('',#6505);
#6505 = CARTESIAN_POINT('',(99.657064471879,0.,25.595555555556));
#6506 = LINE('',#6507,#6508);
#6507 = CARTESIAN_POINT('',(101.40187570799,0.,31.563871016921));
#6508 = VECTOR('',#6509,1.);
#6509 = DIRECTION('',(-0.280600582118,0.,-0.959824626333));
#6510 = ORIENTED_EDGE('',*,*,#6511,.T.);
#6511 = EDGE_CURVE('',#6504,#6512,#6514,.T.);
#6512 = VERTEX_POINT('',#6513);
#6513 = CARTESIAN_POINT('',(99.6,0.,25.04));
#6514 = LINE('',#6515,#6516);
#6515 = CARTESIAN_POINT('',(99.840626315681,0.,27.382636006029));
#6516 = VECTOR('',#6517,1.);
#6517 = DIRECTION('',(-0.102178442416,0.,-0.994766086025));
#6518 = ORIENTED_EDGE('',*,*,#6519,.T.);
#6519 = EDGE_CURVE('',#6512,#6520,#6522,.T.);
#6520 = VERTEX_POINT('',#6521);
#6521 = CARTESIAN_POINT('',(99.6,0.,24.04));
#6522 = LINE('',#6523,#6524);
#6523 = CARTESIAN_POINT('',(99.6,0.,24.640833333333));
#6524 = VECTOR('',#6525,1.);
#6525 = DIRECTION('',(0.,0.,-1.));
#6526 = ORIENTED_EDGE('',*,*,#6527,.T.);
#6527 = EDGE_CURVE('',#6520,#6528,#6530,.T.);
#6528 = VERTEX_POINT('',#6529);
#6529 = CARTESIAN_POINT('',(99.657064471879,0.,23.484444444444));
#6530 = LINE('',#6531,#6532);
#6531 = CARTESIAN_POINT('',(99.820128179751,0.,21.896925173095));
#6532 = VECTOR('',#6533,1.);
#6533 = DIRECTION('',(0.102178442416,0.,-0.994766086025));
#6534 = ORIENTED_EDGE('',*,*,#6535,.T.);
#6535 = EDGE_CURVE('',#6528,#6536,#6538,.T.);
#6536 = VERTEX_POINT('',#6537);
#6537 = CARTESIAN_POINT('',(99.819478737997,0.,22.928888888889));
#6538 = LINE('',#6539,#6540);
#6539 = CARTESIAN_POINT('',(101.3475613593,0.,17.701917084598));
#6540 = VECTOR('',#6541,1.);
#6541 = DIRECTION('',(0.280600582118,0.,-0.959824626333));
#6542 = ORIENTED_EDGE('',*,*,#6543,.T.);
#6543 = EDGE_CURVE('',#6536,#6544,#6546,.T.);
#6544 = VERTEX_POINT('',#6545);
#6545 = CARTESIAN_POINT('',(100.07407407407,0.,22.373333333333));
#6546 = LINE('',#6547,#6548);
#6547 = CARTESIAN_POINT('',(103.53588098202,0.,14.819282699057));
#6548 = VECTOR('',#6549,1.);
#6549 = DIRECTION('',(0.416608335402,0.,-0.909086076713));
#6550 = ORIENTED_EDGE('',*,*,#6551,.T.);
#6551 = EDGE_CURVE('',#6544,#6552,#6554,.T.);
#6552 = VERTEX_POINT('',#6553);
#6553 = CARTESIAN_POINT('',(100.40768175583,0.,21.817777777778));
#6554 = LINE('',#6555,#6556);
#6555 = CARTESIAN_POINT('',(105.70296723187,-1.42108547152E-14,
    12.999559776958));
#6556 = VECTOR('',#6557,1.);
#6557 = DIRECTION('',(0.514807016402,0.,-0.857306092282));
#6558 = ORIENTED_EDGE('',*,*,#6559,.T.);
#6559 = EDGE_CURVE('',#6552,#6560,#6562,.T.);
#6560 = VERTEX_POINT('',#6561);
#6561 = CARTESIAN_POINT('',(100.80713305898,0.,21.262222222222));
#6562 = LINE('',#6563,#6564);
#6563 = CARTESIAN_POINT('',(107.5607142745,0.,11.869363732226));
#6564 = VECTOR('',#6565,1.);
#6565 = DIRECTION('',(0.583776486487,0.,-0.811914412869));
#6566 = ORIENTED_EDGE('',*,*,#6567,.T.);
#6567 = EDGE_CURVE('',#6560,#6568,#6570,.T.);
#6568 = VERTEX_POINT('',#6569);
#6569 = CARTESIAN_POINT('',(101.25925925925,0.,20.706666666667));
#6570 = LINE('',#6571,#6572);
#6571 = CARTESIAN_POINT('',(109.04495697502,0.,11.139896111798));
#6572 = VECTOR('',#6573,1.);
#6573 = DIRECTION('',(0.631212461229,0.,-0.77560997208));
#6574 = ORIENTED_EDGE('',*,*,#6575,.T.);
#6575 = EDGE_CURVE('',#6568,#6576,#6578,.T.);
#6576 = VERTEX_POINT('',#6577);
#6577 = CARTESIAN_POINT('',(101.75089163237,0.,20.151111111111));
#6578 = LINE('',#6579,#6580);
#6579 = CARTESIAN_POINT('',(110.17633487482,0.,10.630172179211));
#6580 = VECTOR('',#6581,1.);
#6581 = DIRECTION('',(0.662709521533,0.,-0.748876551956));
#6582 = ORIENTED_EDGE('',*,*,#6583,.T.);
#6583 = EDGE_CURVE('',#6576,#6584,#6586,.T.);
#6584 = VERTEX_POINT('',#6585);
#6585 = CARTESIAN_POINT('',(102.26886145404,0.,19.595555555556));
#6586 = LINE('',#6587,#6588);
#6587 = CARTESIAN_POINT('',(110.99316484995,0.,10.238185652636));
#6588 = VECTOR('',#6589,1.);
#6589 = DIRECTION('',(0.681932082106,0.,-0.731415501199));
#6590 = ORIENTED_EDGE('',*,*,#6591,.T.);
#6591 = EDGE_CURVE('',#6584,#6592,#6594,.T.);
#6592 = VERTEX_POINT('',#6593);
#6593 = CARTESIAN_POINT('',(103.33113854595,0.,18.484444444444));
#6594 = LINE('',#6595,#6596);
#6595 = CARTESIAN_POINT('',(111.65909863955,0.,9.773639077947));
#6596 = VECTOR('',#6597,1.);
#6597 = DIRECTION('',(0.691044328918,0.,-0.722812379162));
#6598 = ORIENTED_EDGE('',*,*,#6599,.T.);
#6599 = EDGE_CURVE('',#6592,#6600,#6602,.T.);
#6600 = VERTEX_POINT('',#6601);
#6601 = CARTESIAN_POINT('',(103.78280823045,0.,18.));
#6602 = LINE('',#6603,#6604);
#6603 = CARTESIAN_POINT('',(111.78844930162,0.,9.413441118047));
#6604 = VECTOR('',#6605,1.);
#6605 = DIRECTION('',(0.681932082106,0.,-0.731415501199));
#6606 = ORIENTED_EDGE('',*,*,#6607,.T.);
#6607 = EDGE_CURVE('',#6600,#6608,#6610,.T.);
#6608 = VERTEX_POINT('',#6609);
#6609 = CARTESIAN_POINT('',(109.,0.,18.));
#6610 = LINE('',#6611,#6612);
#6611 = CARTESIAN_POINT('',(98.,0.,18.));
#6612 = VECTOR('',#6613,1.);
#6613 = DIRECTION('',(1.,0.,-0.));
#6614 = ORIENTED_EDGE('',*,*,#6615,.T.);
#6615 = EDGE_CURVE('',#6608,#6616,#6618,.T.);
#6616 = VERTEX_POINT('',#6617);
#6617 = CARTESIAN_POINT('',(140.,0.,18.));
#6618 = LINE('',#6619,#6620);
#6619 = CARTESIAN_POINT('',(98.,0.,18.));
#6620 = VECTOR('',#6621,1.);
#6621 = DIRECTION('',(1.,0.,-0.));
#6622 = ORIENTED_EDGE('',*,*,#6623,.F.);
#6623 = EDGE_CURVE('',#6366,#6616,#6624,.T.);
#6624 = LINE('',#6625,#6626);
#6625 = CARTESIAN_POINT('',(140.,0.,7.));
#6626 = VECTOR('',#6627,1.);
#6627 = DIRECTION('',(0.,0.,1.));
#6628 = PLANE('',#6629);
#6629 = AXIS2_PLACEMENT_3D('',#6630,#6631,#6632);
#6630 = CARTESIAN_POINT('',(145.86666666666,0.,24.741666666667));
#6631 = DIRECTION('',(-0.,-1.,-0.));
#6632 = DIRECTION('',(0.,0.,-1.));
#6633 = ADVANCED_FACE('',(#6634),#6652,.T.);
#6634 = FACE_BOUND('',#6635,.T.);
#6635 = EDGE_LOOP('',(#6636,#6644,#6650,#6651));
#6636 = ORIENTED_EDGE('',*,*,#6637,.F.);
#6637 = EDGE_CURVE('',#6638,#2221,#6640,.T.);
#6638 = VERTEX_POINT('',#6639);
#6639 = CARTESIAN_POINT('',(105.94293552812,-8.,34.484444444444));
#6640 = LINE('',#6641,#6642);
#6641 = CARTESIAN_POINT('',(105.94293552812,-8.,34.484444444444));
#6642 = VECTOR('',#6643,1.);
#6643 = DIRECTION('',(0.102178442416,0.,0.994766086025));
#6644 = ORIENTED_EDGE('',*,*,#6645,.T.);
#6645 = EDGE_CURVE('',#6638,#6384,#6646,.T.);
#6646 = LINE('',#6647,#6648);
#6647 = CARTESIAN_POINT('',(105.94293552812,24.,34.484444444444));
#6648 = VECTOR('',#6649,1.);
#6649 = DIRECTION('',(0.,1.,0.));
#6650 = ORIENTED_EDGE('',*,*,#6383,.F.);
#6651 = ORIENTED_EDGE('',*,*,#2228,.F.);
#6652 = PLANE('',#6653);
#6653 = AXIS2_PLACEMENT_3D('',#6654,#6655,#6656);
#6654 = CARTESIAN_POINT('',(105.97146776406,106.,34.762222222222));
#6655 = DIRECTION('',(0.994766086025,0.,-0.102178442416));
#6656 = DIRECTION('',(0.102178442416,0.,0.994766086025));
#6657 = ADVANCED_FACE('',(#6658,#7081),#7115,.T.);
#6658 = FACE_BOUND('',#6659,.T.);
#6659 = EDGE_LOOP('',(#6660,#6670,#6678,#6686,#6694,#6702,#6710,#6718,
    #6726,#6734,#6742,#6750,#6758,#6766,#6774,#6782,#6790,#6798,#6806,
    #6814,#6822,#6830,#6838,#6846,#6854,#6862,#6870,#6878,#6886,#6894,
    #6902,#6910,#6916,#6917,#6918,#6919,#6920,#6921,#6922,#6923,#6924,
    #6925,#6926,#6927,#6928,#6929,#6930,#6938,#6946,#6954,#6962,#6970,
    #6978,#6986,#6994,#7002,#7010,#7018,#7026,#7034,#7042,#7048,#7049,
    #7050,#7051,#7059,#7067,#7075));
#6660 = ORIENTED_EDGE('',*,*,#6661,.T.);
#6661 = EDGE_CURVE('',#6662,#6664,#6666,.T.);
#6662 = VERTEX_POINT('',#6663);
#6663 = CARTESIAN_POINT('',(81.,-8.,13.));
#6664 = VERTEX_POINT('',#6665);
#6665 = CARTESIAN_POINT('',(99.,-8.,13.));
#6666 = LINE('',#6667,#6668);
#6667 = CARTESIAN_POINT('',(81.,-8.,13.));
#6668 = VECTOR('',#6669,1.);
#6669 = DIRECTION('',(1.,0.,0.));
#6670 = ORIENTED_EDGE('',*,*,#6671,.T.);
#6671 = EDGE_CURVE('',#6664,#6672,#6674,.T.);
#6672 = VERTEX_POINT('',#6673);
#6673 = CARTESIAN_POINT('',(99.,-8.,0.));
#6674 = LINE('',#6675,#6676);
#6675 = CARTESIAN_POINT('',(99.,-8.,3.013509448515));
#6676 = VECTOR('',#6677,1.);
#6677 = DIRECTION('',(0.,0.,-1.));
#6678 = ORIENTED_EDGE('',*,*,#6679,.T.);
#6679 = EDGE_CURVE('',#6672,#6680,#6682,.T.);
#6680 = VERTEX_POINT('',#6681);
#6681 = CARTESIAN_POINT('',(109.,-8.,0.));
#6682 = LINE('',#6683,#6684);
#6683 = CARTESIAN_POINT('',(71.,-8.,0.));
#6684 = VECTOR('',#6685,1.);
#6685 = DIRECTION('',(1.,0.,-0.));
#6686 = ORIENTED_EDGE('',*,*,#6687,.T.);
#6687 = EDGE_CURVE('',#6680,#6688,#6690,.T.);
#6688 = VERTEX_POINT('',#6689);
#6689 = CARTESIAN_POINT('',(109.,-8.,18.));
#6690 = LINE('',#6691,#6692);
#6691 = CARTESIAN_POINT('',(109.,-8.,0.));
#6692 = VECTOR('',#6693,1.);
#6693 = DIRECTION('',(0.,0.,1.));
#6694 = ORIENTED_EDGE('',*,*,#6695,.F.);
#6695 = EDGE_CURVE('',#6696,#6688,#6698,.T.);
#6696 = VERTEX_POINT('',#6697);
#6697 = CARTESIAN_POINT('',(103.78280823045,-8.,18.));
#6698 = LINE('',#6699,#6700);
#6699 = CARTESIAN_POINT('',(71.,-8.,18.));
#6700 = VECTOR('',#6701,1.);
#6701 = DIRECTION('',(1.,0.,-0.));
#6702 = ORIENTED_EDGE('',*,*,#6703,.F.);
#6703 = EDGE_CURVE('',#6704,#6696,#6706,.T.);
#6704 = VERTEX_POINT('',#6705);
#6705 = CARTESIAN_POINT('',(103.33113854595,-8.,18.484444444444));
#6706 = LINE('',#6707,#6708);
#6707 = CARTESIAN_POINT('',(103.33113854595,-8.,18.484444444444));
#6708 = VECTOR('',#6709,1.);
#6709 = DIRECTION('',(0.681932082106,0.,-0.731415501199));
#6710 = ORIENTED_EDGE('',*,*,#6711,.F.);
#6711 = EDGE_CURVE('',#6712,#6704,#6714,.T.);
#6712 = VERTEX_POINT('',#6713);
#6713 = CARTESIAN_POINT('',(102.26886145404,-8.,19.595555555556));
#6714 = LINE('',#6715,#6716);
#6715 = CARTESIAN_POINT('',(102.8,-8.,19.04));
#6716 = VECTOR('',#6717,1.);
#6717 = DIRECTION('',(0.691044328918,0.,-0.722812379162));
#6718 = ORIENTED_EDGE('',*,*,#6719,.F.);
#6719 = EDGE_CURVE('',#6720,#6712,#6722,.T.);
#6720 = VERTEX_POINT('',#6721);
#6721 = CARTESIAN_POINT('',(101.75089163237,-8.,20.151111111111));
#6722 = LINE('',#6723,#6724);
#6723 = CARTESIAN_POINT('',(101.75089163237,-8.,20.151111111111));
#6724 = VECTOR('',#6725,1.);
#6725 = DIRECTION('',(0.681932082106,0.,-0.731415501199));
#6726 = ORIENTED_EDGE('',*,*,#6727,.F.);
#6727 = EDGE_CURVE('',#6728,#6720,#6730,.T.);
#6728 = VERTEX_POINT('',#6729);
#6729 = CARTESIAN_POINT('',(101.25925925925,-8.,20.706666666667));
#6730 = LINE('',#6731,#6732);
#6731 = CARTESIAN_POINT('',(101.25925925925,-8.,20.706666666667));
#6732 = VECTOR('',#6733,1.);
#6733 = DIRECTION('',(0.662709521533,0.,-0.748876551956));
#6734 = ORIENTED_EDGE('',*,*,#6735,.F.);
#6735 = EDGE_CURVE('',#6736,#6728,#6738,.T.);
#6736 = VERTEX_POINT('',#6737);
#6737 = CARTESIAN_POINT('',(100.80713305898,-8.,21.262222222222));
#6738 = LINE('',#6739,#6740);
#6739 = CARTESIAN_POINT('',(100.80713305898,-8.,21.262222222222));
#6740 = VECTOR('',#6741,1.);
#6741 = DIRECTION('',(0.631212461229,0.,-0.77560997208));
#6742 = ORIENTED_EDGE('',*,*,#6743,.F.);
#6743 = EDGE_CURVE('',#6744,#6736,#6746,.T.);
#6744 = VERTEX_POINT('',#6745);
#6745 = CARTESIAN_POINT('',(100.40768175583,-8.,21.817777777778));
#6746 = LINE('',#6747,#6748);
#6747 = CARTESIAN_POINT('',(100.40768175583,-8.,21.817777777778));
#6748 = VECTOR('',#6749,1.);
#6749 = DIRECTION('',(0.583776486487,0.,-0.811914412869));
#6750 = ORIENTED_EDGE('',*,*,#6751,.F.);
#6751 = EDGE_CURVE('',#6752,#6744,#6754,.T.);
#6752 = VERTEX_POINT('',#6753);
#6753 = CARTESIAN_POINT('',(100.07407407407,-8.,22.373333333333));
#6754 = LINE('',#6755,#6756);
#6755 = CARTESIAN_POINT('',(100.07407407407,-8.,22.373333333333));
#6756 = VECTOR('',#6757,1.);
#6757 = DIRECTION('',(0.514807016402,0.,-0.857306092282));
#6758 = ORIENTED_EDGE('',*,*,#6759,.F.);
#6759 = EDGE_CURVE('',#6760,#6752,#6762,.T.);
#6760 = VERTEX_POINT('',#6761);
#6761 = CARTESIAN_POINT('',(99.819478737997,-8.,22.928888888889));
#6762 = LINE('',#6763,#6764);
#6763 = CARTESIAN_POINT('',(99.819478737997,-8.,22.928888888889));
#6764 = VECTOR('',#6765,1.);
#6765 = DIRECTION('',(0.416608335402,0.,-0.909086076713));
#6766 = ORIENTED_EDGE('',*,*,#6767,.F.);
#6767 = EDGE_CURVE('',#6768,#6760,#6770,.T.);
#6768 = VERTEX_POINT('',#6769);
#6769 = CARTESIAN_POINT('',(99.657064471879,-8.,23.484444444444));
#6770 = LINE('',#6771,#6772);
#6771 = CARTESIAN_POINT('',(99.657064471879,-8.,23.484444444444));
#6772 = VECTOR('',#6773,1.);
#6773 = DIRECTION('',(0.280600582118,0.,-0.959824626333));
#6774 = ORIENTED_EDGE('',*,*,#6775,.F.);
#6775 = EDGE_CURVE('',#6776,#6768,#6778,.T.);
#6776 = VERTEX_POINT('',#6777);
#6777 = CARTESIAN_POINT('',(99.6,-8.,24.04));
#6778 = LINE('',#6779,#6780);
#6779 = CARTESIAN_POINT('',(99.6,-8.,24.04));
#6780 = VECTOR('',#6781,1.);
#6781 = DIRECTION('',(0.102178442416,0.,-0.994766086025));
#6782 = ORIENTED_EDGE('',*,*,#6783,.T.);
#6783 = EDGE_CURVE('',#6776,#6784,#6786,.T.);
#6784 = VERTEX_POINT('',#6785);
#6785 = CARTESIAN_POINT('',(99.6,-8.,25.04));
#6786 = LINE('',#6787,#6788);
#6787 = CARTESIAN_POINT('',(99.6,-8.,14.04));
#6788 = VECTOR('',#6789,1.);
#6789 = DIRECTION('',(0.,0.,1.));
#6790 = ORIENTED_EDGE('',*,*,#6791,.T.);
#6791 = EDGE_CURVE('',#6784,#6792,#6794,.T.);
#6792 = VERTEX_POINT('',#6793);
#6793 = CARTESIAN_POINT('',(99.657064471879,-8.,25.595555555556));
#6794 = LINE('',#6795,#6796);
#6795 = CARTESIAN_POINT('',(99.6,-8.,25.04));
#6796 = VECTOR('',#6797,1.);
#6797 = DIRECTION('',(0.102178442416,0.,0.994766086025));
#6798 = ORIENTED_EDGE('',*,*,#6799,.T.);
#6799 = EDGE_CURVE('',#6792,#6800,#6802,.T.);
#6800 = VERTEX_POINT('',#6801);
#6801 = CARTESIAN_POINT('',(99.819478737997,-8.,26.151111111111));
#6802 = LINE('',#6803,#6804);
#6803 = CARTESIAN_POINT('',(99.657064471879,-8.,25.595555555556));
#6804 = VECTOR('',#6805,1.);
#6805 = DIRECTION('',(0.280600582118,0.,0.959824626333));
#6806 = ORIENTED_EDGE('',*,*,#6807,.T.);
#6807 = EDGE_CURVE('',#6800,#6808,#6810,.T.);
#6808 = VERTEX_POINT('',#6809);
#6809 = CARTESIAN_POINT('',(100.07407407407,-8.,26.706666666667));
#6810 = LINE('',#6811,#6812);
#6811 = CARTESIAN_POINT('',(99.819478737997,-8.,26.151111111111));
#6812 = VECTOR('',#6813,1.);
#6813 = DIRECTION('',(0.416608335402,0.,0.909086076713));
#6814 = ORIENTED_EDGE('',*,*,#6815,.T.);
#6815 = EDGE_CURVE('',#6808,#6816,#6818,.T.);
#6816 = VERTEX_POINT('',#6817);
#6817 = CARTESIAN_POINT('',(100.40768175583,-8.,27.262222222222));
#6818 = LINE('',#6819,#6820);
#6819 = CARTESIAN_POINT('',(100.07407407407,-8.,26.706666666667));
#6820 = VECTOR('',#6821,1.);
#6821 = DIRECTION('',(0.514807016402,0.,0.857306092282));
#6822 = ORIENTED_EDGE('',*,*,#6823,.T.);
#6823 = EDGE_CURVE('',#6816,#6824,#6826,.T.);
#6824 = VERTEX_POINT('',#6825);
#6825 = CARTESIAN_POINT('',(100.80713305898,-8.,27.817777777778));
#6826 = LINE('',#6827,#6828);
#6827 = CARTESIAN_POINT('',(100.40768175583,-8.,27.262222222222));
#6828 = VECTOR('',#6829,1.);
#6829 = DIRECTION('',(0.583776486487,0.,0.811914412869));
#6830 = ORIENTED_EDGE('',*,*,#6831,.T.);
#6831 = EDGE_CURVE('',#6824,#6832,#6834,.T.);
#6832 = VERTEX_POINT('',#6833);
#6833 = CARTESIAN_POINT('',(101.25925925925,-8.,28.373333333333));
#6834 = LINE('',#6835,#6836);
#6835 = CARTESIAN_POINT('',(100.80713305898,-8.,27.817777777778));
#6836 = VECTOR('',#6837,1.);
#6837 = DIRECTION('',(0.631212461229,0.,0.77560997208));
#6838 = ORIENTED_EDGE('',*,*,#6839,.T.);
#6839 = EDGE_CURVE('',#6832,#6840,#6842,.T.);
#6840 = VERTEX_POINT('',#6841);
#6841 = CARTESIAN_POINT('',(101.75089163237,-8.,28.928888888889));
#6842 = LINE('',#6843,#6844);
#6843 = CARTESIAN_POINT('',(101.25925925925,-8.,28.373333333333));
#6844 = VECTOR('',#6845,1.);
#6845 = DIRECTION('',(0.662709521533,0.,0.748876551956));
#6846 = ORIENTED_EDGE('',*,*,#6847,.T.);
#6847 = EDGE_CURVE('',#6840,#6848,#6850,.T.);
#6848 = VERTEX_POINT('',#6849);
#6849 = CARTESIAN_POINT('',(102.26886145404,-8.,29.484444444444));
#6850 = LINE('',#6851,#6852);
#6851 = CARTESIAN_POINT('',(101.75089163237,-8.,28.928888888889));
#6852 = VECTOR('',#6853,1.);
#6853 = DIRECTION('',(0.681932082106,0.,0.731415501199));
#6854 = ORIENTED_EDGE('',*,*,#6855,.T.);
#6855 = EDGE_CURVE('',#6848,#6856,#6858,.T.);
#6856 = VERTEX_POINT('',#6857);
#6857 = CARTESIAN_POINT('',(103.33113854595,-8.,30.595555555556));
#6858 = LINE('',#6859,#6860);
#6859 = CARTESIAN_POINT('',(102.26886145404,-8.,29.484444444444));
#6860 = VECTOR('',#6861,1.);
#6861 = DIRECTION('',(0.691044328918,0.,0.722812379162));
#6862 = ORIENTED_EDGE('',*,*,#6863,.T.);
#6863 = EDGE_CURVE('',#6856,#6864,#6866,.T.);
#6864 = VERTEX_POINT('',#6865);
#6865 = CARTESIAN_POINT('',(103.84910836762,-8.,31.151111111111));
#6866 = LINE('',#6867,#6868);
#6867 = CARTESIAN_POINT('',(103.33113854595,-8.,30.595555555556));
#6868 = VECTOR('',#6869,1.);
#6869 = DIRECTION('',(0.681932082106,0.,0.731415501199));
#6870 = ORIENTED_EDGE('',*,*,#6871,.T.);
#6871 = EDGE_CURVE('',#6864,#6872,#6874,.T.);
#6872 = VERTEX_POINT('',#6873);
#6873 = CARTESIAN_POINT('',(104.34074074074,-8.,31.706666666667));
#6874 = LINE('',#6875,#6876);
#6875 = CARTESIAN_POINT('',(103.84910836762,-8.,31.151111111111));
#6876 = VECTOR('',#6877,1.);
#6877 = DIRECTION('',(0.662709521533,0.,0.748876551956));
#6878 = ORIENTED_EDGE('',*,*,#6879,.T.);
#6879 = EDGE_CURVE('',#6872,#6880,#6882,.T.);
#6880 = VERTEX_POINT('',#6881);
#6881 = CARTESIAN_POINT('',(104.79286694101,-8.,32.262222222222));
#6882 = LINE('',#6883,#6884);
#6883 = CARTESIAN_POINT('',(104.34074074074,-8.,31.706666666667));
#6884 = VECTOR('',#6885,1.);
#6885 = DIRECTION('',(0.631212461229,0.,0.77560997208));
#6886 = ORIENTED_EDGE('',*,*,#6887,.T.);
#6887 = EDGE_CURVE('',#6880,#6888,#6890,.T.);
#6888 = VERTEX_POINT('',#6889);
#6889 = CARTESIAN_POINT('',(105.19231824417,-8.,32.817777777778));
#6890 = LINE('',#6891,#6892);
#6891 = CARTESIAN_POINT('',(104.79286694101,-8.,32.262222222222));
#6892 = VECTOR('',#6893,1.);
#6893 = DIRECTION('',(0.583776486487,0.,0.811914412869));
#6894 = ORIENTED_EDGE('',*,*,#6895,.T.);
#6895 = EDGE_CURVE('',#6888,#6896,#6898,.T.);
#6896 = VERTEX_POINT('',#6897);
#6897 = CARTESIAN_POINT('',(105.52592592592,-8.,33.373333333333));
#6898 = LINE('',#6899,#6900);
#6899 = CARTESIAN_POINT('',(105.19231824417,-8.,32.817777777778));
#6900 = VECTOR('',#6901,1.);
#6901 = DIRECTION('',(0.514807016402,0.,0.857306092282));
#6902 = ORIENTED_EDGE('',*,*,#6903,.T.);
#6903 = EDGE_CURVE('',#6896,#6904,#6906,.T.);
#6904 = VERTEX_POINT('',#6905);
#6905 = CARTESIAN_POINT('',(105.780521262,-8.,33.928888888889));
#6906 = LINE('',#6907,#6908);
#6907 = CARTESIAN_POINT('',(105.52592592592,-8.,33.373333333333));
#6908 = VECTOR('',#6909,1.);
#6909 = DIRECTION('',(0.416608335402,0.,0.909086076713));
#6910 = ORIENTED_EDGE('',*,*,#6911,.T.);
#6911 = EDGE_CURVE('',#6904,#6638,#6912,.T.);
#6912 = LINE('',#6913,#6914);
#6913 = CARTESIAN_POINT('',(105.780521262,-8.,33.928888888889));
#6914 = VECTOR('',#6915,1.);
#6915 = DIRECTION('',(0.280600582118,0.,0.959824626333));
#6916 = ORIENTED_EDGE('',*,*,#6637,.T.);
#6917 = ORIENTED_EDGE('',*,*,#2220,.T.);
#6918 = ORIENTED_EDGE('',*,*,#2867,.F.);
#6919 = ORIENTED_EDGE('',*,*,#4879,.F.);
#6920 = ORIENTED_EDGE('',*,*,#4903,.F.);
#6921 = ORIENTED_EDGE('',*,*,#4927,.F.);
#6922 = ORIENTED_EDGE('',*,*,#4951,.F.);
#6923 = ORIENTED_EDGE('',*,*,#4975,.F.);
#6924 = ORIENTED_EDGE('',*,*,#4999,.F.);
#6925 = ORIENTED_EDGE('',*,*,#5023,.F.);
#6926 = ORIENTED_EDGE('',*,*,#5047,.F.);
#6927 = ORIENTED_EDGE('',*,*,#5071,.F.);
#6928 = ORIENTED_EDGE('',*,*,#5095,.F.);
#6929 = ORIENTED_EDGE('',*,*,#5121,.F.);
#6930 = ORIENTED_EDGE('',*,*,#6931,.F.);
#6931 = EDGE_CURVE('',#6932,#5112,#6934,.T.);
#6932 = VERTEX_POINT('',#6933);
#6933 = CARTESIAN_POINT('',(78.740740740741,-8.,28.373333333333));
#6934 = LINE('',#6935,#6936);
#6935 = CARTESIAN_POINT('',(78.740740740741,-8.,28.373333333333));
#6936 = VECTOR('',#6937,1.);
#6937 = DIRECTION('',(-0.662709521533,0.,0.748876551956));
#6938 = ORIENTED_EDGE('',*,*,#6939,.F.);
#6939 = EDGE_CURVE('',#6940,#6932,#6942,.T.);
#6940 = VERTEX_POINT('',#6941);
#6941 = CARTESIAN_POINT('',(79.192866941015,-8.,27.817777777778));
#6942 = LINE('',#6943,#6944);
#6943 = CARTESIAN_POINT('',(79.192866941015,-8.,27.817777777778));
#6944 = VECTOR('',#6945,1.);
#6945 = DIRECTION('',(-0.631212461229,0.,0.77560997208));
#6946 = ORIENTED_EDGE('',*,*,#6947,.F.);
#6947 = EDGE_CURVE('',#6948,#6940,#6950,.T.);
#6948 = VERTEX_POINT('',#6949);
#6949 = CARTESIAN_POINT('',(79.59231824417,-8.,27.262222222222));
#6950 = LINE('',#6951,#6952);
#6951 = CARTESIAN_POINT('',(79.59231824417,-8.,27.262222222222));
#6952 = VECTOR('',#6953,1.);
#6953 = DIRECTION('',(-0.583776486487,0.,0.811914412869));
#6954 = ORIENTED_EDGE('',*,*,#6955,.F.);
#6955 = EDGE_CURVE('',#6956,#6948,#6958,.T.);
#6956 = VERTEX_POINT('',#6957);
#6957 = CARTESIAN_POINT('',(79.925925925926,-8.,26.706666666667));
#6958 = LINE('',#6959,#6960);
#6959 = CARTESIAN_POINT('',(79.925925925926,-8.,26.706666666667));
#6960 = VECTOR('',#6961,1.);
#6961 = DIRECTION('',(-0.514807016402,0.,0.857306092282));
#6962 = ORIENTED_EDGE('',*,*,#6963,.F.);
#6963 = EDGE_CURVE('',#6964,#6956,#6966,.T.);
#6964 = VERTEX_POINT('',#6965);
#6965 = CARTESIAN_POINT('',(80.180521262003,-8.,26.151111111111));
#6966 = LINE('',#6967,#6968);
#6967 = CARTESIAN_POINT('',(80.180521262003,-8.,26.151111111111));
#6968 = VECTOR('',#6969,1.);
#6969 = DIRECTION('',(-0.416608335402,0.,0.909086076713));
#6970 = ORIENTED_EDGE('',*,*,#6971,.F.);
#6971 = EDGE_CURVE('',#6972,#6964,#6974,.T.);
#6972 = VERTEX_POINT('',#6973);
#6973 = CARTESIAN_POINT('',(80.342935528121,-8.,25.595555555556));
#6974 = LINE('',#6975,#6976);
#6975 = CARTESIAN_POINT('',(80.342935528121,-8.,25.595555555556));
#6976 = VECTOR('',#6977,1.);
#6977 = DIRECTION('',(-0.280600582118,0.,0.959824626333));
#6978 = ORIENTED_EDGE('',*,*,#6979,.F.);
#6979 = EDGE_CURVE('',#6980,#6972,#6982,.T.);
#6980 = VERTEX_POINT('',#6981);
#6981 = CARTESIAN_POINT('',(80.4,-8.,25.04));
#6982 = LINE('',#6983,#6984);
#6983 = CARTESIAN_POINT('',(80.4,-8.,25.04));
#6984 = VECTOR('',#6985,1.);
#6985 = DIRECTION('',(-0.102178442416,0.,0.994766086025));
#6986 = ORIENTED_EDGE('',*,*,#6987,.F.);
#6987 = EDGE_CURVE('',#6988,#6980,#6990,.T.);
#6988 = VERTEX_POINT('',#6989);
#6989 = CARTESIAN_POINT('',(80.4,-8.,24.04));
#6990 = LINE('',#6991,#6992);
#6991 = CARTESIAN_POINT('',(80.4,-8.,14.04));
#6992 = VECTOR('',#6993,1.);
#6993 = DIRECTION('',(0.,0.,1.));
#6994 = ORIENTED_EDGE('',*,*,#6995,.T.);
#6995 = EDGE_CURVE('',#6988,#6996,#6998,.T.);
#6996 = VERTEX_POINT('',#6997);
#6997 = CARTESIAN_POINT('',(80.342935528121,-8.,23.484444444444));
#6998 = LINE('',#6999,#7000);
#6999 = CARTESIAN_POINT('',(80.4,-8.,24.04));
#7000 = VECTOR('',#7001,1.);
#7001 = DIRECTION('',(-0.102178442416,0.,-0.994766086025));
#7002 = ORIENTED_EDGE('',*,*,#7003,.T.);
#7003 = EDGE_CURVE('',#6996,#7004,#7006,.T.);
#7004 = VERTEX_POINT('',#7005);
#7005 = CARTESIAN_POINT('',(80.180521262003,-8.,22.928888888889));
#7006 = LINE('',#7007,#7008);
#7007 = CARTESIAN_POINT('',(80.342935528121,-8.,23.484444444444));
#7008 = VECTOR('',#7009,1.);
#7009 = DIRECTION('',(-0.280600582118,0.,-0.959824626333));
#7010 = ORIENTED_EDGE('',*,*,#7011,.T.);
#7011 = EDGE_CURVE('',#7004,#7012,#7014,.T.);
#7012 = VERTEX_POINT('',#7013);
#7013 = CARTESIAN_POINT('',(79.925925925926,-8.,22.373333333333));
#7014 = LINE('',#7015,#7016);
#7015 = CARTESIAN_POINT('',(80.180521262003,-8.,22.928888888889));
#7016 = VECTOR('',#7017,1.);
#7017 = DIRECTION('',(-0.416608335402,0.,-0.909086076713));
#7018 = ORIENTED_EDGE('',*,*,#7019,.T.);
#7019 = EDGE_CURVE('',#7012,#7020,#7022,.T.);
#7020 = VERTEX_POINT('',#7021);
#7021 = CARTESIAN_POINT('',(79.59231824417,-8.,21.817777777778));
#7022 = LINE('',#7023,#7024);
#7023 = CARTESIAN_POINT('',(79.925925925926,-8.,22.373333333333));
#7024 = VECTOR('',#7025,1.);
#7025 = DIRECTION('',(-0.514807016402,0.,-0.857306092282));
#7026 = ORIENTED_EDGE('',*,*,#7027,.T.);
#7027 = EDGE_CURVE('',#7020,#7028,#7030,.T.);
#7028 = VERTEX_POINT('',#7029);
#7029 = CARTESIAN_POINT('',(79.192866941015,-8.,21.262222222222));
#7030 = LINE('',#7031,#7032);
#7031 = CARTESIAN_POINT('',(79.59231824417,-8.,21.817777777778));
#7032 = VECTOR('',#7033,1.);
#7033 = DIRECTION('',(-0.583776486487,0.,-0.811914412869));
#7034 = ORIENTED_EDGE('',*,*,#7035,.T.);
#7035 = EDGE_CURVE('',#7028,#7036,#7038,.T.);
#7036 = VERTEX_POINT('',#7037);
#7037 = CARTESIAN_POINT('',(78.740740740741,-8.,20.706666666667));
#7038 = LINE('',#7039,#7040);
#7039 = CARTESIAN_POINT('',(79.192866941015,-8.,21.262222222222));
#7040 = VECTOR('',#7041,1.);
#7041 = DIRECTION('',(-0.631212461229,0.,-0.77560997208));
#7042 = ORIENTED_EDGE('',*,*,#7043,.T.);
#7043 = EDGE_CURVE('',#7036,#5208,#7044,.T.);
#7044 = LINE('',#7045,#7046);
#7045 = CARTESIAN_POINT('',(78.740740740741,-8.,20.706666666667));
#7046 = VECTOR('',#7047,1.);
#7047 = DIRECTION('',(-0.662709521533,0.,-0.748876551956));
#7048 = ORIENTED_EDGE('',*,*,#5207,.T.);
#7049 = ORIENTED_EDGE('',*,*,#5247,.T.);
#7050 = ORIENTED_EDGE('',*,*,#5271,.T.);
#7051 = ORIENTED_EDGE('',*,*,#7052,.F.);
#7052 = EDGE_CURVE('',#7053,#5272,#7055,.T.);
#7053 = VERTEX_POINT('',#7054);
#7054 = CARTESIAN_POINT('',(71.,-8.,18.));
#7055 = LINE('',#7056,#7057);
#7056 = CARTESIAN_POINT('',(71.,-8.,18.));
#7057 = VECTOR('',#7058,1.);
#7058 = DIRECTION('',(1.,0.,-0.));
#7059 = ORIENTED_EDGE('',*,*,#7060,.F.);
#7060 = EDGE_CURVE('',#7061,#7053,#7063,.T.);
#7061 = VERTEX_POINT('',#7062);
#7062 = CARTESIAN_POINT('',(71.,-8.,0.));
#7063 = LINE('',#7064,#7065);
#7064 = CARTESIAN_POINT('',(71.,-8.,0.));
#7065 = VECTOR('',#7066,1.);
#7066 = DIRECTION('',(0.,0.,1.));
#7067 = ORIENTED_EDGE('',*,*,#7068,.T.);
#7068 = EDGE_CURVE('',#7061,#7069,#7071,.T.);
#7069 = VERTEX_POINT('',#7070);
#7070 = CARTESIAN_POINT('',(81.,-8.,0.));
#7071 = LINE('',#7072,#7073);
#7072 = CARTESIAN_POINT('',(71.,-8.,0.));
#7073 = VECTOR('',#7074,1.);
#7074 = DIRECTION('',(1.,0.,-0.));
#7075 = ORIENTED_EDGE('',*,*,#7076,.F.);
#7076 = EDGE_CURVE('',#6662,#7069,#7077,.T.);
#7077 = LINE('',#7078,#7079);
#7078 = CARTESIAN_POINT('',(81.,-8.,-2.75));
#7079 = VECTOR('',#7080,1.);
#7080 = DIRECTION('',(0.,0.,-1.));
#7081 = FACE_BOUND('',#7082,.T.);
#7082 = EDGE_LOOP('',(#7083,#7093,#7101,#7109));
#7083 = ORIENTED_EDGE('',*,*,#7084,.F.);
#7084 = EDGE_CURVE('',#7085,#7087,#7089,.T.);
#7085 = VERTEX_POINT('',#7086);
#7086 = CARTESIAN_POINT('',(83.6,-8.,18.));
#7087 = VERTEX_POINT('',#7088);
#7088 = CARTESIAN_POINT('',(96.4,-8.,18.));
#7089 = LINE('',#7090,#7091);
#7090 = CARTESIAN_POINT('',(71.,-8.,18.));
#7091 = VECTOR('',#7092,1.);
#7092 = DIRECTION('',(1.,0.,-0.));
#7093 = ORIENTED_EDGE('',*,*,#7094,.T.);
#7094 = EDGE_CURVE('',#7085,#7095,#7097,.T.);
#7095 = VERTEX_POINT('',#7096);
#7096 = CARTESIAN_POINT('',(83.6,-8.,35.04));
#7097 = LINE('',#7098,#7099);
#7098 = CARTESIAN_POINT('',(83.6,-8.,14.04));
#7099 = VECTOR('',#7100,1.);
#7100 = DIRECTION('',(0.,0.,1.));
#7101 = ORIENTED_EDGE('',*,*,#7102,.T.);
#7102 = EDGE_CURVE('',#7095,#7103,#7105,.T.);
#7103 = VERTEX_POINT('',#7104);
#7104 = CARTESIAN_POINT('',(96.4,-8.,35.04));
#7105 = LINE('',#7106,#7107);
#7106 = CARTESIAN_POINT('',(74.,-8.,35.04));
#7107 = VECTOR('',#7108,1.);
#7108 = DIRECTION('',(1.,0.,-0.));
#7109 = ORIENTED_EDGE('',*,*,#7110,.F.);
#7110 = EDGE_CURVE('',#7087,#7103,#7111,.T.);
#7111 = LINE('',#7112,#7113);
#7112 = CARTESIAN_POINT('',(96.4,-8.,14.04));
#7113 = VECTOR('',#7114,1.);
#7114 = DIRECTION('',(0.,0.,1.));
#7115 = PLANE('',#7116);
#7116 = AXIS2_PLACEMENT_3D('',#7117,#7118,#7119);
#7117 = CARTESIAN_POINT('',(90.,-8.,18.714587924965));
#7118 = DIRECTION('',(-0.,-1.,-0.));
#7119 = DIRECTION('',(0.,0.,-1.));
#7120 = ADVANCED_FACE('',(#7121),#7169,.T.);
#7121 = FACE_BOUND('',#7122,.T.);
#7122 = EDGE_LOOP('',(#7123,#7129,#7130,#7138,#7147,#7156,#7162,#7163));
#7123 = ORIENTED_EDGE('',*,*,#7124,.F.);
#7124 = EDGE_CURVE('',#6688,#6608,#7125,.T.);
#7125 = LINE('',#7126,#7127);
#7126 = CARTESIAN_POINT('',(109.,-8.,18.));
#7127 = VECTOR('',#7128,1.);
#7128 = DIRECTION('',(-0.,1.,0.));
#7129 = ORIENTED_EDGE('',*,*,#6687,.F.);
#7130 = ORIENTED_EDGE('',*,*,#7131,.T.);
#7131 = EDGE_CURVE('',#6680,#7132,#7134,.T.);
#7132 = VERTEX_POINT('',#7133);
#7133 = CARTESIAN_POINT('',(109.,-6.26,0.));
#7134 = LINE('',#7135,#7136);
#7135 = CARTESIAN_POINT('',(109.,-8.,0.));
#7136 = VECTOR('',#7137,1.);
#7137 = DIRECTION('',(-0.,1.,0.));
#7138 = ORIENTED_EDGE('',*,*,#7139,.F.);
#7139 = EDGE_CURVE('',#7140,#7132,#7142,.T.);
#7140 = VERTEX_POINT('',#7141);
#7141 = CARTESIAN_POINT('',(109.,1.533257792532E-15,6.26));
#7142 = CIRCLE('',#7143,6.26);
#7143 = AXIS2_PLACEMENT_3D('',#7144,#7145,#7146);
#7144 = CARTESIAN_POINT('',(109.,0.,0.));
#7145 = DIRECTION('',(1.,0.,0.));
#7146 = DIRECTION('',(-0.,0.,1.));
#7147 = ORIENTED_EDGE('',*,*,#7148,.F.);
#7148 = EDGE_CURVE('',#7149,#7140,#7151,.T.);
#7149 = VERTEX_POINT('',#7150);
#7150 = CARTESIAN_POINT('',(109.,6.26,0.));
#7151 = CIRCLE('',#7152,6.26);
#7152 = AXIS2_PLACEMENT_3D('',#7153,#7154,#7155);
#7153 = CARTESIAN_POINT('',(109.,0.,0.));
#7154 = DIRECTION('',(1.,0.,0.));
#7155 = DIRECTION('',(-0.,0.,1.));
#7156 = ORIENTED_EDGE('',*,*,#7157,.T.);
#7157 = EDGE_CURVE('',#7149,#2283,#7158,.T.);
#7158 = LINE('',#7159,#7160);
#7159 = CARTESIAN_POINT('',(109.,-8.,0.));
#7160 = VECTOR('',#7161,1.);
#7161 = DIRECTION('',(-0.,1.,0.));
#7162 = ORIENTED_EDGE('',*,*,#2282,.T.);
#7163 = ORIENTED_EDGE('',*,*,#7164,.F.);
#7164 = EDGE_CURVE('',#6608,#2285,#7165,.T.);
#7165 = LINE('',#7166,#7167);
#7166 = CARTESIAN_POINT('',(109.,-8.,18.));
#7167 = VECTOR('',#7168,1.);
#7168 = DIRECTION('',(-0.,1.,0.));
#7169 = PLANE('',#7170);
#7170 = AXIS2_PLACEMENT_3D('',#7171,#7172,#7173);
#7171 = CARTESIAN_POINT('',(109.,-8.,0.));
#7172 = DIRECTION('',(1.,0.,-0.));
#7173 = DIRECTION('',(0.,0.,1.));
#7174 = ADVANCED_FACE('',(#7175),#7193,.F.);
#7175 = FACE_BOUND('',#7176,.F.);
#7176 = EDGE_LOOP('',(#7177,#7178,#7184,#7185,#7186,#7187));
#7177 = ORIENTED_EDGE('',*,*,#6103,.F.);
#7178 = ORIENTED_EDGE('',*,*,#7179,.T.);
#7179 = EDGE_CURVE('',#6104,#2445,#7180,.T.);
#7180 = LINE('',#7181,#7182);
#7181 = CARTESIAN_POINT('',(103.78280823045,53.002762532552,18.));
#7182 = VECTOR('',#7183,1.);
#7183 = DIRECTION('',(0.,-1.,0.));
#7184 = ORIENTED_EDGE('',*,*,#2452,.T.);
#7185 = ORIENTED_EDGE('',*,*,#7164,.F.);
#7186 = ORIENTED_EDGE('',*,*,#6615,.T.);
#7187 = ORIENTED_EDGE('',*,*,#7188,.F.);
#7188 = EDGE_CURVE('',#6096,#6616,#7189,.T.);
#7189 = LINE('',#7190,#7191);
#7190 = CARTESIAN_POINT('',(140.,0.,18.));
#7191 = VECTOR('',#7192,1.);
#7192 = DIRECTION('',(0.,-1.,0.));
#7193 = PLANE('',#7194);
#7194 = AXIS2_PLACEMENT_3D('',#7195,#7196,#7197);
#7195 = CARTESIAN_POINT('',(98.,0.,18.));
#7196 = DIRECTION('',(0.,0.,1.));
#7197 = DIRECTION('',(1.,0.,-0.));
#7198 = ADVANCED_FACE('',(#7199),#7217,.T.);
#7199 = FACE_BOUND('',#7200,.T.);
#7200 = EDGE_LOOP('',(#7201,#7207,#7208,#7209,#7210,#7216));
#7201 = ORIENTED_EDGE('',*,*,#7202,.F.);
#7202 = EDGE_CURVE('',#6112,#5902,#7203,.T.);
#7203 = LINE('',#7204,#7205);
#7204 = CARTESIAN_POINT('',(103.33113854595,24.,18.484444444444));
#7205 = VECTOR('',#7206,1.);
#7206 = DIRECTION('',(0.,1.,0.));
#7207 = ORIENTED_EDGE('',*,*,#6111,.F.);
#7208 = ORIENTED_EDGE('',*,*,#7179,.T.);
#7209 = ORIENTED_EDGE('',*,*,#2444,.F.);
#7210 = ORIENTED_EDGE('',*,*,#7211,.T.);
#7211 = EDGE_CURVE('',#2437,#6032,#7212,.T.);
#7212 = LINE('',#7213,#7214);
#7213 = CARTESIAN_POINT('',(103.84910836762,-8.,17.928888888889));
#7214 = VECTOR('',#7215,1.);
#7215 = DIRECTION('',(0.,1.,0.));
#7216 = ORIENTED_EDGE('',*,*,#6039,.T.);
#7217 = PLANE('',#7218);
#7218 = AXIS2_PLACEMENT_3D('',#7219,#7220,#7221);
#7219 = CARTESIAN_POINT('',(103.58635573764,106.0055250651,
    18.210707784929));
#7220 = DIRECTION('',(0.731415501199,0.,0.681932082106));
#7221 = DIRECTION('',(-0.681932082106,0.,0.731415501199));
#7222 = ADVANCED_FACE('',(#7223),#7234,.T.);
#7223 = FACE_BOUND('',#7224,.T.);
#7224 = EDGE_LOOP('',(#7225,#7226,#7232,#7233));
#7225 = ORIENTED_EDGE('',*,*,#2436,.F.);
#7226 = ORIENTED_EDGE('',*,*,#7227,.T.);
#7227 = EDGE_CURVE('',#2429,#6024,#7228,.T.);
#7228 = LINE('',#7229,#7230);
#7229 = CARTESIAN_POINT('',(104.34074074074,-8.,17.373333333333));
#7230 = VECTOR('',#7231,1.);
#7231 = DIRECTION('',(0.,1.,0.));
#7232 = ORIENTED_EDGE('',*,*,#6031,.T.);
#7233 = ORIENTED_EDGE('',*,*,#7211,.F.);
#7234 = PLANE('',#7235);
#7235 = AXIS2_PLACEMENT_3D('',#7236,#7237,#7238);
#7236 = CARTESIAN_POINT('',(104.09492455418,119.,17.651111111111));
#7237 = DIRECTION('',(0.748876551956,0.,0.662709521533));
#7238 = DIRECTION('',(-0.662709521533,0.,0.748876551956));
#7239 = ADVANCED_FACE('',(#7240),#7251,.T.);
#7240 = FACE_BOUND('',#7241,.T.);
#7241 = EDGE_LOOP('',(#7242,#7243,#7249,#7250));
#7242 = ORIENTED_EDGE('',*,*,#2428,.F.);
#7243 = ORIENTED_EDGE('',*,*,#7244,.T.);
#7244 = EDGE_CURVE('',#2421,#6016,#7245,.T.);
#7245 = LINE('',#7246,#7247);
#7246 = CARTESIAN_POINT('',(104.79286694101,-8.,16.817777777778));
#7247 = VECTOR('',#7248,1.);
#7248 = DIRECTION('',(0.,1.,0.));
#7249 = ORIENTED_EDGE('',*,*,#6023,.T.);
#7250 = ORIENTED_EDGE('',*,*,#7227,.F.);
#7251 = PLANE('',#7252);
#7252 = AXIS2_PLACEMENT_3D('',#7253,#7254,#7255);
#7253 = CARTESIAN_POINT('',(104.56680384087,119.,17.095555555556));
#7254 = DIRECTION('',(0.77560997208,0.,0.631212461229));
#7255 = DIRECTION('',(-0.631212461229,0.,0.77560997208));
#7256 = ADVANCED_FACE('',(#7257),#7268,.T.);
#7257 = FACE_BOUND('',#7258,.T.);
#7258 = EDGE_LOOP('',(#7259,#7260,#7266,#7267));
#7259 = ORIENTED_EDGE('',*,*,#2420,.F.);
#7260 = ORIENTED_EDGE('',*,*,#7261,.T.);
#7261 = EDGE_CURVE('',#2413,#6008,#7262,.T.);
#7262 = LINE('',#7263,#7264);
#7263 = CARTESIAN_POINT('',(105.19231824417,-8.,16.262222222222));
#7264 = VECTOR('',#7265,1.);
#7265 = DIRECTION('',(0.,1.,0.));
#7266 = ORIENTED_EDGE('',*,*,#6015,.T.);
#7267 = ORIENTED_EDGE('',*,*,#7244,.F.);
#7268 = PLANE('',#7269);
#7269 = AXIS2_PLACEMENT_3D('',#7270,#7271,#7272);
#7270 = CARTESIAN_POINT('',(104.99259259259,119.,16.54));
#7271 = DIRECTION('',(0.811914412869,0.,0.583776486487));
#7272 = DIRECTION('',(-0.583776486487,0.,0.811914412869));
#7273 = ADVANCED_FACE('',(#7274),#7285,.T.);
#7274 = FACE_BOUND('',#7275,.T.);
#7275 = EDGE_LOOP('',(#7276,#7277,#7283,#7284));
#7276 = ORIENTED_EDGE('',*,*,#2412,.F.);
#7277 = ORIENTED_EDGE('',*,*,#7278,.T.);
#7278 = EDGE_CURVE('',#2405,#6000,#7279,.T.);
#7279 = LINE('',#7280,#7281);
#7280 = CARTESIAN_POINT('',(105.52592592592,-8.,15.706666666667));
#7281 = VECTOR('',#7282,1.);
#7282 = DIRECTION('',(0.,1.,0.));
#7283 = ORIENTED_EDGE('',*,*,#6007,.T.);
#7284 = ORIENTED_EDGE('',*,*,#7261,.F.);
#7285 = PLANE('',#7286);
#7286 = AXIS2_PLACEMENT_3D('',#7287,#7288,#7289);
#7287 = CARTESIAN_POINT('',(105.35912208504,119.,15.984444444444));
#7288 = DIRECTION('',(0.857306092282,0.,0.514807016402));
#7289 = DIRECTION('',(-0.514807016402,0.,0.857306092282));
#7290 = ADVANCED_FACE('',(#7291),#7302,.T.);
#7291 = FACE_BOUND('',#7292,.T.);
#7292 = EDGE_LOOP('',(#7293,#7294,#7300,#7301));
#7293 = ORIENTED_EDGE('',*,*,#2404,.F.);
#7294 = ORIENTED_EDGE('',*,*,#7295,.T.);
#7295 = EDGE_CURVE('',#2397,#5992,#7296,.T.);
#7296 = LINE('',#7297,#7298);
#7297 = CARTESIAN_POINT('',(105.780521262,-8.,15.151111111111));
#7298 = VECTOR('',#7299,1.);
#7299 = DIRECTION('',(0.,1.,0.));
#7300 = ORIENTED_EDGE('',*,*,#5999,.T.);
#7301 = ORIENTED_EDGE('',*,*,#7278,.F.);
#7302 = PLANE('',#7303);
#7303 = AXIS2_PLACEMENT_3D('',#7304,#7305,#7306);
#7304 = CARTESIAN_POINT('',(105.65322359396,119.,15.428888888889));
#7305 = DIRECTION('',(0.909086076713,0.,0.416608335402));
#7306 = DIRECTION('',(-0.416608335402,0.,0.909086076713));
#7307 = ADVANCED_FACE('',(#7308),#7314,.T.);
#7308 = FACE_BOUND('',#7309,.T.);
#7309 = EDGE_LOOP('',(#7310,#7311,#7312,#7313));
#7310 = ORIENTED_EDGE('',*,*,#2396,.F.);
#7311 = ORIENTED_EDGE('',*,*,#5887,.T.);
#7312 = ORIENTED_EDGE('',*,*,#5991,.T.);
#7313 = ORIENTED_EDGE('',*,*,#7295,.F.);
#7314 = PLANE('',#7315);
#7315 = AXIS2_PLACEMENT_3D('',#7316,#7317,#7318);
#7316 = CARTESIAN_POINT('',(105.86172839506,119.,14.873333333333));
#7317 = DIRECTION('',(0.959824626333,0.,0.280600582118));
#7318 = DIRECTION('',(-0.280600582118,0.,0.959824626333));
#7319 = ADVANCED_FACE('',(#7320),#7331,.T.);
#7320 = FACE_BOUND('',#7321,.T.);
#7321 = EDGE_LOOP('',(#7322,#7323,#7329,#7330));
#7322 = ORIENTED_EDGE('',*,*,#2308,.F.);
#7323 = ORIENTED_EDGE('',*,*,#7324,.F.);
#7324 = EDGE_CURVE('',#7053,#2301,#7325,.T.);
#7325 = LINE('',#7326,#7327);
#7326 = CARTESIAN_POINT('',(71.,-8.,18.));
#7327 = VECTOR('',#7328,1.);
#7328 = DIRECTION('',(-0.,1.,0.));
#7329 = ORIENTED_EDGE('',*,*,#7052,.T.);
#7330 = ORIENTED_EDGE('',*,*,#5288,.F.);
#7331 = PLANE('',#7332);
#7332 = AXIS2_PLACEMENT_3D('',#7333,#7334,#7335);
#7333 = CARTESIAN_POINT('',(71.,-8.,18.));
#7334 = DIRECTION('',(0.,0.,1.));
#7335 = DIRECTION('',(1.,0.,-0.));
#7336 = ADVANCED_FACE('',(#7337),#7374,.F.);
#7337 = FACE_BOUND('',#7338,.F.);
#7338 = EDGE_LOOP('',(#7339,#7340,#7341,#7349,#7358,#7367,#7373));
#7339 = ORIENTED_EDGE('',*,*,#7324,.F.);
#7340 = ORIENTED_EDGE('',*,*,#7060,.F.);
#7341 = ORIENTED_EDGE('',*,*,#7342,.T.);
#7342 = EDGE_CURVE('',#7061,#7343,#7345,.T.);
#7343 = VERTEX_POINT('',#7344);
#7344 = CARTESIAN_POINT('',(71.,-6.26,0.));
#7345 = LINE('',#7346,#7347);
#7346 = CARTESIAN_POINT('',(71.,-8.,0.));
#7347 = VECTOR('',#7348,1.);
#7348 = DIRECTION('',(-0.,1.,0.));
#7349 = ORIENTED_EDGE('',*,*,#7350,.F.);
#7350 = EDGE_CURVE('',#7351,#7343,#7353,.T.);
#7351 = VERTEX_POINT('',#7352);
#7352 = CARTESIAN_POINT('',(71.,1.533257792532E-15,6.26));
#7353 = CIRCLE('',#7354,6.26);
#7354 = AXIS2_PLACEMENT_3D('',#7355,#7356,#7357);
#7355 = CARTESIAN_POINT('',(71.,0.,0.));
#7356 = DIRECTION('',(1.,0.,0.));
#7357 = DIRECTION('',(-0.,0.,1.));
#7358 = ORIENTED_EDGE('',*,*,#7359,.F.);
#7359 = EDGE_CURVE('',#7360,#7351,#7362,.T.);
#7360 = VERTEX_POINT('',#7361);
#7361 = CARTESIAN_POINT('',(71.,6.26,0.));
#7362 = CIRCLE('',#7363,6.26);
#7363 = AXIS2_PLACEMENT_3D('',#7364,#7365,#7366);
#7364 = CARTESIAN_POINT('',(71.,0.,0.));
#7365 = DIRECTION('',(1.,0.,0.));
#7366 = DIRECTION('',(-0.,0.,1.));
#7367 = ORIENTED_EDGE('',*,*,#7368,.T.);
#7368 = EDGE_CURVE('',#7360,#2293,#7369,.T.);
#7369 = LINE('',#7370,#7371);
#7370 = CARTESIAN_POINT('',(71.,-8.,0.));
#7371 = VECTOR('',#7372,1.);
#7372 = DIRECTION('',(-0.,1.,0.));
#7373 = ORIENTED_EDGE('',*,*,#2300,.T.);
#7374 = PLANE('',#7375);
#7375 = AXIS2_PLACEMENT_3D('',#7376,#7377,#7378);
#7376 = CARTESIAN_POINT('',(71.,-8.,0.));
#7377 = DIRECTION('',(1.,0.,-0.));
#7378 = DIRECTION('',(0.,0.,1.));
#7379 = ADVANCED_FACE('',(#7380,#7391),#7402,.F.);
#7380 = FACE_BOUND('',#7381,.F.);
#7381 = EDGE_LOOP('',(#7382,#7388,#7389,#7390));
#7382 = ORIENTED_EDGE('',*,*,#7383,.T.);
#7383 = EDGE_CURVE('',#7360,#7149,#7384,.T.);
#7384 = LINE('',#7385,#7386);
#7385 = CARTESIAN_POINT('',(70.,6.26,0.));
#7386 = VECTOR('',#7387,1.);
#7387 = DIRECTION('',(1.,0.,0.));
#7388 = ORIENTED_EDGE('',*,*,#7157,.T.);
#7389 = ORIENTED_EDGE('',*,*,#2292,.F.);
#7390 = ORIENTED_EDGE('',*,*,#7368,.F.);
#7391 = FACE_BOUND('',#7392,.F.);
#7392 = EDGE_LOOP('',(#7393));
#7393 = ORIENTED_EDGE('',*,*,#7394,.F.);
#7394 = EDGE_CURVE('',#7395,#7395,#7397,.T.);
#7395 = VERTEX_POINT('',#7396);
#7396 = CARTESIAN_POINT('',(92.3,11.,0.));
#7397 = CIRCLE('',#7398,2.3);
#7398 = AXIS2_PLACEMENT_3D('',#7399,#7400,#7401);
#7399 = CARTESIAN_POINT('',(90.,11.,0.));
#7400 = DIRECTION('',(0.,0.,1.));
#7401 = DIRECTION('',(1.,0.,-0.));
#7402 = PLANE('',#7403);
#7403 = AXIS2_PLACEMENT_3D('',#7404,#7405,#7406);
#7404 = CARTESIAN_POINT('',(71.,-8.,0.));
#7405 = DIRECTION('',(0.,0.,1.));
#7406 = DIRECTION('',(1.,0.,-0.));
#7407 = ADVANCED_FACE('',(#7408),#7419,.F.);
#7408 = FACE_BOUND('',#7409,.F.);
#7409 = EDGE_LOOP('',(#7410,#7411,#7412,#7418));
#7410 = ORIENTED_EDGE('',*,*,#2537,.T.);
#7411 = ORIENTED_EDGE('',*,*,#2563,.T.);
#7412 = ORIENTED_EDGE('',*,*,#7413,.T.);
#7413 = EDGE_CURVE('',#2564,#2516,#7414,.T.);
#7414 = LINE('',#7415,#7416);
#7415 = CARTESIAN_POINT('',(70.6,190.68,13.8));
#7416 = VECTOR('',#7417,1.);
#7417 = DIRECTION('',(-0.,1.,0.));
#7418 = ORIENTED_EDGE('',*,*,#2523,.T.);
#7419 = PLANE('',#7420);
#7420 = AXIS2_PLACEMENT_3D('',#7421,#7422,#7423);
#7421 = CARTESIAN_POINT('',(70.2,190.68,13.8));
#7422 = DIRECTION('',(0.,0.,1.));
#7423 = DIRECTION('',(1.,0.,-0.));
#7424 = ADVANCED_FACE('',(#7425),#7431,.T.);
#7425 = FACE_BOUND('',#7426,.T.);
#7426 = EDGE_LOOP('',(#7427,#7428,#7429,#7430));
#7427 = ORIENTED_EDGE('',*,*,#5416,.F.);
#7428 = ORIENTED_EDGE('',*,*,#2571,.F.);
#7429 = ORIENTED_EDGE('',*,*,#7413,.T.);
#7430 = ORIENTED_EDGE('',*,*,#2515,.T.);
#7431 = PLANE('',#7432);
#7432 = AXIS2_PLACEMENT_3D('',#7433,#7434,#7435);
#7433 = CARTESIAN_POINT('',(70.6,190.68,13.8));
#7434 = DIRECTION('',(1.,0.,-0.));
#7435 = DIRECTION('',(0.,0.,1.));
#7436 = ADVANCED_FACE('',(#7437),#7455,.T.);
#7437 = FACE_BOUND('',#7438,.T.);
#7438 = EDGE_LOOP('',(#7439,#7440,#7441,#7449));
#7439 = ORIENTED_EDGE('',*,*,#5680,.T.);
#7440 = ORIENTED_EDGE('',*,*,#2789,.T.);
#7441 = ORIENTED_EDGE('',*,*,#7442,.T.);
#7442 = EDGE_CURVE('',#2782,#7443,#7445,.T.);
#7443 = VERTEX_POINT('',#7444);
#7444 = CARTESIAN_POINT('',(-70.2,216.,14.2));
#7445 = LINE('',#7446,#7447);
#7446 = CARTESIAN_POINT('',(-70.2,190.68,14.2));
#7447 = VECTOR('',#7448,1.);
#7448 = DIRECTION('',(-0.,1.,0.));
#7449 = ORIENTED_EDGE('',*,*,#7450,.T.);
#7450 = EDGE_CURVE('',#7443,#5681,#7451,.T.);
#7451 = LINE('',#7452,#7453);
#7452 = CARTESIAN_POINT('',(-35.3,216.,14.2));
#7453 = VECTOR('',#7454,1.);
#7454 = DIRECTION('',(-1.,0.,0.));
#7455 = PLANE('',#7456);
#7456 = AXIS2_PLACEMENT_3D('',#7457,#7458,#7459);
#7457 = CARTESIAN_POINT('',(-70.6,190.68,14.2));
#7458 = DIRECTION('',(0.,0.,1.));
#7459 = DIRECTION('',(1.,0.,-0.));
#7460 = ADVANCED_FACE('',(#7461),#7479,.T.);
#7461 = FACE_BOUND('',#7462,.T.);
#7462 = EDGE_LOOP('',(#7463,#7464,#7472,#7478));
#7463 = ORIENTED_EDGE('',*,*,#2781,.F.);
#7464 = ORIENTED_EDGE('',*,*,#7465,.T.);
#7465 = EDGE_CURVE('',#2774,#7466,#7468,.T.);
#7466 = VERTEX_POINT('',#7467);
#7467 = CARTESIAN_POINT('',(-70.2,216.,14.));
#7468 = LINE('',#7469,#7470);
#7469 = CARTESIAN_POINT('',(-70.2,190.68,14.));
#7470 = VECTOR('',#7471,1.);
#7471 = DIRECTION('',(-0.,1.,0.));
#7472 = ORIENTED_EDGE('',*,*,#7473,.T.);
#7473 = EDGE_CURVE('',#7466,#7443,#7474,.T.);
#7474 = LINE('',#7475,#7476);
#7475 = CARTESIAN_POINT('',(-70.2,216.,19.17));
#7476 = VECTOR('',#7477,1.);
#7477 = DIRECTION('',(0.,-0.,1.));
#7478 = ORIENTED_EDGE('',*,*,#7442,.F.);
#7479 = PLANE('',#7480);
#7480 = AXIS2_PLACEMENT_3D('',#7481,#7482,#7483);
#7481 = CARTESIAN_POINT('',(-70.2,190.68,13.8));
#7482 = DIRECTION('',(1.,0.,-0.));
#7483 = DIRECTION('',(0.,0.,1.));
#7484 = ADVANCED_FACE('',(#7485),#7549,.T.);
#7485 = FACE_BOUND('',#7486,.T.);
#7486 = EDGE_LOOP('',(#7487,#7488,#7489,#7497,#7505,#7511,#7512,#7520,
    #7528,#7534,#7535,#7543));
#7487 = ORIENTED_EDGE('',*,*,#7465,.F.);
#7488 = ORIENTED_EDGE('',*,*,#2773,.T.);
#7489 = ORIENTED_EDGE('',*,*,#7490,.T.);
#7490 = EDGE_CURVE('',#2766,#7491,#7493,.T.);
#7491 = VERTEX_POINT('',#7492);
#7492 = CARTESIAN_POINT('',(-53.35,214.615,14.));
#7493 = LINE('',#7494,#7495);
#7494 = CARTESIAN_POINT('',(-53.35,190.68,14.));
#7495 = VECTOR('',#7496,1.);
#7496 = DIRECTION('',(-0.,1.,0.));
#7497 = ORIENTED_EDGE('',*,*,#7498,.F.);
#7498 = EDGE_CURVE('',#7499,#7491,#7501,.T.);
#7499 = VERTEX_POINT('',#7500);
#7500 = CARTESIAN_POINT('',(-30.65,214.615,14.));
#7501 = LINE('',#7502,#7503);
#7502 = CARTESIAN_POINT('',(-61.875,214.615,14.));
#7503 = VECTOR('',#7504,1.);
#7504 = DIRECTION('',(-1.,-0.,0.));
#7505 = ORIENTED_EDGE('',*,*,#7506,.F.);
#7506 = EDGE_CURVE('',#2693,#7499,#7507,.T.);
#7507 = LINE('',#7508,#7509);
#7508 = CARTESIAN_POINT('',(-30.65,190.68,14.));
#7509 = VECTOR('',#7510,1.);
#7510 = DIRECTION('',(-0.,1.,0.));
#7511 = ORIENTED_EDGE('',*,*,#2692,.T.);
#7512 = ORIENTED_EDGE('',*,*,#7513,.T.);
#7513 = EDGE_CURVE('',#2685,#7514,#7516,.T.);
#7514 = VERTEX_POINT('',#7515);
#7515 = CARTESIAN_POINT('',(30.65,214.615,14.));
#7516 = LINE('',#7517,#7518);
#7517 = CARTESIAN_POINT('',(30.65,190.68,14.));
#7518 = VECTOR('',#7519,1.);
#7519 = DIRECTION('',(-0.,1.,0.));
#7520 = ORIENTED_EDGE('',*,*,#7521,.F.);
#7521 = EDGE_CURVE('',#7522,#7514,#7524,.T.);
#7522 = VERTEX_POINT('',#7523);
#7523 = CARTESIAN_POINT('',(53.35,214.615,14.));
#7524 = LINE('',#7525,#7526);
#7525 = CARTESIAN_POINT('',(-19.875,214.615,14.));
#7526 = VECTOR('',#7527,1.);
#7527 = DIRECTION('',(-1.,-0.,0.));
#7528 = ORIENTED_EDGE('',*,*,#7529,.F.);
#7529 = EDGE_CURVE('',#2612,#7522,#7530,.T.);
#7530 = LINE('',#7531,#7532);
#7531 = CARTESIAN_POINT('',(53.35,190.68,14.));
#7532 = VECTOR('',#7533,1.);
#7533 = DIRECTION('',(-0.,1.,0.));
#7534 = ORIENTED_EDGE('',*,*,#2611,.T.);
#7535 = ORIENTED_EDGE('',*,*,#7536,.T.);
#7536 = EDGE_CURVE('',#2604,#7537,#7539,.T.);
#7537 = VERTEX_POINT('',#7538);
#7538 = CARTESIAN_POINT('',(70.2,216.,14.));
#7539 = LINE('',#7540,#7541);
#7540 = CARTESIAN_POINT('',(70.2,190.68,14.));
#7541 = VECTOR('',#7542,1.);
#7542 = DIRECTION('',(-0.,1.,0.));
#7543 = ORIENTED_EDGE('',*,*,#7544,.T.);
#7544 = EDGE_CURVE('',#7537,#7466,#7545,.T.);
#7545 = LINE('',#7546,#7547);
#7546 = CARTESIAN_POINT('',(-35.2,216.,14.));
#7547 = VECTOR('',#7548,1.);
#7548 = DIRECTION('',(-1.,0.,0.));
#7549 = PLANE('',#7550);
#7550 = AXIS2_PLACEMENT_3D('',#7551,#7552,#7553);
#7551 = CARTESIAN_POINT('',(-70.4,190.68,14.));
#7552 = DIRECTION('',(0.,0.,1.));
#7553 = DIRECTION('',(1.,0.,-0.));
#7554 = ADVANCED_FACE('',(#7555),#7589,.F.);
#7555 = FACE_BOUND('',#7556,.F.);
#7556 = EDGE_LOOP('',(#7557,#7558,#7559,#7567,#7575,#7583));
#7557 = ORIENTED_EDGE('',*,*,#2765,.F.);
#7558 = ORIENTED_EDGE('',*,*,#7490,.T.);
#7559 = ORIENTED_EDGE('',*,*,#7560,.T.);
#7560 = EDGE_CURVE('',#7491,#7561,#7563,.T.);
#7561 = VERTEX_POINT('',#7562);
#7562 = CARTESIAN_POINT('',(-53.35,214.615,15.6));
#7563 = LINE('',#7564,#7565);
#7564 = CARTESIAN_POINT('',(-53.35,214.615,13.65));
#7565 = VECTOR('',#7566,1.);
#7566 = DIRECTION('',(0.,0.,1.));
#7567 = ORIENTED_EDGE('',*,*,#7568,.T.);
#7568 = EDGE_CURVE('',#7561,#7569,#7571,.T.);
#7569 = VERTEX_POINT('',#7570);
#7570 = CARTESIAN_POINT('',(-53.35,214.315,15.6));
#7571 = LINE('',#7572,#7573);
#7572 = CARTESIAN_POINT('',(-53.35,202.4975,15.6));
#7573 = VECTOR('',#7574,1.);
#7574 = DIRECTION('',(0.,-1.,0.));
#7575 = ORIENTED_EDGE('',*,*,#7576,.T.);
#7576 = EDGE_CURVE('',#7569,#7577,#7579,.T.);
#7577 = VERTEX_POINT('',#7578);
#7578 = CARTESIAN_POINT('',(-53.35,214.315,20.35));
#7579 = LINE('',#7580,#7581);
#7580 = CARTESIAN_POINT('',(-53.35,214.315,14.625));
#7581 = VECTOR('',#7582,1.);
#7582 = DIRECTION('',(0.,0.,1.));
#7583 = ORIENTED_EDGE('',*,*,#7584,.F.);
#7584 = EDGE_CURVE('',#2758,#7577,#7585,.T.);
#7585 = LINE('',#7586,#7587);
#7586 = CARTESIAN_POINT('',(-53.35,190.68,20.35));
#7587 = VECTOR('',#7588,1.);
#7588 = DIRECTION('',(-0.,1.,0.));
#7589 = PLANE('',#7590);
#7590 = AXIS2_PLACEMENT_3D('',#7591,#7592,#7593);
#7591 = CARTESIAN_POINT('',(-53.35,190.68,13.65));
#7592 = DIRECTION('',(1.,0.,-0.));
#7593 = DIRECTION('',(0.,0.,1.));
#7594 = ADVANCED_FACE('',(#7595),#7613,.T.);
#7595 = FACE_BOUND('',#7596,.T.);
#7596 = EDGE_LOOP('',(#7597,#7605,#7606,#7607));
#7597 = ORIENTED_EDGE('',*,*,#7598,.T.);
#7598 = EDGE_CURVE('',#7599,#7577,#7601,.T.);
#7599 = VERTEX_POINT('',#7600);
#7600 = CARTESIAN_POINT('',(-53.,214.315,20.35));
#7601 = LINE('',#7602,#7603);
#7602 = CARTESIAN_POINT('',(-61.875,214.315,20.35));
#7603 = VECTOR('',#7604,1.);
#7604 = DIRECTION('',(-1.,-0.,0.));
#7605 = ORIENTED_EDGE('',*,*,#7584,.F.);
#7606 = ORIENTED_EDGE('',*,*,#2757,.T.);
#7607 = ORIENTED_EDGE('',*,*,#7608,.F.);
#7608 = EDGE_CURVE('',#7599,#2750,#7609,.T.);
#7609 = LINE('',#7610,#7611);
#7610 = CARTESIAN_POINT('',(-53.,190.68,20.35));
#7611 = VECTOR('',#7612,1.);
#7612 = DIRECTION('',(0.,-1.,0.));
#7613 = PLANE('',#7614);
#7614 = AXIS2_PLACEMENT_3D('',#7615,#7616,#7617);
#7615 = CARTESIAN_POINT('',(-53.35,190.68,20.35));
#7616 = DIRECTION('',(0.,0.,1.));
#7617 = DIRECTION('',(1.,0.,-0.));
#7618 = ADVANCED_FACE('',(#7619),#7630,.F.);
#7619 = FACE_BOUND('',#7620,.F.);
#7620 = EDGE_LOOP('',(#7621,#7622,#7623,#7629));
#7621 = ORIENTED_EDGE('',*,*,#2749,.F.);
#7622 = ORIENTED_EDGE('',*,*,#7608,.F.);
#7623 = ORIENTED_EDGE('',*,*,#7624,.T.);
#7624 = EDGE_CURVE('',#7599,#5645,#7625,.T.);
#7625 = LINE('',#7626,#7627);
#7626 = CARTESIAN_POINT('',(-53.,214.315,17.8));
#7627 = VECTOR('',#7628,1.);
#7628 = DIRECTION('',(0.,0.,1.));
#7629 = ORIENTED_EDGE('',*,*,#5644,.F.);
#7630 = PLANE('',#7631);
#7631 = AXIS2_PLACEMENT_3D('',#7632,#7633,#7634);
#7632 = CARTESIAN_POINT('',(-53.,190.68,20.));
#7633 = DIRECTION('',(1.,0.,-0.));
#7634 = DIRECTION('',(0.,0.,1.));
#7635 = ADVANCED_FACE('',(#7636),#7654,.T.);
#7636 = FACE_BOUND('',#7637,.T.);
#7637 = EDGE_LOOP('',(#7638,#7639,#7647,#7653));
#7638 = ORIENTED_EDGE('',*,*,#2716,.F.);
#7639 = ORIENTED_EDGE('',*,*,#7640,.F.);
#7640 = EDGE_CURVE('',#7641,#2709,#7643,.T.);
#7641 = VERTEX_POINT('',#7642);
#7642 = CARTESIAN_POINT('',(-31.,214.315,20.35));
#7643 = LINE('',#7644,#7645);
#7644 = CARTESIAN_POINT('',(-31.,190.68,20.35));
#7645 = VECTOR('',#7646,1.);
#7646 = DIRECTION('',(0.,-1.,0.));
#7647 = ORIENTED_EDGE('',*,*,#7648,.T.);
#7648 = EDGE_CURVE('',#7641,#5571,#7649,.T.);
#7649 = LINE('',#7650,#7651);
#7650 = CARTESIAN_POINT('',(-31.,214.315,17.8));
#7651 = VECTOR('',#7652,1.);
#7652 = DIRECTION('',(0.,0.,1.));
#7653 = ORIENTED_EDGE('',*,*,#5570,.F.);
#7654 = PLANE('',#7655);
#7655 = AXIS2_PLACEMENT_3D('',#7656,#7657,#7658);
#7656 = CARTESIAN_POINT('',(-31.,190.68,20.));
#7657 = DIRECTION('',(1.,0.,-0.));
#7658 = DIRECTION('',(0.,0.,1.));
#7659 = ADVANCED_FACE('',(#7660),#7678,.T.);
#7660 = FACE_BOUND('',#7661,.T.);
#7661 = EDGE_LOOP('',(#7662,#7670,#7671,#7672));
#7662 = ORIENTED_EDGE('',*,*,#7663,.T.);
#7663 = EDGE_CURVE('',#7664,#7641,#7666,.T.);
#7664 = VERTEX_POINT('',#7665);
#7665 = CARTESIAN_POINT('',(-30.65,214.315,20.35));
#7666 = LINE('',#7667,#7668);
#7667 = CARTESIAN_POINT('',(-61.875,214.315,20.35));
#7668 = VECTOR('',#7669,1.);
#7669 = DIRECTION('',(-1.,-0.,0.));
#7670 = ORIENTED_EDGE('',*,*,#7640,.T.);
#7671 = ORIENTED_EDGE('',*,*,#2708,.T.);
#7672 = ORIENTED_EDGE('',*,*,#7673,.T.);
#7673 = EDGE_CURVE('',#2701,#7664,#7674,.T.);
#7674 = LINE('',#7675,#7676);
#7675 = CARTESIAN_POINT('',(-30.65,190.68,20.35));
#7676 = VECTOR('',#7677,1.);
#7677 = DIRECTION('',(-0.,1.,0.));
#7678 = PLANE('',#7679);
#7679 = AXIS2_PLACEMENT_3D('',#7680,#7681,#7682);
#7680 = CARTESIAN_POINT('',(-53.35,190.68,20.35));
#7681 = DIRECTION('',(0.,0.,1.));
#7682 = DIRECTION('',(1.,0.,-0.));
#7683 = ADVANCED_FACE('',(#7684),#7711,.T.);
#7684 = FACE_BOUND('',#7685,.T.);
#7685 = EDGE_LOOP('',(#7686,#7687,#7688,#7696,#7704,#7710));
#7686 = ORIENTED_EDGE('',*,*,#2700,.F.);
#7687 = ORIENTED_EDGE('',*,*,#7506,.T.);
#7688 = ORIENTED_EDGE('',*,*,#7689,.T.);
#7689 = EDGE_CURVE('',#7499,#7690,#7692,.T.);
#7690 = VERTEX_POINT('',#7691);
#7691 = CARTESIAN_POINT('',(-30.65,214.615,15.6));
#7692 = LINE('',#7693,#7694);
#7693 = CARTESIAN_POINT('',(-30.65,214.615,13.65));
#7694 = VECTOR('',#7695,1.);
#7695 = DIRECTION('',(0.,0.,1.));
#7696 = ORIENTED_EDGE('',*,*,#7697,.T.);
#7697 = EDGE_CURVE('',#7690,#7698,#7700,.T.);
#7698 = VERTEX_POINT('',#7699);
#7699 = CARTESIAN_POINT('',(-30.65,214.315,15.6));
#7700 = LINE('',#7701,#7702);
#7701 = CARTESIAN_POINT('',(-30.65,202.4975,15.6));
#7702 = VECTOR('',#7703,1.);
#7703 = DIRECTION('',(0.,-1.,0.));
#7704 = ORIENTED_EDGE('',*,*,#7705,.T.);
#7705 = EDGE_CURVE('',#7698,#7664,#7706,.T.);
#7706 = LINE('',#7707,#7708);
#7707 = CARTESIAN_POINT('',(-30.65,214.315,14.625));
#7708 = VECTOR('',#7709,1.);
#7709 = DIRECTION('',(0.,0.,1.));
#7710 = ORIENTED_EDGE('',*,*,#7673,.F.);
#7711 = PLANE('',#7712);
#7712 = AXIS2_PLACEMENT_3D('',#7713,#7714,#7715);
#7713 = CARTESIAN_POINT('',(-30.65,190.68,13.65));
#7714 = DIRECTION('',(1.,0.,-0.));
#7715 = DIRECTION('',(0.,0.,1.));
#7716 = ADVANCED_FACE('',(#7717),#7751,.F.);
#7717 = FACE_BOUND('',#7718,.F.);
#7718 = EDGE_LOOP('',(#7719,#7720,#7721,#7729,#7737,#7745));
#7719 = ORIENTED_EDGE('',*,*,#2684,.F.);
#7720 = ORIENTED_EDGE('',*,*,#7513,.T.);
#7721 = ORIENTED_EDGE('',*,*,#7722,.T.);
#7722 = EDGE_CURVE('',#7514,#7723,#7725,.T.);
#7723 = VERTEX_POINT('',#7724);
#7724 = CARTESIAN_POINT('',(30.65,214.615,15.6));
#7725 = LINE('',#7726,#7727);
#7726 = CARTESIAN_POINT('',(30.65,214.615,13.65));
#7727 = VECTOR('',#7728,1.);
#7728 = DIRECTION('',(0.,0.,1.));
#7729 = ORIENTED_EDGE('',*,*,#7730,.T.);
#7730 = EDGE_CURVE('',#7723,#7731,#7733,.T.);
#7731 = VERTEX_POINT('',#7732);
#7732 = CARTESIAN_POINT('',(30.65,214.315,15.6));
#7733 = LINE('',#7734,#7735);
#7734 = CARTESIAN_POINT('',(30.65,202.4975,15.6));
#7735 = VECTOR('',#7736,1.);
#7736 = DIRECTION('',(0.,-1.,0.));
#7737 = ORIENTED_EDGE('',*,*,#7738,.T.);
#7738 = EDGE_CURVE('',#7731,#7739,#7741,.T.);
#7739 = VERTEX_POINT('',#7740);
#7740 = CARTESIAN_POINT('',(30.65,214.315,20.35));
#7741 = LINE('',#7742,#7743);
#7742 = CARTESIAN_POINT('',(30.65,214.315,14.625));
#7743 = VECTOR('',#7744,1.);
#7744 = DIRECTION('',(0.,0.,1.));
#7745 = ORIENTED_EDGE('',*,*,#7746,.F.);
#7746 = EDGE_CURVE('',#2677,#7739,#7747,.T.);
#7747 = LINE('',#7748,#7749);
#7748 = CARTESIAN_POINT('',(30.65,190.68,20.35));
#7749 = VECTOR('',#7750,1.);
#7750 = DIRECTION('',(-0.,1.,0.));
#7751 = PLANE('',#7752);
#7752 = AXIS2_PLACEMENT_3D('',#7753,#7754,#7755);
#7753 = CARTESIAN_POINT('',(30.65,190.68,13.65));
#7754 = DIRECTION('',(1.,0.,-0.));
#7755 = DIRECTION('',(0.,0.,1.));
#7756 = ADVANCED_FACE('',(#7757),#7775,.T.);
#7757 = FACE_BOUND('',#7758,.T.);
#7758 = EDGE_LOOP('',(#7759,#7767,#7768,#7769));
#7759 = ORIENTED_EDGE('',*,*,#7760,.T.);
#7760 = EDGE_CURVE('',#7761,#7739,#7763,.T.);
#7761 = VERTEX_POINT('',#7762);
#7762 = CARTESIAN_POINT('',(31.,214.315,20.35));
#7763 = LINE('',#7764,#7765);
#7764 = CARTESIAN_POINT('',(-19.875,214.315,20.35));
#7765 = VECTOR('',#7766,1.);
#7766 = DIRECTION('',(-1.,-0.,0.));
#7767 = ORIENTED_EDGE('',*,*,#7746,.F.);
#7768 = ORIENTED_EDGE('',*,*,#2676,.T.);
#7769 = ORIENTED_EDGE('',*,*,#7770,.F.);
#7770 = EDGE_CURVE('',#7761,#2669,#7771,.T.);
#7771 = LINE('',#7772,#7773);
#7772 = CARTESIAN_POINT('',(31.,190.68,20.35));
#7773 = VECTOR('',#7774,1.);
#7774 = DIRECTION('',(0.,-1.,0.));
#7775 = PLANE('',#7776);
#7776 = AXIS2_PLACEMENT_3D('',#7777,#7778,#7779);
#7777 = CARTESIAN_POINT('',(30.65,190.68,20.35));
#7778 = DIRECTION('',(0.,0.,1.));
#7779 = DIRECTION('',(1.,0.,-0.));
#7780 = ADVANCED_FACE('',(#7781),#7792,.F.);
#7781 = FACE_BOUND('',#7782,.F.);
#7782 = EDGE_LOOP('',(#7783,#7784,#7785,#7791));
#7783 = ORIENTED_EDGE('',*,*,#2668,.F.);
#7784 = ORIENTED_EDGE('',*,*,#7770,.F.);
#7785 = ORIENTED_EDGE('',*,*,#7786,.T.);
#7786 = EDGE_CURVE('',#7761,#5589,#7787,.T.);
#7787 = LINE('',#7788,#7789);
#7788 = CARTESIAN_POINT('',(31.,214.315,17.8));
#7789 = VECTOR('',#7790,1.);
#7790 = DIRECTION('',(0.,0.,1.));
#7791 = ORIENTED_EDGE('',*,*,#5588,.F.);
#7792 = PLANE('',#7793);
#7793 = AXIS2_PLACEMENT_3D('',#7794,#7795,#7796);
#7794 = CARTESIAN_POINT('',(31.,190.68,20.));
#7795 = DIRECTION('',(1.,0.,-0.));
#7796 = DIRECTION('',(0.,0.,1.));
#7797 = ADVANCED_FACE('',(#7798),#7816,.T.);
#7798 = FACE_BOUND('',#7799,.T.);
#7799 = EDGE_LOOP('',(#7800,#7801,#7809,#7815));
#7800 = ORIENTED_EDGE('',*,*,#2635,.F.);
#7801 = ORIENTED_EDGE('',*,*,#7802,.F.);
#7802 = EDGE_CURVE('',#7803,#2628,#7805,.T.);
#7803 = VERTEX_POINT('',#7804);
#7804 = CARTESIAN_POINT('',(53.,214.315,20.35));
#7805 = LINE('',#7806,#7807);
#7806 = CARTESIAN_POINT('',(53.,190.68,20.35));
#7807 = VECTOR('',#7808,1.);
#7808 = DIRECTION('',(0.,-1.,0.));
#7809 = ORIENTED_EDGE('',*,*,#7810,.T.);
#7810 = EDGE_CURVE('',#7803,#5514,#7811,.T.);
#7811 = LINE('',#7812,#7813);
#7812 = CARTESIAN_POINT('',(53.,214.315,17.8));
#7813 = VECTOR('',#7814,1.);
#7814 = DIRECTION('',(0.,0.,1.));
#7815 = ORIENTED_EDGE('',*,*,#5521,.F.);
#7816 = PLANE('',#7817);
#7817 = AXIS2_PLACEMENT_3D('',#7818,#7819,#7820);
#7818 = CARTESIAN_POINT('',(53.,190.68,20.));
#7819 = DIRECTION('',(1.,0.,-0.));
#7820 = DIRECTION('',(0.,0.,1.));
#7821 = ADVANCED_FACE('',(#7822),#7840,.T.);
#7822 = FACE_BOUND('',#7823,.T.);
#7823 = EDGE_LOOP('',(#7824,#7832,#7833,#7834));
#7824 = ORIENTED_EDGE('',*,*,#7825,.T.);
#7825 = EDGE_CURVE('',#7826,#7803,#7828,.T.);
#7826 = VERTEX_POINT('',#7827);
#7827 = CARTESIAN_POINT('',(53.35,214.315,20.35));
#7828 = LINE('',#7829,#7830);
#7829 = CARTESIAN_POINT('',(-19.875,214.315,20.35));
#7830 = VECTOR('',#7831,1.);
#7831 = DIRECTION('',(-1.,-0.,0.));
#7832 = ORIENTED_EDGE('',*,*,#7802,.T.);
#7833 = ORIENTED_EDGE('',*,*,#2627,.T.);
#7834 = ORIENTED_EDGE('',*,*,#7835,.T.);
#7835 = EDGE_CURVE('',#2620,#7826,#7836,.T.);
#7836 = LINE('',#7837,#7838);
#7837 = CARTESIAN_POINT('',(53.35,190.68,20.35));
#7838 = VECTOR('',#7839,1.);
#7839 = DIRECTION('',(-0.,1.,0.));
#7840 = PLANE('',#7841);
#7841 = AXIS2_PLACEMENT_3D('',#7842,#7843,#7844);
#7842 = CARTESIAN_POINT('',(30.65,190.68,20.35));
#7843 = DIRECTION('',(0.,0.,1.));
#7844 = DIRECTION('',(1.,0.,-0.));
#7845 = ADVANCED_FACE('',(#7846),#7873,.T.);
#7846 = FACE_BOUND('',#7847,.T.);
#7847 = EDGE_LOOP('',(#7848,#7849,#7850,#7858,#7866,#7872));
#7848 = ORIENTED_EDGE('',*,*,#2619,.F.);
#7849 = ORIENTED_EDGE('',*,*,#7529,.T.);
#7850 = ORIENTED_EDGE('',*,*,#7851,.T.);
#7851 = EDGE_CURVE('',#7522,#7852,#7854,.T.);
#7852 = VERTEX_POINT('',#7853);
#7853 = CARTESIAN_POINT('',(53.35,214.615,15.6));
#7854 = LINE('',#7855,#7856);
#7855 = CARTESIAN_POINT('',(53.35,214.615,13.65));
#7856 = VECTOR('',#7857,1.);
#7857 = DIRECTION('',(0.,0.,1.));
#7858 = ORIENTED_EDGE('',*,*,#7859,.T.);
#7859 = EDGE_CURVE('',#7852,#7860,#7862,.T.);
#7860 = VERTEX_POINT('',#7861);
#7861 = CARTESIAN_POINT('',(53.35,214.315,15.6));
#7862 = LINE('',#7863,#7864);
#7863 = CARTESIAN_POINT('',(53.35,202.4975,15.6));
#7864 = VECTOR('',#7865,1.);
#7865 = DIRECTION('',(0.,-1.,0.));
#7866 = ORIENTED_EDGE('',*,*,#7867,.T.);
#7867 = EDGE_CURVE('',#7860,#7826,#7868,.T.);
#7868 = LINE('',#7869,#7870);
#7869 = CARTESIAN_POINT('',(53.35,214.315,14.625));
#7870 = VECTOR('',#7871,1.);
#7871 = DIRECTION('',(0.,0.,1.));
#7872 = ORIENTED_EDGE('',*,*,#7835,.F.);
#7873 = PLANE('',#7874);
#7874 = AXIS2_PLACEMENT_3D('',#7875,#7876,#7877);
#7875 = CARTESIAN_POINT('',(53.35,190.68,13.65));
#7876 = DIRECTION('',(1.,0.,-0.));
#7877 = DIRECTION('',(0.,0.,1.));
#7878 = ADVANCED_FACE('',(#7879),#7897,.F.);
#7879 = FACE_BOUND('',#7880,.F.);
#7880 = EDGE_LOOP('',(#7881,#7882,#7883,#7891));
#7881 = ORIENTED_EDGE('',*,*,#2603,.F.);
#7882 = ORIENTED_EDGE('',*,*,#7536,.T.);
#7883 = ORIENTED_EDGE('',*,*,#7884,.T.);
#7884 = EDGE_CURVE('',#7537,#7885,#7887,.T.);
#7885 = VERTEX_POINT('',#7886);
#7886 = CARTESIAN_POINT('',(70.2,216.,14.2));
#7887 = LINE('',#7888,#7889);
#7888 = CARTESIAN_POINT('',(70.2,216.,19.17));
#7889 = VECTOR('',#7890,1.);
#7890 = DIRECTION('',(0.,-0.,1.));
#7891 = ORIENTED_EDGE('',*,*,#7892,.F.);
#7892 = EDGE_CURVE('',#2596,#7885,#7893,.T.);
#7893 = LINE('',#7894,#7895);
#7894 = CARTESIAN_POINT('',(70.2,190.68,14.2));
#7895 = VECTOR('',#7896,1.);
#7896 = DIRECTION('',(-0.,1.,0.));
#7897 = PLANE('',#7898);
#7898 = AXIS2_PLACEMENT_3D('',#7899,#7900,#7901);
#7899 = CARTESIAN_POINT('',(70.2,190.68,13.8));
#7900 = DIRECTION('',(1.,0.,-0.));
#7901 = DIRECTION('',(0.,0.,1.));
#7902 = ADVANCED_FACE('',(#7903),#7914,.T.);
#7903 = FACE_BOUND('',#7904,.T.);
#7904 = EDGE_LOOP('',(#7905,#7906,#7907,#7908));
#7905 = ORIENTED_EDGE('',*,*,#7892,.F.);
#7906 = ORIENTED_EDGE('',*,*,#2595,.T.);
#7907 = ORIENTED_EDGE('',*,*,#5490,.T.);
#7908 = ORIENTED_EDGE('',*,*,#7909,.T.);
#7909 = EDGE_CURVE('',#5483,#7885,#7910,.T.);
#7910 = LINE('',#7911,#7912);
#7911 = CARTESIAN_POINT('',(35.1,216.,14.2));
#7912 = VECTOR('',#7913,1.);
#7913 = DIRECTION('',(-1.,0.,0.));
#7914 = PLANE('',#7915);
#7915 = AXIS2_PLACEMENT_3D('',#7916,#7917,#7918);
#7916 = CARTESIAN_POINT('',(70.2,190.68,14.2));
#7917 = DIRECTION('',(0.,0.,1.));
#7918 = DIRECTION('',(1.,0.,-0.));
#7919 = ADVANCED_FACE('',(#7920,#7952,#7963),#7974,.T.);
#7920 = FACE_BOUND('',#7921,.T.);
#7921 = EDGE_LOOP('',(#7922,#7928,#7929,#7930,#7931,#7932,#7933,#7934,
    #7935,#7936,#7937,#7938,#7939,#7945,#7946,#7947,#7948,#7949,#7950,
    #7951));
#7922 = ORIENTED_EDGE('',*,*,#7923,.F.);
#7923 = EDGE_CURVE('',#7569,#7698,#7924,.T.);
#7924 = LINE('',#7925,#7926);
#7925 = CARTESIAN_POINT('',(-70.4,214.315,15.6));
#7926 = VECTOR('',#7927,1.);
#7927 = DIRECTION('',(1.,0.,-0.));
#7928 = ORIENTED_EDGE('',*,*,#7576,.T.);
#7929 = ORIENTED_EDGE('',*,*,#7598,.F.);
#7930 = ORIENTED_EDGE('',*,*,#7624,.T.);
#7931 = ORIENTED_EDGE('',*,*,#5652,.T.);
#7932 = ORIENTED_EDGE('',*,*,#5720,.T.);
#7933 = ORIENTED_EDGE('',*,*,#2883,.F.);
#7934 = ORIENTED_EDGE('',*,*,#5450,.F.);
#7935 = ORIENTED_EDGE('',*,*,#5513,.T.);
#7936 = ORIENTED_EDGE('',*,*,#7810,.F.);
#7937 = ORIENTED_EDGE('',*,*,#7825,.F.);
#7938 = ORIENTED_EDGE('',*,*,#7867,.F.);
#7939 = ORIENTED_EDGE('',*,*,#7940,.F.);
#7940 = EDGE_CURVE('',#7731,#7860,#7941,.T.);
#7941 = LINE('',#7942,#7943);
#7942 = CARTESIAN_POINT('',(-70.4,214.315,15.6));
#7943 = VECTOR('',#7944,1.);
#7944 = DIRECTION('',(1.,0.,-0.));
#7945 = ORIENTED_EDGE('',*,*,#7738,.T.);
#7946 = ORIENTED_EDGE('',*,*,#7760,.F.);
#7947 = ORIENTED_EDGE('',*,*,#7786,.T.);
#7948 = ORIENTED_EDGE('',*,*,#5596,.T.);
#7949 = ORIENTED_EDGE('',*,*,#7648,.F.);
#7950 = ORIENTED_EDGE('',*,*,#7663,.F.);
#7951 = ORIENTED_EDGE('',*,*,#7705,.F.);
#7952 = FACE_BOUND('',#7953,.T.);
#7953 = EDGE_LOOP('',(#7954));
#7954 = ORIENTED_EDGE('',*,*,#7955,.F.);
#7955 = EDGE_CURVE('',#7956,#7956,#7958,.T.);
#7956 = VERTEX_POINT('',#7957);
#7957 = CARTESIAN_POINT('',(-42.,214.315,36.9));
#7958 = CIRCLE('',#7959,5.9);
#7959 = AXIS2_PLACEMENT_3D('',#7960,#7961,#7962);
#7960 = CARTESIAN_POINT('',(-42.,214.315,31.));
#7961 = DIRECTION('',(0.,1.,0.));
#7962 = DIRECTION('',(0.,-0.,1.));
#7963 = FACE_BOUND('',#7964,.T.);
#7964 = EDGE_LOOP('',(#7965));
#7965 = ORIENTED_EDGE('',*,*,#7966,.F.);
#7966 = EDGE_CURVE('',#7967,#7967,#7969,.T.);
#7967 = VERTEX_POINT('',#7968);
#7968 = CARTESIAN_POINT('',(42.,214.315,36.9));
#7969 = CIRCLE('',#7970,5.9);
#7970 = AXIS2_PLACEMENT_3D('',#7971,#7972,#7973);
#7971 = CARTESIAN_POINT('',(42.,214.315,31.));
#7972 = DIRECTION('',(0.,1.,0.));
#7973 = DIRECTION('',(0.,-0.,1.));
#7974 = PLANE('',#7975);
#7975 = AXIS2_PLACEMENT_3D('',#7976,#7977,#7978);
#7976 = CARTESIAN_POINT('',(-70.4,214.315,15.6));
#7977 = DIRECTION('',(-0.,1.,0.));
#7978 = DIRECTION('',(0.,0.,1.));
#7979 = ADVANCED_FACE('',(#7980),#8013,.F.);
#7980 = FACE_BOUND('',#7981,.F.);
#7981 = EDGE_LOOP('',(#7982,#7990,#7998,#8004,#8005,#8012));
#7982 = ORIENTED_EDGE('',*,*,#7983,.F.);
#7983 = EDGE_CURVE('',#7984,#2902,#7986,.T.);
#7984 = VERTEX_POINT('',#7985);
#7985 = CARTESIAN_POINT('',(-33.65,198.065,23.65));
#7986 = LINE('',#7987,#7988);
#7987 = CARTESIAN_POINT('',(-33.65,198.065,23.65));
#7988 = VECTOR('',#7989,1.);
#7989 = DIRECTION('',(0.,0.,1.));
#7990 = ORIENTED_EDGE('',*,*,#7991,.T.);
#7991 = EDGE_CURVE('',#7984,#7992,#7994,.T.);
#7992 = VERTEX_POINT('',#7993);
#7993 = CARTESIAN_POINT('',(-33.65,212.765,23.65));
#7994 = LINE('',#7995,#7996);
#7995 = CARTESIAN_POINT('',(-33.65,198.065,23.65));
#7996 = VECTOR('',#7997,1.);
#7997 = DIRECTION('',(-0.,1.,0.));
#7998 = ORIENTED_EDGE('',*,*,#7999,.T.);
#7999 = EDGE_CURVE('',#7992,#2992,#8000,.T.);
#8000 = LINE('',#8001,#8002);
#8001 = CARTESIAN_POINT('',(-33.65,212.765,23.65));
#8002 = VECTOR('',#8003,1.);
#8003 = DIRECTION('',(0.,0.,1.));
#8004 = ORIENTED_EDGE('',*,*,#2999,.F.);
#8005 = ORIENTED_EDGE('',*,*,#8006,.F.);
#8006 = EDGE_CURVE('',#2904,#3000,#8007,.T.);
#8007 = CIRCLE('',#8008,1.7);
#8008 = AXIS2_PLACEMENT_3D('',#8009,#8010,#8011);
#8009 = CARTESIAN_POINT('',(-33.65,205.415,41.));
#8010 = DIRECTION('',(1.,0.,0.));
#8011 = DIRECTION('',(-0.,0.,1.));
#8012 = ORIENTED_EDGE('',*,*,#2901,.F.);
#8013 = PLANE('',#8014);
#8014 = AXIS2_PLACEMENT_3D('',#8015,#8016,#8017);
#8015 = CARTESIAN_POINT('',(-33.65,198.065,23.65));
#8016 = DIRECTION('',(1.,0.,-0.));
#8017 = DIRECTION('',(0.,0.,1.));
#8018 = ADVANCED_FACE('',(#8019,#8037),#8040,.T.);
#8019 = FACE_BOUND('',#8020,.T.);
#8020 = EDGE_LOOP('',(#8021,#8022,#8030,#8036));
#8021 = ORIENTED_EDGE('',*,*,#7983,.F.);
#8022 = ORIENTED_EDGE('',*,*,#8023,.F.);
#8023 = EDGE_CURVE('',#8024,#7984,#8026,.T.);
#8024 = VERTEX_POINT('',#8025);
#8025 = CARTESIAN_POINT('',(-50.35,198.065,23.65));
#8026 = LINE('',#8027,#8028);
#8027 = CARTESIAN_POINT('',(-50.35,198.065,23.65));
#8028 = VECTOR('',#8029,1.);
#8029 = DIRECTION('',(1.,0.,-0.));
#8030 = ORIENTED_EDGE('',*,*,#8031,.T.);
#8031 = EDGE_CURVE('',#8024,#2912,#8032,.T.);
#8032 = LINE('',#8033,#8034);
#8033 = CARTESIAN_POINT('',(-50.35,198.065,23.65));
#8034 = VECTOR('',#8035,1.);
#8035 = DIRECTION('',(0.,0.,1.));
#8036 = ORIENTED_EDGE('',*,*,#2911,.F.);
#8037 = FACE_BOUND('',#8038,.T.);
#8038 = EDGE_LOOP('',(#8039));
#8039 = ORIENTED_EDGE('',*,*,#5610,.F.);
#8040 = PLANE('',#8041);
#8041 = AXIS2_PLACEMENT_3D('',#8042,#8043,#8044);
#8042 = CARTESIAN_POINT('',(-50.35,198.065,23.65));
#8043 = DIRECTION('',(-0.,1.,0.));
#8044 = DIRECTION('',(0.,0.,1.));
#8045 = ADVANCED_FACE('',(#8046),#8058,.F.);
#8046 = FACE_BOUND('',#8047,.F.);
#8047 = EDGE_LOOP('',(#8048,#8055,#8056,#8057));
#8048 = ORIENTED_EDGE('',*,*,#8049,.F.);
#8049 = EDGE_CURVE('',#3048,#3008,#8050,.T.);
#8050 = CIRCLE('',#8051,1.7);
#8051 = AXIS2_PLACEMENT_3D('',#8052,#8053,#8054);
#8052 = CARTESIAN_POINT('',(-31.,205.415,41.));
#8053 = DIRECTION('',(1.,0.,0.));
#8054 = DIRECTION('',(-0.,0.,1.));
#8055 = ORIENTED_EDGE('',*,*,#3055,.F.);
#8056 = ORIENTED_EDGE('',*,*,#8006,.T.);
#8057 = ORIENTED_EDGE('',*,*,#3007,.T.);
#8058 = CYLINDRICAL_SURFACE('',#8059,1.7);
#8059 = AXIS2_PLACEMENT_3D('',#8060,#8061,#8062);
#8060 = CARTESIAN_POINT('',(-54.,205.415,41.));
#8061 = DIRECTION('',(1.,0.,0.));
#8062 = DIRECTION('',(-0.,0.,1.));
#8063 = ADVANCED_FACE('',(#8064),#8090,.T.);
#8064 = FACE_BOUND('',#8065,.T.);
#8065 = EDGE_LOOP('',(#8066,#8067,#8075,#8081,#8082,#8089));
#8066 = ORIENTED_EDGE('',*,*,#8031,.F.);
#8067 = ORIENTED_EDGE('',*,*,#8068,.T.);
#8068 = EDGE_CURVE('',#8024,#8069,#8071,.T.);
#8069 = VERTEX_POINT('',#8070);
#8070 = CARTESIAN_POINT('',(-50.35,212.765,23.65));
#8071 = LINE('',#8072,#8073);
#8072 = CARTESIAN_POINT('',(-50.35,198.065,23.65));
#8073 = VECTOR('',#8074,1.);
#8074 = DIRECTION('',(-0.,1.,0.));
#8075 = ORIENTED_EDGE('',*,*,#8076,.T.);
#8076 = EDGE_CURVE('',#8069,#2984,#8077,.T.);
#8077 = LINE('',#8078,#8079);
#8078 = CARTESIAN_POINT('',(-50.35,212.765,23.65));
#8079 = VECTOR('',#8080,1.);
#8080 = DIRECTION('',(0.,0.,1.));
#8081 = ORIENTED_EDGE('',*,*,#2983,.F.);
#8082 = ORIENTED_EDGE('',*,*,#8083,.F.);
#8083 = EDGE_CURVE('',#2920,#2976,#8084,.T.);
#8084 = CIRCLE('',#8085,1.7);
#8085 = AXIS2_PLACEMENT_3D('',#8086,#8087,#8088);
#8086 = CARTESIAN_POINT('',(-50.35,205.415,41.));
#8087 = DIRECTION('',(1.,0.,0.));
#8088 = DIRECTION('',(-0.,0.,1.));
#8089 = ORIENTED_EDGE('',*,*,#2919,.F.);
#8090 = PLANE('',#8091);
#8091 = AXIS2_PLACEMENT_3D('',#8092,#8093,#8094);
#8092 = CARTESIAN_POINT('',(-50.35,198.065,23.65));
#8093 = DIRECTION('',(1.,0.,-0.));
#8094 = DIRECTION('',(0.,0.,1.));
#8095 = ADVANCED_FACE('',(#8096),#8108,.T.);
#8096 = FACE_BOUND('',#8097,.T.);
#8097 = EDGE_LOOP('',(#8098,#8099,#8106,#8107));
#8098 = ORIENTED_EDGE('',*,*,#3047,.F.);
#8099 = ORIENTED_EDGE('',*,*,#8100,.T.);
#8100 = EDGE_CURVE('',#3040,#3016,#8101,.T.);
#8101 = CIRCLE('',#8102,4.1);
#8102 = AXIS2_PLACEMENT_3D('',#8103,#8104,#8105);
#8103 = CARTESIAN_POINT('',(-31.,205.415,41.));
#8104 = DIRECTION('',(1.,0.,0.));
#8105 = DIRECTION('',(-0.,0.,1.));
#8106 = ORIENTED_EDGE('',*,*,#3015,.F.);
#8107 = ORIENTED_EDGE('',*,*,#8049,.F.);
#8108 = PLANE('',#8109);
#8109 = AXIS2_PLACEMENT_3D('',#8110,#8111,#8112);
#8110 = CARTESIAN_POINT('',(-31.,205.415,41.));
#8111 = DIRECTION('',(1.,0.,0.));
#8112 = DIRECTION('',(-0.,0.,1.));
#8113 = ADVANCED_FACE('',(#8114),#8126,.F.);
#8114 = FACE_BOUND('',#8115,.F.);
#8115 = EDGE_LOOP('',(#8116,#8117,#8124,#8125));
#8116 = ORIENTED_EDGE('',*,*,#2927,.F.);
#8117 = ORIENTED_EDGE('',*,*,#8118,.T.);
#8118 = EDGE_CURVE('',#2928,#2968,#8119,.T.);
#8119 = CIRCLE('',#8120,1.7);
#8120 = AXIS2_PLACEMENT_3D('',#8121,#8122,#8123);
#8121 = CARTESIAN_POINT('',(-53.,205.415,41.));
#8122 = DIRECTION('',(1.,0.,0.));
#8123 = DIRECTION('',(-0.,0.,1.));
#8124 = ORIENTED_EDGE('',*,*,#2975,.T.);
#8125 = ORIENTED_EDGE('',*,*,#8083,.F.);
#8126 = CYLINDRICAL_SURFACE('',#8127,1.7);
#8127 = AXIS2_PLACEMENT_3D('',#8128,#8129,#8130);
#8128 = CARTESIAN_POINT('',(-54.,205.415,41.));
#8129 = DIRECTION('',(1.,0.,0.));
#8130 = DIRECTION('',(-0.,0.,1.));
#8131 = ADVANCED_FACE('',(#8132),#8144,.F.);
#8132 = FACE_BOUND('',#8133,.F.);
#8133 = EDGE_LOOP('',(#8134,#8141,#8142,#8143));
#8134 = ORIENTED_EDGE('',*,*,#8135,.F.);
#8135 = EDGE_CURVE('',#3032,#3024,#8136,.T.);
#8136 = CIRCLE('',#8137,4.1);
#8137 = AXIS2_PLACEMENT_3D('',#8138,#8139,#8140);
#8138 = CARTESIAN_POINT('',(-27.,205.415,41.));
#8139 = DIRECTION('',(1.,0.,0.));
#8140 = DIRECTION('',(-0.,0.,1.));
#8141 = ORIENTED_EDGE('',*,*,#3039,.F.);
#8142 = ORIENTED_EDGE('',*,*,#8100,.T.);
#8143 = ORIENTED_EDGE('',*,*,#3023,.T.);
#8144 = CYLINDRICAL_SURFACE('',#8145,4.1);
#8145 = AXIS2_PLACEMENT_3D('',#8146,#8147,#8148);
#8146 = CARTESIAN_POINT('',(-31.,205.415,41.));
#8147 = DIRECTION('',(1.,0.,0.));
#8148 = DIRECTION('',(-0.,0.,1.));
#8149 = ADVANCED_FACE('',(#8150),#8162,.F.);
#8150 = FACE_BOUND('',#8151,.F.);
#8151 = EDGE_LOOP('',(#8152,#8153,#8160,#8161));
#8152 = ORIENTED_EDGE('',*,*,#2935,.F.);
#8153 = ORIENTED_EDGE('',*,*,#8154,.T.);
#8154 = EDGE_CURVE('',#2936,#2960,#8155,.T.);
#8155 = CIRCLE('',#8156,3.55);
#8156 = AXIS2_PLACEMENT_3D('',#8157,#8158,#8159);
#8157 = CARTESIAN_POINT('',(-53.,205.415,41.));
#8158 = DIRECTION('',(1.,0.,0.));
#8159 = DIRECTION('',(-0.,0.,1.));
#8160 = ORIENTED_EDGE('',*,*,#2967,.F.);
#8161 = ORIENTED_EDGE('',*,*,#8118,.F.);
#8162 = PLANE('',#8163);
#8163 = AXIS2_PLACEMENT_3D('',#8164,#8165,#8166);
#8164 = CARTESIAN_POINT('',(-53.,205.415,41.));
#8165 = DIRECTION('',(1.,0.,0.));
#8166 = DIRECTION('',(-0.,0.,1.));
#8167 = ADVANCED_FACE('',(#8168),#8172,.F.);
#8168 = FACE_BOUND('',#8169,.F.);
#8169 = EDGE_LOOP('',(#8170,#8171));
#8170 = ORIENTED_EDGE('',*,*,#3031,.F.);
#8171 = ORIENTED_EDGE('',*,*,#8135,.T.);
#8172 = PLANE('',#8173);
#8173 = AXIS2_PLACEMENT_3D('',#8174,#8175,#8176);
#8174 = CARTESIAN_POINT('',(-27.,205.415,41.));
#8175 = DIRECTION('',(1.,0.,0.));
#8176 = DIRECTION('',(-0.,0.,1.));
#8177 = ADVANCED_FACE('',(#8178),#8190,.F.);
#8178 = FACE_BOUND('',#8179,.F.);
#8179 = EDGE_LOOP('',(#8180,#8181,#8182,#8189));
#8180 = ORIENTED_EDGE('',*,*,#8154,.F.);
#8181 = ORIENTED_EDGE('',*,*,#2943,.F.);
#8182 = ORIENTED_EDGE('',*,*,#8183,.T.);
#8183 = EDGE_CURVE('',#2944,#2952,#8184,.T.);
#8184 = CIRCLE('',#8185,3.55);
#8185 = AXIS2_PLACEMENT_3D('',#8186,#8187,#8188);
#8186 = CARTESIAN_POINT('',(-56.,205.415,41.));
#8187 = DIRECTION('',(1.,0.,0.));
#8188 = DIRECTION('',(-0.,0.,1.));
#8189 = ORIENTED_EDGE('',*,*,#2959,.T.);
#8190 = CYLINDRICAL_SURFACE('',#8191,3.55);
#8191 = AXIS2_PLACEMENT_3D('',#8192,#8193,#8194);
#8192 = CARTESIAN_POINT('',(-56.,205.415,41.));
#8193 = DIRECTION('',(1.,0.,0.));
#8194 = DIRECTION('',(-0.,0.,1.));
#8195 = ADVANCED_FACE('',(#8196),#8200,.T.);
#8196 = FACE_BOUND('',#8197,.T.);
#8197 = EDGE_LOOP('',(#8198,#8199));
#8198 = ORIENTED_EDGE('',*,*,#2951,.F.);
#8199 = ORIENTED_EDGE('',*,*,#8183,.T.);
#8200 = PLANE('',#8201);
#8201 = AXIS2_PLACEMENT_3D('',#8202,#8203,#8204);
#8202 = CARTESIAN_POINT('',(-56.,205.415,41.));
#8203 = DIRECTION('',(1.,0.,0.));
#8204 = DIRECTION('',(-0.,0.,1.));
#8205 = ADVANCED_FACE('',(#8206,#8217),#8228,.F.);
#8206 = FACE_BOUND('',#8207,.F.);
#8207 = EDGE_LOOP('',(#8208,#8209,#8215,#8216));
#8208 = ORIENTED_EDGE('',*,*,#7999,.F.);
#8209 = ORIENTED_EDGE('',*,*,#8210,.F.);
#8210 = EDGE_CURVE('',#8069,#7992,#8211,.T.);
#8211 = LINE('',#8212,#8213);
#8212 = CARTESIAN_POINT('',(-50.35,212.765,23.65));
#8213 = VECTOR('',#8214,1.);
#8214 = DIRECTION('',(1.,0.,-0.));
#8215 = ORIENTED_EDGE('',*,*,#8076,.T.);
#8216 = ORIENTED_EDGE('',*,*,#2991,.F.);
#8217 = FACE_BOUND('',#8218,.F.);
#8218 = EDGE_LOOP('',(#8219));
#8219 = ORIENTED_EDGE('',*,*,#8220,.F.);
#8220 = EDGE_CURVE('',#8221,#8221,#8223,.T.);
#8221 = VERTEX_POINT('',#8222);
#8222 = CARTESIAN_POINT('',(-42.,212.765,36.9));
#8223 = CIRCLE('',#8224,5.9);
#8224 = AXIS2_PLACEMENT_3D('',#8225,#8226,#8227);
#8225 = CARTESIAN_POINT('',(-42.,212.765,31.));
#8226 = DIRECTION('',(0.,1.,0.));
#8227 = DIRECTION('',(0.,-0.,1.));
#8228 = PLANE('',#8229);
#8229 = AXIS2_PLACEMENT_3D('',#8230,#8231,#8232);
#8230 = CARTESIAN_POINT('',(-50.35,212.765,23.65));
#8231 = DIRECTION('',(-0.,1.,0.));
#8232 = DIRECTION('',(0.,0.,1.));
#8233 = ADVANCED_FACE('',(#8234),#8267,.F.);
#8234 = FACE_BOUND('',#8235,.F.);
#8235 = EDGE_LOOP('',(#8236,#8244,#8252,#8258,#8259,#8266));
#8236 = ORIENTED_EDGE('',*,*,#8237,.F.);
#8237 = EDGE_CURVE('',#8238,#3064,#8240,.T.);
#8238 = VERTEX_POINT('',#8239);
#8239 = CARTESIAN_POINT('',(50.35,198.065,23.65));
#8240 = LINE('',#8241,#8242);
#8241 = CARTESIAN_POINT('',(50.35,198.065,23.65));
#8242 = VECTOR('',#8243,1.);
#8243 = DIRECTION('',(0.,0.,1.));
#8244 = ORIENTED_EDGE('',*,*,#8245,.T.);
#8245 = EDGE_CURVE('',#8238,#8246,#8248,.T.);
#8246 = VERTEX_POINT('',#8247);
#8247 = CARTESIAN_POINT('',(50.35,212.765,23.65));
#8248 = LINE('',#8249,#8250);
#8249 = CARTESIAN_POINT('',(50.35,198.065,23.65));
#8250 = VECTOR('',#8251,1.);
#8251 = DIRECTION('',(-0.,1.,0.));
#8252 = ORIENTED_EDGE('',*,*,#8253,.T.);
#8253 = EDGE_CURVE('',#8246,#3154,#8254,.T.);
#8254 = LINE('',#8255,#8256);
#8255 = CARTESIAN_POINT('',(50.35,212.765,23.65));
#8256 = VECTOR('',#8257,1.);
#8257 = DIRECTION('',(0.,0.,1.));
#8258 = ORIENTED_EDGE('',*,*,#3161,.F.);
#8259 = ORIENTED_EDGE('',*,*,#8260,.F.);
#8260 = EDGE_CURVE('',#3066,#3162,#8261,.T.);
#8261 = CIRCLE('',#8262,1.7);
#8262 = AXIS2_PLACEMENT_3D('',#8263,#8264,#8265);
#8263 = CARTESIAN_POINT('',(50.35,205.415,41.));
#8264 = DIRECTION('',(1.,0.,0.));
#8265 = DIRECTION('',(-0.,0.,1.));
#8266 = ORIENTED_EDGE('',*,*,#3063,.F.);
#8267 = PLANE('',#8268);
#8268 = AXIS2_PLACEMENT_3D('',#8269,#8270,#8271);
#8269 = CARTESIAN_POINT('',(50.35,198.065,23.65));
#8270 = DIRECTION('',(1.,0.,-0.));
#8271 = DIRECTION('',(0.,0.,1.));
#8272 = ADVANCED_FACE('',(#8273),#8285,.F.);
#8273 = FACE_BOUND('',#8274,.F.);
#8274 = EDGE_LOOP('',(#8275,#8282,#8283,#8284));
#8275 = ORIENTED_EDGE('',*,*,#8276,.F.);
#8276 = EDGE_CURVE('',#3210,#3170,#8277,.T.);
#8277 = CIRCLE('',#8278,1.7);
#8278 = AXIS2_PLACEMENT_3D('',#8279,#8280,#8281);
#8279 = CARTESIAN_POINT('',(53.,205.415,41.));
#8280 = DIRECTION('',(1.,0.,0.));
#8281 = DIRECTION('',(-0.,0.,1.));
#8282 = ORIENTED_EDGE('',*,*,#3217,.F.);
#8283 = ORIENTED_EDGE('',*,*,#8260,.T.);
#8284 = ORIENTED_EDGE('',*,*,#3169,.T.);
#8285 = CYLINDRICAL_SURFACE('',#8286,1.7);
#8286 = AXIS2_PLACEMENT_3D('',#8287,#8288,#8289);
#8287 = CARTESIAN_POINT('',(30.,205.415,41.));
#8288 = DIRECTION('',(1.,0.,0.));
#8289 = DIRECTION('',(-0.,0.,1.));
#8290 = ADVANCED_FACE('',(#8291),#8303,.T.);
#8291 = FACE_BOUND('',#8292,.T.);
#8292 = EDGE_LOOP('',(#8293,#8294,#8301,#8302));
#8293 = ORIENTED_EDGE('',*,*,#3209,.F.);
#8294 = ORIENTED_EDGE('',*,*,#8295,.T.);
#8295 = EDGE_CURVE('',#3202,#3178,#8296,.T.);
#8296 = CIRCLE('',#8297,4.1);
#8297 = AXIS2_PLACEMENT_3D('',#8298,#8299,#8300);
#8298 = CARTESIAN_POINT('',(53.,205.415,41.));
#8299 = DIRECTION('',(1.,0.,0.));
#8300 = DIRECTION('',(-0.,0.,1.));
#8301 = ORIENTED_EDGE('',*,*,#3177,.F.);
#8302 = ORIENTED_EDGE('',*,*,#8276,.F.);
#8303 = PLANE('',#8304);
#8304 = AXIS2_PLACEMENT_3D('',#8305,#8306,#8307);
#8305 = CARTESIAN_POINT('',(53.,205.415,41.));
#8306 = DIRECTION('',(1.,0.,0.));
#8307 = DIRECTION('',(-0.,0.,1.));
#8308 = ADVANCED_FACE('',(#8309),#8321,.F.);
#8309 = FACE_BOUND('',#8310,.F.);
#8310 = EDGE_LOOP('',(#8311,#8318,#8319,#8320));
#8311 = ORIENTED_EDGE('',*,*,#8312,.F.);
#8312 = EDGE_CURVE('',#3194,#3186,#8313,.T.);
#8313 = CIRCLE('',#8314,4.1);
#8314 = AXIS2_PLACEMENT_3D('',#8315,#8316,#8317);
#8315 = CARTESIAN_POINT('',(57.,205.415,41.));
#8316 = DIRECTION('',(1.,0.,0.));
#8317 = DIRECTION('',(-0.,0.,1.));
#8318 = ORIENTED_EDGE('',*,*,#3201,.F.);
#8319 = ORIENTED_EDGE('',*,*,#8295,.T.);
#8320 = ORIENTED_EDGE('',*,*,#3185,.T.);
#8321 = CYLINDRICAL_SURFACE('',#8322,4.1);
#8322 = AXIS2_PLACEMENT_3D('',#8323,#8324,#8325);
#8323 = CARTESIAN_POINT('',(53.,205.415,41.));
#8324 = DIRECTION('',(1.,0.,0.));
#8325 = DIRECTION('',(-0.,0.,1.));
#8326 = ADVANCED_FACE('',(#8327),#8331,.F.);
#8327 = FACE_BOUND('',#8328,.F.);
#8328 = EDGE_LOOP('',(#8329,#8330));
#8329 = ORIENTED_EDGE('',*,*,#3193,.F.);
#8330 = ORIENTED_EDGE('',*,*,#8312,.T.);
#8331 = PLANE('',#8332);
#8332 = AXIS2_PLACEMENT_3D('',#8333,#8334,#8335);
#8333 = CARTESIAN_POINT('',(57.,205.415,41.));
#8334 = DIRECTION('',(1.,0.,0.));
#8335 = DIRECTION('',(-0.,0.,1.));
#8336 = ADVANCED_FACE('',(#8337,#8355),#8366,.F.);
#8337 = FACE_BOUND('',#8338,.F.);
#8338 = EDGE_LOOP('',(#8339,#8340,#8348,#8354));
#8339 = ORIENTED_EDGE('',*,*,#8253,.F.);
#8340 = ORIENTED_EDGE('',*,*,#8341,.F.);
#8341 = EDGE_CURVE('',#8342,#8246,#8344,.T.);
#8342 = VERTEX_POINT('',#8343);
#8343 = CARTESIAN_POINT('',(33.65,212.765,23.65));
#8344 = LINE('',#8345,#8346);
#8345 = CARTESIAN_POINT('',(33.65,212.765,23.65));
#8346 = VECTOR('',#8347,1.);
#8347 = DIRECTION('',(1.,0.,-0.));
#8348 = ORIENTED_EDGE('',*,*,#8349,.T.);
#8349 = EDGE_CURVE('',#8342,#3146,#8350,.T.);
#8350 = LINE('',#8351,#8352);
#8351 = CARTESIAN_POINT('',(33.65,212.765,23.65));
#8352 = VECTOR('',#8353,1.);
#8353 = DIRECTION('',(0.,0.,1.));
#8354 = ORIENTED_EDGE('',*,*,#3153,.F.);
#8355 = FACE_BOUND('',#8356,.F.);
#8356 = EDGE_LOOP('',(#8357));
#8357 = ORIENTED_EDGE('',*,*,#8358,.F.);
#8358 = EDGE_CURVE('',#8359,#8359,#8361,.T.);
#8359 = VERTEX_POINT('',#8360);
#8360 = CARTESIAN_POINT('',(42.,212.765,36.9));
#8361 = CIRCLE('',#8362,5.9);
#8362 = AXIS2_PLACEMENT_3D('',#8363,#8364,#8365);
#8363 = CARTESIAN_POINT('',(42.,212.765,31.));
#8364 = DIRECTION('',(0.,1.,0.));
#8365 = DIRECTION('',(0.,-0.,1.));
#8366 = PLANE('',#8367);
#8367 = AXIS2_PLACEMENT_3D('',#8368,#8369,#8370);
#8368 = CARTESIAN_POINT('',(33.65,212.765,23.65));
#8369 = DIRECTION('',(-0.,1.,0.));
#8370 = DIRECTION('',(0.,0.,1.));
#8371 = ADVANCED_FACE('',(#8372),#8398,.T.);
#8372 = FACE_BOUND('',#8373,.T.);
#8373 = EDGE_LOOP('',(#8374,#8382,#8388,#8389,#8390,#8397));
#8374 = ORIENTED_EDGE('',*,*,#8375,.F.);
#8375 = EDGE_CURVE('',#8376,#3074,#8378,.T.);
#8376 = VERTEX_POINT('',#8377);
#8377 = CARTESIAN_POINT('',(33.65,198.065,23.65));
#8378 = LINE('',#8379,#8380);
#8379 = CARTESIAN_POINT('',(33.65,198.065,23.65));
#8380 = VECTOR('',#8381,1.);
#8381 = DIRECTION('',(0.,0.,1.));
#8382 = ORIENTED_EDGE('',*,*,#8383,.T.);
#8383 = EDGE_CURVE('',#8376,#8342,#8384,.T.);
#8384 = LINE('',#8385,#8386);
#8385 = CARTESIAN_POINT('',(33.65,198.065,23.65));
#8386 = VECTOR('',#8387,1.);
#8387 = DIRECTION('',(-0.,1.,0.));
#8388 = ORIENTED_EDGE('',*,*,#8349,.T.);
#8389 = ORIENTED_EDGE('',*,*,#3145,.F.);
#8390 = ORIENTED_EDGE('',*,*,#8391,.F.);
#8391 = EDGE_CURVE('',#3082,#3138,#8392,.T.);
#8392 = CIRCLE('',#8393,1.7);
#8393 = AXIS2_PLACEMENT_3D('',#8394,#8395,#8396);
#8394 = CARTESIAN_POINT('',(33.65,205.415,41.));
#8395 = DIRECTION('',(1.,0.,0.));
#8396 = DIRECTION('',(-0.,0.,1.));
#8397 = ORIENTED_EDGE('',*,*,#3081,.F.);
#8398 = PLANE('',#8399);
#8399 = AXIS2_PLACEMENT_3D('',#8400,#8401,#8402);
#8400 = CARTESIAN_POINT('',(33.65,198.065,23.65));
#8401 = DIRECTION('',(1.,0.,-0.));
#8402 = DIRECTION('',(0.,0.,1.));
#8403 = ADVANCED_FACE('',(#8404),#8416,.F.);
#8404 = FACE_BOUND('',#8405,.F.);
#8405 = EDGE_LOOP('',(#8406,#8407,#8414,#8415));
#8406 = ORIENTED_EDGE('',*,*,#3089,.F.);
#8407 = ORIENTED_EDGE('',*,*,#8408,.T.);
#8408 = EDGE_CURVE('',#3090,#3130,#8409,.T.);
#8409 = CIRCLE('',#8410,1.7);
#8410 = AXIS2_PLACEMENT_3D('',#8411,#8412,#8413);
#8411 = CARTESIAN_POINT('',(31.,205.415,41.));
#8412 = DIRECTION('',(1.,0.,0.));
#8413 = DIRECTION('',(-0.,0.,1.));
#8414 = ORIENTED_EDGE('',*,*,#3137,.T.);
#8415 = ORIENTED_EDGE('',*,*,#8391,.F.);
#8416 = CYLINDRICAL_SURFACE('',#8417,1.7);
#8417 = AXIS2_PLACEMENT_3D('',#8418,#8419,#8420);
#8418 = CARTESIAN_POINT('',(30.,205.415,41.));
#8419 = DIRECTION('',(1.,0.,0.));
#8420 = DIRECTION('',(-0.,0.,1.));
#8421 = ADVANCED_FACE('',(#8422),#8434,.F.);
#8422 = FACE_BOUND('',#8423,.F.);
#8423 = EDGE_LOOP('',(#8424,#8425,#8432,#8433));
#8424 = ORIENTED_EDGE('',*,*,#3097,.F.);
#8425 = ORIENTED_EDGE('',*,*,#8426,.T.);
#8426 = EDGE_CURVE('',#3098,#3122,#8427,.T.);
#8427 = CIRCLE('',#8428,3.55);
#8428 = AXIS2_PLACEMENT_3D('',#8429,#8430,#8431);
#8429 = CARTESIAN_POINT('',(31.,205.415,41.));
#8430 = DIRECTION('',(1.,0.,0.));
#8431 = DIRECTION('',(-0.,0.,1.));
#8432 = ORIENTED_EDGE('',*,*,#3129,.F.);
#8433 = ORIENTED_EDGE('',*,*,#8408,.F.);
#8434 = PLANE('',#8435);
#8435 = AXIS2_PLACEMENT_3D('',#8436,#8437,#8438);
#8436 = CARTESIAN_POINT('',(31.,205.415,41.));
#8437 = DIRECTION('',(1.,0.,0.));
#8438 = DIRECTION('',(-0.,0.,1.));
#8439 = ADVANCED_FACE('',(#8440),#8452,.F.);
#8440 = FACE_BOUND('',#8441,.F.);
#8441 = EDGE_LOOP('',(#8442,#8443,#8444,#8451));
#8442 = ORIENTED_EDGE('',*,*,#8426,.F.);
#8443 = ORIENTED_EDGE('',*,*,#3105,.F.);
#8444 = ORIENTED_EDGE('',*,*,#8445,.T.);
#8445 = EDGE_CURVE('',#3106,#3114,#8446,.T.);
#8446 = CIRCLE('',#8447,3.55);
#8447 = AXIS2_PLACEMENT_3D('',#8448,#8449,#8450);
#8448 = CARTESIAN_POINT('',(28.,205.415,41.));
#8449 = DIRECTION('',(1.,0.,0.));
#8450 = DIRECTION('',(-0.,0.,1.));
#8451 = ORIENTED_EDGE('',*,*,#3121,.T.);
#8452 = CYLINDRICAL_SURFACE('',#8453,3.55);
#8453 = AXIS2_PLACEMENT_3D('',#8454,#8455,#8456);
#8454 = CARTESIAN_POINT('',(28.,205.415,41.));
#8455 = DIRECTION('',(1.,0.,0.));
#8456 = DIRECTION('',(-0.,0.,1.));
#8457 = ADVANCED_FACE('',(#8458),#8462,.T.);
#8458 = FACE_BOUND('',#8459,.T.);
#8459 = EDGE_LOOP('',(#8460,#8461));
#8460 = ORIENTED_EDGE('',*,*,#3113,.F.);
#8461 = ORIENTED_EDGE('',*,*,#8445,.T.);
#8462 = PLANE('',#8463);
#8463 = AXIS2_PLACEMENT_3D('',#8464,#8465,#8466);
#8464 = CARTESIAN_POINT('',(28.,205.415,41.));
#8465 = DIRECTION('',(1.,0.,0.));
#8466 = DIRECTION('',(-0.,0.,1.));
#8467 = ADVANCED_FACE('',(#8468,#8479),#8482,.T.);
#8468 = FACE_BOUND('',#8469,.T.);
#8469 = EDGE_LOOP('',(#8470,#8471,#8477,#8478));
#8470 = ORIENTED_EDGE('',*,*,#8237,.F.);
#8471 = ORIENTED_EDGE('',*,*,#8472,.F.);
#8472 = EDGE_CURVE('',#8376,#8238,#8473,.T.);
#8473 = LINE('',#8474,#8475);
#8474 = CARTESIAN_POINT('',(33.65,198.065,23.65));
#8475 = VECTOR('',#8476,1.);
#8476 = DIRECTION('',(1.,0.,-0.));
#8477 = ORIENTED_EDGE('',*,*,#8375,.T.);
#8478 = ORIENTED_EDGE('',*,*,#3073,.F.);
#8479 = FACE_BOUND('',#8480,.T.);
#8480 = EDGE_LOOP('',(#8481));
#8481 = ORIENTED_EDGE('',*,*,#5536,.F.);
#8482 = PLANE('',#8483);
#8483 = AXIS2_PLACEMENT_3D('',#8484,#8485,#8486);
#8484 = CARTESIAN_POINT('',(33.65,198.065,23.65));
#8485 = DIRECTION('',(-0.,1.,0.));
#8486 = DIRECTION('',(0.,0.,1.));
#8487 = ADVANCED_FACE('',(#8488),#8522,.T.);
#8488 = FACE_BOUND('',#8489,.T.);
#8489 = EDGE_LOOP('',(#8490,#8491,#8492,#8500,#8508,#8514,#8515,#8521));
#8490 = ORIENTED_EDGE('',*,*,#3322,.F.);
#8491 = ORIENTED_EDGE('',*,*,#3369,.T.);
#8492 = ORIENTED_EDGE('',*,*,#8493,.T.);
#8493 = EDGE_CURVE('',#3362,#8494,#8496,.T.);
#8494 = VERTEX_POINT('',#8495);
#8495 = CARTESIAN_POINT('',(-102.8,220.,14.04));
#8496 = LINE('',#8497,#8498);
#8497 = CARTESIAN_POINT('',(-102.8,220.,17.04));
#8498 = VECTOR('',#8499,1.);
#8499 = DIRECTION('',(-0.,0.,-1.));
#8500 = ORIENTED_EDGE('',*,*,#8501,.T.);
#8501 = EDGE_CURVE('',#8494,#8502,#8504,.T.);
#8502 = VERTEX_POINT('',#8503);
#8503 = CARTESIAN_POINT('',(-102.8,224.815,14.04));
#8504 = LINE('',#8505,#8506);
#8505 = CARTESIAN_POINT('',(-102.8,192.32386122816,14.04));
#8506 = VECTOR('',#8507,1.);
#8507 = DIRECTION('',(-0.,1.,0.));
#8508 = ORIENTED_EDGE('',*,*,#8509,.F.);
#8509 = EDGE_CURVE('',#4743,#8502,#8510,.T.);
#8510 = LINE('',#8511,#8512);
#8511 = CARTESIAN_POINT('',(-102.8,224.815,9.54));
#8512 = VECTOR('',#8513,1.);
#8513 = DIRECTION('',(-0.,0.,-1.));
#8514 = ORIENTED_EDGE('',*,*,#4784,.T.);
#8515 = ORIENTED_EDGE('',*,*,#8516,.T.);
#8516 = EDGE_CURVE('',#4777,#4249,#8517,.T.);
#8517 = LINE('',#8518,#8519);
#8518 = CARTESIAN_POINT('',(-102.8,220.,17.04));
#8519 = VECTOR('',#8520,1.);
#8520 = DIRECTION('',(-0.,0.,-1.));
#8521 = ORIENTED_EDGE('',*,*,#4248,.T.);
#8522 = PLANE('',#8523);
#8523 = AXIS2_PLACEMENT_3D('',#8524,#8525,#8526);
#8524 = CARTESIAN_POINT('',(-102.8,219.8,9.54));
#8525 = DIRECTION('',(1.,0.,-0.));
#8526 = DIRECTION('',(0.,0.,1.));
#8527 = ADVANCED_FACE('',(#8528),#8559,.T.);
#8528 = FACE_BOUND('',#8529,.T.);
#8529 = EDGE_LOOP('',(#8530,#8531,#8537,#8538,#8539,#8540,#8541,#8542,
    #8543,#8544,#8545,#8546,#8547,#8548,#8549,#8550,#8551,#8552,#8553,
    #8554,#8555,#8556,#8557,#8558));
#8530 = ORIENTED_EDGE('',*,*,#4728,.F.);
#8531 = ORIENTED_EDGE('',*,*,#8532,.F.);
#8532 = EDGE_CURVE('',#8494,#4721,#8533,.T.);
#8533 = LINE('',#8534,#8535);
#8534 = CARTESIAN_POINT('',(-98.,220.,14.04));
#8535 = VECTOR('',#8536,1.);
#8536 = DIRECTION('',(1.,0.,0.));
#8537 = ORIENTED_EDGE('',*,*,#8493,.F.);
#8538 = ORIENTED_EDGE('',*,*,#3361,.F.);
#8539 = ORIENTED_EDGE('',*,*,#4657,.F.);
#8540 = ORIENTED_EDGE('',*,*,#4640,.F.);
#8541 = ORIENTED_EDGE('',*,*,#4616,.F.);
#8542 = ORIENTED_EDGE('',*,*,#4592,.F.);
#8543 = ORIENTED_EDGE('',*,*,#4568,.F.);
#8544 = ORIENTED_EDGE('',*,*,#4544,.F.);
#8545 = ORIENTED_EDGE('',*,*,#4520,.F.);
#8546 = ORIENTED_EDGE('',*,*,#4496,.F.);
#8547 = ORIENTED_EDGE('',*,*,#4463,.T.);
#8548 = ORIENTED_EDGE('',*,*,#4439,.T.);
#8549 = ORIENTED_EDGE('',*,*,#4415,.T.);
#8550 = ORIENTED_EDGE('',*,*,#4391,.T.);
#8551 = ORIENTED_EDGE('',*,*,#4367,.T.);
#8552 = ORIENTED_EDGE('',*,*,#4343,.T.);
#8553 = ORIENTED_EDGE('',*,*,#4319,.T.);
#8554 = ORIENTED_EDGE('',*,*,#4295,.T.);
#8555 = ORIENTED_EDGE('',*,*,#4271,.T.);
#8556 = ORIENTED_EDGE('',*,*,#4256,.T.);
#8557 = ORIENTED_EDGE('',*,*,#8516,.F.);
#8558 = ORIENTED_EDGE('',*,*,#4776,.T.);
#8559 = PLANE('',#8560);
#8560 = AXIS2_PLACEMENT_3D('',#8561,#8562,#8563);
#8561 = CARTESIAN_POINT('',(-90.,220.,24.54));
#8562 = DIRECTION('',(0.,1.,0.));
#8563 = DIRECTION('',(0.,-0.,1.));
#8564 = ADVANCED_FACE('',(#8565,#8647),#8650,.T.);
#8565 = FACE_BOUND('',#8566,.T.);
#8566 = EDGE_LOOP('',(#8567,#8577,#8585,#8593,#8601,#8609,#8617,#8625,
    #8633,#8641));
#8567 = ORIENTED_EDGE('',*,*,#8568,.T.);
#8568 = EDGE_CURVE('',#8569,#8571,#8573,.T.);
#8569 = VERTEX_POINT('',#8570);
#8570 = CARTESIAN_POINT('',(-86.3,8.863804003998,3.));
#8571 = VERTEX_POINT('',#8572);
#8572 = CARTESIAN_POINT('',(-86.3,13.136195996002,3.));
#8573 = LINE('',#8574,#8575);
#8574 = CARTESIAN_POINT('',(-86.3,8.863804003998,3.));
#8575 = VECTOR('',#8576,1.);
#8576 = DIRECTION('',(4.157757159748E-16,1.,0.));
#8577 = ORIENTED_EDGE('',*,*,#8578,.T.);
#8578 = EDGE_CURVE('',#8571,#8579,#8581,.T.);
#8579 = VERTEX_POINT('',#8580);
#8580 = CARTESIAN_POINT('',(-90.,15.272391992003,3.));
#8581 = LINE('',#8582,#8583);
#8582 = CARTESIAN_POINT('',(-86.3,13.136195996002,3.));
#8583 = VECTOR('',#8584,1.);
#8584 = DIRECTION('',(-0.866025403784,0.5,0.));
#8585 = ORIENTED_EDGE('',*,*,#8586,.T.);
#8586 = EDGE_CURVE('',#8579,#8587,#8589,.T.);
#8587 = VERTEX_POINT('',#8588);
#8588 = CARTESIAN_POINT('',(-93.45,13.280533563299,3.));
#8589 = LINE('',#8590,#8591);
#8590 = CARTESIAN_POINT('',(-90.,15.272391992003,3.));
#8591 = VECTOR('',#8592,1.);
#8592 = DIRECTION('',(-0.866025403784,-0.5,0.));
#8593 = ORIENTED_EDGE('',*,*,#8594,.T.);
#8594 = EDGE_CURVE('',#8587,#8595,#8597,.T.);
#8595 = VERTEX_POINT('',#8596);
#8596 = CARTESIAN_POINT('',(-93.45,14.7,3.));
#8597 = LINE('',#8598,#8599);
#8598 = CARTESIAN_POINT('',(-93.45,7.3,3.));
#8599 = VECTOR('',#8600,1.);
#8600 = DIRECTION('',(-0.,1.,0.));
#8601 = ORIENTED_EDGE('',*,*,#8602,.F.);
#8602 = EDGE_CURVE('',#8603,#8595,#8605,.T.);
#8603 = VERTEX_POINT('',#8604);
#8604 = CARTESIAN_POINT('',(-107.2,14.7,3.));
#8605 = LINE('',#8606,#8607);
#8606 = CARTESIAN_POINT('',(-107.2,14.7,3.));
#8607 = VECTOR('',#8608,1.);
#8608 = DIRECTION('',(1.,0.,-0.));
#8609 = ORIENTED_EDGE('',*,*,#8610,.F.);
#8610 = EDGE_CURVE('',#8611,#8603,#8613,.T.);
#8611 = VERTEX_POINT('',#8612);
#8612 = CARTESIAN_POINT('',(-107.2,7.3,3.));
#8613 = LINE('',#8614,#8615);
#8614 = CARTESIAN_POINT('',(-107.2,7.3,3.));
#8615 = VECTOR('',#8616,1.);
#8616 = DIRECTION('',(-0.,1.,0.));
#8617 = ORIENTED_EDGE('',*,*,#8618,.T.);
#8618 = EDGE_CURVE('',#8611,#8619,#8621,.T.);
#8619 = VERTEX_POINT('',#8620);
#8620 = CARTESIAN_POINT('',(-93.45,7.3,3.));
#8621 = LINE('',#8622,#8623);
#8622 = CARTESIAN_POINT('',(-107.2,7.3,3.));
#8623 = VECTOR('',#8624,1.);
#8624 = DIRECTION('',(1.,0.,-0.));
#8625 = ORIENTED_EDGE('',*,*,#8626,.T.);
#8626 = EDGE_CURVE('',#8619,#8627,#8629,.T.);
#8627 = VERTEX_POINT('',#8628);
#8628 = CARTESIAN_POINT('',(-93.45,8.719466436701,3.));
#8629 = LINE('',#8630,#8631);
#8630 = CARTESIAN_POINT('',(-93.45,7.3,3.));
#8631 = VECTOR('',#8632,1.);
#8632 = DIRECTION('',(-0.,1.,0.));
#8633 = ORIENTED_EDGE('',*,*,#8634,.T.);
#8634 = EDGE_CURVE('',#8627,#8635,#8637,.T.);
#8635 = VERTEX_POINT('',#8636);
#8636 = CARTESIAN_POINT('',(-90.,6.727608007997,3.));
#8637 = LINE('',#8638,#8639);
#8638 = CARTESIAN_POINT('',(-93.7,8.863804003998,3.));
#8639 = VECTOR('',#8640,1.);
#8640 = DIRECTION('',(0.866025403784,-0.5,0.));
#8641 = ORIENTED_EDGE('',*,*,#8642,.T.);
#8642 = EDGE_CURVE('',#8635,#8569,#8643,.T.);
#8643 = LINE('',#8644,#8645);
#8644 = CARTESIAN_POINT('',(-90.,6.727608007997,3.));
#8645 = VECTOR('',#8646,1.);
#8646 = DIRECTION('',(0.866025403784,0.5,0.));
#8647 = FACE_BOUND('',#8648,.T.);
#8648 = EDGE_LOOP('',(#8649));
#8649 = ORIENTED_EDGE('',*,*,#3410,.F.);
#8650 = PLANE('',#8651);
#8651 = AXIS2_PLACEMENT_3D('',#8652,#8653,#8654);
#8652 = CARTESIAN_POINT('',(-96.88850884903,11.,3.));
#8653 = DIRECTION('',(0.,0.,1.));
#8654 = DIRECTION('',(1.,0.,-0.));
#8655 = ADVANCED_FACE('',(#8656),#8667,.F.);
#8656 = FACE_BOUND('',#8657,.F.);
#8657 = EDGE_LOOP('',(#8658,#8659,#8665,#8666));
#8658 = ORIENTED_EDGE('',*,*,#3500,.F.);
#8659 = ORIENTED_EDGE('',*,*,#8660,.F.);
#8660 = EDGE_CURVE('',#3447,#3501,#8661,.T.);
#8661 = LINE('',#8662,#8663);
#8662 = CARTESIAN_POINT('',(-110.,-12.,-3.2));
#8663 = VECTOR('',#8664,1.);
#8664 = DIRECTION('',(1.,0.,0.));
#8665 = ORIENTED_EDGE('',*,*,#3446,.T.);
#8666 = ORIENTED_EDGE('',*,*,#8660,.T.);
#8667 = CYLINDRICAL_SURFACE('',#8668,2.3);
#8668 = AXIS2_PLACEMENT_3D('',#8669,#8670,#8671);
#8669 = CARTESIAN_POINT('',(-110.,-12.,-5.5));
#8670 = DIRECTION('',(1.,0.,0.));
#8671 = DIRECTION('',(-0.,0.,1.));
#8672 = ADVANCED_FACE('',(#8673),#8702,.T.);
#8673 = FACE_BOUND('',#8674,.T.);
#8674 = EDGE_LOOP('',(#8675,#8681,#8682,#8683,#8684,#8685,#8686,#8687,
    #8688,#8689,#8690,#8691,#8692,#8693,#8694,#8695,#8696,#8697,#8698,
    #8699,#8700,#8701));
#8675 = ORIENTED_EDGE('',*,*,#8676,.F.);
#8676 = EDGE_CURVE('',#4800,#4849,#8677,.T.);
#8677 = LINE('',#8678,#8679);
#8678 = CARTESIAN_POINT('',(-98.,220.,14.04));
#8679 = VECTOR('',#8680,1.);
#8680 = DIRECTION('',(1.,0.,0.));
#8681 = ORIENTED_EDGE('',*,*,#4799,.T.);
#8682 = ORIENTED_EDGE('',*,*,#4760,.T.);
#8683 = ORIENTED_EDGE('',*,*,#4833,.F.);
#8684 = ORIENTED_EDGE('',*,*,#3930,.F.);
#8685 = ORIENTED_EDGE('',*,*,#3908,.F.);
#8686 = ORIENTED_EDGE('',*,*,#3884,.F.);
#8687 = ORIENTED_EDGE('',*,*,#3860,.F.);
#8688 = ORIENTED_EDGE('',*,*,#3836,.F.);
#8689 = ORIENTED_EDGE('',*,*,#3812,.F.);
#8690 = ORIENTED_EDGE('',*,*,#3788,.F.);
#8691 = ORIENTED_EDGE('',*,*,#3764,.F.);
#8692 = ORIENTED_EDGE('',*,*,#3740,.F.);
#8693 = ORIENTED_EDGE('',*,*,#3707,.T.);
#8694 = ORIENTED_EDGE('',*,*,#3683,.T.);
#8695 = ORIENTED_EDGE('',*,*,#3659,.T.);
#8696 = ORIENTED_EDGE('',*,*,#3635,.T.);
#8697 = ORIENTED_EDGE('',*,*,#3611,.T.);
#8698 = ORIENTED_EDGE('',*,*,#3587,.T.);
#8699 = ORIENTED_EDGE('',*,*,#3563,.T.);
#8700 = ORIENTED_EDGE('',*,*,#3548,.T.);
#8701 = ORIENTED_EDGE('',*,*,#4856,.F.);
#8702 = PLANE('',#8703);
#8703 = AXIS2_PLACEMENT_3D('',#8704,#8705,#8706);
#8704 = CARTESIAN_POINT('',(-90.,220.,24.54));
#8705 = DIRECTION('',(0.,1.,0.));
#8706 = DIRECTION('',(0.,-0.,1.));
#8707 = ADVANCED_FACE('',(#8708),#8719,.T.);
#8708 = FACE_BOUND('',#8709,.T.);
#8709 = EDGE_LOOP('',(#8710,#8711,#8712,#8718));
#8710 = ORIENTED_EDGE('',*,*,#4671,.T.);
#8711 = ORIENTED_EDGE('',*,*,#4815,.T.);
#8712 = ORIENTED_EDGE('',*,*,#8713,.F.);
#8713 = EDGE_CURVE('',#4713,#4808,#8714,.T.);
#8714 = LINE('',#8715,#8716);
#8715 = CARTESIAN_POINT('',(-107.5,18.,14.04));
#8716 = VECTOR('',#8717,1.);
#8717 = DIRECTION('',(1.,0.,-0.));
#8718 = ORIENTED_EDGE('',*,*,#4712,.F.);
#8719 = PLANE('',#8720);
#8720 = AXIS2_PLACEMENT_3D('',#8721,#8722,#8723);
#8721 = CARTESIAN_POINT('',(-109.,18.,0.));
#8722 = DIRECTION('',(-0.,1.,0.));
#8723 = DIRECTION('',(0.,0.,1.));
#8724 = ADVANCED_FACE('',(#8725),#8740,.T.);
#8725 = FACE_BOUND('',#8726,.T.);
#8726 = EDGE_LOOP('',(#8727,#8728,#8729,#8730,#8736,#8737,#8738,#8739));
#8727 = ORIENTED_EDGE('',*,*,#4807,.T.);
#8728 = ORIENTED_EDGE('',*,*,#8676,.T.);
#8729 = ORIENTED_EDGE('',*,*,#4848,.F.);
#8730 = ORIENTED_EDGE('',*,*,#8731,.T.);
#8731 = EDGE_CURVE('',#4841,#8502,#8732,.T.);
#8732 = LINE('',#8733,#8734);
#8733 = CARTESIAN_POINT('',(-53.,224.815,14.04));
#8734 = VECTOR('',#8735,1.);
#8735 = DIRECTION('',(-1.,-0.,0.));
#8736 = ORIENTED_EDGE('',*,*,#8501,.F.);
#8737 = ORIENTED_EDGE('',*,*,#8532,.T.);
#8738 = ORIENTED_EDGE('',*,*,#4720,.F.);
#8739 = ORIENTED_EDGE('',*,*,#8713,.T.);
#8740 = PLANE('',#8741);
#8741 = AXIS2_PLACEMENT_3D('',#8742,#8743,#8744);
#8742 = CARTESIAN_POINT('',(3.515388226771E-15,164.84772245633,14.04));
#8743 = DIRECTION('',(0.,0.,1.));
#8744 = DIRECTION('',(1.,0.,-0.));
#8745 = ADVANCED_FACE('',(#8746),#8752,.F.);
#8746 = FACE_BOUND('',#8747,.F.);
#8747 = EDGE_LOOP('',(#8748,#8749,#8750,#8751));
#8748 = ORIENTED_EDGE('',*,*,#4742,.T.);
#8749 = ORIENTED_EDGE('',*,*,#4840,.F.);
#8750 = ORIENTED_EDGE('',*,*,#8731,.T.);
#8751 = ORIENTED_EDGE('',*,*,#8509,.F.);
#8752 = PLANE('',#8753);
#8753 = AXIS2_PLACEMENT_3D('',#8754,#8755,#8756);
#8754 = CARTESIAN_POINT('',(-106.,224.815,9.54));
#8755 = DIRECTION('',(-0.,1.,0.));
#8756 = DIRECTION('',(0.,0.,1.));
#8757 = ADVANCED_FACE('',(#8758),#8776,.T.);
#8758 = FACE_BOUND('',#8759,.T.);
#8759 = EDGE_LOOP('',(#8760,#8761,#8762,#8770));
#8760 = ORIENTED_EDGE('',*,*,#6931,.T.);
#8761 = ORIENTED_EDGE('',*,*,#5111,.T.);
#8762 = ORIENTED_EDGE('',*,*,#8763,.F.);
#8763 = EDGE_CURVE('',#8764,#5114,#8766,.T.);
#8764 = VERTEX_POINT('',#8765);
#8765 = CARTESIAN_POINT('',(78.740740740741,220.,28.373333333333));
#8766 = LINE('',#8767,#8768);
#8767 = CARTESIAN_POINT('',(78.740740740741,220.,28.373333333333));
#8768 = VECTOR('',#8769,1.);
#8769 = DIRECTION('',(-0.662709521533,0.,0.748876551956));
#8770 = ORIENTED_EDGE('',*,*,#8771,.F.);
#8771 = EDGE_CURVE('',#6932,#8764,#8772,.T.);
#8772 = LINE('',#8773,#8774);
#8773 = CARTESIAN_POINT('',(78.740740740741,24.,28.373333333333));
#8774 = VECTOR('',#8775,1.);
#8775 = DIRECTION('',(0.,1.,0.));
#8776 = PLANE('',#8777);
#8777 = AXIS2_PLACEMENT_3D('',#8778,#8779,#8780);
#8778 = CARTESIAN_POINT('',(78.494924554184,106.,28.651111111111));
#8779 = DIRECTION('',(-0.748876551956,-0.,-0.662709521533));
#8780 = DIRECTION('',(0.662709521533,0.,-0.748876551956));
#8781 = ADVANCED_FACE('',(#8782),#8921,.T.);
#8782 = FACE_BOUND('',#8783,.T.);
#8783 = EDGE_LOOP('',(#8784,#8794,#8800,#8801,#8802,#8810,#8818,#8826,
    #8834,#8842,#8850,#8858,#8866,#8874,#8882,#8890,#8898,#8906,#8912,
    #8913,#8914,#8915));
#8784 = ORIENTED_EDGE('',*,*,#8785,.F.);
#8785 = EDGE_CURVE('',#8786,#8788,#8790,.T.);
#8786 = VERTEX_POINT('',#8787);
#8787 = CARTESIAN_POINT('',(83.6,220.,14.04));
#8788 = VERTEX_POINT('',#8789);
#8789 = CARTESIAN_POINT('',(83.6,220.,35.04));
#8790 = LINE('',#8791,#8792);
#8791 = CARTESIAN_POINT('',(83.6,220.,14.04));
#8792 = VECTOR('',#8793,1.);
#8793 = DIRECTION('',(0.,0.,1.));
#8794 = ORIENTED_EDGE('',*,*,#8795,.F.);
#8795 = EDGE_CURVE('',#5161,#8786,#8796,.T.);
#8796 = LINE('',#8797,#8798);
#8797 = CARTESIAN_POINT('',(-8.,220.,14.04));
#8798 = VECTOR('',#8799,1.);
#8799 = DIRECTION('',(1.,0.,0.));
#8800 = ORIENTED_EDGE('',*,*,#5160,.F.);
#8801 = ORIENTED_EDGE('',*,*,#5225,.F.);
#8802 = ORIENTED_EDGE('',*,*,#8803,.F.);
#8803 = EDGE_CURVE('',#8804,#5218,#8806,.T.);
#8804 = VERTEX_POINT('',#8805);
#8805 = CARTESIAN_POINT('',(78.740740740741,220.,20.706666666667));
#8806 = LINE('',#8807,#8808);
#8807 = CARTESIAN_POINT('',(78.740740740741,220.,20.706666666667));
#8808 = VECTOR('',#8809,1.);
#8809 = DIRECTION('',(-0.662709521533,0.,-0.748876551956));
#8810 = ORIENTED_EDGE('',*,*,#8811,.F.);
#8811 = EDGE_CURVE('',#8812,#8804,#8814,.T.);
#8812 = VERTEX_POINT('',#8813);
#8813 = CARTESIAN_POINT('',(79.192866941015,220.,21.262222222222));
#8814 = LINE('',#8815,#8816);
#8815 = CARTESIAN_POINT('',(79.192866941015,220.,21.262222222222));
#8816 = VECTOR('',#8817,1.);
#8817 = DIRECTION('',(-0.631212461229,0.,-0.77560997208));
#8818 = ORIENTED_EDGE('',*,*,#8819,.F.);
#8819 = EDGE_CURVE('',#8820,#8812,#8822,.T.);
#8820 = VERTEX_POINT('',#8821);
#8821 = CARTESIAN_POINT('',(79.59231824417,220.,21.817777777778));
#8822 = LINE('',#8823,#8824);
#8823 = CARTESIAN_POINT('',(79.59231824417,220.,21.817777777778));
#8824 = VECTOR('',#8825,1.);
#8825 = DIRECTION('',(-0.583776486487,0.,-0.811914412869));
#8826 = ORIENTED_EDGE('',*,*,#8827,.F.);
#8827 = EDGE_CURVE('',#8828,#8820,#8830,.T.);
#8828 = VERTEX_POINT('',#8829);
#8829 = CARTESIAN_POINT('',(79.925925925926,220.,22.373333333333));
#8830 = LINE('',#8831,#8832);
#8831 = CARTESIAN_POINT('',(79.925925925926,220.,22.373333333333));
#8832 = VECTOR('',#8833,1.);
#8833 = DIRECTION('',(-0.514807016402,0.,-0.857306092282));
#8834 = ORIENTED_EDGE('',*,*,#8835,.F.);
#8835 = EDGE_CURVE('',#8836,#8828,#8838,.T.);
#8836 = VERTEX_POINT('',#8837);
#8837 = CARTESIAN_POINT('',(80.180521262003,220.,22.928888888889));
#8838 = LINE('',#8839,#8840);
#8839 = CARTESIAN_POINT('',(80.180521262003,220.,22.928888888889));
#8840 = VECTOR('',#8841,1.);
#8841 = DIRECTION('',(-0.416608335402,0.,-0.909086076713));
#8842 = ORIENTED_EDGE('',*,*,#8843,.F.);
#8843 = EDGE_CURVE('',#8844,#8836,#8846,.T.);
#8844 = VERTEX_POINT('',#8845);
#8845 = CARTESIAN_POINT('',(80.342935528121,220.,23.484444444444));
#8846 = LINE('',#8847,#8848);
#8847 = CARTESIAN_POINT('',(80.342935528121,220.,23.484444444444));
#8848 = VECTOR('',#8849,1.);
#8849 = DIRECTION('',(-0.280600582118,0.,-0.959824626333));
#8850 = ORIENTED_EDGE('',*,*,#8851,.F.);
#8851 = EDGE_CURVE('',#8852,#8844,#8854,.T.);
#8852 = VERTEX_POINT('',#8853);
#8853 = CARTESIAN_POINT('',(80.4,220.,24.04));
#8854 = LINE('',#8855,#8856);
#8855 = CARTESIAN_POINT('',(80.4,220.,24.04));
#8856 = VECTOR('',#8857,1.);
#8857 = DIRECTION('',(-0.102178442416,0.,-0.994766086025));
#8858 = ORIENTED_EDGE('',*,*,#8859,.T.);
#8859 = EDGE_CURVE('',#8852,#8860,#8862,.T.);
#8860 = VERTEX_POINT('',#8861);
#8861 = CARTESIAN_POINT('',(80.4,220.,25.04));
#8862 = LINE('',#8863,#8864);
#8863 = CARTESIAN_POINT('',(80.4,220.,14.04));
#8864 = VECTOR('',#8865,1.);
#8865 = DIRECTION('',(0.,0.,1.));
#8866 = ORIENTED_EDGE('',*,*,#8867,.T.);
#8867 = EDGE_CURVE('',#8860,#8868,#8870,.T.);
#8868 = VERTEX_POINT('',#8869);
#8869 = CARTESIAN_POINT('',(80.342935528121,220.,25.595555555556));
#8870 = LINE('',#8871,#8872);
#8871 = CARTESIAN_POINT('',(80.4,220.,25.04));
#8872 = VECTOR('',#8873,1.);
#8873 = DIRECTION('',(-0.102178442416,0.,0.994766086025));
#8874 = ORIENTED_EDGE('',*,*,#8875,.T.);
#8875 = EDGE_CURVE('',#8868,#8876,#8878,.T.);
#8876 = VERTEX_POINT('',#8877);
#8877 = CARTESIAN_POINT('',(80.180521262003,220.,26.151111111111));
#8878 = LINE('',#8879,#8880);
#8879 = CARTESIAN_POINT('',(80.342935528121,220.,25.595555555556));
#8880 = VECTOR('',#8881,1.);
#8881 = DIRECTION('',(-0.280600582118,0.,0.959824626333));
#8882 = ORIENTED_EDGE('',*,*,#8883,.T.);
#8883 = EDGE_CURVE('',#8876,#8884,#8886,.T.);
#8884 = VERTEX_POINT('',#8885);
#8885 = CARTESIAN_POINT('',(79.925925925926,220.,26.706666666667));
#8886 = LINE('',#8887,#8888);
#8887 = CARTESIAN_POINT('',(80.180521262003,220.,26.151111111111));
#8888 = VECTOR('',#8889,1.);
#8889 = DIRECTION('',(-0.416608335402,0.,0.909086076713));
#8890 = ORIENTED_EDGE('',*,*,#8891,.T.);
#8891 = EDGE_CURVE('',#8884,#8892,#8894,.T.);
#8892 = VERTEX_POINT('',#8893);
#8893 = CARTESIAN_POINT('',(79.59231824417,220.,27.262222222222));
#8894 = LINE('',#8895,#8896);
#8895 = CARTESIAN_POINT('',(79.925925925926,220.,26.706666666667));
#8896 = VECTOR('',#8897,1.);
#8897 = DIRECTION('',(-0.514807016402,0.,0.857306092282));
#8898 = ORIENTED_EDGE('',*,*,#8899,.T.);
#8899 = EDGE_CURVE('',#8892,#8900,#8902,.T.);
#8900 = VERTEX_POINT('',#8901);
#8901 = CARTESIAN_POINT('',(79.192866941015,220.,27.817777777778));
#8902 = LINE('',#8903,#8904);
#8903 = CARTESIAN_POINT('',(79.59231824417,220.,27.262222222222));
#8904 = VECTOR('',#8905,1.);
#8905 = DIRECTION('',(-0.583776486487,0.,0.811914412869));
#8906 = ORIENTED_EDGE('',*,*,#8907,.T.);
#8907 = EDGE_CURVE('',#8900,#8764,#8908,.T.);
#8908 = LINE('',#8909,#8910);
#8909 = CARTESIAN_POINT('',(79.192866941015,220.,27.817777777778));
#8910 = VECTOR('',#8911,1.);
#8911 = DIRECTION('',(-0.631212461229,0.,0.77560997208));
#8912 = ORIENTED_EDGE('',*,*,#8763,.T.);
#8913 = ORIENTED_EDGE('',*,*,#5137,.T.);
#8914 = ORIENTED_EDGE('',*,*,#5192,.F.);
#8915 = ORIENTED_EDGE('',*,*,#8916,.T.);
#8916 = EDGE_CURVE('',#5185,#8788,#8917,.T.);
#8917 = LINE('',#8918,#8919);
#8918 = CARTESIAN_POINT('',(-8.,220.,35.04));
#8919 = VECTOR('',#8920,1.);
#8920 = DIRECTION('',(1.,0.,0.));
#8921 = PLANE('',#8922);
#8922 = AXIS2_PLACEMENT_3D('',#8923,#8924,#8925);
#8923 = CARTESIAN_POINT('',(90.,220.,24.54));
#8924 = DIRECTION('',(0.,1.,0.));
#8925 = DIRECTION('',(0.,-0.,1.));
#8926 = ADVANCED_FACE('',(#8927),#8977,.T.);
#8927 = FACE_BOUND('',#8928,.T.);
#8928 = EDGE_LOOP('',(#8929,#8937,#8945,#8953,#8961,#8969,#8975,#8976));
#8929 = ORIENTED_EDGE('',*,*,#8930,.F.);
#8930 = EDGE_CURVE('',#8931,#8786,#8933,.T.);
#8931 = VERTEX_POINT('',#8932);
#8932 = CARTESIAN_POINT('',(83.6,18.,14.04));
#8933 = LINE('',#8934,#8935);
#8934 = CARTESIAN_POINT('',(83.6,-8.,14.04));
#8935 = VECTOR('',#8936,1.);
#8936 = DIRECTION('',(-0.,1.,0.));
#8937 = ORIENTED_EDGE('',*,*,#8938,.T.);
#8938 = EDGE_CURVE('',#8931,#8939,#8941,.T.);
#8939 = VERTEX_POINT('',#8940);
#8940 = CARTESIAN_POINT('',(96.4,18.,14.04));
#8941 = LINE('',#8942,#8943);
#8942 = CARTESIAN_POINT('',(72.5,18.,14.04));
#8943 = VECTOR('',#8944,1.);
#8944 = DIRECTION('',(1.,0.,-0.));
#8945 = ORIENTED_EDGE('',*,*,#8946,.T.);
#8946 = EDGE_CURVE('',#8939,#8947,#8949,.T.);
#8947 = VERTEX_POINT('',#8948);
#8948 = CARTESIAN_POINT('',(96.4,220.,14.04));
#8949 = LINE('',#8950,#8951);
#8950 = CARTESIAN_POINT('',(96.4,24.,14.04));
#8951 = VECTOR('',#8952,1.);
#8952 = DIRECTION('',(-0.,1.,0.));
#8953 = ORIENTED_EDGE('',*,*,#8954,.T.);
#8954 = EDGE_CURVE('',#8947,#8955,#8957,.T.);
#8955 = VERTEX_POINT('',#8956);
#8956 = CARTESIAN_POINT('',(102.8,220.,14.04));
#8957 = LINE('',#8958,#8959);
#8958 = CARTESIAN_POINT('',(-8.,220.,14.04));
#8959 = VECTOR('',#8960,1.);
#8960 = DIRECTION('',(1.,0.,0.));
#8961 = ORIENTED_EDGE('',*,*,#8962,.T.);
#8962 = EDGE_CURVE('',#8955,#8963,#8965,.T.);
#8963 = VERTEX_POINT('',#8964);
#8964 = CARTESIAN_POINT('',(102.8,224.815,14.04));
#8965 = LINE('',#8966,#8967);
#8966 = CARTESIAN_POINT('',(102.8,192.32386122816,14.04));
#8967 = VECTOR('',#8968,1.);
#8968 = DIRECTION('',(-0.,1.,0.));
#8969 = ORIENTED_EDGE('',*,*,#8970,.T.);
#8970 = EDGE_CURVE('',#8963,#5169,#8971,.T.);
#8971 = LINE('',#8972,#8973);
#8972 = CARTESIAN_POINT('',(37.,224.815,14.04));
#8973 = VECTOR('',#8974,1.);
#8974 = DIRECTION('',(-1.,-0.,0.));
#8975 = ORIENTED_EDGE('',*,*,#5168,.F.);
#8976 = ORIENTED_EDGE('',*,*,#8795,.T.);
#8977 = PLANE('',#8978);
#8978 = AXIS2_PLACEMENT_3D('',#8979,#8980,#8981);
#8979 = CARTESIAN_POINT('',(3.515388226771E-15,164.84772245633,14.04));
#8980 = DIRECTION('',(0.,0.,1.));
#8981 = DIRECTION('',(1.,0.,-0.));
#8982 = ADVANCED_FACE('',(#8983),#9001,.F.);
#8983 = FACE_BOUND('',#8984,.F.);
#8984 = EDGE_LOOP('',(#8985,#8993,#8999,#9000));
#8985 = ORIENTED_EDGE('',*,*,#8986,.T.);
#8986 = EDGE_CURVE('',#5177,#8987,#8989,.T.);
#8987 = VERTEX_POINT('',#8988);
#8988 = CARTESIAN_POINT('',(102.8,224.815,35.04));
#8989 = LINE('',#8990,#8991);
#8990 = CARTESIAN_POINT('',(37.,224.815,35.04));
#8991 = VECTOR('',#8992,1.);
#8992 = DIRECTION('',(1.,0.,-0.));
#8993 = ORIENTED_EDGE('',*,*,#8994,.T.);
#8994 = EDGE_CURVE('',#8987,#8963,#8995,.T.);
#8995 = LINE('',#8996,#8997);
#8996 = CARTESIAN_POINT('',(102.8,224.815,9.54));
#8997 = VECTOR('',#8998,1.);
#8998 = DIRECTION('',(-0.,0.,-1.));
#8999 = ORIENTED_EDGE('',*,*,#8970,.T.);
#9000 = ORIENTED_EDGE('',*,*,#5176,.F.);
#9001 = PLANE('',#9002);
#9002 = AXIS2_PLACEMENT_3D('',#9003,#9004,#9005);
#9003 = CARTESIAN_POINT('',(74.,224.815,9.54));
#9004 = DIRECTION('',(-0.,1.,0.));
#9005 = DIRECTION('',(0.,0.,1.));
#9006 = ADVANCED_FACE('',(#9007),#9041,.T.);
#9007 = FACE_BOUND('',#9008,.T.);
#9008 = EDGE_LOOP('',(#9009,#9010,#9016,#9017,#9018,#9019,#9027,#9035));
#9009 = ORIENTED_EDGE('',*,*,#7102,.F.);
#9010 = ORIENTED_EDGE('',*,*,#9011,.T.);
#9011 = EDGE_CURVE('',#7095,#8788,#9012,.T.);
#9012 = LINE('',#9013,#9014);
#9013 = CARTESIAN_POINT('',(83.6,24.,35.04));
#9014 = VECTOR('',#9015,1.);
#9015 = DIRECTION('',(-0.,1.,0.));
#9016 = ORIENTED_EDGE('',*,*,#8916,.F.);
#9017 = ORIENTED_EDGE('',*,*,#5184,.F.);
#9018 = ORIENTED_EDGE('',*,*,#8986,.T.);
#9019 = ORIENTED_EDGE('',*,*,#9020,.T.);
#9020 = EDGE_CURVE('',#8987,#9021,#9023,.T.);
#9021 = VERTEX_POINT('',#9022);
#9022 = CARTESIAN_POINT('',(102.8,220.,35.04));
#9023 = LINE('',#9024,#9025);
#9024 = CARTESIAN_POINT('',(102.8,180.00172362216,35.04));
#9025 = VECTOR('',#9026,1.);
#9026 = DIRECTION('',(0.,-1.,0.));
#9027 = ORIENTED_EDGE('',*,*,#9028,.F.);
#9028 = EDGE_CURVE('',#9029,#9021,#9031,.T.);
#9029 = VERTEX_POINT('',#9030);
#9030 = CARTESIAN_POINT('',(96.4,220.,35.04));
#9031 = LINE('',#9032,#9033);
#9032 = CARTESIAN_POINT('',(-8.,220.,35.04));
#9033 = VECTOR('',#9034,1.);
#9034 = DIRECTION('',(1.,0.,0.));
#9035 = ORIENTED_EDGE('',*,*,#9036,.F.);
#9036 = EDGE_CURVE('',#7103,#9029,#9037,.T.);
#9037 = LINE('',#9038,#9039);
#9038 = CARTESIAN_POINT('',(96.4,24.,35.04));
#9039 = VECTOR('',#9040,1.);
#9040 = DIRECTION('',(-0.,1.,0.));
#9041 = PLANE('',#9042);
#9042 = AXIS2_PLACEMENT_3D('',#9043,#9044,#9045);
#9043 = CARTESIAN_POINT('',(6.049719751932E-15,140.20344724433,35.04));
#9044 = DIRECTION('',(-0.,-0.,-1.));
#9045 = DIRECTION('',(-1.,0.,0.));
#9046 = ADVANCED_FACE('',(#9047),#9058,.T.);
#9047 = FACE_BOUND('',#9048,.T.);
#9048 = EDGE_LOOP('',(#9049,#9050,#9056,#9057));
#9049 = ORIENTED_EDGE('',*,*,#7043,.F.);
#9050 = ORIENTED_EDGE('',*,*,#9051,.T.);
#9051 = EDGE_CURVE('',#7036,#8804,#9052,.T.);
#9052 = LINE('',#9053,#9054);
#9053 = CARTESIAN_POINT('',(78.740740740741,24.,20.706666666667));
#9054 = VECTOR('',#9055,1.);
#9055 = DIRECTION('',(0.,1.,0.));
#9056 = ORIENTED_EDGE('',*,*,#8803,.T.);
#9057 = ORIENTED_EDGE('',*,*,#5217,.F.);
#9058 = PLANE('',#9059);
#9059 = AXIS2_PLACEMENT_3D('',#9060,#9061,#9062);
#9060 = CARTESIAN_POINT('',(78.494924554184,106.,20.428888888889));
#9061 = DIRECTION('',(-0.748876551956,-0.,0.662709521533));
#9062 = DIRECTION('',(-0.662709521533,0.,-0.748876551956));
#9063 = ADVANCED_FACE('',(#9064),#9079,.T.);
#9064 = FACE_BOUND('',#9065,.T.);
#9065 = EDGE_LOOP('',(#9066,#9067,#9068,#9069,#9070,#9076,#9077,#9078));
#9066 = ORIENTED_EDGE('',*,*,#5820,.F.);
#9067 = ORIENTED_EDGE('',*,*,#5846,.F.);
#9068 = ORIENTED_EDGE('',*,*,#5862,.F.);
#9069 = ORIENTED_EDGE('',*,*,#5704,.F.);
#9070 = ORIENTED_EDGE('',*,*,#9071,.T.);
#9071 = EDGE_CURVE('',#5697,#5467,#9072,.T.);
#9072 = LINE('',#9073,#9074);
#9073 = CARTESIAN_POINT('',(-72.2,220.5,15.6));
#9074 = VECTOR('',#9075,1.);
#9075 = DIRECTION('',(1.,0.,-0.));
#9076 = ORIENTED_EDGE('',*,*,#5466,.T.);
#9077 = ORIENTED_EDGE('',*,*,#5772,.F.);
#9078 = ORIENTED_EDGE('',*,*,#5798,.T.);
#9079 = PLANE('',#9080);
#9080 = AXIS2_PLACEMENT_3D('',#9081,#9082,#9083);
#9081 = CARTESIAN_POINT('',(-74.,220.5,14.04));
#9082 = DIRECTION('',(-0.,1.,0.));
#9083 = DIRECTION('',(0.,0.,1.));
#9084 = ADVANCED_FACE('',(#9085),#9096,.T.);
#9085 = FACE_BOUND('',#9086,.T.);
#9086 = EDGE_LOOP('',(#9087,#9088,#9094,#9095));
#9087 = ORIENTED_EDGE('',*,*,#5696,.F.);
#9088 = ORIENTED_EDGE('',*,*,#9089,.F.);
#9089 = EDGE_CURVE('',#5475,#5689,#9090,.T.);
#9090 = LINE('',#9091,#9092);
#9091 = CARTESIAN_POINT('',(-35.2,216.,15.6));
#9092 = VECTOR('',#9093,1.);
#9093 = DIRECTION('',(-1.,0.,0.));
#9094 = ORIENTED_EDGE('',*,*,#5474,.T.);
#9095 = ORIENTED_EDGE('',*,*,#9071,.F.);
#9096 = PLANE('',#9097);
#9097 = AXIS2_PLACEMENT_3D('',#9098,#9099,#9100);
#9098 = CARTESIAN_POINT('',(-70.4,214.315,15.6));
#9099 = DIRECTION('',(0.,0.,1.));
#9100 = DIRECTION('',(1.,0.,-0.));
#9101 = ADVANCED_FACE('',(#9102),#9112,.T.);
#9102 = FACE_BOUND('',#9103,.T.);
#9103 = EDGE_LOOP('',(#9104,#9105,#9106,#9107,#9108,#9109,#9110,#9111));
#9104 = ORIENTED_EDGE('',*,*,#5688,.F.);
#9105 = ORIENTED_EDGE('',*,*,#7450,.F.);
#9106 = ORIENTED_EDGE('',*,*,#7473,.F.);
#9107 = ORIENTED_EDGE('',*,*,#7544,.F.);
#9108 = ORIENTED_EDGE('',*,*,#7884,.T.);
#9109 = ORIENTED_EDGE('',*,*,#7909,.F.);
#9110 = ORIENTED_EDGE('',*,*,#5482,.T.);
#9111 = ORIENTED_EDGE('',*,*,#9089,.T.);
#9112 = PLANE('',#9113);
#9113 = AXIS2_PLACEMENT_3D('',#9114,#9115,#9116);
#9114 = CARTESIAN_POINT('',(0.,216.,24.54));
#9115 = DIRECTION('',(-0.,-1.,-0.));
#9116 = DIRECTION('',(0.,0.,-1.));
#9117 = ADVANCED_FACE('',(#9118),#9145,.T.);
#9118 = FACE_BOUND('',#9119,.T.);
#9119 = EDGE_LOOP('',(#9120,#9128,#9129,#9130,#9131,#9139));
#9120 = ORIENTED_EDGE('',*,*,#9121,.F.);
#9121 = EDGE_CURVE('',#6120,#9122,#9124,.T.);
#9122 = VERTEX_POINT('',#9123);
#9123 = CARTESIAN_POINT('',(102.26886145404,220.,19.595555555556));
#9124 = LINE('',#9125,#9126);
#9125 = CARTESIAN_POINT('',(102.26886145404,24.,19.595555555556));
#9126 = VECTOR('',#9127,1.);
#9127 = DIRECTION('',(0.,1.,0.));
#9128 = ORIENTED_EDGE('',*,*,#6119,.F.);
#9129 = ORIENTED_EDGE('',*,*,#7202,.T.);
#9130 = ORIENTED_EDGE('',*,*,#5901,.T.);
#9131 = ORIENTED_EDGE('',*,*,#9132,.T.);
#9132 = EDGE_CURVE('',#5904,#9133,#9135,.T.);
#9133 = VERTEX_POINT('',#9134);
#9134 = CARTESIAN_POINT('',(102.8,220.,19.04));
#9135 = LINE('',#9136,#9137);
#9136 = CARTESIAN_POINT('',(102.8,162.9,19.04));
#9137 = VECTOR('',#9138,1.);
#9138 = DIRECTION('',(-0.,1.,0.));
#9139 = ORIENTED_EDGE('',*,*,#9140,.F.);
#9140 = EDGE_CURVE('',#9122,#9133,#9141,.T.);
#9141 = LINE('',#9142,#9143);
#9142 = CARTESIAN_POINT('',(102.26886145404,220.,19.595555555556));
#9143 = VECTOR('',#9144,1.);
#9144 = DIRECTION('',(0.691044328918,0.,-0.722812379162));
#9145 = PLANE('',#9146);
#9146 = AXIS2_PLACEMENT_3D('',#9147,#9148,#9149);
#9147 = CARTESIAN_POINT('',(102.8,106.,19.04));
#9148 = DIRECTION('',(0.722812379162,0.,0.691044328918));
#9149 = DIRECTION('',(-0.691044328918,0.,0.722812379162));
#9150 = ADVANCED_FACE('',(#9151),#9162,.T.);
#9151 = FACE_BOUND('',#9152,.T.);
#9152 = EDGE_LOOP('',(#9153,#9154,#9160,#9161));
#9153 = ORIENTED_EDGE('',*,*,#6319,.F.);
#9154 = ORIENTED_EDGE('',*,*,#9155,.T.);
#9155 = EDGE_CURVE('',#6312,#5968,#9156,.T.);
#9156 = LINE('',#9157,#9158);
#9157 = CARTESIAN_POINT('',(105.780521262,24.,33.928888888889));
#9158 = VECTOR('',#9159,1.);
#9159 = DIRECTION('',(0.,1.,0.));
#9160 = ORIENTED_EDGE('',*,*,#5975,.T.);
#9161 = ORIENTED_EDGE('',*,*,#6061,.F.);
#9162 = PLANE('',#9163);
#9163 = AXIS2_PLACEMENT_3D('',#9164,#9165,#9166);
#9164 = CARTESIAN_POINT('',(105.86172839506,106.,34.206666666667));
#9165 = DIRECTION('',(0.959824626333,0.,-0.280600582118));
#9166 = DIRECTION('',(0.280600582118,0.,0.959824626333));
#9167 = ADVANCED_FACE('',(#9168),#9179,.T.);
#9168 = FACE_BOUND('',#9169,.T.);
#9169 = EDGE_LOOP('',(#9170,#9171,#9177,#9178));
#9170 = ORIENTED_EDGE('',*,*,#6311,.F.);
#9171 = ORIENTED_EDGE('',*,*,#9172,.T.);
#9172 = EDGE_CURVE('',#6304,#5960,#9173,.T.);
#9173 = LINE('',#9174,#9175);
#9174 = CARTESIAN_POINT('',(105.52592592592,24.,33.373333333333));
#9175 = VECTOR('',#9176,1.);
#9176 = DIRECTION('',(0.,1.,0.));
#9177 = ORIENTED_EDGE('',*,*,#5967,.T.);
#9178 = ORIENTED_EDGE('',*,*,#9155,.F.);
#9179 = PLANE('',#9180);
#9180 = AXIS2_PLACEMENT_3D('',#9181,#9182,#9183);
#9181 = CARTESIAN_POINT('',(105.65322359396,106.,33.651111111111));
#9182 = DIRECTION('',(0.909086076713,0.,-0.416608335402));
#9183 = DIRECTION('',(0.416608335402,0.,0.909086076713));
#9184 = ADVANCED_FACE('',(#9185),#9196,.T.);
#9185 = FACE_BOUND('',#9186,.T.);
#9186 = EDGE_LOOP('',(#9187,#9188,#9194,#9195));
#9187 = ORIENTED_EDGE('',*,*,#6303,.F.);
#9188 = ORIENTED_EDGE('',*,*,#9189,.T.);
#9189 = EDGE_CURVE('',#6296,#5952,#9190,.T.);
#9190 = LINE('',#9191,#9192);
#9191 = CARTESIAN_POINT('',(105.19231824417,24.,32.817777777778));
#9192 = VECTOR('',#9193,1.);
#9193 = DIRECTION('',(0.,1.,0.));
#9194 = ORIENTED_EDGE('',*,*,#5959,.T.);
#9195 = ORIENTED_EDGE('',*,*,#9172,.F.);
#9196 = PLANE('',#9197);
#9197 = AXIS2_PLACEMENT_3D('',#9198,#9199,#9200);
#9198 = CARTESIAN_POINT('',(105.35912208504,106.,33.095555555556));
#9199 = DIRECTION('',(0.857306092282,0.,-0.514807016402));
#9200 = DIRECTION('',(0.514807016402,0.,0.857306092282));
#9201 = ADVANCED_FACE('',(#9202),#9213,.T.);
#9202 = FACE_BOUND('',#9203,.T.);
#9203 = EDGE_LOOP('',(#9204,#9205,#9211,#9212));
#9204 = ORIENTED_EDGE('',*,*,#6295,.F.);
#9205 = ORIENTED_EDGE('',*,*,#9206,.T.);
#9206 = EDGE_CURVE('',#6288,#5944,#9207,.T.);
#9207 = LINE('',#9208,#9209);
#9208 = CARTESIAN_POINT('',(104.79286694101,24.,32.262222222222));
#9209 = VECTOR('',#9210,1.);
#9210 = DIRECTION('',(0.,1.,0.));
#9211 = ORIENTED_EDGE('',*,*,#5951,.T.);
#9212 = ORIENTED_EDGE('',*,*,#9189,.F.);
#9213 = PLANE('',#9214);
#9214 = AXIS2_PLACEMENT_3D('',#9215,#9216,#9217);
#9215 = CARTESIAN_POINT('',(104.99259259259,106.,32.54));
#9216 = DIRECTION('',(0.811914412869,0.,-0.583776486487));
#9217 = DIRECTION('',(0.583776486487,0.,0.811914412869));
#9218 = ADVANCED_FACE('',(#9219),#9230,.T.);
#9219 = FACE_BOUND('',#9220,.T.);
#9220 = EDGE_LOOP('',(#9221,#9222,#9228,#9229));
#9221 = ORIENTED_EDGE('',*,*,#6287,.F.);
#9222 = ORIENTED_EDGE('',*,*,#9223,.T.);
#9223 = EDGE_CURVE('',#6280,#5936,#9224,.T.);
#9224 = LINE('',#9225,#9226);
#9225 = CARTESIAN_POINT('',(104.34074074074,24.,31.706666666667));
#9226 = VECTOR('',#9227,1.);
#9227 = DIRECTION('',(0.,1.,0.));
#9228 = ORIENTED_EDGE('',*,*,#5943,.T.);
#9229 = ORIENTED_EDGE('',*,*,#9206,.F.);
#9230 = PLANE('',#9231);
#9231 = AXIS2_PLACEMENT_3D('',#9232,#9233,#9234);
#9232 = CARTESIAN_POINT('',(104.56680384087,106.,31.984444444444));
#9233 = DIRECTION('',(0.77560997208,0.,-0.631212461229));
#9234 = DIRECTION('',(0.631212461229,0.,0.77560997208));
#9235 = ADVANCED_FACE('',(#9236),#9247,.T.);
#9236 = FACE_BOUND('',#9237,.T.);
#9237 = EDGE_LOOP('',(#9238,#9239,#9245,#9246));
#9238 = ORIENTED_EDGE('',*,*,#6279,.F.);
#9239 = ORIENTED_EDGE('',*,*,#9240,.T.);
#9240 = EDGE_CURVE('',#6272,#5928,#9241,.T.);
#9241 = LINE('',#9242,#9243);
#9242 = CARTESIAN_POINT('',(103.84910836762,24.,31.151111111111));
#9243 = VECTOR('',#9244,1.);
#9244 = DIRECTION('',(0.,1.,0.));
#9245 = ORIENTED_EDGE('',*,*,#5935,.T.);
#9246 = ORIENTED_EDGE('',*,*,#9223,.F.);
#9247 = PLANE('',#9248);
#9248 = AXIS2_PLACEMENT_3D('',#9249,#9250,#9251);
#9249 = CARTESIAN_POINT('',(104.09492455418,106.,31.428888888889));
#9250 = DIRECTION('',(0.748876551956,0.,-0.662709521533));
#9251 = DIRECTION('',(0.662709521533,0.,0.748876551956));
#9252 = ADVANCED_FACE('',(#9253),#9264,.T.);
#9253 = FACE_BOUND('',#9254,.T.);
#9254 = EDGE_LOOP('',(#9255,#9256,#9262,#9263));
#9255 = ORIENTED_EDGE('',*,*,#6271,.F.);
#9256 = ORIENTED_EDGE('',*,*,#9257,.T.);
#9257 = EDGE_CURVE('',#6264,#5920,#9258,.T.);
#9258 = LINE('',#9259,#9260);
#9259 = CARTESIAN_POINT('',(103.33113854595,24.,30.595555555556));
#9260 = VECTOR('',#9261,1.);
#9261 = DIRECTION('',(0.,1.,0.));
#9262 = ORIENTED_EDGE('',*,*,#5927,.T.);
#9263 = ORIENTED_EDGE('',*,*,#9240,.F.);
#9264 = PLANE('',#9265);
#9265 = AXIS2_PLACEMENT_3D('',#9266,#9267,#9268);
#9266 = CARTESIAN_POINT('',(103.59012345679,106.,30.873333333333));
#9267 = DIRECTION('',(0.731415501199,0.,-0.681932082106));
#9268 = DIRECTION('',(0.681932082106,0.,0.731415501199));
#9269 = ADVANCED_FACE('',(#9270),#9297,.T.);
#9270 = FACE_BOUND('',#9271,.T.);
#9271 = EDGE_LOOP('',(#9272,#9273,#9281,#9289,#9295,#9296));
#9272 = ORIENTED_EDGE('',*,*,#6263,.F.);
#9273 = ORIENTED_EDGE('',*,*,#9274,.T.);
#9274 = EDGE_CURVE('',#6256,#9275,#9277,.T.);
#9275 = VERTEX_POINT('',#9276);
#9276 = CARTESIAN_POINT('',(102.26886145404,220.,29.484444444444));
#9277 = LINE('',#9278,#9279);
#9278 = CARTESIAN_POINT('',(102.26886145404,24.,29.484444444444));
#9279 = VECTOR('',#9280,1.);
#9280 = DIRECTION('',(0.,1.,0.));
#9281 = ORIENTED_EDGE('',*,*,#9282,.T.);
#9282 = EDGE_CURVE('',#9275,#9283,#9285,.T.);
#9283 = VERTEX_POINT('',#9284);
#9284 = CARTESIAN_POINT('',(102.8,220.,30.04));
#9285 = LINE('',#9286,#9287);
#9286 = CARTESIAN_POINT('',(102.8,220.,30.04));
#9287 = VECTOR('',#9288,1.);
#9288 = DIRECTION('',(0.691044328918,0.,0.722812379162));
#9289 = ORIENTED_EDGE('',*,*,#9290,.T.);
#9290 = EDGE_CURVE('',#9283,#5912,#9291,.T.);
#9291 = LINE('',#9292,#9293);
#9292 = CARTESIAN_POINT('',(102.8,162.9,30.04));
#9293 = VECTOR('',#9294,1.);
#9294 = DIRECTION('',(0.,-1.,0.));
#9295 = ORIENTED_EDGE('',*,*,#5919,.T.);
#9296 = ORIENTED_EDGE('',*,*,#9257,.F.);
#9297 = PLANE('',#9298);
#9298 = AXIS2_PLACEMENT_3D('',#9299,#9300,#9301);
#9299 = CARTESIAN_POINT('',(102.8,106.,30.04));
#9300 = DIRECTION('',(0.722812379162,0.,-0.691044328918));
#9301 = DIRECTION('',(0.691044328918,0.,0.722812379162));
#9302 = ADVANCED_FACE('',(#9303),#9323,.F.);
#9303 = FACE_BOUND('',#9304,.F.);
#9304 = EDGE_LOOP('',(#9305,#9306,#9307,#9313,#9314,#9315,#9316,#9322));
#9305 = ORIENTED_EDGE('',*,*,#5911,.F.);
#9306 = ORIENTED_EDGE('',*,*,#9132,.T.);
#9307 = ORIENTED_EDGE('',*,*,#9308,.T.);
#9308 = EDGE_CURVE('',#9133,#8955,#9309,.T.);
#9309 = LINE('',#9310,#9311);
#9310 = CARTESIAN_POINT('',(102.8,220.,17.04));
#9311 = VECTOR('',#9312,1.);
#9312 = DIRECTION('',(-0.,0.,-1.));
#9313 = ORIENTED_EDGE('',*,*,#8962,.T.);
#9314 = ORIENTED_EDGE('',*,*,#8994,.F.);
#9315 = ORIENTED_EDGE('',*,*,#9020,.T.);
#9316 = ORIENTED_EDGE('',*,*,#9317,.T.);
#9317 = EDGE_CURVE('',#9021,#9283,#9318,.T.);
#9318 = LINE('',#9319,#9320);
#9319 = CARTESIAN_POINT('',(102.8,220.,17.04));
#9320 = VECTOR('',#9321,1.);
#9321 = DIRECTION('',(-0.,0.,-1.));
#9322 = ORIENTED_EDGE('',*,*,#9290,.T.);
#9323 = PLANE('',#9324);
#9324 = AXIS2_PLACEMENT_3D('',#9325,#9326,#9327);
#9325 = CARTESIAN_POINT('',(102.8,219.8,9.54));
#9326 = DIRECTION('',(1.,0.,-0.));
#9327 = DIRECTION('',(0.,0.,1.));
#9328 = ADVANCED_FACE('',(#9329),#9372,.T.);
#9329 = FACE_BOUND('',#9330,.T.);
#9330 = EDGE_LOOP('',(#9331,#9341,#9349,#9357,#9363,#9364,#9365,#9366));
#9331 = ORIENTED_EDGE('',*,*,#9332,.F.);
#9332 = EDGE_CURVE('',#9333,#9335,#9337,.T.);
#9333 = VERTEX_POINT('',#9334);
#9334 = CARTESIAN_POINT('',(190.,8.,-42.));
#9335 = VERTEX_POINT('',#9336);
#9336 = CARTESIAN_POINT('',(190.,8.,7.));
#9337 = LINE('',#9338,#9339);
#9338 = CARTESIAN_POINT('',(190.,8.,-42.));
#9339 = VECTOR('',#9340,1.);
#9340 = DIRECTION('',(0.,0.,1.));
#9341 = ORIENTED_EDGE('',*,*,#9342,.T.);
#9342 = EDGE_CURVE('',#9333,#9343,#9345,.T.);
#9343 = VERTEX_POINT('',#9344);
#9344 = CARTESIAN_POINT('',(190.,12.,-42.));
#9345 = LINE('',#9346,#9347);
#9346 = CARTESIAN_POINT('',(190.,8.,-42.));
#9347 = VECTOR('',#9348,1.);
#9348 = DIRECTION('',(-0.,1.,0.));
#9349 = ORIENTED_EDGE('',*,*,#9350,.T.);
#9350 = EDGE_CURVE('',#9343,#9351,#9353,.T.);
#9351 = VERTEX_POINT('',#9352);
#9352 = CARTESIAN_POINT('',(190.,12.,7.));
#9353 = LINE('',#9354,#9355);
#9354 = CARTESIAN_POINT('',(190.,12.,-42.));
#9355 = VECTOR('',#9356,1.);
#9356 = DIRECTION('',(0.,0.,1.));
#9357 = ORIENTED_EDGE('',*,*,#9358,.T.);
#9358 = EDGE_CURVE('',#9351,#6078,#9359,.T.);
#9359 = LINE('',#9360,#9361);
#9360 = CARTESIAN_POINT('',(190.,0.,7.));
#9361 = VECTOR('',#9362,1.);
#9362 = DIRECTION('',(-0.,1.,0.));
#9363 = ORIENTED_EDGE('',*,*,#6077,.T.);
#9364 = ORIENTED_EDGE('',*,*,#6351,.F.);
#9365 = ORIENTED_EDGE('',*,*,#6375,.F.);
#9366 = ORIENTED_EDGE('',*,*,#9367,.T.);
#9367 = EDGE_CURVE('',#6368,#9335,#9368,.T.);
#9368 = LINE('',#9369,#9370);
#9369 = CARTESIAN_POINT('',(190.,0.,7.));
#9370 = VECTOR('',#9371,1.);
#9371 = DIRECTION('',(-0.,1.,0.));
#9372 = PLANE('',#9373);
#9373 = AXIS2_PLACEMENT_3D('',#9374,#9375,#9376);
#9374 = CARTESIAN_POINT('',(190.,10.,2.265818858561));
#9375 = DIRECTION('',(1.,0.,0.));
#9376 = DIRECTION('',(-0.,0.,1.));
#9377 = ADVANCED_FACE('',(#9378),#9396,.T.);
#9378 = FACE_BOUND('',#9379,.T.);
#9379 = EDGE_LOOP('',(#9380,#9381,#9389,#9395));
#9380 = ORIENTED_EDGE('',*,*,#6255,.F.);
#9381 = ORIENTED_EDGE('',*,*,#9382,.T.);
#9382 = EDGE_CURVE('',#6248,#9383,#9385,.T.);
#9383 = VERTEX_POINT('',#9384);
#9384 = CARTESIAN_POINT('',(101.75089163237,220.,28.928888888889));
#9385 = LINE('',#9386,#9387);
#9386 = CARTESIAN_POINT('',(101.75089163237,24.,28.928888888889));
#9387 = VECTOR('',#9388,1.);
#9388 = DIRECTION('',(0.,1.,0.));
#9389 = ORIENTED_EDGE('',*,*,#9390,.T.);
#9390 = EDGE_CURVE('',#9383,#9275,#9391,.T.);
#9391 = LINE('',#9392,#9393);
#9392 = CARTESIAN_POINT('',(101.75089163237,220.,28.928888888889));
#9393 = VECTOR('',#9394,1.);
#9394 = DIRECTION('',(0.681932082106,0.,0.731415501199));
#9395 = ORIENTED_EDGE('',*,*,#9274,.F.);
#9396 = PLANE('',#9397);
#9397 = AXIS2_PLACEMENT_3D('',#9398,#9399,#9400);
#9398 = CARTESIAN_POINT('',(102.00987654321,106.,29.206666666667));
#9399 = DIRECTION('',(0.731415501199,0.,-0.681932082106));
#9400 = DIRECTION('',(0.681932082106,0.,0.731415501199));
#9401 = ADVANCED_FACE('',(#9402),#9420,.T.);
#9402 = FACE_BOUND('',#9403,.T.);
#9403 = EDGE_LOOP('',(#9404,#9405,#9413,#9419));
#9404 = ORIENTED_EDGE('',*,*,#6247,.F.);
#9405 = ORIENTED_EDGE('',*,*,#9406,.T.);
#9406 = EDGE_CURVE('',#6240,#9407,#9409,.T.);
#9407 = VERTEX_POINT('',#9408);
#9408 = CARTESIAN_POINT('',(101.25925925925,220.,28.373333333333));
#9409 = LINE('',#9410,#9411);
#9410 = CARTESIAN_POINT('',(101.25925925925,24.,28.373333333333));
#9411 = VECTOR('',#9412,1.);
#9412 = DIRECTION('',(0.,1.,0.));
#9413 = ORIENTED_EDGE('',*,*,#9414,.T.);
#9414 = EDGE_CURVE('',#9407,#9383,#9415,.T.);
#9415 = LINE('',#9416,#9417);
#9416 = CARTESIAN_POINT('',(101.25925925925,220.,28.373333333333));
#9417 = VECTOR('',#9418,1.);
#9418 = DIRECTION('',(0.662709521533,0.,0.748876551956));
#9419 = ORIENTED_EDGE('',*,*,#9382,.F.);
#9420 = PLANE('',#9421);
#9421 = AXIS2_PLACEMENT_3D('',#9422,#9423,#9424);
#9422 = CARTESIAN_POINT('',(101.50507544581,106.,28.651111111111));
#9423 = DIRECTION('',(0.748876551956,0.,-0.662709521533));
#9424 = DIRECTION('',(0.662709521533,0.,0.748876551956));
#9425 = ADVANCED_FACE('',(#9426),#9444,.T.);
#9426 = FACE_BOUND('',#9427,.T.);
#9427 = EDGE_LOOP('',(#9428,#9429,#9437,#9443));
#9428 = ORIENTED_EDGE('',*,*,#6239,.F.);
#9429 = ORIENTED_EDGE('',*,*,#9430,.T.);
#9430 = EDGE_CURVE('',#6232,#9431,#9433,.T.);
#9431 = VERTEX_POINT('',#9432);
#9432 = CARTESIAN_POINT('',(100.80713305898,220.,27.817777777778));
#9433 = LINE('',#9434,#9435);
#9434 = CARTESIAN_POINT('',(100.80713305898,24.,27.817777777778));
#9435 = VECTOR('',#9436,1.);
#9436 = DIRECTION('',(0.,1.,0.));
#9437 = ORIENTED_EDGE('',*,*,#9438,.T.);
#9438 = EDGE_CURVE('',#9431,#9407,#9439,.T.);
#9439 = LINE('',#9440,#9441);
#9440 = CARTESIAN_POINT('',(100.80713305898,220.,27.817777777778));
#9441 = VECTOR('',#9442,1.);
#9442 = DIRECTION('',(0.631212461229,0.,0.77560997208));
#9443 = ORIENTED_EDGE('',*,*,#9406,.F.);
#9444 = PLANE('',#9445);
#9445 = AXIS2_PLACEMENT_3D('',#9446,#9447,#9448);
#9446 = CARTESIAN_POINT('',(101.03319615912,106.,28.095555555556));
#9447 = DIRECTION('',(0.77560997208,0.,-0.631212461229));
#9448 = DIRECTION('',(0.631212461229,0.,0.77560997208));
#9449 = ADVANCED_FACE('',(#9450),#9468,.T.);
#9450 = FACE_BOUND('',#9451,.T.);
#9451 = EDGE_LOOP('',(#9452,#9453,#9461,#9467));
#9452 = ORIENTED_EDGE('',*,*,#6231,.F.);
#9453 = ORIENTED_EDGE('',*,*,#9454,.T.);
#9454 = EDGE_CURVE('',#6224,#9455,#9457,.T.);
#9455 = VERTEX_POINT('',#9456);
#9456 = CARTESIAN_POINT('',(100.40768175583,220.,27.262222222222));
#9457 = LINE('',#9458,#9459);
#9458 = CARTESIAN_POINT('',(100.40768175583,24.,27.262222222222));
#9459 = VECTOR('',#9460,1.);
#9460 = DIRECTION('',(0.,1.,0.));
#9461 = ORIENTED_EDGE('',*,*,#9462,.T.);
#9462 = EDGE_CURVE('',#9455,#9431,#9463,.T.);
#9463 = LINE('',#9464,#9465);
#9464 = CARTESIAN_POINT('',(100.40768175583,220.,27.262222222222));
#9465 = VECTOR('',#9466,1.);
#9466 = DIRECTION('',(0.583776486487,0.,0.811914412869));
#9467 = ORIENTED_EDGE('',*,*,#9430,.F.);
#9468 = PLANE('',#9469);
#9469 = AXIS2_PLACEMENT_3D('',#9470,#9471,#9472);
#9470 = CARTESIAN_POINT('',(100.6074074074,106.,27.54));
#9471 = DIRECTION('',(0.811914412869,0.,-0.583776486487));
#9472 = DIRECTION('',(0.583776486487,0.,0.811914412869));
#9473 = ADVANCED_FACE('',(#9474),#9492,.T.);
#9474 = FACE_BOUND('',#9475,.T.);
#9475 = EDGE_LOOP('',(#9476,#9477,#9485,#9491));
#9476 = ORIENTED_EDGE('',*,*,#6223,.F.);
#9477 = ORIENTED_EDGE('',*,*,#9478,.T.);
#9478 = EDGE_CURVE('',#6216,#9479,#9481,.T.);
#9479 = VERTEX_POINT('',#9480);
#9480 = CARTESIAN_POINT('',(100.07407407407,220.,26.706666666667));
#9481 = LINE('',#9482,#9483);
#9482 = CARTESIAN_POINT('',(100.07407407407,24.,26.706666666667));
#9483 = VECTOR('',#9484,1.);
#9484 = DIRECTION('',(0.,1.,0.));
#9485 = ORIENTED_EDGE('',*,*,#9486,.T.);
#9486 = EDGE_CURVE('',#9479,#9455,#9487,.T.);
#9487 = LINE('',#9488,#9489);
#9488 = CARTESIAN_POINT('',(100.07407407407,220.,26.706666666667));
#9489 = VECTOR('',#9490,1.);
#9490 = DIRECTION('',(0.514807016402,0.,0.857306092282));
#9491 = ORIENTED_EDGE('',*,*,#9454,.F.);
#9492 = PLANE('',#9493);
#9493 = AXIS2_PLACEMENT_3D('',#9494,#9495,#9496);
#9494 = CARTESIAN_POINT('',(100.24087791495,106.,26.984444444444));
#9495 = DIRECTION('',(0.857306092282,0.,-0.514807016402));
#9496 = DIRECTION('',(0.514807016402,0.,0.857306092282));
#9497 = ADVANCED_FACE('',(#9498),#9516,.T.);
#9498 = FACE_BOUND('',#9499,.T.);
#9499 = EDGE_LOOP('',(#9500,#9501,#9509,#9515));
#9500 = ORIENTED_EDGE('',*,*,#6215,.F.);
#9501 = ORIENTED_EDGE('',*,*,#9502,.T.);
#9502 = EDGE_CURVE('',#6208,#9503,#9505,.T.);
#9503 = VERTEX_POINT('',#9504);
#9504 = CARTESIAN_POINT('',(99.819478737997,220.,26.151111111111));
#9505 = LINE('',#9506,#9507);
#9506 = CARTESIAN_POINT('',(99.819478737997,24.,26.151111111111));
#9507 = VECTOR('',#9508,1.);
#9508 = DIRECTION('',(0.,1.,0.));
#9509 = ORIENTED_EDGE('',*,*,#9510,.T.);
#9510 = EDGE_CURVE('',#9503,#9479,#9511,.T.);
#9511 = LINE('',#9512,#9513);
#9512 = CARTESIAN_POINT('',(99.819478737997,220.,26.151111111111));
#9513 = VECTOR('',#9514,1.);
#9514 = DIRECTION('',(0.416608335402,0.,0.909086076713));
#9515 = ORIENTED_EDGE('',*,*,#9478,.F.);
#9516 = PLANE('',#9517);
#9517 = AXIS2_PLACEMENT_3D('',#9518,#9519,#9520);
#9518 = CARTESIAN_POINT('',(99.946776406036,106.,26.428888888889));
#9519 = DIRECTION('',(0.909086076713,0.,-0.416608335402));
#9520 = DIRECTION('',(0.416608335402,0.,0.909086076713));
#9521 = ADVANCED_FACE('',(#9522),#9540,.T.);
#9522 = FACE_BOUND('',#9523,.T.);
#9523 = EDGE_LOOP('',(#9524,#9525,#9533,#9539));
#9524 = ORIENTED_EDGE('',*,*,#6207,.F.);
#9525 = ORIENTED_EDGE('',*,*,#9526,.T.);
#9526 = EDGE_CURVE('',#6200,#9527,#9529,.T.);
#9527 = VERTEX_POINT('',#9528);
#9528 = CARTESIAN_POINT('',(99.657064471879,220.,25.595555555556));
#9529 = LINE('',#9530,#9531);
#9530 = CARTESIAN_POINT('',(99.657064471879,24.,25.595555555556));
#9531 = VECTOR('',#9532,1.);
#9532 = DIRECTION('',(0.,1.,0.));
#9533 = ORIENTED_EDGE('',*,*,#9534,.T.);
#9534 = EDGE_CURVE('',#9527,#9503,#9535,.T.);
#9535 = LINE('',#9536,#9537);
#9536 = CARTESIAN_POINT('',(99.657064471879,220.,25.595555555556));
#9537 = VECTOR('',#9538,1.);
#9538 = DIRECTION('',(0.280600582118,0.,0.959824626333));
#9539 = ORIENTED_EDGE('',*,*,#9502,.F.);
#9540 = PLANE('',#9541);
#9541 = AXIS2_PLACEMENT_3D('',#9542,#9543,#9544);
#9542 = CARTESIAN_POINT('',(99.738271604938,106.,25.873333333333));
#9543 = DIRECTION('',(0.959824626333,0.,-0.280600582118));
#9544 = DIRECTION('',(0.280600582118,0.,0.959824626333));
#9545 = ADVANCED_FACE('',(#9546),#9564,.T.);
#9546 = FACE_BOUND('',#9547,.T.);
#9547 = EDGE_LOOP('',(#9548,#9549,#9557,#9563));
#9548 = ORIENTED_EDGE('',*,*,#6199,.F.);
#9549 = ORIENTED_EDGE('',*,*,#9550,.T.);
#9550 = EDGE_CURVE('',#6192,#9551,#9553,.T.);
#9551 = VERTEX_POINT('',#9552);
#9552 = CARTESIAN_POINT('',(99.6,220.,25.04));
#9553 = LINE('',#9554,#9555);
#9554 = CARTESIAN_POINT('',(99.6,24.,25.04));
#9555 = VECTOR('',#9556,1.);
#9556 = DIRECTION('',(0.,1.,0.));
#9557 = ORIENTED_EDGE('',*,*,#9558,.T.);
#9558 = EDGE_CURVE('',#9551,#9527,#9559,.T.);
#9559 = LINE('',#9560,#9561);
#9560 = CARTESIAN_POINT('',(99.6,220.,25.04));
#9561 = VECTOR('',#9562,1.);
#9562 = DIRECTION('',(0.102178442416,0.,0.994766086025));
#9563 = ORIENTED_EDGE('',*,*,#9526,.F.);
#9564 = PLANE('',#9565);
#9565 = AXIS2_PLACEMENT_3D('',#9566,#9567,#9568);
#9566 = CARTESIAN_POINT('',(99.62853223594,106.,25.317777777778));
#9567 = DIRECTION('',(0.994766086025,0.,-0.102178442416));
#9568 = DIRECTION('',(0.102178442416,0.,0.994766086025));
#9569 = ADVANCED_FACE('',(#9570),#9588,.T.);
#9570 = FACE_BOUND('',#9571,.T.);
#9571 = EDGE_LOOP('',(#9572,#9573,#9581,#9587));
#9572 = ORIENTED_EDGE('',*,*,#6191,.F.);
#9573 = ORIENTED_EDGE('',*,*,#9574,.T.);
#9574 = EDGE_CURVE('',#6184,#9575,#9577,.T.);
#9575 = VERTEX_POINT('',#9576);
#9576 = CARTESIAN_POINT('',(99.6,220.,24.04));
#9577 = LINE('',#9578,#9579);
#9578 = CARTESIAN_POINT('',(99.6,24.,24.04));
#9579 = VECTOR('',#9580,1.);
#9580 = DIRECTION('',(0.,1.,0.));
#9581 = ORIENTED_EDGE('',*,*,#9582,.T.);
#9582 = EDGE_CURVE('',#9575,#9551,#9583,.T.);
#9583 = LINE('',#9584,#9585);
#9584 = CARTESIAN_POINT('',(99.6,220.,14.04));
#9585 = VECTOR('',#9586,1.);
#9586 = DIRECTION('',(0.,0.,1.));
#9587 = ORIENTED_EDGE('',*,*,#9550,.F.);
#9588 = PLANE('',#9589);
#9589 = AXIS2_PLACEMENT_3D('',#9590,#9591,#9592);
#9590 = CARTESIAN_POINT('',(99.6,106.,24.54));
#9591 = DIRECTION('',(1.,0.,0.));
#9592 = DIRECTION('',(-0.,0.,1.));
#9593 = ADVANCED_FACE('',(#9594),#9612,.T.);
#9594 = FACE_BOUND('',#9595,.T.);
#9595 = EDGE_LOOP('',(#9596,#9597,#9598,#9606));
#9596 = ORIENTED_EDGE('',*,*,#9574,.F.);
#9597 = ORIENTED_EDGE('',*,*,#6183,.F.);
#9598 = ORIENTED_EDGE('',*,*,#9599,.T.);
#9599 = EDGE_CURVE('',#6176,#9600,#9602,.T.);
#9600 = VERTEX_POINT('',#9601);
#9601 = CARTESIAN_POINT('',(99.657064471879,220.,23.484444444444));
#9602 = LINE('',#9603,#9604);
#9603 = CARTESIAN_POINT('',(99.657064471879,24.,23.484444444444));
#9604 = VECTOR('',#9605,1.);
#9605 = DIRECTION('',(0.,1.,0.));
#9606 = ORIENTED_EDGE('',*,*,#9607,.F.);
#9607 = EDGE_CURVE('',#9575,#9600,#9608,.T.);
#9608 = LINE('',#9609,#9610);
#9609 = CARTESIAN_POINT('',(99.6,220.,24.04));
#9610 = VECTOR('',#9611,1.);
#9611 = DIRECTION('',(0.102178442416,0.,-0.994766086025));
#9612 = PLANE('',#9613);
#9613 = AXIS2_PLACEMENT_3D('',#9614,#9615,#9616);
#9614 = CARTESIAN_POINT('',(99.62853223594,106.,23.762222222222));
#9615 = DIRECTION('',(0.994766086025,0.,0.102178442416));
#9616 = DIRECTION('',(-0.102178442416,0.,0.994766086025));
#9617 = ADVANCED_FACE('',(#9618),#9636,.T.);
#9618 = FACE_BOUND('',#9619,.T.);
#9619 = EDGE_LOOP('',(#9620,#9621,#9622,#9630));
#9620 = ORIENTED_EDGE('',*,*,#9599,.F.);
#9621 = ORIENTED_EDGE('',*,*,#6175,.F.);
#9622 = ORIENTED_EDGE('',*,*,#9623,.T.);
#9623 = EDGE_CURVE('',#6168,#9624,#9626,.T.);
#9624 = VERTEX_POINT('',#9625);
#9625 = CARTESIAN_POINT('',(99.819478737997,220.,22.928888888889));
#9626 = LINE('',#9627,#9628);
#9627 = CARTESIAN_POINT('',(99.819478737997,24.,22.928888888889));
#9628 = VECTOR('',#9629,1.);
#9629 = DIRECTION('',(0.,1.,0.));
#9630 = ORIENTED_EDGE('',*,*,#9631,.F.);
#9631 = EDGE_CURVE('',#9600,#9624,#9632,.T.);
#9632 = LINE('',#9633,#9634);
#9633 = CARTESIAN_POINT('',(99.657064471879,220.,23.484444444444));
#9634 = VECTOR('',#9635,1.);
#9635 = DIRECTION('',(0.280600582118,0.,-0.959824626333));
#9636 = PLANE('',#9637);
#9637 = AXIS2_PLACEMENT_3D('',#9638,#9639,#9640);
#9638 = CARTESIAN_POINT('',(99.738271604938,106.,23.206666666667));
#9639 = DIRECTION('',(0.959824626333,0.,0.280600582118));
#9640 = DIRECTION('',(-0.280600582118,0.,0.959824626333));
#9641 = ADVANCED_FACE('',(#9642),#9660,.T.);
#9642 = FACE_BOUND('',#9643,.T.);
#9643 = EDGE_LOOP('',(#9644,#9645,#9646,#9654));
#9644 = ORIENTED_EDGE('',*,*,#9623,.F.);
#9645 = ORIENTED_EDGE('',*,*,#6167,.F.);
#9646 = ORIENTED_EDGE('',*,*,#9647,.T.);
#9647 = EDGE_CURVE('',#6160,#9648,#9650,.T.);
#9648 = VERTEX_POINT('',#9649);
#9649 = CARTESIAN_POINT('',(100.07407407407,220.,22.373333333333));
#9650 = LINE('',#9651,#9652);
#9651 = CARTESIAN_POINT('',(100.07407407407,24.,22.373333333333));
#9652 = VECTOR('',#9653,1.);
#9653 = DIRECTION('',(0.,1.,0.));
#9654 = ORIENTED_EDGE('',*,*,#9655,.F.);
#9655 = EDGE_CURVE('',#9624,#9648,#9656,.T.);
#9656 = LINE('',#9657,#9658);
#9657 = CARTESIAN_POINT('',(99.819478737997,220.,22.928888888889));
#9658 = VECTOR('',#9659,1.);
#9659 = DIRECTION('',(0.416608335402,0.,-0.909086076713));
#9660 = PLANE('',#9661);
#9661 = AXIS2_PLACEMENT_3D('',#9662,#9663,#9664);
#9662 = CARTESIAN_POINT('',(99.946776406036,106.,22.651111111111));
#9663 = DIRECTION('',(0.909086076713,0.,0.416608335402));
#9664 = DIRECTION('',(-0.416608335402,0.,0.909086076713));
#9665 = ADVANCED_FACE('',(#9666),#9684,.T.);
#9666 = FACE_BOUND('',#9667,.T.);
#9667 = EDGE_LOOP('',(#9668,#9669,#9670,#9678));
#9668 = ORIENTED_EDGE('',*,*,#9647,.F.);
#9669 = ORIENTED_EDGE('',*,*,#6159,.F.);
#9670 = ORIENTED_EDGE('',*,*,#9671,.T.);
#9671 = EDGE_CURVE('',#6152,#9672,#9674,.T.);
#9672 = VERTEX_POINT('',#9673);
#9673 = CARTESIAN_POINT('',(100.40768175583,220.,21.817777777778));
#9674 = LINE('',#9675,#9676);
#9675 = CARTESIAN_POINT('',(100.40768175583,24.,21.817777777778));
#9676 = VECTOR('',#9677,1.);
#9677 = DIRECTION('',(0.,1.,0.));
#9678 = ORIENTED_EDGE('',*,*,#9679,.F.);
#9679 = EDGE_CURVE('',#9648,#9672,#9680,.T.);
#9680 = LINE('',#9681,#9682);
#9681 = CARTESIAN_POINT('',(100.07407407407,220.,22.373333333333));
#9682 = VECTOR('',#9683,1.);
#9683 = DIRECTION('',(0.514807016402,0.,-0.857306092282));
#9684 = PLANE('',#9685);
#9685 = AXIS2_PLACEMENT_3D('',#9686,#9687,#9688);
#9686 = CARTESIAN_POINT('',(100.24087791495,106.,22.095555555556));
#9687 = DIRECTION('',(0.857306092282,0.,0.514807016402));
#9688 = DIRECTION('',(-0.514807016402,0.,0.857306092282));
#9689 = ADVANCED_FACE('',(#9690),#9708,.T.);
#9690 = FACE_BOUND('',#9691,.T.);
#9691 = EDGE_LOOP('',(#9692,#9693,#9694,#9702));
#9692 = ORIENTED_EDGE('',*,*,#9671,.F.);
#9693 = ORIENTED_EDGE('',*,*,#6151,.F.);
#9694 = ORIENTED_EDGE('',*,*,#9695,.T.);
#9695 = EDGE_CURVE('',#6144,#9696,#9698,.T.);
#9696 = VERTEX_POINT('',#9697);
#9697 = CARTESIAN_POINT('',(100.80713305898,220.,21.262222222222));
#9698 = LINE('',#9699,#9700);
#9699 = CARTESIAN_POINT('',(100.80713305898,24.,21.262222222222));
#9700 = VECTOR('',#9701,1.);
#9701 = DIRECTION('',(0.,1.,0.));
#9702 = ORIENTED_EDGE('',*,*,#9703,.F.);
#9703 = EDGE_CURVE('',#9672,#9696,#9704,.T.);
#9704 = LINE('',#9705,#9706);
#9705 = CARTESIAN_POINT('',(100.40768175583,220.,21.817777777778));
#9706 = VECTOR('',#9707,1.);
#9707 = DIRECTION('',(0.583776486487,0.,-0.811914412869));
#9708 = PLANE('',#9709);
#9709 = AXIS2_PLACEMENT_3D('',#9710,#9711,#9712);
#9710 = CARTESIAN_POINT('',(100.6074074074,106.,21.54));
#9711 = DIRECTION('',(0.811914412869,0.,0.583776486487));
#9712 = DIRECTION('',(-0.583776486487,0.,0.811914412869));
#9713 = ADVANCED_FACE('',(#9714),#9732,.T.);
#9714 = FACE_BOUND('',#9715,.T.);
#9715 = EDGE_LOOP('',(#9716,#9717,#9718,#9726));
#9716 = ORIENTED_EDGE('',*,*,#9695,.F.);
#9717 = ORIENTED_EDGE('',*,*,#6143,.F.);
#9718 = ORIENTED_EDGE('',*,*,#9719,.T.);
#9719 = EDGE_CURVE('',#6136,#9720,#9722,.T.);
#9720 = VERTEX_POINT('',#9721);
#9721 = CARTESIAN_POINT('',(101.25925925925,220.,20.706666666667));
#9722 = LINE('',#9723,#9724);
#9723 = CARTESIAN_POINT('',(101.25925925925,24.,20.706666666667));
#9724 = VECTOR('',#9725,1.);
#9725 = DIRECTION('',(0.,1.,0.));
#9726 = ORIENTED_EDGE('',*,*,#9727,.F.);
#9727 = EDGE_CURVE('',#9696,#9720,#9728,.T.);
#9728 = LINE('',#9729,#9730);
#9729 = CARTESIAN_POINT('',(100.80713305898,220.,21.262222222222));
#9730 = VECTOR('',#9731,1.);
#9731 = DIRECTION('',(0.631212461229,0.,-0.77560997208));
#9732 = PLANE('',#9733);
#9733 = AXIS2_PLACEMENT_3D('',#9734,#9735,#9736);
#9734 = CARTESIAN_POINT('',(101.03319615912,106.,20.984444444444));
#9735 = DIRECTION('',(0.77560997208,0.,0.631212461229));
#9736 = DIRECTION('',(-0.631212461229,0.,0.77560997208));
#9737 = ADVANCED_FACE('',(#9738),#9756,.T.);
#9738 = FACE_BOUND('',#9739,.T.);
#9739 = EDGE_LOOP('',(#9740,#9741,#9742,#9750));
#9740 = ORIENTED_EDGE('',*,*,#9719,.F.);
#9741 = ORIENTED_EDGE('',*,*,#6135,.F.);
#9742 = ORIENTED_EDGE('',*,*,#9743,.T.);
#9743 = EDGE_CURVE('',#6128,#9744,#9746,.T.);
#9744 = VERTEX_POINT('',#9745);
#9745 = CARTESIAN_POINT('',(101.75089163237,220.,20.151111111111));
#9746 = LINE('',#9747,#9748);
#9747 = CARTESIAN_POINT('',(101.75089163237,24.,20.151111111111));
#9748 = VECTOR('',#9749,1.);
#9749 = DIRECTION('',(0.,1.,0.));
#9750 = ORIENTED_EDGE('',*,*,#9751,.F.);
#9751 = EDGE_CURVE('',#9720,#9744,#9752,.T.);
#9752 = LINE('',#9753,#9754);
#9753 = CARTESIAN_POINT('',(101.25925925925,220.,20.706666666667));
#9754 = VECTOR('',#9755,1.);
#9755 = DIRECTION('',(0.662709521533,0.,-0.748876551956));
#9756 = PLANE('',#9757);
#9757 = AXIS2_PLACEMENT_3D('',#9758,#9759,#9760);
#9758 = CARTESIAN_POINT('',(101.50507544581,106.,20.428888888889));
#9759 = DIRECTION('',(0.748876551956,0.,0.662709521533));
#9760 = DIRECTION('',(-0.662709521533,0.,0.748876551956));
#9761 = ADVANCED_FACE('',(#9762),#9773,.T.);
#9762 = FACE_BOUND('',#9763,.T.);
#9763 = EDGE_LOOP('',(#9764,#9765,#9766,#9767));
#9764 = ORIENTED_EDGE('',*,*,#9743,.F.);
#9765 = ORIENTED_EDGE('',*,*,#6127,.F.);
#9766 = ORIENTED_EDGE('',*,*,#9121,.T.);
#9767 = ORIENTED_EDGE('',*,*,#9768,.F.);
#9768 = EDGE_CURVE('',#9744,#9122,#9769,.T.);
#9769 = LINE('',#9770,#9771);
#9770 = CARTESIAN_POINT('',(101.75089163237,220.,20.151111111111));
#9771 = VECTOR('',#9772,1.);
#9772 = DIRECTION('',(0.681932082106,0.,-0.731415501199));
#9773 = PLANE('',#9774);
#9774 = AXIS2_PLACEMENT_3D('',#9775,#9776,#9777);
#9775 = CARTESIAN_POINT('',(102.00987654321,106.,19.873333333333));
#9776 = DIRECTION('',(0.731415501199,0.,0.681932082106));
#9777 = DIRECTION('',(-0.681932082106,0.,0.731415501199));
#9778 = ADVANCED_FACE('',(#9779),#9822,.T.);
#9779 = FACE_BOUND('',#9780,.T.);
#9780 = EDGE_LOOP('',(#9781,#9791,#9797,#9798,#9799,#9800,#9808,#9816));
#9781 = ORIENTED_EDGE('',*,*,#9782,.T.);
#9782 = EDGE_CURVE('',#9783,#9785,#9787,.T.);
#9783 = VERTEX_POINT('',#9784);
#9784 = CARTESIAN_POINT('',(140.,8.,-42.));
#9785 = VERTEX_POINT('',#9786);
#9786 = CARTESIAN_POINT('',(140.,8.,7.));
#9787 = LINE('',#9788,#9789);
#9788 = CARTESIAN_POINT('',(140.,8.,-42.));
#9789 = VECTOR('',#9790,1.);
#9790 = DIRECTION('',(0.,0.,1.));
#9791 = ORIENTED_EDGE('',*,*,#9792,.F.);
#9792 = EDGE_CURVE('',#6366,#9785,#9793,.T.);
#9793 = LINE('',#9794,#9795);
#9794 = CARTESIAN_POINT('',(140.,0.,7.));
#9795 = VECTOR('',#9796,1.);
#9796 = DIRECTION('',(-0.,1.,0.));
#9797 = ORIENTED_EDGE('',*,*,#6623,.T.);
#9798 = ORIENTED_EDGE('',*,*,#7188,.F.);
#9799 = ORIENTED_EDGE('',*,*,#6095,.F.);
#9800 = ORIENTED_EDGE('',*,*,#9801,.F.);
#9801 = EDGE_CURVE('',#9802,#6088,#9804,.T.);
#9802 = VERTEX_POINT('',#9803);
#9803 = CARTESIAN_POINT('',(140.,12.,7.));
#9804 = LINE('',#9805,#9806);
#9805 = CARTESIAN_POINT('',(140.,0.,7.));
#9806 = VECTOR('',#9807,1.);
#9807 = DIRECTION('',(-0.,1.,0.));
#9808 = ORIENTED_EDGE('',*,*,#9809,.F.);
#9809 = EDGE_CURVE('',#9810,#9802,#9812,.T.);
#9810 = VERTEX_POINT('',#9811);
#9811 = CARTESIAN_POINT('',(140.,12.,-42.));
#9812 = LINE('',#9813,#9814);
#9813 = CARTESIAN_POINT('',(140.,12.,-42.));
#9814 = VECTOR('',#9815,1.);
#9815 = DIRECTION('',(0.,0.,1.));
#9816 = ORIENTED_EDGE('',*,*,#9817,.F.);
#9817 = EDGE_CURVE('',#9783,#9810,#9818,.T.);
#9818 = LINE('',#9819,#9820);
#9819 = CARTESIAN_POINT('',(140.,8.,-42.));
#9820 = VECTOR('',#9821,1.);
#9821 = DIRECTION('',(-0.,1.,0.));
#9822 = PLANE('',#9823);
#9823 = AXIS2_PLACEMENT_3D('',#9824,#9825,#9826);
#9824 = CARTESIAN_POINT('',(140.,10.,-7.1));
#9825 = DIRECTION('',(-1.,-0.,-0.));
#9826 = DIRECTION('',(0.,0.,-1.));
#9827 = ADVANCED_FACE('',(#9828),#9839,.F.);
#9828 = FACE_BOUND('',#9829,.F.);
#9829 = EDGE_LOOP('',(#9830,#9831,#9837,#9838));
#9830 = ORIENTED_EDGE('',*,*,#9801,.F.);
#9831 = ORIENTED_EDGE('',*,*,#9832,.T.);
#9832 = EDGE_CURVE('',#9802,#9351,#9833,.T.);
#9833 = LINE('',#9834,#9835);
#9834 = CARTESIAN_POINT('',(140.,12.,7.));
#9835 = VECTOR('',#9836,1.);
#9836 = DIRECTION('',(1.,0.,-0.));
#9837 = ORIENTED_EDGE('',*,*,#9358,.T.);
#9838 = ORIENTED_EDGE('',*,*,#6087,.F.);
#9839 = PLANE('',#9840);
#9840 = AXIS2_PLACEMENT_3D('',#9841,#9842,#9843);
#9841 = CARTESIAN_POINT('',(140.,0.,7.));
#9842 = DIRECTION('',(0.,0.,1.));
#9843 = DIRECTION('',(1.,0.,-0.));
#9844 = ADVANCED_FACE('',(#9845),#9856,.F.);
#9845 = FACE_BOUND('',#9846,.F.);
#9846 = EDGE_LOOP('',(#9847,#9848,#9849,#9850));
#9847 = ORIENTED_EDGE('',*,*,#9792,.F.);
#9848 = ORIENTED_EDGE('',*,*,#6365,.T.);
#9849 = ORIENTED_EDGE('',*,*,#9367,.T.);
#9850 = ORIENTED_EDGE('',*,*,#9851,.F.);
#9851 = EDGE_CURVE('',#9785,#9335,#9852,.T.);
#9852 = LINE('',#9853,#9854);
#9853 = CARTESIAN_POINT('',(140.,8.,7.));
#9854 = VECTOR('',#9855,1.);
#9855 = DIRECTION('',(1.,0.,-0.));
#9856 = PLANE('',#9857);
#9857 = AXIS2_PLACEMENT_3D('',#9858,#9859,#9860);
#9858 = CARTESIAN_POINT('',(140.,0.,7.));
#9859 = DIRECTION('',(0.,0.,1.));
#9860 = DIRECTION('',(1.,0.,-0.));
#9861 = ADVANCED_FACE('',(#9862),#9873,.T.);
#9862 = FACE_BOUND('',#9863,.T.);
#9863 = EDGE_LOOP('',(#9864,#9865,#9871,#9872));
#9864 = ORIENTED_EDGE('',*,*,#6607,.F.);
#9865 = ORIENTED_EDGE('',*,*,#9866,.T.);
#9866 = EDGE_CURVE('',#6600,#6696,#9867,.T.);
#9867 = LINE('',#9868,#9869);
#9868 = CARTESIAN_POINT('',(103.78280823045,-8.,18.));
#9869 = VECTOR('',#9870,1.);
#9870 = DIRECTION('',(-0.,-1.,0.));
#9871 = ORIENTED_EDGE('',*,*,#6695,.T.);
#9872 = ORIENTED_EDGE('',*,*,#7124,.T.);
#9873 = PLANE('',#9874);
#9874 = AXIS2_PLACEMENT_3D('',#9875,#9876,#9877);
#9875 = CARTESIAN_POINT('',(71.,-8.,18.));
#9876 = DIRECTION('',(0.,0.,1.));
#9877 = DIRECTION('',(1.,0.,-0.));
#9878 = ADVANCED_FACE('',(#9879),#9890,.T.);
#9879 = FACE_BOUND('',#9880,.T.);
#9880 = EDGE_LOOP('',(#9881,#9887,#9888,#9889));
#9881 = ORIENTED_EDGE('',*,*,#9882,.F.);
#9882 = EDGE_CURVE('',#6704,#6592,#9883,.T.);
#9883 = LINE('',#9884,#9885);
#9884 = CARTESIAN_POINT('',(103.33113854595,24.,18.484444444444));
#9885 = VECTOR('',#9886,1.);
#9886 = DIRECTION('',(0.,1.,0.));
#9887 = ORIENTED_EDGE('',*,*,#6703,.T.);
#9888 = ORIENTED_EDGE('',*,*,#9866,.F.);
#9889 = ORIENTED_EDGE('',*,*,#6599,.F.);
#9890 = PLANE('',#9891);
#9891 = AXIS2_PLACEMENT_3D('',#9892,#9893,#9894);
#9892 = CARTESIAN_POINT('',(103.58635573764,106.0055250651,
    18.210707784929));
#9893 = DIRECTION('',(0.731415501199,0.,0.681932082106));
#9894 = DIRECTION('',(-0.681932082106,0.,0.731415501199));
#9895 = ADVANCED_FACE('',(#9896),#9907,.T.);
#9896 = FACE_BOUND('',#9897,.T.);
#9897 = EDGE_LOOP('',(#9898,#9904,#9905,#9906));
#9898 = ORIENTED_EDGE('',*,*,#9899,.F.);
#9899 = EDGE_CURVE('',#6712,#6584,#9900,.T.);
#9900 = LINE('',#9901,#9902);
#9901 = CARTESIAN_POINT('',(102.26886145404,24.,19.595555555556));
#9902 = VECTOR('',#9903,1.);
#9903 = DIRECTION('',(0.,1.,0.));
#9904 = ORIENTED_EDGE('',*,*,#6711,.T.);
#9905 = ORIENTED_EDGE('',*,*,#9882,.T.);
#9906 = ORIENTED_EDGE('',*,*,#6591,.F.);
#9907 = PLANE('',#9908);
#9908 = AXIS2_PLACEMENT_3D('',#9909,#9910,#9911);
#9909 = CARTESIAN_POINT('',(102.8,106.,19.04));
#9910 = DIRECTION('',(0.722812379162,0.,0.691044328918));
#9911 = DIRECTION('',(-0.691044328918,0.,0.722812379162));
#9912 = ADVANCED_FACE('',(#9913),#9924,.T.);
#9913 = FACE_BOUND('',#9914,.T.);
#9914 = EDGE_LOOP('',(#9915,#9921,#9922,#9923));
#9915 = ORIENTED_EDGE('',*,*,#9916,.F.);
#9916 = EDGE_CURVE('',#6720,#6576,#9917,.T.);
#9917 = LINE('',#9918,#9919);
#9918 = CARTESIAN_POINT('',(101.75089163237,24.,20.151111111111));
#9919 = VECTOR('',#9920,1.);
#9920 = DIRECTION('',(0.,1.,0.));
#9921 = ORIENTED_EDGE('',*,*,#6719,.T.);
#9922 = ORIENTED_EDGE('',*,*,#9899,.T.);
#9923 = ORIENTED_EDGE('',*,*,#6583,.F.);
#9924 = PLANE('',#9925);
#9925 = AXIS2_PLACEMENT_3D('',#9926,#9927,#9928);
#9926 = CARTESIAN_POINT('',(102.00987654321,106.,19.873333333333));
#9927 = DIRECTION('',(0.731415501199,0.,0.681932082106));
#9928 = DIRECTION('',(-0.681932082106,0.,0.731415501199));
#9929 = ADVANCED_FACE('',(#9930),#9941,.T.);
#9930 = FACE_BOUND('',#9931,.T.);
#9931 = EDGE_LOOP('',(#9932,#9938,#9939,#9940));
#9932 = ORIENTED_EDGE('',*,*,#9933,.F.);
#9933 = EDGE_CURVE('',#6728,#6568,#9934,.T.);
#9934 = LINE('',#9935,#9936);
#9935 = CARTESIAN_POINT('',(101.25925925925,24.,20.706666666667));
#9936 = VECTOR('',#9937,1.);
#9937 = DIRECTION('',(0.,1.,0.));
#9938 = ORIENTED_EDGE('',*,*,#6727,.T.);
#9939 = ORIENTED_EDGE('',*,*,#9916,.T.);
#9940 = ORIENTED_EDGE('',*,*,#6575,.F.);
#9941 = PLANE('',#9942);
#9942 = AXIS2_PLACEMENT_3D('',#9943,#9944,#9945);
#9943 = CARTESIAN_POINT('',(101.50507544581,106.,20.428888888889));
#9944 = DIRECTION('',(0.748876551956,0.,0.662709521533));
#9945 = DIRECTION('',(-0.662709521533,0.,0.748876551956));
#9946 = ADVANCED_FACE('',(#9947),#9958,.T.);
#9947 = FACE_BOUND('',#9948,.T.);
#9948 = EDGE_LOOP('',(#9949,#9955,#9956,#9957));
#9949 = ORIENTED_EDGE('',*,*,#9950,.F.);
#9950 = EDGE_CURVE('',#6736,#6560,#9951,.T.);
#9951 = LINE('',#9952,#9953);
#9952 = CARTESIAN_POINT('',(100.80713305898,24.,21.262222222222));
#9953 = VECTOR('',#9954,1.);
#9954 = DIRECTION('',(0.,1.,0.));
#9955 = ORIENTED_EDGE('',*,*,#6735,.T.);
#9956 = ORIENTED_EDGE('',*,*,#9933,.T.);
#9957 = ORIENTED_EDGE('',*,*,#6567,.F.);
#9958 = PLANE('',#9959);
#9959 = AXIS2_PLACEMENT_3D('',#9960,#9961,#9962);
#9960 = CARTESIAN_POINT('',(101.03319615912,106.,20.984444444444));
#9961 = DIRECTION('',(0.77560997208,0.,0.631212461229));
#9962 = DIRECTION('',(-0.631212461229,0.,0.77560997208));
#9963 = ADVANCED_FACE('',(#9964),#9975,.T.);
#9964 = FACE_BOUND('',#9965,.T.);
#9965 = EDGE_LOOP('',(#9966,#9972,#9973,#9974));
#9966 = ORIENTED_EDGE('',*,*,#9967,.F.);
#9967 = EDGE_CURVE('',#6744,#6552,#9968,.T.);
#9968 = LINE('',#9969,#9970);
#9969 = CARTESIAN_POINT('',(100.40768175583,24.,21.817777777778));
#9970 = VECTOR('',#9971,1.);
#9971 = DIRECTION('',(0.,1.,0.));
#9972 = ORIENTED_EDGE('',*,*,#6743,.T.);
#9973 = ORIENTED_EDGE('',*,*,#9950,.T.);
#9974 = ORIENTED_EDGE('',*,*,#6559,.F.);
#9975 = PLANE('',#9976);
#9976 = AXIS2_PLACEMENT_3D('',#9977,#9978,#9979);
#9977 = CARTESIAN_POINT('',(100.6074074074,106.,21.54));
#9978 = DIRECTION('',(0.811914412869,0.,0.583776486487));
#9979 = DIRECTION('',(-0.583776486487,0.,0.811914412869));
#9980 = ADVANCED_FACE('',(#9981),#9992,.T.);
#9981 = FACE_BOUND('',#9982,.T.);
#9982 = EDGE_LOOP('',(#9983,#9989,#9990,#9991));
#9983 = ORIENTED_EDGE('',*,*,#9984,.F.);
#9984 = EDGE_CURVE('',#6752,#6544,#9985,.T.);
#9985 = LINE('',#9986,#9987);
#9986 = CARTESIAN_POINT('',(100.07407407407,24.,22.373333333333));
#9987 = VECTOR('',#9988,1.);
#9988 = DIRECTION('',(0.,1.,0.));
#9989 = ORIENTED_EDGE('',*,*,#6751,.T.);
#9990 = ORIENTED_EDGE('',*,*,#9967,.T.);
#9991 = ORIENTED_EDGE('',*,*,#6551,.F.);
#9992 = PLANE('',#9993);
#9993 = AXIS2_PLACEMENT_3D('',#9994,#9995,#9996);
#9994 = CARTESIAN_POINT('',(100.24087791495,106.,22.095555555556));
#9995 = DIRECTION('',(0.857306092282,0.,0.514807016402));
#9996 = DIRECTION('',(-0.514807016402,0.,0.857306092282));
#9997 = ADVANCED_FACE('',(#9998),#10009,.T.);
#9998 = FACE_BOUND('',#9999,.T.);
#9999 = EDGE_LOOP('',(#10000,#10006,#10007,#10008));
#10000 = ORIENTED_EDGE('',*,*,#10001,.F.);
#10001 = EDGE_CURVE('',#6760,#6536,#10002,.T.);
#10002 = LINE('',#10003,#10004);
#10003 = CARTESIAN_POINT('',(99.819478737997,24.,22.928888888889));
#10004 = VECTOR('',#10005,1.);
#10005 = DIRECTION('',(0.,1.,0.));
#10006 = ORIENTED_EDGE('',*,*,#6759,.T.);
#10007 = ORIENTED_EDGE('',*,*,#9984,.T.);
#10008 = ORIENTED_EDGE('',*,*,#6543,.F.);
#10009 = PLANE('',#10010);
#10010 = AXIS2_PLACEMENT_3D('',#10011,#10012,#10013);
#10011 = CARTESIAN_POINT('',(99.946776406036,106.,22.651111111111));
#10012 = DIRECTION('',(0.909086076713,0.,0.416608335402));
#10013 = DIRECTION('',(-0.416608335402,0.,0.909086076713));
#10014 = ADVANCED_FACE('',(#10015),#10026,.T.);
#10015 = FACE_BOUND('',#10016,.T.);
#10016 = EDGE_LOOP('',(#10017,#10023,#10024,#10025));
#10017 = ORIENTED_EDGE('',*,*,#10018,.F.);
#10018 = EDGE_CURVE('',#6768,#6528,#10019,.T.);
#10019 = LINE('',#10020,#10021);
#10020 = CARTESIAN_POINT('',(99.657064471879,24.,23.484444444444));
#10021 = VECTOR('',#10022,1.);
#10022 = DIRECTION('',(0.,1.,0.));
#10023 = ORIENTED_EDGE('',*,*,#6767,.T.);
#10024 = ORIENTED_EDGE('',*,*,#10001,.T.);
#10025 = ORIENTED_EDGE('',*,*,#6535,.F.);
#10026 = PLANE('',#10027);
#10027 = AXIS2_PLACEMENT_3D('',#10028,#10029,#10030);
#10028 = CARTESIAN_POINT('',(99.738271604938,106.,23.206666666667));
#10029 = DIRECTION('',(0.959824626333,0.,0.280600582118));
#10030 = DIRECTION('',(-0.280600582118,0.,0.959824626333));
#10031 = ADVANCED_FACE('',(#10032),#10043,.T.);
#10032 = FACE_BOUND('',#10033,.T.);
#10033 = EDGE_LOOP('',(#10034,#10040,#10041,#10042));
#10034 = ORIENTED_EDGE('',*,*,#10035,.F.);
#10035 = EDGE_CURVE('',#6776,#6520,#10036,.T.);
#10036 = LINE('',#10037,#10038);
#10037 = CARTESIAN_POINT('',(99.6,24.,24.04));
#10038 = VECTOR('',#10039,1.);
#10039 = DIRECTION('',(0.,1.,0.));
#10040 = ORIENTED_EDGE('',*,*,#6775,.T.);
#10041 = ORIENTED_EDGE('',*,*,#10018,.T.);
#10042 = ORIENTED_EDGE('',*,*,#6527,.F.);
#10043 = PLANE('',#10044);
#10044 = AXIS2_PLACEMENT_3D('',#10045,#10046,#10047);
#10045 = CARTESIAN_POINT('',(99.62853223594,106.,23.762222222222));
#10046 = DIRECTION('',(0.994766086025,0.,0.102178442416));
#10047 = DIRECTION('',(-0.102178442416,0.,0.994766086025));
#10048 = ADVANCED_FACE('',(#10049),#10060,.T.);
#10049 = FACE_BOUND('',#10050,.T.);
#10050 = EDGE_LOOP('',(#10051,#10052,#10053,#10054));
#10051 = ORIENTED_EDGE('',*,*,#6783,.F.);
#10052 = ORIENTED_EDGE('',*,*,#10035,.T.);
#10053 = ORIENTED_EDGE('',*,*,#6519,.F.);
#10054 = ORIENTED_EDGE('',*,*,#10055,.F.);
#10055 = EDGE_CURVE('',#6784,#6512,#10056,.T.);
#10056 = LINE('',#10057,#10058);
#10057 = CARTESIAN_POINT('',(99.6,24.,25.04));
#10058 = VECTOR('',#10059,1.);
#10059 = DIRECTION('',(0.,1.,0.));
#10060 = PLANE('',#10061);
#10061 = AXIS2_PLACEMENT_3D('',#10062,#10063,#10064);
#10062 = CARTESIAN_POINT('',(99.6,106.,24.54));
#10063 = DIRECTION('',(1.,0.,0.));
#10064 = DIRECTION('',(-0.,0.,1.));
#10065 = ADVANCED_FACE('',(#10066),#10077,.T.);
#10066 = FACE_BOUND('',#10067,.T.);
#10067 = EDGE_LOOP('',(#10068,#10069,#10070,#10071));
#10068 = ORIENTED_EDGE('',*,*,#6791,.F.);
#10069 = ORIENTED_EDGE('',*,*,#10055,.T.);
#10070 = ORIENTED_EDGE('',*,*,#6511,.F.);
#10071 = ORIENTED_EDGE('',*,*,#10072,.F.);
#10072 = EDGE_CURVE('',#6792,#6504,#10073,.T.);
#10073 = LINE('',#10074,#10075);
#10074 = CARTESIAN_POINT('',(99.657064471879,24.,25.595555555556));
#10075 = VECTOR('',#10076,1.);
#10076 = DIRECTION('',(0.,1.,0.));
#10077 = PLANE('',#10078);
#10078 = AXIS2_PLACEMENT_3D('',#10079,#10080,#10081);
#10079 = CARTESIAN_POINT('',(99.62853223594,106.,25.317777777778));
#10080 = DIRECTION('',(0.994766086025,0.,-0.102178442416));
#10081 = DIRECTION('',(0.102178442416,0.,0.994766086025));
#10082 = ADVANCED_FACE('',(#10083),#10094,.T.);
#10083 = FACE_BOUND('',#10084,.T.);
#10084 = EDGE_LOOP('',(#10085,#10086,#10087,#10088));
#10085 = ORIENTED_EDGE('',*,*,#6799,.F.);
#10086 = ORIENTED_EDGE('',*,*,#10072,.T.);
#10087 = ORIENTED_EDGE('',*,*,#6503,.F.);
#10088 = ORIENTED_EDGE('',*,*,#10089,.F.);
#10089 = EDGE_CURVE('',#6800,#6496,#10090,.T.);
#10090 = LINE('',#10091,#10092);
#10091 = CARTESIAN_POINT('',(99.819478737997,24.,26.151111111111));
#10092 = VECTOR('',#10093,1.);
#10093 = DIRECTION('',(0.,1.,0.));
#10094 = PLANE('',#10095);
#10095 = AXIS2_PLACEMENT_3D('',#10096,#10097,#10098);
#10096 = CARTESIAN_POINT('',(99.738271604938,106.,25.873333333333));
#10097 = DIRECTION('',(0.959824626333,0.,-0.280600582118));
#10098 = DIRECTION('',(0.280600582118,0.,0.959824626333));
#10099 = ADVANCED_FACE('',(#10100),#10111,.T.);
#10100 = FACE_BOUND('',#10101,.T.);
#10101 = EDGE_LOOP('',(#10102,#10103,#10104,#10105));
#10102 = ORIENTED_EDGE('',*,*,#6807,.F.);
#10103 = ORIENTED_EDGE('',*,*,#10089,.T.);
#10104 = ORIENTED_EDGE('',*,*,#6495,.F.);
#10105 = ORIENTED_EDGE('',*,*,#10106,.F.);
#10106 = EDGE_CURVE('',#6808,#6488,#10107,.T.);
#10107 = LINE('',#10108,#10109);
#10108 = CARTESIAN_POINT('',(100.07407407407,24.,26.706666666667));
#10109 = VECTOR('',#10110,1.);
#10110 = DIRECTION('',(0.,1.,0.));
#10111 = PLANE('',#10112);
#10112 = AXIS2_PLACEMENT_3D('',#10113,#10114,#10115);
#10113 = CARTESIAN_POINT('',(99.946776406036,106.,26.428888888889));
#10114 = DIRECTION('',(0.909086076713,0.,-0.416608335402));
#10115 = DIRECTION('',(0.416608335402,0.,0.909086076713));
#10116 = ADVANCED_FACE('',(#10117),#10128,.T.);
#10117 = FACE_BOUND('',#10118,.T.);
#10118 = EDGE_LOOP('',(#10119,#10120,#10121,#10122));
#10119 = ORIENTED_EDGE('',*,*,#6815,.F.);
#10120 = ORIENTED_EDGE('',*,*,#10106,.T.);
#10121 = ORIENTED_EDGE('',*,*,#6487,.F.);
#10122 = ORIENTED_EDGE('',*,*,#10123,.F.);
#10123 = EDGE_CURVE('',#6816,#6480,#10124,.T.);
#10124 = LINE('',#10125,#10126);
#10125 = CARTESIAN_POINT('',(100.40768175583,24.,27.262222222222));
#10126 = VECTOR('',#10127,1.);
#10127 = DIRECTION('',(0.,1.,0.));
#10128 = PLANE('',#10129);
#10129 = AXIS2_PLACEMENT_3D('',#10130,#10131,#10132);
#10130 = CARTESIAN_POINT('',(100.24087791495,106.,26.984444444444));
#10131 = DIRECTION('',(0.857306092282,0.,-0.514807016402));
#10132 = DIRECTION('',(0.514807016402,0.,0.857306092282));
#10133 = ADVANCED_FACE('',(#10134),#10145,.T.);
#10134 = FACE_BOUND('',#10135,.T.);
#10135 = EDGE_LOOP('',(#10136,#10137,#10138,#10139));
#10136 = ORIENTED_EDGE('',*,*,#6823,.F.);
#10137 = ORIENTED_EDGE('',*,*,#10123,.T.);
#10138 = ORIENTED_EDGE('',*,*,#6479,.F.);
#10139 = ORIENTED_EDGE('',*,*,#10140,.F.);
#10140 = EDGE_CURVE('',#6824,#6472,#10141,.T.);
#10141 = LINE('',#10142,#10143);
#10142 = CARTESIAN_POINT('',(100.80713305898,24.,27.817777777778));
#10143 = VECTOR('',#10144,1.);
#10144 = DIRECTION('',(0.,1.,0.));
#10145 = PLANE('',#10146);
#10146 = AXIS2_PLACEMENT_3D('',#10147,#10148,#10149);
#10147 = CARTESIAN_POINT('',(100.6074074074,106.,27.54));
#10148 = DIRECTION('',(0.811914412869,0.,-0.583776486487));
#10149 = DIRECTION('',(0.583776486487,0.,0.811914412869));
#10150 = ADVANCED_FACE('',(#10151),#10162,.T.);
#10151 = FACE_BOUND('',#10152,.T.);
#10152 = EDGE_LOOP('',(#10153,#10154,#10155,#10156));
#10153 = ORIENTED_EDGE('',*,*,#6831,.F.);
#10154 = ORIENTED_EDGE('',*,*,#10140,.T.);
#10155 = ORIENTED_EDGE('',*,*,#6471,.F.);
#10156 = ORIENTED_EDGE('',*,*,#10157,.F.);
#10157 = EDGE_CURVE('',#6832,#6464,#10158,.T.);
#10158 = LINE('',#10159,#10160);
#10159 = CARTESIAN_POINT('',(101.25925925925,24.,28.373333333333));
#10160 = VECTOR('',#10161,1.);
#10161 = DIRECTION('',(0.,1.,0.));
#10162 = PLANE('',#10163);
#10163 = AXIS2_PLACEMENT_3D('',#10164,#10165,#10166);
#10164 = CARTESIAN_POINT('',(101.03319615912,106.,28.095555555556));
#10165 = DIRECTION('',(0.77560997208,0.,-0.631212461229));
#10166 = DIRECTION('',(0.631212461229,0.,0.77560997208));
#10167 = ADVANCED_FACE('',(#10168),#10179,.T.);
#10168 = FACE_BOUND('',#10169,.T.);
#10169 = EDGE_LOOP('',(#10170,#10171,#10172,#10173));
#10170 = ORIENTED_EDGE('',*,*,#6839,.F.);
#10171 = ORIENTED_EDGE('',*,*,#10157,.T.);
#10172 = ORIENTED_EDGE('',*,*,#6463,.F.);
#10173 = ORIENTED_EDGE('',*,*,#10174,.F.);
#10174 = EDGE_CURVE('',#6840,#6456,#10175,.T.);
#10175 = LINE('',#10176,#10177);
#10176 = CARTESIAN_POINT('',(101.75089163237,24.,28.928888888889));
#10177 = VECTOR('',#10178,1.);
#10178 = DIRECTION('',(0.,1.,0.));
#10179 = PLANE('',#10180);
#10180 = AXIS2_PLACEMENT_3D('',#10181,#10182,#10183);
#10181 = CARTESIAN_POINT('',(101.50507544581,106.,28.651111111111));
#10182 = DIRECTION('',(0.748876551956,0.,-0.662709521533));
#10183 = DIRECTION('',(0.662709521533,0.,0.748876551956));
#10184 = ADVANCED_FACE('',(#10185),#10196,.T.);
#10185 = FACE_BOUND('',#10186,.T.);
#10186 = EDGE_LOOP('',(#10187,#10188,#10189,#10190));
#10187 = ORIENTED_EDGE('',*,*,#6847,.F.);
#10188 = ORIENTED_EDGE('',*,*,#10174,.T.);
#10189 = ORIENTED_EDGE('',*,*,#6455,.F.);
#10190 = ORIENTED_EDGE('',*,*,#10191,.F.);
#10191 = EDGE_CURVE('',#6848,#6448,#10192,.T.);
#10192 = LINE('',#10193,#10194);
#10193 = CARTESIAN_POINT('',(102.26886145404,24.,29.484444444444));
#10194 = VECTOR('',#10195,1.);
#10195 = DIRECTION('',(0.,1.,0.));
#10196 = PLANE('',#10197);
#10197 = AXIS2_PLACEMENT_3D('',#10198,#10199,#10200);
#10198 = CARTESIAN_POINT('',(102.00987654321,106.,29.206666666667));
#10199 = DIRECTION('',(0.731415501199,0.,-0.681932082106));
#10200 = DIRECTION('',(0.681932082106,0.,0.731415501199));
#10201 = ADVANCED_FACE('',(#10202),#10213,.T.);
#10202 = FACE_BOUND('',#10203,.T.);
#10203 = EDGE_LOOP('',(#10204,#10205,#10206,#10207));
#10204 = ORIENTED_EDGE('',*,*,#6855,.F.);
#10205 = ORIENTED_EDGE('',*,*,#10191,.T.);
#10206 = ORIENTED_EDGE('',*,*,#6447,.F.);
#10207 = ORIENTED_EDGE('',*,*,#10208,.F.);
#10208 = EDGE_CURVE('',#6856,#6440,#10209,.T.);
#10209 = LINE('',#10210,#10211);
#10210 = CARTESIAN_POINT('',(103.33113854595,24.,30.595555555556));
#10211 = VECTOR('',#10212,1.);
#10212 = DIRECTION('',(0.,1.,0.));
#10213 = PLANE('',#10214);
#10214 = AXIS2_PLACEMENT_3D('',#10215,#10216,#10217);
#10215 = CARTESIAN_POINT('',(102.8,106.,30.04));
#10216 = DIRECTION('',(0.722812379162,0.,-0.691044328918));
#10217 = DIRECTION('',(0.691044328918,0.,0.722812379162));
#10218 = ADVANCED_FACE('',(#10219),#10230,.T.);
#10219 = FACE_BOUND('',#10220,.T.);
#10220 = EDGE_LOOP('',(#10221,#10222,#10223,#10224));
#10221 = ORIENTED_EDGE('',*,*,#6863,.F.);
#10222 = ORIENTED_EDGE('',*,*,#10208,.T.);
#10223 = ORIENTED_EDGE('',*,*,#6439,.F.);
#10224 = ORIENTED_EDGE('',*,*,#10225,.F.);
#10225 = EDGE_CURVE('',#6864,#6432,#10226,.T.);
#10226 = LINE('',#10227,#10228);
#10227 = CARTESIAN_POINT('',(103.84910836762,24.,31.151111111111));
#10228 = VECTOR('',#10229,1.);
#10229 = DIRECTION('',(0.,1.,0.));
#10230 = PLANE('',#10231);
#10231 = AXIS2_PLACEMENT_3D('',#10232,#10233,#10234);
#10232 = CARTESIAN_POINT('',(103.59012345679,106.,30.873333333333));
#10233 = DIRECTION('',(0.731415501199,0.,-0.681932082106));
#10234 = DIRECTION('',(0.681932082106,0.,0.731415501199));
#10235 = ADVANCED_FACE('',(#10236),#10247,.T.);
#10236 = FACE_BOUND('',#10237,.T.);
#10237 = EDGE_LOOP('',(#10238,#10239,#10240,#10241));
#10238 = ORIENTED_EDGE('',*,*,#6871,.F.);
#10239 = ORIENTED_EDGE('',*,*,#10225,.T.);
#10240 = ORIENTED_EDGE('',*,*,#6431,.F.);
#10241 = ORIENTED_EDGE('',*,*,#10242,.F.);
#10242 = EDGE_CURVE('',#6872,#6424,#10243,.T.);
#10243 = LINE('',#10244,#10245);
#10244 = CARTESIAN_POINT('',(104.34074074074,24.,31.706666666667));
#10245 = VECTOR('',#10246,1.);
#10246 = DIRECTION('',(0.,1.,0.));
#10247 = PLANE('',#10248);
#10248 = AXIS2_PLACEMENT_3D('',#10249,#10250,#10251);
#10249 = CARTESIAN_POINT('',(104.09492455418,106.,31.428888888889));
#10250 = DIRECTION('',(0.748876551956,0.,-0.662709521533));
#10251 = DIRECTION('',(0.662709521533,0.,0.748876551956));
#10252 = ADVANCED_FACE('',(#10253),#10264,.T.);
#10253 = FACE_BOUND('',#10254,.T.);
#10254 = EDGE_LOOP('',(#10255,#10256,#10257,#10258));
#10255 = ORIENTED_EDGE('',*,*,#6879,.F.);
#10256 = ORIENTED_EDGE('',*,*,#10242,.T.);
#10257 = ORIENTED_EDGE('',*,*,#6423,.F.);
#10258 = ORIENTED_EDGE('',*,*,#10259,.F.);
#10259 = EDGE_CURVE('',#6880,#6416,#10260,.T.);
#10260 = LINE('',#10261,#10262);
#10261 = CARTESIAN_POINT('',(104.79286694101,24.,32.262222222222));
#10262 = VECTOR('',#10263,1.);
#10263 = DIRECTION('',(0.,1.,0.));
#10264 = PLANE('',#10265);
#10265 = AXIS2_PLACEMENT_3D('',#10266,#10267,#10268);
#10266 = CARTESIAN_POINT('',(104.56680384087,106.,31.984444444444));
#10267 = DIRECTION('',(0.77560997208,0.,-0.631212461229));
#10268 = DIRECTION('',(0.631212461229,0.,0.77560997208));
#10269 = ADVANCED_FACE('',(#10270),#10281,.T.);
#10270 = FACE_BOUND('',#10271,.T.);
#10271 = EDGE_LOOP('',(#10272,#10273,#10274,#10275));
#10272 = ORIENTED_EDGE('',*,*,#6887,.F.);
#10273 = ORIENTED_EDGE('',*,*,#10259,.T.);
#10274 = ORIENTED_EDGE('',*,*,#6415,.F.);
#10275 = ORIENTED_EDGE('',*,*,#10276,.F.);
#10276 = EDGE_CURVE('',#6888,#6408,#10277,.T.);
#10277 = LINE('',#10278,#10279);
#10278 = CARTESIAN_POINT('',(105.19231824417,24.,32.817777777778));
#10279 = VECTOR('',#10280,1.);
#10280 = DIRECTION('',(0.,1.,0.));
#10281 = PLANE('',#10282);
#10282 = AXIS2_PLACEMENT_3D('',#10283,#10284,#10285);
#10283 = CARTESIAN_POINT('',(104.99259259259,106.,32.54));
#10284 = DIRECTION('',(0.811914412869,0.,-0.583776486487));
#10285 = DIRECTION('',(0.583776486487,0.,0.811914412869));
#10286 = ADVANCED_FACE('',(#10287),#10298,.T.);
#10287 = FACE_BOUND('',#10288,.T.);
#10288 = EDGE_LOOP('',(#10289,#10290,#10291,#10292));
#10289 = ORIENTED_EDGE('',*,*,#6895,.F.);
#10290 = ORIENTED_EDGE('',*,*,#10276,.T.);
#10291 = ORIENTED_EDGE('',*,*,#6407,.F.);
#10292 = ORIENTED_EDGE('',*,*,#10293,.F.);
#10293 = EDGE_CURVE('',#6896,#6400,#10294,.T.);
#10294 = LINE('',#10295,#10296);
#10295 = CARTESIAN_POINT('',(105.52592592592,24.,33.373333333333));
#10296 = VECTOR('',#10297,1.);
#10297 = DIRECTION('',(0.,1.,0.));
#10298 = PLANE('',#10299);
#10299 = AXIS2_PLACEMENT_3D('',#10300,#10301,#10302);
#10300 = CARTESIAN_POINT('',(105.35912208504,106.,33.095555555556));
#10301 = DIRECTION('',(0.857306092282,0.,-0.514807016402));
#10302 = DIRECTION('',(0.514807016402,0.,0.857306092282));
#10303 = ADVANCED_FACE('',(#10304),#10315,.T.);
#10304 = FACE_BOUND('',#10305,.T.);
#10305 = EDGE_LOOP('',(#10306,#10307,#10308,#10309));
#10306 = ORIENTED_EDGE('',*,*,#6903,.F.);
#10307 = ORIENTED_EDGE('',*,*,#10293,.T.);
#10308 = ORIENTED_EDGE('',*,*,#6399,.F.);
#10309 = ORIENTED_EDGE('',*,*,#10310,.F.);
#10310 = EDGE_CURVE('',#6904,#6392,#10311,.T.);
#10311 = LINE('',#10312,#10313);
#10312 = CARTESIAN_POINT('',(105.780521262,24.,33.928888888889));
#10313 = VECTOR('',#10314,1.);
#10314 = DIRECTION('',(0.,1.,0.));
#10315 = PLANE('',#10316);
#10316 = AXIS2_PLACEMENT_3D('',#10317,#10318,#10319);
#10317 = CARTESIAN_POINT('',(105.65322359396,106.,33.651111111111));
#10318 = DIRECTION('',(0.909086076713,0.,-0.416608335402));
#10319 = DIRECTION('',(0.416608335402,0.,0.909086076713));
#10320 = ADVANCED_FACE('',(#10321),#10327,.T.);
#10321 = FACE_BOUND('',#10322,.T.);
#10322 = EDGE_LOOP('',(#10323,#10324,#10325,#10326));
#10323 = ORIENTED_EDGE('',*,*,#6911,.F.);
#10324 = ORIENTED_EDGE('',*,*,#10310,.T.);
#10325 = ORIENTED_EDGE('',*,*,#6391,.F.);
#10326 = ORIENTED_EDGE('',*,*,#6645,.F.);
#10327 = PLANE('',#10328);
#10328 = AXIS2_PLACEMENT_3D('',#10329,#10330,#10331);
#10329 = CARTESIAN_POINT('',(105.86172839506,106.,34.206666666667));
#10330 = DIRECTION('',(0.959824626333,0.,-0.280600582118));
#10331 = DIRECTION('',(0.280600582118,0.,0.959824626333));
#10332 = ADVANCED_FACE('',(#10333),#10358,.F.);
#10333 = FACE_BOUND('',#10334,.F.);
#10334 = EDGE_LOOP('',(#10335,#10343,#10344,#10352));
#10335 = ORIENTED_EDGE('',*,*,#10336,.F.);
#10336 = EDGE_CURVE('',#6662,#10337,#10339,.T.);
#10337 = VERTEX_POINT('',#10338);
#10338 = CARTESIAN_POINT('',(81.,-15.69467112597,0.445536583931));
#10339 = LINE('',#10340,#10341);
#10340 = CARTESIAN_POINT('',(81.,-8.,13.));
#10341 = VECTOR('',#10342,1.);
#10342 = DIRECTION('',(0.,-0.522562057929,-0.852601252411));
#10343 = ORIENTED_EDGE('',*,*,#6661,.T.);
#10344 = ORIENTED_EDGE('',*,*,#10345,.T.);
#10345 = EDGE_CURVE('',#6664,#10346,#10348,.T.);
#10346 = VERTEX_POINT('',#10347);
#10347 = CARTESIAN_POINT('',(99.,-15.69467112597,0.445536583931));
#10348 = LINE('',#10349,#10350);
#10349 = CARTESIAN_POINT('',(99.,-8.,13.));
#10350 = VECTOR('',#10351,1.);
#10351 = DIRECTION('',(0.,-0.522562057929,-0.852601252411));
#10352 = ORIENTED_EDGE('',*,*,#10353,.F.);
#10353 = EDGE_CURVE('',#10337,#10346,#10354,.T.);
#10354 = LINE('',#10355,#10356);
#10355 = CARTESIAN_POINT('',(81.,-15.69467112597,0.445536583932));
#10356 = VECTOR('',#10357,1.);
#10357 = DIRECTION('',(1.,0.,0.));
#10358 = PLANE('',#10359);
#10359 = AXIS2_PLACEMENT_3D('',#10360,#10361,#10362);
#10360 = CARTESIAN_POINT('',(81.,-8.,13.));
#10361 = DIRECTION('',(0.,0.852601252411,-0.522562057929));
#10362 = DIRECTION('',(0.,-0.522562057929,-0.852601252411));
#10363 = ADVANCED_FACE('',(#10364,#10392),#10403,.T.);
#10364 = FACE_BOUND('',#10365,.T.);
#10365 = EDGE_LOOP('',(#10366,#10374,#10375,#10376,#10385));
#10366 = ORIENTED_EDGE('',*,*,#10367,.F.);
#10367 = EDGE_CURVE('',#6672,#10368,#10370,.T.);
#10368 = VERTEX_POINT('',#10369);
#10369 = CARTESIAN_POINT('',(99.,-6.26,0.));
#10370 = LINE('',#10371,#10372);
#10371 = CARTESIAN_POINT('',(99.,-10.,0.));
#10372 = VECTOR('',#10373,1.);
#10373 = DIRECTION('',(0.,1.,0.));
#10374 = ORIENTED_EDGE('',*,*,#6671,.F.);
#10375 = ORIENTED_EDGE('',*,*,#10345,.T.);
#10376 = ORIENTED_EDGE('',*,*,#10377,.T.);
#10377 = EDGE_CURVE('',#10346,#10378,#10380,.T.);
#10378 = VERTEX_POINT('',#10379);
#10379 = CARTESIAN_POINT('',(99.,-5.400873841802,-3.165147981523));
#10380 = CIRCLE('',#10381,7.);
#10381 = AXIS2_PLACEMENT_3D('',#10382,#10383,#10384);
#10382 = CARTESIAN_POINT('',(99.,-12.,-5.5));
#10383 = DIRECTION('',(1.,0.,0.));
#10384 = DIRECTION('',(-0.,0.,1.));
#10385 = ORIENTED_EDGE('',*,*,#10386,.F.);
#10386 = EDGE_CURVE('',#10368,#10378,#10387,.T.);
#10387 = CIRCLE('',#10388,6.26);
#10388 = AXIS2_PLACEMENT_3D('',#10389,#10390,#10391);
#10389 = CARTESIAN_POINT('',(99.,0.,0.));
#10390 = DIRECTION('',(1.,0.,0.));
#10391 = DIRECTION('',(-0.,0.,1.));
#10392 = FACE_BOUND('',#10393,.T.);
#10393 = EDGE_LOOP('',(#10394));
#10394 = ORIENTED_EDGE('',*,*,#10395,.F.);
#10395 = EDGE_CURVE('',#10396,#10396,#10398,.T.);
#10396 = VERTEX_POINT('',#10397);
#10397 = CARTESIAN_POINT('',(99.,-12.,-3.2));
#10398 = CIRCLE('',#10399,2.3);
#10399 = AXIS2_PLACEMENT_3D('',#10400,#10401,#10402);
#10400 = CARTESIAN_POINT('',(99.,-12.,-5.5));
#10401 = DIRECTION('',(1.,0.,0.));
#10402 = DIRECTION('',(-0.,0.,1.));
#10403 = PLANE('',#10404);
#10404 = AXIS2_PLACEMENT_3D('',#10405,#10406,#10407);
#10405 = CARTESIAN_POINT('',(99.,-10.63296179817,-0.492578677057));
#10406 = DIRECTION('',(1.,4.041929189259E-16,2.36402458872E-16));
#10407 = DIRECTION('',(-4.041929189259E-16,1.,0.));
#10408 = ADVANCED_FACE('',(#10409),#10420,.F.);
#10409 = FACE_BOUND('',#10410,.F.);
#10410 = EDGE_LOOP('',(#10411,#10412,#10413,#10419));
#10411 = ORIENTED_EDGE('',*,*,#6679,.T.);
#10412 = ORIENTED_EDGE('',*,*,#7131,.T.);
#10413 = ORIENTED_EDGE('',*,*,#10414,.F.);
#10414 = EDGE_CURVE('',#10368,#7132,#10415,.T.);
#10415 = LINE('',#10416,#10417);
#10416 = CARTESIAN_POINT('',(70.,-6.26,0.));
#10417 = VECTOR('',#10418,1.);
#10418 = DIRECTION('',(1.,0.,0.));
#10419 = ORIENTED_EDGE('',*,*,#10367,.F.);
#10420 = PLANE('',#10421);
#10421 = AXIS2_PLACEMENT_3D('',#10422,#10423,#10424);
#10422 = CARTESIAN_POINT('',(71.,-8.,0.));
#10423 = DIRECTION('',(0.,0.,1.));
#10424 = DIRECTION('',(1.,0.,-0.));
#10425 = ADVANCED_FACE('',(#10426),#10437,.T.);
#10426 = FACE_BOUND('',#10427,.T.);
#10427 = EDGE_LOOP('',(#10428,#10429,#10430,#10431));
#10428 = ORIENTED_EDGE('',*,*,#6939,.T.);
#10429 = ORIENTED_EDGE('',*,*,#8771,.T.);
#10430 = ORIENTED_EDGE('',*,*,#8907,.F.);
#10431 = ORIENTED_EDGE('',*,*,#10432,.F.);
#10432 = EDGE_CURVE('',#6940,#8900,#10433,.T.);
#10433 = LINE('',#10434,#10435);
#10434 = CARTESIAN_POINT('',(79.192866941015,24.,27.817777777778));
#10435 = VECTOR('',#10436,1.);
#10436 = DIRECTION('',(0.,1.,0.));
#10437 = PLANE('',#10438);
#10438 = AXIS2_PLACEMENT_3D('',#10439,#10440,#10441);
#10439 = CARTESIAN_POINT('',(78.966803840878,106.,28.095555555556));
#10440 = DIRECTION('',(-0.77560997208,-0.,-0.631212461229));
#10441 = DIRECTION('',(0.631212461229,0.,-0.77560997208));
#10442 = ADVANCED_FACE('',(#10443),#10454,.T.);
#10443 = FACE_BOUND('',#10444,.T.);
#10444 = EDGE_LOOP('',(#10445,#10446,#10447,#10448));
#10445 = ORIENTED_EDGE('',*,*,#6947,.T.);
#10446 = ORIENTED_EDGE('',*,*,#10432,.T.);
#10447 = ORIENTED_EDGE('',*,*,#8899,.F.);
#10448 = ORIENTED_EDGE('',*,*,#10449,.F.);
#10449 = EDGE_CURVE('',#6948,#8892,#10450,.T.);
#10450 = LINE('',#10451,#10452);
#10451 = CARTESIAN_POINT('',(79.59231824417,24.,27.262222222222));
#10452 = VECTOR('',#10453,1.);
#10453 = DIRECTION('',(0.,1.,0.));
#10454 = PLANE('',#10455);
#10455 = AXIS2_PLACEMENT_3D('',#10456,#10457,#10458);
#10456 = CARTESIAN_POINT('',(79.392592592593,106.,27.54));
#10457 = DIRECTION('',(-0.811914412869,-0.,-0.583776486487));
#10458 = DIRECTION('',(0.583776486487,0.,-0.811914412869));
#10459 = ADVANCED_FACE('',(#10460),#10471,.T.);
#10460 = FACE_BOUND('',#10461,.T.);
#10461 = EDGE_LOOP('',(#10462,#10463,#10464,#10465));
#10462 = ORIENTED_EDGE('',*,*,#6955,.T.);
#10463 = ORIENTED_EDGE('',*,*,#10449,.T.);
#10464 = ORIENTED_EDGE('',*,*,#8891,.F.);
#10465 = ORIENTED_EDGE('',*,*,#10466,.F.);
#10466 = EDGE_CURVE('',#6956,#8884,#10467,.T.);
#10467 = LINE('',#10468,#10469);
#10468 = CARTESIAN_POINT('',(79.925925925926,24.,26.706666666667));
#10469 = VECTOR('',#10470,1.);
#10470 = DIRECTION('',(0.,1.,0.));
#10471 = PLANE('',#10472);
#10472 = AXIS2_PLACEMENT_3D('',#10473,#10474,#10475);
#10473 = CARTESIAN_POINT('',(79.759122085048,106.,26.984444444444));
#10474 = DIRECTION('',(-0.857306092282,-0.,-0.514807016402));
#10475 = DIRECTION('',(0.514807016402,0.,-0.857306092282));
#10476 = ADVANCED_FACE('',(#10477),#10488,.T.);
#10477 = FACE_BOUND('',#10478,.T.);
#10478 = EDGE_LOOP('',(#10479,#10480,#10481,#10482));
#10479 = ORIENTED_EDGE('',*,*,#6963,.T.);
#10480 = ORIENTED_EDGE('',*,*,#10466,.T.);
#10481 = ORIENTED_EDGE('',*,*,#8883,.F.);
#10482 = ORIENTED_EDGE('',*,*,#10483,.F.);
#10483 = EDGE_CURVE('',#6964,#8876,#10484,.T.);
#10484 = LINE('',#10485,#10486);
#10485 = CARTESIAN_POINT('',(80.180521262003,24.,26.151111111111));
#10486 = VECTOR('',#10487,1.);
#10487 = DIRECTION('',(0.,1.,0.));
#10488 = PLANE('',#10489);
#10489 = AXIS2_PLACEMENT_3D('',#10490,#10491,#10492);
#10490 = CARTESIAN_POINT('',(80.053223593964,106.,26.428888888889));
#10491 = DIRECTION('',(-0.909086076713,-0.,-0.416608335402));
#10492 = DIRECTION('',(0.416608335402,0.,-0.909086076713));
#10493 = ADVANCED_FACE('',(#10494),#10505,.T.);
#10494 = FACE_BOUND('',#10495,.T.);
#10495 = EDGE_LOOP('',(#10496,#10497,#10498,#10499));
#10496 = ORIENTED_EDGE('',*,*,#6971,.T.);
#10497 = ORIENTED_EDGE('',*,*,#10483,.T.);
#10498 = ORIENTED_EDGE('',*,*,#8875,.F.);
#10499 = ORIENTED_EDGE('',*,*,#10500,.F.);
#10500 = EDGE_CURVE('',#6972,#8868,#10501,.T.);
#10501 = LINE('',#10502,#10503);
#10502 = CARTESIAN_POINT('',(80.342935528121,24.,25.595555555556));
#10503 = VECTOR('',#10504,1.);
#10504 = DIRECTION('',(0.,1.,0.));
#10505 = PLANE('',#10506);
#10506 = AXIS2_PLACEMENT_3D('',#10507,#10508,#10509);
#10507 = CARTESIAN_POINT('',(80.261728395062,106.,25.873333333333));
#10508 = DIRECTION('',(-0.959824626333,-0.,-0.280600582118));
#10509 = DIRECTION('',(0.280600582118,0.,-0.959824626333));
#10510 = ADVANCED_FACE('',(#10511),#10522,.T.);
#10511 = FACE_BOUND('',#10512,.T.);
#10512 = EDGE_LOOP('',(#10513,#10514,#10515,#10516));
#10513 = ORIENTED_EDGE('',*,*,#6979,.T.);
#10514 = ORIENTED_EDGE('',*,*,#10500,.T.);
#10515 = ORIENTED_EDGE('',*,*,#8867,.F.);
#10516 = ORIENTED_EDGE('',*,*,#10517,.F.);
#10517 = EDGE_CURVE('',#6980,#8860,#10518,.T.);
#10518 = LINE('',#10519,#10520);
#10519 = CARTESIAN_POINT('',(80.4,24.,25.04));
#10520 = VECTOR('',#10521,1.);
#10521 = DIRECTION('',(0.,1.,0.));
#10522 = PLANE('',#10523);
#10523 = AXIS2_PLACEMENT_3D('',#10524,#10525,#10526);
#10524 = CARTESIAN_POINT('',(80.37146776406,106.,25.317777777778));
#10525 = DIRECTION('',(-0.994766086025,-0.,-0.102178442416));
#10526 = DIRECTION('',(0.102178442416,0.,-0.994766086025));
#10527 = ADVANCED_FACE('',(#10528),#10539,.T.);
#10528 = FACE_BOUND('',#10529,.T.);
#10529 = EDGE_LOOP('',(#10530,#10531,#10532,#10533));
#10530 = ORIENTED_EDGE('',*,*,#6987,.T.);
#10531 = ORIENTED_EDGE('',*,*,#10517,.T.);
#10532 = ORIENTED_EDGE('',*,*,#8859,.F.);
#10533 = ORIENTED_EDGE('',*,*,#10534,.F.);
#10534 = EDGE_CURVE('',#6988,#8852,#10535,.T.);
#10535 = LINE('',#10536,#10537);
#10536 = CARTESIAN_POINT('',(80.4,24.,24.04));
#10537 = VECTOR('',#10538,1.);
#10538 = DIRECTION('',(0.,1.,0.));
#10539 = PLANE('',#10540);
#10540 = AXIS2_PLACEMENT_3D('',#10541,#10542,#10543);
#10541 = CARTESIAN_POINT('',(80.4,106.,24.54));
#10542 = DIRECTION('',(-1.,-0.,-0.));
#10543 = DIRECTION('',(0.,0.,-1.));
#10544 = ADVANCED_FACE('',(#10545),#10556,.T.);
#10545 = FACE_BOUND('',#10546,.T.);
#10546 = EDGE_LOOP('',(#10547,#10548,#10549,#10550));
#10547 = ORIENTED_EDGE('',*,*,#6995,.F.);
#10548 = ORIENTED_EDGE('',*,*,#10534,.T.);
#10549 = ORIENTED_EDGE('',*,*,#8851,.T.);
#10550 = ORIENTED_EDGE('',*,*,#10551,.F.);
#10551 = EDGE_CURVE('',#6996,#8844,#10552,.T.);
#10552 = LINE('',#10553,#10554);
#10553 = CARTESIAN_POINT('',(80.342935528121,24.,23.484444444444));
#10554 = VECTOR('',#10555,1.);
#10555 = DIRECTION('',(0.,1.,0.));
#10556 = PLANE('',#10557);
#10557 = AXIS2_PLACEMENT_3D('',#10558,#10559,#10560);
#10558 = CARTESIAN_POINT('',(80.37146776406,106.,23.762222222222));
#10559 = DIRECTION('',(-0.994766086025,-0.,0.102178442416));
#10560 = DIRECTION('',(-0.102178442416,0.,-0.994766086025));
#10561 = ADVANCED_FACE('',(#10562),#10573,.T.);
#10562 = FACE_BOUND('',#10563,.T.);
#10563 = EDGE_LOOP('',(#10564,#10565,#10566,#10567));
#10564 = ORIENTED_EDGE('',*,*,#7003,.F.);
#10565 = ORIENTED_EDGE('',*,*,#10551,.T.);
#10566 = ORIENTED_EDGE('',*,*,#8843,.T.);
#10567 = ORIENTED_EDGE('',*,*,#10568,.F.);
#10568 = EDGE_CURVE('',#7004,#8836,#10569,.T.);
#10569 = LINE('',#10570,#10571);
#10570 = CARTESIAN_POINT('',(80.180521262003,24.,22.928888888889));
#10571 = VECTOR('',#10572,1.);
#10572 = DIRECTION('',(0.,1.,0.));
#10573 = PLANE('',#10574);
#10574 = AXIS2_PLACEMENT_3D('',#10575,#10576,#10577);
#10575 = CARTESIAN_POINT('',(80.261728395062,106.,23.206666666667));
#10576 = DIRECTION('',(-0.959824626333,-0.,0.280600582118));
#10577 = DIRECTION('',(-0.280600582118,0.,-0.959824626333));
#10578 = ADVANCED_FACE('',(#10579),#10590,.T.);
#10579 = FACE_BOUND('',#10580,.T.);
#10580 = EDGE_LOOP('',(#10581,#10582,#10583,#10584));
#10581 = ORIENTED_EDGE('',*,*,#7011,.F.);
#10582 = ORIENTED_EDGE('',*,*,#10568,.T.);
#10583 = ORIENTED_EDGE('',*,*,#8835,.T.);
#10584 = ORIENTED_EDGE('',*,*,#10585,.F.);
#10585 = EDGE_CURVE('',#7012,#8828,#10586,.T.);
#10586 = LINE('',#10587,#10588);
#10587 = CARTESIAN_POINT('',(79.925925925926,24.,22.373333333333));
#10588 = VECTOR('',#10589,1.);
#10589 = DIRECTION('',(0.,1.,0.));
#10590 = PLANE('',#10591);
#10591 = AXIS2_PLACEMENT_3D('',#10592,#10593,#10594);
#10592 = CARTESIAN_POINT('',(80.053223593964,106.,22.651111111111));
#10593 = DIRECTION('',(-0.909086076713,-0.,0.416608335402));
#10594 = DIRECTION('',(-0.416608335402,0.,-0.909086076713));
#10595 = ADVANCED_FACE('',(#10596),#10607,.T.);
#10596 = FACE_BOUND('',#10597,.T.);
#10597 = EDGE_LOOP('',(#10598,#10599,#10600,#10601));
#10598 = ORIENTED_EDGE('',*,*,#7019,.F.);
#10599 = ORIENTED_EDGE('',*,*,#10585,.T.);
#10600 = ORIENTED_EDGE('',*,*,#8827,.T.);
#10601 = ORIENTED_EDGE('',*,*,#10602,.F.);
#10602 = EDGE_CURVE('',#7020,#8820,#10603,.T.);
#10603 = LINE('',#10604,#10605);
#10604 = CARTESIAN_POINT('',(79.59231824417,24.,21.817777777778));
#10605 = VECTOR('',#10606,1.);
#10606 = DIRECTION('',(0.,1.,0.));
#10607 = PLANE('',#10608);
#10608 = AXIS2_PLACEMENT_3D('',#10609,#10610,#10611);
#10609 = CARTESIAN_POINT('',(79.759122085048,106.,22.095555555556));
#10610 = DIRECTION('',(-0.857306092282,-0.,0.514807016402));
#10611 = DIRECTION('',(-0.514807016402,0.,-0.857306092282));
#10612 = ADVANCED_FACE('',(#10613),#10624,.T.);
#10613 = FACE_BOUND('',#10614,.T.);
#10614 = EDGE_LOOP('',(#10615,#10616,#10617,#10618));
#10615 = ORIENTED_EDGE('',*,*,#7027,.F.);
#10616 = ORIENTED_EDGE('',*,*,#10602,.T.);
#10617 = ORIENTED_EDGE('',*,*,#8819,.T.);
#10618 = ORIENTED_EDGE('',*,*,#10619,.F.);
#10619 = EDGE_CURVE('',#7028,#8812,#10620,.T.);
#10620 = LINE('',#10621,#10622);
#10621 = CARTESIAN_POINT('',(79.192866941015,24.,21.262222222222));
#10622 = VECTOR('',#10623,1.);
#10623 = DIRECTION('',(0.,1.,0.));
#10624 = PLANE('',#10625);
#10625 = AXIS2_PLACEMENT_3D('',#10626,#10627,#10628);
#10626 = CARTESIAN_POINT('',(79.392592592593,106.,21.54));
#10627 = DIRECTION('',(-0.811914412869,-0.,0.583776486487));
#10628 = DIRECTION('',(-0.583776486487,0.,-0.811914412869));
#10629 = ADVANCED_FACE('',(#10630),#10636,.T.);
#10630 = FACE_BOUND('',#10631,.T.);
#10631 = EDGE_LOOP('',(#10632,#10633,#10634,#10635));
#10632 = ORIENTED_EDGE('',*,*,#7035,.F.);
#10633 = ORIENTED_EDGE('',*,*,#10619,.T.);
#10634 = ORIENTED_EDGE('',*,*,#8811,.T.);
#10635 = ORIENTED_EDGE('',*,*,#9051,.F.);
#10636 = PLANE('',#10637);
#10637 = AXIS2_PLACEMENT_3D('',#10638,#10639,#10640);
#10638 = CARTESIAN_POINT('',(78.966803840878,106.,20.984444444444));
#10639 = DIRECTION('',(-0.77560997208,-0.,0.631212461229));
#10640 = DIRECTION('',(-0.631212461229,0.,-0.77560997208));
#10641 = ADVANCED_FACE('',(#10642),#10660,.F.);
#10642 = FACE_BOUND('',#10643,.F.);
#10643 = EDGE_LOOP('',(#10644,#10652,#10653,#10654));
#10644 = ORIENTED_EDGE('',*,*,#10645,.F.);
#10645 = EDGE_CURVE('',#7343,#10646,#10648,.T.);
#10646 = VERTEX_POINT('',#10647);
#10647 = CARTESIAN_POINT('',(81.,-6.26,0.));
#10648 = LINE('',#10649,#10650);
#10649 = CARTESIAN_POINT('',(70.,-6.26,0.));
#10650 = VECTOR('',#10651,1.);
#10651 = DIRECTION('',(1.,0.,0.));
#10652 = ORIENTED_EDGE('',*,*,#7342,.F.);
#10653 = ORIENTED_EDGE('',*,*,#7068,.T.);
#10654 = ORIENTED_EDGE('',*,*,#10655,.T.);
#10655 = EDGE_CURVE('',#7069,#10646,#10656,.T.);
#10656 = LINE('',#10657,#10658);
#10657 = CARTESIAN_POINT('',(81.,-6.192649514669,0.));
#10658 = VECTOR('',#10659,1.);
#10659 = DIRECTION('',(0.,1.,0.));
#10660 = PLANE('',#10661);
#10661 = AXIS2_PLACEMENT_3D('',#10662,#10663,#10664);
#10662 = CARTESIAN_POINT('',(71.,-8.,0.));
#10663 = DIRECTION('',(0.,0.,1.));
#10664 = DIRECTION('',(1.,0.,-0.));
#10665 = ADVANCED_FACE('',(#10666,#10687),#10698,.T.);
#10666 = FACE_BOUND('',#10667,.T.);
#10667 = EDGE_LOOP('',(#10668,#10669,#10670,#10671,#10680));
#10668 = ORIENTED_EDGE('',*,*,#10336,.F.);
#10669 = ORIENTED_EDGE('',*,*,#7076,.T.);
#10670 = ORIENTED_EDGE('',*,*,#10655,.T.);
#10671 = ORIENTED_EDGE('',*,*,#10672,.T.);
#10672 = EDGE_CURVE('',#10646,#10673,#10675,.T.);
#10673 = VERTEX_POINT('',#10674);
#10674 = CARTESIAN_POINT('',(81.,-5.400873841802,-3.165147981523));
#10675 = CIRCLE('',#10676,6.26);
#10676 = AXIS2_PLACEMENT_3D('',#10677,#10678,#10679);
#10677 = CARTESIAN_POINT('',(81.,0.,0.));
#10678 = DIRECTION('',(1.,0.,0.));
#10679 = DIRECTION('',(-0.,0.,1.));
#10680 = ORIENTED_EDGE('',*,*,#10681,.F.);
#10681 = EDGE_CURVE('',#10337,#10673,#10682,.T.);
#10682 = CIRCLE('',#10683,7.);
#10683 = AXIS2_PLACEMENT_3D('',#10684,#10685,#10686);
#10684 = CARTESIAN_POINT('',(81.,-12.,-5.5));
#10685 = DIRECTION('',(1.,0.,0.));
#10686 = DIRECTION('',(-0.,0.,1.));
#10687 = FACE_BOUND('',#10688,.T.);
#10688 = EDGE_LOOP('',(#10689));
#10689 = ORIENTED_EDGE('',*,*,#10690,.T.);
#10690 = EDGE_CURVE('',#10691,#10691,#10693,.T.);
#10691 = VERTEX_POINT('',#10692);
#10692 = CARTESIAN_POINT('',(81.,-12.,-3.2));
#10693 = CIRCLE('',#10694,2.3);
#10694 = AXIS2_PLACEMENT_3D('',#10695,#10696,#10697);
#10695 = CARTESIAN_POINT('',(81.,-12.,-5.5));
#10696 = DIRECTION('',(1.,0.,0.));
#10697 = DIRECTION('',(-0.,0.,1.));
#10698 = PLANE('',#10699);
#10699 = AXIS2_PLACEMENT_3D('',#10700,#10701,#10702);
#10700 = CARTESIAN_POINT('',(81.,-10.63296179817,-0.492578677057));
#10701 = DIRECTION('',(-1.,-4.041929189259E-16,-2.36402458872E-16));
#10702 = DIRECTION('',(4.041929189259E-16,-1.,0.));
#10703 = ADVANCED_FACE('',(#10704),#10729,.T.);
#10704 = FACE_BOUND('',#10705,.T.);
#10705 = EDGE_LOOP('',(#10706,#10716,#10722,#10723));
#10706 = ORIENTED_EDGE('',*,*,#10707,.F.);
#10707 = EDGE_CURVE('',#10708,#10710,#10712,.T.);
#10708 = VERTEX_POINT('',#10709);
#10709 = CARTESIAN_POINT('',(83.6,18.,18.));
#10710 = VERTEX_POINT('',#10711);
#10711 = CARTESIAN_POINT('',(96.4,18.,18.));
#10712 = LINE('',#10713,#10714);
#10713 = CARTESIAN_POINT('',(71.,18.,18.));
#10714 = VECTOR('',#10715,1.);
#10715 = DIRECTION('',(1.,0.,-0.));
#10716 = ORIENTED_EDGE('',*,*,#10717,.F.);
#10717 = EDGE_CURVE('',#7085,#10708,#10718,.T.);
#10718 = LINE('',#10719,#10720);
#10719 = CARTESIAN_POINT('',(83.6,-8.,18.));
#10720 = VECTOR('',#10721,1.);
#10721 = DIRECTION('',(-0.,1.,0.));
#10722 = ORIENTED_EDGE('',*,*,#7084,.T.);
#10723 = ORIENTED_EDGE('',*,*,#10724,.T.);
#10724 = EDGE_CURVE('',#7087,#10710,#10725,.T.);
#10725 = LINE('',#10726,#10727);
#10726 = CARTESIAN_POINT('',(96.4,-8.,18.));
#10727 = VECTOR('',#10728,1.);
#10728 = DIRECTION('',(-0.,1.,0.));
#10729 = PLANE('',#10730);
#10730 = AXIS2_PLACEMENT_3D('',#10731,#10732,#10733);
#10731 = CARTESIAN_POINT('',(71.,-8.,18.));
#10732 = DIRECTION('',(0.,0.,1.));
#10733 = DIRECTION('',(1.,0.,-0.));
#10734 = ADVANCED_FACE('',(#10735),#10748,.T.);
#10735 = FACE_BOUND('',#10736,.T.);
#10736 = EDGE_LOOP('',(#10737,#10738,#10739,#10745,#10746,#10747));
#10737 = ORIENTED_EDGE('',*,*,#7094,.F.);
#10738 = ORIENTED_EDGE('',*,*,#10717,.T.);
#10739 = ORIENTED_EDGE('',*,*,#10740,.T.);
#10740 = EDGE_CURVE('',#10708,#8931,#10741,.T.);
#10741 = LINE('',#10742,#10743);
#10742 = CARTESIAN_POINT('',(83.6,18.,7.02));
#10743 = VECTOR('',#10744,1.);
#10744 = DIRECTION('',(-0.,0.,-1.));
#10745 = ORIENTED_EDGE('',*,*,#8930,.T.);
#10746 = ORIENTED_EDGE('',*,*,#8785,.T.);
#10747 = ORIENTED_EDGE('',*,*,#9011,.F.);
#10748 = PLANE('',#10749);
#10749 = AXIS2_PLACEMENT_3D('',#10750,#10751,#10752);
#10750 = CARTESIAN_POINT('',(83.6,106.20674698795,24.746746987952));
#10751 = DIRECTION('',(1.,0.,0.));
#10752 = DIRECTION('',(-0.,0.,1.));
#10753 = ADVANCED_FACE('',(#10754),#10772,.T.);
#10754 = FACE_BOUND('',#10755,.T.);
#10755 = EDGE_LOOP('',(#10756,#10757,#10758,#10764,#10765,#10771));
#10756 = ORIENTED_EDGE('',*,*,#7110,.T.);
#10757 = ORIENTED_EDGE('',*,*,#9036,.T.);
#10758 = ORIENTED_EDGE('',*,*,#10759,.F.);
#10759 = EDGE_CURVE('',#8947,#9029,#10760,.T.);
#10760 = LINE('',#10761,#10762);
#10761 = CARTESIAN_POINT('',(96.4,220.,14.04));
#10762 = VECTOR('',#10763,1.);
#10763 = DIRECTION('',(0.,0.,1.));
#10764 = ORIENTED_EDGE('',*,*,#8946,.F.);
#10765 = ORIENTED_EDGE('',*,*,#10766,.F.);
#10766 = EDGE_CURVE('',#10710,#8939,#10767,.T.);
#10767 = LINE('',#10768,#10769);
#10768 = CARTESIAN_POINT('',(96.4,18.,7.02));
#10769 = VECTOR('',#10770,1.);
#10770 = DIRECTION('',(-0.,0.,-1.));
#10771 = ORIENTED_EDGE('',*,*,#10724,.F.);
#10772 = PLANE('',#10773);
#10773 = AXIS2_PLACEMENT_3D('',#10774,#10775,#10776);
#10774 = CARTESIAN_POINT('',(96.4,106.20674698795,24.746746987952));
#10775 = DIRECTION('',(-1.,-0.,-0.));
#10776 = DIRECTION('',(0.,0.,-1.));
#10777 = ADVANCED_FACE('',(#10778),#10795,.F.);
#10778 = FACE_BOUND('',#10779,.F.);
#10779 = EDGE_LOOP('',(#10780,#10781,#10782,#10788,#10789,#10790,#10791,
    #10792,#10793,#10794));
#10780 = ORIENTED_EDGE('',*,*,#10645,.T.);
#10781 = ORIENTED_EDGE('',*,*,#10672,.T.);
#10782 = ORIENTED_EDGE('',*,*,#10783,.T.);
#10783 = EDGE_CURVE('',#10673,#10378,#10784,.T.);
#10784 = LINE('',#10785,#10786);
#10785 = CARTESIAN_POINT('',(81.,-5.400873841802,-3.165147981523));
#10786 = VECTOR('',#10787,1.);
#10787 = DIRECTION('',(1.,0.,0.));
#10788 = ORIENTED_EDGE('',*,*,#10386,.F.);
#10789 = ORIENTED_EDGE('',*,*,#10414,.T.);
#10790 = ORIENTED_EDGE('',*,*,#7139,.F.);
#10791 = ORIENTED_EDGE('',*,*,#7148,.F.);
#10792 = ORIENTED_EDGE('',*,*,#7383,.F.);
#10793 = ORIENTED_EDGE('',*,*,#7359,.T.);
#10794 = ORIENTED_EDGE('',*,*,#7350,.T.);
#10795 = CYLINDRICAL_SURFACE('',#10796,6.26);
#10796 = AXIS2_PLACEMENT_3D('',#10797,#10798,#10799);
#10797 = CARTESIAN_POINT('',(70.,0.,0.));
#10798 = DIRECTION('',(1.,0.,0.));
#10799 = DIRECTION('',(-0.,0.,1.));
#10800 = ADVANCED_FACE('',(#10801),#10820,.F.);
#10801 = FACE_BOUND('',#10802,.F.);
#10802 = EDGE_LOOP('',(#10803,#10804,#10812,#10819));
#10803 = ORIENTED_EDGE('',*,*,#7394,.T.);
#10804 = ORIENTED_EDGE('',*,*,#10805,.T.);
#10805 = EDGE_CURVE('',#7395,#10806,#10808,.T.);
#10806 = VERTEX_POINT('',#10807);
#10807 = CARTESIAN_POINT('',(92.3,11.,3.));
#10808 = LINE('',#10809,#10810);
#10809 = CARTESIAN_POINT('',(92.3,11.,-1.));
#10810 = VECTOR('',#10811,1.);
#10811 = DIRECTION('',(0.,0.,1.));
#10812 = ORIENTED_EDGE('',*,*,#10813,.F.);
#10813 = EDGE_CURVE('',#10806,#10806,#10814,.T.);
#10814 = CIRCLE('',#10815,2.3);
#10815 = AXIS2_PLACEMENT_3D('',#10816,#10817,#10818);
#10816 = CARTESIAN_POINT('',(90.,11.,3.));
#10817 = DIRECTION('',(0.,0.,1.));
#10818 = DIRECTION('',(1.,0.,-0.));
#10819 = ORIENTED_EDGE('',*,*,#10805,.F.);
#10820 = CYLINDRICAL_SURFACE('',#10821,2.3);
#10821 = AXIS2_PLACEMENT_3D('',#10822,#10823,#10824);
#10822 = CARTESIAN_POINT('',(90.,11.,-1.));
#10823 = DIRECTION('',(0.,0.,1.));
#10824 = DIRECTION('',(1.,0.,-0.));
#10825 = ADVANCED_FACE('',(#10826),#10837,.T.);
#10826 = FACE_BOUND('',#10827,.T.);
#10827 = EDGE_LOOP('',(#10828,#10834,#10835,#10836));
#10828 = ORIENTED_EDGE('',*,*,#10829,.T.);
#10829 = EDGE_CURVE('',#7723,#7852,#10830,.T.);
#10830 = LINE('',#10831,#10832);
#10831 = CARTESIAN_POINT('',(-14.2,214.615,15.6));
#10832 = VECTOR('',#10833,1.);
#10833 = DIRECTION('',(1.,0.,0.));
#10834 = ORIENTED_EDGE('',*,*,#7851,.F.);
#10835 = ORIENTED_EDGE('',*,*,#7521,.T.);
#10836 = ORIENTED_EDGE('',*,*,#7722,.T.);
#10837 = PLANE('',#10838);
#10838 = AXIS2_PLACEMENT_3D('',#10839,#10840,#10841);
#10839 = CARTESIAN_POINT('',(42.,214.615,23.660707859848));
#10840 = DIRECTION('',(0.,1.,0.));
#10841 = DIRECTION('',(0.,-0.,1.));
#10842 = ADVANCED_FACE('',(#10843),#10854,.T.);
#10843 = FACE_BOUND('',#10844,.T.);
#10844 = EDGE_LOOP('',(#10845,#10851,#10852,#10853));
#10845 = ORIENTED_EDGE('',*,*,#10846,.T.);
#10846 = EDGE_CURVE('',#7561,#7690,#10847,.T.);
#10847 = LINE('',#10848,#10849);
#10848 = CARTESIAN_POINT('',(-56.2,214.615,15.6));
#10849 = VECTOR('',#10850,1.);
#10850 = DIRECTION('',(1.,0.,0.));
#10851 = ORIENTED_EDGE('',*,*,#7689,.F.);
#10852 = ORIENTED_EDGE('',*,*,#7498,.T.);
#10853 = ORIENTED_EDGE('',*,*,#7560,.T.);
#10854 = PLANE('',#10855);
#10855 = AXIS2_PLACEMENT_3D('',#10856,#10857,#10858);
#10856 = CARTESIAN_POINT('',(-42.,214.615,23.660707859848));
#10857 = DIRECTION('',(0.,1.,0.));
#10858 = DIRECTION('',(0.,-0.,1.));
#10859 = ADVANCED_FACE('',(#10860),#10866,.T.);
#10860 = FACE_BOUND('',#10861,.T.);
#10861 = EDGE_LOOP('',(#10862,#10863,#10864,#10865));
#10862 = ORIENTED_EDGE('',*,*,#7568,.T.);
#10863 = ORIENTED_EDGE('',*,*,#7923,.T.);
#10864 = ORIENTED_EDGE('',*,*,#7697,.F.);
#10865 = ORIENTED_EDGE('',*,*,#10846,.F.);
#10866 = PLANE('',#10867);
#10867 = AXIS2_PLACEMENT_3D('',#10868,#10869,#10870);
#10868 = CARTESIAN_POINT('',(-70.4,214.315,15.6));
#10869 = DIRECTION('',(0.,0.,1.));
#10870 = DIRECTION('',(1.,0.,-0.));
#10871 = ADVANCED_FACE('',(#10872),#10878,.T.);
#10872 = FACE_BOUND('',#10873,.T.);
#10873 = EDGE_LOOP('',(#10874,#10875,#10876,#10877));
#10874 = ORIENTED_EDGE('',*,*,#7730,.T.);
#10875 = ORIENTED_EDGE('',*,*,#7940,.T.);
#10876 = ORIENTED_EDGE('',*,*,#7859,.F.);
#10877 = ORIENTED_EDGE('',*,*,#10829,.F.);
#10878 = PLANE('',#10879);
#10879 = AXIS2_PLACEMENT_3D('',#10880,#10881,#10882);
#10880 = CARTESIAN_POINT('',(-70.4,214.315,15.6));
#10881 = DIRECTION('',(0.,0.,1.));
#10882 = DIRECTION('',(1.,0.,-0.));
#10883 = ADVANCED_FACE('',(#10884),#10895,.F.);
#10884 = FACE_BOUND('',#10885,.F.);
#10885 = EDGE_LOOP('',(#10886,#10887,#10893,#10894));
#10886 = ORIENTED_EDGE('',*,*,#7955,.F.);
#10887 = ORIENTED_EDGE('',*,*,#10888,.F.);
#10888 = EDGE_CURVE('',#8221,#7956,#10889,.T.);
#10889 = LINE('',#10890,#10891);
#10890 = CARTESIAN_POINT('',(-42.,190.18,36.9));
#10891 = VECTOR('',#10892,1.);
#10892 = DIRECTION('',(0.,1.,0.));
#10893 = ORIENTED_EDGE('',*,*,#8220,.T.);
#10894 = ORIENTED_EDGE('',*,*,#10888,.T.);
#10895 = CYLINDRICAL_SURFACE('',#10896,5.9);
#10896 = AXIS2_PLACEMENT_3D('',#10897,#10898,#10899);
#10897 = CARTESIAN_POINT('',(-42.,190.18,31.));
#10898 = DIRECTION('',(0.,1.,0.));
#10899 = DIRECTION('',(0.,-0.,1.));
#10900 = ADVANCED_FACE('',(#10901),#10912,.F.);
#10901 = FACE_BOUND('',#10902,.F.);
#10902 = EDGE_LOOP('',(#10903,#10904,#10910,#10911));
#10903 = ORIENTED_EDGE('',*,*,#7966,.F.);
#10904 = ORIENTED_EDGE('',*,*,#10905,.F.);
#10905 = EDGE_CURVE('',#8359,#7967,#10906,.T.);
#10906 = LINE('',#10907,#10908);
#10907 = CARTESIAN_POINT('',(42.,190.18,36.9));
#10908 = VECTOR('',#10909,1.);
#10909 = DIRECTION('',(0.,1.,0.));
#10910 = ORIENTED_EDGE('',*,*,#8358,.T.);
#10911 = ORIENTED_EDGE('',*,*,#10905,.T.);
#10912 = CYLINDRICAL_SURFACE('',#10913,5.9);
#10913 = AXIS2_PLACEMENT_3D('',#10914,#10915,#10916);
#10914 = CARTESIAN_POINT('',(42.,190.18,31.));
#10915 = DIRECTION('',(0.,1.,0.));
#10916 = DIRECTION('',(0.,-0.,1.));
#10917 = ADVANCED_FACE('',(#10918),#10924,.T.);
#10918 = FACE_BOUND('',#10919,.T.);
#10919 = EDGE_LOOP('',(#10920,#10921,#10922,#10923));
#10920 = ORIENTED_EDGE('',*,*,#8068,.F.);
#10921 = ORIENTED_EDGE('',*,*,#8023,.T.);
#10922 = ORIENTED_EDGE('',*,*,#7991,.T.);
#10923 = ORIENTED_EDGE('',*,*,#8210,.F.);
#10924 = PLANE('',#10925);
#10925 = AXIS2_PLACEMENT_3D('',#10926,#10927,#10928);
#10926 = CARTESIAN_POINT('',(-50.35,198.065,23.65));
#10927 = DIRECTION('',(0.,0.,1.));
#10928 = DIRECTION('',(1.,0.,-0.));
#10929 = ADVANCED_FACE('',(#10930),#10936,.T.);
#10930 = FACE_BOUND('',#10931,.T.);
#10931 = EDGE_LOOP('',(#10932,#10933,#10934,#10935));
#10932 = ORIENTED_EDGE('',*,*,#8383,.F.);
#10933 = ORIENTED_EDGE('',*,*,#8472,.T.);
#10934 = ORIENTED_EDGE('',*,*,#8245,.T.);
#10935 = ORIENTED_EDGE('',*,*,#8341,.F.);
#10936 = PLANE('',#10937);
#10937 = AXIS2_PLACEMENT_3D('',#10938,#10939,#10940);
#10938 = CARTESIAN_POINT('',(33.65,198.065,23.65));
#10939 = DIRECTION('',(0.,0.,1.));
#10940 = DIRECTION('',(1.,0.,-0.));
#10941 = ADVANCED_FACE('',(#10942),#10967,.T.);
#10942 = FACE_BOUND('',#10943,.T.);
#10943 = EDGE_LOOP('',(#10944,#10952,#10960,#10966));
#10944 = ORIENTED_EDGE('',*,*,#10945,.T.);
#10945 = EDGE_CURVE('',#8569,#10946,#10948,.T.);
#10946 = VERTEX_POINT('',#10947);
#10947 = CARTESIAN_POINT('',(-86.3,8.863804003998,9.));
#10948 = LINE('',#10949,#10950);
#10949 = CARTESIAN_POINT('',(-86.3,8.863804003998,3.));
#10950 = VECTOR('',#10951,1.);
#10951 = DIRECTION('',(0.,0.,1.));
#10952 = ORIENTED_EDGE('',*,*,#10953,.T.);
#10953 = EDGE_CURVE('',#10946,#10954,#10956,.T.);
#10954 = VERTEX_POINT('',#10955);
#10955 = CARTESIAN_POINT('',(-86.3,13.136195996002,9.));
#10956 = LINE('',#10957,#10958);
#10957 = CARTESIAN_POINT('',(-86.3,8.863804003998,9.));
#10958 = VECTOR('',#10959,1.);
#10959 = DIRECTION('',(4.157757159748E-16,1.,0.));
#10960 = ORIENTED_EDGE('',*,*,#10961,.F.);
#10961 = EDGE_CURVE('',#8571,#10954,#10962,.T.);
#10962 = LINE('',#10963,#10964);
#10963 = CARTESIAN_POINT('',(-86.3,13.136195996002,3.));
#10964 = VECTOR('',#10965,1.);
#10965 = DIRECTION('',(0.,0.,1.));
#10966 = ORIENTED_EDGE('',*,*,#8568,.F.);
#10967 = PLANE('',#10968);
#10968 = AXIS2_PLACEMENT_3D('',#10969,#10970,#10971);
#10969 = CARTESIAN_POINT('',(-86.3,8.863804003998,3.));
#10970 = DIRECTION('',(-1.,4.157757159748E-16,0.));
#10971 = DIRECTION('',(4.157757159748E-16,1.,0.));
#10972 = ADVANCED_FACE('',(#10973),#10991,.T.);
#10973 = FACE_BOUND('',#10974,.T.);
#10974 = EDGE_LOOP('',(#10975,#10976,#10984,#10990));
#10975 = ORIENTED_EDGE('',*,*,#10961,.T.);
#10976 = ORIENTED_EDGE('',*,*,#10977,.T.);
#10977 = EDGE_CURVE('',#10954,#10978,#10980,.T.);
#10978 = VERTEX_POINT('',#10979);
#10979 = CARTESIAN_POINT('',(-90.,15.272391992003,9.));
#10980 = LINE('',#10981,#10982);
#10981 = CARTESIAN_POINT('',(-86.3,13.136195996002,9.));
#10982 = VECTOR('',#10983,1.);
#10983 = DIRECTION('',(-0.866025403784,0.5,0.));
#10984 = ORIENTED_EDGE('',*,*,#10985,.F.);
#10985 = EDGE_CURVE('',#8579,#10978,#10986,.T.);
#10986 = LINE('',#10987,#10988);
#10987 = CARTESIAN_POINT('',(-90.,15.272391992003,3.));
#10988 = VECTOR('',#10989,1.);
#10989 = DIRECTION('',(0.,0.,1.));
#10990 = ORIENTED_EDGE('',*,*,#8578,.F.);
#10991 = PLANE('',#10992);
#10992 = AXIS2_PLACEMENT_3D('',#10993,#10994,#10995);
#10993 = CARTESIAN_POINT('',(-86.3,13.136195996002,3.));
#10994 = DIRECTION('',(-0.5,-0.866025403784,0.));
#10995 = DIRECTION('',(-0.866025403784,0.5,0.));
#10996 = ADVANCED_FACE('',(#10997),#11015,.T.);
#10997 = FACE_BOUND('',#10998,.T.);
#10998 = EDGE_LOOP('',(#10999,#11000,#11001,#11009));
#10999 = ORIENTED_EDGE('',*,*,#8586,.F.);
#11000 = ORIENTED_EDGE('',*,*,#10985,.T.);
#11001 = ORIENTED_EDGE('',*,*,#11002,.T.);
#11002 = EDGE_CURVE('',#10978,#11003,#11005,.T.);
#11003 = VERTEX_POINT('',#11004);
#11004 = CARTESIAN_POINT('',(-93.45,13.280533563299,9.));
#11005 = LINE('',#11006,#11007);
#11006 = CARTESIAN_POINT('',(-90.,15.272391992003,9.));
#11007 = VECTOR('',#11008,1.);
#11008 = DIRECTION('',(-0.866025403784,-0.5,0.));
#11009 = ORIENTED_EDGE('',*,*,#11010,.F.);
#11010 = EDGE_CURVE('',#8587,#11003,#11011,.T.);
#11011 = LINE('',#11012,#11013);
#11012 = CARTESIAN_POINT('',(-93.45,13.280533563299,3.));
#11013 = VECTOR('',#11014,1.);
#11014 = DIRECTION('',(0.,0.,1.));
#11015 = PLANE('',#11016);
#11016 = AXIS2_PLACEMENT_3D('',#11017,#11018,#11019);
#11017 = CARTESIAN_POINT('',(-90.,15.272391992003,3.));
#11018 = DIRECTION('',(0.5,-0.866025403784,0.));
#11019 = DIRECTION('',(-0.866025403784,-0.5,0.));
#11020 = ADVANCED_FACE('',(#11021),#11039,.F.);
#11021 = FACE_BOUND('',#11022,.F.);
#11022 = EDGE_LOOP('',(#11023,#11031,#11032,#11033));
#11023 = ORIENTED_EDGE('',*,*,#11024,.F.);
#11024 = EDGE_CURVE('',#11003,#11025,#11027,.T.);
#11025 = VERTEX_POINT('',#11026);
#11026 = CARTESIAN_POINT('',(-93.45,14.7,9.));
#11027 = LINE('',#11028,#11029);
#11028 = CARTESIAN_POINT('',(-93.45,7.3,9.));
#11029 = VECTOR('',#11030,1.);
#11030 = DIRECTION('',(-0.,1.,0.));
#11031 = ORIENTED_EDGE('',*,*,#11010,.F.);
#11032 = ORIENTED_EDGE('',*,*,#8594,.T.);
#11033 = ORIENTED_EDGE('',*,*,#11034,.T.);
#11034 = EDGE_CURVE('',#8595,#11025,#11035,.T.);
#11035 = LINE('',#11036,#11037);
#11036 = CARTESIAN_POINT('',(-93.45,14.7,3.));
#11037 = VECTOR('',#11038,1.);
#11038 = DIRECTION('',(0.,0.,1.));
#11039 = PLANE('',#11040);
#11040 = AXIS2_PLACEMENT_3D('',#11041,#11042,#11043);
#11041 = CARTESIAN_POINT('',(-93.45,7.3,3.));
#11042 = DIRECTION('',(1.,0.,-0.));
#11043 = DIRECTION('',(0.,0.,1.));
#11044 = ADVANCED_FACE('',(#11045),#11063,.F.);
#11045 = FACE_BOUND('',#11046,.F.);
#11046 = EDGE_LOOP('',(#11047,#11048,#11056,#11062));
#11047 = ORIENTED_EDGE('',*,*,#8602,.F.);
#11048 = ORIENTED_EDGE('',*,*,#11049,.T.);
#11049 = EDGE_CURVE('',#8603,#11050,#11052,.T.);
#11050 = VERTEX_POINT('',#11051);
#11051 = CARTESIAN_POINT('',(-107.2,14.7,9.));
#11052 = LINE('',#11053,#11054);
#11053 = CARTESIAN_POINT('',(-107.2,14.7,3.));
#11054 = VECTOR('',#11055,1.);
#11055 = DIRECTION('',(0.,0.,1.));
#11056 = ORIENTED_EDGE('',*,*,#11057,.T.);
#11057 = EDGE_CURVE('',#11050,#11025,#11058,.T.);
#11058 = LINE('',#11059,#11060);
#11059 = CARTESIAN_POINT('',(-107.2,14.7,9.));
#11060 = VECTOR('',#11061,1.);
#11061 = DIRECTION('',(1.,0.,-0.));
#11062 = ORIENTED_EDGE('',*,*,#11034,.F.);
#11063 = PLANE('',#11064);
#11064 = AXIS2_PLACEMENT_3D('',#11065,#11066,#11067);
#11065 = CARTESIAN_POINT('',(-107.2,14.7,3.));
#11066 = DIRECTION('',(-0.,1.,0.));
#11067 = DIRECTION('',(0.,0.,1.));
#11068 = ADVANCED_FACE('',(#11069),#11087,.T.);
#11069 = FACE_BOUND('',#11070,.T.);
#11070 = EDGE_LOOP('',(#11071,#11079,#11080,#11081));
#11071 = ORIENTED_EDGE('',*,*,#11072,.F.);
#11072 = EDGE_CURVE('',#8611,#11073,#11075,.T.);
#11073 = VERTEX_POINT('',#11074);
#11074 = CARTESIAN_POINT('',(-107.2,7.3,9.));
#11075 = LINE('',#11076,#11077);
#11076 = CARTESIAN_POINT('',(-107.2,7.3,3.));
#11077 = VECTOR('',#11078,1.);
#11078 = DIRECTION('',(0.,0.,1.));
#11079 = ORIENTED_EDGE('',*,*,#8610,.T.);
#11080 = ORIENTED_EDGE('',*,*,#11049,.T.);
#11081 = ORIENTED_EDGE('',*,*,#11082,.F.);
#11082 = EDGE_CURVE('',#11073,#11050,#11083,.T.);
#11083 = LINE('',#11084,#11085);
#11084 = CARTESIAN_POINT('',(-107.2,7.3,9.));
#11085 = VECTOR('',#11086,1.);
#11086 = DIRECTION('',(-0.,1.,0.));
#11087 = PLANE('',#11088);
#11088 = AXIS2_PLACEMENT_3D('',#11089,#11090,#11091);
#11089 = CARTESIAN_POINT('',(-107.2,7.3,3.));
#11090 = DIRECTION('',(1.,0.,-0.));
#11091 = DIRECTION('',(0.,0.,1.));
#11092 = ADVANCED_FACE('',(#11093),#11111,.T.);
#11093 = FACE_BOUND('',#11094,.T.);
#11094 = EDGE_LOOP('',(#11095,#11096,#11097,#11105));
#11095 = ORIENTED_EDGE('',*,*,#8618,.F.);
#11096 = ORIENTED_EDGE('',*,*,#11072,.T.);
#11097 = ORIENTED_EDGE('',*,*,#11098,.T.);
#11098 = EDGE_CURVE('',#11073,#11099,#11101,.T.);
#11099 = VERTEX_POINT('',#11100);
#11100 = CARTESIAN_POINT('',(-93.45,7.3,9.));
#11101 = LINE('',#11102,#11103);
#11102 = CARTESIAN_POINT('',(-107.2,7.3,9.));
#11103 = VECTOR('',#11104,1.);
#11104 = DIRECTION('',(1.,0.,-0.));
#11105 = ORIENTED_EDGE('',*,*,#11106,.F.);
#11106 = EDGE_CURVE('',#8619,#11099,#11107,.T.);
#11107 = LINE('',#11108,#11109);
#11108 = CARTESIAN_POINT('',(-93.45,7.3,3.));
#11109 = VECTOR('',#11110,1.);
#11110 = DIRECTION('',(0.,0.,1.));
#11111 = PLANE('',#11112);
#11112 = AXIS2_PLACEMENT_3D('',#11113,#11114,#11115);
#11113 = CARTESIAN_POINT('',(-107.2,7.3,3.));
#11114 = DIRECTION('',(-0.,1.,0.));
#11115 = DIRECTION('',(0.,0.,1.));
#11116 = ADVANCED_FACE('',(#11117),#11135,.F.);
#11117 = FACE_BOUND('',#11118,.F.);
#11118 = EDGE_LOOP('',(#11119,#11127,#11128,#11129));
#11119 = ORIENTED_EDGE('',*,*,#11120,.F.);
#11120 = EDGE_CURVE('',#11099,#11121,#11123,.T.);
#11121 = VERTEX_POINT('',#11122);
#11122 = CARTESIAN_POINT('',(-93.45,8.719466436701,9.));
#11123 = LINE('',#11124,#11125);
#11124 = CARTESIAN_POINT('',(-93.45,7.3,9.));
#11125 = VECTOR('',#11126,1.);
#11126 = DIRECTION('',(-0.,1.,0.));
#11127 = ORIENTED_EDGE('',*,*,#11106,.F.);
#11128 = ORIENTED_EDGE('',*,*,#8626,.T.);
#11129 = ORIENTED_EDGE('',*,*,#11130,.F.);
#11130 = EDGE_CURVE('',#11121,#8627,#11131,.T.);
#11131 = LINE('',#11132,#11133);
#11132 = CARTESIAN_POINT('',(-93.45,8.719466436701,3.));
#11133 = VECTOR('',#11134,1.);
#11134 = DIRECTION('',(0.,0.,-1.));
#11135 = PLANE('',#11136);
#11136 = AXIS2_PLACEMENT_3D('',#11137,#11138,#11139);
#11137 = CARTESIAN_POINT('',(-93.45,7.3,3.));
#11138 = DIRECTION('',(1.,0.,-0.));
#11139 = DIRECTION('',(0.,0.,1.));
#11140 = ADVANCED_FACE('',(#11141),#11159,.T.);
#11141 = FACE_BOUND('',#11142,.T.);
#11142 = EDGE_LOOP('',(#11143,#11144,#11145,#11153));
#11143 = ORIENTED_EDGE('',*,*,#8634,.F.);
#11144 = ORIENTED_EDGE('',*,*,#11130,.F.);
#11145 = ORIENTED_EDGE('',*,*,#11146,.T.);
#11146 = EDGE_CURVE('',#11121,#11147,#11149,.T.);
#11147 = VERTEX_POINT('',#11148);
#11148 = CARTESIAN_POINT('',(-90.,6.727608007997,9.));
#11149 = LINE('',#11150,#11151);
#11150 = CARTESIAN_POINT('',(-93.7,8.863804003998,9.));
#11151 = VECTOR('',#11152,1.);
#11152 = DIRECTION('',(0.866025403784,-0.5,0.));
#11153 = ORIENTED_EDGE('',*,*,#11154,.F.);
#11154 = EDGE_CURVE('',#8635,#11147,#11155,.T.);
#11155 = LINE('',#11156,#11157);
#11156 = CARTESIAN_POINT('',(-90.,6.727608007997,3.));
#11157 = VECTOR('',#11158,1.);
#11158 = DIRECTION('',(0.,0.,1.));
#11159 = PLANE('',#11160);
#11160 = AXIS2_PLACEMENT_3D('',#11161,#11162,#11163);
#11161 = CARTESIAN_POINT('',(-93.7,8.863804003998,3.));
#11162 = DIRECTION('',(0.5,0.866025403784,-0.));
#11163 = DIRECTION('',(0.866025403784,-0.5,0.));
#11164 = ADVANCED_FACE('',(#11165),#11176,.T.);
#11165 = FACE_BOUND('',#11166,.T.);
#11166 = EDGE_LOOP('',(#11167,#11168,#11174,#11175));
#11167 = ORIENTED_EDGE('',*,*,#11154,.T.);
#11168 = ORIENTED_EDGE('',*,*,#11169,.T.);
#11169 = EDGE_CURVE('',#11147,#10946,#11170,.T.);
#11170 = LINE('',#11171,#11172);
#11171 = CARTESIAN_POINT('',(-90.,6.727608007997,9.));
#11172 = VECTOR('',#11173,1.);
#11173 = DIRECTION('',(0.866025403784,0.5,0.));
#11174 = ORIENTED_EDGE('',*,*,#10945,.F.);
#11175 = ORIENTED_EDGE('',*,*,#8642,.F.);
#11176 = PLANE('',#11177);
#11177 = AXIS2_PLACEMENT_3D('',#11178,#11179,#11180);
#11178 = CARTESIAN_POINT('',(-90.,6.727608007997,3.));
#11179 = DIRECTION('',(-0.5,0.866025403784,0.));
#11180 = DIRECTION('',(0.866025403784,0.5,0.));
#11181 = ADVANCED_FACE('',(#11182),#11208,.T.);
#11182 = FACE_BOUND('',#11183,.T.);
#11183 = EDGE_LOOP('',(#11184,#11185,#11186,#11187,#11188,#11189,#11190,
    #11191,#11192,#11193,#11194,#11195,#11196,#11197,#11198,#11199,
    #11200,#11201,#11202,#11203,#11204,#11205,#11206,#11207));
#11184 = ORIENTED_EDGE('',*,*,#8954,.F.);
#11185 = ORIENTED_EDGE('',*,*,#10759,.T.);
#11186 = ORIENTED_EDGE('',*,*,#9028,.T.);
#11187 = ORIENTED_EDGE('',*,*,#9317,.T.);
#11188 = ORIENTED_EDGE('',*,*,#9282,.F.);
#11189 = ORIENTED_EDGE('',*,*,#9390,.F.);
#11190 = ORIENTED_EDGE('',*,*,#9414,.F.);
#11191 = ORIENTED_EDGE('',*,*,#9438,.F.);
#11192 = ORIENTED_EDGE('',*,*,#9462,.F.);
#11193 = ORIENTED_EDGE('',*,*,#9486,.F.);
#11194 = ORIENTED_EDGE('',*,*,#9510,.F.);
#11195 = ORIENTED_EDGE('',*,*,#9534,.F.);
#11196 = ORIENTED_EDGE('',*,*,#9558,.F.);
#11197 = ORIENTED_EDGE('',*,*,#9582,.F.);
#11198 = ORIENTED_EDGE('',*,*,#9607,.T.);
#11199 = ORIENTED_EDGE('',*,*,#9631,.T.);
#11200 = ORIENTED_EDGE('',*,*,#9655,.T.);
#11201 = ORIENTED_EDGE('',*,*,#9679,.T.);
#11202 = ORIENTED_EDGE('',*,*,#9703,.T.);
#11203 = ORIENTED_EDGE('',*,*,#9727,.T.);
#11204 = ORIENTED_EDGE('',*,*,#9751,.T.);
#11205 = ORIENTED_EDGE('',*,*,#9768,.T.);
#11206 = ORIENTED_EDGE('',*,*,#9140,.T.);
#11207 = ORIENTED_EDGE('',*,*,#9308,.T.);
#11208 = PLANE('',#11209);
#11209 = AXIS2_PLACEMENT_3D('',#11210,#11211,#11212);
#11210 = CARTESIAN_POINT('',(90.,220.,24.54));
#11211 = DIRECTION('',(0.,1.,0.));
#11212 = DIRECTION('',(0.,-0.,1.));
#11213 = ADVANCED_FACE('',(#11214),#11220,.T.);
#11214 = FACE_BOUND('',#11215,.T.);
#11215 = EDGE_LOOP('',(#11216,#11217,#11218,#11219));
#11216 = ORIENTED_EDGE('',*,*,#10707,.T.);
#11217 = ORIENTED_EDGE('',*,*,#10766,.T.);
#11218 = ORIENTED_EDGE('',*,*,#8938,.F.);
#11219 = ORIENTED_EDGE('',*,*,#10740,.F.);
#11220 = PLANE('',#11221);
#11221 = AXIS2_PLACEMENT_3D('',#11222,#11223,#11224);
#11222 = CARTESIAN_POINT('',(71.,18.,0.));
#11223 = DIRECTION('',(-0.,1.,0.));
#11224 = DIRECTION('',(0.,0.,1.));
#11225 = ADVANCED_FACE('',(#11226),#11237,.F.);
#11226 = FACE_BOUND('',#11227,.F.);
#11227 = EDGE_LOOP('',(#11228,#11229,#11235,#11236));
#11228 = ORIENTED_EDGE('',*,*,#9332,.F.);
#11229 = ORIENTED_EDGE('',*,*,#11230,.F.);
#11230 = EDGE_CURVE('',#9783,#9333,#11231,.T.);
#11231 = LINE('',#11232,#11233);
#11232 = CARTESIAN_POINT('',(140.,8.,-42.));
#11233 = VECTOR('',#11234,1.);
#11234 = DIRECTION('',(1.,0.,-0.));
#11235 = ORIENTED_EDGE('',*,*,#9782,.T.);
#11236 = ORIENTED_EDGE('',*,*,#9851,.T.);
#11237 = PLANE('',#11238);
#11238 = AXIS2_PLACEMENT_3D('',#11239,#11240,#11241);
#11239 = CARTESIAN_POINT('',(140.,8.,-42.));
#11240 = DIRECTION('',(-0.,1.,0.));
#11241 = DIRECTION('',(0.,0.,1.));
#11242 = ADVANCED_FACE('',(#11243),#11254,.F.);
#11243 = FACE_BOUND('',#11244,.F.);
#11244 = EDGE_LOOP('',(#11245,#11246,#11247,#11248));
#11245 = ORIENTED_EDGE('',*,*,#9817,.F.);
#11246 = ORIENTED_EDGE('',*,*,#11230,.T.);
#11247 = ORIENTED_EDGE('',*,*,#9342,.T.);
#11248 = ORIENTED_EDGE('',*,*,#11249,.F.);
#11249 = EDGE_CURVE('',#9810,#9343,#11250,.T.);
#11250 = LINE('',#11251,#11252);
#11251 = CARTESIAN_POINT('',(140.,12.,-42.));
#11252 = VECTOR('',#11253,1.);
#11253 = DIRECTION('',(1.,0.,-0.));
#11254 = PLANE('',#11255);
#11255 = AXIS2_PLACEMENT_3D('',#11256,#11257,#11258);
#11256 = CARTESIAN_POINT('',(140.,8.,-42.));
#11257 = DIRECTION('',(0.,0.,1.));
#11258 = DIRECTION('',(1.,0.,-0.));
#11259 = ADVANCED_FACE('',(#11260),#11266,.T.);
#11260 = FACE_BOUND('',#11261,.T.);
#11261 = EDGE_LOOP('',(#11262,#11263,#11264,#11265));
#11262 = ORIENTED_EDGE('',*,*,#9350,.F.);
#11263 = ORIENTED_EDGE('',*,*,#11249,.F.);
#11264 = ORIENTED_EDGE('',*,*,#9809,.T.);
#11265 = ORIENTED_EDGE('',*,*,#9832,.T.);
#11266 = PLANE('',#11267);
#11267 = AXIS2_PLACEMENT_3D('',#11268,#11269,#11270);
#11268 = CARTESIAN_POINT('',(140.,12.,-42.));
#11269 = DIRECTION('',(-0.,1.,0.));
#11270 = DIRECTION('',(0.,0.,1.));
#11271 = ADVANCED_FACE('',(#11272),#11278,.T.);
#11272 = FACE_BOUND('',#11273,.T.);
#11273 = EDGE_LOOP('',(#11274,#11275,#11276,#11277));
#11274 = ORIENTED_EDGE('',*,*,#10377,.F.);
#11275 = ORIENTED_EDGE('',*,*,#10353,.F.);
#11276 = ORIENTED_EDGE('',*,*,#10681,.T.);
#11277 = ORIENTED_EDGE('',*,*,#10783,.T.);
#11278 = CYLINDRICAL_SURFACE('',#11279,7.);
#11279 = AXIS2_PLACEMENT_3D('',#11280,#11281,#11282);
#11280 = CARTESIAN_POINT('',(81.,-12.,-5.5));
#11281 = DIRECTION('',(1.,0.,0.));
#11282 = DIRECTION('',(-0.,0.,1.));
#11283 = ADVANCED_FACE('',(#11284),#11295,.F.);
#11284 = FACE_BOUND('',#11285,.F.);
#11285 = EDGE_LOOP('',(#11286,#11287,#11293,#11294));
#11286 = ORIENTED_EDGE('',*,*,#10395,.F.);
#11287 = ORIENTED_EDGE('',*,*,#11288,.F.);
#11288 = EDGE_CURVE('',#10691,#10396,#11289,.T.);
#11289 = LINE('',#11290,#11291);
#11290 = CARTESIAN_POINT('',(70.,-12.,-3.2));
#11291 = VECTOR('',#11292,1.);
#11292 = DIRECTION('',(1.,0.,0.));
#11293 = ORIENTED_EDGE('',*,*,#10690,.T.);
#11294 = ORIENTED_EDGE('',*,*,#11288,.T.);
#11295 = CYLINDRICAL_SURFACE('',#11296,2.3);
#11296 = AXIS2_PLACEMENT_3D('',#11297,#11298,#11299);
#11297 = CARTESIAN_POINT('',(70.,-12.,-5.5));
#11298 = DIRECTION('',(1.,0.,0.));
#11299 = DIRECTION('',(-0.,0.,1.));
#11300 = ADVANCED_FACE('',(#11301,#11383),#11386,.T.);
#11301 = FACE_BOUND('',#11302,.T.);
#11302 = EDGE_LOOP('',(#11303,#11313,#11321,#11329,#11337,#11345,#11353,
    #11361,#11369,#11377));
#11303 = ORIENTED_EDGE('',*,*,#11304,.T.);
#11304 = EDGE_CURVE('',#11305,#11307,#11309,.T.);
#11305 = VERTEX_POINT('',#11306);
#11306 = CARTESIAN_POINT('',(90.,6.727608007997,3.));
#11307 = VERTEX_POINT('',#11308);
#11308 = CARTESIAN_POINT('',(93.45,8.719466436701,3.));
#11309 = LINE('',#11310,#11311);
#11310 = CARTESIAN_POINT('',(90.,6.727608007997,3.));
#11311 = VECTOR('',#11312,1.);
#11312 = DIRECTION('',(0.866025403784,0.5,0.));
#11313 = ORIENTED_EDGE('',*,*,#11314,.F.);
#11314 = EDGE_CURVE('',#11315,#11307,#11317,.T.);
#11315 = VERTEX_POINT('',#11316);
#11316 = CARTESIAN_POINT('',(93.45,7.3,3.));
#11317 = LINE('',#11318,#11319);
#11318 = CARTESIAN_POINT('',(93.45,7.3,3.));
#11319 = VECTOR('',#11320,1.);
#11320 = DIRECTION('',(-0.,1.,0.));
#11321 = ORIENTED_EDGE('',*,*,#11322,.T.);
#11322 = EDGE_CURVE('',#11315,#11323,#11325,.T.);
#11323 = VERTEX_POINT('',#11324);
#11324 = CARTESIAN_POINT('',(107.2,7.3,3.));
#11325 = LINE('',#11326,#11327);
#11326 = CARTESIAN_POINT('',(93.45,7.3,3.));
#11327 = VECTOR('',#11328,1.);
#11328 = DIRECTION('',(1.,0.,-0.));
#11329 = ORIENTED_EDGE('',*,*,#11330,.T.);
#11330 = EDGE_CURVE('',#11323,#11331,#11333,.T.);
#11331 = VERTEX_POINT('',#11332);
#11332 = CARTESIAN_POINT('',(107.2,14.7,3.));
#11333 = LINE('',#11334,#11335);
#11334 = CARTESIAN_POINT('',(107.2,7.3,3.));
#11335 = VECTOR('',#11336,1.);
#11336 = DIRECTION('',(-0.,1.,0.));
#11337 = ORIENTED_EDGE('',*,*,#11338,.F.);
#11338 = EDGE_CURVE('',#11339,#11331,#11341,.T.);
#11339 = VERTEX_POINT('',#11340);
#11340 = CARTESIAN_POINT('',(93.45,14.7,3.));
#11341 = LINE('',#11342,#11343);
#11342 = CARTESIAN_POINT('',(93.45,14.7,3.));
#11343 = VECTOR('',#11344,1.);
#11344 = DIRECTION('',(1.,0.,-0.));
#11345 = ORIENTED_EDGE('',*,*,#11346,.F.);
#11346 = EDGE_CURVE('',#11347,#11339,#11349,.T.);
#11347 = VERTEX_POINT('',#11348);
#11348 = CARTESIAN_POINT('',(93.45,13.280533563299,3.));
#11349 = LINE('',#11350,#11351);
#11350 = CARTESIAN_POINT('',(93.45,7.3,3.));
#11351 = VECTOR('',#11352,1.);
#11352 = DIRECTION('',(-0.,1.,0.));
#11353 = ORIENTED_EDGE('',*,*,#11354,.T.);
#11354 = EDGE_CURVE('',#11347,#11355,#11357,.T.);
#11355 = VERTEX_POINT('',#11356);
#11356 = CARTESIAN_POINT('',(90.,15.272391992003,3.));
#11357 = LINE('',#11358,#11359);
#11358 = CARTESIAN_POINT('',(93.7,13.136195996002,3.));
#11359 = VECTOR('',#11360,1.);
#11360 = DIRECTION('',(-0.866025403784,0.5,0.));
#11361 = ORIENTED_EDGE('',*,*,#11362,.T.);
#11362 = EDGE_CURVE('',#11355,#11363,#11365,.T.);
#11363 = VERTEX_POINT('',#11364);
#11364 = CARTESIAN_POINT('',(86.3,13.136195996002,3.));
#11365 = LINE('',#11366,#11367);
#11366 = CARTESIAN_POINT('',(90.,15.272391992003,3.));
#11367 = VECTOR('',#11368,1.);
#11368 = DIRECTION('',(-0.866025403784,-0.5,0.));
#11369 = ORIENTED_EDGE('',*,*,#11370,.T.);
#11370 = EDGE_CURVE('',#11363,#11371,#11373,.T.);
#11371 = VERTEX_POINT('',#11372);
#11372 = CARTESIAN_POINT('',(86.3,8.863804003998,3.));
#11373 = LINE('',#11374,#11375);
#11374 = CARTESIAN_POINT('',(86.3,13.136195996002,3.));
#11375 = VECTOR('',#11376,1.);
#11376 = DIRECTION('',(1.039439289937E-16,-1.,0.));
#11377 = ORIENTED_EDGE('',*,*,#11378,.T.);
#11378 = EDGE_CURVE('',#11371,#11305,#11379,.T.);
#11379 = LINE('',#11380,#11381);
#11380 = CARTESIAN_POINT('',(86.3,8.863804003998,3.));
#11381 = VECTOR('',#11382,1.);
#11382 = DIRECTION('',(0.866025403784,-0.5,0.));
#11383 = FACE_BOUND('',#11384,.T.);
#11384 = EDGE_LOOP('',(#11385));
#11385 = ORIENTED_EDGE('',*,*,#10813,.F.);
#11386 = PLANE('',#11387);
#11387 = AXIS2_PLACEMENT_3D('',#11388,#11389,#11390);
#11388 = CARTESIAN_POINT('',(96.888508849033,11.,3.));
#11389 = DIRECTION('',(0.,0.,1.));
#11390 = DIRECTION('',(1.,0.,-0.));
#11391 = ADVANCED_FACE('',(#11392),#11404,.T.);
#11392 = FACE_BOUND('',#11393,.T.);
#11393 = EDGE_LOOP('',(#11394,#11395,#11396,#11397,#11398,#11399,#11400,
    #11401,#11402,#11403));
#11394 = ORIENTED_EDGE('',*,*,#10953,.F.);
#11395 = ORIENTED_EDGE('',*,*,#11169,.F.);
#11396 = ORIENTED_EDGE('',*,*,#11146,.F.);
#11397 = ORIENTED_EDGE('',*,*,#11120,.F.);
#11398 = ORIENTED_EDGE('',*,*,#11098,.F.);
#11399 = ORIENTED_EDGE('',*,*,#11082,.T.);
#11400 = ORIENTED_EDGE('',*,*,#11057,.T.);
#11401 = ORIENTED_EDGE('',*,*,#11024,.F.);
#11402 = ORIENTED_EDGE('',*,*,#11002,.F.);
#11403 = ORIENTED_EDGE('',*,*,#10977,.F.);
#11404 = PLANE('',#11405);
#11405 = AXIS2_PLACEMENT_3D('',#11406,#11407,#11408);
#11406 = CARTESIAN_POINT('',(-96.88850884903,11.,9.));
#11407 = DIRECTION('',(-0.,-0.,-1.));
#11408 = DIRECTION('',(-1.,0.,0.));
#11409 = ADVANCED_FACE('',(#11410),#11435,.T.);
#11410 = FACE_BOUND('',#11411,.T.);
#11411 = EDGE_LOOP('',(#11412,#11413,#11421,#11429));
#11412 = ORIENTED_EDGE('',*,*,#11304,.F.);
#11413 = ORIENTED_EDGE('',*,*,#11414,.T.);
#11414 = EDGE_CURVE('',#11305,#11415,#11417,.T.);
#11415 = VERTEX_POINT('',#11416);
#11416 = CARTESIAN_POINT('',(90.,6.727608007997,9.));
#11417 = LINE('',#11418,#11419);
#11418 = CARTESIAN_POINT('',(90.,6.727608007997,3.));
#11419 = VECTOR('',#11420,1.);
#11420 = DIRECTION('',(0.,0.,1.));
#11421 = ORIENTED_EDGE('',*,*,#11422,.T.);
#11422 = EDGE_CURVE('',#11415,#11423,#11425,.T.);
#11423 = VERTEX_POINT('',#11424);
#11424 = CARTESIAN_POINT('',(93.45,8.719466436701,9.));
#11425 = LINE('',#11426,#11427);
#11426 = CARTESIAN_POINT('',(90.,6.727608007997,9.));
#11427 = VECTOR('',#11428,1.);
#11428 = DIRECTION('',(0.866025403784,0.5,0.));
#11429 = ORIENTED_EDGE('',*,*,#11430,.T.);
#11430 = EDGE_CURVE('',#11423,#11307,#11431,.T.);
#11431 = LINE('',#11432,#11433);
#11432 = CARTESIAN_POINT('',(93.45,8.719466436701,3.));
#11433 = VECTOR('',#11434,1.);
#11434 = DIRECTION('',(-0.,0.,-1.));
#11435 = PLANE('',#11436);
#11436 = AXIS2_PLACEMENT_3D('',#11437,#11438,#11439);
#11437 = CARTESIAN_POINT('',(90.,6.727608007997,3.));
#11438 = DIRECTION('',(-0.5,0.866025403784,0.));
#11439 = DIRECTION('',(0.866025403784,0.5,0.));
#11440 = ADVANCED_FACE('',(#11441),#11459,.T.);
#11441 = FACE_BOUND('',#11442,.T.);
#11442 = EDGE_LOOP('',(#11443,#11451,#11457,#11458));
#11443 = ORIENTED_EDGE('',*,*,#11444,.F.);
#11444 = EDGE_CURVE('',#11445,#11423,#11447,.T.);
#11445 = VERTEX_POINT('',#11446);
#11446 = CARTESIAN_POINT('',(93.45,7.3,9.));
#11447 = LINE('',#11448,#11449);
#11448 = CARTESIAN_POINT('',(93.45,7.3,9.));
#11449 = VECTOR('',#11450,1.);
#11450 = DIRECTION('',(-0.,1.,0.));
#11451 = ORIENTED_EDGE('',*,*,#11452,.F.);
#11452 = EDGE_CURVE('',#11315,#11445,#11453,.T.);
#11453 = LINE('',#11454,#11455);
#11454 = CARTESIAN_POINT('',(93.45,7.3,3.));
#11455 = VECTOR('',#11456,1.);
#11456 = DIRECTION('',(0.,0.,1.));
#11457 = ORIENTED_EDGE('',*,*,#11314,.T.);
#11458 = ORIENTED_EDGE('',*,*,#11430,.F.);
#11459 = PLANE('',#11460);
#11460 = AXIS2_PLACEMENT_3D('',#11461,#11462,#11463);
#11461 = CARTESIAN_POINT('',(93.45,7.3,3.));
#11462 = DIRECTION('',(1.,0.,-0.));
#11463 = DIRECTION('',(0.,0.,1.));
#11464 = ADVANCED_FACE('',(#11465),#11483,.T.);
#11465 = FACE_BOUND('',#11466,.T.);
#11466 = EDGE_LOOP('',(#11467,#11468,#11469,#11477));
#11467 = ORIENTED_EDGE('',*,*,#11322,.F.);
#11468 = ORIENTED_EDGE('',*,*,#11452,.T.);
#11469 = ORIENTED_EDGE('',*,*,#11470,.T.);
#11470 = EDGE_CURVE('',#11445,#11471,#11473,.T.);
#11471 = VERTEX_POINT('',#11472);
#11472 = CARTESIAN_POINT('',(107.2,7.3,9.));
#11473 = LINE('',#11474,#11475);
#11474 = CARTESIAN_POINT('',(93.45,7.3,9.));
#11475 = VECTOR('',#11476,1.);
#11476 = DIRECTION('',(1.,0.,-0.));
#11477 = ORIENTED_EDGE('',*,*,#11478,.F.);
#11478 = EDGE_CURVE('',#11323,#11471,#11479,.T.);
#11479 = LINE('',#11480,#11481);
#11480 = CARTESIAN_POINT('',(107.2,7.3,3.));
#11481 = VECTOR('',#11482,1.);
#11482 = DIRECTION('',(0.,0.,1.));
#11483 = PLANE('',#11484);
#11484 = AXIS2_PLACEMENT_3D('',#11485,#11486,#11487);
#11485 = CARTESIAN_POINT('',(93.45,7.3,3.));
#11486 = DIRECTION('',(-0.,1.,0.));
#11487 = DIRECTION('',(0.,0.,1.));
#11488 = ADVANCED_FACE('',(#11489),#11507,.F.);
#11489 = FACE_BOUND('',#11490,.F.);
#11490 = EDGE_LOOP('',(#11491,#11492,#11493,#11501));
#11491 = ORIENTED_EDGE('',*,*,#11478,.F.);
#11492 = ORIENTED_EDGE('',*,*,#11330,.T.);
#11493 = ORIENTED_EDGE('',*,*,#11494,.T.);
#11494 = EDGE_CURVE('',#11331,#11495,#11497,.T.);
#11495 = VERTEX_POINT('',#11496);
#11496 = CARTESIAN_POINT('',(107.2,14.7,9.));
#11497 = LINE('',#11498,#11499);
#11498 = CARTESIAN_POINT('',(107.2,14.7,3.));
#11499 = VECTOR('',#11500,1.);
#11500 = DIRECTION('',(0.,0.,1.));
#11501 = ORIENTED_EDGE('',*,*,#11502,.F.);
#11502 = EDGE_CURVE('',#11471,#11495,#11503,.T.);
#11503 = LINE('',#11504,#11505);
#11504 = CARTESIAN_POINT('',(107.2,7.3,9.));
#11505 = VECTOR('',#11506,1.);
#11506 = DIRECTION('',(-0.,1.,0.));
#11507 = PLANE('',#11508);
#11508 = AXIS2_PLACEMENT_3D('',#11509,#11510,#11511);
#11509 = CARTESIAN_POINT('',(107.2,7.3,3.));
#11510 = DIRECTION('',(1.,0.,-0.));
#11511 = DIRECTION('',(0.,0.,1.));
#11512 = ADVANCED_FACE('',(#11513),#11531,.F.);
#11513 = FACE_BOUND('',#11514,.F.);
#11514 = EDGE_LOOP('',(#11515,#11516,#11524,#11530));
#11515 = ORIENTED_EDGE('',*,*,#11338,.F.);
#11516 = ORIENTED_EDGE('',*,*,#11517,.T.);
#11517 = EDGE_CURVE('',#11339,#11518,#11520,.T.);
#11518 = VERTEX_POINT('',#11519);
#11519 = CARTESIAN_POINT('',(93.45,14.7,9.));
#11520 = LINE('',#11521,#11522);
#11521 = CARTESIAN_POINT('',(93.45,14.7,3.));
#11522 = VECTOR('',#11523,1.);
#11523 = DIRECTION('',(0.,0.,1.));
#11524 = ORIENTED_EDGE('',*,*,#11525,.T.);
#11525 = EDGE_CURVE('',#11518,#11495,#11526,.T.);
#11526 = LINE('',#11527,#11528);
#11527 = CARTESIAN_POINT('',(93.45,14.7,9.));
#11528 = VECTOR('',#11529,1.);
#11529 = DIRECTION('',(1.,0.,-0.));
#11530 = ORIENTED_EDGE('',*,*,#11494,.F.);
#11531 = PLANE('',#11532);
#11532 = AXIS2_PLACEMENT_3D('',#11533,#11534,#11535);
#11533 = CARTESIAN_POINT('',(93.45,14.7,3.));
#11534 = DIRECTION('',(-0.,1.,0.));
#11535 = DIRECTION('',(0.,0.,1.));
#11536 = ADVANCED_FACE('',(#11537),#11555,.T.);
#11537 = FACE_BOUND('',#11538,.T.);
#11538 = EDGE_LOOP('',(#11539,#11547,#11553,#11554));
#11539 = ORIENTED_EDGE('',*,*,#11540,.F.);
#11540 = EDGE_CURVE('',#11541,#11518,#11543,.T.);
#11541 = VERTEX_POINT('',#11542);
#11542 = CARTESIAN_POINT('',(93.45,13.280533563299,9.));
#11543 = LINE('',#11544,#11545);
#11544 = CARTESIAN_POINT('',(93.45,7.3,9.));
#11545 = VECTOR('',#11546,1.);
#11546 = DIRECTION('',(-0.,1.,0.));
#11547 = ORIENTED_EDGE('',*,*,#11548,.F.);
#11548 = EDGE_CURVE('',#11347,#11541,#11549,.T.);
#11549 = LINE('',#11550,#11551);
#11550 = CARTESIAN_POINT('',(93.45,13.280533563299,3.));
#11551 = VECTOR('',#11552,1.);
#11552 = DIRECTION('',(0.,0.,1.));
#11553 = ORIENTED_EDGE('',*,*,#11346,.T.);
#11554 = ORIENTED_EDGE('',*,*,#11517,.T.);
#11555 = PLANE('',#11556);
#11556 = AXIS2_PLACEMENT_3D('',#11557,#11558,#11559);
#11557 = CARTESIAN_POINT('',(93.45,7.3,3.));
#11558 = DIRECTION('',(1.,0.,-0.));
#11559 = DIRECTION('',(0.,0.,1.));
#11560 = ADVANCED_FACE('',(#11561),#11579,.T.);
#11561 = FACE_BOUND('',#11562,.T.);
#11562 = EDGE_LOOP('',(#11563,#11564,#11565,#11573));
#11563 = ORIENTED_EDGE('',*,*,#11354,.F.);
#11564 = ORIENTED_EDGE('',*,*,#11548,.T.);
#11565 = ORIENTED_EDGE('',*,*,#11566,.T.);
#11566 = EDGE_CURVE('',#11541,#11567,#11569,.T.);
#11567 = VERTEX_POINT('',#11568);
#11568 = CARTESIAN_POINT('',(90.,15.272391992003,9.));
#11569 = LINE('',#11570,#11571);
#11570 = CARTESIAN_POINT('',(93.7,13.136195996002,9.));
#11571 = VECTOR('',#11572,1.);
#11572 = DIRECTION('',(-0.866025403784,0.5,0.));
#11573 = ORIENTED_EDGE('',*,*,#11574,.F.);
#11574 = EDGE_CURVE('',#11355,#11567,#11575,.T.);
#11575 = LINE('',#11576,#11577);
#11576 = CARTESIAN_POINT('',(90.,15.272391992003,3.));
#11577 = VECTOR('',#11578,1.);
#11578 = DIRECTION('',(0.,0.,1.));
#11579 = PLANE('',#11580);
#11580 = AXIS2_PLACEMENT_3D('',#11581,#11582,#11583);
#11581 = CARTESIAN_POINT('',(93.7,13.136195996002,3.));
#11582 = DIRECTION('',(-0.5,-0.866025403784,0.));
#11583 = DIRECTION('',(-0.866025403784,0.5,0.));
#11584 = ADVANCED_FACE('',(#11585),#11603,.T.);
#11585 = FACE_BOUND('',#11586,.T.);
#11586 = EDGE_LOOP('',(#11587,#11588,#11596,#11602));
#11587 = ORIENTED_EDGE('',*,*,#11574,.T.);
#11588 = ORIENTED_EDGE('',*,*,#11589,.T.);
#11589 = EDGE_CURVE('',#11567,#11590,#11592,.T.);
#11590 = VERTEX_POINT('',#11591);
#11591 = CARTESIAN_POINT('',(86.3,13.136195996002,9.));
#11592 = LINE('',#11593,#11594);
#11593 = CARTESIAN_POINT('',(90.,15.272391992003,9.));
#11594 = VECTOR('',#11595,1.);
#11595 = DIRECTION('',(-0.866025403784,-0.5,0.));
#11596 = ORIENTED_EDGE('',*,*,#11597,.F.);
#11597 = EDGE_CURVE('',#11363,#11590,#11598,.T.);
#11598 = LINE('',#11599,#11600);
#11599 = CARTESIAN_POINT('',(86.3,13.136195996002,3.));
#11600 = VECTOR('',#11601,1.);
#11601 = DIRECTION('',(0.,0.,1.));
#11602 = ORIENTED_EDGE('',*,*,#11362,.F.);
#11603 = PLANE('',#11604);
#11604 = AXIS2_PLACEMENT_3D('',#11605,#11606,#11607);
#11605 = CARTESIAN_POINT('',(90.,15.272391992003,3.));
#11606 = DIRECTION('',(0.5,-0.866025403784,0.));
#11607 = DIRECTION('',(-0.866025403784,-0.5,0.));
#11608 = ADVANCED_FACE('',(#11609),#11627,.T.);
#11609 = FACE_BOUND('',#11610,.T.);
#11610 = EDGE_LOOP('',(#11611,#11612,#11620,#11626));
#11611 = ORIENTED_EDGE('',*,*,#11597,.T.);
#11612 = ORIENTED_EDGE('',*,*,#11613,.T.);
#11613 = EDGE_CURVE('',#11590,#11614,#11616,.T.);
#11614 = VERTEX_POINT('',#11615);
#11615 = CARTESIAN_POINT('',(86.3,8.863804003998,9.));
#11616 = LINE('',#11617,#11618);
#11617 = CARTESIAN_POINT('',(86.3,13.136195996002,9.));
#11618 = VECTOR('',#11619,1.);
#11619 = DIRECTION('',(1.039439289937E-16,-1.,0.));
#11620 = ORIENTED_EDGE('',*,*,#11621,.F.);
#11621 = EDGE_CURVE('',#11371,#11614,#11622,.T.);
#11622 = LINE('',#11623,#11624);
#11623 = CARTESIAN_POINT('',(86.3,8.863804003998,3.));
#11624 = VECTOR('',#11625,1.);
#11625 = DIRECTION('',(0.,0.,1.));
#11626 = ORIENTED_EDGE('',*,*,#11370,.F.);
#11627 = PLANE('',#11628);
#11628 = AXIS2_PLACEMENT_3D('',#11629,#11630,#11631);
#11629 = CARTESIAN_POINT('',(86.3,13.136195996002,3.));
#11630 = DIRECTION('',(1.,1.039439289937E-16,-0.));
#11631 = DIRECTION('',(1.039439289937E-16,-1.,0.));
#11632 = ADVANCED_FACE('',(#11633),#11644,.T.);
#11633 = FACE_BOUND('',#11634,.T.);
#11634 = EDGE_LOOP('',(#11635,#11636,#11642,#11643));
#11635 = ORIENTED_EDGE('',*,*,#11621,.T.);
#11636 = ORIENTED_EDGE('',*,*,#11637,.T.);
#11637 = EDGE_CURVE('',#11614,#11415,#11638,.T.);
#11638 = LINE('',#11639,#11640);
#11639 = CARTESIAN_POINT('',(86.3,8.863804003998,9.));
#11640 = VECTOR('',#11641,1.);
#11641 = DIRECTION('',(0.866025403784,-0.5,0.));
#11642 = ORIENTED_EDGE('',*,*,#11414,.F.);
#11643 = ORIENTED_EDGE('',*,*,#11378,.F.);
#11644 = PLANE('',#11645);
#11645 = AXIS2_PLACEMENT_3D('',#11646,#11647,#11648);
#11646 = CARTESIAN_POINT('',(86.3,8.863804003998,3.));
#11647 = DIRECTION('',(0.5,0.866025403784,-0.));
#11648 = DIRECTION('',(0.866025403784,-0.5,0.));
#11649 = ADVANCED_FACE('',(#11650),#11662,.T.);
#11650 = FACE_BOUND('',#11651,.T.);
#11651 = EDGE_LOOP('',(#11652,#11653,#11654,#11655,#11656,#11657,#11658,
    #11659,#11660,#11661));
#11652 = ORIENTED_EDGE('',*,*,#11422,.F.);
#11653 = ORIENTED_EDGE('',*,*,#11637,.F.);
#11654 = ORIENTED_EDGE('',*,*,#11613,.F.);
#11655 = ORIENTED_EDGE('',*,*,#11589,.F.);
#11656 = ORIENTED_EDGE('',*,*,#11566,.F.);
#11657 = ORIENTED_EDGE('',*,*,#11540,.T.);
#11658 = ORIENTED_EDGE('',*,*,#11525,.T.);
#11659 = ORIENTED_EDGE('',*,*,#11502,.F.);
#11660 = ORIENTED_EDGE('',*,*,#11470,.F.);
#11661 = ORIENTED_EDGE('',*,*,#11444,.T.);
#11662 = PLANE('',#11663);
#11663 = AXIS2_PLACEMENT_3D('',#11664,#11665,#11666);
#11664 = CARTESIAN_POINT('',(96.888508849033,11.,9.));
#11665 = DIRECTION('',(-0.,-0.,-1.));
#11666 = DIRECTION('',(-1.,0.,0.));
#11667 = ( GEOMETRIC_REPRESENTATION_CONTEXT(3) 
GLOBAL_UNCERTAINTY_ASSIGNED_CONTEXT((#11671)) 
GLOBAL_UNIT_ASSIGNED_CONTEXT((#11668,#11669,#11670)) 
REPRESENTATION_CONTEXT('Context #1',
  '3D Context with UNIT and UNCERTAINTY') );
#11668 = ( LENGTH_UNIT() NAMED_UNIT(*) SI_UNIT(.MILLI.,.METRE.) );
#11669 = ( NAMED_UNIT(*) PLANE_ANGLE_UNIT() SI_UNIT($,.RADIAN.) );
#11670 = ( NAMED_UNIT(*) SI_UNIT($,.STERADIAN.) SOLID_ANGLE_UNIT() );
#11671 = UNCERTAINTY_MEASURE_WITH_UNIT(LENGTH_MEASURE(2.E-07),#11668,
  'distance_accuracy_value','confusion accuracy');
#11672 = PRODUCT_RELATED_PRODUCT_CATEGORY('part',$,(#7));
ENDSEC;
END-ISO-10303-21;
