solid OpenSCAD_Model
  facet normal -0.995212 -0.0977397 0
    outer loop
      vertex 1.70828 0.194059 0
      vertex 1.70529 0.224504 0.672502
      vertex 1.70529 0.224504 0
    endloop
  endfacet
  facet normal -0.995177 -0.098094 1.61966e-05
    outer loop
      vertex 1.71632 0.112493 0.00548697
      vertex 1.70529 0.224504 0.672502
      vertex 1.70828 0.194059 0
    endloop
  endfacet
  facet normal -0.995187 -0.0979985 0
    outer loop
      vertex 1.70529 0.224504 0.672502
      vertex 1.71632 0.112493 0.00548697
      vertex 1.71632 0.112493 0.680075
    endloop
  endfacet
  facet normal -0.995227 -0.0975918 0
    outer loop
      vertex 1.70715 0.205536 0.69924
      vertex 1.70529 0.224504 1.37252
      vertex 1.70529 0.224504 0.698264
    endloop
  endfacet
  facet normal -0.995178 -0.0980805 1.38992e-05
    outer loop
      vertex 1.71632 0.112493 0.705503
      vertex 1.70529 0.224504 1.37252
      vertex 1.70715 0.205536 0.69924
    endloop
  endfacet
  facet normal -0.995187 -0.0979985 0
    outer loop
      vertex 1.70529 0.224504 1.37252
      vertex 1.71632 0.112493 0.705503
      vertex 1.71632 0.112493 1.38009
    endloop
  endfacet
  facet normal -0.995226 -0.0976008 0
    outer loop
      vertex 1.70658 0.21135 1.39886
      vertex 1.70529 0.224504 2.07254
      vertex 1.70529 0.224504 1.39818
    endloop
  endfacet
  facet normal -0.995181 -0.0980508 8.87097e-06
    outer loop
      vertex 1.71632 0.112493 1.40552
      vertex 1.70529 0.224504 2.07254
      vertex 1.70658 0.21135 1.39886
    endloop
  endfacet
  facet normal -0.995187 -0.0979985 0
    outer loop
      vertex 1.70529 0.224504 2.07254
      vertex 1.71632 0.112493 1.40552
      vertex 1.71632 0.112493 2.0801
    endloop
  endfacet
  facet normal -0.995226 -0.0975977 0
    outer loop
      vertex 1.70601 0.217162 2.09848
      vertex 1.70529 0.224504 2.77255
      vertex 1.70529 0.224504 2.0981
    endloop
  endfacet
  facet normal -0.995184 -0.0980263 4.71249e-06
    outer loop
      vertex 1.71632 0.112493 2.10553
      vertex 1.70529 0.224504 2.77255
      vertex 1.70601 0.217162 2.09848
    endloop
  endfacet
  facet normal -0.995187 -0.0979985 0
    outer loop
      vertex 1.70529 0.224504 2.77255
      vertex 1.71632 0.112493 2.10553
      vertex 1.71632 0.112493 2.78011
    endloop
  endfacet
  facet normal -0.995253 -0.0973194 0
    outer loop
      vertex 1.70544 0.22297 2.7981
      vertex 1.70529 0.224504 3.2
      vertex 1.70529 0.224504 2.79802
    endloop
  endfacet
  facet normal -0.995186 -0.0980077 2.65243e-06
    outer loop
      vertex 1.71632 0.112493 2.80555
      vertex 1.70529 0.224504 3.2
      vertex 1.70544 0.22297 2.7981
    endloop
  endfacet
  facet normal -0.995187 -0.0979985 0
    outer loop
      vertex 1.70529 0.224504 3.2
      vertex 1.71632 0.112493 2.80555
      vertex 1.71632 0.112493 3.2
    endloop
  endfacet
  facet normal -0.99947 -0.0325627 0
    outer loop
      vertex 1.71632 0.112493 0.00548697
      vertex 1.71714 0.0873242 0.681748
      vertex 1.71632 0.112493 0.680075
    endloop
  endfacet
  facet normal -0.999465 -0.032696 -4.96451e-06
    outer loop
      vertex 1.72 0 0.0130974
      vertex 1.71714 0.0873242 0.681748
      vertex 1.71632 0.112493 0.00548697
    endloop
  endfacet
  facet normal -0.999465 -0.0327056 -3.7109e-06
    outer loop
      vertex 1.71714 0.0873242 0.681748
      vertex 1.72 0 0.0130974
      vertex 1.71853 0.0448463 0.683905
    endloop
  endfacet
  facet normal -0.999463 -0.032761 0
    outer loop
      vertex 1.71853 0.0448463 0.683905
      vertex 1.72 0 0.0130974
      vertex 1.72 0 0.686955
    endloop
  endfacet
  facet normal -0.999466 -0.0326615 0
    outer loop
      vertex 1.71632 0.112493 0.705503
      vertex 1.71695 0.0932145 1.38137
      vertex 1.71632 0.112493 1.38009
    endloop
  endfacet
  facet normal -0.999465 -0.0326957 -9.78477e-07
    outer loop
      vertex 1.72 0 0.713116
      vertex 1.71695 0.0932145 1.38137
      vertex 1.71632 0.112493 0.705503
    endloop
  endfacet
  facet normal -0.999465 -0.0326945 -1.15531e-06
    outer loop
      vertex 1.71695 0.0932145 1.38137
      vertex 1.72 0 0.713116
      vertex 1.71834 0.0507223 1.38352
    endloop
  endfacet
  facet normal -0.999465 -0.0327097 0
    outer loop
      vertex 1.71834 0.0507223 1.38352
      vertex 1.72 0 0.713116
      vertex 1.72 0 1.38697
    endloop
  endfacet
  facet normal -0.99946 -0.032859 0
    outer loop
      vertex 1.71632 0.112493 1.40552
      vertex 1.71676 0.0991097 2.08099
      vertex 1.71632 0.112493 2.0801
    endloop
  endfacet
  facet normal -0.999465 -0.0326954 3.24502e-06
    outer loop
      vertex 1.72 0 1.41313
      vertex 1.71676 0.0991097 2.08099
      vertex 1.71632 0.112493 1.40552
    endloop
  endfacet
  facet normal -0.999466 -0.0326734 -3.56675e-08
    outer loop
      vertex 1.71676 0.0991097 2.08099
      vertex 1.72 0 1.41313
      vertex 1.71815 0.0565901 2.08314
    endloop
  endfacet
  facet normal -0.999466 -0.0326738 0
    outer loop
      vertex 1.71815 0.0565901 2.08314
      vertex 1.72 0 1.41313
      vertex 1.72 0 2.08699
    endloop
  endfacet
  facet normal -0.999486 -0.0320562 0
    outer loop
      vertex 1.71632 0.112493 2.10553
      vertex 1.71656 0.10501 2.78061
      vertex 1.71632 0.112493 2.78011
    endloop
  endfacet
  facet normal -0.999465 -0.0326961 -7.10066e-06
    outer loop
      vertex 1.72 0 2.11315
      vertex 1.71656 0.10501 2.78061
      vertex 1.71632 0.112493 2.10553
    endloop
  endfacet
  facet normal -0.999459 -0.0328757 2.11727e-05
    outer loop
      vertex 1.71656 0.10501 2.78061
      vertex 1.72 0 2.11315
      vertex 1.71796 0.0624497 2.78276
    endloop
  endfacet
  facet normal -0.999467 -0.0326489 0
    outer loop
      vertex 1.71796 0.0624497 2.78276
      vertex 1.72 0 2.11315
      vertex 1.72 0 2.78701
    endloop
  endfacet
  facet normal -0.999465 -0.0326957 0
    outer loop
      vertex 1.72 0 2.81317
      vertex 1.71632 0.112493 3.2
      vertex 1.71632 0.112493 2.80555
    endloop
  endfacet
  facet normal -0.999465 -0.0326957 0
    outer loop
      vertex 1.71632 0.112493 3.2
      vertex 1.72 0 2.81317
      vertex 1.72 0 3.2
    endloop
  endfacet
  facet normal 0.881913 -0.471413 0
    outer loop
      vertex -1.54262 0.760736 0.38792
      vertex -1.48956 0.86 0
      vertex -1.48956 0.86 0.395535
    endloop
  endfacet
  facet normal 0.881913 -0.471413 0
    outer loop
      vertex -1.48956 0.86 0
      vertex -1.54262 0.760736 0.38792
      vertex -1.54262 0.760736 0
    endloop
  endfacet
  facet normal 0.881913 -0.471413 0
    outer loop
      vertex -1.54262 0.760736 1.78796
      vertex -1.48956 0.86 1.12097
      vertex -1.48956 0.86 1.79556
    endloop
  endfacet
  facet normal 0.881838 -0.471553 -2.68281e-05
    outer loop
      vertex -1.48956 0.86 1.12097
      vertex -1.54262 0.760736 1.78796
      vertex -1.50349 0.83395 1.11901
    endloop
  endfacet
  facet normal 0.881955 -0.471333 4.0542e-06
    outer loop
      vertex -1.50349 0.83395 1.11901
      vertex -1.54262 0.760736 1.78796
      vertex -1.52352 0.79647 1.11685
    endloop
  endfacet
  facet normal 0.881924 -0.471392 0
    outer loop
      vertex -1.52352 0.79647 1.11685
      vertex -1.54262 0.760736 1.78796
      vertex -1.54262 0.760736 1.1141
    endloop
  endfacet
  facet normal 0.881913 -0.471413 0
    outer loop
      vertex -1.54262 0.760736 1.08794
      vertex -1.48956 0.86 0.420963
      vertex -1.48956 0.86 1.09555
    endloop
  endfacet
  facet normal 0.881882 -0.47147 -1.09238e-05
    outer loop
      vertex -1.48956 0.86 0.420963
      vertex -1.54262 0.760736 1.08794
      vertex -1.50071 0.839144 0.419391
    endloop
  endfacet
  facet normal 0.881879 -0.471476 -1.19504e-05
    outer loop
      vertex -1.50071 0.839144 0.419391
      vertex -1.54262 0.760736 1.08794
      vertex -1.52075 0.80166 0.417235
    endloop
  endfacet
  facet normal 0.88196 -0.471324 0
    outer loop
      vertex -1.52075 0.80166 0.417235
      vertex -1.54262 0.760736 1.08794
      vertex -1.54262 0.760736 0.414081
    endloop
  endfacet
  facet normal 0.881913 -0.471413 0
    outer loop
      vertex -1.54262 0.760736 2.48797
      vertex -1.48956 0.86 1.82099
      vertex -1.48956 0.86 2.49558
    endloop
  endfacet
  facet normal 0.881899 -0.471438 -4.78813e-06
    outer loop
      vertex -1.48956 0.86 1.82099
      vertex -1.54262 0.760736 2.48797
      vertex -1.50626 0.82876 1.81863
    endloop
  endfacet
  facet normal 0.881899 -0.471438 -4.7968e-06
    outer loop
      vertex -1.50626 0.82876 1.81863
      vertex -1.54262 0.760736 2.48797
      vertex -1.5263 0.791272 1.81647
    endloop
  endfacet
  facet normal 0.881943 -0.471356 0
    outer loop
      vertex -1.5263 0.791272 1.81647
      vertex -1.54262 0.760736 2.48797
      vertex -1.54262 0.760736 1.81412
    endloop
  endfacet
  facet normal 0.881913 -0.471413 0
    outer loop
      vertex -1.54262 0.760736 3.18799
      vertex -1.48956 0.86 2.521
      vertex -1.48956 0.86 3.19559
    endloop
  endfacet
  facet normal 0.881922 -0.471395 3.35557e-06
    outer loop
      vertex -1.48956 0.86 2.521
      vertex -1.54262 0.760736 3.18799
      vertex -1.50903 0.823574 2.51825
    endloop
  endfacet
  facet normal 0.881901 -0.471435 -1.45856e-06
    outer loop
      vertex -1.50903 0.823574 2.51825
      vertex -1.54262 0.760736 3.18799
      vertex -1.52908 0.786067 2.51609
    endloop
  endfacet
  facet normal 0.881917 -0.471405 0
    outer loop
      vertex -1.52908 0.786067 2.51609
      vertex -1.54262 0.760736 3.18799
      vertex -1.54262 0.760736 2.51413
    endloop
  endfacet
  facet normal -0.973873 0.227092 0
    outer loop
      vertex 1.66139 -0.445168 0
      vertex 1.68695 -0.335555 0.0090079
      vertex 1.68695 -0.335555 0
    endloop
  endfacet
  facet normal -0.973873 0.227092 0
    outer loop
      vertex 1.68695 -0.335555 0.0090079
      vertex 1.66139 -0.445168 0
      vertex 1.66139 -0.445168 0.0165685
    endloop
  endfacet
  facet normal -0.974078 0.226214 0
    outer loop
      vertex 1.68645 -0.337708 0.0346001
      vertex 1.68695 -0.335555 0.709024
      vertex 1.68695 -0.335555 0.0344867
    endloop
  endfacet
  facet normal -0.973869 0.227109 -3.01177e-06
    outer loop
      vertex 1.66139 -0.445168 0.0420046
      vertex 1.68695 -0.335555 0.709024
      vertex 1.68645 -0.337708 0.0346001
    endloop
  endfacet
  facet normal -0.973873 0.227092 0
    outer loop
      vertex 1.68695 -0.335555 0.709024
      vertex 1.66139 -0.445168 0.0420046
      vertex 1.66139 -0.445168 0.716581
    endloop
  endfacet
  facet normal -0.973873 0.227092 0
    outer loop
      vertex 1.66139 -0.445168 0.742021
      vertex 1.68695 -0.335555 1.40904
      vertex 1.68695 -0.335555 0.734464
    endloop
  endfacet
  facet normal -0.973875 0.227087 8.82009e-07
    outer loop
      vertex 1.68695 -0.335555 1.40904
      vertex 1.66139 -0.445168 0.742021
      vertex 1.66221 -0.441654 1.41635
    endloop
  endfacet
  facet normal -0.973837 0.227247 0
    outer loop
      vertex 1.66221 -0.441654 1.41635
      vertex 1.66139 -0.445168 0.742021
      vertex 1.66139 -0.445168 1.41653
    endloop
  endfacet
  facet normal -0.973873 0.227092 0
    outer loop
      vertex 1.66139 -0.445168 1.44204
      vertex 1.68695 -0.335555 2.10906
      vertex 1.68695 -0.335555 1.43447
    endloop
  endfacet
  facet normal -0.973884 0.227047 7.78569e-06
    outer loop
      vertex 1.68695 -0.335555 2.10906
      vertex 1.66139 -0.445168 1.44204
      vertex 1.66354 -0.435969 2.11597
    endloop
  endfacet
  facet normal -0.973758 0.227588 0
    outer loop
      vertex 1.66354 -0.435969 2.11597
      vertex 1.66139 -0.445168 1.44204
      vertex 1.66139 -0.445168 2.11645
    endloop
  endfacet
  facet normal -0.973873 0.227092 0
    outer loop
      vertex 1.66139 -0.445168 2.14205
      vertex 1.68695 -0.335555 2.80907
      vertex 1.68695 -0.335555 2.13449
    endloop
  endfacet
  facet normal -0.97387 0.227105 -2.35638e-06
    outer loop
      vertex 1.68695 -0.335555 2.80907
      vertex 1.66139 -0.445168 2.14205
      vertex 1.66486 -0.430281 2.81559
    endloop
  endfacet
  facet normal -0.973894 0.227004 0
    outer loop
      vertex 1.66486 -0.430281 2.81559
      vertex 1.66139 -0.445168 2.14205
      vertex 1.66139 -0.445168 2.81637
    endloop
  endfacet
  facet normal -0.973873 0.227092 0
    outer loop
      vertex 1.66139 -0.445168 2.84207
      vertex 1.68695 -0.335555 3.2
      vertex 1.68695 -0.335555 2.8345
    endloop
  endfacet
  facet normal -0.973873 0.227092 0
    outer loop
      vertex 1.68695 -0.335555 3.2
      vertex 1.66139 -0.445168 2.84207
      vertex 1.66139 -0.445168 3.2
    endloop
  endfacet
  facet normal -0.683583 0.729872 0
    outer loop
      vertex 1.13407 -1.29316 0
      vertex 1.21622 -1.21622 0.0744394
      vertex 1.21622 -1.21622 0
    endloop
  endfacet
  facet normal -0.683583 0.729872 0
    outer loop
      vertex 1.21622 -1.21622 0.0744394
      vertex 1.13407 -1.29316 0
      vertex 1.13407 -1.29316 0.0820435
    endloop
  endfacet
  facet normal -0.683583 0.729872 0
    outer loop
      vertex 1.21622 -1.21622 0.774457
      vertex 1.13407 -1.29316 0.107464
      vertex 1.13407 -1.29316 0.782058
    endloop
  endfacet
  facet normal -0.683544 0.729909 -9.01807e-06
    outer loop
      vertex 1.21622 -1.21622 0.774457
      vertex 1.16587 -1.26338 0.104563
      vertex 1.13407 -1.29316 0.107464
    endloop
  endfacet
  facet normal -0.683574 0.729881 -4.887e-06
    outer loop
      vertex 1.21622 -1.21622 0.774457
      vertex 1.19692 -1.2343 0.102398
      vertex 1.16587 -1.26338 0.104563
    endloop
  endfacet
  facet normal -0.683664 0.729797 0
    outer loop
      vertex 1.19692 -1.2343 0.102398
      vertex 1.21622 -1.21622 0.774457
      vertex 1.21622 -1.21622 0.1006
    endloop
  endfacet
  facet normal -0.683583 0.729872 0
    outer loop
      vertex 1.21622 -1.21622 1.47447
      vertex 1.13407 -1.29316 0.807477
      vertex 1.13407 -1.29316 1.48207
    endloop
  endfacet
  facet normal -0.683465 0.729984 -2.74721e-05
    outer loop
      vertex 1.21622 -1.21622 1.47447
      vertex 1.17016 -1.25937 0.804182
      vertex 1.13407 -1.29316 0.807477
    endloop
  endfacet
  facet normal -0.683598 0.729859 -1.02998e-05
    outer loop
      vertex 1.21622 -1.21622 1.47447
      vertex 1.20124 -1.23026 0.802014
      vertex 1.17016 -1.25937 0.804182
    endloop
  endfacet
  facet normal -0.683844 0.729628 0
    outer loop
      vertex 1.20124 -1.23026 0.802014
      vertex 1.21622 -1.21622 1.47447
      vertex 1.21622 -1.21622 0.800618
    endloop
  endfacet
  facet normal -0.683583 0.729872 0
    outer loop
      vertex 1.21622 -1.21622 2.17449
      vertex 1.13407 -1.29316 1.50749
      vertex 1.13407 -1.29316 2.18209
    endloop
  endfacet
  facet normal -0.683586 0.72987 6.35254e-07
    outer loop
      vertex 1.21622 -1.21622 2.17449
      vertex 1.17444 -1.25535 1.5038
      vertex 1.13407 -1.29316 1.50749
    endloop
  endfacet
  facet normal -0.683504 0.729946 -8.92823e-06
    outer loop
      vertex 1.21622 -1.21622 2.17449
      vertex 1.20556 -1.22621 1.50163
      vertex 1.17444 -1.25535 1.5038
    endloop
  endfacet
  facet normal -0.683805 0.729665 0
    outer loop
      vertex 1.20556 -1.22621 1.50163
      vertex 1.21622 -1.21622 2.17449
      vertex 1.21622 -1.21622 1.50064
    endloop
  endfacet
  facet normal -0.683583 0.729872 0
    outer loop
      vertex 1.21622 -1.21622 2.87451
      vertex 1.13407 -1.29316 2.2075
      vertex 1.13407 -1.29316 2.8821
    endloop
  endfacet
  facet normal -0.683518 0.729934 -1.52026e-05
    outer loop
      vertex 1.21622 -1.21622 2.87451
      vertex 1.17873 -1.25134 2.20342
      vertex 1.13407 -1.29316 2.2075
    endloop
  endfacet
  facet normal -0.683661 0.7298 -2.12061e-07
    outer loop
      vertex 1.21622 -1.21622 2.87451
      vertex 1.20989 -1.22215 2.20124
      vertex 1.17873 -1.25134 2.20342
    endloop
  endfacet
  facet normal -0.683673 0.729789 0
    outer loop
      vertex 1.20989 -1.22215 2.20124
      vertex 1.21622 -1.21622 2.87451
      vertex 1.21622 -1.21622 2.20065
    endloop
  endfacet
  facet normal -0.683583 0.729872 -1.67903e-05
    outer loop
      vertex 1.183 -1.24734 2.90304
      vertex 1.13407 -1.29316 3.2
      vertex 1.21622 -1.21622 3.2
    endloop
  endfacet
  facet normal -0.683529 0.729923 0
    outer loop
      vertex 1.13407 -1.29316 3.2
      vertex 1.183 -1.24734 2.90304
      vertex 1.13407 -1.29316 2.90752
    endloop
  endfacet
  facet normal -0.683592 0.729865 -1.50401e-05
    outer loop
      vertex 1.21622 -1.21622 3.2
      vertex 1.21423 -1.21809 2.90086
      vertex 1.183 -1.24734 2.90304
    endloop
  endfacet
  facet normal -0.684793 0.728737 0
    outer loop
      vertex 1.21423 -1.21809 2.90086
      vertex 1.21622 -1.21622 3.2
      vertex 1.21622 -1.21622 2.90067
    endloop
  endfacet
  facet normal 0.290261 -0.956947 0
    outer loop
      vertex -0.445168 1.66139 0
      vertex -0.552876 1.62872 0.475423
      vertex -0.552876 1.62872 0
    endloop
  endfacet
  facet normal 0.290261 -0.956947 0
    outer loop
      vertex -0.552876 1.62872 0.475423
      vertex -0.445168 1.66139 0
      vertex -0.445168 1.66139 0.483037
    endloop
  endfacet
  facet normal 0.290261 -0.956947 0
    outer loop
      vertex -0.552876 1.62872 1.87546
      vertex -0.445168 1.66139 1.20848
      vertex -0.445168 1.66139 1.88307
    endloop
  endfacet
  facet normal 0.290346 -0.956922 1.48592e-05
    outer loop
      vertex -0.552876 1.62872 1.87546
      vertex -0.474138 1.6526 1.20646
      vertex -0.445168 1.66139 1.20848
    endloop
  endfacet
  facet normal 0.290139 -0.956985 -1.17515e-05
    outer loop
      vertex -0.552876 1.62872 1.87546
      vertex -0.514807 1.64027 1.20431
      vertex -0.474138 1.6526 1.20646
    endloop
  endfacet
  facet normal 0.290328 -0.956927 0
    outer loop
      vertex -0.514807 1.64027 1.20431
      vertex -0.552876 1.62872 1.87546
      vertex -0.552876 1.62872 1.2016
    endloop
  endfacet
  facet normal 0.290261 -0.956947 0
    outer loop
      vertex -0.552876 1.62872 1.17544
      vertex -0.445168 1.66139 0.508464
      vertex -0.445168 1.66139 1.18305
    endloop
  endfacet
  facet normal 0.290348 -0.956921 1.52533e-05
    outer loop
      vertex -0.552876 1.62872 1.17544
      vertex -0.468502 1.65431 0.506843
      vertex -0.445168 1.66139 0.508464
    endloop
  endfacet
  facet normal 0.290119 -0.956991 -1.62577e-05
    outer loop
      vertex -0.552876 1.62872 1.17544
      vertex -0.509174 1.64198 0.504686
      vertex -0.468502 1.65431 0.506843
    endloop
  endfacet
  facet normal 0.290348 -0.956921 0
    outer loop
      vertex -0.509174 1.64198 0.504686
      vertex -0.552876 1.62872 1.17544
      vertex -0.552876 1.62872 0.501583
    endloop
  endfacet
  facet normal 0.290261 -0.956947 0
    outer loop
      vertex -0.552876 1.62872 2.57548
      vertex -0.445168 1.66139 1.90849
      vertex -0.445168 1.66139 2.58308
    endloop
  endfacet
  facet normal 0.290132 -0.956987 -2.28707e-05
    outer loop
      vertex -0.552876 1.62872 2.57548
      vertex -0.479769 1.6509 1.90608
      vertex -0.445168 1.66139 1.90849
    endloop
  endfacet
  facet normal 0.290295 -0.956937 -3.41227e-06
    outer loop
      vertex -0.552876 1.62872 2.57548
      vertex -0.520447 1.63856 1.90392
      vertex -0.479769 1.6509 1.90608
    endloop
  endfacet
  facet normal 0.29036 -0.956918 0
    outer loop
      vertex -0.520447 1.63856 1.90392
      vertex -0.552876 1.62872 2.57548
      vertex -0.552876 1.62872 1.90162
    endloop
  endfacet
  facet normal 0.290261 -0.956947 -2.66838e-06
    outer loop
      vertex -0.485395 1.64919 2.6057
      vertex -0.445168 1.66139 3.2
      vertex -0.552876 1.62872 3.2
    endloop
  endfacet
  facet normal 0.290225 -0.956958 0
    outer loop
      vertex -0.445168 1.66139 3.2
      vertex -0.485395 1.64919 2.6057
      vertex -0.445168 1.66139 2.6085
    endloop
  endfacet
  facet normal 0.290353 -0.95692 8.66715e-06
    outer loop
      vertex -0.552876 1.62872 3.2
      vertex -0.526097 1.63684 2.60354
      vertex -0.485395 1.64919 2.6057
    endloop
  endfacet
  facet normal 0.290176 -0.956973 0
    outer loop
      vertex -0.526097 1.63684 2.60354
      vertex -0.552876 1.62872 3.2
      vertex -0.552876 1.62872 2.60164
    endloop
  endfacet
  facet normal 0.16277 -0.986664 0
    outer loop
      vertex -0.335555 1.68695 0
      vertex -0.31149 1.69092 0.491518
      vertex -0.335555 1.68695 0.490288
    endloop
  endfacet
  facet normal 0.162942 -0.986636 -8.66964e-06
    outer loop
      vertex -0.224504 1.70529 0
      vertex -0.31149 1.69092 0.491518
      vertex -0.335555 1.68695 0
    endloop
  endfacet
  facet normal 0.16299 -0.986628 0
    outer loop
      vertex -0.31149 1.69092 0.491518
      vertex -0.224504 1.70529 0
      vertex -0.224504 1.70529 0.497498
    endloop
  endfacet
  facet normal 0.163 -0.986626 0
    outer loop
      vertex -0.317235 1.68997 1.19114
      vertex -0.224504 1.70529 0.523284
      vertex -0.224504 1.70529 1.19752
    endloop
  endfacet
  facet normal 0.162654 -0.986683 -3.76047e-05
    outer loop
      vertex -0.246355 1.70168 0.522167
      vertex -0.317235 1.68997 1.19114
      vertex -0.335555 1.68695 1.19021
    endloop
  endfacet
  facet normal 0.163 -0.986626 1.06739e-07
    outer loop
      vertex -0.317235 1.68997 1.19114
      vertex -0.246355 1.70168 0.522167
      vertex -0.224504 1.70529 0.523284
    endloop
  endfacet
  facet normal 0.162928 -0.986638 0
    outer loop
      vertex -0.246355 1.70168 0.522167
      vertex -0.335555 1.68695 1.19021
      vertex -0.335555 1.68695 0.516036
    endloop
  endfacet
  facet normal 0.162923 -0.986639 0
    outer loop
      vertex -0.322972 1.68903 1.89077
      vertex -0.224504 1.70529 1.2232
      vertex -0.224504 1.70529 1.89753
    endloop
  endfacet
  facet normal 0.163088 -0.986612 2.17306e-05
    outer loop
      vertex -0.252103 1.70073 1.22179
      vertex -0.322972 1.68903 1.89077
      vertex -0.335555 1.68695 1.89012
    endloop
  endfacet
  facet normal 0.163013 -0.986624 1.35181e-05
    outer loop
      vertex -0.322972 1.68903 1.89077
      vertex -0.252103 1.70073 1.22179
      vertex -0.224504 1.70529 1.2232
    endloop
  endfacet
  facet normal 0.162919 -0.986639 0
    outer loop
      vertex -0.252103 1.70073 1.22179
      vertex -0.335555 1.68695 1.89012
      vertex -0.335555 1.68695 1.21605
    endloop
  endfacet
  facet normal 0.162959 -0.986633 0
    outer loop
      vertex -0.328702 1.68808 2.59039
      vertex -0.224504 1.70529 1.92312
      vertex -0.224504 1.70529 2.59755
    endloop
  endfacet
  facet normal 0.162696 -0.986676 -2.7295e-05
    outer loop
      vertex -0.257859 1.69978 1.92141
      vertex -0.328702 1.68808 2.59039
      vertex -0.335555 1.68695 2.59004
    endloop
  endfacet
  facet normal 0.162984 -0.986629 4.02084e-06
    outer loop
      vertex -0.328702 1.68808 2.59039
      vertex -0.257859 1.69978 1.92141
      vertex -0.224504 1.70529 1.92312
    endloop
  endfacet
  facet normal 0.162924 -0.986639 0
    outer loop
      vertex -0.257859 1.69978 1.92141
      vertex -0.335555 1.68695 2.59004
      vertex -0.335555 1.68695 1.91607
    endloop
  endfacet
  facet normal 0.162942 -0.986636 -5.31881e-07
    outer loop
      vertex -0.263622 1.69883 2.62104
      vertex -0.224504 1.70529 3.2
      vertex -0.335555 1.68695 3.2
    endloop
  endfacet
  facet normal 0.162935 -0.986637 0
    outer loop
      vertex -0.224504 1.70529 3.2
      vertex -0.263622 1.69883 2.62104
      vertex -0.224504 1.70529 2.62304
    endloop
  endfacet
  facet normal 0.162946 -0.986635 0
    outer loop
      vertex -0.263622 1.69883 2.62104
      vertex -0.335555 1.68695 3.2
      vertex -0.335555 1.68695 2.61609
    endloop
  endfacet
  facet normal 0.93588 0.352318 0
    outer loop
      vertex -1.62203 -0.570647 0.299127
      vertex -1.62872 -0.552876 0
      vertex -1.62872 -0.552876 0.300418
    endloop
  endfacet
  facet normal 0.935935 0.352173 -9.79204e-06
    outer loop
      vertex -1.60703 -0.610511 0.296958
      vertex -1.62872 -0.552876 0
      vertex -1.62203 -0.570647 0.299127
    endloop
  endfacet
  facet normal 0.93587 0.352344 -0
    outer loop
      vertex -1.58907 -0.658215 0
      vertex -1.60703 -0.610511 0.296958
      vertex -1.58907 -0.658215 0.29356
    endloop
  endfacet
  facet normal 0.935897 0.352275 1.27107e-05
    outer loop
      vertex -1.60703 -0.610511 0.296958
      vertex -1.58907 -0.658215 0
      vertex -1.62872 -0.552876 0
    endloop
  endfacet
  facet normal 0.935944 0.352149 0
    outer loop
      vertex -1.61995 -0.576185 0.998742
      vertex -1.62872 -0.552876 0.326579
      vertex -1.62872 -0.552876 1.00044
    endloop
  endfacet
  facet normal 0.935893 0.352284 5.38126e-06
    outer loop
      vertex -1.60496 -0.616008 0.996577
      vertex -1.62872 -0.552876 0.326579
      vertex -1.61995 -0.576185 0.998742
    endloop
  endfacet
  facet normal 0.935874 0.352335 1.08209e-05
    outer loop
      vertex -1.58907 -0.658215 0.993573
      vertex -1.62872 -0.552876 0.326579
      vertex -1.60496 -0.616008 0.996577
    endloop
  endfacet
  facet normal 0.935897 0.352275 0
    outer loop
      vertex -1.62872 -0.552876 0.326579
      vertex -1.58907 -0.658215 0.993573
      vertex -1.58907 -0.658215 0.318979
    endloop
  endfacet
  facet normal 0.935943 0.352151 0
    outer loop
      vertex -1.61787 -0.581713 1.69836
      vertex -1.62872 -0.552876 1.0266
      vertex -1.62872 -0.552876 1.70045
    endloop
  endfacet
  facet normal 0.935889 0.352295 7.07322e-06
    outer loop
      vertex -1.60289 -0.621508 1.6962
      vertex -1.62872 -0.552876 1.0266
      vertex -1.61787 -0.581713 1.69836
    endloop
  endfacet
  facet normal 0.935869 0.352349 1.3322e-05
    outer loop
      vertex -1.58907 -0.658215 1.69359
      vertex -1.62872 -0.552876 1.0266
      vertex -1.60289 -0.621508 1.6962
    endloop
  endfacet
  facet normal 0.935897 0.352275 0
    outer loop
      vertex -1.62872 -0.552876 1.0266
      vertex -1.58907 -0.658215 1.69359
      vertex -1.58907 -0.658215 1.01899
    endloop
  endfacet
  facet normal 0.935922 0.352207 0
    outer loop
      vertex -1.61579 -0.587235 2.39798
      vertex -1.62872 -0.552876 1.72661
      vertex -1.62872 -0.552876 2.40047
    endloop
  endfacet
  facet normal 0.935917 0.352222 8.62876e-07
    outer loop
      vertex -1.60082 -0.627013 2.39582
      vertex -1.62872 -0.552876 1.72661
      vertex -1.61579 -0.587235 2.39798
    endloop
  endfacet
  facet normal 0.935843 0.352417 2.55225e-05
    outer loop
      vertex -1.58907 -0.658215 2.3936
      vertex -1.62872 -0.552876 1.72661
      vertex -1.60082 -0.627013 2.39582
    endloop
  endfacet
  facet normal 0.935897 0.352275 0
    outer loop
      vertex -1.62872 -0.552876 1.72661
      vertex -1.58907 -0.658215 2.3936
      vertex -1.58907 -0.658215 1.71901
    endloop
  endfacet
  facet normal 0.935881 0.352317 0
    outer loop
      vertex -1.61371 -0.592748 3.09759
      vertex -1.62872 -0.552876 2.42663
      vertex -1.62872 -0.552876 3.10049
    endloop
  endfacet
  facet normal 0.935908 0.352245 -4.85587e-06
    outer loop
      vertex -1.59874 -0.632523 3.09544
      vertex -1.62872 -0.552876 2.42663
      vertex -1.61371 -0.592748 3.09759
    endloop
  endfacet
  facet normal 0.935903 0.352257 -3.22269e-06
    outer loop
      vertex -1.58907 -0.658215 3.09361
      vertex -1.62872 -0.552876 2.42663
      vertex -1.59874 -0.632523 3.09544
    endloop
  endfacet
  facet normal 0.935897 0.352275 0
    outer loop
      vertex -1.62872 -0.552876 2.42663
      vertex -1.58907 -0.658215 3.09361
      vertex -1.58907 -0.658215 2.41902
    endloop
  endfacet
  facet normal 0.935897 0.352275 0
    outer loop
      vertex -1.58907 -0.658215 3.2
      vertex -1.62872 -0.552876 3.12665
      vertex -1.62872 -0.552876 3.2
    endloop
  endfacet
  facet normal 0.935897 0.352275 0
    outer loop
      vertex -1.62872 -0.552876 3.12665
      vertex -1.58907 -0.658215 3.2
      vertex -1.58907 -0.658215 3.11904
    endloop
  endfacet
  facet normal 0.163504 0.986543 -0
    outer loop
      vertex -0.224504 -1.70529 0
      vertex -0.22915 -1.70452 0.176705
      vertex -0.224504 -1.70529 0.176468
    endloop
  endfacet
  facet normal 0.162942 0.986636 -1.51656e-05
    outer loop
      vertex -0.335555 -1.68695 0
      vertex -0.22915 -1.70452 0.176705
      vertex -0.224504 -1.70529 0
    endloop
  endfacet
  facet normal 0.162918 0.98664 0
    outer loop
      vertex -0.22915 -1.70452 0.176705
      vertex -0.335555 -1.68695 0
      vertex -0.335555 -1.68695 0.184012
    endloop
  endfacet
  facet normal 0.162942 0.986636 0
    outer loop
      vertex -0.224504 -1.70529 0.876405
      vertex -0.335555 -1.68695 0.209466
      vertex -0.335555 -1.68695 0.884028
    endloop
  endfacet
  facet normal 0.163005 0.986625 -1.07414e-05
    outer loop
      vertex -0.224504 -1.70529 0.876405
      vertex -0.294215 -1.69378 0.207347
      vertex -0.335555 -1.68695 0.209466
    endloop
  endfacet
  facet normal 0.162905 0.986642 0
    outer loop
      vertex -0.294215 -1.69378 0.207347
      vertex -0.224504 -1.70529 0.876405
      vertex -0.224504 -1.70529 0.202551
    endloop
  endfacet
  facet normal 0.162942 0.986636 -1.52306e-06
    outer loop
      vertex -0.330475 -1.68779 0.909125
      vertex -0.335555 -1.68695 1.58404
      vertex -0.224504 -1.70529 1.57642
    endloop
  endfacet
  facet normal 0.163139 0.986603 0
    outer loop
      vertex -0.335555 -1.68695 1.58404
      vertex -0.330475 -1.68779 0.909125
      vertex -0.335555 -1.68695 0.909466
    endloop
  endfacet
  facet normal 0.162899 0.986643 5.45211e-06
    outer loop
      vertex -0.224504 -1.70529 1.57642
      vertex -0.288441 -1.69473 0.906968
      vertex -0.330475 -1.68779 0.909125
    endloop
  endfacet
  facet normal 0.162955 0.986634 0
    outer loop
      vertex -0.288441 -1.69473 0.906968
      vertex -0.224504 -1.70529 1.57642
      vertex -0.224504 -1.70529 0.902568
    endloop
  endfacet
  facet normal 0.162942 0.986636 1.87787e-06
    outer loop
      vertex -0.324648 -1.68875 1.60874
      vertex -0.335555 -1.68695 2.28406
      vertex -0.224504 -1.70529 2.27644
    endloop
  endfacet
  facet normal 0.162829 0.986654 0
    outer loop
      vertex -0.335555 -1.68695 2.28406
      vertex -0.324648 -1.68875 1.60874
      vertex -0.335555 -1.68695 1.60948
    endloop
  endfacet
  facet normal 0.162841 0.986652 1.74669e-05
    outer loop
      vertex -0.224504 -1.70529 2.27644
      vertex -0.282659 -1.69568 1.60659
      vertex -0.324648 -1.68875 1.60874
    endloop
  endfacet
  facet normal 0.163037 0.98662 0
    outer loop
      vertex -0.282659 -1.69568 1.60659
      vertex -0.224504 -1.70529 2.27644
      vertex -0.224504 -1.70529 1.60259
    endloop
  endfacet
  facet normal 0.162942 0.986636 0
    outer loop
      vertex -0.224504 -1.70529 2.97646
      vertex -0.335555 -1.68695 2.30949
      vertex -0.335555 -1.68695 2.98407
    endloop
  endfacet
  facet normal 0.162794 0.98666 2.5427e-05
    outer loop
      vertex -0.224504 -1.70529 2.97646
      vertex -0.318827 -1.68971 2.30836
      vertex -0.335555 -1.68695 2.30949
    endloop
  endfacet
  facet normal 0.162961 0.986632 1.10669e-06
    outer loop
      vertex -0.224504 -1.70529 2.97646
      vertex -0.27687 -1.69664 2.30621
      vertex -0.318827 -1.68971 2.30836
    endloop
  endfacet
  facet normal 0.162975 0.98663 0
    outer loop
      vertex -0.27687 -1.69664 2.30621
      vertex -0.224504 -1.70529 2.97646
      vertex -0.224504 -1.70529 2.3026
    endloop
  endfacet
  facet normal 0.162942 0.986636 -4.2677e-06
    outer loop
      vertex -0.271073 -1.6976 3.00583
      vertex -0.335555 -1.68695 3.2
      vertex -0.224504 -1.70529 3.2
    endloop
  endfacet
  facet normal 0.162802 0.986659 0
    outer loop
      vertex -0.335555 -1.68695 3.2
      vertex -0.31301 -1.69067 3.00798
      vertex -0.335555 -1.68695 3.0095
    endloop
  endfacet
  facet normal 0.163038 0.98662 2.84993e-05
    outer loop
      vertex -0.335555 -1.68695 3.2
      vertex -0.271073 -1.6976 3.00583
      vertex -0.31301 -1.69067 3.00798
    endloop
  endfacet
  facet normal 0.162925 0.986638 0
    outer loop
      vertex -0.271073 -1.6976 3.00583
      vertex -0.224504 -1.70529 3.2
      vertex -0.224504 -1.70529 3.00262
    endloop
  endfacet
  facet normal 0.634451 0.772963 0
    outer loop
      vertex -1.13407 -1.29316 0
      vertex -1.04707 -1.36457 0.234992
      vertex -1.04707 -1.36457 0
    endloop
  endfacet
  facet normal 0.634451 0.772963 0
    outer loop
      vertex -1.04707 -1.36457 0.234992
      vertex -1.13407 -1.29316 0
      vertex -1.13407 -1.29316 0.242568
    endloop
  endfacet
  facet normal 0.634451 0.772963 0
    outer loop
      vertex -1.04707 -1.36457 0.935009
      vertex -1.13407 -1.29316 0.267993
      vertex -1.13407 -1.29316 0.94258
    endloop
  endfacet
  facet normal 0.634473 0.772945 -4.77882e-06
    outer loop
      vertex -1.04707 -1.36457 0.935009
      vertex -1.06463 -1.35016 0.261977
      vertex -1.13407 -1.29316 0.267993
    endloop
  endfacet
  facet normal 0.634364 0.773035 0
    outer loop
      vertex -1.06463 -1.35016 0.261977
      vertex -1.04707 -1.36457 0.935009
      vertex -1.04707 -1.36457 0.260815
    endloop
  endfacet
  facet normal 0.634451 0.772963 0
    outer loop
      vertex -1.04707 -1.36457 1.63503
      vertex -1.13407 -1.29316 0.968007
      vertex -1.13407 -1.29316 1.64259
    endloop
  endfacet
  facet normal 0.634472 0.772946 -4.43713e-06
    outer loop
      vertex -1.04707 -1.36457 1.63503
      vertex -1.06011 -1.35387 0.961596
      vertex -1.13407 -1.29316 0.968007
    endloop
  endfacet
  facet normal 0.634335 0.773058 0
    outer loop
      vertex -1.06011 -1.35387 0.961596
      vertex -1.04707 -1.36457 1.63503
      vertex -1.04707 -1.36457 0.960733
    endloop
  endfacet
  facet normal 0.634451 0.772963 0
    outer loop
      vertex -1.04707 -1.36457 2.33504
      vertex -1.13407 -1.29316 1.66802
      vertex -1.13407 -1.29316 2.3426
    endloop
  endfacet
  facet normal 0.634412 0.772995 8.56818e-06
    outer loop
      vertex -1.04707 -1.36457 2.33504
      vertex -1.05559 -1.35757 1.66122
      vertex -1.13407 -1.29316 1.66802
    endloop
  endfacet
  facet normal 0.634817 0.772663 0
    outer loop
      vertex -1.05559 -1.35757 1.66122
      vertex -1.04707 -1.36457 2.33504
      vertex -1.04707 -1.36457 1.66065
    endloop
  endfacet
  facet normal 0.634451 0.772963 0
    outer loop
      vertex -1.04707 -1.36457 3.03506
      vertex -1.13407 -1.29316 2.36804
      vertex -1.13407 -1.29316 3.04262
    endloop
  endfacet
  facet normal 0.634404 0.773001 1.02993e-05
    outer loop
      vertex -1.04707 -1.36457 3.03506
      vertex -1.05108 -1.36127 2.36084
      vertex -1.13407 -1.29316 2.36804
    endloop
  endfacet
  facet normal 0.635437 0.772153 0
    outer loop
      vertex -1.05108 -1.36127 2.36084
      vertex -1.04707 -1.36457 3.03506
      vertex -1.04707 -1.36457 2.36057
    endloop
  endfacet
  facet normal 0.634451 0.772963 0
    outer loop
      vertex -1.04707 -1.36457 3.2
      vertex -1.13407 -1.29316 3.06805
      vertex -1.13407 -1.29316 3.2
    endloop
  endfacet
  facet normal 0.634451 0.772963 0
    outer loop
      vertex -1.13407 -1.29316 3.06805
      vertex -1.04707 -1.36457 3.2
      vertex -1.04707 -1.36457 3.0605
    endloop
  endfacet
  facet normal 0.973834 0.227262 0
    outer loop
      vertex -1.68313 -0.351924 0.314448
      vertex -1.68695 -0.335555 0
      vertex -1.68695 -0.335555 0.315308
    endloop
  endfacet
  facet normal 0.97388 0.227063 -1.09225e-05
    outer loop
      vertex -1.66139 -0.445168 0.308033
      vertex -1.68695 -0.335555 0
      vertex -1.68313 -0.351924 0.314448
    endloop
  endfacet
  facet normal 0.973873 0.227092 0
    outer loop
      vertex -1.68695 -0.335555 0
      vertex -1.66139 -0.445168 0.308033
      vertex -1.66139 -0.445168 0
    endloop
  endfacet
  facet normal 0.973915 0.226913 0
    outer loop
      vertex -1.68181 -0.357616 1.01407
      vertex -1.68695 -0.335555 0.341032
      vertex -1.68695 -0.335555 1.01523
    endloop
  endfacet
  facet normal 0.973863 0.227136 7.72282e-06
    outer loop
      vertex -1.66139 -0.445168 1.00805
      vertex -1.68695 -0.335555 0.341032
      vertex -1.68181 -0.357616 1.01407
    endloop
  endfacet
  facet normal 0.973873 0.227092 0
    outer loop
      vertex -1.68695 -0.335555 0.341032
      vertex -1.66139 -0.445168 1.00805
      vertex -1.66139 -0.445168 0.333461
    endloop
  endfacet
  facet normal 0.973891 0.227017 0
    outer loop
      vertex -1.68048 -0.363311 1.71369
      vertex -1.68695 -0.335555 1.04105
      vertex -1.68695 -0.335555 1.71514
    endloop
  endfacet
  facet normal 0.973868 0.227117 4.36081e-06
    outer loop
      vertex -1.66139 -0.445168 1.70806
      vertex -1.68695 -0.335555 1.04105
      vertex -1.68048 -0.363311 1.71369
    endloop
  endfacet
  facet normal 0.973873 0.227092 0
    outer loop
      vertex -1.68695 -0.335555 1.04105
      vertex -1.66139 -0.445168 1.70806
      vertex -1.66139 -0.445168 1.03347
    endloop
  endfacet
  facet normal 0.973879 0.227066 0
    outer loop
      vertex -1.67915 -0.369009 2.41331
      vertex -1.68695 -0.335555 1.74106
      vertex -1.68695 -0.335555 2.41506
    endloop
  endfacet
  facet normal 0.973871 0.227103 1.94953e-06
    outer loop
      vertex -1.66139 -0.445168 2.40808
      vertex -1.68695 -0.335555 1.74106
      vertex -1.67915 -0.369009 2.41331
    endloop
  endfacet
  facet normal 0.973873 0.227092 0
    outer loop
      vertex -1.68695 -0.335555 1.74106
      vertex -1.66139 -0.445168 2.40808
      vertex -1.66139 -0.445168 1.73349
    endloop
  endfacet
  facet normal 0.973875 0.227084 0
    outer loop
      vertex -1.67782 -0.37471 3.11293
      vertex -1.68695 -0.335555 2.44108
      vertex -1.68695 -0.335555 3.11498
    endloop
  endfacet
  facet normal 0.973872 0.227096 7.19441e-07
    outer loop
      vertex -1.66139 -0.445168 3.10809
      vertex -1.68695 -0.335555 2.44108
      vertex -1.67782 -0.37471 3.11293
    endloop
  endfacet
  facet normal 0.973873 0.227092 0
    outer loop
      vertex -1.68695 -0.335555 2.44108
      vertex -1.66139 -0.445168 3.10809
      vertex -1.66139 -0.445168 2.4335
    endloop
  endfacet
  facet normal 0.973873 0.227092 0
    outer loop
      vertex -1.66139 -0.445168 3.2
      vertex -1.68695 -0.335555 3.1411
      vertex -1.68695 -0.335555 3.2
    endloop
  endfacet
  facet normal 0.973873 0.227092 0
    outer loop
      vertex -1.68695 -0.335555 3.1411
      vertex -1.66139 -0.445168 3.2
      vertex -1.66139 -0.445168 3.13351
    endloop
  endfacet
  facet normal -0.849226 -0.528029 0
    outer loop
      vertex 1.48956 0.86 0
      vertex 1.43013 0.955581 0.621522
      vertex 1.43013 0.955581 0
    endloop
  endfacet
  facet normal -0.849226 -0.528029 0
    outer loop
      vertex 1.43013 0.955581 0.621522
      vertex 1.48956 0.86 0
      vertex 1.48956 0.86 0.629079
    endloop
  endfacet
  facet normal -0.849226 -0.528029 0
    outer loop
      vertex 1.48956 0.86 0.654518
      vertex 1.43013 0.955581 1.32154
      vertex 1.43013 0.955581 0.646962
    endloop
  endfacet
  facet normal -0.849225 -0.52803 3.13996e-07
    outer loop
      vertex 1.43013 0.955581 1.32154
      vertex 1.48956 0.86 0.654518
      vertex 1.48804 0.862445 1.3289
    endloop
  endfacet
  facet normal -0.849264 -0.527968 0
    outer loop
      vertex 1.48804 0.862445 1.3289
      vertex 1.48956 0.86 0.654518
      vertex 1.48956 0.86 1.32904
    endloop
  endfacet
  facet normal -0.849226 -0.528029 0
    outer loop
      vertex 1.48956 0.86 1.35453
      vertex 1.43013 0.955581 2.02155
      vertex 1.43013 0.955581 1.34697
    endloop
  endfacet
  facet normal -0.849216 -0.528045 3.25876e-06
    outer loop
      vertex 1.43013 0.955581 2.02155
      vertex 1.48956 0.86 1.35453
      vertex 1.48496 0.867402 2.02852
    endloop
  endfacet
  facet normal -0.849349 -0.527831 0
    outer loop
      vertex 1.48496 0.867402 2.02852
      vertex 1.48956 0.86 1.35453
      vertex 1.48956 0.86 2.02896
    endloop
  endfacet
  facet normal -0.849226 -0.528029 0
    outer loop
      vertex 1.48956 0.86 2.05455
      vertex 1.43013 0.955581 2.72157
      vertex 1.43013 0.955581 2.04699
    endloop
  endfacet
  facet normal -0.8492 -0.528071 8.35247e-06
    outer loop
      vertex 1.43013 0.955581 2.72157
      vertex 1.48956 0.86 2.05455
      vertex 1.48188 0.872361 2.72814
    endloop
  endfacet
  facet normal -0.849404 -0.527743 0
    outer loop
      vertex 1.48188 0.872361 2.72814
      vertex 1.48956 0.86 2.05455
      vertex 1.48956 0.86 2.72888
    endloop
  endfacet
  facet normal -0.849226 -0.528029 0
    outer loop
      vertex 1.48956 0.86 2.75457
      vertex 1.43013 0.955581 3.2
      vertex 1.43013 0.955581 2.747
    endloop
  endfacet
  facet normal -0.849226 -0.528029 0
    outer loop
      vertex 1.43013 0.955581 3.2
      vertex 1.48956 0.86 2.75457
      vertex 1.48956 0.86 3.2
    endloop
  endfacet
  facet normal -0.0327718 0.999463 0
    outer loop
      vertex 0.112493 -1.71632 0
      vertex 0.0829103 -1.71729 0.157034
      vertex 0.112493 -1.71632 0.155066
    endloop
  endfacet
  facet normal -0.0327065 0.999465 1.23119e-05
    outer loop
      vertex 0.0829103 -1.71729 0.157034
      vertex 0.112493 -1.71632 0
      vertex 0.0404347 -1.71868 0.159192
    endloop
  endfacet
  facet normal -0.0326957 0.999465 1.72421e-05
    outer loop
      vertex 0 -1.72 0
      vertex 0.0404347 -1.71868 0.159192
      vertex 0.112493 -1.71632 0
    endloop
  endfacet
  facet normal -0.0326278 0.999468 0
    outer loop
      vertex 0.0404347 -1.71868 0.159192
      vertex 0 -1.72 0
      vertex 0 -1.72 0.161942
    endloop
  endfacet
  facet normal -0.0324794 0.999472 -3.65136e-05
    outer loop
      vertex 0 -1.72 0.188102
      vertex 0.0887964 -1.71709 0.856654
      vertex 0.112493 -1.71632 0.855079
    endloop
  endfacet
  facet normal -0.0328001 0.999462 0
    outer loop
      vertex 0.0463164 -1.71848 0.858811
      vertex 0 -1.72 0.188102
      vertex 0 -1.72 0.86196
    endloop
  endfacet
  facet normal -0.0327041 0.999465 -6.6349e-06
    outer loop
      vertex 0.0887964 -1.71709 0.856654
      vertex 0 -1.72 0.188102
      vertex 0.0463164 -1.71848 0.858811
    endloop
  endfacet
  facet normal -0.0326957 0.999465 0
    outer loop
      vertex 0 -1.72 0.188102
      vertex 0.112493 -1.71632 0.855079
      vertex 0.112493 -1.71632 0.180491
    endloop
  endfacet
  facet normal -0.0325596 0.99947 -2.298e-05
    outer loop
      vertex 0 -1.72 0.88812
      vertex 0.0946881 -1.7169 1.55627
      vertex 0.112493 -1.71632 1.55509
    endloop
  endfacet
  facet normal -0.0327471 0.999464 0
    outer loop
      vertex 0.0521904 -1.71829 1.55843
      vertex 0 -1.72 0.88812
      vertex 0 -1.72 1.56198
    endloop
  endfacet
  facet normal -0.0326904 0.999466 -4.4177e-06
    outer loop
      vertex 0.0946881 -1.7169 1.55627
      vertex 0 -1.72 0.88812
      vertex 0.0521904 -1.71829 1.55843
    endloop
  endfacet
  facet normal -0.0326957 0.999465 0
    outer loop
      vertex 0 -1.72 0.88812
      vertex 0.112493 -1.71632 1.55509
      vertex 0.112493 -1.71632 0.880506
    endloop
  endfacet
  facet normal -0.0327308 0.999464 0
    outer loop
      vertex 0.112493 -1.71632 1.58052
      vertex 0.100584 -1.71671 2.25589
      vertex 0.112493 -1.71632 2.2551
    endloop
  endfacet
  facet normal -0.03271 0.999465 0
    outer loop
      vertex 0.0580552 -1.7181 2.25805
      vertex 0 -1.72 1.58814
      vertex 0 -1.72 2.26199
    endloop
  endfacet
  facet normal -0.0326665 0.999466 -3.77184e-06
    outer loop
      vertex 0.100584 -1.71671 2.25589
      vertex 0 -1.72 1.58814
      vertex 0.0580552 -1.7181 2.25805
    endloop
  endfacet
  facet normal -0.0326956 0.999465 6.21014e-07
    outer loop
      vertex 0.100584 -1.71671 2.25589
      vertex 0.112493 -1.71632 1.58052
      vertex 0 -1.72 1.58814
    endloop
  endfacet
  facet normal -0.031614 0.9995 0
    outer loop
      vertex 0.112493 -1.71632 2.28054
      vertex 0.106486 -1.71651 2.95551
      vertex 0.112493 -1.71632 2.95511
    endloop
  endfacet
  facet normal -0.0326831 0.999466 0
    outer loop
      vertex 0.0639132 -1.71791 2.95767
      vertex 0 -1.72 2.28816
      vertex 0 -1.72 2.96201
    endloop
  endfacet
  facet normal -0.0328662 0.99946 1.74944e-05
    outer loop
      vertex 0.106486 -1.71651 2.95551
      vertex 0 -1.72 2.28816
      vertex 0.0639132 -1.71791 2.95767
    endloop
  endfacet
  facet normal -0.0326963 0.999465 -9.64238e-06
    outer loop
      vertex 0.106486 -1.71651 2.95551
      vertex 0.112493 -1.71632 2.28054
      vertex 0 -1.72 2.28816
    endloop
  endfacet
  facet normal -0.0326957 0.999465 0
    outer loop
      vertex 0.112493 -1.71632 3.2
      vertex 0 -1.72 2.98817
      vertex 0 -1.72 3.2
    endloop
  endfacet
  facet normal -0.0326957 0.999465 0
    outer loop
      vertex 0 -1.72 2.98817
      vertex 0.112493 -1.71632 3.2
      vertex 0.112493 -1.71632 2.98055
    endloop
  endfacet
  facet normal -0.935908 -0.352246 0
    outer loop
      vertex 1.58907 0.658215 0
      vertex 1.60599 0.613259 0.646767
      vertex 1.58907 0.658215 0.643566
    endloop
  endfacet
  facet normal -0.935897 -0.352275 -2.32869e-06
    outer loop
      vertex 1.62872 0.552876 0
      vertex 1.60599 0.613259 0.646767
      vertex 1.58907 0.658215 0
    endloop
  endfacet
  facet normal -0.935871 -0.352343 4.92664e-06
    outer loop
      vertex 1.60599 0.613259 0.646767
      vertex 1.62872 0.552876 0
      vertex 1.62099 0.573417 0.648934
    endloop
  endfacet
  facet normal -0.935922 -0.352207 0
    outer loop
      vertex 1.62099 0.573417 0.648934
      vertex 1.62872 0.552876 0
      vertex 1.62872 0.552876 0.650427
    endloop
  endfacet
  facet normal -0.935897 -0.352275 0
    outer loop
      vertex 1.62872 0.552876 1.37661
      vertex 1.58907 0.658215 2.04359
      vertex 1.58907 0.658215 1.369
    endloop
  endfacet
  facet normal -0.935904 -0.352256 -3.4053e-06
    outer loop
      vertex 1.58907 0.658215 2.04359
      vertex 1.62872 0.552876 1.37661
      vertex 1.60185 0.62426 2.04601
    endloop
  endfacet
  facet normal -0.935857 -0.352381 1.17478e-05
    outer loop
      vertex 1.60185 0.62426 2.04601
      vertex 1.62872 0.552876 1.37661
      vertex 1.61683 0.584476 2.04817
    endloop
  endfacet
  facet normal -0.935939 -0.352162 0
    outer loop
      vertex 1.61683 0.584476 2.04817
      vertex 1.62872 0.552876 1.37661
      vertex 1.62872 0.552876 2.05046
    endloop
  endfacet
  facet normal -0.935897 -0.352275 0
    outer loop
      vertex 1.62872 0.552876 0.676587
      vertex 1.58907 0.658215 1.34358
      vertex 1.58907 0.658215 0.668986
    endloop
  endfacet
  facet normal -0.935913 -0.352231 -7.93167e-06
    outer loop
      vertex 1.58907 0.658215 1.34358
      vertex 1.62872 0.552876 0.676587
      vertex 1.60392 0.618757 1.34639
    endloop
  endfacet
  facet normal -0.935846 -0.352408 1.19608e-05
    outer loop
      vertex 1.60392 0.618757 1.34639
      vertex 1.62872 0.552876 0.676587
      vertex 1.61891 0.57895 1.34855
    endloop
  endfacet
  facet normal -0.935948 -0.352138 0
    outer loop
      vertex 1.61891 0.57895 1.34855
      vertex 1.62872 0.552876 0.676587
      vertex 1.62872 0.552876 1.35045
    endloop
  endfacet
  facet normal -0.935897 -0.352275 0
    outer loop
      vertex 1.62872 0.552876 2.07662
      vertex 1.58907 0.658215 2.74361
      vertex 1.58907 0.658215 2.06902
    endloop
  endfacet
  facet normal -0.93587 -0.352345 1.25426e-05
    outer loop
      vertex 1.58907 0.658215 2.74361
      vertex 1.62872 0.552876 2.07662
      vertex 1.59978 0.629768 2.74563
    endloop
  endfacet
  facet normal -0.935908 -0.352245 -5.33387e-07
    outer loop
      vertex 1.59978 0.629768 2.74563
      vertex 1.62872 0.552876 2.07662
      vertex 1.61475 0.589993 2.74779
    endloop
  endfacet
  facet normal -0.935905 -0.352253 0
    outer loop
      vertex 1.61475 0.589993 2.74779
      vertex 1.62872 0.552876 2.07662
      vertex 1.62872 0.552876 2.75048
    endloop
  endfacet
  facet normal -0.935897 -0.352275 0
    outer loop
      vertex 1.62872 0.552876 2.77664
      vertex 1.58907 0.658215 3.2
      vertex 1.58907 0.658215 2.76903
    endloop
  endfacet
  facet normal -0.935897 -0.352275 0
    outer loop
      vertex 1.58907 0.658215 3.2
      vertex 1.62872 0.552876 2.77664
      vertex 1.62872 0.552876 3.2
    endloop
  endfacet
  facet normal 0.227092 0.973873 0
    outer loop
      vertex -0.445168 -1.66139 0
      vertex -0.335555 -1.68695 0.184012
      vertex -0.335555 -1.68695 0
    endloop
  endfacet
  facet normal 0.227092 0.973873 0
    outer loop
      vertex -0.335555 -1.68695 0.184012
      vertex -0.445168 -1.66139 0
      vertex -0.445168 -1.66139 0.191571
    endloop
  endfacet
  facet normal 0.227092 0.973873 0
    outer loop
      vertex -0.335555 -1.68695 0.884028
      vertex -0.445168 -1.66139 0.217008
      vertex -0.445168 -1.66139 0.891583
    endloop
  endfacet
  facet normal 0.227098 0.973872 -1.00386e-06
    outer loop
      vertex -0.335555 -1.68695 0.884028
      vertex -0.336287 -1.68678 0.209505
      vertex -0.445168 -1.66139 0.217008
    endloop
  endfacet
  facet normal 0.22622 0.974076 0
    outer loop
      vertex -0.336287 -1.68678 0.209505
      vertex -0.335555 -1.68695 0.884028
      vertex -0.335555 -1.68695 0.209466
    endloop
  endfacet
  facet normal 0.2271 0.973871 -1.50622e-06
    outer loop
      vertex -0.445168 -1.66139 0.917025
      vertex -0.440232 -1.66254 1.59125
      vertex -0.335555 -1.68695 1.58404
    endloop
  endfacet
  facet normal 0.226905 0.973917 0
    outer loop
      vertex -0.440232 -1.66254 1.59125
      vertex -0.445168 -1.66139 0.917025
      vertex -0.445168 -1.66139 1.59151
    endloop
  endfacet
  facet normal 0.227092 0.973873 0
    outer loop
      vertex -0.445168 -1.66139 0.917025
      vertex -0.335555 -1.68695 1.58404
      vertex -0.335555 -1.68695 0.909466
    endloop
  endfacet
  facet normal 0.227061 0.973881 5.35943e-06
    outer loop
      vertex -0.445168 -1.66139 1.61704
      vertex -0.434547 -1.66387 2.29087
      vertex -0.335555 -1.68695 2.28406
    endloop
  endfacet
  facet normal 0.227383 0.973805 0
    outer loop
      vertex -0.434547 -1.66387 2.29087
      vertex -0.445168 -1.66139 1.61704
      vertex -0.445168 -1.66139 2.29143
    endloop
  endfacet
  facet normal 0.227092 0.973873 0
    outer loop
      vertex -0.445168 -1.66139 1.61704
      vertex -0.335555 -1.68695 2.28406
      vertex -0.335555 -1.68695 1.60948
    endloop
  endfacet
  facet normal 0.227025 0.973889 1.14805e-05
    outer loop
      vertex -0.445168 -1.66139 2.31706
      vertex -0.428858 -1.6652 2.99049
      vertex -0.335555 -1.68695 2.98407
    endloop
  endfacet
  facet normal 0.227475 0.973784 0
    outer loop
      vertex -0.428858 -1.6652 2.99049
      vertex -0.445168 -1.66139 2.31706
      vertex -0.445168 -1.66139 2.99135
    endloop
  endfacet
  facet normal 0.227092 0.973873 0
    outer loop
      vertex -0.445168 -1.66139 2.31706
      vertex -0.335555 -1.68695 2.98407
      vertex -0.335555 -1.68695 2.30949
    endloop
  endfacet
  facet normal 0.227092 0.973873 0
    outer loop
      vertex -0.335555 -1.68695 3.2
      vertex -0.445168 -1.66139 3.01707
      vertex -0.445168 -1.66139 3.2
    endloop
  endfacet
  facet normal 0.227092 0.973873 0
    outer loop
      vertex -0.445168 -1.66139 3.01707
      vertex -0.335555 -1.68695 3.2
      vertex -0.335555 -1.68695 3.0095
    endloop
  endfacet
  facet normal -0.162979 0.986629 0
    outer loop
      vertex 0.335555 -1.68695 0
      vertex 0.308616 -1.6914 0.141707
      vertex 0.335555 -1.68695 0.140329
    endloop
  endfacet
  facet normal -0.162942 0.986636 7.25335e-06
    outer loop
      vertex 0.224504 -1.70529 0
      vertex 0.308616 -1.6914 0.141707
      vertex 0.335555 -1.68695 0
    endloop
  endfacet
  facet normal -0.16293 0.986638 0
    outer loop
      vertex 0.308616 -1.6914 0.141707
      vertex 0.224504 -1.70529 0
      vertex 0.224504 -1.70529 0.14749
    endloop
  endfacet
  facet normal -0.162941 0.986636 0
    outer loop
      vertex 0.314363 -1.69045 0.84133
      vertex 0.224504 -1.70529 0.173325
      vertex 0.224504 -1.70529 0.847507
    endloop
  endfacet
  facet normal -0.162949 0.986635 9.24774e-06
    outer loop
      vertex 0.243483 -1.70215 0.172355
      vertex 0.314363 -1.69045 0.84133
      vertex 0.335555 -1.68695 0.840247
    endloop
  endfacet
  facet normal -0.163225 0.986589 3.93315e-05
    outer loop
      vertex 0.314363 -1.69045 0.84133
      vertex 0.243483 -1.70215 0.172355
      vertex 0.224504 -1.70529 0.173325
    endloop
  endfacet
  facet normal -0.162883 0.986645 0
    outer loop
      vertex 0.243483 -1.70215 0.172355
      vertex 0.335555 -1.68695 0.840247
      vertex 0.335555 -1.68695 0.166028
    endloop
  endfacet
  facet normal -0.16296 0.986633 0
    outer loop
      vertex 0.320104 -1.6895 1.54095
      vertex 0.224504 -1.70529 0.873244
      vertex 0.224504 -1.70529 1.54752
    endloop
  endfacet
  facet normal -0.162835 0.986653 -4.07325e-06
    outer loop
      vertex 0.249228 -1.7012 0.871979
      vertex 0.320104 -1.6895 1.54095
      vertex 0.335555 -1.68695 1.54017
    endloop
  endfacet
  facet normal -0.163206 0.986592 3.63114e-05
    outer loop
      vertex 0.320104 -1.6895 1.54095
      vertex 0.249228 -1.7012 0.871979
      vertex 0.224504 -1.70529 0.873244
    endloop
  endfacet
  facet normal -0.162866 0.986648 0
    outer loop
      vertex 0.249228 -1.7012 0.871979
      vertex 0.335555 -1.68695 1.54017
      vertex 0.335555 -1.68695 0.866045
    endloop
  endfacet
  facet normal -0.162987 0.986628 0
    outer loop
      vertex 0.325838 -1.68855 2.24058
      vertex 0.224504 -1.70529 1.57316
      vertex 0.224504 -1.70529 2.24754
    endloop
  endfacet
  facet normal -0.162474 0.986713 -4.7721e-05
    outer loop
      vertex 0.25498 -1.70025 1.5716
      vertex 0.325838 -1.68855 2.24058
      vertex 0.335555 -1.68695 2.24008
    endloop
  endfacet
  facet normal -0.163159 0.9866 2.67183e-05
    outer loop
      vertex 0.325838 -1.68855 2.24058
      vertex 0.25498 -1.70025 1.5716
      vertex 0.224504 -1.70529 1.57316
    endloop
  endfacet
  facet normal -0.16286 0.986649 0
    outer loop
      vertex 0.25498 -1.70025 1.5716
      vertex 0.335555 -1.68695 2.24008
      vertex 0.335555 -1.68695 1.56606
    endloop
  endfacet
  facet normal -0.162931 0.986637 0
    outer loop
      vertex 0.331566 -1.68761 2.9402
      vertex 0.224504 -1.70529 2.27308
      vertex 0.224504 -1.70529 2.94756
    endloop
  endfacet
  facet normal -0.163234 0.986587 4.20749e-05
    outer loop
      vertex 0.260739 -1.6993 2.27122
      vertex 0.331566 -1.68761 2.9402
      vertex 0.335555 -1.68695 2.94
    endloop
  endfacet
  facet normal -0.163095 0.98661 2.69838e-05
    outer loop
      vertex 0.331566 -1.68761 2.9402
      vertex 0.260739 -1.6993 2.27122
      vertex 0.224504 -1.70529 2.27308
    endloop
  endfacet
  facet normal -0.162868 0.986648 0
    outer loop
      vertex 0.260739 -1.6993 2.27122
      vertex 0.335555 -1.68695 2.94
      vertex 0.335555 -1.68695 2.26608
    endloop
  endfacet
  facet normal -0.162942 0.986636 1.4627e-05
    outer loop
      vertex 0.266506 -1.69835 2.97085
      vertex 0.224504 -1.70529 3.2
      vertex 0.335555 -1.68695 3.2
    endloop
  endfacet
  facet normal -0.16302 0.986623 0
    outer loop
      vertex 0.224504 -1.70529 3.2
      vertex 0.266506 -1.69835 2.97085
      vertex 0.224504 -1.70529 2.973
    endloop
  endfacet
  facet normal -0.162895 0.986643 0
    outer loop
      vertex 0.266506 -1.69835 2.97085
      vertex 0.335555 -1.68695 3.2
      vertex 0.335555 -1.68695 2.96609
    endloop
  endfacet
  facet normal 0.412724 0.910856 -0
    outer loop
      vertex -0.658215 -1.58907 0
      vertex -0.705311 -1.56773 0.209505
      vertex -0.658215 -1.58907 0.206058
    endloop
  endfacet
  facet normal 0.412695 0.910869 -8.01259e-06
    outer loop
      vertex -0.760736 -1.54262 0
      vertex -0.705311 -1.56773 0.209505
      vertex -0.658215 -1.58907 0
    endloop
  endfacet
  facet normal 0.412671 0.91088 -3.3786e-07
    outer loop
      vertex -0.705311 -1.56773 0.209505
      vertex -0.760736 -1.54262 0
      vertex -0.744115 -1.55015 0.211674
    endloop
  endfacet
  facet normal 0.412667 0.910882 0
    outer loop
      vertex -0.744115 -1.55015 0.211674
      vertex -0.760736 -1.54262 0
      vertex -0.760736 -1.54262 0.212916
    endloop
  endfacet
  facet normal 0.412612 0.910907 1.53998e-05
    outer loop
      vertex -0.760736 -1.54262 0.239077
      vertex -0.699962 -1.57016 0.909125
      vertex -0.658215 -1.58907 0.906072
    endloop
  endfacet
  facet normal 0.412587 0.910918 0
    outer loop
      vertex -0.738724 -1.55259 0.911291
      vertex -0.760736 -1.54262 0.239077
      vertex -0.760736 -1.54262 0.912934
    endloop
  endfacet
  facet normal 0.412846 0.910801 -1.02475e-05
    outer loop
      vertex -0.699962 -1.57016 0.909125
      vertex -0.760736 -1.54262 0.239077
      vertex -0.738724 -1.55259 0.911291
    endloop
  endfacet
  facet normal 0.412695 0.910869 0
    outer loop
      vertex -0.760736 -1.54262 0.239077
      vertex -0.658215 -1.58907 0.906072
      vertex -0.658215 -1.58907 0.231477
    endloop
  endfacet
  facet normal 0.412709 0.910863 -2.59711e-06
    outer loop
      vertex -0.760736 -1.54262 0.939094
      vertex -0.694609 -1.57258 1.60874
      vertex -0.658215 -1.58907 1.60608
    endloop
  endfacet
  facet normal 0.41265 0.91089 0
    outer loop
      vertex -0.733342 -1.55503 1.61091
      vertex -0.760736 -1.54262 0.939094
      vertex -0.760736 -1.54262 1.61295
    endloop
  endfacet
  facet normal 0.412713 0.910861 -3.07929e-06
    outer loop
      vertex -0.694609 -1.57258 1.60874
      vertex -0.760736 -1.54262 0.939094
      vertex -0.733342 -1.55503 1.61091
    endloop
  endfacet
  facet normal 0.412695 0.910869 0
    outer loop
      vertex -0.760736 -1.54262 0.939094
      vertex -0.658215 -1.58907 1.60608
      vertex -0.658215 -1.58907 0.931492
    endloop
  endfacet
  facet normal 0.412642 0.910893 9.72072e-06
    outer loop
      vertex -0.760736 -1.54262 1.63911
      vertex -0.689252 -1.57501 2.30836
      vertex -0.658215 -1.58907 2.3061
    endloop
  endfacet
  facet normal 0.412766 0.910837 0
    outer loop
      vertex -0.727967 -1.55747 2.31052
      vertex -0.760736 -1.54262 1.63911
      vertex -0.760736 -1.54262 2.31297
    endloop
  endfacet
  facet normal 0.412677 0.910877 5.22425e-06
    outer loop
      vertex -0.689252 -1.57501 2.30836
      vertex -0.760736 -1.54262 1.63911
      vertex -0.727967 -1.55747 2.31052
    endloop
  endfacet
  facet normal 0.412695 0.910869 0
    outer loop
      vertex -0.760736 -1.54262 1.63911
      vertex -0.658215 -1.58907 2.3061
      vertex -0.658215 -1.58907 1.63151
    endloop
  endfacet
  facet normal 0.412614 0.910906 1.49668e-05
    outer loop
      vertex -0.760736 -1.54262 2.33913
      vertex -0.68389 -1.57744 3.00798
      vertex -0.658215 -1.58907 3.00611
    endloop
  endfacet
  facet normal 0.412723 0.910857 0
    outer loop
      vertex -0.7226 -1.5599 3.01014
      vertex -0.760736 -1.54262 2.33913
      vertex -0.760736 -1.54262 3.01299
    endloop
  endfacet
  facet normal 0.412721 0.910857 1.17453e-07
    outer loop
      vertex -0.68389 -1.57744 3.00798
      vertex -0.760736 -1.54262 2.33913
      vertex -0.7226 -1.5599 3.01014
    endloop
  endfacet
  facet normal 0.412695 0.910869 0
    outer loop
      vertex -0.760736 -1.54262 2.33913
      vertex -0.658215 -1.58907 3.00611
      vertex -0.658215 -1.58907 2.33152
    endloop
  endfacet
  facet normal 0.412695 0.910869 0
    outer loop
      vertex -0.658215 -1.58907 3.2
      vertex -0.760736 -1.54262 3.03915
      vertex -0.760736 -1.54262 3.2
    endloop
  endfacet
  facet normal 0.412695 0.910869 0
    outer loop
      vertex -0.760736 -1.54262 3.03915
      vertex -0.658215 -1.58907 3.2
      vertex -0.658215 -1.58907 3.03154
    endloop
  endfacet
  facet normal -0.882149 -0.47097 0
    outer loop
      vertex 1.48956 0.86 0
      vertex 1.49097 0.857359 0.629277
      vertex 1.48956 0.86 0.629079
    endloop
  endfacet
  facet normal -0.881851 -0.471528 -3.01253e-06
    outer loop
      vertex 1.48956 0.86 0
      vertex 1.51107 0.819768 0.631434
      vertex 1.49097 0.857359 0.629277
    endloop
  endfacet
  facet normal -0.881913 -0.471413 6.45437e-06
    outer loop
      vertex 1.54262 0.760736 0
      vertex 1.51107 0.819768 0.631434
      vertex 1.48956 0.86 0
    endloop
  endfacet
  facet normal -0.881942 -0.471359 0
    outer loop
      vertex 1.51107 0.819768 0.631434
      vertex 1.54262 0.760736 0
      vertex 1.54262 0.760736 0.635979
    endloop
  endfacet
  facet normal -0.881905 -0.471428 0
    outer loop
      vertex 1.54214 0.761638 0.662073
      vertex 1.48956 0.86 1.32904
      vertex 1.48956 0.86 0.654518
    endloop
  endfacet
  facet normal -0.881895 -0.471447 3.61028e-06
    outer loop
      vertex 1.48956 0.86 1.32904
      vertex 1.54214 0.761638 0.662073
      vertex 1.50831 0.824926 1.33106
    endloop
  endfacet
  facet normal -0.882781 -0.469784 -0.000198493
    outer loop
      vertex 1.54262 0.760736 0.662125
      vertex 1.50831 0.824926 1.33106
      vertex 1.54214 0.761638 0.662073
    endloop
  endfacet
  facet normal -0.881923 -0.471394 0
    outer loop
      vertex 1.50831 0.824926 1.33106
      vertex 1.54262 0.760736 0.662125
      vertex 1.54262 0.760736 1.336
    endloop
  endfacet
  facet normal -0.881925 -0.471389 0
    outer loop
      vertex 1.5394 0.766754 1.3617
      vertex 1.48956 0.86 2.02896
      vertex 1.48956 0.86 1.35453
    endloop
  endfacet
  facet normal -0.881838 -0.471553 2.95046e-05
    outer loop
      vertex 1.48956 0.86 2.02896
      vertex 1.5394 0.766754 1.3617
      vertex 1.50556 0.830079 2.03068
    endloop
  endfacet
  facet normal -0.881721 -0.471772 5.60692e-05
    outer loop
      vertex 1.54262 0.760736 1.36204
      vertex 1.50556 0.830079 2.03068
      vertex 1.5394 0.766754 1.3617
    endloop
  endfacet
  facet normal -0.881946 -0.471351 0
    outer loop
      vertex 1.50556 0.830079 2.03068
      vertex 1.54262 0.760736 1.36204
      vertex 1.54262 0.760736 2.03601
    endloop
  endfacet
  facet normal -0.881891 -0.471453 0
    outer loop
      vertex 1.53667 0.771877 2.06132
      vertex 1.48956 0.86 2.72888
      vertex 1.48956 0.86 2.05455
    endloop
  endfacet
  facet normal -0.881827 -0.471573 2.03867e-05
    outer loop
      vertex 1.48956 0.86 2.72888
      vertex 1.53667 0.771877 2.06132
      vertex 1.50281 0.835223 2.7303
    endloop
  endfacet
  facet normal -0.882084 -0.471091 -3.8322e-05
    outer loop
      vertex 1.54262 0.760736 2.06196
      vertex 1.50281 0.835223 2.7303
      vertex 1.53667 0.771877 2.06132
    endloop
  endfacet
  facet normal -0.881942 -0.471359 0
    outer loop
      vertex 1.50281 0.835223 2.7303
      vertex 1.54262 0.760736 2.06196
      vertex 1.54262 0.760736 2.73603
    endloop
  endfacet
  facet normal -0.881929 -0.471382 0
    outer loop
      vertex 1.53392 0.777005 2.76095
      vertex 1.48956 0.86 3.2
      vertex 1.48956 0.86 2.75457
    endloop
  endfacet
  facet normal -0.88183 -0.471567 -0
    outer loop
      vertex 1.54262 0.760736 3.2
      vertex 1.53392 0.777005 2.76095
      vertex 1.54262 0.760736 2.76188
    endloop
  endfacet
  facet normal -0.881913 -0.471413 7.35894e-06
    outer loop
      vertex 1.53392 0.777005 2.76095
      vertex 1.54262 0.760736 3.2
      vertex 1.48956 0.86 3.2
    endloop
  endfacet
  facet normal -0.528029 0.849226 0
    outer loop
      vertex 0.86 -1.48956 0
      vertex 0.955581 -1.43013 0.0965102
      vertex 0.955581 -1.43013 0
    endloop
  endfacet
  facet normal -0.528029 0.849226 0
    outer loop
      vertex 0.955581 -1.43013 0.0965102
      vertex 0.86 -1.48956 0
      vertex 0.86 -1.48956 0.10407
    endloop
  endfacet
  facet normal -0.528029 0.849226 0
    outer loop
      vertex 0.955581 -1.43013 0.796526
      vertex 0.86 -1.48956 0.129507
      vertex 0.86 -1.48956 0.804081
    endloop
  endfacet
  facet normal -0.528047 0.849215 3.59282e-06
    outer loop
      vertex 0.955581 -1.43013 0.796526
      vertex 0.954322 -1.43091 0.122053
      vertex 0.86 -1.48956 0.129507
    endloop
  endfacet
  facet normal -0.526657 0.850078 0
    outer loop
      vertex 0.954322 -1.43091 0.122053
      vertex 0.955581 -1.43013 0.796526
      vertex 0.955581 -1.43013 0.121977
    endloop
  endfacet
  facet normal -0.528033 0.849224 8.16882e-07
    outer loop
      vertex 0.86 -1.48956 0.829522
      vertex 0.863684 -1.48727 1.5038
      vertex 0.955581 -1.43013 1.49654
    endloop
  endfacet
  facet normal -0.527925 0.849291 0
    outer loop
      vertex 0.863684 -1.48727 1.5038
      vertex 0.86 -1.48956 0.829522
      vertex 0.86 -1.48956 1.50402
    endloop
  endfacet
  facet normal -0.528029 0.849226 0
    outer loop
      vertex 0.86 -1.48956 0.829522
      vertex 0.955581 -1.43013 1.49654
      vertex 0.955581 -1.43013 0.821964
    endloop
  endfacet
  facet normal -0.528048 0.849214 3.83234e-06
    outer loop
      vertex 0.86 -1.48956 1.52954
      vertex 0.868641 -1.48419 2.20342
      vertex 0.955581 -1.43013 2.19656
    endloop
  endfacet
  facet normal -0.527833 0.849348 0
    outer loop
      vertex 0.868641 -1.48419 2.20342
      vertex 0.86 -1.48956 1.52954
      vertex 0.86 -1.48956 2.20394
    endloop
  endfacet
  facet normal -0.528029 0.849226 0
    outer loop
      vertex 0.86 -1.48956 1.52954
      vertex 0.955581 -1.43013 2.19656
      vertex 0.955581 -1.43013 1.52198
    endloop
  endfacet
  facet normal -0.528079 0.849195 9.95035e-06
    outer loop
      vertex 0.86 -1.48956 2.22955
      vertex 0.873601 -1.48111 2.90304
      vertex 0.955581 -1.43013 2.89657
    endloop
  endfacet
  facet normal -0.527723 0.849416 0
    outer loop
      vertex 0.873601 -1.48111 2.90304
      vertex 0.86 -1.48956 2.22955
      vertex 0.86 -1.48956 2.90386
    endloop
  endfacet
  facet normal -0.528029 0.849226 0
    outer loop
      vertex 0.86 -1.48956 2.22955
      vertex 0.955581 -1.43013 2.89657
      vertex 0.955581 -1.43013 2.22199
    endloop
  endfacet
  facet normal -0.528029 0.849226 0
    outer loop
      vertex 0.955581 -1.43013 3.2
      vertex 0.86 -1.48956 2.92957
      vertex 0.86 -1.48956 3.2
    endloop
  endfacet
  facet normal -0.528029 0.849226 0
    outer loop
      vertex 0.86 -1.48956 2.92957
      vertex 0.955581 -1.43013 3.2
      vertex 0.955581 -1.43013 2.922
    endloop
  endfacet
  facet normal 0.412695 -0.910869 0
    outer loop
      vertex -0.658215 1.58907 0
      vertex -0.760736 1.54262 0.460975
      vertex -0.760736 1.54262 0
    endloop
  endfacet
  facet normal 0.412695 -0.910869 0
    outer loop
      vertex -0.760736 1.54262 0.460975
      vertex -0.658215 1.58907 0
      vertex -0.658215 1.58907 0.468563
    endloop
  endfacet
  facet normal 0.412695 -0.910869 0
    outer loop
      vertex -0.760736 1.54262 1.86101
      vertex -0.658215 1.58907 1.194
      vertex -0.658215 1.58907 1.86859
    endloop
  endfacet
  facet normal 0.412635 -0.910896 -1.10181e-05
    outer loop
      vertex -0.760736 1.54262 1.86101
      vertex -0.72667 1.55806 1.18897
      vertex -0.658215 1.58907 1.194
    endloop
  endfacet
  facet normal 0.412816 -0.910815 0
    outer loop
      vertex -0.72667 1.55806 1.18897
      vertex -0.760736 1.54262 1.86101
      vertex -0.760736 1.54262 1.18706
    endloop
  endfacet
  facet normal 0.412695 -0.910869 0
    outer loop
      vertex -0.760736 1.54262 1.16099
      vertex -0.658215 1.58907 0.493983
      vertex -0.658215 1.58907 1.16858
    endloop
  endfacet
  facet normal 0.41271 -0.910863 2.78435e-06
    outer loop
      vertex -0.760736 1.54262 1.16099
      vertex -0.721336 1.56047 0.489353
      vertex -0.658215 1.58907 0.493983
    endloop
  endfacet
  facet normal 0.412676 -0.910878 4.26303e-07
    outer loop
      vertex -0.760736 1.54262 1.16099
      vertex -0.760338 1.5428 0.487168
      vertex -0.721336 1.56047 0.489353
    endloop
  endfacet
  facet normal 0.412077 -0.911149 0
    outer loop
      vertex -0.760338 1.5428 0.487168
      vertex -0.760736 1.54262 1.16099
      vertex -0.760736 1.54262 0.487138
    endloop
  endfacet
  facet normal 0.412695 -0.910869 0
    outer loop
      vertex -0.760736 1.54262 2.56103
      vertex -0.658215 1.58907 1.89401
      vertex -0.658215 1.58907 2.5686
    endloop
  endfacet
  facet normal 0.412691 -0.910871 -6.62861e-07
    outer loop
      vertex -0.760736 1.54262 2.56103
      vertex -0.732 1.55564 1.88859
      vertex -0.658215 1.58907 1.89401
    endloop
  endfacet
  facet normal 0.412704 -0.910865 0
    outer loop
      vertex -0.732 1.55564 1.88859
      vertex -0.760736 1.54262 2.56103
      vertex -0.760736 1.54262 1.88698
    endloop
  endfacet
  facet normal 0.412695 -0.910869 0
    outer loop
      vertex -0.760736 1.54262 3.2
      vertex -0.658215 1.58907 2.59403
      vertex -0.658215 1.58907 3.2
    endloop
  endfacet
  facet normal 0.412649 -0.91089 -9.24564e-06
    outer loop
      vertex -0.760736 1.54262 3.2
      vertex -0.737329 1.55323 2.58821
      vertex -0.658215 1.58907 2.59403
    endloop
  endfacet
  facet normal 0.41285 -0.910799 0
    outer loop
      vertex -0.737329 1.55323 2.58821
      vertex -0.760736 1.54262 3.2
      vertex -0.760736 1.54262 2.5869
    endloop
  endfacet
  facet normal -0.999464 0.032741 0
    outer loop
      vertex 1.71911 -0.0271685 0.0149458
      vertex 1.72 0 0.686955
      vertex 1.72 0 0.0130974
    endloop
  endfacet
  facet normal -0.999466 0.0326778 2.55709e-06
    outer loop
      vertex 1.71772 -0.0696825 0.0171097
      vertex 1.72 0 0.686955
      vertex 1.71911 -0.0271685 0.0149458
    endloop
  endfacet
  facet normal -0.999466 0.0326849 1.81512e-06
    outer loop
      vertex 1.71632 -0.112493 0.0199623
      vertex 1.72 0 0.686955
      vertex 1.71772 -0.0696825 0.0171097
    endloop
  endfacet
  facet normal -0.999465 0.0326957 0
    outer loop
      vertex 1.72 0 0.686955
      vertex 1.71632 -0.112493 0.0199623
      vertex 1.71632 -0.112493 0.694556
    endloop
  endfacet
  facet normal -0.999458 0.0329113 0
    outer loop
      vertex 1.7193 -0.0212578 0.714563
      vertex 1.72 0 1.38697
      vertex 1.72 0 0.713116
    endloop
  endfacet
  facet normal -0.999467 0.0326481 8.32898e-06
    outer loop
      vertex 1.71791 -0.0638109 0.71673
      vertex 1.72 0 1.38697
      vertex 1.7193 -0.0212578 0.714563
    endloop
  endfacet
  facet normal -0.999467 0.032644 8.71321e-06
    outer loop
      vertex 1.71632 -0.112493 0.719976
      vertex 1.72 0 1.38697
      vertex 1.71791 -0.0638109 0.71673
    endloop
  endfacet
  facet normal -0.999465 0.0326957 0
    outer loop
      vertex 1.72 0 1.38697
      vertex 1.71632 -0.112493 0.719976
      vertex 1.71632 -0.112493 1.39457
    endloop
  endfacet
  facet normal -0.999469 0.03258 0
    outer loop
      vertex 1.7195 -0.0153387 1.41418
      vertex 1.72 0 2.08699
      vertex 1.72 0 1.41313
    endloop
  endfacet
  facet normal -0.999461 0.0328417 -5.97373e-06
    outer loop
      vertex 1.7181 -0.057944 1.41635
      vertex 1.72 0 2.08699
      vertex 1.7195 -0.0153387 1.41418
    endloop
  endfacet
  facet normal -0.999468 0.0326148 1.36576e-05
    outer loop
      vertex 1.71632 -0.112493 1.41999
      vertex 1.72 0 2.08699
      vertex 1.7181 -0.057944 1.41635
    endloop
  endfacet
  facet normal -0.999465 0.0326957 0
    outer loop
      vertex 1.72 0 2.08699
      vertex 1.71632 -0.112493 1.41999
      vertex 1.71632 -0.112493 2.09458
    endloop
  endfacet
  facet normal -0.999458 0.0329264 0
    outer loop
      vertex 1.71969 -0.00940983 2.11379
      vertex 1.72 0 2.78701
      vertex 1.72 0 2.11315
    endloop
  endfacet
  facet normal -0.999462 0.0327916 1.88679e-06
    outer loop
      vertex 1.71829 -0.0520809 2.11597
      vertex 1.72 0 2.78701
      vertex 1.71969 -0.00940983 2.11379
    endloop
  endfacet
  facet normal -0.999469 0.0325932 1.72997e-05
    outer loop
      vertex 1.71632 -0.112493 2.12
      vertex 1.72 0 2.78701
      vertex 1.71829 -0.0520809 2.11597
    endloop
  endfacet
  facet normal -0.999465 0.0326957 0
    outer loop
      vertex 1.72 0 2.78701
      vertex 1.71632 -0.112493 2.12
      vertex 1.71632 -0.112493 2.7946
    endloop
  endfacet
  facet normal -0.999499 0.031666 0
    outer loop
      vertex 1.71989 -0.00347201 2.81341
      vertex 1.72 0 3.2
      vertex 1.72 0 2.81317
    endloop
  endfacet
  facet normal -0.999464 0.0327305 -9.56983e-06
    outer loop
      vertex 1.71849 -0.046222 2.81559
      vertex 1.72 0 3.2
      vertex 1.71989 -0.00347201 2.81341
    endloop
  endfacet
  facet normal -0.999464 0.0327268 0
    outer loop
      vertex 1.71632 -0.112493 3.2
      vertex 1.71849 -0.046222 2.81559
      vertex 1.71632 -0.112493 2.82002
    endloop
  endfacet
  facet normal -0.999465 0.0326957 -5.37436e-06
    outer loop
      vertex 1.71849 -0.046222 2.81559
      vertex 1.71632 -0.112493 3.2
      vertex 1.72 0 3.2
    endloop
  endfacet
  facet normal -0.772963 0.634451 0
    outer loop
      vertex 1.29316 -1.13407 0
      vertex 1.36457 -1.04707 0.0599877
      vertex 1.36457 -1.04707 0
    endloop
  endfacet
  facet normal -0.772963 0.634451 0
    outer loop
      vertex 1.36457 -1.04707 0.0599877
      vertex 1.29316 -1.13407 0
      vertex 1.29316 -1.13407 0.0675637
    endloop
  endfacet
  facet normal -0.77298 0.634431 0
    outer loop
      vertex 1.34923 -1.06576 0.0870722
      vertex 1.36457 -1.04707 0.760005
      vertex 1.36457 -1.04707 0.0858358
    endloop
  endfacet
  facet normal -0.772958 0.634457 -1.22288e-06
    outer loop
      vertex 1.29316 -1.13407 0.0929892
      vertex 1.36457 -1.04707 0.760005
      vertex 1.34923 -1.06576 0.0870722
    endloop
  endfacet
  facet normal -0.772963 0.634451 0
    outer loop
      vertex 1.36457 -1.04707 0.760005
      vertex 1.29316 -1.13407 0.0929892
      vertex 1.29316 -1.13407 0.767577
    endloop
  endfacet
  facet normal -0.772984 0.634425 0
    outer loop
      vertex 1.35294 -1.06124 0.786691
      vertex 1.36457 -1.04707 1.46002
      vertex 1.36457 -1.04707 0.785754
    endloop
  endfacet
  facet normal -0.772959 0.634456 -1.09663e-06
    outer loop
      vertex 1.29316 -1.13407 0.793004
      vertex 1.36457 -1.04707 1.46002
      vertex 1.35294 -1.06124 0.786691
    endloop
  endfacet
  facet normal -0.772963 0.634451 0
    outer loop
      vertex 1.36457 -1.04707 1.46002
      vertex 1.29316 -1.13407 0.793004
      vertex 1.29316 -1.13407 1.46759
    endloop
  endfacet
  facet normal -0.7726 0.634893 0
    outer loop
      vertex 1.35664 -1.05672 1.48631
      vertex 1.36457 -1.04707 2.16004
      vertex 1.36457 -1.04707 1.48567
    endloop
  endfacet
  facet normal -0.773008 0.634397 1.19038e-05
    outer loop
      vertex 1.29316 -1.13407 1.49302
      vertex 1.36457 -1.04707 2.16004
      vertex 1.35664 -1.05672 1.48631
    endloop
  endfacet
  facet normal -0.772963 0.634451 0
    outer loop
      vertex 1.36457 -1.04707 2.16004
      vertex 1.29316 -1.13407 1.49302
      vertex 1.29316 -1.13407 2.1676
    endloop
  endfacet
  facet normal -0.772884 0.634547 0
    outer loop
      vertex 1.36035 -1.05221 2.18593
      vertex 1.36457 -1.04707 2.86005
      vertex 1.36457 -1.04707 2.18559
    endloop
  endfacet
  facet normal -0.772968 0.634445 1.29621e-06
    outer loop
      vertex 1.29316 -1.13407 2.19303
      vertex 1.36457 -1.04707 2.86005
      vertex 1.36035 -1.05221 2.18593
    endloop
  endfacet
  facet normal -0.772963 0.634451 0
    outer loop
      vertex 1.36457 -1.04707 2.86005
      vertex 1.29316 -1.13407 2.19303
      vertex 1.29316 -1.13407 2.86761
    endloop
  endfacet
  facet normal -0.771223 0.636565 0
    outer loop
      vertex 1.36405 -1.0477 2.88555
      vertex 1.36457 -1.04707 3.2
      vertex 1.36457 -1.04707 2.88551
    endloop
  endfacet
  facet normal -0.772975 0.634436 7.1624e-06
    outer loop
      vertex 1.29316 -1.13407 2.89305
      vertex 1.36457 -1.04707 3.2
      vertex 1.36405 -1.0477 2.88555
    endloop
  endfacet
  facet normal -0.772963 0.634451 0
    outer loop
      vertex 1.36457 -1.04707 3.2
      vertex 1.29316 -1.13407 2.89305
      vertex 1.29316 -1.13407 3.2
    endloop
  endfacet
  facet normal -0.986473 0.163925 0
    outer loop
      vertex 1.70529 -0.224504 0
      vertex 1.70428 -0.230582 0.00179872
      vertex 1.70529 -0.224504 0.00148881
    endloop
  endfacet
  facet normal -0.98663 0.162941 -0.00341303
    outer loop
      vertex 1.68695 -0.335555 0
      vertex 1.70428 -0.230582 0.00179872
      vertex 1.70529 -0.224504 0
    endloop
  endfacet
  facet normal -0.986645 0.162885 0
    outer loop
      vertex 1.70428 -0.230582 0.00179872
      vertex 1.68695 -0.335555 0
      vertex 1.68695 -0.335555 0.0090079
    endloop
  endfacet
  facet normal -0.986638 0.16293 0
    outer loop
      vertex 1.69354 -0.295657 0.0324418
      vertex 1.70529 -0.224504 0.701407
      vertex 1.70529 -0.224504 0.0275465
    endloop
  endfacet
  facet normal -0.986019 0.166631 -0.000404421
    outer loop
      vertex 1.70529 -0.224504 0.701407
      vertex 1.69354 -0.295657 0.0324418
      vertex 1.70523 -0.224859 0.701425
    endloop
  endfacet
  facet normal -0.986632 0.162963 -5.55893e-06
    outer loop
      vertex 1.68695 -0.335555 0.0344867
      vertex 1.70523 -0.224859 0.701425
      vertex 1.69354 -0.295657 0.0324418
    endloop
  endfacet
  facet normal -0.986638 0.16293 0
    outer loop
      vertex 1.70523 -0.224859 0.701425
      vertex 1.68695 -0.335555 0.0344867
      vertex 1.68695 -0.335555 0.709024
    endloop
  endfacet
  facet normal -0.98663 0.162977 0
    outer loop
      vertex 1.69449 -0.289885 0.732063
      vertex 1.70529 -0.224504 1.40142
      vertex 1.70529 -0.224504 0.727564
    endloop
  endfacet
  facet normal -0.986651 0.162847 1.30546e-05
    outer loop
      vertex 1.68755 -0.331933 0.73422
      vertex 1.70529 -0.224504 1.40142
      vertex 1.69449 -0.289885 0.732063
    endloop
  endfacet
  facet normal -0.986555 0.163427 0
    outer loop
      vertex 1.68695 -0.335555 1.40904
      vertex 1.68755 -0.331933 0.73422
      vertex 1.68695 -0.335555 0.734464
    endloop
  endfacet
  facet normal -0.986636 0.162942 -2.67522e-06
    outer loop
      vertex 1.68755 -0.331933 0.73422
      vertex 1.68695 -0.335555 1.40904
      vertex 1.70529 -0.224504 1.40142
    endloop
  endfacet
  facet normal -0.986618 0.163051 0
    outer loop
      vertex 1.69544 -0.284106 1.43168
      vertex 1.70529 -0.224504 2.10144
      vertex 1.70529 -0.224504 1.42758
    endloop
  endfacet
  facet normal -0.986658 0.162807 2.22923e-05
    outer loop
      vertex 1.68851 -0.326104 1.43384
      vertex 1.70529 -0.224504 2.10144
      vertex 1.69544 -0.284106 1.43168
    endloop
  endfacet
  facet normal -0.986649 0.162858 0
    outer loop
      vertex 1.68695 -0.335555 2.10906
      vertex 1.68851 -0.326104 1.43384
      vertex 1.68695 -0.335555 1.43447
    endloop
  endfacet
  facet normal -0.986636 0.162942 1.2088e-06
    outer loop
      vertex 1.68851 -0.326104 1.43384
      vertex 1.68695 -0.335555 2.10906
      vertex 1.70529 -0.224504 2.10144
    endloop
  endfacet
  facet normal -0.986628 0.162987 0
    outer loop
      vertex 1.6964 -0.278319 2.1313
      vertex 1.70529 -0.224504 2.80146
      vertex 1.70529 -0.224504 2.1276
    endloop
  endfacet
  facet normal -0.986636 0.162939 3.95239e-06
    outer loop
      vertex 1.68947 -0.320282 2.13346
      vertex 1.70529 -0.224504 2.80146
      vertex 1.6964 -0.278319 2.1313
    endloop
  endfacet
  facet normal -0.986659 0.162798 2.47407e-05
    outer loop
      vertex 1.68695 -0.335555 2.13449
      vertex 1.70529 -0.224504 2.80146
      vertex 1.68947 -0.320282 2.13346
    endloop
  endfacet
  facet normal -0.986636 0.162942 0
    outer loop
      vertex 1.70529 -0.224504 2.80146
      vertex 1.68695 -0.335555 2.13449
      vertex 1.68695 -0.335555 2.80907
    endloop
  endfacet
  facet normal -0.986637 0.162936 0
    outer loop
      vertex 1.69736 -0.272523 2.83092
      vertex 1.70529 -0.224504 3.2
      vertex 1.70529 -0.224504 2.82762
    endloop
  endfacet
  facet normal -0.986622 0.163022 1.32431e-05
    outer loop
      vertex 1.68695 -0.335555 3.2
      vertex 1.69736 -0.272523 2.83092
      vertex 1.69043 -0.314464 2.83308
    endloop
  endfacet
  facet normal -0.986659 0.162798 0
    outer loop
      vertex 1.68695 -0.335555 3.2
      vertex 1.69043 -0.314464 2.83308
      vertex 1.68695 -0.335555 2.8345
    endloop
  endfacet
  facet normal -0.986636 0.162942 -8.19173e-07
    outer loop
      vertex 1.69736 -0.272523 2.83092
      vertex 1.68695 -0.335555 3.2
      vertex 1.70529 -0.224504 3.2
    endloop
  endfacet
  facet normal 0.683583 -0.729872 0
    outer loop
      vertex -1.13407 1.29316 0
      vertex -1.21622 1.21622 0.424449
      vertex -1.21622 1.21622 0
    endloop
  endfacet
  facet normal 0.683583 -0.729872 0
    outer loop
      vertex -1.21622 1.21622 0.424449
      vertex -1.13407 1.29316 0
      vertex -1.13407 1.29316 0.432051
    endloop
  endfacet
  facet normal 0.683583 -0.729872 0
    outer loop
      vertex -1.21622 1.21622 1.82448
      vertex -1.13407 1.29316 1.15748
      vertex -1.13407 1.29316 1.83208
    endloop
  endfacet
  facet normal 0.683529 -0.729924 -1.26305e-05
    outer loop
      vertex -1.21622 1.21622 1.82448
      vertex -1.1723 1.25736 1.15399
      vertex -1.13407 1.29316 1.15748
    endloop
  endfacet
  facet normal 0.683613 -0.729844 -2.24379e-06
    outer loop
      vertex -1.21622 1.21622 1.82448
      vertex -1.2034 1.22823 1.15182
      vertex -1.1723 1.25736 1.15399
    endloop
  endfacet
  facet normal 0.683676 -0.729786 0
    outer loop
      vertex -1.2034 1.22823 1.15182
      vertex -1.21622 1.21622 1.82448
      vertex -1.21622 1.21622 1.15063
    endloop
  endfacet
  facet normal 0.683583 -0.729872 0
    outer loop
      vertex -1.21622 1.21622 1.12447
      vertex -1.13407 1.29316 0.457471
      vertex -1.13407 1.29316 1.13206
    endloop
  endfacet
  facet normal 0.683506 -0.729945 -1.79943e-05
    outer loop
      vertex -1.21622 1.21622 1.12447
      vertex -1.16802 1.26137 0.454372
      vertex -1.13407 1.29316 0.457471
    endloop
  endfacet
  facet normal 0.683582 -0.729874 -7.7113e-06
    outer loop
      vertex -1.21622 1.21622 1.12447
      vertex -1.19908 1.23228 0.452206
      vertex -1.16802 1.26137 0.454372
    endloop
  endfacet
  facet normal 0.683743 -0.729723 0
    outer loop
      vertex -1.19908 1.23228 0.452206
      vertex -1.21622 1.21622 1.12447
      vertex -1.21622 1.21622 0.450609
    endloop
  endfacet
  facet normal 0.683583 -0.729872 0
    outer loop
      vertex -1.21622 1.21622 2.5245
      vertex -1.13407 1.29316 1.8575
      vertex -1.13407 1.29316 2.53209
    endloop
  endfacet
  facet normal 0.683463 -0.729985 -2.79289e-05
    outer loop
      vertex -1.21622 1.21622 2.5245
      vertex -1.17659 1.25335 1.85361
      vertex -1.13407 1.29316 1.8575
    endloop
  endfacet
  facet normal 0.683645 -0.729815 -7.69214e-06
    outer loop
      vertex -1.21622 1.21622 2.5245
      vertex -1.20773 1.22418 1.85144
      vertex -1.17659 1.25335 1.85361
    endloop
  endfacet
  facet normal 0.68397 -0.72951 0
    outer loop
      vertex -1.20773 1.22418 1.85144
      vertex -1.21622 1.21622 2.5245
      vertex -1.21622 1.21622 1.85065
    endloop
  endfacet
  facet normal 0.683583 -0.729872 0
    outer loop
      vertex -1.21622 1.21622 3.2
      vertex -1.13407 1.29316 2.55751
      vertex -1.13407 1.29316 3.2
    endloop
  endfacet
  facet normal 0.683562 -0.729892 -5.03014e-06
    outer loop
      vertex -1.21622 1.21622 3.2
      vertex -1.18086 1.24934 2.55323
      vertex -1.13407 1.29316 2.55751
    endloop
  endfacet
  facet normal 0.683568 -0.729887 -4.49687e-06
    outer loop
      vertex -1.21622 1.21622 3.2
      vertex -1.21206 1.22012 2.55105
      vertex -1.18086 1.24934 2.55323
    endloop
  endfacet
  facet normal 0.683941 -0.729537 0
    outer loop
      vertex -1.21206 1.22012 2.55105
      vertex -1.21622 1.21622 3.2
      vertex -1.21622 1.21622 2.55066
    endloop
  endfacet
  facet normal -0.352275 -0.935897 0
    outer loop
      vertex 0.658215 1.58907 0
      vertex 0.552876 1.62872 0.548477
      vertex 0.552876 1.62872 0
    endloop
  endfacet
  facet normal -0.352275 -0.935897 0
    outer loop
      vertex 0.552876 1.62872 0.548477
      vertex 0.658215 1.58907 0
      vertex 0.658215 1.58907 0.556065
    endloop
  endfacet
  facet normal -0.352275 -0.935897 0
    outer loop
      vertex 0.552876 1.62872 1.24849
      vertex 0.658215 1.58907 0.581485
      vertex 0.658215 1.58907 1.25608
    endloop
  endfacet
  facet normal -0.352276 -0.935896 -2.64199e-07
    outer loop
      vertex 0.552876 1.62872 1.24849
      vertex 0.592674 1.61374 0.576806
      vertex 0.658215 1.58907 0.581485
    endloop
  endfacet
  facet normal -0.352273 -0.935897 0
    outer loop
      vertex 0.592674 1.61374 0.576806
      vertex 0.552876 1.62872 1.24849
      vertex 0.552876 1.62872 0.574636
    endloop
  endfacet
  facet normal -0.352275 -0.935897 0
    outer loop
      vertex 0.552876 1.62872 1.94851
      vertex 0.658215 1.58907 1.2815
      vertex 0.658215 1.58907 1.95609
    endloop
  endfacet
  facet normal -0.352241 -0.935909 6.07243e-06
    outer loop
      vertex 0.552876 1.62872 1.94851
      vertex 0.587193 1.6158 1.27643
      vertex 0.658215 1.58907 1.2815
    endloop
  endfacet
  facet normal -0.352345 -0.93587 0
    outer loop
      vertex 0.587193 1.6158 1.27643
      vertex 0.552876 1.62872 1.94851
      vertex 0.552876 1.62872 1.27455
    endloop
  endfacet
  facet normal -0.352275 -0.935897 0
    outer loop
      vertex 0.552876 1.62872 2.64853
      vertex 0.658215 1.58907 1.98151
      vertex 0.658215 1.58907 2.6561
    endloop
  endfacet
  facet normal -0.352227 -0.935915 8.62503e-06
    outer loop
      vertex 0.552876 1.62872 2.64853
      vertex 0.581716 1.61786 1.97605
      vertex 0.658215 1.58907 1.98151
    endloop
  endfacet
  facet normal -0.352403 -0.935848 0
    outer loop
      vertex 0.581716 1.61786 1.97605
      vertex 0.552876 1.62872 2.64853
      vertex 0.552876 1.62872 1.97447
    endloop
  endfacet
  facet normal -0.352275 -0.935897 0
    outer loop
      vertex 0.552876 1.62872 3.2
      vertex 0.658215 1.58907 2.68153
      vertex 0.658215 1.58907 3.2
    endloop
  endfacet
  facet normal -0.352226 -0.935915 1.13151e-05
    outer loop
      vertex 0.552876 1.62872 3.2
      vertex 0.576242 1.61992 2.67566
      vertex 0.658215 1.58907 2.68153
    endloop
  endfacet
  facet normal -0.352449 -0.935831 0
    outer loop
      vertex 0.576242 1.61992 2.67566
      vertex 0.552876 1.62872 3.2
      vertex 0.552876 1.62872 2.67439
    endloop
  endfacet
  facet normal 0.471725 -0.881746 0
    outer loop
      vertex -0.86 1.48956 0
      vertex -0.856056 1.49167 0.454372
      vertex -0.86 1.48956 0.454076
    endloop
  endfacet
  facet normal 0.471472 -0.881881 2.82249e-06
    outer loop
      vertex -0.856056 1.49167 0.454372
      vertex -0.86 1.48956 0
      vertex -0.818478 1.51176 0.456529
    endloop
  endfacet
  facet normal 0.471413 -0.881913 9.79823e-06
    outer loop
      vertex -0.760736 1.54262 0
      vertex -0.818478 1.51176 0.456529
      vertex -0.86 1.48956 0
    endloop
  endfacet
  facet normal 0.471352 -0.881945 0
    outer loop
      vertex -0.818478 1.51176 0.456529
      vertex -0.760736 1.54262 0
      vertex -0.760736 1.54262 0.460975
    endloop
  endfacet
  facet normal 0.471435 -0.881901 0
    outer loop
      vertex -0.828791 1.50624 1.85577
      vertex -0.760736 1.54262 1.18706
      vertex -0.760736 1.54262 1.86101
    endloop
  endfacet
  facet normal 0.471363 -0.881939 -1.31827e-05
    outer loop
      vertex -0.765475 1.54009 1.18679
      vertex -0.828791 1.50624 1.85577
      vertex -0.86 1.48956 1.85398
    endloop
  endfacet
  facet normal 0.470958 -0.882156 -6.24574e-05
    outer loop
      vertex -0.828791 1.50624 1.85577
      vertex -0.765475 1.54009 1.18679
      vertex -0.760736 1.54262 1.18706
    endloop
  endfacet
  facet normal 0.471435 -0.881901 0
    outer loop
      vertex -0.765475 1.54009 1.18679
      vertex -0.86 1.48956 1.85398
      vertex -0.86 1.48956 1.17953
    endloop
  endfacet
  facet normal 0.471377 -0.881932 0
    outer loop
      vertex -0.823638 1.509 1.15615
      vertex -0.760736 1.54262 0.487138
      vertex -0.760736 1.54262 1.16099
    endloop
  endfacet
  facet normal 0.471474 -0.88188 1.16983e-05
    outer loop
      vertex -0.86 1.48956 1.15406
      vertex -0.760736 1.54262 0.487138
      vertex -0.823638 1.509 1.15615
    endloop
  endfacet
  facet normal 0.471413 -0.881913 0
    outer loop
      vertex -0.760736 1.54262 0.487138
      vertex -0.86 1.48956 1.15406
      vertex -0.86 1.48956 0.479515
    endloop
  endfacet
  facet normal 0.471427 -0.881905 0
    outer loop
      vertex -0.833937 1.50349 2.55539
      vertex -0.760736 1.54262 1.88698
      vertex -0.760736 1.54262 2.56103
    endloop
  endfacet
  facet normal 0.471372 -0.881935 -6.99923e-06
    outer loop
      vertex -0.770595 1.53735 1.88642
      vertex -0.833937 1.50349 2.55539
      vertex -0.86 1.48956 2.5539
    endloop
  endfacet
  facet normal 0.471415 -0.881912 -1.78222e-06
    outer loop
      vertex -0.833937 1.50349 2.55539
      vertex -0.770595 1.53735 1.88642
      vertex -0.760736 1.54262 1.88698
    endloop
  endfacet
  facet normal 0.471412 -0.881913 0
    outer loop
      vertex -0.770595 1.53735 1.88642
      vertex -0.86 1.48956 2.5539
      vertex -0.86 1.48956 1.87955
    endloop
  endfacet
  facet normal 0.471413 -0.881913 -7.60009e-07
    outer loop
      vertex -0.775722 1.53461 2.58604
      vertex -0.760736 1.54262 3.2
      vertex -0.86 1.48956 3.2
    endloop
  endfacet
  facet normal 0.471388 -0.881926 0
    outer loop
      vertex -0.760736 1.54262 3.2
      vertex -0.775722 1.53461 2.58604
      vertex -0.760736 1.54262 2.5869
    endloop
  endfacet
  facet normal 0.471417 -0.881911 0
    outer loop
      vertex -0.775722 1.53461 2.58604
      vertex -0.86 1.48956 3.2
      vertex -0.86 1.48956 2.57956
    endloop
  endfacet
  facet normal -0.471413 -0.881913 0
    outer loop
      vertex 0.86 1.48956 0
      vertex 0.760736 1.54262 0.562925
      vertex 0.760736 1.54262 0
    endloop
  endfacet
  facet normal -0.471413 -0.881913 0
    outer loop
      vertex 0.760736 1.54262 0.562925
      vertex 0.86 1.48956 0
      vertex 0.86 1.48956 0.570539
    endloop
  endfacet
  facet normal -0.471413 -0.881913 0
    outer loop
      vertex 0.760736 1.54262 1.96296
      vertex 0.86 1.48956 1.29598
      vertex 0.86 1.48956 1.97057
    endloop
  endfacet
  facet normal -0.471451 -0.881892 -7.40127e-06
    outer loop
      vertex 0.760736 1.54262 1.96296
      vertex 0.832652 1.50418 1.29392
      vertex 0.86 1.48956 1.29598
    endloop
  endfacet
  facet normal -0.471324 -0.88196 1.02123e-05
    outer loop
      vertex 0.760736 1.54262 1.96296
      vertex 0.795171 1.52421 1.29176
      vertex 0.832652 1.50418 1.29392
    endloop
  endfacet
  facet normal -0.471479 -0.881878 0
    outer loop
      vertex 0.795171 1.52421 1.29176
      vertex 0.760736 1.54262 1.96296
      vertex 0.760736 1.54262 1.2891
    endloop
  endfacet
  facet normal -0.471413 -0.881913 0
    outer loop
      vertex 0.760736 1.54262 1.26294
      vertex 0.86 1.48956 0.595966
      vertex 0.86 1.48956 1.27055
    endloop
  endfacet
  facet normal -0.471333 -0.881955 1.52598e-05
    outer loop
      vertex 0.760736 1.54262 1.26294
      vertex 0.837845 1.5014 0.594296
      vertex 0.86 1.48956 0.595966
    endloop
  endfacet
  facet normal -0.471496 -0.881868 -8.95975e-06
    outer loop
      vertex 0.760736 1.54262 1.26294
      vertex 0.800363 1.52144 0.592139
      vertex 0.837845 1.5014 0.594296
    endloop
  endfacet
  facet normal -0.471378 -0.881931 0
    outer loop
      vertex 0.800363 1.52144 0.592139
      vertex 0.760736 1.54262 1.26294
      vertex 0.760736 1.54262 0.589086
    endloop
  endfacet
  facet normal -0.471413 -0.881913 0
    outer loop
      vertex 0.760736 1.54262 2.66298
      vertex 0.86 1.48956 1.99599
      vertex 0.86 1.48956 2.67058
    endloop
  endfacet
  facet normal -0.471368 -0.881937 8.53039e-06
    outer loop
      vertex 0.760736 1.54262 2.66298
      vertex 0.827463 1.50695 1.99354
      vertex 0.86 1.48956 1.99599
    endloop
  endfacet
  facet normal -0.471399 -0.88192 4.56132e-06
    outer loop
      vertex 0.760736 1.54262 2.66298
      vertex 0.789971 1.52699 1.99137
      vertex 0.827463 1.50695 1.99354
    endloop
  endfacet
  facet normal -0.47148 -0.881877 0
    outer loop
      vertex 0.789971 1.52699 1.99137
      vertex 0.760736 1.54262 2.66298
      vertex 0.760736 1.54262 1.98912
    endloop
  endfacet
  facet normal -0.471413 -0.881913 -1.09656e-05
    outer loop
      vertex 0.822278 1.50973 2.69316
      vertex 0.86 1.48956 3.2
      vertex 0.760736 1.54262 3.2
    endloop
  endfacet
  facet normal -0.471527 -0.881852 -0
    outer loop
      vertex 0.86 1.48956 3.2
      vertex 0.822278 1.50973 2.69316
      vertex 0.86 1.48956 2.696
    endloop
  endfacet
  facet normal -0.471366 -0.881937 -3.76042e-06
    outer loop
      vertex 0.760736 1.54262 3.2
      vertex 0.784764 1.52978 2.69099
      vertex 0.822278 1.50973 2.69316
    endloop
  endfacet
  facet normal -0.471304 -0.881971 0
    outer loop
      vertex 0.784764 1.52978 2.69099
      vertex 0.760736 1.54262 3.2
      vertex 0.760736 1.54262 2.68914
    endloop
  endfacet
  facet normal -0.881913 0.471413 0
    outer loop
      vertex 1.48956 -0.86 0
      vertex 1.54262 -0.760736 0.0379111
      vertex 1.54262 -0.760736 0
    endloop
  endfacet
  facet normal -0.881913 0.471413 0
    outer loop
      vertex 1.54262 -0.760736 0.0379111
      vertex 1.48956 -0.86 0
      vertex 1.48956 -0.86 0.0455268
    endloop
  endfacet
  facet normal -0.881919 0.4714 0
    outer loop
      vertex 1.51936 -0.804252 0.0674244
      vertex 1.54262 -0.760736 0.73793
      vertex 1.54262 -0.760736 0.0640719
    endloop
  endfacet
  facet normal -0.88191 0.471418 -1.51138e-06
    outer loop
      vertex 1.49932 -0.841742 0.0695808
      vertex 1.54262 -0.760736 0.73793
      vertex 1.51936 -0.804252 0.0674244
    endloop
  endfacet
  facet normal -0.881903 0.47143 -3.37748e-06
    outer loop
      vertex 1.48956 -0.86 0.0709557
      vertex 1.54262 -0.760736 0.73793
      vertex 1.49932 -0.841742 0.0695808
    endloop
  endfacet
  facet normal -0.881913 0.471413 0
    outer loop
      vertex 1.54262 -0.760736 0.73793
      vertex 1.48956 -0.86 0.0709557
      vertex 1.48956 -0.86 0.745543
    endloop
  endfacet
  facet normal -0.8819 0.471436 0
    outer loop
      vertex 1.52213 -0.799066 0.767044
      vertex 1.54262 -0.760736 1.43795
      vertex 1.54262 -0.760736 0.76409
    endloop
  endfacet
  facet normal -0.88196 0.471324 8.24282e-06
    outer loop
      vertex 1.5021 -0.836547 0.769201
      vertex 1.54262 -0.760736 1.43795
      vertex 1.52213 -0.799066 0.767044
    endloop
  endfacet
  facet normal -0.881858 0.471516 -1.97566e-05
    outer loop
      vertex 1.48956 -0.86 0.770968
      vertex 1.54262 -0.760736 1.43795
      vertex 1.5021 -0.836547 0.769201
    endloop
  endfacet
  facet normal -0.881913 0.471413 0
    outer loop
      vertex 1.54262 -0.760736 1.43795
      vertex 1.48956 -0.86 0.770968
      vertex 1.48956 -0.86 1.44556
    endloop
  endfacet
  facet normal -0.881939 0.471364 0
    outer loop
      vertex 1.52491 -0.793872 1.46666
      vertex 1.54262 -0.760736 2.13797
      vertex 1.54262 -0.760736 1.46411
    endloop
  endfacet
  facet normal -0.881868 0.471496 -8.3603e-06
    outer loop
      vertex 1.50487 -0.831354 1.46882
      vertex 1.54262 -0.760736 2.13797
      vertex 1.52491 -0.793872 1.46666
    endloop
  endfacet
  facet normal -0.881941 0.471359 1.02669e-05
    outer loop
      vertex 1.48956 -0.86 1.47098
      vertex 1.54262 -0.760736 2.13797
      vertex 1.50487 -0.831354 1.46882
    endloop
  endfacet
  facet normal -0.881913 0.471413 0
    outer loop
      vertex 1.54262 -0.760736 2.13797
      vertex 1.48956 -0.86 1.47098
      vertex 1.48956 -0.86 2.14557
    endloop
  endfacet
  facet normal -0.881935 0.471371 0
    outer loop
      vertex 1.52769 -0.78867 2.16628
      vertex 1.54262 -0.760736 2.83798
      vertex 1.54262 -0.760736 2.16413
    endloop
  endfacet
  facet normal -0.881941 0.47136 6.26005e-07
    outer loop
      vertex 1.50765 -0.826166 2.16844
      vertex 1.54262 -0.760736 2.83798
      vertex 1.52769 -0.78867 2.16628
    endloop
  endfacet
  facet normal -0.881864 0.471504 -1.75337e-05
    outer loop
      vertex 1.48956 -0.86 2.17099
      vertex 1.54262 -0.760736 2.83798
      vertex 1.50765 -0.826166 2.16844
    endloop
  endfacet
  facet normal -0.881913 0.471413 0
    outer loop
      vertex 1.54262 -0.760736 2.83798
      vertex 1.48956 -0.86 2.17099
      vertex 1.48956 -0.86 2.84559
    endloop
  endfacet
  facet normal -0.881869 0.471494 0
    outer loop
      vertex 1.53047 -0.783461 2.8659
      vertex 1.54262 -0.760736 3.2
      vertex 1.54262 -0.760736 2.86414
    endloop
  endfacet
  facet normal -0.881979 0.471289 1.79442e-05
    outer loop
      vertex 1.51042 -0.820983 2.86806
      vertex 1.54262 -0.760736 3.2
      vertex 1.53047 -0.783461 2.8659
    endloop
  endfacet
  facet normal -0.881874 0.471484 0
    outer loop
      vertex 1.48956 -0.86 3.2
      vertex 1.51042 -0.820983 2.86806
      vertex 1.48956 -0.86 2.87101
    endloop
  endfacet
  facet normal -0.881913 0.471413 -1.08405e-05
    outer loop
      vertex 1.51042 -0.820983 2.86806
      vertex 1.48956 -0.86 3.2
      vertex 1.54262 -0.760736 3.2
    endloop
  endfacet
  facet normal -0.582696 -0.81269 0
    outer loop
      vertex 0.955581 1.43013 0
      vertex 0.974814 1.41634 0.578972
      vertex 0.955581 1.43013 0.577778
    endloop
  endfacet
  facet normal -0.582477 -0.812847 -1.10155e-05
    outer loop
      vertex 1.04707 1.36457 0
      vertex 0.974814 1.41634 0.578972
      vertex 0.955581 1.43013 0
    endloop
  endfacet
  facet normal -0.582419 -0.812889 0
    outer loop
      vertex 0.974814 1.41634 0.578972
      vertex 1.04707 1.36457 0
      vertex 1.04707 1.36457 0.585001
    endloop
  endfacet
  facet normal -0.582447 -0.812869 0
    outer loop
      vertex 0.965357 1.42312 1.97822
      vertex 1.04707 1.36457 1.31069
      vertex 1.04707 1.36457 1.98503
    endloop
  endfacet
  facet normal -0.58273 -0.812666 -2.92893e-05
    outer loop
      vertex 1.02374 1.38128 1.30924
      vertex 0.965357 1.42312 1.97822
      vertex 0.955581 1.43013 1.97761
    endloop
  endfacet
  facet normal -0.582294 -0.812979 2.83533e-05
    outer loop
      vertex 0.965357 1.42312 1.97822
      vertex 1.02374 1.38128 1.30924
      vertex 1.04707 1.36457 1.31069
    endloop
  endfacet
  facet normal -0.58254 -0.812802 0
    outer loop
      vertex 1.02374 1.38128 1.30924
      vertex 0.955581 1.43013 1.97761
      vertex 0.955581 1.43013 1.30355
    endloop
  endfacet
  facet normal -0.582491 -0.812837 0
    outer loop
      vertex 0.970083 1.41974 1.27859
      vertex 1.04707 1.36457 0.610774
      vertex 1.04707 1.36457 1.28502
    endloop
  endfacet
  facet normal -0.582405 -0.812899 1.36578e-05
    outer loop
      vertex 1.02848 1.37789 0.60962
      vertex 0.970083 1.41974 1.27859
      vertex 0.955581 1.43013 1.2777
    endloop
  endfacet
  facet normal -0.582437 -0.812876 9.32657e-06
    outer loop
      vertex 0.970083 1.41974 1.27859
      vertex 1.02848 1.37789 0.60962
      vertex 1.04707 1.36457 0.610774
    endloop
  endfacet
  facet normal -0.582487 -0.81284 0
    outer loop
      vertex 1.02848 1.37789 0.60962
      vertex 0.955581 1.43013 1.2777
      vertex 0.955581 1.43013 0.603538
    endloop
  endfacet
  facet normal -0.58243 -0.812881 0
    outer loop
      vertex 0.960636 1.4265 2.67784
      vertex 1.04707 1.36457 2.01061
      vertex 1.04707 1.36457 2.68505
    endloop
  endfacet
  facet normal -0.583284 -0.812268 -0.000110195
    outer loop
      vertex 1.019 1.38468 2.00887
      vertex 0.960636 1.4265 2.67784
      vertex 0.955581 1.43013 2.67753
    endloop
  endfacet
  facet normal -0.582389 -0.812911 8.0673e-06
    outer loop
      vertex 0.960636 1.4265 2.67784
      vertex 1.019 1.38468 2.00887
      vertex 1.04707 1.36457 2.01061
    endloop
  endfacet
  facet normal -0.582517 -0.812819 0
    outer loop
      vertex 1.019 1.38468 2.00887
      vertex 0.955581 1.43013 2.67753
      vertex 0.955581 1.43013 2.00357
    endloop
  endfacet
  facet normal -0.582477 -0.812847 -2.56827e-06
    outer loop
      vertex 1.01425 1.38809 2.70849
      vertex 1.04707 1.36457 3.2
      vertex 0.955581 1.43013 3.2
    endloop
  endfacet
  facet normal -0.582503 -0.812829 -0
    outer loop
      vertex 1.04707 1.36457 3.2
      vertex 1.01425 1.38809 2.70849
      vertex 1.04707 1.36457 2.71053
    endloop
  endfacet
  facet normal -0.582463 -0.812857 0
    outer loop
      vertex 1.01425 1.38809 2.70849
      vertex 0.955581 1.43013 3.2
      vertex 0.955581 1.43013 2.70359
    endloop
  endfacet
  facet normal 0.812844 -0.582482 0
    outer loop
      vertex -1.4155 0.975998 0.404066
      vertex -1.36457 1.04707 0
      vertex -1.36457 1.04707 0.409997
    endloop
  endfacet
  facet normal 0.812858 -0.582462 0
    outer loop
      vertex -1.43013 0.955581 0
      vertex -1.4155 0.975998 0.404066
      vertex -1.43013 0.955581 0.402799
    endloop
  endfacet
  facet normal 0.812847 -0.582477 1.19725e-06
    outer loop
      vertex -1.4155 0.975998 0.404066
      vertex -1.43013 0.955581 0
      vertex -1.36457 1.04707 0
    endloop
  endfacet
  facet normal 0.812852 -0.58247 0
    outer loop
      vertex -1.41889 0.971265 1.10369
      vertex -1.36457 1.04707 0.435795
      vertex -1.36457 1.04707 1.11001
    endloop
  endfacet
  facet normal 0.812975 -0.582299 2.93568e-05
    outer loop
      vertex -1.36457 1.04707 0.435795
      vertex -1.41889 0.971265 1.10369
      vertex -1.37704 1.02966 0.434715
    endloop
  endfacet
  facet normal 0.812822 -0.582512 1.20203e-06
    outer loop
      vertex -1.43013 0.955581 1.10272
      vertex -1.37704 1.02966 0.434715
      vertex -1.41889 0.971265 1.10369
    endloop
  endfacet
  facet normal 0.812817 -0.582519 0
    outer loop
      vertex -1.37704 1.02966 0.434715
      vertex -1.43013 0.955581 1.10272
      vertex -1.43013 0.955581 0.428534
    endloop
  endfacet
  facet normal 0.812839 -0.582488 0
    outer loop
      vertex -1.42228 0.966538 1.80331
      vertex -1.36457 1.04707 1.13571
      vertex -1.36457 1.04707 1.81003
    endloop
  endfacet
  facet normal 0.812889 -0.582418 1.27496e-05
    outer loop
      vertex -1.36457 1.04707 1.13571
      vertex -1.42228 0.966538 1.80331
      vertex -1.38044 1.02492 1.13434
    endloop
  endfacet
  facet normal 0.812905 -0.582396 1.56832e-05
    outer loop
      vertex -1.43013 0.955581 1.80263
      vertex -1.38044 1.02492 1.13434
      vertex -1.42228 0.966538 1.80331
    endloop
  endfacet
  facet normal 0.812834 -0.582496 0
    outer loop
      vertex -1.38044 1.02492 1.13434
      vertex -1.43013 0.955581 1.80263
      vertex -1.43013 0.955581 1.12855
    endloop
  endfacet
  facet normal 0.81286 -0.58246 0
    outer loop
      vertex -1.42566 0.961815 2.50294
      vertex -1.36457 1.04707 1.83563
      vertex -1.36457 1.04707 2.51005
    endloop
  endfacet
  facet normal 0.812976 -0.582297 3.14109e-05
    outer loop
      vertex -1.36457 1.04707 1.83563
      vertex -1.42566 0.961815 2.50294
      vertex -1.38383 1.02018 1.83396
    endloop
  endfacet
  facet normal 0.812676 -0.582716 -2.39024e-05
    outer loop
      vertex -1.43013 0.955581 2.50255
      vertex -1.38383 1.02018 1.83396
      vertex -1.42566 0.961815 2.50294
    endloop
  endfacet
  facet normal 0.812793 -0.582553 0
    outer loop
      vertex -1.38383 1.02018 1.83396
      vertex -1.43013 0.955581 2.50255
      vertex -1.43013 0.955581 1.82857
    endloop
  endfacet
  facet normal 0.812795 -0.58255 0
    outer loop
      vertex -1.36457 1.04707 3.2
      vertex -1.38724 1.01544 2.53358
      vertex -1.36457 1.04707 2.53555
    endloop
  endfacet
  facet normal 0.812847 -0.582477 -5.23717e-06
    outer loop
      vertex -1.43013 0.955581 3.2
      vertex -1.38724 1.01544 2.53358
      vertex -1.36457 1.04707 3.2
    endloop
  endfacet
  facet normal 0.812875 -0.582439 0
    outer loop
      vertex -1.38724 1.01544 2.53358
      vertex -1.43013 0.955581 3.2
      vertex -1.43013 0.955581 2.52858
    endloop
  endfacet
  facet normal -0.0979985 0.995187 0
    outer loop
      vertex 0.112493 -1.71632 0
      vertex 0.224504 -1.70529 0.14749
      vertex 0.224504 -1.70529 0
    endloop
  endfacet
  facet normal -0.0979985 0.995187 0
    outer loop
      vertex 0.224504 -1.70529 0.14749
      vertex 0.112493 -1.71632 0
      vertex 0.112493 -1.71632 0.155066
    endloop
  endfacet
  facet normal -0.0979985 0.995187 0
    outer loop
      vertex 0.224504 -1.70529 0.847507
      vertex 0.112493 -1.71632 0.180491
      vertex 0.112493 -1.71632 0.855079
    endloop
  endfacet
  facet normal -0.0980805 0.995178 1.39037e-05
    outer loop
      vertex 0.224504 -1.70529 0.847507
      vertex 0.201173 -1.70758 0.174524
      vertex 0.112493 -1.71632 0.180491
    endloop
  endfacet
  facet normal -0.0976833 0.995218 0
    outer loop
      vertex 0.201173 -1.70758 0.174524
      vertex 0.224504 -1.70529 0.847507
      vertex 0.224504 -1.70529 0.173325
    endloop
  endfacet
  facet normal -0.0979985 0.995187 0
    outer loop
      vertex 0.224504 -1.70529 1.54752
      vertex 0.112493 -1.71632 0.880506
      vertex 0.112493 -1.71632 1.55509
    endloop
  endfacet
  facet normal -0.0980464 0.995182 8.1262e-06
    outer loop
      vertex 0.224504 -1.70529 1.54752
      vertex 0.20699 -1.70701 0.874144
      vertex 0.112493 -1.71632 0.880506
    endloop
  endfacet
  facet normal -0.097737 0.995212 0
    outer loop
      vertex 0.20699 -1.70701 0.874144
      vertex 0.224504 -1.70529 1.54752
      vertex 0.224504 -1.70529 0.873244
    endloop
  endfacet
  facet normal -0.0979985 0.995187 0
    outer loop
      vertex 0.224504 -1.70529 2.24754
      vertex 0.112493 -1.71632 1.58052
      vertex 0.112493 -1.71632 2.2551
    endloop
  endfacet
  facet normal -0.0980201 0.995184 3.66771e-06
    outer loop
      vertex 0.224504 -1.70529 2.24754
      vertex 0.212803 -1.70644 1.57376
      vertex 0.112493 -1.71632 1.58052
    endloop
  endfacet
  facet normal -0.0978109 0.995205 0
    outer loop
      vertex 0.212803 -1.70644 1.57376
      vertex 0.224504 -1.70529 2.24754
      vertex 0.224504 -1.70529 1.57316
    endloop
  endfacet
  facet normal -0.0979985 0.995187 0
    outer loop
      vertex 0.224504 -1.70529 2.94756
      vertex 0.112493 -1.71632 2.28054
      vertex 0.112493 -1.71632 2.95511
    endloop
  endfacet
  facet normal -0.0979985 0.995187 4.44858e-09
    outer loop
      vertex 0.224504 -1.70529 2.94756
      vertex 0.218614 -1.70587 2.27338
      vertex 0.112493 -1.71632 2.28054
    endloop
  endfacet
  facet normal -0.097998 0.995187 0
    outer loop
      vertex 0.218614 -1.70587 2.27338
      vertex 0.224504 -1.70529 2.94756
      vertex 0.224504 -1.70529 2.27308
    endloop
  endfacet
  facet normal -0.0979985 0.995187 0
    outer loop
      vertex 0.224504 -1.70529 3.2
      vertex 0.112493 -1.71632 2.98055
      vertex 0.112493 -1.71632 3.2
    endloop
  endfacet
  facet normal -0.0980681 0.99518 3.58575e-05
    outer loop
      vertex 0.224504 -1.70529 3.2
      vertex 0.224421 -1.70529 2.973
      vertex 0.112493 -1.71632 2.98055
    endloop
  endfacet
  facet normal 0 1 0
    outer loop
      vertex 0.224421 -1.70529 2.973
      vertex 0.224504 -1.70529 3.2
      vertex 0.224504 -1.70529 2.973
    endloop
  endfacet
  facet normal -0.528047 -0.849215 -4.17192e-06
    outer loop
      vertex 0.955581 1.43013 0
      vertex 0.939446 1.44016 0.576806
      vertex 0.86 1.48956 0.570539
    endloop
  endfacet
  facet normal -0.528029 -0.849226 0
    outer loop
      vertex 0.955581 1.43013 0
      vertex 0.86 1.48956 0.570539
      vertex 0.86 1.48956 0
    endloop
  endfacet
  facet normal -0.527939 -0.849282 0
    outer loop
      vertex 0.939446 1.44016 0.576806
      vertex 0.955581 1.43013 0
      vertex 0.955581 1.43013 0.577778
    endloop
  endfacet
  facet normal -0.528005 -0.849241 4.81075e-06
    outer loop
      vertex 0.955581 1.43013 1.30355
      vertex 0.929515 1.44634 1.97605
      vertex 0.86 1.48956 1.97057
    endloop
  endfacet
  facet normal -0.528094 -0.849186 0
    outer loop
      vertex 0.929515 1.44634 1.97605
      vertex 0.955581 1.43013 1.30355
      vertex 0.955581 1.43013 1.97761
    endloop
  endfacet
  facet normal -0.528029 -0.849226 0
    outer loop
      vertex 0.955581 1.43013 1.30355
      vertex 0.86 1.48956 1.97057
      vertex 0.86 1.48956 1.29598
    endloop
  endfacet
  facet normal -0.52802 -0.849232 1.84493e-06
    outer loop
      vertex 0.955581 1.43013 0.603538
      vertex 0.934482 1.44325 1.27643
      vertex 0.86 1.48956 1.27055
    endloop
  endfacet
  facet normal -0.528062 -0.849206 0
    outer loop
      vertex 0.934482 1.44325 1.27643
      vertex 0.955581 1.43013 0.603538
      vertex 0.955581 1.43013 1.2777
    endloop
  endfacet
  facet normal -0.528029 -0.849226 0
    outer loop
      vertex 0.955581 1.43013 0.603538
      vertex 0.86 1.48956 1.27055
      vertex 0.86 1.48956 0.595966
    endloop
  endfacet
  facet normal -0.528005 -0.849241 4.75592e-06
    outer loop
      vertex 0.955581 1.43013 2.00357
      vertex 0.924545 1.44943 2.67566
      vertex 0.86 1.48956 2.67058
    endloop
  endfacet
  facet normal -0.528079 -0.849195 0
    outer loop
      vertex 0.924545 1.44943 2.67566
      vertex 0.955581 1.43013 2.00357
      vertex 0.955581 1.43013 2.67753
    endloop
  endfacet
  facet normal -0.528029 -0.849226 0
    outer loop
      vertex 0.955581 1.43013 2.00357
      vertex 0.86 1.48956 2.67058
      vertex 0.86 1.48956 1.99599
    endloop
  endfacet
  facet normal -0.528029 -0.849226 0
    outer loop
      vertex 0.86 1.48956 3.2
      vertex 0.955581 1.43013 2.70359
      vertex 0.955581 1.43013 3.2
    endloop
  endfacet
  facet normal -0.528029 -0.849226 0
    outer loop
      vertex 0.955581 1.43013 2.70359
      vertex 0.86 1.48956 3.2
      vertex 0.86 1.48956 2.696
    endloop
  endfacet
  facet normal 0.634465 -0.772952 4.51012e-06
    outer loop
      vertex -1.04707 1.36457 0
      vertex -1.0782 1.33902 0.436882
      vertex -1.13407 1.29316 0.432051
    endloop
  endfacet
  facet normal 0.634451 -0.772963 0
    outer loop
      vertex -1.04707 1.36457 0
      vertex -1.13407 1.29316 0.432051
      vertex -1.13407 1.29316 0
    endloop
  endfacet
  facet normal 0.634427 -0.772983 0
    outer loop
      vertex -1.0782 1.33902 0.436882
      vertex -1.04707 1.36457 0
      vertex -1.04707 1.36457 0.438937
    endloop
  endfacet
  facet normal 0.634466 -0.77295 3.26927e-06
    outer loop
      vertex -1.04707 1.36457 0.465057
      vertex -1.08272 1.33531 1.1365
      vertex -1.13407 1.29316 1.13206
    endloop
  endfacet
  facet normal 0.635184 -0.77236 0
    outer loop
      vertex -1.04966 1.36244 1.13868
      vertex -1.04707 1.36457 0.465057
      vertex -1.04707 1.36457 1.13891
    endloop
  endfacet
  facet normal 0.634371 -0.773029 -5.24361e-06
    outer loop
      vertex -1.08272 1.33531 1.1365
      vertex -1.04707 1.36457 0.465057
      vertex -1.04966 1.36244 1.13868
    endloop
  endfacet
  facet normal 0.634451 -0.772963 0
    outer loop
      vertex -1.04707 1.36457 0.465057
      vertex -1.13407 1.29316 1.13206
      vertex -1.13407 1.29316 0.457471
    endloop
  endfacet
  facet normal 0.634531 -0.772898 1.73285e-05
    outer loop
      vertex -1.04707 1.36457 1.16507
      vertex -1.08726 1.33159 1.83612
      vertex -1.13407 1.29316 1.83208
    endloop
  endfacet
  facet normal 0.634877 -0.772613 0
    outer loop
      vertex -1.05425 1.35867 1.8383
      vertex -1.04707 1.36457 1.16507
      vertex -1.04707 1.36457 1.83893
    endloop
  endfacet
  facet normal 0.634245 -0.773132 -1.12846e-05
    outer loop
      vertex -1.08726 1.33159 1.83612
      vertex -1.04707 1.36457 1.16507
      vertex -1.05425 1.35867 1.8383
    endloop
  endfacet
  facet normal 0.634451 -0.772963 0
    outer loop
      vertex -1.04707 1.36457 1.16507
      vertex -1.13407 1.29316 1.83208
      vertex -1.13407 1.29316 1.15748
    endloop
  endfacet
  facet normal 0.63452 -0.772906 1.50471e-05
    outer loop
      vertex -1.04707 1.36457 1.86509
      vertex -1.09179 1.32787 2.53574
      vertex -1.13407 1.29316 2.53209
    endloop
  endfacet
  facet normal 0.634417 -0.772991 0
    outer loop
      vertex -1.05884 1.35491 2.53791
      vertex -1.04707 1.36457 1.86509
      vertex -1.04707 1.36457 2.53895
    endloop
  endfacet
  facet normal 0.634374 -0.773026 -1.26081e-06
    outer loop
      vertex -1.09179 1.32787 2.53574
      vertex -1.04707 1.36457 1.86509
      vertex -1.05884 1.35491 2.53791
    endloop
  endfacet
  facet normal 0.634451 -0.772963 0
    outer loop
      vertex -1.04707 1.36457 1.86509
      vertex -1.13407 1.29316 2.53209
      vertex -1.13407 1.29316 1.8575
    endloop
  endfacet
  facet normal 0.634451 -0.772963 0
    outer loop
      vertex -1.13407 1.29316 3.2
      vertex -1.04707 1.36457 2.56511
      vertex -1.04707 1.36457 3.2
    endloop
  endfacet
  facet normal 0.634451 -0.772963 0
    outer loop
      vertex -1.04707 1.36457 2.56511
      vertex -1.13407 1.29316 3.2
      vertex -1.13407 1.29316 2.55751
    endloop
  endfacet
  facet normal -0.813109 -0.582112 0
    outer loop
      vertex 1.36457 1.04707 0
      vertex 1.3652 1.04619 0.613971
      vertex 1.36457 1.04707 0.613917
    endloop
  endfacet
  facet normal -0.812847 -0.582477 -7.91986e-07
    outer loop
      vertex 1.43013 0.955581 0
      vertex 1.3652 1.04619 0.613971
      vertex 1.36457 1.04707 0
    endloop
  endfacet
  facet normal -0.812845 -0.582481 0
    outer loop
      vertex 1.3652 1.04619 0.613971
      vertex 1.43013 0.955581 0
      vertex 1.43013 0.955581 0.621522
    endloop
  endfacet
  facet normal -0.812876 -0.582437 0
    outer loop
      vertex 1.40018 0.997371 1.34423
      vertex 1.36457 1.04707 2.01393
      vertex 1.36457 1.04707 1.34008
    endloop
  endfacet
  facet normal -0.81282 -0.582515 8.76802e-06
    outer loop
      vertex 1.42498 0.962766 1.34639
      vertex 1.36457 1.04707 2.01393
      vertex 1.40018 0.997371 1.34423
    endloop
  endfacet
  facet normal -0.812778 -0.582574 2.00881e-05
    outer loop
      vertex 1.43013 0.955581 1.34697
      vertex 1.36457 1.04707 2.01393
      vertex 1.42498 0.962766 1.34639
    endloop
  endfacet
  facet normal -0.812847 -0.582477 0
    outer loop
      vertex 1.36457 1.04707 2.01393
      vertex 1.43013 0.955581 1.34697
      vertex 1.43013 0.955581 2.02155
    endloop
  endfacet
  facet normal -0.81288 -0.582431 0
    outer loop
      vertex 1.40359 0.992611 0.64461
      vertex 1.36457 1.04707 1.31392
      vertex 1.36457 1.04707 0.640061
    endloop
  endfacet
  facet normal -0.812821 -0.582513 1.01495e-05
    outer loop
      vertex 1.42842 0.957964 0.646767
      vertex 1.36457 1.04707 1.31392
      vertex 1.40359 0.992611 0.64461
    endloop
  endfacet
  facet normal -0.812469 -0.583005 0.000109551
    outer loop
      vertex 1.43013 0.955581 0.646962
      vertex 1.36457 1.04707 1.31392
      vertex 1.42842 0.957964 0.646767
    endloop
  endfacet
  facet normal -0.812847 -0.582477 0
    outer loop
      vertex 1.36457 1.04707 1.31392
      vertex 1.43013 0.955581 0.646962
      vertex 1.43013 0.955581 1.32154
    endloop
  endfacet
  facet normal -0.812901 -0.582401 0
    outer loop
      vertex 1.39676 1.00214 2.04385
      vertex 1.36457 1.04707 2.71395
      vertex 1.36457 1.04707 2.0401
    endloop
  endfacet
  facet normal -0.812812 -0.582527 1.27149e-05
    outer loop
      vertex 1.42154 0.967564 2.04601
      vertex 1.36457 1.04707 2.71395
      vertex 1.39676 1.00214 2.04385
    endloop
  endfacet
  facet normal -0.812748 -0.582615 2.8664e-05
    outer loop
      vertex 1.43013 0.955581 2.04699
      vertex 1.36457 1.04707 2.71395
      vertex 1.42154 0.967564 2.04601
    endloop
  endfacet
  facet normal -0.812847 -0.582477 0
    outer loop
      vertex 1.36457 1.04707 2.71395
      vertex 1.43013 0.955581 2.04699
      vertex 1.43013 0.955581 2.72157
    endloop
  endfacet
  facet normal -0.812926 -0.582367 0
    outer loop
      vertex 1.39334 1.00691 2.74347
      vertex 1.36457 1.04707 3.2
      vertex 1.36457 1.04707 2.74011
    endloop
  endfacet
  facet normal -0.81274 -0.582627 3.4505e-05
    outer loop
      vertex 1.41811 0.972357 2.74563
      vertex 1.36457 1.04707 3.2
      vertex 1.39334 1.00691 2.74347
    endloop
  endfacet
  facet normal -0.812881 -0.582429 -0
    outer loop
      vertex 1.43013 0.955581 3.2
      vertex 1.41811 0.972357 2.74563
      vertex 1.43013 0.955581 2.747
    endloop
  endfacet
  facet normal -0.812847 -0.582477 -2.67456e-06
    outer loop
      vertex 1.41811 0.972357 2.74563
      vertex 1.43013 0.955581 3.2
      vertex 1.36457 1.04707 3.2
    endloop
  endfacet
  facet normal -0.956947 -0.290261 0
    outer loop
      vertex 1.66139 0.445168 0
      vertex 1.62872 0.552876 0.650427
      vertex 1.62872 0.552876 0
    endloop
  endfacet
  facet normal -0.956947 -0.290261 0
    outer loop
      vertex 1.62872 0.552876 0.650427
      vertex 1.66139 0.445168 0
      vertex 1.66139 0.445168 0.65804
    endloop
  endfacet
  facet normal -0.956945 -0.290268 0
    outer loop
      vertex 1.63984 0.516216 1.37921
      vertex 1.62872 0.552876 2.05046
      vertex 1.62872 0.552876 1.37661
    endloop
  endfacet
  facet normal -0.956922 -0.290347 4.68344e-06
    outer loop
      vertex 1.65218 0.475546 1.38137
      vertex 1.62872 0.552876 2.05046
      vertex 1.63984 0.516216 1.37921
    endloop
  endfacet
  facet normal -0.956984 -0.29014 -2.14192e-05
    outer loop
      vertex 1.66139 0.445168 1.38348
      vertex 1.62872 0.552876 2.05046
      vertex 1.65218 0.475546 1.38137
    endloop
  endfacet
  facet normal -0.956947 -0.290261 0
    outer loop
      vertex 1.62872 0.552876 2.05046
      vertex 1.66139 0.445168 1.38348
      vertex 1.66139 0.445168 2.05807
    endloop
  endfacet
  facet normal -0.956939 -0.29029 0
    outer loop
      vertex 1.64155 0.510582 0.679591
      vertex 1.62872 0.552876 1.35045
      vertex 1.62872 0.552876 0.676587
    endloop
  endfacet
  facet normal -0.956921 -0.290347 3.91017e-06
    outer loop
      vertex 1.65389 0.469912 0.681748
      vertex 1.62872 0.552876 1.35045
      vertex 1.64155 0.510582 0.679591
    endloop
  endfacet
  facet normal -0.957004 -0.290074 -3.30574e-05
    outer loop
      vertex 1.66139 0.445168 0.683467
      vertex 1.62872 0.552876 1.35045
      vertex 1.65389 0.469912 0.681748
    endloop
  endfacet
  facet normal -0.956947 -0.290261 0
    outer loop
      vertex 1.62872 0.552876 1.35045
      vertex 1.66139 0.445168 0.683467
      vertex 1.66139 0.445168 1.35806
    endloop
  endfacet
  facet normal -0.956931 -0.290316 0
    outer loop
      vertex 1.63813 0.521859 2.07883
      vertex 1.62872 0.552876 2.75048
      vertex 1.62872 0.552876 2.07662
    endloop
  endfacet
  facet normal -0.956947 -0.290262 -2.69878e-06
    outer loop
      vertex 1.65047 0.481176 2.08099
      vertex 1.62872 0.552876 2.75048
      vertex 1.63813 0.521859 2.07883
    endloop
  endfacet
  facet normal -0.956962 -0.290214 -8.27472e-06
    outer loop
      vertex 1.66139 0.445168 2.08349
      vertex 1.62872 0.552876 2.75048
      vertex 1.65047 0.481176 2.08099
    endloop
  endfacet
  facet normal -0.956947 -0.290261 0
    outer loop
      vertex 1.62872 0.552876 2.75048
      vertex 1.66139 0.445168 2.08349
      vertex 1.66139 0.445168 2.75809
    endloop
  endfacet
  facet normal -0.956989 -0.290123 0
    outer loop
      vertex 1.63641 0.52751 2.77844
      vertex 1.62872 0.552876 3.2
      vertex 1.62872 0.552876 2.77664
    endloop
  endfacet
  facet normal -0.956934 -0.290307 1.2111e-05
    outer loop
      vertex 1.64876 0.486801 2.78061
      vertex 1.62872 0.552876 3.2
      vertex 1.63641 0.52751 2.77844
    endloop
  endfacet
  facet normal -0.956935 -0.290301 -0
    outer loop
      vertex 1.66139 0.445168 3.2
      vertex 1.64876 0.486801 2.78061
      vertex 1.66139 0.445168 2.78351
    endloop
  endfacet
  facet normal -0.956947 -0.290261 4.27782e-06
    outer loop
      vertex 1.64876 0.486801 2.78061
      vertex 1.66139 0.445168 3.2
      vertex 1.62872 0.552876 3.2
    endloop
  endfacet
  facet normal -0.412752 -0.910843 0
    outer loop
      vertex 0.658215 1.58907 0
      vertex 0.702637 1.56894 0.559316
      vertex 0.658215 1.58907 0.556065
    endloop
  endfacet
  facet normal -0.412695 -0.910869 -5.49349e-06
    outer loop
      vertex 0.702637 1.56894 0.559316
      vertex 0.658215 1.58907 0
      vertex 0.760736 1.54262 0
    endloop
  endfacet
  facet normal -0.412679 -0.910877 -3.48665e-06
    outer loop
      vertex 0.702637 1.56894 0.559316
      vertex 0.760736 1.54262 0
      vertex 0.741418 1.55137 0.561483
    endloop
  endfacet
  facet normal -0.412595 -0.910915 0
    outer loop
      vertex 0.741418 1.55137 0.561483
      vertex 0.760736 1.54262 0
      vertex 0.760736 1.54262 0.562925
    endloop
  endfacet
  facet normal -0.412653 -0.910888 7.82051e-06
    outer loop
      vertex 0.760736 1.54262 0.589086
      vertex 0.697286 1.57137 1.25893
      vertex 0.658215 1.58907 1.25608
    endloop
  endfacet
  facet normal -0.412608 -0.910909 0
    outer loop
      vertex 0.736032 1.55381 1.2611
      vertex 0.760736 1.54262 0.589086
      vertex 0.760736 1.54262 1.26294
    endloop
  endfacet
  facet normal -0.412793 -0.910825 -8.18614e-06
    outer loop
      vertex 0.697286 1.57137 1.25893
      vertex 0.760736 1.54262 0.589086
      vertex 0.736032 1.55381 1.2611
    endloop
  endfacet
  facet normal -0.412695 -0.910869 0
    outer loop
      vertex 0.760736 1.54262 0.589086
      vertex 0.658215 1.58907 1.25608
      vertex 0.658215 1.58907 0.581485
    endloop
  endfacet
  facet normal -0.412562 -0.910929 2.45365e-05
    outer loop
      vertex 0.760736 1.54262 1.2891
      vertex 0.691931 1.5738 1.95855
      vertex 0.658215 1.58907 1.95609
    endloop
  endfacet
  facet normal -0.412708 -0.910864 0
    outer loop
      vertex 0.730654 1.55625 1.96072
      vertex 0.760736 1.54262 1.2891
      vertex 0.760736 1.54262 1.96296
    endloop
  endfacet
  facet normal -0.412801 -0.910821 -5.05185e-06
    outer loop
      vertex 0.691931 1.5738 1.95855
      vertex 0.760736 1.54262 1.2891
      vertex 0.730654 1.55625 1.96072
    endloop
  endfacet
  facet normal -0.412695 -0.910869 0
    outer loop
      vertex 0.760736 1.54262 1.2891
      vertex 0.658215 1.58907 1.95609
      vertex 0.658215 1.58907 1.2815
    endloop
  endfacet
  facet normal -0.412749 -0.910845 -1.01058e-05
    outer loop
      vertex 0.760736 1.54262 1.98912
      vertex 0.686572 1.57622 2.65817
      vertex 0.658215 1.58907 2.6561
    endloop
  endfacet
  facet normal -0.412631 -0.910898 0
    outer loop
      vertex 0.725283 1.55868 2.66033
      vertex 0.760736 1.54262 1.98912
      vertex 0.760736 1.54262 2.66298
    endloop
  endfacet
  facet normal -0.412712 -0.910862 -5.13666e-06
    outer loop
      vertex 0.686572 1.57622 2.65817
      vertex 0.760736 1.54262 1.98912
      vertex 0.725283 1.55868 2.66033
    endloop
  endfacet
  facet normal -0.412695 -0.910869 0
    outer loop
      vertex 0.760736 1.54262 1.98912
      vertex 0.658215 1.58907 2.6561
      vertex 0.658215 1.58907 1.98151
    endloop
  endfacet
  facet normal -0.412695 -0.910869 0
    outer loop
      vertex 0.658215 1.58907 3.2
      vertex 0.760736 1.54262 2.68914
      vertex 0.760736 1.54262 3.2
    endloop
  endfacet
  facet normal -0.412695 -0.910869 0
    outer loop
      vertex 0.760736 1.54262 2.68914
      vertex 0.658215 1.58907 3.2
      vertex 0.658215 1.58907 2.68153
    endloop
  endfacet
  facet normal -0.849232 0.52802 0
    outer loop
      vertex 1.48956 -0.86 0
      vertex 1.43785 -0.943167 0.0520905
      vertex 1.48956 -0.86 0.0455268
    endloop
  endfacet
  facet normal -0.849226 0.528029 2.06897e-05
    outer loop
      vertex 1.43013 -0.955581 0
      vertex 1.43785 -0.943167 0.0520905
      vertex 1.48956 -0.86 0
    endloop
  endfacet
  facet normal -0.849187 0.528091 0
    outer loop
      vertex 1.43785 -0.943167 0.0520905
      vertex 1.43013 -0.955581 0
      vertex 1.43013 -0.955581 0.0528388
    endloop
  endfacet
  facet normal -0.849226 0.528029 0
    outer loop
      vertex 1.43013 -0.955581 0.0785256
      vertex 1.48956 -0.86 0.745543
      vertex 1.48956 -0.86 0.0709557
    endloop
  endfacet
  facet normal -0.849207 0.52806 -6.13126e-06
    outer loop
      vertex 1.48956 -0.86 0.745543
      vertex 1.43013 -0.955581 0.0785256
      vertex 1.44093 -0.938205 0.751711
    endloop
  endfacet
  facet normal -0.849314 0.527888 0
    outer loop
      vertex 1.44093 -0.938205 0.751711
      vertex 1.43013 -0.955581 0.0785256
      vertex 1.43013 -0.955581 0.752757
    endloop
  endfacet
  facet normal -0.849226 0.528029 0
    outer loop
      vertex 1.43013 -0.955581 0.778542
      vertex 1.48956 -0.86 1.44556
      vertex 1.48956 -0.86 0.770968
    endloop
  endfacet
  facet normal -0.849221 0.528038 -1.81416e-06
    outer loop
      vertex 1.48956 -0.86 1.44556
      vertex 1.43013 -0.955581 0.778542
      vertex 1.44402 -0.93324 1.45133
    endloop
  endfacet
  facet normal -0.849245 0.527999 0
    outer loop
      vertex 1.44402 -0.93324 1.45133
      vertex 1.43013 -0.955581 0.778542
      vertex 1.43013 -0.955581 1.45267
    endloop
  endfacet
  facet normal -0.849226 0.528029 0
    outer loop
      vertex 1.43013 -0.955581 1.47856
      vertex 1.48956 -0.86 2.14557
      vertex 1.48956 -0.86 1.47098
    endloop
  endfacet
  facet normal -0.849229 0.528024 9.39347e-07
    outer loop
      vertex 1.48956 -0.86 2.14557
      vertex 1.43013 -0.955581 1.47856
      vertex 1.44711 -0.928273 2.15095
    endloop
  endfacet
  facet normal -0.849219 0.528041 0
    outer loop
      vertex 1.44711 -0.928273 2.15095
      vertex 1.43013 -0.955581 1.47856
      vertex 1.43013 -0.955581 2.15259
    endloop
  endfacet
  facet normal -0.849226 0.528029 0
    outer loop
      vertex 1.43013 -0.955581 2.17858
      vertex 1.48956 -0.86 2.84559
      vertex 1.48956 -0.86 2.17099
    endloop
  endfacet
  facet normal -0.849225 0.528032 -6.02625e-07
    outer loop
      vertex 1.48956 -0.86 2.84559
      vertex 1.43013 -0.955581 2.17858
      vertex 1.4502 -0.923302 2.85057
    endloop
  endfacet
  facet normal -0.84923 0.528023 0
    outer loop
      vertex 1.4502 -0.923302 2.85057
      vertex 1.43013 -0.955581 2.17858
      vertex 1.43013 -0.955581 2.85251
    endloop
  endfacet
  facet normal -0.849226 0.528029 0
    outer loop
      vertex 1.43013 -0.955581 2.87859
      vertex 1.48956 -0.86 3.2
      vertex 1.48956 -0.86 2.87101
    endloop
  endfacet
  facet normal -0.849226 0.528029 0
    outer loop
      vertex 1.48956 -0.86 3.2
      vertex 1.43013 -0.955581 2.87859
      vertex 1.43013 -0.955581 3.2
    endloop
  endfacet
  facet normal 0.0980095 0.995185 -0
    outer loop
      vertex -0.112493 -1.71632 0
      vertex -0.186617 -1.70902 0.174524
      vertex -0.112493 -1.71632 0.169545
    endloop
  endfacet
  facet normal 0.0979985 0.995187 -4.71309e-06
    outer loop
      vertex -0.186617 -1.70902 0.174524
      vertex -0.112493 -1.71632 0
      vertex -0.224504 -1.70529 0
    endloop
  endfacet
  facet normal 0.097977 0.995189 0
    outer loop
      vertex -0.186617 -1.70902 0.174524
      vertex -0.224504 -1.70529 0
      vertex -0.224504 -1.70529 0.176468
    endloop
  endfacet
  facet normal 0.0980673 0.99518 -1.16695e-05
    outer loop
      vertex -0.224504 -1.70529 0.202551
      vertex -0.180788 -1.70959 0.874144
      vertex -0.112493 -1.71632 0.86956
    endloop
  endfacet
  facet normal 0.0894868 0.995988 0
    outer loop
      vertex -0.223391 -1.70539 0.876329
      vertex -0.224504 -1.70529 0.202551
      vertex -0.224504 -1.70529 0.876405
    endloop
  endfacet
  facet normal 0.0981083 0.995176 -1.43622e-05
    outer loop
      vertex -0.180788 -1.70959 0.874144
      vertex -0.224504 -1.70529 0.202551
      vertex -0.223391 -1.70539 0.876329
    endloop
  endfacet
  facet normal 0.0979985 0.995187 0
    outer loop
      vertex -0.224504 -1.70529 0.202551
      vertex -0.112493 -1.71632 0.86956
      vertex -0.112493 -1.71632 0.194965
    endloop
  endfacet
  facet normal 0.0979847 0.995188 2.3441e-06
    outer loop
      vertex -0.224504 -1.70529 0.902568
      vertex -0.174956 -1.71017 1.57376
      vertex -0.112493 -1.71632 1.56957
    endloop
  endfacet
  facet normal 0.0976676 0.995219 0
    outer loop
      vertex -0.217473 -1.70598 1.57594
      vertex -0.224504 -1.70529 0.902568
      vertex -0.224504 -1.70529 1.57642
    endloop
  endfacet
  facet normal 0.0980735 0.995179 -4.27879e-06
    outer loop
      vertex -0.174956 -1.71017 1.57376
      vertex -0.224504 -1.70529 0.902568
      vertex -0.217473 -1.70598 1.57594
    endloop
  endfacet
  facet normal 0.0979985 0.995187 0
    outer loop
      vertex -0.224504 -1.70529 0.902568
      vertex -0.112493 -1.71632 1.56957
      vertex -0.112493 -1.71632 0.894979
    endloop
  endfacet
  facet normal 0.0980639 0.99518 -1.10884e-05
    outer loop
      vertex -0.224504 -1.70529 1.60259
      vertex -0.16912 -1.71074 2.27338
      vertex -0.112493 -1.71632 2.26959
    endloop
  endfacet
  facet normal 0.0976984 0.995216 0
    outer loop
      vertex -0.211567 -1.70656 2.27556
      vertex -0.224504 -1.70529 1.60259
      vertex -0.224504 -1.70529 2.27644
    endloop
  endfacet
  facet normal 0.0980014 0.995186 -5.88089e-06
    outer loop
      vertex -0.16912 -1.71074 2.27338
      vertex -0.224504 -1.70529 1.60259
      vertex -0.211567 -1.70656 2.27556
    endloop
  endfacet
  facet normal 0.0979985 0.995187 0
    outer loop
      vertex -0.224504 -1.70529 1.60259
      vertex -0.112493 -1.71632 2.26959
      vertex -0.112493 -1.71632 1.59499
    endloop
  endfacet
  facet normal 0.0979788 0.995188 3.32881e-06
    outer loop
      vertex -0.224504 -1.70529 2.3026
      vertex -0.163279 -1.71132 2.973
      vertex -0.112493 -1.71632 2.9696
    endloop
  endfacet
  facet normal 0.097751 0.995211 0
    outer loop
      vertex -0.205669 -1.70714 2.97517
      vertex -0.224504 -1.70529 2.3026
      vertex -0.224504 -1.70529 2.97646
    endloop
  endfacet
  facet normal 0.0981317 0.995173 -1.07635e-05
    outer loop
      vertex -0.163279 -1.71132 2.973
      vertex -0.224504 -1.70529 2.3026
      vertex -0.205669 -1.70714 2.97517
    endloop
  endfacet
  facet normal 0.0979985 0.995187 0
    outer loop
      vertex -0.224504 -1.70529 2.3026
      vertex -0.112493 -1.71632 2.9696
      vertex -0.112493 -1.71632 2.29501
    endloop
  endfacet
  facet normal 0.0979985 0.995187 0
    outer loop
      vertex -0.112493 -1.71632 3.2
      vertex -0.224504 -1.70529 3.00262
      vertex -0.224504 -1.70529 3.2
    endloop
  endfacet
  facet normal 0.0979985 0.995187 0
    outer loop
      vertex -0.224504 -1.70529 3.00262
      vertex -0.112493 -1.71632 3.2
      vertex -0.112493 -1.71632 2.99502
    endloop
  endfacet
  facet normal -0.471343 0.88195 0
    outer loop
      vertex 0.86 -1.48956 0
      vertex 0.853451 -1.49306 0.104563
      vertex 0.86 -1.48956 0.10407
    endloop
  endfacet
  facet normal -0.471505 0.881863 -1.30538e-05
    outer loop
      vertex 0.853451 -1.49306 0.104563
      vertex 0.86 -1.48956 0
      vertex 0.815895 -1.51314 0.106719
    endloop
  endfacet
  facet normal -0.471413 0.881913 3.61162e-05
    outer loop
      vertex 0.760736 -1.54262 0
      vertex 0.815895 -1.51314 0.106719
      vertex 0.86 -1.48956 0
    endloop
  endfacet
  facet normal -0.471358 0.881942 0
    outer loop
      vertex 0.815895 -1.51314 0.106719
      vertex 0.760736 -1.54262 0
      vertex 0.760736 -1.54262 0.110966
    endloop
  endfacet
  facet normal -0.473837 0.880612 0.000464308
    outer loop
      vertex 0.760736 -1.54262 0.137129
      vertex 0.858662 -1.49028 0.804182
      vertex 0.86 -1.48956 0.804081
    endloop
  endfacet
  facet normal -0.471365 0.881938 0
    outer loop
      vertex 0.821058 -1.51038 0.806339
      vertex 0.760736 -1.54262 0.137129
      vertex 0.760736 -1.54262 0.810983
    endloop
  endfacet
  facet normal -0.471401 0.881919 4.15733e-06
    outer loop
      vertex 0.858662 -1.49028 0.804182
      vertex 0.760736 -1.54262 0.137129
      vertex 0.821058 -1.51038 0.806339
    endloop
  endfacet
  facet normal -0.471413 0.881913 0
    outer loop
      vertex 0.760736 -1.54262 0.137129
      vertex 0.86 -1.48956 0.804081
      vertex 0.86 -1.48956 0.129507
    endloop
  endfacet
  facet normal -0.471405 0.881917 0
    outer loop
      vertex 0.826215 -1.50762 1.50596
      vertex 0.760736 -1.54262 0.837104
      vertex 0.760736 -1.54262 1.511
    endloop
  endfacet
  facet normal -0.471428 0.881904 -4.75487e-06
    outer loop
      vertex 0.762917 -1.54146 0.83698
      vertex 0.826215 -1.50762 1.50596
      vertex 0.86 -1.48956 1.50402
    endloop
  endfacet
  facet normal -0.46959 0.882885 -0.000228327
    outer loop
      vertex 0.826215 -1.50762 1.50596
      vertex 0.762917 -1.54146 0.83698
      vertex 0.760736 -1.54262 0.837104
    endloop
  endfacet
  facet normal -0.471454 0.881891 0
    outer loop
      vertex 0.762917 -1.54146 0.83698
      vertex 0.86 -1.48956 1.50402
      vertex 0.86 -1.48956 0.829522
    endloop
  endfacet
  facet normal -0.471377 0.881932 0
    outer loop
      vertex 0.831365 -1.50487 2.20558
      vertex 0.760736 -1.54262 1.53702
      vertex 0.760736 -1.54262 2.21102
    endloop
  endfacet
  facet normal -0.471499 0.881867 1.31663e-05
    outer loop
      vertex 0.768035 -1.53872 1.53661
      vertex 0.831365 -1.50487 2.20558
      vertex 0.86 -1.48956 2.20394
    endloop
  endfacet
  facet normal -0.471266 0.881991 -1.51198e-05
    outer loop
      vertex 0.831365 -1.50487 2.20558
      vertex 0.768035 -1.53872 1.53661
      vertex 0.760736 -1.54262 1.53702
    endloop
  endfacet
  facet normal -0.471424 0.881907 0
    outer loop
      vertex 0.768035 -1.53872 1.53661
      vertex 0.86 -1.48956 2.20394
      vertex 0.86 -1.48956 1.52954
    endloop
  endfacet
  facet normal -0.471388 0.881926 0
    outer loop
      vertex 0.836508 -1.50212 2.90521
      vertex 0.760736 -1.54262 2.23694
      vertex 0.760736 -1.54262 2.91103
    endloop
  endfacet
  facet normal -0.471491 0.881871 1.25194e-05
    outer loop
      vertex 0.773159 -1.53598 2.23623
      vertex 0.836508 -1.50212 2.90521
      vertex 0.86 -1.48956 2.90386
    endloop
  endfacet
  facet normal -0.471384 0.881928 -5.72069e-07
    outer loop
      vertex 0.836508 -1.50212 2.90521
      vertex 0.773159 -1.53598 2.23623
      vertex 0.760736 -1.54262 2.23694
    endloop
  endfacet
  facet normal -0.471417 0.881911 0
    outer loop
      vertex 0.773159 -1.53598 2.23623
      vertex 0.86 -1.48956 2.90386
      vertex 0.86 -1.48956 2.22955
    endloop
  endfacet
  facet normal -0.471413 0.881913 -8.94203e-06
    outer loop
      vertex 0.778289 -1.53324 2.93585
      vertex 0.760736 -1.54262 3.2
      vertex 0.86 -1.48956 3.2
    endloop
  endfacet
  facet normal -0.471308 0.881969 0
    outer loop
      vertex 0.760736 -1.54262 3.2
      vertex 0.778289 -1.53324 2.93585
      vertex 0.760736 -1.54262 2.93686
    endloop
  endfacet
  facet normal -0.471435 0.881901 0
    outer loop
      vertex 0.778289 -1.53324 2.93585
      vertex 0.86 -1.48956 3.2
      vertex 0.86 -1.48956 2.92957
    endloop
  endfacet
  facet normal 0.29009 0.956999 -0
    outer loop
      vertex -0.445168 -1.66139 0
      vertex -0.451568 -1.65945 0.192015
      vertex -0.445168 -1.66139 0.191571
    endloop
  endfacet
  facet normal 0.290216 0.956961 4.57658e-06
    outer loop
      vertex -0.451568 -1.65945 0.192015
      vertex -0.445168 -1.66139 0
      vertex -0.492324 -1.64709 0.194171
    endloop
  endfacet
  facet normal 0.290261 0.956947 1.65695e-05
    outer loop
      vertex -0.552876 -1.62872 0
      vertex -0.492324 -1.64709 0.194171
      vertex -0.445168 -1.66139 0
    endloop
  endfacet
  facet normal 0.29031 0.956933 0
    outer loop
      vertex -0.492324 -1.64709 0.194171
      vertex -0.552876 -1.62872 0
      vertex -0.552876 -1.62872 0.198468
    endloop
  endfacet
  facet normal 0.283562 0.958954 -0
    outer loop
      vertex -0.445168 -1.66139 0.217008
      vertex -0.445912 -1.66117 0.891635
      vertex -0.445168 -1.66139 0.891583
    endloop
  endfacet
  facet normal 0.290317 0.956931 0
    outer loop
      vertex -0.486722 -1.64879 0.893792
      vertex -0.552876 -1.62872 0.224631
      vertex -0.552876 -1.62872 0.898485
    endloop
  endfacet
  facet normal 0.290294 0.956938 2.44645e-06
    outer loop
      vertex -0.445912 -1.66117 0.891635
      vertex -0.552876 -1.62872 0.224631
      vertex -0.486722 -1.64879 0.893792
    endloop
  endfacet
  facet normal 0.290262 0.956947 8.04364e-06
    outer loop
      vertex -0.445912 -1.66117 0.891635
      vertex -0.445168 -1.66139 0.217008
      vertex -0.552876 -1.62872 0.224631
    endloop
  endfacet
  facet normal 0.290229 0.956957 0
    outer loop
      vertex -0.481128 -1.65048 1.59341
      vertex -0.552876 -1.62872 0.924594
      vertex -0.552876 -1.62872 1.5985
    endloop
  endfacet
  facet normal 0.290324 0.956928 -1.34232e-05
    outer loop
      vertex -0.549816 -1.62965 0.924433
      vertex -0.481128 -1.65048 1.59341
      vertex -0.445168 -1.66139 1.59151
    endloop
  endfacet
  facet normal 0.290785 0.956788 -6.51022e-05
    outer loop
      vertex -0.481128 -1.65048 1.59341
      vertex -0.549816 -1.62965 0.924433
      vertex -0.552876 -1.62872 0.924594
    endloop
  endfacet
  facet normal 0.290246 0.956952 0
    outer loop
      vertex -0.549816 -1.62965 0.924433
      vertex -0.445168 -1.66139 1.59151
      vertex -0.445168 -1.66139 0.917025
    endloop
  endfacet
  facet normal 0.290292 0.956938 0
    outer loop
      vertex -0.475541 -1.65218 2.29304
      vertex -0.552876 -1.62872 1.62451
      vertex -0.552876 -1.62872 2.29852
    endloop
  endfacet
  facet normal 0.290183 0.956971 1.67059e-05
    outer loop
      vertex -0.544262 -1.63133 1.62406
      vertex -0.475541 -1.65218 2.29304
      vertex -0.445168 -1.66139 2.29143
    endloop
  endfacet
  facet normal 0.289978 0.957033 3.96605e-05
    outer loop
      vertex -0.475541 -1.65218 2.29304
      vertex -0.544262 -1.63133 1.62406
      vertex -0.552876 -1.62872 1.62451
    endloop
  endfacet
  facet normal 0.290286 0.95694 0
    outer loop
      vertex -0.544262 -1.63133 1.62406
      vertex -0.445168 -1.66139 2.29143
      vertex -0.445168 -1.66139 1.61704
    endloop
  endfacet
  facet normal 0.290264 0.956947 0
    outer loop
      vertex -0.469961 -1.65387 2.99266
      vertex -0.552876 -1.62872 2.32443
      vertex -0.552876 -1.62872 2.99854
    endloop
  endfacet
  facet normal 0.290254 0.95695 5.30808e-07
    outer loop
      vertex -0.538701 -1.63302 2.32368
      vertex -0.469961 -1.65387 2.99266
      vertex -0.445168 -1.66139 2.99135
    endloop
  endfacet
  facet normal 0.290288 0.956939 -3.33722e-06
    outer loop
      vertex -0.469961 -1.65387 2.99266
      vertex -0.538701 -1.63302 2.32368
      vertex -0.552876 -1.62872 2.32443
    endloop
  endfacet
  facet normal 0.290257 0.956949 0
    outer loop
      vertex -0.538701 -1.63302 2.32368
      vertex -0.445168 -1.66139 2.99135
      vertex -0.445168 -1.66139 2.31706
    endloop
  endfacet
  facet normal 0.290261 0.956947 -1.00457e-05
    outer loop
      vertex -0.533134 -1.63471 3.02331
      vertex -0.552876 -1.62872 3.2
      vertex -0.445168 -1.66139 3.2
    endloop
  endfacet
  facet normal 0.290344 0.956922 0
    outer loop
      vertex -0.552876 -1.62872 3.2
      vertex -0.533134 -1.63471 3.02331
      vertex -0.552876 -1.62872 3.02435
    endloop
  endfacet
  facet normal 0.290243 0.956953 0
    outer loop
      vertex -0.533134 -1.63471 3.02331
      vertex -0.445168 -1.66139 3.2
      vertex -0.445168 -1.66139 3.01707
    endloop
  endfacet
  facet normal 0.849226 0.528029 0
    outer loop
      vertex -1.43013 -0.955581 0.271514
      vertex -1.48956 -0.86 0
      vertex -1.48956 -0.86 0.279073
    endloop
  endfacet
  facet normal 0.849226 0.528029 0
    outer loop
      vertex -1.48956 -0.86 0
      vertex -1.43013 -0.955581 0.271514
      vertex -1.43013 -0.955581 0
    endloop
  endfacet
  facet normal 0.849226 0.528029 0
    outer loop
      vertex -1.43013 -0.955581 0.97153
      vertex -1.48956 -0.86 0.304511
      vertex -1.48956 -0.86 0.979084
    endloop
  endfacet
  facet normal 0.849217 0.528044 3.06671e-06
    outer loop
      vertex -1.48956 -0.86 0.304511
      vertex -1.43013 -0.955581 0.97153
      vertex -1.43014 -0.955561 0.296958
    endloop
  endfacet
  facet normal 0.894427 0.447214 0
    outer loop
      vertex -1.43014 -0.955561 0.296958
      vertex -1.43013 -0.955581 0.97153
      vertex -1.43013 -0.955581 0.296957
    endloop
  endfacet
  facet normal 0.849304 0.527904 0
    outer loop
      vertex -1.4865 -0.864923 1.67871
      vertex -1.48956 -0.86 1.00453
      vertex -1.48956 -0.86 1.679
    endloop
  endfacet
  facet normal 0.849222 0.528036 1.33351e-06
    outer loop
      vertex -1.43013 -0.955581 1.67155
      vertex -1.48956 -0.86 1.00453
      vertex -1.4865 -0.864923 1.67871
    endloop
  endfacet
  facet normal 0.849226 0.528029 0
    outer loop
      vertex -1.48956 -0.86 1.00453
      vertex -1.43013 -0.955581 1.67155
      vertex -1.43013 -0.955581 0.996967
    endloop
  endfacet
  facet normal 0.849372 0.527795 0
    outer loop
      vertex -1.48342 -0.869881 2.37833
      vertex -1.48956 -0.86 1.70454
      vertex -1.48956 -0.86 2.37892
    endloop
  endfacet
  facet normal 0.84921 0.528056 5.29542e-06
    outer loop
      vertex -1.43013 -0.955581 2.37156
      vertex -1.48956 -0.86 1.70454
      vertex -1.48342 -0.869881 2.37833
    endloop
  endfacet
  facet normal 0.849226 0.528029 0
    outer loop
      vertex -1.48956 -0.86 1.70454
      vertex -1.43013 -0.955581 2.37156
      vertex -1.43013 -0.955581 1.69698
    endloop
  endfacet
  facet normal 0.849185 0.528095 0
    outer loop
      vertex -1.48033 -0.874842 3.07795
      vertex -1.48956 -0.86 2.40456
      vertex -1.48956 -0.86 3.07884
    endloop
  endfacet
  facet normal 0.849234 0.528017 -2.37899e-06
    outer loop
      vertex -1.43013 -0.955581 3.07158
      vertex -1.48956 -0.86 2.40456
      vertex -1.48033 -0.874842 3.07795
    endloop
  endfacet
  facet normal 0.849226 0.528029 0
    outer loop
      vertex -1.48956 -0.86 2.40456
      vertex -1.43013 -0.955581 3.07158
      vertex -1.43013 -0.955581 2.39699
    endloop
  endfacet
  facet normal 0.849226 0.528029 0
    outer loop
      vertex -1.43013 -0.955581 3.2
      vertex -1.48956 -0.86 3.10458
      vertex -1.48956 -0.86 3.2
    endloop
  endfacet
  facet normal 0.849226 0.528029 0
    outer loop
      vertex -1.48956 -0.86 3.10458
      vertex -1.43013 -0.955581 3.2
      vertex -1.43013 -0.955581 3.097
    endloop
  endfacet
  facet normal -0.634451 -0.772963 0
    outer loop
      vertex 1.13407 1.29316 0
      vertex 1.04707 1.36457 0.585001
      vertex 1.04707 1.36457 0
    endloop
  endfacet
  facet normal -0.634451 -0.772963 0
    outer loop
      vertex 1.04707 1.36457 0.585001
      vertex 1.13407 1.29316 0
      vertex 1.13407 1.29316 0.592574
    endloop
  endfacet
  facet normal -0.634451 -0.772963 0
    outer loop
      vertex 1.04707 1.36457 1.28502
      vertex 1.13407 1.29316 0.618
      vertex 1.13407 1.29316 1.29259
    endloop
  endfacet
  facet normal -0.634441 -0.772972 2.34932e-06
    outer loop
      vertex 1.04707 1.36457 1.28502
      vertex 1.06237 1.35201 0.611787
      vertex 1.13407 1.29316 0.618
    endloop
  endfacet
  facet normal -0.634502 -0.772921 0
    outer loop
      vertex 1.06237 1.35201 0.611787
      vertex 1.04707 1.36457 1.28502
      vertex 1.04707 1.36457 0.610774
    endloop
  endfacet
  facet normal -0.634451 -0.772963 0
    outer loop
      vertex 1.04707 1.36457 1.98503
      vertex 1.13407 1.29316 1.31802
      vertex 1.13407 1.29316 1.9926
    endloop
  endfacet
  facet normal -0.634441 -0.772971 2.25812e-06
    outer loop
      vertex 1.04707 1.36457 1.98503
      vertex 1.05785 1.35572 1.31141
      vertex 1.13407 1.29316 1.31802
    endloop
  endfacet
  facet normal -0.634525 -0.772902 0
    outer loop
      vertex 1.05785 1.35572 1.31141
      vertex 1.04707 1.36457 1.98503
      vertex 1.04707 1.36457 1.31069
    endloop
  endfacet
  facet normal -0.634451 -0.772963 0
    outer loop
      vertex 1.04707 1.36457 2.68505
      vertex 1.13407 1.29316 2.01803
      vertex 1.13407 1.29316 2.69261
    endloop
  endfacet
  facet normal -0.634431 -0.772979 4.39026e-06
    outer loop
      vertex 1.04707 1.36457 2.68505
      vertex 1.05334 1.35942 2.01103
      vertex 1.13407 1.29316 2.01803
    endloop
  endfacet
  facet normal -0.634713 -0.772748 0
    outer loop
      vertex 1.05334 1.35942 2.01103
      vertex 1.04707 1.36457 2.68505
      vertex 1.04707 1.36457 2.01061
    endloop
  endfacet
  facet normal -0.634451 -0.772963 0
    outer loop
      vertex 1.04707 1.36457 3.2
      vertex 1.13407 1.29316 2.71805
      vertex 1.13407 1.29316 3.2
    endloop
  endfacet
  facet normal -0.634476 -0.772943 -7.43948e-06
    outer loop
      vertex 1.04707 1.36457 3.2
      vertex 1.04883 1.36313 2.71065
      vertex 1.13407 1.29316 2.71805
    endloop
  endfacet
  facet normal -0.633238 -0.773957 0
    outer loop
      vertex 1.04883 1.36313 2.71065
      vertex 1.04707 1.36457 3.2
      vertex 1.04707 1.36457 2.71053
    endloop
  endfacet
  facet normal -0.935897 0.352275 0
    outer loop
      vertex 1.58907 -0.658215 0
      vertex 1.62872 -0.552876 0.0234637
      vertex 1.62872 -0.552876 0
    endloop
  endfacet
  facet normal -0.935897 0.352275 0
    outer loop
      vertex 1.62872 -0.552876 0.0234637
      vertex 1.58907 -0.658215 0
      vertex 1.58907 -0.658215 0.0310544
    endloop
  endfacet
  facet normal -0.936171 0.351546 0
    outer loop
      vertex 1.62726 -0.556764 0.0499091
      vertex 1.62872 -0.552876 0.723481
      vertex 1.62872 -0.552876 0.0496264
    endloop
  endfacet
  facet normal -0.935857 0.352381 -5.50335e-06
    outer loop
      vertex 1.61219 -0.596787 0.0520905
      vertex 1.62872 -0.552876 0.723481
      vertex 1.62726 -0.556764 0.0499091
    endloop
  endfacet
  facet normal -0.935905 0.352252 4.12267e-06
    outer loop
      vertex 1.58907 -0.658215 0.0564736
      vertex 1.62872 -0.552876 0.723481
      vertex 1.61219 -0.596787 0.0520905
    endloop
  endfacet
  facet normal -0.935897 0.352275 0
    outer loop
      vertex 1.62872 -0.552876 0.723481
      vertex 1.58907 -0.658215 0.0564736
      vertex 1.58907 -0.658215 0.731068
    endloop
  endfacet
  facet normal -0.935932 0.35218 0
    outer loop
      vertex 1.61426 -0.591304 0.751711
      vertex 1.62872 -0.552876 1.4235
      vertex 1.62872 -0.552876 0.749615
    endloop
  endfacet
  facet normal -0.935876 0.352329 -9.70968e-06
    outer loop
      vertex 1.58907 -0.658215 0.756488
      vertex 1.62872 -0.552876 1.4235
      vertex 1.61426 -0.591304 0.751711
    endloop
  endfacet
  facet normal -0.935897 0.352275 0
    outer loop
      vertex 1.62872 -0.552876 1.4235
      vertex 1.58907 -0.658215 0.756488
      vertex 1.58907 -0.658215 1.43108
    endloop
  endfacet
  facet normal -0.935913 0.352231 0
    outer loop
      vertex 1.61632 -0.585824 1.45133
      vertex 1.62872 -0.552876 2.12352
      vertex 1.62872 -0.552876 1.44953
    endloop
  endfacet
  facet normal -0.935889 0.352295 -3.53803e-06
    outer loop
      vertex 1.58907 -0.658215 1.4565
      vertex 1.62872 -0.552876 2.12352
      vertex 1.61632 -0.585824 1.45133
    endloop
  endfacet
  facet normal -0.935897 0.352275 0
    outer loop
      vertex 1.62872 -0.552876 2.12352
      vertex 1.58907 -0.658215 1.4565
      vertex 1.58907 -0.658215 2.13109
    endloop
  endfacet
  facet normal -0.935899 0.352269 0
    outer loop
      vertex 1.61838 -0.580347 2.15095
      vertex 1.62872 -0.552876 2.82353
      vertex 1.62872 -0.552876 2.14945
    endloop
  endfacet
  facet normal -0.935896 0.352277 -3.54399e-07
    outer loop
      vertex 1.58907 -0.658215 2.15652
      vertex 1.62872 -0.552876 2.82353
      vertex 1.61838 -0.580347 2.15095
    endloop
  endfacet
  facet normal -0.935897 0.352275 0
    outer loop
      vertex 1.62872 -0.552876 2.82353
      vertex 1.58907 -0.658215 2.15652
      vertex 1.58907 -0.658215 2.83111
    endloop
  endfacet
  facet normal -0.935898 0.35227 0
    outer loop
      vertex 1.62044 -0.574874 2.85057
      vertex 1.62872 -0.552876 3.2
      vertex 1.62872 -0.552876 2.84937
    endloop
  endfacet
  facet normal -0.935896 0.352276 -4.40867e-07
    outer loop
      vertex 1.58907 -0.658215 2.85653
      vertex 1.62872 -0.552876 3.2
      vertex 1.62044 -0.574874 2.85057
    endloop
  endfacet
  facet normal -0.935897 0.352275 0
    outer loop
      vertex 1.62872 -0.552876 3.2
      vertex 1.58907 -0.658215 2.85653
      vertex 1.58907 -0.658215 3.2
    endloop
  endfacet
  facet normal 0.995187 0.0979985 0
    outer loop
      vertex -1.70529 -0.224504 0.322494
      vertex -1.71632 -0.112493 0
      vertex -1.71632 -0.112493 0.330069
    endloop
  endfacet
  facet normal 0.995187 0.0979985 0
    outer loop
      vertex -1.71632 -0.112493 0
      vertex -1.70529 -0.224504 0.322494
      vertex -1.70529 -0.224504 0
    endloop
  endfacet
  facet normal 0.995187 0.0979985 0
    outer loop
      vertex -1.70529 -0.224504 1.02251
      vertex -1.71632 -0.112493 0.355494
      vertex -1.71632 -0.112493 1.03008
    endloop
  endfacet
  facet normal 0.995182 0.0980448 7.85111e-06
    outer loop
      vertex -1.71632 -0.112493 0.355494
      vertex -1.70529 -0.224504 1.02251
      vertex -1.70744 -0.202627 0.349429
    endloop
  endfacet
  facet normal 0.995206 0.0978055 0
    outer loop
      vertex -1.70744 -0.202627 0.349429
      vertex -1.70529 -0.224504 1.02251
      vertex -1.70529 -0.224504 0.348304
    endloop
  endfacet
  facet normal 0.995187 0.0979985 0
    outer loop
      vertex -1.70529 -0.224504 1.72253
      vertex -1.71632 -0.112493 1.05551
      vertex -1.71632 -0.112493 1.73009
    endloop
  endfacet
  facet normal 0.995185 0.0980144 2.69768e-06
    outer loop
      vertex -1.71632 -0.112493 1.05551
      vertex -1.70529 -0.224504 1.72253
      vertex -1.70687 -0.208443 1.04905
    endloop
  endfacet
  facet normal 0.995196 0.0979024 0
    outer loop
      vertex -1.70687 -0.208443 1.04905
      vertex -1.70529 -0.224504 1.72253
      vertex -1.70529 -0.224504 1.04822
    endloop
  endfacet
  facet normal 0.995187 0.0979985 0
    outer loop
      vertex -1.70529 -0.224504 2.42254
      vertex -1.71632 -0.112493 1.75552
      vertex -1.71632 -0.112493 2.43011
    endloop
  endfacet
  facet normal 0.995178 0.0980861 1.48517e-05
    outer loop
      vertex -1.71632 -0.112493 1.75552
      vertex -1.70529 -0.224504 2.42254
      vertex -1.70629 -0.214256 1.74867
    endloop
  endfacet
  facet normal 0.995273 0.0971187 0
    outer loop
      vertex -1.70629 -0.214256 1.74867
      vertex -1.70529 -0.224504 2.42254
      vertex -1.70529 -0.224504 1.74814
    endloop
  endfacet
  facet normal 0.995187 0.0979985 0
    outer loop
      vertex -1.70529 -0.224504 3.12256
      vertex -1.71632 -0.112493 2.45554
      vertex -1.71632 -0.112493 3.13012
    endloop
  endfacet
  facet normal 0.99518 0.0980621 1.0785e-05
    outer loop
      vertex -1.71632 -0.112493 2.45554
      vertex -1.70529 -0.224504 3.12256
      vertex -1.70572 -0.220066 2.44829
    endloop
  endfacet
  facet normal 0.995339 0.0964389 0
    outer loop
      vertex -1.70572 -0.220066 2.44829
      vertex -1.70529 -0.224504 3.12256
      vertex -1.70529 -0.224504 2.44806
    endloop
  endfacet
  facet normal 0.995187 0.0979985 0
    outer loop
      vertex -1.70529 -0.224504 3.2
      vertex -1.71632 -0.112493 3.15556
      vertex -1.71632 -0.112493 3.2
    endloop
  endfacet
  facet normal 0.995187 0.0979985 0
    outer loop
      vertex -1.71632 -0.112493 3.15556
      vertex -1.70529 -0.224504 3.2
      vertex -1.70529 -0.224504 3.148
    endloop
  endfacet
  facet normal 0.0979985 -0.995187 0
    outer loop
      vertex -0.112493 1.71632 0
      vertex -0.224504 1.70529 0.497498
      vertex -0.224504 1.70529 0
    endloop
  endfacet
  facet normal 0.0979985 -0.995187 0
    outer loop
      vertex -0.224504 1.70529 0.497498
      vertex -0.112493 1.71632 0
      vertex -0.112493 1.71632 0.505072
    endloop
  endfacet
  facet normal 0.0979985 -0.995187 0
    outer loop
      vertex -0.224504 1.70529 1.89753
      vertex -0.112493 1.71632 1.23051
      vertex -0.112493 1.71632 1.9051
    endloop
  endfacet
  facet normal 0.0980824 -0.995178 1.42295e-05
    outer loop
      vertex -0.224504 1.70529 1.89753
      vertex -0.209897 1.70672 1.22395
      vertex -0.112493 1.71632 1.23051
    endloop
  endfacet
  facet normal 0.0974325 -0.995242 0
    outer loop
      vertex -0.209897 1.70672 1.22395
      vertex -0.224504 1.70529 1.89753
      vertex -0.224504 1.70529 1.2232
    endloop
  endfacet
  facet normal 0.0979985 -0.995187 0
    outer loop
      vertex -0.224504 1.70529 1.19752
      vertex -0.112493 1.71632 0.530498
      vertex -0.112493 1.71632 1.20508
    endloop
  endfacet
  facet normal 0.0980092 -0.995186 1.81295e-06
    outer loop
      vertex -0.224504 1.70529 1.19752
      vertex -0.204082 1.7073 0.524334
      vertex -0.112493 1.71632 0.530498
    endloop
  endfacet
  facet normal 0.09795 -0.995191 0
    outer loop
      vertex -0.204082 1.7073 0.524334
      vertex -0.224504 1.70529 1.19752
      vertex -0.224504 1.70529 0.523284
    endloop
  endfacet
  facet normal 0.0979985 -0.995187 0
    outer loop
      vertex -0.224504 1.70529 2.59755
      vertex -0.112493 1.71632 1.93053
      vertex -0.112493 1.71632 2.60511
    endloop
  endfacet
  facet normal 0.0980558 -0.995181 9.71058e-06
    outer loop
      vertex -0.224504 1.70529 2.59755
      vertex -0.215709 1.70615 1.92357
      vertex -0.112493 1.71632 1.93053
    endloop
  endfacet
  facet normal 0.0973187 -0.995253 0
    outer loop
      vertex -0.215709 1.70615 1.92357
      vertex -0.224504 1.70529 2.59755
      vertex -0.224504 1.70529 1.92312
    endloop
  endfacet
  facet normal 0.0979985 -0.995187 0
    outer loop
      vertex -0.224504 1.70529 3.2
      vertex -0.112493 1.71632 2.63054
      vertex -0.112493 1.71632 3.2
    endloop
  endfacet
  facet normal 0.0980345 -0.995183 7.15658e-06
    outer loop
      vertex -0.224504 1.70529 3.2
      vertex -0.221518 1.70558 2.62319
      vertex -0.112493 1.71632 2.63054
    endloop
  endfacet
  facet normal 0.0966651 -0.995317 0
    outer loop
      vertex -0.221518 1.70558 2.62319
      vertex -0.224504 1.70529 3.2
      vertex -0.224504 1.70529 2.62304
    endloop
  endfacet
  facet normal -0.227047 0.973884 0
    outer loop
      vertex 0.445168 -1.66139 0
      vertex 0.350502 -1.68346 0.139543
      vertex 0.445168 -1.66139 0.133029
    endloop
  endfacet
  facet normal -0.227092 0.973873 -3.20927e-05
    outer loop
      vertex 0.350502 -1.68346 0.139543
      vertex 0.445168 -1.66139 0
      vertex 0.335555 -1.68695 0
    endloop
  endfacet
  facet normal -0.227376 0.973807 0
    outer loop
      vertex 0.350502 -1.68346 0.139543
      vertex 0.335555 -1.68695 0
      vertex 0.335555 -1.68695 0.140329
    endloop
  endfacet
  facet normal -0.227117 0.973868 4.36077e-06
    outer loop
      vertex 0.335555 -1.68695 0.166028
      vertex 0.356193 -1.68214 0.839163
      vertex 0.445168 -1.66139 0.833044
    endloop
  endfacet
  facet normal -0.226982 0.973899 0
    outer loop
      vertex 0.356193 -1.68214 0.839163
      vertex 0.335555 -1.68695 0.166028
      vertex 0.335555 -1.68695 0.840247
    endloop
  endfacet
  facet normal -0.227092 0.973873 0
    outer loop
      vertex 0.335555 -1.68695 0.166028
      vertex 0.445168 -1.66139 0.833044
      vertex 0.445168 -1.66139 0.158458
    endloop
  endfacet
  facet normal -0.227091 0.973873 -5.99815e-08
    outer loop
      vertex 0.335555 -1.68695 0.866045
      vertex 0.361886 -1.68081 1.53878
      vertex 0.445168 -1.66139 1.53306
    endloop
  endfacet
  facet normal -0.227093 0.973873 0
    outer loop
      vertex 0.361886 -1.68081 1.53878
      vertex 0.335555 -1.68695 0.866045
      vertex 0.335555 -1.68695 1.54017
    endloop
  endfacet
  facet normal -0.227092 0.973873 0
    outer loop
      vertex 0.335555 -1.68695 0.866045
      vertex 0.445168 -1.66139 1.53306
      vertex 0.445168 -1.66139 0.85847
    endloop
  endfacet
  facet normal -0.227076 0.973877 -2.75172e-06
    outer loop
      vertex 0.335555 -1.68695 1.56606
      vertex 0.367584 -1.67948 2.2384
      vertex 0.445168 -1.66139 2.23307
    endloop
  endfacet
  facet normal -0.227131 0.973864 0
    outer loop
      vertex 0.367584 -1.67948 2.2384
      vertex 0.335555 -1.68695 1.56606
      vertex 0.335555 -1.68695 2.24008
    endloop
  endfacet
  facet normal -0.227092 0.973873 0
    outer loop
      vertex 0.335555 -1.68695 1.56606
      vertex 0.445168 -1.66139 2.23307
      vertex 0.445168 -1.66139 1.55848
    endloop
  endfacet
  facet normal -0.227067 0.973879 -4.3304e-06
    outer loop
      vertex 0.335555 -1.68695 2.26608
      vertex 0.373285 -1.67815 2.93802
      vertex 0.445168 -1.66139 2.93309
    endloop
  endfacet
  facet normal -0.22714 0.973862 0
    outer loop
      vertex 0.373285 -1.67815 2.93802
      vertex 0.335555 -1.68695 2.26608
      vertex 0.335555 -1.68695 2.94
    endloop
  endfacet
  facet normal -0.227092 0.973873 0
    outer loop
      vertex 0.335555 -1.68695 2.26608
      vertex 0.445168 -1.66139 2.93309
      vertex 0.445168 -1.66139 2.2585
    endloop
  endfacet
  facet normal -0.227092 0.973873 0
    outer loop
      vertex 0.445168 -1.66139 3.2
      vertex 0.335555 -1.68695 2.96609
      vertex 0.335555 -1.68695 3.2
    endloop
  endfacet
  facet normal -0.227092 0.973873 0
    outer loop
      vertex 0.335555 -1.68695 2.96609
      vertex 0.445168 -1.66139 3.2
      vertex 0.445168 -1.66139 2.95851
    endloop
  endfacet
  facet normal 0.772911 0.634514 0
    outer loop
      vertex -1.33995 -1.07706 0.261977
      vertex -1.36457 -1.04707 0
      vertex -1.36457 -1.04707 0.263958
    endloop
  endfacet
  facet normal 0.77299 0.634418 -0
    outer loop
      vertex -1.29316 -1.13407 0
      vertex -1.33995 -1.07706 0.261977
      vertex -1.29316 -1.13407 0.257047
    endloop
  endfacet
  facet normal 0.772963 0.634451 -1.20089e-05
    outer loop
      vertex -1.33995 -1.07706 0.261977
      vertex -1.29316 -1.13407 0
      vertex -1.36457 -1.04707 0
    endloop
  endfacet
  facet normal 0.770847 0.63702 0
    outer loop
      vertex -1.36338 -1.04851 0.96378
      vertex -1.36457 -1.04707 0.290053
      vertex -1.36457 -1.04707 0.963907
    endloop
  endfacet
  facet normal 0.773102 0.634281 -9.83632e-06
    outer loop
      vertex -1.33624 -1.08159 0.961596
      vertex -1.36457 -1.04707 0.290053
      vertex -1.36338 -1.04851 0.96378
    endloop
  endfacet
  facet normal 0.772933 0.634488 7.9304e-06
    outer loop
      vertex -1.29316 -1.13407 0.957061
      vertex -1.36457 -1.04707 0.290053
      vertex -1.33624 -1.08159 0.961596
    endloop
  endfacet
  facet normal 0.772963 0.634451 0
    outer loop
      vertex -1.36457 -1.04707 0.290053
      vertex -1.29316 -1.13407 0.957061
      vertex -1.29316 -1.13407 0.282468
    endloop
  endfacet
  facet normal 0.772854 0.634584 0
    outer loop
      vertex -1.35585 -1.05769 2.36301
      vertex -1.36457 -1.04707 1.69009
      vertex -1.36457 -1.04707 2.36394
    endloop
  endfacet
  facet normal 0.7731 0.634285 -7.91576e-06
    outer loop
      vertex -1.3288 -1.09066 2.36084
      vertex -1.36457 -1.04707 1.69009
      vertex -1.35585 -1.05769 2.36301
    endloop
  endfacet
  facet normal 0.772886 0.634545 2.03749e-05
    outer loop
      vertex -1.29316 -1.13407 2.35709
      vertex -1.36457 -1.04707 1.69009
      vertex -1.3288 -1.09066 2.36084
    endloop
  endfacet
  facet normal 0.772963 0.634451 0
    outer loop
      vertex -1.36457 -1.04707 1.69009
      vertex -1.29316 -1.13407 2.35709
      vertex -1.29316 -1.13407 1.68249
    endloop
  endfacet
  facet normal 0.7723 0.635258 0
    outer loop
      vertex -1.35961 -1.0531 1.66339
      vertex -1.36457 -1.04707 0.99007
      vertex -1.36457 -1.04707 1.66393
    endloop
  endfacet
  facet normal 0.773111 0.634271 -1.4822e-05
    outer loop
      vertex -1.33252 -1.08612 1.66122
      vertex -1.36457 -1.04707 0.99007
      vertex -1.35961 -1.0531 1.66339
    endloop
  endfacet
  facet normal 0.772944 0.634474 5.03055e-06
    outer loop
      vertex -1.29316 -1.13407 1.65708
      vertex -1.36457 -1.04707 0.99007
      vertex -1.33252 -1.08612 1.66122
    endloop
  endfacet
  facet normal 0.772963 0.634451 0
    outer loop
      vertex -1.36457 -1.04707 0.99007
      vertex -1.29316 -1.13407 1.65708
      vertex -1.29316 -1.13407 0.982481
    endloop
  endfacet
  facet normal 0.772869 0.634566 0
    outer loop
      vertex -1.35209 -1.06227 3.06262
      vertex -1.36457 -1.04707 2.3901
      vertex -1.36457 -1.04707 3.06396
    endloop
  endfacet
  facet normal 0.772973 0.634439 -4.79705e-06
    outer loop
      vertex -1.32507 -1.09519 3.06046
      vertex -1.36457 -1.04707 2.3901
      vertex -1.35209 -1.06227 3.06262
    endloop
  endfacet
  facet normal 0.772991 0.634418 -7.39233e-06
    outer loop
      vertex -1.29316 -1.13407 3.0571
      vertex -1.36457 -1.04707 2.3901
      vertex -1.32507 -1.09519 3.06046
    endloop
  endfacet
  facet normal 0.772963 0.634451 0
    outer loop
      vertex -1.36457 -1.04707 2.3901
      vertex -1.29316 -1.13407 3.0571
      vertex -1.29316 -1.13407 2.38251
    endloop
  endfacet
  facet normal 0.772963 0.634451 0
    outer loop
      vertex -1.29316 -1.13407 3.2
      vertex -1.36457 -1.04707 3.09012
      vertex -1.36457 -1.04707 3.2
    endloop
  endfacet
  facet normal 0.772963 0.634451 0
    outer loop
      vertex -1.36457 -1.04707 3.09012
      vertex -1.29316 -1.13407 3.2
      vertex -1.29316 -1.13407 3.08252
    endloop
  endfacet
  facet normal -0.956932 0.290313 0
    outer loop
      vertex 1.66139 -0.445168 0
      vertex 1.65902 -0.45298 0.0171097
      vertex 1.66139 -0.445168 0.0165685
    endloop
  endfacet
  facet normal -0.95694 0.290287 -1.31242e-05
    outer loop
      vertex 1.66139 -0.445168 0
      vertex 1.64666 -0.493725 0.0192659
      vertex 1.65902 -0.45298 0.0171097
    endloop
  endfacet
  facet normal -0.956947 0.290261 -8.37696e-05
    outer loop
      vertex 1.62872 -0.552876 0
      vertex 1.64666 -0.493725 0.0192659
      vertex 1.66139 -0.445168 0
    endloop
  endfacet
  facet normal -0.956955 0.290236 0
    outer loop
      vertex 1.64666 -0.493725 0.0192659
      vertex 1.62872 -0.552876 0
      vertex 1.62872 -0.552876 0.0234637
    endloop
  endfacet
  facet normal -0.957508 0.288406 0
    outer loop
      vertex 1.66139 -0.445168 0.0420046
      vertex 1.66074 -0.447326 0.71673
      vertex 1.66139 -0.445168 0.716581
    endloop
  endfacet
  facet normal -0.956947 0.290262 6.47554e-06
    outer loop
      vertex 1.62872 -0.552876 0.0496264
      vertex 1.66074 -0.447326 0.71673
      vertex 1.66139 -0.445168 0.0420046
    endloop
  endfacet
  facet normal -0.95691 0.290384 -1.46827e-05
    outer loop
      vertex 1.66074 -0.447326 0.71673
      vertex 1.62872 -0.552876 0.0496264
      vertex 1.64836 -0.488122 0.718887
    endloop
  endfacet
  facet normal -0.956952 0.290245 0
    outer loop
      vertex 1.64836 -0.488122 0.718887
      vertex 1.62872 -0.552876 0.0496264
      vertex 1.62872 -0.552876 0.723481
    endloop
  endfacet
  facet normal -0.956954 0.29024 0
    outer loop
      vertex 1.62923 -0.551203 0.749527
      vertex 1.66139 -0.445168 1.41653
      vertex 1.66139 -0.445168 0.742021
    endloop
  endfacet
  facet normal -0.956958 0.290228 2.16048e-06
    outer loop
      vertex 1.66139 -0.445168 1.41653
      vertex 1.62923 -0.551203 0.749527
      vertex 1.65006 -0.482526 1.41851
    endloop
  endfacet
  facet normal -0.956544 0.291587 -0.000150191
    outer loop
      vertex 1.62872 -0.552876 0.749615
      vertex 1.65006 -0.482526 1.41851
      vertex 1.62923 -0.551203 0.749527
    endloop
  endfacet
  facet normal -0.956942 0.290279 0
    outer loop
      vertex 1.65006 -0.482526 1.41851
      vertex 1.62872 -0.552876 0.749615
      vertex 1.62872 -0.552876 1.4235
    endloop
  endfacet
  facet normal -0.956943 0.290274 0
    outer loop
      vertex 1.63091 -0.545651 1.44915
      vertex 1.66139 -0.445168 2.11645
      vertex 1.66139 -0.445168 1.44204
    endloop
  endfacet
  facet normal -0.956999 0.290092 2.99094e-05
    outer loop
      vertex 1.66139 -0.445168 2.11645
      vertex 1.63091 -0.545651 1.44915
      vertex 1.65176 -0.476937 2.11813
    endloop
  endfacet
  facet normal -0.957002 0.290082 3.10349e-05
    outer loop
      vertex 1.62872 -0.552876 1.44953
      vertex 1.65176 -0.476937 2.11813
      vertex 1.63091 -0.545651 1.44915
    endloop
  endfacet
  facet normal -0.956926 0.290333 0
    outer loop
      vertex 1.65176 -0.476937 2.11813
      vertex 1.62872 -0.552876 1.44953
      vertex 1.62872 -0.552876 2.12352
    endloop
  endfacet
  facet normal -0.956954 0.29024 0
    outer loop
      vertex 1.6326 -0.540092 2.14878
      vertex 1.66139 -0.445168 2.81637
      vertex 1.66139 -0.445168 2.14205
    endloop
  endfacet
  facet normal -0.956978 0.29016 1.23428e-05
    outer loop
      vertex 1.66139 -0.445168 2.81637
      vertex 1.6326 -0.540092 2.14878
      vertex 1.65345 -0.471355 2.81775
    endloop
  endfacet
  facet normal -0.956899 0.290422 -1.70453e-05
    outer loop
      vertex 1.62872 -0.552876 2.14945
      vertex 1.65345 -0.471355 2.81775
      vertex 1.6326 -0.540092 2.14878
    endloop
  endfacet
  facet normal -0.956937 0.290294 0
    outer loop
      vertex 1.65345 -0.471355 2.81775
      vertex 1.62872 -0.552876 2.14945
      vertex 1.62872 -0.552876 2.82353
    endloop
  endfacet
  facet normal -0.95696 0.290221 0
    outer loop
      vertex 1.63429 -0.534526 2.8484
      vertex 1.66139 -0.445168 3.2
      vertex 1.66139 -0.445168 2.84207
    endloop
  endfacet
  facet normal -0.956888 0.290456 0
    outer loop
      vertex 1.62872 -0.552876 3.2
      vertex 1.63429 -0.534526 2.8484
      vertex 1.62872 -0.552876 2.84937
    endloop
  endfacet
  facet normal -0.956947 0.290261 -1.10947e-05
    outer loop
      vertex 1.63429 -0.534526 2.8484
      vertex 1.62872 -0.552876 3.2
      vertex 1.66139 -0.445168 3.2
    endloop
  endfacet
  facet normal 0.910869 0.412695 0
    outer loop
      vertex -1.54262 -0.760736 0.28597
      vertex -1.58907 -0.658215 0
      vertex -1.58907 -0.658215 0.29356
    endloop
  endfacet
  facet normal 0.910869 0.412695 0
    outer loop
      vertex -1.58907 -0.658215 0
      vertex -1.54262 -0.760736 0.28597
      vertex -1.54262 -0.760736 0
    endloop
  endfacet
  facet normal 0.910869 0.412695 0
    outer loop
      vertex -1.54262 -0.760736 0.985987
      vertex -1.58907 -0.658215 0.318979
      vertex -1.58907 -0.658215 0.993573
    endloop
  endfacet
  facet normal 0.910891 0.412648 -8.675e-06
    outer loop
      vertex -1.58907 -0.658215 0.318979
      vertex -1.54262 -0.760736 0.985987
      vertex -1.56108 -0.720001 0.314448
    endloop
  endfacet
  facet normal 0.910882 0.412667 -7.25343e-06
    outer loop
      vertex -1.56108 -0.720001 0.314448
      vertex -1.54262 -0.760736 0.985987
      vertex -1.54342 -0.758982 0.312265
    endloop
  endfacet
  facet normal 0.909833 0.414975 0
    outer loop
      vertex -1.54342 -0.758982 0.312265
      vertex -1.54262 -0.760736 0.985987
      vertex -1.54262 -0.760736 0.312134
    endloop
  endfacet
  facet normal 0.910869 0.412695 0
    outer loop
      vertex -1.54262 -0.760736 1.686
      vertex -1.58907 -0.658215 1.01899
      vertex -1.58907 -0.658215 1.69359
    endloop
  endfacet
  facet normal 0.910877 0.412678 -3.08397e-06
    outer loop
      vertex -1.58907 -0.658215 1.01899
      vertex -1.54262 -0.760736 1.686
      vertex -1.55866 -0.725337 1.01407
    endloop
  endfacet
  facet normal 0.910855 0.412727 0
    outer loop
      vertex -1.55866 -0.725337 1.01407
      vertex -1.54262 -0.760736 1.686
      vertex -1.54262 -0.760736 1.01208
    endloop
  endfacet
  facet normal 0.910869 0.412695 0
    outer loop
      vertex -1.54262 -0.760736 2.38602
      vertex -1.58907 -0.658215 1.71901
      vertex -1.58907 -0.658215 2.3936
    endloop
  endfacet
  facet normal 0.910855 0.412727 6.01207e-06
    outer loop
      vertex -1.58907 -0.658215 1.71901
      vertex -1.54262 -0.760736 2.38602
      vertex -1.55624 -0.730668 1.71369
    endloop
  endfacet
  facet normal 0.910905 0.412616 0
    outer loop
      vertex -1.55624 -0.730668 1.71369
      vertex -1.54262 -0.760736 2.38602
      vertex -1.54262 -0.760736 1.712
    endloop
  endfacet
  facet normal 0.910869 0.412695 0
    outer loop
      vertex -1.54262 -0.760736 3.08604
      vertex -1.58907 -0.658215 2.41902
      vertex -1.58907 -0.658215 3.09361
    endloop
  endfacet
  facet normal 0.910877 0.412678 -3.13028e-06
    outer loop
      vertex -1.58907 -0.658215 2.41902
      vertex -1.54262 -0.760736 3.08604
      vertex -1.55383 -0.735998 2.41331
    endloop
  endfacet
  facet normal 0.910845 0.412749 0
    outer loop
      vertex -1.55383 -0.735998 2.41331
      vertex -1.54262 -0.760736 3.08604
      vertex -1.54262 -0.760736 2.41192
    endloop
  endfacet
  facet normal 0.910887 0.412655 0
    outer loop
      vertex -1.58907 -0.658215 3.2
      vertex -1.55142 -0.741323 3.11293
      vertex -1.58907 -0.658215 3.11904
    endloop
  endfacet
  facet normal 0.910869 0.412695 -4.60154e-05
    outer loop
      vertex -1.54262 -0.760736 3.2
      vertex -1.55142 -0.741323 3.11293
      vertex -1.58907 -0.658215 3.2
    endloop
  endfacet
  facet normal 0.910792 0.412866 0
    outer loop
      vertex -1.55142 -0.741323 3.11293
      vertex -1.54262 -0.760736 3.2
      vertex -1.54262 -0.760736 3.11184
    endloop
  endfacet
  facet normal 0.812839 0.582488 0
    outer loop
      vertex -1.36689 -1.04383 0.264158
      vertex -1.43013 -0.955581 0
      vertex -1.43013 -0.955581 0.271514
    endloop
  endfacet
  facet normal 0.813055 0.582187 -0
    outer loop
      vertex -1.36457 -1.04707 0
      vertex -1.36689 -1.04383 0.264158
      vertex -1.36457 -1.04707 0.263958
    endloop
  endfacet
  facet normal 0.812847 0.582477 -5.37872e-06
    outer loop
      vertex -1.36689 -1.04383 0.264158
      vertex -1.36457 -1.04707 0
      vertex -1.43013 -0.955581 0
    endloop
  endfacet
  facet normal 0.812847 0.582477 0
    outer loop
      vertex -1.36457 -1.04707 0.963907
      vertex -1.43013 -0.955581 0.296957
      vertex -1.43013 -0.955581 0.97153
    endloop
  endfacet
  facet normal 0.812861 0.582458 -3.94948e-06
    outer loop
      vertex -1.43013 -0.955581 0.296957
      vertex -1.36457 -1.04707 0.963907
      vertex -1.4053 -0.990233 0.2948
    endloop
  endfacet
  facet normal 0.812839 0.582489 0
    outer loop
      vertex -1.4053 -0.990233 0.2948
      vertex -1.36457 -1.04707 0.963907
      vertex -1.36457 -1.04707 0.290053
    endloop
  endfacet
  facet normal 0.812847 0.582477 0
    outer loop
      vertex -1.36457 -1.04707 1.66393
      vertex -1.43013 -0.955581 0.996967
      vertex -1.43013 -0.955581 1.67155
    endloop
  endfacet
  facet normal 0.812701 0.582681 4.23752e-05
    outer loop
      vertex -1.43013 -0.955581 0.996967
      vertex -1.36457 -1.04707 1.66393
      vertex -1.4267 -0.960365 0.996577
    endloop
  endfacet
  facet normal 0.812868 0.582448 -3.49658e-06
    outer loop
      vertex -1.4267 -0.960365 0.996577
      vertex -1.36457 -1.04707 1.66393
      vertex -1.40189 -0.99499 0.994421
    endloop
  endfacet
  facet normal 0.812847 0.582478 0
    outer loop
      vertex -1.40189 -0.99499 0.994421
      vertex -1.36457 -1.04707 1.66393
      vertex -1.36457 -1.04707 0.99007
    endloop
  endfacet
  facet normal 0.812847 0.582477 0
    outer loop
      vertex -1.36457 -1.04707 2.36394
      vertex -1.43013 -0.955581 1.69698
      vertex -1.43013 -0.955581 2.37156
    endloop
  endfacet
  facet normal 0.812788 0.58256 1.72046e-05
    outer loop
      vertex -1.43013 -0.955581 1.69698
      vertex -1.36457 -1.04707 2.36394
      vertex -1.42326 -0.965166 1.6962
    endloop
  endfacet
  facet normal 0.812796 0.582548 1.50331e-05
    outer loop
      vertex -1.42326 -0.965166 1.6962
      vertex -1.36457 -1.04707 2.36394
      vertex -1.39847 -0.999754 1.69404
    endloop
  endfacet
  facet normal 0.812897 0.582408 0
    outer loop
      vertex -1.39847 -0.999754 1.69404
      vertex -1.36457 -1.04707 2.36394
      vertex -1.36457 -1.04707 1.69009
    endloop
  endfacet
  facet normal 0.812847 0.582477 0
    outer loop
      vertex -1.36457 -1.04707 3.06396
      vertex -1.43013 -0.955581 2.39699
      vertex -1.43013 -0.955581 3.07158
    endloop
  endfacet
  facet normal 0.812703 0.582678 4.17988e-05
    outer loop
      vertex -1.43013 -0.955581 2.39699
      vertex -1.36457 -1.04707 3.06396
      vertex -1.41982 -0.969961 2.39582
    endloop
  endfacet
  facet normal 0.812788 0.58256 2.11501e-05
    outer loop
      vertex -1.41982 -0.969961 2.39582
      vertex -1.36457 -1.04707 3.06396
      vertex -1.39505 -1.00452 2.39366
    endloop
  endfacet
  facet normal 0.812945 0.58234 0
    outer loop
      vertex -1.39505 -1.00452 2.39366
      vertex -1.36457 -1.04707 3.06396
      vertex -1.36457 -1.04707 2.3901
    endloop
  endfacet
  facet normal 0.812816 0.582521 0
    outer loop
      vertex -1.43013 -0.955581 3.2
      vertex -1.41639 -0.974753 3.09544
      vertex -1.43013 -0.955581 3.097
    endloop
  endfacet
  facet normal 0.812802 0.58254 -5.22168e-06
    outer loop
      vertex -1.43013 -0.955581 3.2
      vertex -1.39163 -1.0093 3.09328
      vertex -1.41639 -0.974753 3.09544
    endloop
  endfacet
  facet normal 0.812847 0.582477 4.23636e-05
    outer loop
      vertex -1.36457 -1.04707 3.2
      vertex -1.39163 -1.0093 3.09328
      vertex -1.43013 -0.955581 3.2
    endloop
  endfacet
  facet normal 0.812904 0.582398 0
    outer loop
      vertex -1.39163 -1.0093 3.09328
      vertex -1.36457 -1.04707 3.2
      vertex -1.36457 -1.04707 3.09012
    endloop
  endfacet
  facet normal -0.99521 0.0977646 0
    outer loop
      vertex 1.70529 -0.224504 0.00148881
      vertex 1.70814 -0.195492 0
      vertex 1.70529 -0.224504 0
    endloop
  endfacet
  facet normal -0.995187 0.0979985 0
    outer loop
      vertex 1.70529 -0.224504 0.0275465
      vertex 1.71632 -0.112493 0.694556
      vertex 1.71632 -0.112493 0.0199623
    endloop
  endfacet
  facet normal -0.995185 0.0980159 -2.96077e-06
    outer loop
      vertex 1.71632 -0.112493 0.694556
      vertex 1.70529 -0.224504 0.0275465
      vertex 1.70945 -0.182246 0.69924
    endloop
  endfacet
  facet normal -0.995189 0.0979693 0
    outer loop
      vertex 1.70945 -0.182246 0.69924
      vertex 1.70529 -0.224504 0.0275465
      vertex 1.70529 -0.224504 0.701407
    endloop
  endfacet
  facet normal -0.995187 0.0979985 0
    outer loop
      vertex 1.70529 -0.224504 0.727564
      vertex 1.71632 -0.112493 1.39457
      vertex 1.71632 -0.112493 0.719976
    endloop
  endfacet
  facet normal -0.995178 0.0980815 -1.40711e-05
    outer loop
      vertex 1.71632 -0.112493 1.39457
      vertex 1.70529 -0.224504 0.727564
      vertex 1.71002 -0.176415 1.39886
    endloop
  endfacet
  facet normal -0.995184 0.0980275 -1.01707e-05
    outer loop
      vertex 1.71002 -0.176415 1.39886
      vertex 1.70529 -0.224504 0.727564
      vertex 1.70583 -0.218952 1.40104
    endloop
  endfacet
  facet normal -0.995303 0.0968054 0
    outer loop
      vertex 1.70583 -0.218952 1.40104
      vertex 1.70529 -0.224504 0.727564
      vertex 1.70529 -0.224504 1.40142
    endloop
  endfacet
  facet normal -0.995187 0.0979985 0
    outer loop
      vertex 1.70529 -0.224504 1.42758
      vertex 1.71632 -0.112493 2.09458
      vertex 1.71632 -0.112493 1.41999
    endloop
  endfacet
  facet normal -0.995186 0.0980006 -3.64239e-07
    outer loop
      vertex 1.71632 -0.112493 2.09458
      vertex 1.70529 -0.224504 1.42758
      vertex 1.7106 -0.170579 2.09848
    endloop
  endfacet
  facet normal -0.995167 0.0981964 -1.62543e-05
    outer loop
      vertex 1.7106 -0.170579 2.09848
      vertex 1.70529 -0.224504 1.42758
      vertex 1.70641 -0.213042 2.10065
    endloop
  endfacet
  facet normal -0.99526 0.097251 0
    outer loop
      vertex 1.70641 -0.213042 2.10065
      vertex 1.70529 -0.224504 1.42758
      vertex 1.70529 -0.224504 2.10144
    endloop
  endfacet
  facet normal -0.995187 0.0979985 0
    outer loop
      vertex 1.70529 -0.224504 2.1276
      vertex 1.71632 -0.112493 2.7946
      vertex 1.71632 -0.112493 2.12
    endloop
  endfacet
  facet normal -0.995177 0.0980938 -1.61597e-05
    outer loop
      vertex 1.71632 -0.112493 2.7946
      vertex 1.70529 -0.224504 2.1276
      vertex 1.71117 -0.16474 2.7981
    endloop
  endfacet
  facet normal -0.995199 0.0978702 3.96395e-06
    outer loop
      vertex 1.71117 -0.16474 2.7981
      vertex 1.70529 -0.224504 2.1276
      vertex 1.707 -0.207143 2.80027
    endloop
  endfacet
  facet normal -0.995184 0.0980223 0
    outer loop
      vertex 1.707 -0.207143 2.80027
      vertex 1.70529 -0.224504 2.1276
      vertex 1.70529 -0.224504 2.80146
    endloop
  endfacet
  facet normal -0.995187 0.0979985 0
    outer loop
      vertex 1.70529 -0.224504 2.82762
      vertex 1.71632 -0.112493 3.2
      vertex 1.71632 -0.112493 2.82002
    endloop
  endfacet
  facet normal -0.995187 0.0979985 0
    outer loop
      vertex 1.71632 -0.112493 3.2
      vertex 1.70529 -0.224504 2.82762
      vertex 1.70529 -0.224504 3.2
    endloop
  endfacet
  facet normal 0.849245 -0.527999 0
    outer loop
      vertex -1.43939 0.940687 0.401901
      vertex -1.43013 0.955581 0
      vertex -1.43013 0.955581 0.402799
    endloop
  endfacet
  facet normal 0.849223 -0.528034 -1.8372e-06
    outer loop
      vertex -1.48956 0.86 0.395535
      vertex -1.43013 0.955581 0
      vertex -1.43939 0.940687 0.401901
    endloop
  endfacet
  facet normal 0.849226 -0.528029 0
    outer loop
      vertex -1.43013 0.955581 0
      vertex -1.48956 0.86 0.395535
      vertex -1.48956 0.86 0
    endloop
  endfacet
  facet normal 0.849303 -0.527906 0
    outer loop
      vertex -1.44556 0.930757 1.80114
      vertex -1.43013 0.955581 1.12855
      vertex -1.43013 0.955581 1.80263
    endloop
  endfacet
  facet normal 0.8492 -0.528071 -8.45998e-06
    outer loop
      vertex -1.48956 0.86 1.79556
      vertex -1.43013 0.955581 1.12855
      vertex -1.44556 0.930757 1.80114
    endloop
  endfacet
  facet normal 0.849226 -0.528029 0
    outer loop
      vertex -1.43013 0.955581 1.12855
      vertex -1.48956 0.86 1.79556
      vertex -1.48956 0.86 1.12097
    endloop
  endfacet
  facet normal 0.849173 -0.528114 0
    outer loop
      vertex -1.44248 0.935723 1.10152
      vertex -1.43013 0.955581 0.428534
      vertex -1.43013 0.955581 1.10272
    endloop
  endfacet
  facet normal 0.84924 -0.528007 4.39608e-06
    outer loop
      vertex -1.48956 0.86 1.09555
      vertex -1.43013 0.955581 0.428534
      vertex -1.44248 0.935723 1.10152
    endloop
  endfacet
  facet normal 0.849226 -0.528029 0
    outer loop
      vertex -1.43013 0.955581 0.428534
      vertex -1.48956 0.86 1.09555
      vertex -1.48956 0.86 0.420963
    endloop
  endfacet
  facet normal 0.849285 -0.527935 0
    outer loop
      vertex -1.44865 0.925788 2.50076
      vertex -1.43013 0.955581 1.82857
      vertex -1.43013 0.955581 2.50255
    endloop
  endfacet
  facet normal 0.8492 -0.528071 -8.37922e-06
    outer loop
      vertex -1.48956 0.86 2.49558
      vertex -1.43013 0.955581 1.82857
      vertex -1.44865 0.925788 2.50076
    endloop
  endfacet
  facet normal 0.849226 -0.528029 0
    outer loop
      vertex -1.43013 0.955581 1.82857
      vertex -1.48956 0.86 2.49558
      vertex -1.48956 0.86 1.82099
    endloop
  endfacet
  facet normal 0.849237 -0.528012 0
    outer loop
      vertex -1.45475 0.915983 3.2
      vertex -1.43013 0.955581 2.52858
      vertex -1.43013 0.955581 3.2
    endloop
  endfacet
  facet normal 0.849219 -0.528041 -2.35947e-06
    outer loop
      vertex -1.48956 0.86 3.19559
      vertex -1.43013 0.955581 2.52858
      vertex -1.45475 0.915983 3.2
    endloop
  endfacet
  facet normal 0.849226 -0.528029 0
    outer loop
      vertex -1.43013 0.955581 2.52858
      vertex -1.48956 0.86 3.19559
      vertex -1.48956 0.86 2.521
    endloop
  endfacet
  facet normal 0.352296 -0.935888 0
    outer loop
      vertex -0.658215 1.58907 0
      vertex -0.611885 1.60651 0.471863
      vertex -0.658215 1.58907 0.468563
    endloop
  endfacet
  facet normal 0.352275 -0.935897 2.40369e-06
    outer loop
      vertex -0.611885 1.60651 0.471863
      vertex -0.658215 1.58907 0
      vertex -0.552876 1.62872 0
    endloop
  endfacet
  facet normal 0.352258 -0.935903 -6.42618e-09
    outer loop
      vertex -0.611885 1.60651 0.471863
      vertex -0.552876 1.62872 0
      vertex -0.572032 1.62151 0.474031
    endloop
  endfacet
  facet normal 0.352258 -0.935903 0
    outer loop
      vertex -0.572032 1.62151 0.474031
      vertex -0.552876 1.62872 0
      vertex -0.552876 1.62872 0.475423
    endloop
  endfacet
  facet normal 0.352289 -0.935891 2.43417e-06
    outer loop
      vertex -0.552876 1.62872 0.501583
      vertex -0.617383 1.60444 1.17148
      vertex -0.658215 1.58907 1.16858
    endloop
  endfacet
  facet normal 0.352137 -0.935949 0
    outer loop
      vertex -0.577568 1.61943 1.17365
      vertex -0.552876 1.62872 0.501583
      vertex -0.552876 1.62872 1.17544
    endloop
  endfacet
  facet normal 0.352346 -0.93587 8.78663e-06
    outer loop
      vertex -0.617383 1.60444 1.17148
      vertex -0.552876 1.62872 0.501583
      vertex -0.577568 1.61943 1.17365
    endloop
  endfacet
  facet normal 0.352275 -0.935897 0
    outer loop
      vertex -0.552876 1.62872 0.501583
      vertex -0.658215 1.58907 1.16858
      vertex -0.658215 1.58907 0.493983
    endloop
  endfacet
  facet normal 0.352304 -0.935885 5.28428e-06
    outer loop
      vertex -0.552876 1.62872 1.2016
      vertex -0.622884 1.60237 1.8711
      vertex -0.658215 1.58907 1.86859
    endloop
  endfacet
  facet normal 0.352152 -0.935943 0
    outer loop
      vertex -0.583095 1.61735 1.87326
      vertex -0.552876 1.62872 1.2016
      vertex -0.552876 1.62872 1.87546
    endloop
  endfacet
  facet normal 0.352342 -0.935871 9.7706e-06
    outer loop
      vertex -0.622884 1.60237 1.8711
      vertex -0.552876 1.62872 1.2016
      vertex -0.583095 1.61735 1.87326
    endloop
  endfacet
  facet normal 0.352275 -0.935897 0
    outer loop
      vertex -0.552876 1.62872 1.2016
      vertex -0.658215 1.58907 1.86859
      vertex -0.658215 1.58907 1.194
    endloop
  endfacet
  facet normal 0.352377 -0.935858 1.84101e-05
    outer loop
      vertex -0.552876 1.62872 1.90162
      vertex -0.62839 1.6003 2.57072
      vertex -0.658215 1.58907 2.5686
    endloop
  endfacet
  facet normal 0.352231 -0.935913 0
    outer loop
      vertex -0.588614 1.61527 2.57288
      vertex -0.552876 1.62872 1.90162
      vertex -0.552876 1.62872 2.57548
    endloop
  endfacet
  facet normal 0.352237 -0.935911 3.72586e-07
    outer loop
      vertex -0.62839 1.6003 2.57072
      vertex -0.552876 1.62872 1.90162
      vertex -0.588614 1.61527 2.57288
    endloop
  endfacet
  facet normal 0.352275 -0.935897 0
    outer loop
      vertex -0.552876 1.62872 1.90162
      vertex -0.658215 1.58907 2.5686
      vertex -0.658215 1.58907 1.89401
    endloop
  endfacet
  facet normal 0.352275 -0.935897 0
    outer loop
      vertex -0.658215 1.58907 3.2
      vertex -0.552876 1.62872 2.60164
      vertex -0.552876 1.62872 3.2
    endloop
  endfacet
  facet normal 0.352275 -0.935897 0
    outer loop
      vertex -0.552876 1.62872 2.60164
      vertex -0.658215 1.58907 3.2
      vertex -0.658215 1.58907 2.59403
    endloop
  endfacet
  facet normal 0.683515 0.729937 -0
    outer loop
      vertex -1.13407 -1.29316 0
      vertex -1.15514 -1.27343 0.244487
      vertex -1.13407 -1.29316 0.242568
    endloop
  endfacet
  facet normal 0.683583 0.729872 1.11309e-05
    outer loop
      vertex -1.21622 -1.21622 0
      vertex -1.15514 -1.27343 0.244487
      vertex -1.13407 -1.29316 0
    endloop
  endfacet
  facet normal 0.683551 0.729903 2.65065e-05
    outer loop
      vertex -1.15514 -1.27343 0.244487
      vertex -1.21622 -1.21622 0
      vertex -1.18616 -1.24438 0.246645
    endloop
  endfacet
  facet normal 0.683667 0.729795 0
    outer loop
      vertex -1.18616 -1.24438 0.246645
      vertex -1.21622 -1.21622 0
      vertex -1.21622 -1.21622 0.249444
    endloop
  endfacet
  facet normal 0.683436 0.730011 3.41301e-05
    outer loop
      vertex -1.21622 -1.21622 0.275604
      vertex -1.15084 -1.27746 0.944106
      vertex -1.13407 -1.29316 0.94258
    endloop
  endfacet
  facet normal 0.683574 0.729882 0
    outer loop
      vertex -1.18186 -1.2484 0.946263
      vertex -1.21622 -1.21622 0.275604
      vertex -1.21622 -1.21622 0.949462
    endloop
  endfacet
  facet normal 0.683675 0.729787 -9.71746e-06
    outer loop
      vertex -1.15084 -1.27746 0.944106
      vertex -1.21622 -1.21622 0.275604
      vertex -1.18186 -1.2484 0.946263
    endloop
  endfacet
  facet normal 0.683583 0.729872 0
    outer loop
      vertex -1.21622 -1.21622 0.275604
      vertex -1.13407 -1.29316 0.94258
      vertex -1.13407 -1.29316 0.267993
    endloop
  endfacet
  facet normal 0.683301 0.730137 6.52204e-05
    outer loop
      vertex -1.21622 -1.21622 0.975622
      vertex -1.14654 -1.28149 1.64373
      vertex -1.13407 -1.29316 1.64259
    endloop
  endfacet
  facet normal 0.683596 0.729861 0
    outer loop
      vertex -1.17757 -1.25242 1.64588
      vertex -1.21622 -1.21622 0.975622
      vertex -1.21622 -1.21622 1.64948
    endloop
  endfacet
  facet normal 0.683683 0.72978 -9.41879e-06
    outer loop
      vertex -1.14654 -1.28149 1.64373
      vertex -1.21622 -1.21622 0.975622
      vertex -1.17757 -1.25242 1.64588
    endloop
  endfacet
  facet normal 0.683583 0.729872 0
    outer loop
      vertex -1.21622 -1.21622 0.975622
      vertex -1.13407 -1.29316 1.64259
      vertex -1.13407 -1.29316 0.968007
    endloop
  endfacet
  facet normal 0.683466 0.729982 2.7109e-05
    outer loop
      vertex -1.21622 -1.21622 1.67564
      vertex -1.14223 -1.28552 2.34335
      vertex -1.13407 -1.29316 2.3426
    endloop
  endfacet
  facet normal 0.683607 0.72985 0
    outer loop
      vertex -1.17329 -1.25643 2.3455
      vertex -1.21622 -1.21622 1.67564
      vertex -1.21622 -1.21622 2.3495
    endloop
  endfacet
  facet normal 0.683582 0.729874 3.10486e-06
    outer loop
      vertex -1.14223 -1.28552 2.34335
      vertex -1.21622 -1.21622 1.67564
      vertex -1.17329 -1.25643 2.3455
    endloop
  endfacet
  facet normal 0.683583 0.729872 0
    outer loop
      vertex -1.21622 -1.21622 1.67564
      vertex -1.13407 -1.29316 2.3426
      vertex -1.13407 -1.29316 1.66802
    endloop
  endfacet
  facet normal 0.683 0.730418 0.000134744
    outer loop
      vertex -1.21622 -1.21622 2.37566
      vertex -1.13792 -1.28956 3.04297
      vertex -1.13407 -1.29316 3.04262
    endloop
  endfacet
  facet normal 0.683694 0.729769 0
    outer loop
      vertex -1.16902 -1.26044 3.04512
      vertex -1.21622 -1.21622 2.37566
      vertex -1.21622 -1.21622 3.04951
    endloop
  endfacet
  facet normal 0.683489 0.729961 2.71445e-05
    outer loop
      vertex -1.13792 -1.28956 3.04297
      vertex -1.21622 -1.21622 2.37566
      vertex -1.16902 -1.26044 3.04512
    endloop
  endfacet
  facet normal 0.683583 0.729872 0
    outer loop
      vertex -1.21622 -1.21622 2.37566
      vertex -1.13407 -1.29316 3.04262
      vertex -1.13407 -1.29316 2.36804
    endloop
  endfacet
  facet normal 0.683583 0.729872 0
    outer loop
      vertex -1.13407 -1.29316 3.2
      vertex -1.21622 -1.21622 3.07568
      vertex -1.21622 -1.21622 3.2
    endloop
  endfacet
  facet normal 0.683583 0.729872 0
    outer loop
      vertex -1.21622 -1.21622 3.07568
      vertex -1.13407 -1.29316 3.2
      vertex -1.13407 -1.29316 3.06805
    endloop
  endfacet
  facet normal 0.580864 -0.814 0
    outer loop
      vertex -1.04707 1.36457 0
      vertex -1.04501 1.36604 0.439065
      vertex -1.04707 1.36457 0.438937
    endloop
  endfacet
  facet normal 0.582477 -0.812847 -1.14283e-05
    outer loop
      vertex -0.955581 1.43013 0
      vertex -1.04501 1.36604 0.439065
      vertex -1.04707 1.36457 0
    endloop
  endfacet
  facet normal 0.582514 -0.81282 0
    outer loop
      vertex -1.04501 1.36604 0.439065
      vertex -0.955581 1.43013 0
      vertex -0.955581 1.43013 0.446518
    endloop
  endfacet
  facet normal 0.582477 -0.812847 0
    outer loop
      vertex -1.04707 1.36457 1.83893
      vertex -0.955581 1.43013 1.17197
      vertex -0.955581 1.43013 1.84655
    endloop
  endfacet
  facet normal 0.582585 -0.81277 2.23922e-05
    outer loop
      vertex -1.04707 1.36457 1.83893
      vertex -0.961566 1.42584 1.17148
      vertex -0.955581 1.43013 1.17197
    endloop
  endfacet
  facet normal 0.582569 -0.812781 1.93522e-05
    outer loop
      vertex -1.04707 1.36457 1.83893
      vertex -0.99618 1.40103 1.16933
      vertex -0.961566 1.42584 1.17148
    endloop
  endfacet
  facet normal 0.582401 -0.812902 0
    outer loop
      vertex -0.99618 1.40103 1.16933
      vertex -1.04707 1.36457 1.83893
      vertex -1.04707 1.36457 1.16507
    endloop
  endfacet
  facet normal 0.582477 -0.812847 0
    outer loop
      vertex -1.04707 1.36457 1.13891
      vertex -0.955581 1.43013 0.471959
      vertex -0.955581 1.43013 1.14653
    endloop
  endfacet
  facet normal 0.583819 -0.811884 0.0002788
    outer loop
      vertex -1.04707 1.36457 1.13891
      vertex -0.956763 1.42928 0.471863
      vertex -0.955581 1.43013 0.471959
    endloop
  endfacet
  facet normal 0.582535 -0.812806 1.54092e-05
    outer loop
      vertex -1.04707 1.36457 1.13891
      vertex -0.991422 1.40444 0.469705
      vertex -0.956763 1.42928 0.471863
    endloop
  endfacet
  facet normal 0.582412 -0.812894 0
    outer loop
      vertex -0.991422 1.40444 0.469705
      vertex -1.04707 1.36457 1.13891
      vertex -1.04707 1.36457 0.465057
    endloop
  endfacet
  facet normal 0.582477 -0.812847 0
    outer loop
      vertex -1.04707 1.36457 2.53895
      vertex -0.955581 1.43013 1.87198
      vertex -0.955581 1.43013 2.54656
    endloop
  endfacet
  facet normal 0.582591 -0.812766 2.35713e-05
    outer loop
      vertex -1.04707 1.36457 2.53895
      vertex -0.966365 1.4224 1.8711
      vertex -0.955581 1.43013 1.87198
    endloop
  endfacet
  facet normal 0.582427 -0.812883 -6.31028e-06
    outer loop
      vertex -1.04707 1.36457 2.53895
      vertex -1.00095 1.39762 1.86895
      vertex -0.966365 1.4224 1.8711
    endloop
  endfacet
  facet normal 0.582488 -0.812839 0
    outer loop
      vertex -1.00095 1.39762 1.86895
      vertex -1.04707 1.36457 2.53895
      vertex -1.04707 1.36457 1.86509
    endloop
  endfacet
  facet normal 0.582477 -0.812847 9.01411e-06
    outer loop
      vertex -0.971159 1.41896 2.57072
      vertex -0.955581 1.43013 3.2
      vertex -1.04707 1.36457 3.2
    endloop
  endfacet
  facet normal 0.582718 -0.812675 0
    outer loop
      vertex -0.955581 1.43013 3.2
      vertex -0.971159 1.41896 2.57072
      vertex -0.955581 1.43013 2.572
    endloop
  endfacet
  facet normal 0.582384 -0.812914 -8.02943e-06
    outer loop
      vertex -1.04707 1.36457 3.2
      vertex -1.00572 1.3942 2.56857
      vertex -0.971159 1.41896 2.57072
    endloop
  endfacet
  facet normal 0.582465 -0.812856 0
    outer loop
      vertex -1.00572 1.3942 2.56857
      vertex -1.04707 1.36457 3.2
      vertex -1.04707 1.36457 2.56511
    endloop
  endfacet
  facet normal -0.412695 0.910869 0
    outer loop
      vertex 0.658215 -1.58907 0
      vertex 0.760736 -1.54262 0.110966
      vertex 0.760736 -1.54262 0
    endloop
  endfacet
  facet normal -0.412695 0.910869 0
    outer loop
      vertex 0.760736 -1.54262 0.110966
      vertex 0.658215 -1.58907 0
      vertex 0.658215 -1.58907 0.118557
    endloop
  endfacet
  facet normal -0.412695 0.910869 0
    outer loop
      vertex 0.760736 -1.54262 0.810983
      vertex 0.658215 -1.58907 0.143976
      vertex 0.658215 -1.58907 0.81857
    endloop
  endfacet
  facet normal -0.412701 0.910866 1.2239e-06
    outer loop
      vertex 0.760736 -1.54262 0.810983
      vertex 0.718667 -1.56168 0.139543
      vertex 0.658215 -1.58907 0.143976
    endloop
  endfacet
  facet normal -0.412649 0.91089 -2.73457e-06
    outer loop
      vertex 0.760736 -1.54262 0.810983
      vertex 0.757628 -1.54403 0.137361
      vertex 0.718667 -1.56168 0.139543
    endloop
  endfacet
  facet normal -0.413141 0.910667 0
    outer loop
      vertex 0.757628 -1.54403 0.137361
      vertex 0.760736 -1.54262 0.810983
      vertex 0.760736 -1.54262 0.137129
    endloop
  endfacet
  facet normal -0.412695 0.910869 0
    outer loop
      vertex 0.760736 -1.54262 1.511
      vertex 0.658215 -1.58907 0.84399
      vertex 0.658215 -1.58907 1.51858
    endloop
  endfacet
  facet normal -0.412728 0.910854 6.1251e-06
    outer loop
      vertex 0.760736 -1.54262 1.511
      vertex 0.724003 -1.55926 0.839163
      vertex 0.658215 -1.58907 0.84399
    endloop
  endfacet
  facet normal -0.412635 0.910897 0
    outer loop
      vertex 0.724003 -1.55926 0.839163
      vertex 0.760736 -1.54262 1.511
      vertex 0.760736 -1.54262 0.837104
    endloop
  endfacet
  facet normal -0.412695 0.910869 0
    outer loop
      vertex 0.760736 -1.54262 2.21102
      vertex 0.658215 -1.58907 1.544
      vertex 0.658215 -1.58907 2.2186
    endloop
  endfacet
  facet normal -0.41266 0.910885 -6.52828e-06
    outer loop
      vertex 0.760736 -1.54262 2.21102
      vertex 0.729336 -1.55685 1.53878
      vertex 0.658215 -1.58907 1.544
    endloop
  endfacet
  facet normal -0.412776 0.910833 0
    outer loop
      vertex 0.729336 -1.55685 1.53878
      vertex 0.760736 -1.54262 2.21102
      vertex 0.760736 -1.54262 1.53702
    endloop
  endfacet
  facet normal -0.412695 0.910869 0
    outer loop
      vertex 0.760736 -1.54262 2.91103
      vertex 0.658215 -1.58907 2.24402
      vertex 0.658215 -1.58907 2.91861
    endloop
  endfacet
  facet normal -0.412712 0.910862 3.15262e-06
    outer loop
      vertex 0.760736 -1.54262 2.91103
      vertex 0.734666 -1.55443 2.2384
      vertex 0.658215 -1.58907 2.24402
    endloop
  endfacet
  facet normal -0.412644 0.910892 0
    outer loop
      vertex 0.734666 -1.55443 2.2384
      vertex 0.760736 -1.54262 2.91103
      vertex 0.760736 -1.54262 2.23694
    endloop
  endfacet
  facet normal -0.412695 0.910869 0
    outer loop
      vertex 0.760736 -1.54262 3.2
      vertex 0.658215 -1.58907 2.94403
      vertex 0.658215 -1.58907 3.2
    endloop
  endfacet
  facet normal -0.412683 0.910875 -5.85872e-06
    outer loop
      vertex 0.760736 -1.54262 3.2
      vertex 0.739992 -1.55202 2.93802
      vertex 0.658215 -1.58907 2.94403
    endloop
  endfacet
  facet normal -0.412744 0.910847 0
    outer loop
      vertex 0.739992 -1.55202 2.93802
      vertex 0.760736 -1.54262 3.2
      vertex 0.760736 -1.54262 2.93686
    endloop
  endfacet
  facet normal -0.973873 -0.227092 0
    outer loop
      vertex 1.68695 0.335555 0
      vertex 1.66139 0.445168 0.65804
      vertex 1.66139 0.445168 0
    endloop
  endfacet
  facet normal -0.973872 -0.227096 7.05708e-07
    outer loop
      vertex 1.66139 0.445168 0.65804
      vertex 1.68695 0.335555 0
      vertex 1.68247 0.354769 0.664258
    endloop
  endfacet
  facet normal -0.973878 -0.227073 0
    outer loop
      vertex 1.68247 0.354769 0.664258
      vertex 1.68695 0.335555 0
      vertex 1.68695 0.335555 0.665267
    endloop
  endfacet
  facet normal -0.973873 -0.227092 0
    outer loop
      vertex 1.68695 0.335555 0.69104
      vertex 1.66139 0.445168 1.35806
      vertex 1.66139 0.445168 0.683467
    endloop
  endfacet
  facet normal -0.973878 -0.227072 -3.46086e-06
    outer loop
      vertex 1.66139 0.445168 1.35806
      vertex 1.68695 0.335555 0.69104
      vertex 1.68114 0.360463 1.36388
    endloop
  endfacet
  facet normal -0.973857 -0.22716 0
    outer loop
      vertex 1.68114 0.360463 1.36388
      vertex 1.68695 0.335555 0.69104
      vertex 1.68695 0.335555 1.36519
    endloop
  endfacet
  facet normal -0.973873 -0.227092 0
    outer loop
      vertex 1.68695 0.335555 1.39106
      vertex 1.66139 0.445168 2.05807
      vertex 1.66139 0.445168 1.38348
    endloop
  endfacet
  facet normal -0.973883 -0.22705 -7.28343e-06
    outer loop
      vertex 1.66139 0.445168 2.05807
      vertex 1.68695 0.335555 1.39106
      vertex 1.67981 0.366159 2.0635
    endloop
  endfacet
  facet normal -0.973848 -0.227201 0
    outer loop
      vertex 1.67981 0.366159 2.0635
      vertex 1.68695 0.335555 1.39106
      vertex 1.68695 0.335555 2.0651
    endloop
  endfacet
  facet normal -0.973873 -0.227092 0
    outer loop
      vertex 1.68695 0.335555 2.09107
      vertex 1.66139 0.445168 2.75809
      vertex 1.66139 0.445168 2.08349
    endloop
  endfacet
  facet normal -0.973857 -0.22716 1.19002e-05
    outer loop
      vertex 1.66139 0.445168 2.75809
      vertex 1.68695 0.335555 2.09107
      vertex 1.67849 0.371859 2.76312
    endloop
  endfacet
  facet normal -0.973906 -0.226951 0
    outer loop
      vertex 1.67849 0.371859 2.76312
      vertex 1.68695 0.335555 2.09107
      vertex 1.68695 0.335555 2.76502
    endloop
  endfacet
  facet normal -0.973873 -0.227092 0
    outer loop
      vertex 1.68695 0.335555 2.79109
      vertex 1.66139 0.445168 3.2
      vertex 1.66139 0.445168 2.78351
    endloop
  endfacet
  facet normal -0.973873 -0.227092 0
    outer loop
      vertex 1.66139 0.445168 3.2
      vertex 1.68695 0.335555 2.79109
      vertex 1.68695 0.335555 3.2
    endloop
  endfacet
  facet normal 0.910904 -0.412619 0
    outer loop
      vertex -1.55076 0.742766 0.386578
      vertex -1.54262 0.760736 0
      vertex -1.54262 0.760736 0.38792
    endloop
  endfacet
  facet normal 0.910832 -0.412776 -8.82778e-06
    outer loop
      vertex -1.56834 0.703974 0.38441
      vertex -1.54262 0.760736 0
      vertex -1.55076 0.742766 0.386578
    endloop
  endfacet
  facet normal 0.910887 -0.412655 0
    outer loop
      vertex -1.58907 0.658215 0
      vertex -1.56834 0.703974 0.38441
      vertex -1.58907 0.658215 0.381061
    endloop
  endfacet
  facet normal 0.910869 -0.412695 5.66767e-06
    outer loop
      vertex -1.56834 0.703974 0.38441
      vertex -1.58907 0.658215 0
      vertex -1.54262 0.760736 0
    endloop
  endfacet
  facet normal 0.910881 -0.412668 0
    outer loop
      vertex -1.55564 0.731997 1.78581
      vertex -1.54262 0.760736 1.1141
      vertex -1.54262 0.760736 1.78796
    endloop
  endfacet
  facet normal 0.910837 -0.412766 -5.02691e-06
    outer loop
      vertex -1.57319 0.69327 1.78365
      vertex -1.54262 0.760736 1.1141
      vertex -1.55564 0.731997 1.78581
    endloop
  endfacet
  facet normal 0.910895 -0.412638 1.04509e-05
    outer loop
      vertex -1.58907 0.658215 1.78109
      vertex -1.54262 0.760736 1.1141
      vertex -1.57319 0.69327 1.78365
    endloop
  endfacet
  facet normal 0.910869 -0.412695 0
    outer loop
      vertex -1.54262 0.760736 1.1141
      vertex -1.58907 0.658215 1.78109
      vertex -1.58907 0.658215 1.1065
    endloop
  endfacet
  facet normal 0.910913 -0.412598 0
    outer loop
      vertex -1.5532 0.737378 1.08619
      vertex -1.54262 0.760736 0.414081
      vertex -1.54262 0.760736 1.08794
    endloop
  endfacet
  facet normal 0.910857 -0.412722 -5.20602e-06
    outer loop
      vertex -1.57076 0.698624 1.08403
      vertex -1.54262 0.760736 0.414081
      vertex -1.5532 0.737378 1.08619
    endloop
  endfacet
  facet normal 0.910856 -0.412724 -5.3958e-06
    outer loop
      vertex -1.58907 0.658215 1.08107
      vertex -1.54262 0.760736 0.414081
      vertex -1.57076 0.698624 1.08403
    endloop
  endfacet
  facet normal 0.910869 -0.412695 0
    outer loop
      vertex -1.54262 0.760736 0.414081
      vertex -1.58907 0.658215 1.08107
      vertex -1.58907 0.658215 0.406481
    endloop
  endfacet
  facet normal 0.910819 -0.412807 0
    outer loop
      vertex -1.55808 0.726625 2.48543
      vertex -1.54262 0.760736 1.81412
      vertex -1.54262 0.760736 2.48797
    endloop
  endfacet
  facet normal 0.910869 -0.412695 6.85159e-06
    outer loop
      vertex -1.57562 0.687912 2.48327
      vertex -1.54262 0.760736 1.81412
      vertex -1.55808 0.726625 2.48543
    endloop
  endfacet
  facet normal 0.910927 -0.412568 2.3567e-05
    outer loop
      vertex -1.58907 0.658215 2.4811
      vertex -1.54262 0.760736 1.81412
      vertex -1.57562 0.687912 2.48327
    endloop
  endfacet
  facet normal 0.910869 -0.412695 0
    outer loop
      vertex -1.54262 0.760736 1.81412
      vertex -1.58907 0.658215 2.4811
      vertex -1.58907 0.658215 1.80651
    endloop
  endfacet
  facet normal 0.910832 -0.412777 0
    outer loop
      vertex -1.56051 0.72126 3.18505
      vertex -1.54262 0.760736 2.51413
      vertex -1.54262 0.760736 3.18799
    endloop
  endfacet
  facet normal 0.910861 -0.412713 4.57052e-06
    outer loop
      vertex -1.57805 0.682549 3.18289
      vertex -1.54262 0.760736 2.51413
      vertex -1.56051 0.72126 3.18505
    endloop
  endfacet
  facet normal 0.910942 -0.412535 2.95759e-05
    outer loop
      vertex -1.58907 0.658215 3.18111
      vertex -1.54262 0.760736 2.51413
      vertex -1.57805 0.682549 3.18289
    endloop
  endfacet
  facet normal 0.910869 -0.412695 0
    outer loop
      vertex -1.54262 0.760736 2.51413
      vertex -1.58907 0.658215 3.18111
      vertex -1.58907 0.658215 2.50652
    endloop
  endfacet
  facet normal 0.227078 -0.973877 -3.37246e-06
    outer loop
      vertex -0.335555 1.68695 0
      vertex -0.353346 1.6828 0.489353
      vertex -0.445168 1.66139 0.483037
    endloop
  endfacet
  facet normal 0.227092 -0.973873 0
    outer loop
      vertex -0.335555 1.68695 0
      vertex -0.445168 1.66139 0.483037
      vertex -0.445168 1.66139 0
    endloop
  endfacet
  facet normal 0.227166 -0.973856 0
    outer loop
      vertex -0.353346 1.6828 0.489353
      vertex -0.335555 1.68695 0
      vertex -0.335555 1.68695 0.490288
    endloop
  endfacet
  facet normal 0.22705 -0.973883 -7.1778e-06
    outer loop
      vertex -0.335555 1.68695 0.516036
      vertex -0.359039 1.68147 1.18897
      vertex -0.445168 1.66139 1.18305
    endloop
  endfacet
  facet normal 0.227245 -0.973838 0
    outer loop
      vertex -0.359039 1.68147 1.18897
      vertex -0.335555 1.68695 0.516036
      vertex -0.335555 1.68695 1.19021
    endloop
  endfacet
  facet normal 0.227092 -0.973873 0
    outer loop
      vertex -0.335555 1.68695 0.516036
      vertex -0.445168 1.66139 1.18305
      vertex -0.445168 1.66139 0.508464
    endloop
  endfacet
  facet normal 0.227141 -0.973862 8.47937e-06
    outer loop
      vertex -0.335555 1.68695 1.21605
      vertex -0.364735 1.68015 1.88859
      vertex -0.445168 1.66139 1.88307
    endloop
  endfacet
  facet normal 0.226955 -0.973905 0
    outer loop
      vertex -0.364735 1.68015 1.88859
      vertex -0.335555 1.68695 1.21605
      vertex -0.335555 1.68695 1.89012
    endloop
  endfacet
  facet normal 0.227092 -0.973873 0
    outer loop
      vertex -0.335555 1.68695 1.21605
      vertex -0.445168 1.66139 1.88307
      vertex -0.445168 1.66139 1.20848
    endloop
  endfacet
  facet normal 0.227131 -0.973864 6.8301e-06
    outer loop
      vertex -0.335555 1.68695 1.91607
      vertex -0.370434 1.67882 2.58821
      vertex -0.445168 1.66139 2.58308
    endloop
  endfacet
  facet normal 0.227006 -0.973893 0
    outer loop
      vertex -0.370434 1.67882 2.58821
      vertex -0.335555 1.68695 1.91607
      vertex -0.335555 1.68695 2.59004
    endloop
  endfacet
  facet normal 0.227092 -0.973873 0
    outer loop
      vertex -0.335555 1.68695 1.91607
      vertex -0.445168 1.66139 2.58308
      vertex -0.445168 1.66139 1.90849
    endloop
  endfacet
  facet normal 0.227092 -0.973873 0
    outer loop
      vertex -0.445168 1.66139 3.2
      vertex -0.335555 1.68695 2.61609
      vertex -0.335555 1.68695 3.2
    endloop
  endfacet
  facet normal 0.227092 -0.973873 0
    outer loop
      vertex -0.335555 1.68695 2.61609
      vertex -0.445168 1.66139 3.2
      vertex -0.445168 1.66139 2.6085
    endloop
  endfacet
  facet normal -0.772963 -0.634451 0
    outer loop
      vertex 1.36457 1.04707 0
      vertex 1.29316 1.13407 0.607054
      vertex 1.29316 1.13407 0
    endloop
  endfacet
  facet normal -0.772969 -0.634444 -1.68646e-06
    outer loop
      vertex 1.29316 1.13407 0.607054
      vertex 1.36457 1.04707 0
      vertex 1.33809 1.07933 0.611787
    endloop
  endfacet
  facet normal -0.772953 -0.634463 0
    outer loop
      vertex 1.33809 1.07933 0.611787
      vertex 1.36457 1.04707 0
      vertex 1.36457 1.04707 0.613917
    endloop
  endfacet
  facet normal -0.772963 -0.634451 0
    outer loop
      vertex 1.36457 1.04707 1.34008
      vertex 1.29316 1.13407 2.00708
      vertex 1.29316 1.13407 1.33249
    endloop
  endfacet
  facet normal -0.772916 -0.634508 1.23216e-05
    outer loop
      vertex 1.29316 1.13407 2.00708
      vertex 1.36457 1.04707 1.34008
      vertex 1.33066 1.08839 2.01103
    endloop
  endfacet
  facet normal -0.773058 -0.634335 -5.51332e-06
    outer loop
      vertex 1.33066 1.08839 2.01103
      vertex 1.36457 1.04707 1.34008
      vertex 1.35773 1.0554 2.0132
    endloop
  endfacet
  facet normal -0.77284 -0.634601 0
    outer loop
      vertex 1.35773 1.0554 2.0132
      vertex 1.36457 1.04707 1.34008
      vertex 1.36457 1.04707 2.01393
    endloop
  endfacet
  facet normal -0.772963 -0.634451 0
    outer loop
      vertex 1.36457 1.04707 0.640061
      vertex 1.29316 1.13407 1.30707
      vertex 1.29316 1.13407 0.632474
    endloop
  endfacet
  facet normal -0.772908 -0.634519 1.46945e-05
    outer loop
      vertex 1.29316 1.13407 1.30707
      vertex 1.36457 1.04707 0.640061
      vertex 1.33438 1.08386 1.31141
    endloop
  endfacet
  facet normal -0.77305 -0.634345 -1.20462e-06
    outer loop
      vertex 1.33438 1.08386 1.31141
      vertex 1.36457 1.04707 0.640061
      vertex 1.3615 1.05081 1.31359
    endloop
  endfacet
  facet normal -0.772943 -0.634475 0
    outer loop
      vertex 1.3615 1.05081 1.31359
      vertex 1.36457 1.04707 0.640061
      vertex 1.36457 1.04707 1.31392
    endloop
  endfacet
  facet normal -0.772963 -0.634451 0
    outer loop
      vertex 1.36457 1.04707 2.0401
      vertex 1.29316 1.13407 2.7071
      vertex 1.29316 1.13407 2.0325
    endloop
  endfacet
  facet normal -0.773018 -0.634384 -1.48026e-05
    outer loop
      vertex 1.29316 1.13407 2.7071
      vertex 1.36457 1.04707 2.0401
      vertex 1.32693 1.09292 2.71065
    endloop
  endfacet
  facet normal -0.772932 -0.634489 -2.70331e-06
    outer loop
      vertex 1.32693 1.09292 2.71065
      vertex 1.36457 1.04707 2.0401
      vertex 1.35397 1.05998 2.71282
    endloop
  endfacet
  facet normal -0.772863 -0.634573 0
    outer loop
      vertex 1.35397 1.05998 2.71282
      vertex 1.36457 1.04707 2.0401
      vertex 1.36457 1.04707 2.71395
    endloop
  endfacet
  facet normal -0.772963 -0.634451 0
    outer loop
      vertex 1.36457 1.04707 2.74011
      vertex 1.29316 1.13407 3.2
      vertex 1.29316 1.13407 2.73252
    endloop
  endfacet
  facet normal -0.772963 -0.634451 0
    outer loop
      vertex 1.29316 1.13407 3.2
      vertex 1.36457 1.04707 2.74011
      vertex 1.36457 1.04707 3.2
    endloop
  endfacet
  facet normal -0.0981061 -0.995176 0
    outer loop
      vertex 0.112493 1.71632 0
      vertex 0.183703 1.7093 0.524334
      vertex 0.112493 1.71632 0.519552
    endloop
  endfacet
  facet normal -0.0979985 -0.995187 -1.47575e-05
    outer loop
      vertex 0.183703 1.7093 0.524334
      vertex 0.112493 1.71632 0
      vertex 0.224504 1.70529 0
    endloop
  endfacet
  facet normal -0.0978106 -0.995205 0
    outer loop
      vertex 0.183703 1.7093 0.524334
      vertex 0.224504 1.70529 0
      vertex 0.224504 1.70529 0.526426
    endloop
  endfacet
  facet normal -0.0980264 -0.995184 -4.72636e-06
    outer loop
      vertex 0.224504 1.70529 0.55256
      vertex 0.177873 1.70988 1.22395
      vertex 0.112493 1.71632 1.21957
    endloop
  endfacet
  facet normal -0.0977375 -0.995212 0
    outer loop
      vertex 0.220431 1.70569 1.22614
      vertex 0.224504 1.70529 0.55256
      vertex 0.224504 1.70529 1.22641
    endloop
  endfacet
  facet normal -0.0979801 -0.995188 -1.48089e-06
    outer loop
      vertex 0.177873 1.70988 1.22395
      vertex 0.224504 1.70529 0.55256
      vertex 0.220431 1.70569 1.22614
    endloop
  endfacet
  facet normal -0.0979985 -0.995187 0
    outer loop
      vertex 0.224504 1.70529 0.55256
      vertex 0.112493 1.71632 1.21957
      vertex 0.112493 1.71632 0.544972
    endloop
  endfacet
  facet normal -0.0981042 -0.995176 -1.79201e-05
    outer loop
      vertex 0.224504 1.70529 1.25258
      vertex 0.172038 1.71045 1.92357
      vertex 0.112493 1.71632 1.91958
    endloop
  endfacet
  facet normal -0.0976779 -0.995218 0
    outer loop
      vertex 0.214519 1.70627 1.92575
      vertex 0.224504 1.70529 1.25258
      vertex 0.224504 1.70529 1.92643
    endloop
  endfacet
  facet normal -0.0979238 -0.995194 -3.68329e-06
    outer loop
      vertex 0.172038 1.71045 1.92357
      vertex 0.224504 1.70529 1.25258
      vertex 0.214519 1.70627 1.92575
    endloop
  endfacet
  facet normal -0.0979985 -0.995187 0
    outer loop
      vertex 0.224504 1.70529 1.25258
      vertex 0.112493 1.71632 1.91958
      vertex 0.112493 1.71632 1.24499
    endloop
  endfacet
  facet normal -0.0980228 -0.995184 -4.1202e-06
    outer loop
      vertex 0.224504 1.70529 1.95259
      vertex 0.1662 1.71103 2.62319
      vertex 0.112493 1.71632 2.61959
    endloop
  endfacet
  facet normal -0.0977235 -0.995214 0
    outer loop
      vertex 0.208617 1.70685 2.62536
      vertex 0.224504 1.70529 1.95259
      vertex 0.224504 1.70529 2.62645
    endloop
  endfacet
  facet normal -0.0980699 -0.99518 -8.25991e-06
    outer loop
      vertex 0.1662 1.71103 2.62319
      vertex 0.224504 1.70529 1.95259
      vertex 0.208617 1.70685 2.62536
    endloop
  endfacet
  facet normal -0.0979985 -0.995187 0
    outer loop
      vertex 0.224504 1.70529 1.95259
      vertex 0.112493 1.71632 2.61959
      vertex 0.112493 1.71632 1.945
    endloop
  endfacet
  facet normal -0.0979985 -0.995187 0
    outer loop
      vertex 0.112493 1.71632 3.2
      vertex 0.224504 1.70529 2.65261
      vertex 0.224504 1.70529 3.2
    endloop
  endfacet
  facet normal -0.0979985 -0.995187 0
    outer loop
      vertex 0.224504 1.70529 2.65261
      vertex 0.112493 1.71632 3.2
      vertex 0.112493 1.71632 2.64501
    endloop
  endfacet
  facet normal -0.683376 -0.730066 0
    outer loop
      vertex 1.13407 1.29316 0
      vertex 1.15299 1.27545 0.594296
      vertex 1.13407 1.29316 0.592574
    endloop
  endfacet
  facet normal -0.683583 -0.729872 1.2383e-05
    outer loop
      vertex 1.15299 1.27545 0.594296
      vertex 1.13407 1.29316 0
      vertex 1.21622 1.21622 0
    endloop
  endfacet
  facet normal -0.683675 -0.729787 -5.86297e-06
    outer loop
      vertex 1.15299 1.27545 0.594296
      vertex 1.21622 1.21622 0
      vertex 1.18401 1.24639 0.596454
    endloop
  endfacet
  facet normal -0.683617 -0.729841 0
    outer loop
      vertex 1.18401 1.24639 0.596454
      vertex 1.21622 1.21622 0
      vertex 1.21622 1.21622 0.599453
    endloop
  endfacet
  facet normal -0.68351 -0.729941 1.69744e-05
    outer loop
      vertex 1.21622 1.21622 0.625613
      vertex 1.14869 1.27947 1.29392
      vertex 1.13407 1.29316 1.29259
    endloop
  endfacet
  facet normal -0.683635 -0.729824 0
    outer loop
      vertex 1.17972 1.25041 1.29607
      vertex 1.21622 1.21622 0.625613
      vertex 1.21622 1.21622 1.29947
    endloop
  endfacet
  facet normal -0.683558 -0.729896 7.88869e-06
    outer loop
      vertex 1.14869 1.27947 1.29392
      vertex 1.21622 1.21622 0.625613
      vertex 1.17972 1.25041 1.29607
    endloop
  endfacet
  facet normal -0.683583 -0.729872 0
    outer loop
      vertex 1.21622 1.21622 0.625613
      vertex 1.13407 1.29316 1.29259
      vertex 1.13407 1.29316 0.618
    endloop
  endfacet
  facet normal -0.683005 -0.730413 0.000133619
    outer loop
      vertex 1.21622 1.21622 1.32563
      vertex 1.14439 1.28351 1.99354
      vertex 1.13407 1.29316 1.9926
    endloop
  endfacet
  facet normal -0.683649 -0.729811 0
    outer loop
      vertex 1.17543 1.25443 1.99569
      vertex 1.21622 1.21622 1.32563
      vertex 1.21622 1.21622 1.99949
    endloop
  endfacet
  facet normal -0.683691 -0.729772 -4.70993e-06
    outer loop
      vertex 1.14439 1.28351 1.99354
      vertex 1.21622 1.21622 1.32563
      vertex 1.17543 1.25443 1.99569
    endloop
  endfacet
  facet normal -0.683583 -0.729872 0
    outer loop
      vertex 1.21622 1.21622 1.32563
      vertex 1.13407 1.29316 1.9926
      vertex 1.13407 1.29316 1.31802
    endloop
  endfacet
  facet normal -0.683017 -0.730402 0.000130887
    outer loop
      vertex 1.21622 1.21622 2.02565
      vertex 1.14008 1.28754 2.69316
      vertex 1.13407 1.29316 2.69261
    endloop
  endfacet
  facet normal -0.683656 -0.729805 0
    outer loop
      vertex 1.17115 1.25844 2.69531
      vertex 1.21622 1.21622 2.02565
      vertex 1.21622 1.21622 2.6995
    endloop
  endfacet
  facet normal -0.68359 -0.729866 8.32408e-06
    outer loop
      vertex 1.14008 1.28754 2.69316
      vertex 1.21622 1.21622 2.02565
      vertex 1.17115 1.25844 2.69531
    endloop
  endfacet
  facet normal -0.683583 -0.729872 0
    outer loop
      vertex 1.21622 1.21622 2.02565
      vertex 1.13407 1.29316 2.69261
      vertex 1.13407 1.29316 2.01803
    endloop
  endfacet
  facet normal -0.683583 -0.729872 0
    outer loop
      vertex 1.13407 1.29316 3.2
      vertex 1.21622 1.21622 2.72567
      vertex 1.21622 1.21622 3.2
    endloop
  endfacet
  facet normal -0.683583 -0.729872 0
    outer loop
      vertex 1.21622 1.21622 2.72567
      vertex 1.13407 1.29316 3.2
      vertex 1.13407 1.29316 2.71805
    endloop
  endfacet
  facet normal -0.290261 0.956947 0
    outer loop
      vertex 0.445168 -1.66139 0
      vertex 0.552876 -1.62872 0.125414
      vertex 0.552876 -1.62872 0
    endloop
  endfacet
  facet normal -0.290261 0.956947 0
    outer loop
      vertex 0.552876 -1.62872 0.125414
      vertex 0.445168 -1.66139 0
      vertex 0.445168 -1.66139 0.133029
    endloop
  endfacet
  facet normal -0.290261 0.956947 0
    outer loop
      vertex 0.552876 -1.62872 0.825431
      vertex 0.445168 -1.66139 0.158458
      vertex 0.445168 -1.66139 0.833044
    endloop
  endfacet
  facet normal -0.290151 0.956981 -1.94552e-05
    outer loop
      vertex 0.552876 -1.62872 0.825431
      vertex 0.465683 -1.65517 0.157034
      vertex 0.445168 -1.66139 0.158458
    endloop
  endfacet
  facet normal -0.290295 0.956937 9.96885e-07
    outer loop
      vertex 0.552876 -1.62872 0.825431
      vertex 0.506361 -1.64283 0.154877
      vertex 0.465683 -1.65517 0.157034
    endloop
  endfacet
  facet normal -0.290281 0.956941 0
    outer loop
      vertex 0.506361 -1.64283 0.154877
      vertex 0.552876 -1.62872 0.825431
      vertex 0.552876 -1.62872 0.151574
    endloop
  endfacet
  facet normal -0.290261 0.956947 0
    outer loop
      vertex 0.552876 -1.62872 1.52545
      vertex 0.445168 -1.66139 0.85847
      vertex 0.445168 -1.66139 1.53306
    endloop
  endfacet
  facet normal -0.290171 0.956975 -1.59542e-05
    outer loop
      vertex 0.552876 -1.62872 1.52545
      vertex 0.471321 -1.65346 0.856654
      vertex 0.445168 -1.66139 0.85847
    endloop
  endfacet
  facet normal -0.29036 0.956918 9.17186e-06
    outer loop
      vertex 0.552876 -1.62872 1.52545
      vertex 0.511989 -1.64112 0.854496
      vertex 0.471321 -1.65346 0.856654
    endloop
  endfacet
  facet normal -0.290222 0.956959 0
    outer loop
      vertex 0.511989 -1.64112 0.854496
      vertex 0.552876 -1.62872 1.52545
      vertex 0.552876 -1.62872 0.851592
    endloop
  endfacet
  facet normal -0.290261 0.956947 0
    outer loop
      vertex 0.552876 -1.62872 2.22547
      vertex 0.445168 -1.66139 1.55848
      vertex 0.445168 -1.66139 2.23307
    endloop
  endfacet
  facet normal -0.290225 0.956958 -6.40532e-06
    outer loop
      vertex 0.552876 -1.62872 2.22547
      vertex 0.476954 -1.65175 1.55627
      vertex 0.445168 -1.66139 1.55848
    endloop
  endfacet
  facet normal -0.290334 0.956926 7.03566e-06
    outer loop
      vertex 0.552876 -1.62872 2.22547
      vertex 0.517626 -1.63941 1.55411
      vertex 0.476954 -1.65175 1.55627
    endloop
  endfacet
  facet normal -0.290211 0.956963 0
    outer loop
      vertex 0.517626 -1.63941 1.55411
      vertex 0.552876 -1.62872 2.22547
      vertex 0.552876 -1.62872 1.55161
    endloop
  endfacet
  facet normal -0.290261 0.956947 0
    outer loop
      vertex 0.552876 -1.62872 2.92549
      vertex 0.445168 -1.66139 2.2585
      vertex 0.445168 -1.66139 2.93309
    endloop
  endfacet
  facet normal -0.290298 0.956936 6.46227e-06
    outer loop
      vertex 0.552876 -1.62872 2.92549
      vertex 0.482582 -1.65004 2.25589
      vertex 0.445168 -1.66139 2.2585
    endloop
  endfacet
  facet normal -0.290223 0.956959 -2.14884e-06
    outer loop
      vertex 0.552876 -1.62872 2.92549
      vertex 0.523271 -1.6377 2.25373
      vertex 0.482582 -1.65004 2.25589
    endloop
  endfacet
  facet normal -0.290268 0.956946 0
    outer loop
      vertex 0.523271 -1.6377 2.25373
      vertex 0.552876 -1.62872 2.92549
      vertex 0.552876 -1.62872 2.25163
    endloop
  endfacet
  facet normal -0.290261 0.956947 -1.79782e-05
    outer loop
      vertex 0.488207 -1.64834 2.95551
      vertex 0.445168 -1.66139 3.2
      vertex 0.552876 -1.62872 3.2
    endloop
  endfacet
  facet normal -0.290168 0.956976 0
    outer loop
      vertex 0.445168 -1.66139 3.2
      vertex 0.488207 -1.64834 2.95551
      vertex 0.445168 -1.66139 2.95851
    endloop
  endfacet
  facet normal -0.290468 0.956885 4.18317e-05
    outer loop
      vertex 0.552876 -1.62872 3.2
      vertex 0.528924 -1.63598 2.95335
      vertex 0.488207 -1.64834 2.95551
    endloop
  endfacet
  facet normal -0.290074 0.957004 0
    outer loop
      vertex 0.528924 -1.63598 2.95335
      vertex 0.552876 -1.62872 3.2
      vertex 0.552876 -1.62872 2.95165
    endloop
  endfacet
  facet normal 0.999466 0.0326748 0
    outer loop
      vertex -1.71863 -0.0419059 0.334096
      vertex -1.72 0 0
      vertex -1.72 0 0.336946
    endloop
  endfacet
  facet normal 0.999465 0.0327069 4.02352e-06
    outer loop
      vertex -1.71724 -0.0843816 0.331939
      vertex -1.72 0 0
      vertex -1.71863 -0.0419059 0.334096
    endloop
  endfacet
  facet normal 0.999465 0.0327094 -0
    outer loop
      vertex -1.71632 -0.112493 0
      vertex -1.71724 -0.0843816 0.331939
      vertex -1.71632 -0.112493 0.330069
    endloop
  endfacet
  facet normal 0.999465 0.0326957 1.16721e-06
    outer loop
      vertex -1.71724 -0.0843816 0.331939
      vertex -1.71632 -0.112493 0
      vertex -1.72 0 0
    endloop
  endfacet
  facet normal 0.999468 0.0326284 0
    outer loop
      vertex -1.71844 -0.0477857 1.03372
      vertex -1.72 0 0.363106
      vertex -1.72 0 1.03696
    endloop
  endfacet
  facet normal 0.999457 0.0329351 2.18826e-05
    outer loop
      vertex -1.71704 -0.090269 1.03156
      vertex -1.72 0 0.363106
      vertex -1.71844 -0.0477857 1.03372
    endloop
  endfacet
  facet normal 0.999476 0.0323839 -5.26339e-05
    outer loop
      vertex -1.71632 -0.112493 1.03008
      vertex -1.72 0 0.363106
      vertex -1.71704 -0.090269 1.03156
    endloop
  endfacet
  facet normal 0.999465 0.0326957 0
    outer loop
      vertex -1.72 0 0.363106
      vertex -1.71632 -0.112493 1.03008
      vertex -1.71632 -0.112493 0.355494
    endloop
  endfacet
  facet normal 0.999462 0.0327832 0
    outer loop
      vertex -1.71824 -0.0536571 1.73333
      vertex -1.72 0 1.06312
      vertex -1.72 0 1.73698
    endloop
  endfacet
  facet normal 0.999466 0.0326855 -7.83434e-06
    outer loop
      vertex -1.71685 -0.0961614 1.73118
      vertex -1.72 0 1.06312
      vertex -1.71824 -0.0536571 1.73333
    endloop
  endfacet
  facet normal 0.999474 0.0324382 -4.34619e-05
    outer loop
      vertex -1.71632 -0.112493 1.73009
      vertex -1.72 0 1.06312
      vertex -1.71685 -0.0961614 1.73118
    endloop
  endfacet
  facet normal 0.999465 0.0326957 0
    outer loop
      vertex -1.72 0 1.06312
      vertex -1.71632 -0.112493 1.73009
      vertex -1.71632 -0.112493 1.05551
    endloop
  endfacet
  facet normal 0.999464 0.0327439 0
    outer loop
      vertex -1.71805 -0.0595212 2.43295
      vertex -1.72 0 1.76314
      vertex -1.72 0 2.437
    endloop
  endfacet
  facet normal 0.999467 0.032659 -7.54962e-06
    outer loop
      vertex -1.71666 -0.10206 2.4308
      vertex -1.72 0 1.76314
      vertex -1.71805 -0.0595212 2.43295
    endloop
  endfacet
  facet normal 0.999469 0.0325716 -0
    outer loop
      vertex -1.71632 -0.112493 1.75552
      vertex -1.71666 -0.10206 2.4308
      vertex -1.71632 -0.112493 2.43011
    endloop
  endfacet
  facet normal 0.999465 0.0326958 -1.92057e-06
    outer loop
      vertex -1.71666 -0.10206 2.4308
      vertex -1.71632 -0.112493 1.75552
      vertex -1.72 0 1.76314
    endloop
  endfacet
  facet normal 0.999465 0.0327161 0
    outer loop
      vertex -1.71786 -0.0653762 3.13257
      vertex -1.72 0 2.46316
      vertex -1.72 0 3.13702
    endloop
  endfacet
  facet normal 0.999468 0.0326231 -9.09508e-06
    outer loop
      vertex -1.71647 -0.107962 3.13042
      vertex -1.72 0 2.46316
      vertex -1.71786 -0.0653762 3.13257
    endloop
  endfacet
  facet normal 0.999452 0.0330871 -0
    outer loop
      vertex -1.71632 -0.112493 2.45554
      vertex -1.71647 -0.107962 3.13042
      vertex -1.71632 -0.112493 3.13012
    endloop
  endfacet
  facet normal 0.999465 0.0326955 2.63245e-06
    outer loop
      vertex -1.71647 -0.107962 3.13042
      vertex -1.71632 -0.112493 2.45554
      vertex -1.72 0 2.46316
    endloop
  endfacet
  facet normal 0.999465 0.0326957 0
    outer loop
      vertex -1.71632 -0.112493 3.2
      vertex -1.72 0 3.16318
      vertex -1.72 0 3.2
    endloop
  endfacet
  facet normal 0.999465 0.0326957 0
    outer loop
      vertex -1.72 0 3.16318
      vertex -1.71632 -0.112493 3.2
      vertex -1.71632 -0.112493 3.15556
    endloop
  endfacet
  facet normal -0.352222 0.935916 0
    outer loop
      vertex 0.658215 -1.58907 0
      vertex 0.609137 -1.60754 0.122053
      vertex 0.658215 -1.58907 0.118557
    endloop
  endfacet
  facet normal -0.352275 0.935897 -2.41214e-05
    outer loop
      vertex 0.552876 -1.62872 0
      vertex 0.609137 -1.60754 0.122053
      vertex 0.658215 -1.58907 0
    endloop
  endfacet
  facet normal -0.352287 0.935892 -1.80216e-05
    outer loop
      vertex 0.609137 -1.60754 0.122053
      vertex 0.552876 -1.62872 0
      vertex 0.569261 -1.62255 0.124223
    endloop
  endfacet
  facet normal -0.352406 0.935847 0
    outer loop
      vertex 0.569261 -1.62255 0.124223
      vertex 0.552876 -1.62872 0
      vertex 0.552876 -1.62872 0.125414
    endloop
  endfacet
  facet normal -0.352379 0.935858 1.86781e-05
    outer loop
      vertex 0.552876 -1.62872 0.151574
      vertex 0.614633 -1.60548 0.821672
      vertex 0.658215 -1.58907 0.81857
    endloop
  endfacet
  facet normal -0.352176 0.935934 0
    outer loop
      vertex 0.574801 -1.62047 0.823838
      vertex 0.552876 -1.62872 0.151574
      vertex 0.552876 -1.62872 0.825431
    endloop
  endfacet
  facet normal -0.352215 0.935919 1.45664e-06
    outer loop
      vertex 0.614633 -1.60548 0.821672
      vertex 0.552876 -1.62872 0.151574
      vertex 0.574801 -1.62047 0.823838
    endloop
  endfacet
  facet normal -0.352275 0.935897 0
    outer loop
      vertex 0.552876 -1.62872 0.151574
      vertex 0.658215 -1.58907 0.81857
      vertex 0.658215 -1.58907 0.143976
    endloop
  endfacet
  facet normal -0.352398 0.93585 2.22237e-05
    outer loop
      vertex 0.552876 -1.62872 0.851592
      vertex 0.620133 -1.60341 1.52129
      vertex 0.658215 -1.58907 1.51858
    endloop
  endfacet
  facet normal -0.352128 0.935952 0
    outer loop
      vertex 0.580333 -1.61839 1.52346
      vertex 0.552876 -1.62872 0.851592
      vertex 0.552876 -1.62872 1.52545
    endloop
  endfacet
  facet normal -0.352257 0.935903 6.00167e-06
    outer loop
      vertex 0.620133 -1.60341 1.52129
      vertex 0.552876 -1.62872 0.851592
      vertex 0.580333 -1.61839 1.52346
    endloop
  endfacet
  facet normal -0.352275 0.935897 0
    outer loop
      vertex 0.552876 -1.62872 0.851592
      vertex 0.658215 -1.58907 1.51858
      vertex 0.658215 -1.58907 0.84399
    endloop
  endfacet
  facet normal -0.352204 0.935923 -1.28297e-05
    outer loop
      vertex 0.552876 -1.62872 1.55161
      vertex 0.625636 -1.60133 2.22091
      vertex 0.658215 -1.58907 2.2186
    endloop
  endfacet
  facet normal -0.35219 0.935929 0
    outer loop
      vertex 0.585855 -1.61631 2.22307
      vertex 0.552876 -1.62872 1.55161
      vertex 0.552876 -1.62872 2.22547
    endloop
  endfacet
  facet normal -0.352404 0.935848 1.19926e-05
    outer loop
      vertex 0.625636 -1.60133 2.22091
      vertex 0.552876 -1.62872 1.55161
      vertex 0.585855 -1.61631 2.22307
    endloop
  endfacet
  facet normal -0.352275 0.935897 0
    outer loop
      vertex 0.552876 -1.62872 1.55161
      vertex 0.658215 -1.58907 2.2186
      vertex 0.658215 -1.58907 1.544
    endloop
  endfacet
  facet normal -0.352286 0.935892 2.01243e-06
    outer loop
      vertex 0.552876 -1.62872 2.25163
      vertex 0.631144 -1.59926 2.92053
      vertex 0.658215 -1.58907 2.91861
    endloop
  endfacet
  facet normal -0.35229 0.935891 0
    outer loop
      vertex 0.59137 -1.61423 2.92269
      vertex 0.552876 -1.62872 2.25163
      vertex 0.552876 -1.62872 2.92549
    endloop
  endfacet
  facet normal -0.352253 0.935905 -2.44971e-06
    outer loop
      vertex 0.631144 -1.59926 2.92053
      vertex 0.552876 -1.62872 2.25163
      vertex 0.59137 -1.61423 2.92269
    endloop
  endfacet
  facet normal -0.352275 0.935897 0
    outer loop
      vertex 0.552876 -1.62872 2.25163
      vertex 0.658215 -1.58907 2.91861
      vertex 0.658215 -1.58907 2.24402
    endloop
  endfacet
  facet normal -0.352275 0.935897 0
    outer loop
      vertex 0.658215 -1.58907 3.2
      vertex 0.552876 -1.62872 2.95165
      vertex 0.552876 -1.62872 3.2
    endloop
  endfacet
  facet normal -0.352275 0.935897 0
    outer loop
      vertex 0.552876 -1.62872 2.95165
      vertex 0.658215 -1.58907 3.2
      vertex 0.658215 -1.58907 2.94403
    endloop
  endfacet
  facet normal 0.956947 0.290261 0
    outer loop
      vertex -1.62872 -0.552876 0.300418
      vertex -1.66139 -0.445168 0
      vertex -1.66139 -0.445168 0.308033
    endloop
  endfacet
  facet normal 0.956947 0.290261 0
    outer loop
      vertex -1.66139 -0.445168 0
      vertex -1.62872 -0.552876 0.300418
      vertex -1.62872 -0.552876 0
    endloop
  endfacet
  facet normal 0.956947 0.290261 0
    outer loop
      vertex -1.62872 -0.552876 1.00044
      vertex -1.66139 -0.445168 0.333461
      vertex -1.66139 -0.445168 1.00805
    endloop
  endfacet
  facet normal 0.956951 0.29025 -2.04172e-06
    outer loop
      vertex -1.66139 -0.445168 0.333461
      vertex -1.62872 -0.552876 1.00044
      vertex -1.65474 -0.467093 0.331939
    endloop
  endfacet
  facet normal 0.956929 0.29032 7.8559e-06
    outer loop
      vertex -1.65474 -0.467093 0.331939
      vertex -1.62872 -0.552876 1.00044
      vertex -1.6424 -0.507767 0.329782
    endloop
  endfacet
  facet normal 0.956962 0.290213 0
    outer loop
      vertex -1.6424 -0.507767 0.329782
      vertex -1.62872 -0.552876 1.00044
      vertex -1.62872 -0.552876 0.326579
    endloop
  endfacet
  facet normal 0.956947 0.290261 0
    outer loop
      vertex -1.62872 -0.552876 1.70045
      vertex -1.66139 -0.445168 1.03347
      vertex -1.66139 -0.445168 1.70806
    endloop
  endfacet
  facet normal 0.956946 0.290268 1.08161e-06
    outer loop
      vertex -1.66139 -0.445168 1.03347
      vertex -1.62872 -0.552876 1.70045
      vertex -1.65303 -0.472729 1.03156
    endloop
  endfacet
  facet normal 0.95692 0.290353 1.22547e-05
    outer loop
      vertex -1.65303 -0.472729 1.03156
      vertex -1.62872 -0.552876 1.70045
      vertex -1.64069 -0.513398 1.0294
    endloop
  endfacet
  facet normal 0.956978 0.290162 0
    outer loop
      vertex -1.64069 -0.513398 1.0294
      vertex -1.62872 -0.552876 1.70045
      vertex -1.62872 -0.552876 1.0266
    endloop
  endfacet
  facet normal 0.956947 0.290261 0
    outer loop
      vertex -1.62872 -0.552876 2.40047
      vertex -1.66139 -0.445168 1.73349
      vertex -1.66139 -0.445168 2.40808
    endloop
  endfacet
  facet normal 0.956932 0.290311 8.73033e-06
    outer loop
      vertex -1.66139 -0.445168 1.73349
      vertex -1.62872 -0.552876 2.40047
      vertex -1.65132 -0.478361 1.73118
    endloop
  endfacet
  facet normal 0.956933 0.290307 8.29913e-06
    outer loop
      vertex -1.65132 -0.478361 1.73118
      vertex -1.62872 -0.552876 2.40047
      vertex -1.63898 -0.519037 1.72902
    endloop
  endfacet
  facet normal 0.956979 0.290157 0
    outer loop
      vertex -1.63898 -0.519037 1.72902
      vertex -1.62872 -0.552876 2.40047
      vertex -1.62872 -0.552876 1.72661
    endloop
  endfacet
  facet normal 0.956947 0.290261 0
    outer loop
      vertex -1.62872 -0.552876 3.10049
      vertex -1.66139 -0.445168 2.4335
      vertex -1.66139 -0.445168 3.10809
    endloop
  endfacet
  facet normal 0.956985 0.290139 -2.16208e-05
    outer loop
      vertex -1.66139 -0.445168 2.4335
      vertex -1.62872 -0.552876 3.10049
      vertex -1.64962 -0.48399 2.4308
    endloop
  endfacet
  facet normal 0.956904 0.290405 8.29398e-06
    outer loop
      vertex -1.64962 -0.48399 2.4308
      vertex -1.62872 -0.552876 3.10049
      vertex -1.63727 -0.524684 2.42864
    endloop
  endfacet
  facet normal 0.956959 0.290224 0
    outer loop
      vertex -1.63727 -0.524684 2.42864
      vertex -1.62872 -0.552876 3.10049
      vertex -1.62872 -0.552876 2.42663
    endloop
  endfacet
  facet normal 0.956954 0.29024 0
    outer loop
      vertex -1.66139 -0.445168 3.2
      vertex -1.64791 -0.489613 3.13042
      vertex -1.66139 -0.445168 3.13351
    endloop
  endfacet
  facet normal 0.956947 0.290261 -1.45962e-05
    outer loop
      vertex -1.62872 -0.552876 3.2
      vertex -1.64791 -0.489613 3.13042
      vertex -1.66139 -0.445168 3.2
    endloop
  endfacet
  facet normal 0.956966 0.2902 -7.53366e-05
    outer loop
      vertex -1.64791 -0.489613 3.13042
      vertex -1.62872 -0.552876 3.2
      vertex -1.63556 -0.530339 3.12825
    endloop
  endfacet
  facet normal 0.956899 0.29042 0
    outer loop
      vertex -1.63556 -0.530339 3.12825
      vertex -1.62872 -0.552876 3.2
      vertex -1.62872 -0.552876 3.12665
    endloop
  endfacet
  facet normal 0.935897 -0.352275 0
    outer loop
      vertex -1.62872 0.552876 0.373472
      vertex -1.58907 0.658215 0
      vertex -1.58907 0.658215 0.381061
    endloop
  endfacet
  facet normal 0.935897 -0.352275 0
    outer loop
      vertex -1.58907 0.658215 0
      vertex -1.62872 0.552876 0.373472
      vertex -1.62872 0.552876 0
    endloop
  endfacet
  facet normal 0.935897 -0.352275 0
    outer loop
      vertex -1.62872 0.552876 1.07349
      vertex -1.58907 0.658215 0.406481
      vertex -1.58907 0.658215 1.08107
    endloop
  endfacet
  facet normal 0.935915 -0.352227 8.7279e-06
    outer loop
      vertex -1.58907 0.658215 0.406481
      vertex -1.62872 0.552876 1.07349
      vertex -1.61322 0.594045 0.401901
    endloop
  endfacet
  facet normal 0.935898 -0.35227 5.66743e-06
    outer loop
      vertex -1.61322 0.594045 0.401901
      vertex -1.62872 0.552876 1.07349
      vertex -1.6283 0.553981 0.399717
    endloop
  endfacet
  facet normal 0.934755 -0.355292 0
    outer loop
      vertex -1.6283 0.553981 0.399717
      vertex -1.62872 0.552876 1.07349
      vertex -1.62872 0.552876 0.399636
    endloop
  endfacet
  facet normal 0.935897 -0.352275 0
    outer loop
      vertex -1.62872 0.552876 2.47352
      vertex -1.58907 0.658215 1.80651
      vertex -1.58907 0.658215 2.4811
    endloop
  endfacet
  facet normal 0.935893 -0.352283 -1.52208e-06
    outer loop
      vertex -1.58907 0.658215 1.80651
      vertex -1.62872 0.552876 2.47352
      vertex -1.61735 0.583085 1.80114
    endloop
  endfacet
  facet normal 0.935905 -0.352254 0
    outer loop
      vertex -1.61735 0.583085 1.80114
      vertex -1.62872 0.552876 2.47352
      vertex -1.62872 0.552876 1.79949
    endloop
  endfacet
  facet normal 0.935897 -0.352275 0
    outer loop
      vertex -1.62872 0.552876 1.77351
      vertex -1.58907 0.658215 1.1065
      vertex -1.58907 0.658215 1.78109
    endloop
  endfacet
  facet normal 0.935885 -0.352307 -5.71253e-06
    outer loop
      vertex -1.58907 0.658215 1.1065
      vertex -1.62872 0.552876 1.77351
      vertex -1.61529 0.588563 1.10152
    endloop
  endfacet
  facet normal 0.93592 -0.352212 0
    outer loop
      vertex -1.61529 0.588563 1.10152
      vertex -1.62872 0.552876 1.77351
      vertex -1.62872 0.552876 1.09957
    endloop
  endfacet
  facet normal 0.935897 -0.352275 0
    outer loop
      vertex -1.62872 0.552876 3.17354
      vertex -1.58907 0.658215 2.50652
      vertex -1.58907 0.658215 3.18111
    endloop
  endfacet
  facet normal 0.935897 -0.352275 5.14665e-08
    outer loop
      vertex -1.58907 0.658215 2.50652
      vertex -1.62872 0.552876 3.17354
      vertex -1.61941 0.57761 2.50076
    endloop
  endfacet
  facet normal 0.935896 -0.352276 0
    outer loop
      vertex -1.61941 0.57761 2.50076
      vertex -1.62872 0.552876 3.17354
      vertex -1.62872 0.552876 2.49941
    endloop
  endfacet
  facet normal 0.935938 -0.352165 0
    outer loop
      vertex -1.62409 0.565181 3.2
      vertex -1.62872 0.552876 3.2
      vertex -1.62872 0.552876 3.19933
    endloop
  endfacet
  facet normal -0.812817 0.58252 0
    outer loop
      vertex 1.43013 -0.955581 0
      vertex 1.4138 -0.978367 0.0542539
      vertex 1.43013 -0.955581 0.0528388
    endloop
  endfacet
  facet normal -0.812847 0.582477 -2.70549e-05
    outer loop
      vertex 1.36457 -1.04707 0
      vertex 1.4138 -0.978367 0.0542539
      vertex 1.43013 -0.955581 0
    endloop
  endfacet
  facet normal -0.812857 0.582463 0
    outer loop
      vertex 1.4138 -0.978367 0.0542539
      vertex 1.36457 -1.04707 0
      vertex 1.36457 -1.04707 0.0599877
    endloop
  endfacet
  facet normal -0.81286 0.58246 0
    outer loop
      vertex 1.37535 -1.03203 0.0849028
      vertex 1.43013 -0.955581 0.752757
      vertex 1.43013 -0.955581 0.0785256
    endloop
  endfacet
  facet normal -0.812729 0.582642 -3.15346e-05
    outer loop
      vertex 1.43013 -0.955581 0.752757
      vertex 1.37535 -1.03203 0.0849028
      vertex 1.41719 -0.973631 0.753878
    endloop
  endfacet
  facet normal -0.812784 0.582566 -2.15026e-05
    outer loop
      vertex 1.36457 -1.04707 0.0858358
      vertex 1.41719 -0.973631 0.753878
      vertex 1.37535 -1.03203 0.0849028
    endloop
  endfacet
  facet normal -0.812876 0.582436 0
    outer loop
      vertex 1.41719 -0.973631 0.753878
      vertex 1.36457 -1.04707 0.0858358
      vertex 1.36457 -1.04707 0.760005
    endloop
  endfacet
  facet normal -0.812825 0.582508 0
    outer loop
      vertex 1.37874 -1.02729 0.784526
      vertex 1.43013 -0.955581 1.45267
      vertex 1.43013 -0.955581 0.778542
    endloop
  endfacet
  facet normal -0.812702 0.582679 -2.77713e-05
    outer loop
      vertex 1.43013 -0.955581 1.45267
      vertex 1.37874 -1.02729 0.784526
      vertex 1.42058 -0.968901 1.4535
    endloop
  endfacet
  facet normal -0.812927 0.582366 1.36305e-05
    outer loop
      vertex 1.36457 -1.04707 0.785754
      vertex 1.42058 -0.968901 1.4535
      vertex 1.37874 -1.02729 0.784526
    endloop
  endfacet
  facet normal -0.812872 0.582443 0
    outer loop
      vertex 1.42058 -0.968901 1.4535
      vertex 1.36457 -1.04707 0.785754
      vertex 1.36457 -1.04707 1.46002
    endloop
  endfacet
  facet normal -0.812785 0.582563 0
    outer loop
      vertex 1.38213 -1.02255 1.48415
      vertex 1.43013 -0.955581 2.15259
      vertex 1.43013 -0.955581 1.47856
    endloop
  endfacet
  facet normal -0.812806 0.582535 4.35266e-06
    outer loop
      vertex 1.43013 -0.955581 2.15259
      vertex 1.38213 -1.02255 1.48415
      vertex 1.42397 -0.964176 2.15313
    endloop
  endfacet
  facet normal -0.813015 0.582243 4.2857e-05
    outer loop
      vertex 1.36457 -1.04707 1.48567
      vertex 1.42397 -0.964176 2.15313
      vertex 1.38213 -1.02255 1.48415
    endloop
  endfacet
  facet normal -0.812851 0.582471 0
    outer loop
      vertex 1.42397 -0.964176 2.15313
      vertex 1.36457 -1.04707 1.48567
      vertex 1.36457 -1.04707 2.16004
    endloop
  endfacet
  facet normal -0.812801 0.582541 0
    outer loop
      vertex 1.38553 -1.01781 2.18377
      vertex 1.43013 -0.955581 2.85251
      vertex 1.43013 -0.955581 2.17858
    endloop
  endfacet
  facet normal -0.8126 0.582822 -3.95925e-05
    outer loop
      vertex 1.43013 -0.955581 2.85251
      vertex 1.38553 -1.01781 2.18377
      vertex 1.42735 -0.959457 2.85275
    endloop
  endfacet
  facet normal -0.812944 0.582342 2.37234e-05
    outer loop
      vertex 1.36457 -1.04707 2.18559
      vertex 1.42735 -0.959457 2.85275
      vertex 1.38553 -1.01781 2.18377
    endloop
  endfacet
  facet normal -0.812858 0.582462 0
    outer loop
      vertex 1.42735 -0.959457 2.85275
      vertex 1.36457 -1.04707 2.18559
      vertex 1.36457 -1.04707 2.86005
    endloop
  endfacet
  facet normal -0.812839 0.582488 0
    outer loop
      vertex 1.38894 -1.01306 2.88339
      vertex 1.43013 -0.955581 3.2
      vertex 1.43013 -0.955581 2.87859
    endloop
  endfacet
  facet normal -0.812861 0.582458 0
    outer loop
      vertex 1.36457 -1.04707 3.2
      vertex 1.38894 -1.01306 2.88339
      vertex 1.36457 -1.04707 2.88551
    endloop
  endfacet
  facet normal -0.812847 0.582477 3.04947e-06
    outer loop
      vertex 1.38894 -1.01306 2.88339
      vertex 1.36457 -1.04707 3.2
      vertex 1.43013 -0.955581 3.2
    endloop
  endfacet
  facet normal 0.0326405 -0.999467 0
    outer loop
      vertex -0.112493 1.71632 0
      vertex -0.0858532 1.71719 0.506843
      vertex -0.112493 1.71632 0.505072
    endloop
  endfacet
  facet normal 0.0326957 -0.999465 -2.90207e-06
    outer loop
      vertex 0 1.72 0
      vertex -0.0858532 1.71719 0.506843
      vertex -0.112493 1.71632 0
    endloop
  endfacet
  facet normal 0.0327066 -0.999465 -1.0465e-06
    outer loop
      vertex -0.0858532 1.71719 0.506843
      vertex 0 1.72 0
      vertex -0.0433768 1.71858 0.509001
    endloop
  endfacet
  facet normal 0.0327189 -0.999465 0
    outer loop
      vertex -0.0433768 1.71858 0.509001
      vertex 0 1.72 0
      vertex 0 1.72 0.51195
    endloop
  endfacet
  facet normal 0.0327515 -0.999464 9.42144e-06
    outer loop
      vertex 0 1.72 0.538111
      vertex -0.0917421 1.717 1.20646
      vertex -0.112493 1.71632 1.20508
    endloop
  endfacet
  facet normal 0.0326699 -0.999466 0
    outer loop
      vertex -0.0492546 1.71839 1.20862
      vertex 0 1.72 0.538111
      vertex 0 1.72 1.21197
    endloop
  endfacet
  facet normal 0.0326979 -0.999465 2.06288e-06
    outer loop
      vertex -0.0917421 1.717 1.20646
      vertex 0 1.72 0.538111
      vertex -0.0492546 1.71839 1.20862
    endloop
  endfacet
  facet normal 0.0326957 -0.999465 0
    outer loop
      vertex 0 1.72 0.538111
      vertex -0.112493 1.71632 1.20508
      vertex -0.112493 1.71632 0.530498
    endloop
  endfacet
  facet normal 0.0322909 -0.999479 0
    outer loop
      vertex -0.112493 1.71632 1.23051
      vertex -0.0976359 1.7168 1.90608
      vertex -0.112493 1.71632 1.9051
    endloop
  endfacet
  facet normal 0.0328173 -0.999461 0
    outer loop
      vertex -0.0551241 1.71819 1.90824
      vertex 0 1.72 1.23813
      vertex 0 1.72 1.91199
    endloop
  endfacet
  facet normal 0.0326799 -0.999466 -1.13151e-05
    outer loop
      vertex -0.0976359 1.7168 1.90608
      vertex 0 1.72 1.23813
      vertex -0.0551241 1.71819 1.90824
    endloop
  endfacet
  facet normal 0.0326963 -0.999465 -8.92321e-06
    outer loop
      vertex -0.0976359 1.7168 1.90608
      vertex -0.112493 1.71632 1.23051
      vertex 0 1.72 1.23813
    endloop
  endfacet
  facet normal 0.0323563 -0.999476 0
    outer loop
      vertex -0.112493 1.71632 1.93053
      vertex -0.103535 1.71661 2.6057
      vertex -0.112493 1.71632 2.60511
    endloop
  endfacet
  facet normal 0.032777 -0.999463 0
    outer loop
      vertex -0.0609856 1.718 2.60786
      vertex 0 1.72 1.93815
      vertex 0 1.72 2.612
    endloop
  endfacet
  facet normal 0.0326511 -0.999467 -1.14799e-05
    outer loop
      vertex -0.103535 1.71661 2.6057
      vertex 0 1.72 1.93815
      vertex -0.0609856 1.718 2.60786
    endloop
  endfacet
  facet normal 0.032696 -0.999465 -4.51068e-06
    outer loop
      vertex -0.103535 1.71661 2.6057
      vertex -0.112493 1.71632 1.93053
      vertex 0 1.72 1.93815
    endloop
  endfacet
  facet normal 0.0326957 -0.999465 0
    outer loop
      vertex -0.112493 1.71632 3.2
      vertex 0 1.72 2.63817
      vertex 0 1.72 3.2
    endloop
  endfacet
  facet normal 0.0326957 -0.999465 0
    outer loop
      vertex 0 1.72 2.63817
      vertex -0.112493 1.71632 3.2
      vertex -0.112493 1.71632 2.63054
    endloop
  endfacet
  facet normal 0.956954 -0.290239 0
    outer loop
      vertex -1.64751 0.490923 0.369076
      vertex -1.62872 0.552876 0
      vertex -1.62872 0.552876 0.373472
    endloop
  endfacet
  facet normal 0.956922 -0.290346 7.40217e-06
    outer loop
      vertex -1.66139 0.445168 0
      vertex -1.64751 0.490923 0.369076
      vertex -1.65988 0.450154 0.366919
    endloop
  endfacet
  facet normal 0.957073 -0.289848 0
    outer loop
      vertex -1.66139 0.445168 0
      vertex -1.65988 0.450154 0.366919
      vertex -1.66139 0.445168 0.366574
    endloop
  endfacet
  facet normal 0.956947 -0.290261 -4.121e-06
    outer loop
      vertex -1.64751 0.490923 0.369076
      vertex -1.66139 0.445168 0
      vertex -1.62872 0.552876 0
    endloop
  endfacet
  facet normal 0.956948 -0.290259 0
    outer loop
      vertex -1.64921 0.485323 1.0687
      vertex -1.62872 0.552876 0.399636
      vertex -1.62872 0.552876 1.07349
    endloop
  endfacet
  facet normal 0.956946 -0.290265 -6.94074e-07
    outer loop
      vertex -1.66139 0.445168 1.06658
      vertex -1.62872 0.552876 0.399636
      vertex -1.64921 0.485323 1.0687
    endloop
  endfacet
  facet normal 0.956947 -0.290261 0
    outer loop
      vertex -1.62872 0.552876 0.399636
      vertex -1.66139 0.445168 1.06658
      vertex -1.66139 0.445168 0.392013
    endloop
  endfacet
  facet normal 0.956935 -0.290301 0
    outer loop
      vertex -1.65091 0.47973 1.76832
      vertex -1.62872 0.552876 1.09957
      vertex -1.62872 0.552876 1.77351
    endloop
  endfacet
  facet normal 0.956898 -0.290425 -1.47081e-05
    outer loop
      vertex -1.62872 0.552876 1.09957
      vertex -1.65091 0.47973 1.76832
      vertex -1.63007 0.548428 1.09934
    endloop
  endfacet
  facet normal 0.956973 -0.290177 1.30511e-05
    outer loop
      vertex -1.66139 0.445168 1.76649
      vertex -1.63007 0.548428 1.09934
      vertex -1.65091 0.47973 1.76832
    endloop
  endfacet
  facet normal 0.95695 -0.290254 0
    outer loop
      vertex -1.63007 0.548428 1.09934
      vertex -1.66139 0.445168 1.76649
      vertex -1.66139 0.445168 1.09203
    endloop
  endfacet
  facet normal 0.95695 -0.290254 0
    outer loop
      vertex -1.6526 0.474145 2.46794
      vertex -1.62872 0.552876 1.79949
      vertex -1.62872 0.552876 2.47352
    endloop
  endfacet
  facet normal 0.957064 -0.289877 4.84427e-05
    outer loop
      vertex -1.62872 0.552876 1.79949
      vertex -1.6526 0.474145 2.46794
      vertex -1.63175 0.542872 1.79896
    endloop
  endfacet
  facet normal 0.956941 -0.290282 2.95181e-06
    outer loop
      vertex -1.66139 0.445168 2.46641
      vertex -1.63175 0.542872 1.79896
      vertex -1.6526 0.474145 2.46794
    endloop
  endfacet
  facet normal 0.956935 -0.290301 0
    outer loop
      vertex -1.63175 0.542872 1.79896
      vertex -1.66139 0.445168 2.46641
      vertex -1.66139 0.445168 1.79204
    endloop
  endfacet
  facet normal 0.956956 -0.290234 0
    outer loop
      vertex -1.65429 0.468567 3.16756
      vertex -1.62872 0.552876 2.49941
      vertex -1.62872 0.552876 3.17354
    endloop
  endfacet
  facet normal 0.956973 -0.290178 7.69084e-06
    outer loop
      vertex -1.62872 0.552876 2.49941
      vertex -1.65429 0.468567 3.16756
      vertex -1.63344 0.53731 2.49859
    endloop
  endfacet
  facet normal 0.956918 -0.290359 -1.25347e-05
    outer loop
      vertex -1.66139 0.445168 3.16633
      vertex -1.63344 0.53731 2.49859
      vertex -1.65429 0.468567 3.16756
    endloop
  endfacet
  facet normal 0.956943 -0.290275 0
    outer loop
      vertex -1.63344 0.53731 2.49859
      vertex -1.66139 0.445168 3.16633
      vertex -1.66139 0.445168 2.49206
    endloop
  endfacet
  facet normal 0.956956 -0.290234 0
    outer loop
      vertex -1.62872 0.552876 3.2
      vertex -1.63513 0.531741 3.19821
      vertex -1.62872 0.552876 3.19933
    endloop
  endfacet
  facet normal 0.956947 -0.290261 0.000358215
    outer loop
      vertex -1.66139 0.445168 3.2
      vertex -1.63513 0.531741 3.19821
      vertex -1.62872 0.552876 3.2
    endloop
  endfacet
  facet normal 0.956945 -0.290268 0
    outer loop
      vertex -1.63513 0.531741 3.19821
      vertex -1.66139 0.445168 3.2
      vertex -1.66139 0.445168 3.19208
    endloop
  endfacet
  facet normal 0.973873 -0.227092 0
    outer loop
      vertex -1.68695 0.335555 0.359016
      vertex -1.66139 0.445168 0
      vertex -1.66139 0.445168 0.366574
    endloop
  endfacet
  facet normal 0.973873 -0.227092 0
    outer loop
      vertex -1.66139 0.445168 0
      vertex -1.68695 0.335555 0.359016
      vertex -1.68695 0.335555 0
    endloop
  endfacet
  facet normal 0.972884 -0.231295 0
    outer loop
      vertex -1.66155 0.444495 1.06654
      vertex -1.66139 0.445168 0.392013
      vertex -1.66139 0.445168 1.06658
    endloop
  endfacet
  facet normal 0.973879 -0.227066 4.4554e-06
    outer loop
      vertex -1.68695 0.335555 1.05903
      vertex -1.66139 0.445168 0.392013
      vertex -1.66155 0.444495 1.06654
    endloop
  endfacet
  facet normal 0.973873 -0.227092 0
    outer loop
      vertex -1.66139 0.445168 0.392013
      vertex -1.68695 0.335555 1.05903
      vertex -1.68695 0.335555 0.384457
    endloop
  endfacet
  facet normal 0.973953 -0.22675 0
    outer loop
      vertex -1.66287 0.438811 1.76616
      vertex -1.66139 0.445168 1.09203
      vertex -1.66139 0.445168 1.76649
    endloop
  endfacet
  facet normal 0.973869 -0.227113 -3.6028e-06
    outer loop
      vertex -1.68695 0.335555 1.75905
      vertex -1.66139 0.445168 1.09203
      vertex -1.66287 0.438811 1.76616
    endloop
  endfacet
  facet normal 0.973873 -0.227092 0
    outer loop
      vertex -1.66139 0.445168 1.09203
      vertex -1.68695 0.335555 1.75905
      vertex -1.68695 0.335555 1.08447
    endloop
  endfacet
  facet normal 0.973842 -0.227227 0
    outer loop
      vertex -1.6642 0.433125 2.46578
      vertex -1.66139 0.445168 1.79204
      vertex -1.66139 0.445168 2.46641
    endloop
  endfacet
  facet normal 0.973877 -0.227075 2.8624e-06
    outer loop
      vertex -1.68695 0.335555 2.45906
      vertex -1.66139 0.445168 1.79204
      vertex -1.6642 0.433125 2.46578
    endloop
  endfacet
  facet normal 0.973873 -0.227092 0
    outer loop
      vertex -1.66139 0.445168 1.79204
      vertex -1.68695 0.335555 2.45906
      vertex -1.68695 0.335555 1.78448
    endloop
  endfacet
  facet normal 0.97381 -0.227362 0
    outer loop
      vertex -1.66553 0.427436 3.1654
      vertex -1.66139 0.445168 2.49206
      vertex -1.66139 0.445168 3.16633
    endloop
  endfacet
  facet normal 0.973885 -0.22704 8.92347e-06
    outer loop
      vertex -1.68695 0.335555 3.15908
      vertex -1.66139 0.445168 2.49206
      vertex -1.66553 0.427436 3.1654
    endloop
  endfacet
  facet normal 0.973873 -0.227092 0
    outer loop
      vertex -1.66139 0.445168 2.49206
      vertex -1.68695 0.335555 3.15908
      vertex -1.68695 0.335555 2.48449
    endloop
  endfacet
  facet normal 0.973873 -0.227092 0
    outer loop
      vertex -1.68695 0.335555 3.2
      vertex -1.66139 0.445168 3.19208
      vertex -1.66139 0.445168 3.2
    endloop
  endfacet
  facet normal 0.973873 -0.227092 0
    outer loop
      vertex -1.66139 0.445168 3.19208
      vertex -1.68695 0.335555 3.2
      vertex -1.68695 0.335555 3.1845
    endloop
  endfacet
  facet normal -0.729872 -0.683583 0
    outer loop
      vertex 1.29316 1.13407 0
      vertex 1.21622 1.21622 0.599453
      vertex 1.21622 1.21622 0
    endloop
  endfacet
  facet normal -0.729872 -0.683583 0
    outer loop
      vertex 1.21622 1.21622 0.599453
      vertex 1.29316 1.13407 0
      vertex 1.29316 1.13407 0.607054
    endloop
  endfacet
  facet normal -0.729731 -0.683734 0
    outer loop
      vertex 1.22722 1.20448 1.32673
      vertex 1.21622 1.21622 1.99949
      vertex 1.21622 1.21622 1.32563
    endloop
  endfacet
  facet normal -0.729837 -0.683621 -3.70577e-06
    outer loop
      vertex 1.25636 1.17337 1.3289
      vertex 1.21622 1.21622 1.99949
      vertex 1.22722 1.20448 1.32673
    endloop
  endfacet
  facet normal -0.729942 -0.683509 -1.71278e-05
    outer loop
      vertex 1.29316 1.13407 1.33249
      vertex 1.21622 1.21622 1.99949
      vertex 1.25636 1.17337 1.3289
    endloop
  endfacet
  facet normal -0.729872 -0.683583 0
    outer loop
      vertex 1.21622 1.21622 1.99949
      vertex 1.29316 1.13407 1.33249
      vertex 1.29316 1.13407 2.00708
    endloop
  endfacet
  facet normal -0.729679 -0.68379 0
    outer loop
      vertex 1.23127 1.20016 0.62711
      vertex 1.21622 1.21622 1.29947
      vertex 1.21622 1.21622 0.625613
    endloop
  endfacet
  facet normal -0.729866 -0.68359 -8.98162e-06
    outer loop
      vertex 1.26037 1.16909 0.629277
      vertex 1.21622 1.21622 1.29947
      vertex 1.23127 1.20016 0.62711
    endloop
  endfacet
  facet normal -0.729965 -0.683484 -2.28778e-05
    outer loop
      vertex 1.29316 1.13407 0.632474
      vertex 1.21622 1.21622 1.29947
      vertex 1.26037 1.16909 0.629277
    endloop
  endfacet
  facet normal -0.729872 -0.683583 0
    outer loop
      vertex 1.21622 1.21622 1.29947
      vertex 1.29316 1.13407 0.632474
      vertex 1.29316 1.13407 1.30707
    endloop
  endfacet
  facet normal -0.729384 -0.684105 0
    outer loop
      vertex 1.22317 1.20881 2.02634
      vertex 1.21622 1.21622 2.6995
      vertex 1.21622 1.21622 2.02565
    endloop
  endfacet
  facet normal -0.729807 -0.683653 -9.34469e-06
    outer loop
      vertex 1.25235 1.17766 2.02852
      vertex 1.21622 1.21622 2.6995
      vertex 1.22317 1.20881 2.02634
    endloop
  endfacet
  facet normal -0.73 -0.683447 -3.16094e-05
    outer loop
      vertex 1.29316 1.13407 2.0325
      vertex 1.21622 1.21622 2.6995
      vertex 1.25235 1.17766 2.02852
    endloop
  endfacet
  facet normal -0.729872 -0.683583 0
    outer loop
      vertex 1.21622 1.21622 2.6995
      vertex 1.29316 1.13407 2.0325
      vertex 1.29316 1.13407 2.7071
    endloop
  endfacet
  facet normal -0.729242 -0.684256 0
    outer loop
      vertex 1.21911 1.21314 2.72596
      vertex 1.21622 1.21622 3.2
      vertex 1.21622 1.21622 2.72567
    endloop
  endfacet
  facet normal -0.72988 -0.683576 -8.30893e-06
    outer loop
      vertex 1.24834 1.18193 2.72814
      vertex 1.21622 1.21622 3.2
      vertex 1.21911 1.21314 2.72596
    endloop
  endfacet
  facet normal -0.729907 -0.683546 -1.23741e-05
    outer loop
      vertex 1.29316 1.13407 2.73252
      vertex 1.21622 1.21622 3.2
      vertex 1.24834 1.18193 2.72814
    endloop
  endfacet
  facet normal -0.729872 -0.683583 0
    outer loop
      vertex 1.21622 1.21622 3.2
      vertex 1.29316 1.13407 2.73252
      vertex 1.29316 1.13407 3.2
    endloop
  endfacet
  facet normal 0.0326957 0.999465 0
    outer loop
      vertex -0.112493 -1.71632 0
      vertex 0 -1.72 0.161942
      vertex 0 -1.72 0
    endloop
  endfacet
  facet normal 0.0326957 0.999465 0
    outer loop
      vertex 0 -1.72 0.161942
      vertex -0.112493 -1.71632 0
      vertex -0.112493 -1.71632 0.169545
    endloop
  endfacet
  facet normal 0.0326957 0.999465 0
    outer loop
      vertex 0 -1.72 0.86196
      vertex -0.112493 -1.71632 0.194965
      vertex -0.112493 -1.71632 0.86956
    endloop
  endfacet
  facet normal 0.0327293 0.999464 -5.68815e-06
    outer loop
      vertex 0 -1.72 0.86196
      vertex -0.0682145 -1.71777 0.192015
      vertex -0.112493 -1.71632 0.194965
    endloop
  endfacet
  facet normal 0.0326713 0.999466 2.29454e-07
    outer loop
      vertex 0 -1.72 0.86196
      vertex -0.0256922 -1.71916 0.18985
      vertex -0.0682145 -1.71777 0.192015
    endloop
  endfacet
  facet normal 0.0326773 0.999466 0
    outer loop
      vertex -0.0256922 -1.71916 0.18985
      vertex 0 -1.72 0.86196
      vertex 0 -1.72 0.188102
    endloop
  endfacet
  facet normal 0.0326957 0.999465 0
    outer loop
      vertex 0 -1.72 1.56198
      vertex -0.112493 -1.71632 0.894979
      vertex -0.112493 -1.71632 1.56957
    endloop
  endfacet
  facet normal 0.0326853 0.999466 1.75608e-06
    outer loop
      vertex 0 -1.72 1.56198
      vertex -0.0623441 -1.71796 0.891635
      vertex -0.112493 -1.71632 0.894979
    endloop
  endfacet
  facet normal 0.0326391 0.999467 6.05535e-06
    outer loop
      vertex 0 -1.72 1.56198
      vertex -0.0197794 -1.71935 0.889466
      vertex -0.0623441 -1.71796 0.891635
    endloop
  endfacet
  facet normal 0.0328447 0.99946 0
    outer loop
      vertex -0.0197794 -1.71935 0.889466
      vertex 0 -1.72 1.56198
      vertex 0 -1.72 0.88812
    endloop
  endfacet
  facet normal 0.0326957 0.999465 0
    outer loop
      vertex 0 -1.72 2.26199
      vertex -0.112493 -1.71632 1.59499
      vertex -0.112493 -1.71632 2.26959
    endloop
  endfacet
  facet normal 0.0326527 0.999467 7.2511e-06
    outer loop
      vertex 0 -1.72 2.26199
      vertex -0.0564777 -1.71815 1.59125
      vertex -0.112493 -1.71632 1.59499
    endloop
  endfacet
  facet normal 0.0328299 0.999461 -7.68206e-06
    outer loop
      vertex 0 -1.72 2.26199
      vertex -0.0138571 -1.71955 1.58908
      vertex -0.0564777 -1.71815 1.59125
    endloop
  endfacet
  facet normal 0.0324572 0.999473 0
    outer loop
      vertex -0.0138571 -1.71955 1.58908
      vertex 0 -1.72 2.26199
      vertex 0 -1.72 1.58814
    endloop
  endfacet
  facet normal 0.0326957 0.999465 0
    outer loop
      vertex 0 -1.72 2.96201
      vertex -0.112493 -1.71632 2.29501
      vertex -0.112493 -1.71632 2.9696
    endloop
  endfacet
  facet normal 0.0326286 0.999468 1.13259e-05
    outer loop
      vertex 0 -1.72 2.96201
      vertex -0.0506156 -1.71834 2.29087
      vertex -0.112493 -1.71632 2.29501
    endloop
  endfacet
  facet normal 0.0327773 0.999463 1.00639e-07
    outer loop
      vertex 0 -1.72 2.96201
      vertex -0.007926 -1.71974 2.2887
      vertex -0.0506156 -1.71834 2.29087
    endloop
  endfacet
  facet normal 0.0327858 0.999462 0
    outer loop
      vertex -0.007926 -1.71974 2.2887
      vertex 0 -1.72 2.96201
      vertex 0 -1.72 2.28816
    endloop
  endfacet
  facet normal 0.0326957 0.999465 2.78348e-05
    outer loop
      vertex -0.0447577 -1.71853 2.99049
      vertex -0.112493 -1.71632 3.2
      vertex 0 -1.72 3.2
    endloop
  endfacet
  facet normal 0.0326097 0.999468 0
    outer loop
      vertex -0.112493 -1.71632 3.2
      vertex -0.0447577 -1.71853 2.99049
      vertex -0.112493 -1.71632 2.99502
    endloop
  endfacet
  facet normal 0.0327155 0.999465 2.35885e-05
    outer loop
      vertex 0 -1.72 3.2
      vertex -0.00198588 -1.71993 2.98831
      vertex -0.0447577 -1.71853 2.99049
    endloop
  endfacet
  facet normal 0.035227 0.999379 0
    outer loop
      vertex -0.00198588 -1.71993 2.98831
      vertex 0 -1.72 3.2
      vertex 0 -1.72 2.98817
    endloop
  endfacet
  facet normal -0.986615 -0.16307 0
    outer loop
      vertex 1.68695 0.335555 0
      vertex 1.69069 0.312927 0.666424
      vertex 1.68695 0.335555 0.665267
    endloop
  endfacet
  facet normal -0.986636 -0.162942 4.44237e-06
    outer loop
      vertex 1.70529 0.224504 0
      vertex 1.69069 0.312927 0.666424
      vertex 1.68695 0.335555 0
    endloop
  endfacet
  facet normal -0.986641 -0.16291 0
    outer loop
      vertex 1.69069 0.312927 0.666424
      vertex 1.70529 0.224504 0
      vertex 1.70529 0.224504 0.672502
    endloop
  endfacet
  facet normal -0.986643 -0.162897 0
    outer loop
      vertex 1.70144 0.247791 0.697073
      vertex 1.68695 0.335555 1.36519
      vertex 1.68695 0.335555 0.69104
    endloop
  endfacet
  facet normal -0.986622 -0.163024 1.71937e-05
    outer loop
      vertex 1.68695 0.335555 1.36519
      vertex 1.70144 0.247791 0.697073
      vertex 1.68974 0.31867 1.36605
    endloop
  endfacet
  facet normal -0.986607 -0.163113 2.68496e-05
    outer loop
      vertex 1.70529 0.224504 0.698264
      vertex 1.68974 0.31867 1.36605
      vertex 1.70144 0.247791 0.697073
    endloop
  endfacet
  facet normal -0.986638 -0.162927 0
    outer loop
      vertex 1.68974 0.31867 1.36605
      vertex 1.70529 0.224504 0.698264
      vertex 1.70529 0.224504 1.37252
    endloop
  endfacet
  facet normal -0.986644 -0.162889 0
    outer loop
      vertex 1.70049 0.253541 1.3967
      vertex 1.68695 0.335555 2.0651
      vertex 1.68695 0.335555 1.39106
    endloop
  endfacet
  facet normal -0.986656 -0.162821 -8.58327e-06
    outer loop
      vertex 1.68695 0.335555 2.0651
      vertex 1.70049 0.253541 1.3967
      vertex 1.68879 0.324405 2.06567
    endloop
  endfacet
  facet normal -0.986611 -0.163092 2.09297e-05
    outer loop
      vertex 1.70529 0.224504 1.39818
      vertex 1.68879 0.324405 2.06567
      vertex 1.70049 0.253541 1.3967
    endloop
  endfacet
  facet normal -0.986633 -0.162956 0
    outer loop
      vertex 1.68879 0.324405 2.06567
      vertex 1.70529 0.224504 1.39818
      vertex 1.70529 0.224504 2.07254
    endloop
  endfacet
  facet normal -0.986643 -0.162897 0
    outer loop
      vertex 1.69954 0.259299 2.09632
      vertex 1.68695 0.335555 2.76502
      vertex 1.68695 0.335555 2.09107
    endloop
  endfacet
  facet normal -0.986789 -0.162013 -0.000103526
    outer loop
      vertex 1.68695 0.335555 2.76502
      vertex 1.69954 0.259299 2.09632
      vertex 1.68784 0.330134 2.7653
    endloop
  endfacet
  facet normal -0.986619 -0.163042 8.42093e-06
    outer loop
      vertex 1.70529 0.224504 2.0981
      vertex 1.68784 0.330134 2.7653
      vertex 1.69954 0.259299 2.09632
    endloop
  endfacet
  facet normal -0.986628 -0.16299 0
    outer loop
      vertex 1.68784 0.330134 2.7653
      vertex 1.70529 0.224504 2.0981
      vertex 1.70529 0.224504 2.77255
    endloop
  endfacet
  facet normal -0.986639 -0.162921 0
    outer loop
      vertex 1.69859 0.265064 2.79594
      vertex 1.68695 0.335555 3.2
      vertex 1.68695 0.335555 2.79109
    endloop
  endfacet
  facet normal -0.98663 -0.162979 -0
    outer loop
      vertex 1.70529 0.224504 3.2
      vertex 1.69859 0.265064 2.79594
      vertex 1.70529 0.224504 2.79802
    endloop
  endfacet
  facet normal -0.986636 -0.162942 3.76657e-06
    outer loop
      vertex 1.69859 0.265064 2.79594
      vertex 1.70529 0.224504 3.2
      vertex 1.68695 0.335555 3.2
    endloop
  endfacet
  facet normal -0.0326957 -0.999465 0
    outer loop
      vertex 0.112493 1.71632 0
      vertex 0 1.72 0.51195
      vertex 0 1.72 0
    endloop
  endfacet
  facet normal -0.0326957 -0.999465 0
    outer loop
      vertex 0 1.72 0.51195
      vertex 0.112493 1.71632 0
      vertex 0.112493 1.71632 0.519552
    endloop
  endfacet
  facet normal -0.0326957 -0.999465 0
    outer loop
      vertex 0 1.72 1.91199
      vertex 0.112493 1.71632 1.24499
      vertex 0.112493 1.71632 1.91958
    endloop
  endfacet
  facet normal -0.032575 -0.999469 2.03765e-05
    outer loop
      vertex 0 1.72 1.91199
      vertex 0.0594107 1.71805 1.24144
      vertex 0.112493 1.71632 1.24499
    endloop
  endfacet
  facet normal -0.0328529 -0.99946 -4.27557e-06
    outer loop
      vertex 0 1.72 1.91199
      vertex 0.0168198 1.71945 1.23927
      vertex 0.0594107 1.71805 1.24144
    endloop
  endfacet
  facet normal -0.0326821 -0.999466 0
    outer loop
      vertex 0.0168198 1.71945 1.23927
      vertex 0 1.72 1.91199
      vertex 0 1.72 1.23813
    endloop
  endfacet
  facet normal -0.0326957 -0.999465 0
    outer loop
      vertex 0 1.72 1.21197
      vertex 0.112493 1.71632 0.544972
      vertex 0.112493 1.71632 1.21957
    endloop
  endfacet
  facet normal -0.032601 -0.999468 1.59874e-05
    outer loop
      vertex 0 1.72 1.21197
      vertex 0.0652787 1.71786 0.541824
      vertex 0.112493 1.71632 0.544972
    endloop
  endfacet
  facet normal -0.0328902 -0.999459 -1.22199e-05
    outer loop
      vertex 0 1.72 1.21197
      vertex 0.0227367 1.71926 0.539658
      vertex 0.0652787 1.71786 0.541824
    endloop
  endfacet
  facet normal -0.0325293 -0.999471 0
    outer loop
      vertex 0.0227367 1.71926 0.539658
      vertex 0 1.72 1.21197
      vertex 0 1.72 0.538111
    endloop
  endfacet
  facet normal -0.0326957 -0.999465 0
    outer loop
      vertex 0 1.72 2.612
      vertex 0.112493 1.71632 1.945
      vertex 0.112493 1.71632 2.61959
    endloop
  endfacet
  facet normal -0.0327236 -0.999464 -4.72582e-06
    outer loop
      vertex 0 1.72 2.612
      vertex 0.0535464 1.71825 1.94106
      vertex 0.112493 1.71632 1.945
    endloop
  endfacet
  facet normal -0.0325714 -0.999469 7.43598e-06
    outer loop
      vertex 0 1.72 2.612
      vertex 0.0108931 1.71964 1.93889
      vertex 0.0535464 1.71825 1.94106
    endloop
  endfacet
  facet normal -0.0330304 -0.999454 0
    outer loop
      vertex 0.0108931 1.71964 1.93889
      vertex 0 1.72 2.612
      vertex 0 1.72 1.93815
    endloop
  endfacet
  facet normal -0.0326957 -0.999465 3.79965e-08
    outer loop
      vertex 0.0476866 1.71844 2.64068
      vertex 0.112493 1.71632 3.2
      vertex 0 1.72 3.2
    endloop
  endfacet
  facet normal -0.0326953 -0.999465 -0
    outer loop
      vertex 0.112493 1.71632 3.2
      vertex 0.0476866 1.71844 2.64068
      vertex 0.112493 1.71632 2.64501
    endloop
  endfacet
  facet normal -0.0327468 -0.999464 -4.32394e-06
    outer loop
      vertex 0 1.72 3.2
      vertex 0.0049575 1.71984 2.6385
      vertex 0.0476866 1.71844 2.64068
    endloop
  endfacet
  facet normal -0.0322575 -0.99948 0
    outer loop
      vertex 0.0049575 1.71984 2.6385
      vertex 0 1.72 3.2
      vertex 0 1.72 2.63817
    endloop
  endfacet
  facet normal -0.165743 -0.986169 0
    outer loop
      vertex 0.224504 1.70529 0
      vertex 0.226289 1.70499 0.526517
      vertex 0.224504 1.70529 0.526426
    endloop
  endfacet
  facet normal -0.162942 -0.986636 -9.76001e-06
    outer loop
      vertex 0.335555 1.68695 0
      vertex 0.226289 1.70499 0.526517
      vertex 0.224504 1.70529 0
    endloop
  endfacet
  facet normal -0.162896 -0.986643 0
    outer loop
      vertex 0.226289 1.70499 0.526517
      vertex 0.335555 1.68695 0
      vertex 0.335555 1.68695 0.534019
    endloop
  endfacet
  facet normal -0.162942 -0.986636 2.98183e-07
    outer loop
      vertex 0.327561 1.68827 1.25893
      vertex 0.335555 1.68695 1.93405
      vertex 0.224504 1.70529 1.92643
    endloop
  endfacet
  facet normal -0.162918 -0.98664 -0
    outer loop
      vertex 0.335555 1.68695 1.93405
      vertex 0.327561 1.68827 1.25893
      vertex 0.335555 1.68695 1.25947
    endloop
  endfacet
  facet normal -0.162989 -0.986628 -7.16951e-06
    outer loop
      vertex 0.224504 1.70529 1.92643
      vertex 0.285551 1.69521 1.25678
      vertex 0.327561 1.68827 1.25893
    endloop
  endfacet
  facet normal -0.162913 -0.98664 0
    outer loop
      vertex 0.285551 1.69521 1.25678
      vertex 0.224504 1.70529 1.92643
      vertex 0.224504 1.70529 1.25258
    endloop
  endfacet
  facet normal -0.162942 -0.986636 -3.58581e-06
    outer loop
      vertex 0.33339 1.68731 0.559316
      vertex 0.335555 1.68695 1.23404
      vertex 0.224504 1.70529 1.22641
    endloop
  endfacet
  facet normal -0.16403 -0.986455 -0
    outer loop
      vertex 0.335555 1.68695 1.23404
      vertex 0.33339 1.68731 0.559316
      vertex 0.335555 1.68695 0.559461
    endloop
  endfacet
  facet normal -0.162795 -0.98666 2.11293e-05
    outer loop
      vertex 0.224504 1.70529 1.22641
      vertex 0.291328 1.69425 0.557158
      vertex 0.33339 1.68731 0.559316
    endloop
  endfacet
  facet normal -0.163001 -0.986626 0
    outer loop
      vertex 0.291328 1.69425 0.557158
      vertex 0.224504 1.70529 1.22641
      vertex 0.224504 1.70529 0.55256
    endloop
  endfacet
  facet normal -0.162942 -0.986636 0
    outer loop
      vertex 0.224504 1.70529 2.62645
      vertex 0.335555 1.68695 1.95948
      vertex 0.335555 1.68695 2.63407
    endloop
  endfacet
  facet normal -0.162802 -0.986659 2.39098e-05
    outer loop
      vertex 0.224504 1.70529 2.62645
      vertex 0.321737 1.68923 1.95855
      vertex 0.335555 1.68695 1.95948
    endloop
  endfacet
  facet normal -0.162909 -0.986641 8.02023e-06
    outer loop
      vertex 0.224504 1.70529 2.62645
      vertex 0.279766 1.69616 1.9564
      vertex 0.321737 1.68923 1.95855
    endloop
  endfacet
  facet normal -0.163003 -0.986626 0
    outer loop
      vertex 0.279766 1.69616 1.9564
      vertex 0.224504 1.70529 2.62645
      vertex 0.224504 1.70529 1.95259
    endloop
  endfacet
  facet normal -0.162942 -0.986636 5.53145e-06
    outer loop
      vertex 0.315918 1.69019 2.65817
      vertex 0.335555 1.68695 3.2
      vertex 0.224504 1.70529 3.2
    endloop
  endfacet
  facet normal -0.162794 -0.98666 -0
    outer loop
      vertex 0.335555 1.68695 3.2
      vertex 0.315918 1.69019 2.65817
      vertex 0.335555 1.68695 2.6595
    endloop
  endfacet
  facet normal -0.163006 -0.986625 -5.5745e-06
    outer loop
      vertex 0.224504 1.70529 3.2
      vertex 0.273973 1.69712 2.65602
      vertex 0.315918 1.69019 2.65817
    endloop
  endfacet
  facet normal -0.162947 -0.986635 0
    outer loop
      vertex 0.273973 1.69712 2.65602
      vertex 0.224504 1.70529 3.2
      vertex 0.224504 1.70529 2.65261
    endloop
  endfacet
  facet normal -0.729969 0.68348 0
    outer loop
      vertex 1.29316 -1.13407 0
      vertex 1.27243 -1.15621 0.0695808
      vertex 1.29316 -1.13407 0.0675637
    endloop
  endfacet
  facet normal -0.729903 0.683551 4.23292e-05
    outer loop
      vertex 1.29316 -1.13407 0
      vertex 1.24338 -1.18723 0.0717395
      vertex 1.27243 -1.15621 0.0695808
    endloop
  endfacet
  facet normal -0.729872 0.683583 8.71131e-05
    outer loop
      vertex 1.21622 -1.21622 0
      vertex 1.24338 -1.18723 0.0717395
      vertex 1.29316 -1.13407 0
    endloop
  endfacet
  facet normal -0.729765 0.683698 0
    outer loop
      vertex 1.24338 -1.18723 0.0717395
      vertex 1.21622 -1.21622 0
      vertex 1.21622 -1.21622 0.0744394
    endloop
  endfacet
  facet normal -0.729872 0.683583 0
    outer loop
      vertex 1.21622 -1.21622 0.1006
      vertex 1.29316 -1.13407 0.767577
      vertex 1.29316 -1.13407 0.0929892
    endloop
  endfacet
  facet normal -0.730033 0.683412 3.95671e-05
    outer loop
      vertex 1.29316 -1.13407 0.767577
      vertex 1.21622 -1.21622 0.1006
      vertex 1.27645 -1.15192 0.769201
    endloop
  endfacet
  facet normal -0.729903 0.68355 1.46689e-05
    outer loop
      vertex 1.27645 -1.15192 0.769201
      vertex 1.21622 -1.21622 0.1006
      vertex 1.2474 -1.18294 0.771358
    endloop
  endfacet
  facet normal -0.729756 0.683708 0
    outer loop
      vertex 1.2474 -1.18294 0.771358
      vertex 1.21622 -1.21622 0.1006
      vertex 1.21622 -1.21622 0.774457
    endloop
  endfacet
  facet normal -0.729872 0.683583 0
    outer loop
      vertex 1.21622 -1.21622 0.800618
      vertex 1.29316 -1.13407 1.46759
      vertex 1.29316 -1.13407 0.793004
    endloop
  endfacet
  facet normal -0.729907 0.683547 8.44059e-06
    outer loop
      vertex 1.29316 -1.13407 1.46759
      vertex 1.21622 -1.21622 0.800618
      vertex 1.28048 -1.14761 1.46882
    endloop
  endfacet
  facet normal -0.730005 0.683441 2.8789e-05
    outer loop
      vertex 1.28048 -1.14761 1.46882
      vertex 1.21622 -1.21622 0.800618
      vertex 1.25142 -1.17865 1.47098
    endloop
  endfacet
  facet normal -0.729749 0.683715 0
    outer loop
      vertex 1.25142 -1.17865 1.47098
      vertex 1.21622 -1.21622 0.800618
      vertex 1.21622 -1.21622 1.47447
    endloop
  endfacet
  facet normal -0.729872 0.683583 0
    outer loop
      vertex 1.21622 -1.21622 1.50064
      vertex 1.29316 -1.13407 2.1676
      vertex 1.29316 -1.13407 1.49302
    endloop
  endfacet
  facet normal -0.730028 0.683417 3.8436e-05
    outer loop
      vertex 1.29316 -1.13407 2.1676
      vertex 1.21622 -1.21622 1.50064
      vertex 1.28451 -1.14331 2.16844
    endloop
  endfacet
  facet normal -0.729881 0.683574 6.34765e-06
    outer loop
      vertex 1.28451 -1.14331 2.16844
      vertex 1.21622 -1.21622 1.50064
      vertex 1.25543 -1.17436 2.1706
    endloop
  endfacet
  facet normal -0.729831 0.683628 0
    outer loop
      vertex 1.25543 -1.17436 2.1706
      vertex 1.21622 -1.21622 1.50064
      vertex 1.21622 -1.21622 2.17449
    endloop
  endfacet
  facet normal -0.729872 0.683583 0
    outer loop
      vertex 1.21622 -1.21622 2.20065
      vertex 1.29316 -1.13407 2.86761
      vertex 1.29316 -1.13407 2.19303
    endloop
  endfacet
  facet normal -0.730408 0.683011 0.000132393
    outer loop
      vertex 1.29316 -1.13407 2.86761
      vertex 1.21622 -1.21622 2.20065
      vertex 1.28855 -1.139 2.86806
    endloop
  endfacet
  facet normal -0.729859 0.683598 4.96349e-06
    outer loop
      vertex 1.28855 -1.139 2.86806
      vertex 1.21622 -1.21622 2.20065
      vertex 1.25944 -1.17008 2.87022
    endloop
  endfacet
  facet normal -0.729823 0.683636 0
    outer loop
      vertex 1.25944 -1.17008 2.87022
      vertex 1.21622 -1.21622 2.20065
      vertex 1.21622 -1.21622 2.87451
    endloop
  endfacet
  facet normal -0.729872 0.683583 0
    outer loop
      vertex 1.21622 -1.21622 2.90067
      vertex 1.29316 -1.13407 3.2
      vertex 1.29316 -1.13407 2.89305
    endloop
  endfacet
  facet normal -0.729872 0.683583 0
    outer loop
      vertex 1.29316 -1.13407 3.2
      vertex 1.21622 -1.21622 2.90067
      vertex 1.21622 -1.21622 3.2
    endloop
  endfacet
  facet normal -0.581586 0.813485 0
    outer loop
      vertex 1.04707 -1.36457 0
      vertex 1.04265 -1.36773 0.0892523
      vertex 1.04707 -1.36457 0.0889789
    endloop
  endfacet
  facet normal -0.582477 0.812847 -6.66913e-05
    outer loop
      vertex 0.955581 -1.43013 0
      vertex 1.04265 -1.36773 0.0892523
      vertex 1.04707 -1.36457 0
    endloop
  endfacet
  facet normal -0.582522 0.812815 0
    outer loop
      vertex 1.04265 -1.36773 0.0892523
      vertex 0.955581 -1.43013 0
      vertex 0.955581 -1.43013 0.0965102
    endloop
  endfacet
  facet normal -0.582477 0.812847 0
    outer loop
      vertex 1.04707 -1.36457 0.788902
      vertex 0.955581 -1.43013 0.121977
      vertex 0.955581 -1.43013 0.796526
    endloop
  endfacet
  facet normal -0.582478 0.812846 2.304e-07
    outer loop
      vertex 1.04707 -1.36457 0.788902
      vertex 0.989045 -1.40615 0.119895
      vertex 0.955581 -1.43013 0.121977
    endloop
  endfacet
  facet normal -0.582477 0.812848 0
    outer loop
      vertex 0.989045 -1.40615 0.119895
      vertex 1.04707 -1.36457 0.788902
      vertex 1.04707 -1.36457 0.115049
    endloop
  endfacet
  facet normal -0.582477 0.812847 0
    outer loop
      vertex 1.04707 -1.36457 1.48892
      vertex 0.955581 -1.43013 0.821964
      vertex 0.955581 -1.43013 1.49654
    endloop
  endfacet
  facet normal -0.582736 0.812662 5.36903e-05
    outer loop
      vertex 1.04707 -1.36457 1.48892
      vertex 0.959165 -1.42756 0.821672
      vertex 0.955581 -1.43013 0.821964
    endloop
  endfacet
  facet normal -0.582481 0.812845 2.80688e-06
    outer loop
      vertex 1.04707 -1.36457 1.48892
      vertex 0.993801 -1.40274 0.819515
      vertex 0.959165 -1.42756 0.821672
    endloop
  endfacet
  facet normal -0.582457 0.812861 0
    outer loop
      vertex 0.993801 -1.40274 0.819515
      vertex 1.04707 -1.36457 1.48892
      vertex 1.04707 -1.36457 0.815066
    endloop
  endfacet
  facet normal -0.582477 0.812847 0
    outer loop
      vertex 1.04707 -1.36457 2.18894
      vertex 0.955581 -1.43013 1.52198
      vertex 0.955581 -1.43013 2.19656
    endloop
  endfacet
  facet normal -0.582566 0.812783 1.8437e-05
    outer loop
      vertex 1.04707 -1.36457 2.18894
      vertex 0.963966 -1.42412 1.52129
      vertex 0.955581 -1.43013 1.52198
    endloop
  endfacet
  facet normal -0.582449 0.812867 -3.60349e-06
    outer loop
      vertex 1.04707 -1.36457 2.18894
      vertex 0.998563 -1.39933 1.51914
      vertex 0.963966 -1.42412 1.52129
    endloop
  endfacet
  facet normal -0.582482 0.812844 0
    outer loop
      vertex 0.998563 -1.39933 1.51914
      vertex 1.04707 -1.36457 2.18894
      vertex 1.04707 -1.36457 1.51508
    endloop
  endfacet
  facet normal -0.582477 0.812847 0
    outer loop
      vertex 1.04707 -1.36457 2.88896
      vertex 0.955581 -1.43013 2.22199
      vertex 0.955581 -1.43013 2.89657
    endloop
  endfacet
  facet normal -0.582635 0.812734 3.28291e-05
    outer loop
      vertex 1.04707 -1.36457 2.88896
      vertex 0.968763 -1.42068 2.22091
      vertex 0.955581 -1.43013 2.22199
    endloop
  endfacet
  facet normal -0.582472 0.812851 3.84465e-06
    outer loop
      vertex 1.04707 -1.36457 2.88896
      vertex 1.00333 -1.39591 2.21876
      vertex 0.968763 -1.42068 2.22091
    endloop
  endfacet
  facet normal -0.582433 0.812879 0
    outer loop
      vertex 1.00333 -1.39591 2.21876
      vertex 1.04707 -1.36457 2.88896
      vertex 1.04707 -1.36457 2.2151
    endloop
  endfacet
  facet normal -0.582477 0.812847 -4.89883e-06
    outer loop
      vertex 1.00811 -1.39249 2.91838
      vertex 0.955581 -1.43013 3.2
      vertex 1.04707 -1.36457 3.2
    endloop
  endfacet
  facet normal -0.582478 0.812846 0
    outer loop
      vertex 0.955581 -1.43013 3.2
      vertex 0.973555 -1.41725 2.92053
      vertex 0.955581 -1.43013 2.922
    endloop
  endfacet
  facet normal -0.58245 0.812866 2.71788e-06
    outer loop
      vertex 0.955581 -1.43013 3.2
      vertex 1.00811 -1.39249 2.91838
      vertex 0.973555 -1.41725 2.92053
    endloop
  endfacet
  facet normal -0.582501 0.81283 0
    outer loop
      vertex 1.00811 -1.39249 2.91838
      vertex 1.04707 -1.36457 3.2
      vertex 1.04707 -1.36457 2.91512
    endloop
  endfacet
  facet normal 0.729815 -0.683645 0
    outer loop
      vertex -1.24539 1.18508 0.421549
      vertex -1.21622 1.21622 0
      vertex -1.21622 1.21622 0.424449
    endloop
  endfacet
  facet normal 0.729794 -0.683667 -3.07149e-06
    outer loop
      vertex -1.27444 1.15407 0.419391
      vertex -1.21622 1.21622 0
      vertex -1.24539 1.18508 0.421549
    endloop
  endfacet
  facet normal 0.730083 -0.683358 0
    outer loop
      vertex -1.29316 1.13407 0
      vertex -1.27444 1.15407 0.419391
      vertex -1.29316 1.13407 0.417571
    endloop
  endfacet
  facet normal 0.729872 -0.683583 2.01677e-05
    outer loop
      vertex -1.27444 1.15407 0.419391
      vertex -1.29316 1.13407 0
      vertex -1.21622 1.21622 0
    endloop
  endfacet
  facet normal 0.729801 -0.68366 0
    outer loop
      vertex -1.24941 1.18079 1.12117
      vertex -1.21622 1.21622 0.450609
      vertex -1.21622 1.21622 1.12447
    endloop
  endfacet
  facet normal 0.729787 -0.683675 -1.46815e-06
    outer loop
      vertex -1.27847 1.14977 1.11901
      vertex -1.21622 1.21622 0.450609
      vertex -1.24941 1.18079 1.12117
    endloop
  endfacet
  facet normal 0.7302 -0.683233 8.09922e-05
    outer loop
      vertex -1.29316 1.13407 1.11758
      vertex -1.21622 1.21622 0.450609
      vertex -1.27847 1.14977 1.11901
    endloop
  endfacet
  facet normal 0.729872 -0.683583 0
    outer loop
      vertex -1.21622 1.21622 0.450609
      vertex -1.29316 1.13407 1.11758
      vertex -1.29316 1.13407 0.442996
    endloop
  endfacet
  facet normal 0.729881 -0.683574 0
    outer loop
      vertex -1.25342 1.1765 1.82079
      vertex -1.21622 1.21622 1.15063
      vertex -1.21622 1.21622 1.82448
    endloop
  endfacet
  facet normal 0.729772 -0.68369 -1.29131e-05
    outer loop
      vertex -1.2825 1.14546 1.81863
      vertex -1.21622 1.21622 1.15063
      vertex -1.25342 1.1765 1.82079
    endloop
  endfacet
  facet normal 0.730114 -0.683325 5.96531e-05
    outer loop
      vertex -1.29316 1.13407 1.8176
      vertex -1.21622 1.21622 1.15063
      vertex -1.2825 1.14546 1.81863
    endloop
  endfacet
  facet normal 0.729872 -0.683583 0
    outer loop
      vertex -1.21622 1.21622 1.15063
      vertex -1.29316 1.13407 1.8176
      vertex -1.29316 1.13407 1.14301
    endloop
  endfacet
  facet normal 0.729868 -0.683588 0
    outer loop
      vertex -1.25743 1.17222 2.52041
      vertex -1.21622 1.21622 1.85065
      vertex -1.21622 1.21622 2.5245
    endloop
  endfacet
  facet normal 0.729867 -0.683589 -1.85046e-07
    outer loop
      vertex -1.28653 1.14115 2.51825
      vertex -1.21622 1.21622 1.85065
      vertex -1.25743 1.17222 2.52041
    endloop
  endfacet
  facet normal 0.729922 -0.68353 1.2337e-05
    outer loop
      vertex -1.29316 1.13407 2.51761
      vertex -1.21622 1.21622 1.85065
      vertex -1.28653 1.14115 2.51825
    endloop
  endfacet
  facet normal 0.729872 -0.683583 0
    outer loop
      vertex -1.21622 1.21622 1.85065
      vertex -1.29316 1.13407 2.51761
      vertex -1.29316 1.13407 1.84303
    endloop
  endfacet
  facet normal 0.729872 -0.683583 0
    outer loop
      vertex -1.29316 1.13407 3.2
      vertex -1.21622 1.21622 2.55066
      vertex -1.21622 1.21622 3.2
    endloop
  endfacet
  facet normal 0.729872 -0.683583 0
    outer loop
      vertex -1.21622 1.21622 2.55066
      vertex -1.29316 1.13407 3.2
      vertex -1.29316 1.13407 2.54304
    endloop
  endfacet
  facet normal 0.995197 -0.0978907 0
    outer loop
      vertex -1.70916 0.18516 0.349429
      vertex -1.70529 0.224504 0
      vertex -1.70529 0.224504 0.351447
    endloop
  endfacet
  facet normal 0.995181 -0.0980568 0
    outer loop
      vertex -1.71632 0.112493 0
      vertex -1.70916 0.18516 0.349429
      vertex -1.71632 0.112493 0.344549
    endloop
  endfacet
  facet normal 0.995187 -0.0979985 -1.22492e-05
    outer loop
      vertex -1.70916 0.18516 0.349429
      vertex -1.71632 0.112493 0
      vertex -1.70529 0.224504 0
    endloop
  endfacet
  facet normal 0.995388 -0.0959318 0
    outer loop
      vertex -1.70554 0.22191 1.05123
      vertex -1.70529 0.224504 0.377555
      vertex -1.70529 0.224504 1.05141
    endloop
  endfacet
  facet normal 0.995193 -0.0979296 -7.76501e-06
    outer loop
      vertex -1.70973 0.17933 1.04905
      vertex -1.70529 0.224504 0.377555
      vertex -1.70554 0.22191 1.05123
    endloop
  endfacet
  facet normal 0.995175 -0.0981209 -2.0758e-05
    outer loop
      vertex -1.71632 0.112493 1.04456
      vertex -1.70529 0.224504 0.377555
      vertex -1.70973 0.17933 1.04905
    endloop
  endfacet
  facet normal 0.995187 -0.0979985 0
    outer loop
      vertex -1.70529 0.224504 0.377555
      vertex -1.71632 0.112493 1.04456
      vertex -1.71632 0.112493 0.369969
    endloop
  endfacet
  facet normal 0.995275 -0.0970943 0
    outer loop
      vertex -1.70612 0.215996 1.75085
      vertex -1.70529 0.224504 1.07757
      vertex -1.70529 0.224504 1.75143
    endloop
  endfacet
  facet normal 0.995175 -0.0981142 -1.30113e-05
    outer loop
      vertex -1.71031 0.173497 1.74867
      vertex -1.70529 0.224504 1.07757
      vertex -1.70612 0.215996 1.75085
    endloop
  endfacet
  facet normal 0.995182 -0.098043 -7.54554e-06
    outer loop
      vertex -1.71632 0.112493 1.74458
      vertex -1.70529 0.224504 1.07757
      vertex -1.71031 0.173497 1.74867
    endloop
  endfacet
  facet normal 0.995187 -0.0979985 0
    outer loop
      vertex -1.70529 0.224504 1.07757
      vertex -1.71632 0.112493 1.74458
      vertex -1.71632 0.112493 1.06998
    endloop
  endfacet
  facet normal 0.995248 -0.0973702 0
    outer loop
      vertex -1.7067 0.210092 2.45046
      vertex -1.70529 0.224504 1.77759
      vertex -1.70529 0.224504 2.45145
    endloop
  endfacet
  facet normal 0.995183 -0.0980353 -1.43812e-05
    outer loop
      vertex -1.71088 0.16766 2.44829
      vertex -1.70529 0.224504 1.77759
      vertex -1.7067 0.210092 2.45046
    endloop
  endfacet
  facet normal 0.995173 -0.0981322 -2.26745e-05
    outer loop
      vertex -1.71632 0.112493 2.44459
      vertex -1.70529 0.224504 1.77759
      vertex -1.71088 0.16766 2.44829
    endloop
  endfacet
  facet normal 0.995187 -0.0979985 0
    outer loop
      vertex -1.70529 0.224504 1.77759
      vertex -1.71632 0.112493 2.44459
      vertex -1.71632 0.112493 1.77
    endloop
  endfacet
  facet normal 0.995186 -0.0980092 0
    outer loop
      vertex -1.70729 0.204196 3.15008
      vertex -1.70529 0.224504 2.47761
      vertex -1.70529 0.224504 3.15146
    endloop
  endfacet
  facet normal 0.995193 -0.0979296 2.42824e-06
    outer loop
      vertex -1.71146 0.161819 3.14791
      vertex -1.70529 0.224504 2.47761
      vertex -1.70729 0.204196 3.15008
    endloop
  endfacet
  facet normal 0.995181 -0.0980528 -9.20321e-06
    outer loop
      vertex -1.71632 0.112493 3.1446
      vertex -1.70529 0.224504 2.47761
      vertex -1.71146 0.161819 3.14791
    endloop
  endfacet
  facet normal 0.995187 -0.0979985 0
    outer loop
      vertex -1.70529 0.224504 2.47761
      vertex -1.71632 0.112493 3.1446
      vertex -1.71632 0.112493 2.47001
    endloop
  endfacet
  facet normal 0.995187 -0.0979985 0
    outer loop
      vertex -1.71632 0.112493 3.2
      vertex -1.70529 0.224504 3.17762
      vertex -1.70529 0.224504 3.2
    endloop
  endfacet
  facet normal 0.995187 -0.0979985 0
    outer loop
      vertex -1.70529 0.224504 3.17762
      vertex -1.71632 0.112493 3.2
      vertex -1.71632 0.112493 3.17002
    endloop
  endfacet
  facet normal 0.999465 -0.0326957 0
    outer loop
      vertex -1.72 0 0.336946
      vertex -1.71632 0.112493 0
      vertex -1.71632 0.112493 0.344549
    endloop
  endfacet
  facet normal 0.999465 -0.0326957 0
    outer loop
      vertex -1.71632 0.112493 0
      vertex -1.72 0 0.336946
      vertex -1.72 0 0
    endloop
  endfacet
  facet normal 0.999465 -0.0326957 0
    outer loop
      vertex -1.72 0 1.03696
      vertex -1.71632 0.112493 0.369969
      vertex -1.71632 0.112493 1.04456
    endloop
  endfacet
  facet normal 0.99947 -0.0325549 2.37643e-05
    outer loop
      vertex -1.71632 0.112493 0.369969
      vertex -1.72 0 1.03696
      vertex -1.71781 0.0667462 0.366919
    endloop
  endfacet
  facet normal 0.999459 -0.032898 -1.04466e-05
    outer loop
      vertex -1.71781 0.0667462 0.366919
      vertex -1.72 0 1.03696
      vertex -1.71921 0.0242141 0.364754
    endloop
  endfacet
  facet normal 0.999468 -0.0326083 0
    outer loop
      vertex -1.71921 0.0242141 0.364754
      vertex -1.72 0 1.03696
      vertex -1.72 0 0.363106
    endloop
  endfacet
  facet normal 0.999465 -0.0326957 0
    outer loop
      vertex -1.72 0 1.73698
      vertex -1.71632 0.112493 1.06998
      vertex -1.71632 0.112493 1.74458
    endloop
  endfacet
  facet normal 0.999464 -0.0327238 -4.7527e-06
    outer loop
      vertex -1.71632 0.112493 1.06998
      vertex -1.72 0 1.73698
      vertex -1.71801 0.0608768 1.06654
    endloop
  endfacet
  facet normal 0.999468 -0.0326294 3.82939e-06
    outer loop
      vertex -1.71801 0.0608768 1.06654
      vertex -1.72 0 1.73698
      vertex -1.7194 0.0182996 1.06437
    endloop
  endfacet
  facet normal 0.999463 -0.03277 0
    outer loop
      vertex -1.7194 0.0182996 1.06437
      vertex -1.72 0 1.73698
      vertex -1.72 0 1.06312
    endloop
  endfacet
  facet normal 0.999465 -0.0326957 0
    outer loop
      vertex -1.72 0 2.437
      vertex -1.71632 0.112493 1.77
      vertex -1.71632 0.112493 2.44459
    endloop
  endfacet
  facet normal 0.999466 -0.0326892 1.08619e-06
    outer loop
      vertex -1.71632 0.112493 1.77
      vertex -1.72 0 2.437
      vertex -1.7182 0.0550123 1.76616
    endloop
  endfacet
  facet normal 0.999469 -0.0325844 9.68853e-06
    outer loop
      vertex -1.7182 0.0550123 1.76616
      vertex -1.72 0 2.437
      vertex -1.71959 0.0123759 1.76398
    endloop
  endfacet
  facet normal 0.999452 -0.0331107 0
    outer loop
      vertex -1.71959 0.0123759 1.76398
      vertex -1.72 0 2.437
      vertex -1.72 0 1.76314
    endloop
  endfacet
  facet normal 0.999465 -0.0326957 0
    outer loop
      vertex -1.72 0 3.13702
      vertex -1.71632 0.112493 2.47001
      vertex -1.71632 0.112493 3.1446
    endloop
  endfacet
  facet normal 0.999466 -0.0326628 5.55143e-06
    outer loop
      vertex -1.71632 0.112493 2.47001
      vertex -1.72 0 3.13702
      vertex -1.71839 0.0491512 2.46578
    endloop
  endfacet
  facet normal 0.999463 -0.0327626 -1.76454e-06
    outer loop
      vertex -1.71839 0.0491512 2.46578
      vertex -1.72 0 3.13702
      vertex -1.71979 0.00644258 2.4636
    endloop
  endfacet
  facet normal 0.999469 -0.0325783 0
    outer loop
      vertex -1.71979 0.00644258 2.4636
      vertex -1.72 0 3.13702
      vertex -1.72 0 2.46316
    endloop
  endfacet
  facet normal 0.999467 -0.0326419 0
    outer loop
      vertex -1.71632 0.112493 3.2
      vertex -1.71858 0.0432937 3.1654
      vertex -1.71632 0.112493 3.17002
    endloop
  endfacet
  facet normal 0.999465 -0.0326957 0.000107655
    outer loop
      vertex -1.72 0 3.2
      vertex -1.71858 0.0432937 3.1654
      vertex -1.71632 0.112493 3.2
    endloop
  endfacet
  facet normal 0.999465 -0.0327021 9.95409e-05
    outer loop
      vertex -1.71858 0.0432937 3.1654
      vertex -1.72 0 3.2
      vertex -1.71998 0.00049927 3.16321
    endloop
  endfacet
  facet normal 0.999199 -0.0400264 0
    outer loop
      vertex -1.71998 0.00049927 3.16321
      vertex -1.72 0 3.2
      vertex -1.72 0 3.16318
    endloop
  endfacet
  facet normal 0.881945 0.471352 0
    outer loop
      vertex -1.51245 -0.817187 0.281624
      vertex -1.54262 -0.760736 0
      vertex -1.54262 -0.760736 0.28597
    endloop
  endfacet
  facet normal 0.881922 0.471396 1.88024e-05
    outer loop
      vertex -1.48956 -0.86 0
      vertex -1.51245 -0.817187 0.281624
      vertex -1.49237 -0.854754 0.279467
    endloop
  endfacet
  facet normal 0.881505 0.472175 -0
    outer loop
      vertex -1.48956 -0.86 0
      vertex -1.49237 -0.854754 0.279467
      vertex -1.48956 -0.86 0.279073
    endloop
  endfacet
  facet normal 0.881913 0.471413 1.56217e-05
    outer loop
      vertex -1.51245 -0.817187 0.281624
      vertex -1.48956 -0.86 0
      vertex -1.54262 -0.760736 0
    endloop
  endfacet
  facet normal 0.881935 0.471371 0
    outer loop
      vertex -1.50969 -0.822348 0.981244
      vertex -1.54262 -0.760736 0.312134
      vertex -1.54262 -0.760736 0.985987
    endloop
  endfacet
  facet normal 0.881895 0.471447 8.94251e-06
    outer loop
      vertex -1.48958 -0.859966 0.979087
      vertex -1.54262 -0.760736 0.312134
      vertex -1.50969 -0.822348 0.981244
    endloop
  endfacet
  facet normal 0.862176 0.506562 0.00680161
    outer loop
      vertex -1.48956 -0.86 0.979084
      vertex -1.54262 -0.760736 0.312134
      vertex -1.48958 -0.859966 0.979087
    endloop
  endfacet
  facet normal 0.881913 0.471413 0
    outer loop
      vertex -1.54262 -0.760736 0.312134
      vertex -1.48956 -0.86 0.979084
      vertex -1.48956 -0.86 0.304511
    endloop
  endfacet
  facet normal 0.881909 0.47142 0
    outer loop
      vertex -1.50693 -0.827503 1.68087
      vertex -1.54262 -0.760736 1.01208
      vertex -1.54262 -0.760736 1.686
    endloop
  endfacet
  facet normal 0.881859 0.471513 1.1958e-05
    outer loop
      vertex -1.54262 -0.760736 1.01208
      vertex -1.50693 -0.827503 1.68087
      vertex -1.54077 -0.764196 1.01189
    endloop
  endfacet
  facet normal 0.881921 0.471397 -2.25501e-06
    outer loop
      vertex -1.48956 -0.86 1.679
      vertex -1.54077 -0.764196 1.01189
      vertex -1.50693 -0.827503 1.68087
    endloop
  endfacet
  facet normal 0.881915 0.471409 0
    outer loop
      vertex -1.54077 -0.764196 1.01189
      vertex -1.48956 -0.86 1.679
      vertex -1.48956 -0.86 1.00453
    endloop
  endfacet
  facet normal 0.881918 0.471403 0
    outer loop
      vertex -1.50418 -0.832651 2.38049
      vertex -1.54262 -0.760736 1.712
      vertex -1.54262 -0.760736 2.38602
    endloop
  endfacet
  facet normal 0.882158 0.470954 -6.2079e-05
    outer loop
      vertex -1.54262 -0.760736 1.712
      vertex -1.50418 -0.832651 2.38049
      vertex -1.53804 -0.769315 1.71151
    endloop
  endfacet
  facet normal 0.881899 0.471438 -3.10756e-06
    outer loop
      vertex -1.48956 -0.86 2.37892
      vertex -1.53804 -0.769315 1.71151
      vertex -1.50418 -0.832651 2.38049
    endloop
  endfacet
  facet normal 0.881889 0.471456 0
    outer loop
      vertex -1.53804 -0.769315 1.71151
      vertex -1.48956 -0.86 2.37892
      vertex -1.48956 -0.86 1.70454
    endloop
  endfacet
  facet normal 0.881913 0.471411 0
    outer loop
      vertex -1.50143 -0.837794 3.08011
      vertex -1.54262 -0.760736 2.41192
      vertex -1.54262 -0.760736 3.08604
    endloop
  endfacet
  facet normal 0.882067 0.471125 -4.25251e-05
    outer loop
      vertex -1.54262 -0.760736 2.41192
      vertex -1.50143 -0.837794 3.08011
      vertex -1.5353 -0.774441 2.41114
    endloop
  endfacet
  facet normal 0.88191 0.471417 -6.91505e-06
    outer loop
      vertex -1.48956 -0.86 3.07884
      vertex -1.5353 -0.774441 2.41114
      vertex -1.50143 -0.837794 3.08011
    endloop
  endfacet
  facet normal 0.881888 0.471459 0
    outer loop
      vertex -1.5353 -0.774441 2.41114
      vertex -1.48956 -0.86 3.07884
      vertex -1.48956 -0.86 2.40456
    endloop
  endfacet
  facet normal 0.881883 0.471468 0
    outer loop
      vertex -1.54262 -0.760736 3.2
      vertex -1.53255 -0.779572 3.11076
      vertex -1.54262 -0.760736 3.11184
    endloop
  endfacet
  facet normal 0.881913 0.471413 1.49655e-05
    outer loop
      vertex -1.48956 -0.86 3.2
      vertex -1.53255 -0.779572 3.11076
      vertex -1.54262 -0.760736 3.2
    endloop
  endfacet
  facet normal 0.88192 0.4714 0
    outer loop
      vertex -1.53255 -0.779572 3.11076
      vertex -1.48956 -0.86 3.2
      vertex -1.48956 -0.86 3.10458
    endloop
  endfacet
  facet normal 0.582501 0.81283 -0
    outer loop
      vertex -0.955581 -1.43013 0
      vertex -0.977182 -1.41465 0.22916
      vertex -0.955581 -1.43013 0.227818
    endloop
  endfacet
  facet normal 0.582477 0.812847 -3.41801e-06
    outer loop
      vertex -1.04707 -1.36457 0
      vertex -0.977182 -1.41465 0.22916
      vertex -0.955581 -1.43013 0
    endloop
  endfacet
  facet normal 0.58247 0.812852 0
    outer loop
      vertex -0.977182 -1.41465 0.22916
      vertex -1.04707 -1.36457 0
      vertex -1.04707 -1.36457 0.234992
    endloop
  endfacet
  facet normal 0.582453 0.812864 0
    outer loop
      vertex -0.972448 -1.41804 0.928783
      vertex -1.04707 -1.36457 0.260815
      vertex -1.04707 -1.36457 0.935009
    endloop
  endfacet
  facet normal 0.582582 0.812772 -5.39691e-06
    outer loop
      vertex -1.03084 -1.37619 0.259809
      vertex -0.972448 -1.41804 0.928783
      vertex -0.955581 -1.43013 0.927737
    endloop
  endfacet
  facet normal 0.58214 0.813088 5.29183e-05
    outer loop
      vertex -0.972448 -1.41804 0.928783
      vertex -1.03084 -1.37619 0.259809
      vertex -1.04707 -1.36457 0.260815
    endloop
  endfacet
  facet normal 0.58255 0.812795 0
    outer loop
      vertex -1.03084 -1.37619 0.259809
      vertex -0.955581 -1.43013 0.927737
      vertex -0.955581 -1.43013 0.25353
    endloop
  endfacet
  facet normal 0.582463 0.812857 0
    outer loop
      vertex -0.967719 -1.42143 1.62841
      vertex -1.04707 -1.36457 0.960733
      vertex -1.04707 -1.36457 1.63503
    endloop
  endfacet
  facet normal 0.582567 0.812783 -1.47117e-05
    outer loop
      vertex -1.02611 -1.37959 0.959432
      vertex -0.967719 -1.42143 1.62841
      vertex -0.955581 -1.43013 1.62765
    endloop
  endfacet
  facet normal 0.582485 0.812842 -3.82962e-06
    outer loop
      vertex -0.967719 -1.42143 1.62841
      vertex -1.02611 -1.37959 0.959432
      vertex -1.04707 -1.36457 0.960733
    endloop
  endfacet
  facet normal 0.582475 0.812849 0
    outer loop
      vertex -1.02611 -1.37959 0.959432
      vertex -0.955581 -1.43013 1.62765
      vertex -0.955581 -1.43013 0.953546
    endloop
  endfacet
  facet normal 0.582436 0.812877 0
    outer loop
      vertex -0.962996 -1.42481 2.32803
      vertex -1.04707 -1.36457 1.66065
      vertex -1.04707 -1.36457 2.33504
    endloop
  endfacet
  facet normal 0.582945 0.812512 -6.19451e-05
    outer loop
      vertex -1.02137 -1.38298 1.65905
      vertex -0.962996 -1.42481 2.32803
      vertex -0.955581 -1.43013 2.32757
    endloop
  endfacet
  facet normal 0.582345 0.812941 1.71964e-05
    outer loop
      vertex -0.962996 -1.42481 2.32803
      vertex -1.02137 -1.38298 1.65905
      vertex -1.04707 -1.36457 1.66065
    endloop
  endfacet
  facet normal 0.582529 0.81281 0
    outer loop
      vertex -1.02137 -1.38298 1.65905
      vertex -0.955581 -1.43013 2.32757
      vertex -0.955581 -1.43013 1.65356
    endloop
  endfacet
  facet normal 0.582433 0.812879 0
    outer loop
      vertex -0.958278 -1.42819 3.02766
      vertex -1.04707 -1.36457 2.36057
      vertex -1.04707 -1.36457 3.03506
    endloop
  endfacet
  facet normal 0.583932 0.811803 -0.000188797
    outer loop
      vertex -1.01662 -1.38638 2.35868
      vertex -0.958278 -1.42819 3.02766
      vertex -0.955581 -1.43013 3.02749
    endloop
  endfacet
  facet normal 0.5823 0.812974 2.68129e-05
    outer loop
      vertex -0.958278 -1.42819 3.02766
      vertex -1.01662 -1.38638 2.35868
      vertex -1.04707 -1.36457 2.36057
    endloop
  endfacet
  facet normal 0.582566 0.812783 0
    outer loop
      vertex -1.01662 -1.38638 2.35868
      vertex -0.955581 -1.43013 3.02749
      vertex -0.955581 -1.43013 2.35358
    endloop
  endfacet
  facet normal 0.582477 0.812847 2.25358e-05
    outer loop
      vertex -1.01187 -1.38979 3.0583
      vertex -1.04707 -1.36457 3.2
      vertex -0.955581 -1.43013 3.2
    endloop
  endfacet
  facet normal 0.582688 0.812696 0
    outer loop
      vertex -1.04707 -1.36457 3.2
      vertex -1.04654 -1.36495 3.06046
      vertex -1.04707 -1.36457 3.0605
    endloop
  endfacet
  facet normal 0.582413 0.812893 -1.57983e-06
    outer loop
      vertex -1.04707 -1.36457 3.2
      vertex -1.01187 -1.38979 3.0583
      vertex -1.04654 -1.36495 3.06046
    endloop
  endfacet
  facet normal 0.582515 0.81282 0
    outer loop
      vertex -1.01187 -1.38979 3.0583
      vertex -0.955581 -1.43013 3.2
      vertex -0.955581 -1.43013 3.0536
    endloop
  endfacet
  facet normal -0.634439 0.772973 0
    outer loop
      vertex 1.13407 -1.29316 0
      vertex 1.07593 -1.34088 0.0870722
      vertex 1.13407 -1.29316 0.0820435
    endloop
  endfacet
  facet normal -0.634451 0.772963 -1.402e-05
    outer loop
      vertex 1.07593 -1.34088 0.0870722
      vertex 1.13407 -1.29316 0
      vertex 1.04707 -1.36457 0
    endloop
  endfacet
  facet normal -0.634477 0.772942 0
    outer loop
      vertex 1.07593 -1.34088 0.0870722
      vertex 1.04707 -1.36457 0
      vertex 1.04707 -1.36457 0.0889789
    endloop
  endfacet
  facet normal -0.634423 0.772986 -6.20117e-06
    outer loop
      vertex 1.04707 -1.36457 0.115049
      vertex 1.08046 -1.33716 0.786691
      vertex 1.13407 -1.29316 0.782058
    endloop
  endfacet
  facet normal -0.637568 0.770394 0
    outer loop
      vertex 1.04736 -1.36433 0.788877
      vertex 1.04707 -1.36457 0.115049
      vertex 1.04707 -1.36457 0.788902
    endloop
  endfacet
  facet normal -0.634471 0.772947 -2.24215e-06
    outer loop
      vertex 1.08046 -1.33716 0.786691
      vertex 1.04707 -1.36457 0.115049
      vertex 1.04736 -1.36433 0.788877
    endloop
  endfacet
  facet normal -0.634451 0.772963 0
    outer loop
      vertex 1.04707 -1.36457 0.115049
      vertex 1.13407 -1.29316 0.782058
      vertex 1.13407 -1.29316 0.107464
    endloop
  endfacet
  facet normal -0.634497 0.772925 9.974e-06
    outer loop
      vertex 1.04707 -1.36457 0.815066
      vertex 1.08499 -1.33345 1.48631
      vertex 1.13407 -1.29316 1.48207
    endloop
  endfacet
  facet normal -0.634098 0.773252 0
    outer loop
      vertex 1.05196 -1.36056 1.48849
      vertex 1.04707 -1.36457 0.815066
      vertex 1.04707 -1.36457 1.48892
    endloop
  endfacet
  facet normal -0.634435 0.772976 4.08478e-06
    outer loop
      vertex 1.08499 -1.33345 1.48631
      vertex 1.04707 -1.36457 0.815066
      vertex 1.05196 -1.36056 1.48849
    endloop
  endfacet
  facet normal -0.634451 0.772963 0
    outer loop
      vertex 1.04707 -1.36457 0.815066
      vertex 1.13407 -1.29316 1.48207
      vertex 1.13407 -1.29316 0.807477
    endloop
  endfacet
  facet normal -0.634484 0.772936 7.06075e-06
    outer loop
      vertex 1.04707 -1.36457 1.51508
      vertex 1.08952 -1.32973 2.18593
      vertex 1.13407 -1.29316 2.18209
    endloop
  endfacet
  facet normal -0.634392 0.773012 0
    outer loop
      vertex 1.05655 -1.35679 2.18811
      vertex 1.04707 -1.36457 1.51508
      vertex 1.04707 -1.36457 2.18894
    endloop
  endfacet
  facet normal -0.634424 0.772985 7.72621e-07
    outer loop
      vertex 1.08952 -1.32973 2.18593
      vertex 1.04707 -1.36457 1.51508
      vertex 1.05655 -1.35679 2.18811
    endloop
  endfacet
  facet normal -0.634451 0.772963 0
    outer loop
      vertex 1.04707 -1.36457 1.51508
      vertex 1.13407 -1.29316 2.18209
      vertex 1.13407 -1.29316 1.50749
    endloop
  endfacet
  facet normal -0.634447 0.772966 -9.76705e-07
    outer loop
      vertex 1.04707 -1.36457 2.2151
      vertex 1.09406 -1.326 2.88555
      vertex 1.13407 -1.29316 2.8821
    endloop
  endfacet
  facet normal -0.634435 0.772977 0
    outer loop
      vertex 1.06113 -1.35303 2.88772
      vertex 1.04707 -1.36457 2.2151
      vertex 1.04707 -1.36457 2.88896
    endloop
  endfacet
  facet normal -0.634464 0.772952 1.03154e-06
    outer loop
      vertex 1.09406 -1.326 2.88555
      vertex 1.04707 -1.36457 2.2151
      vertex 1.06113 -1.35303 2.88772
    endloop
  endfacet
  facet normal -0.634451 0.772963 0
    outer loop
      vertex 1.04707 -1.36457 2.2151
      vertex 1.13407 -1.29316 2.8821
      vertex 1.13407 -1.29316 2.2075
    endloop
  endfacet
  facet normal -0.634451 0.772963 0
    outer loop
      vertex 1.13407 -1.29316 3.2
      vertex 1.04707 -1.36457 2.91512
      vertex 1.04707 -1.36457 3.2
    endloop
  endfacet
  facet normal -0.634451 0.772963 0
    outer loop
      vertex 1.04707 -1.36457 2.91512
      vertex 1.13407 -1.29316 3.2
      vertex 1.13407 -1.29316 2.90752
    endloop
  endfacet
  facet normal -0.227092 -0.973873 0
    outer loop
      vertex 0.445168 1.66139 0
      vertex 0.335555 1.68695 0.534019
      vertex 0.335555 1.68695 0
    endloop
  endfacet
  facet normal -0.227092 -0.973873 0
    outer loop
      vertex 0.335555 1.68695 0.534019
      vertex 0.445168 1.66139 0
      vertex 0.445168 1.66139 0.541577
    endloop
  endfacet
  facet normal -0.227035 -0.973887 9.78191e-06
    outer loop
      vertex 0.445168 1.66139 1.26703
      vertex 0.43739 1.66321 1.94106
      vertex 0.335555 1.68695 1.93405
    endloop
  endfacet
  facet normal -0.227839 -0.973699 0
    outer loop
      vertex 0.43739 1.66321 1.94106
      vertex 0.445168 1.66139 1.26703
      vertex 0.445168 1.66139 1.94147
    endloop
  endfacet
  facet normal -0.227092 -0.973873 0
    outer loop
      vertex 0.445168 1.66139 1.26703
      vertex 0.335555 1.68695 1.93405
      vertex 0.335555 1.68695 1.25947
    endloop
  endfacet
  facet normal -0.227077 -0.973877 2.52074e-06
    outer loop
      vertex 0.445168 1.66139 0.567017
      vertex 0.443074 1.66188 1.24144
      vertex 0.335555 1.68695 1.23404
    endloop
  endfacet
  facet normal -0.227847 -0.973697 0
    outer loop
      vertex 0.443074 1.66188 1.24144
      vertex 0.445168 1.66139 0.567017
      vertex 0.445168 1.66139 1.24155
    endloop
  endfacet
  facet normal -0.227092 -0.973873 0
    outer loop
      vertex 0.445168 1.66139 0.567017
      vertex 0.335555 1.68695 1.23404
      vertex 0.335555 1.68695 0.559461
    endloop
  endfacet
  facet normal -0.22709 -0.973874 2.91604e-07
    outer loop
      vertex 0.445168 1.66139 1.96705
      vertex 0.431703 1.66453 2.64068
      vertex 0.335555 1.68695 2.63407
    endloop
  endfacet
  facet normal -0.227104 -0.973871 0
    outer loop
      vertex 0.431703 1.66453 2.64068
      vertex 0.445168 1.66139 1.96705
      vertex 0.445168 1.66139 2.64139
    endloop
  endfacet
  facet normal -0.227092 -0.973873 0
    outer loop
      vertex 0.445168 1.66139 1.96705
      vertex 0.335555 1.68695 2.63407
      vertex 0.335555 1.68695 1.95948
    endloop
  endfacet
  facet normal -0.227092 -0.973873 0
    outer loop
      vertex 0.335555 1.68695 3.2
      vertex 0.445168 1.66139 2.66706
      vertex 0.445168 1.66139 3.2
    endloop
  endfacet
  facet normal -0.227092 -0.973873 0
    outer loop
      vertex 0.445168 1.66139 2.66706
      vertex 0.335555 1.68695 3.2
      vertex 0.335555 1.68695 2.6595
    endloop
  endfacet
  facet normal 0.986649 -0.162862 0
    outer loop
      vertex -1.70475 0.227719 0.351611
      vertex -1.68695 0.335555 0
      vertex -1.68695 0.335555 0.359016
    endloop
  endfacet
  facet normal 0.986186 -0.165642 0
    outer loop
      vertex -1.70529 0.224504 0
      vertex -1.70475 0.227719 0.351611
      vertex -1.70529 0.224504 0.351447
    endloop
  endfacet
  facet normal 0.986636 -0.162942 -2.53802e-05
    outer loop
      vertex -1.70475 0.227719 0.351611
      vertex -1.70529 0.224504 0
      vertex -1.68695 0.335555 0
    endloop
  endfacet
  facet normal 0.98586 -0.167568 0
    outer loop
      vertex -1.68695 0.335555 1.05903
      vertex -1.68707 0.334849 0.38441
      vertex -1.68695 0.335555 0.384457
    endloop
  endfacet
  facet normal 0.986636 -0.162942 -4.97955e-06
    outer loop
      vertex -1.70529 0.224504 1.05141
      vertex -1.68707 0.334849 0.38441
      vertex -1.68695 0.335555 1.05903
    endloop
  endfacet
  facet normal 0.986669 -0.162739 2.95839e-05
    outer loop
      vertex -1.68707 0.334849 0.38441
      vertex -1.70529 0.224504 1.05141
      vertex -1.69401 0.292772 0.382252
    endloop
  endfacet
  facet normal 0.986623 -0.163021 0
    outer loop
      vertex -1.69401 0.292772 0.382252
      vertex -1.70529 0.224504 1.05141
      vertex -1.70529 0.224504 0.377555
    endloop
  endfacet
  facet normal 0.986658 -0.162807 0
    outer loop
      vertex -1.68695 0.335555 2.45906
      vertex -1.68899 0.323192 1.78365
      vertex -1.68695 0.335555 1.78448
    endloop
  endfacet
  facet normal 0.986636 -0.162942 2.54697e-06
    outer loop
      vertex -1.70529 0.224504 2.45145
      vertex -1.68899 0.323192 1.78365
      vertex -1.68695 0.335555 2.45906
    endloop
  endfacet
  facet normal 0.986646 -0.162879 1.22205e-05
    outer loop
      vertex -1.68899 0.323192 1.78365
      vertex -1.70529 0.224504 2.45145
      vertex -1.69592 0.281213 1.78149
    endloop
  endfacet
  facet normal 0.986623 -0.163019 0
    outer loop
      vertex -1.69592 0.281213 1.78149
      vertex -1.70529 0.224504 2.45145
      vertex -1.70529 0.224504 1.77759
    endloop
  endfacet
  facet normal 0.986625 -0.163004 0
    outer loop
      vertex -1.68695 0.335555 1.75905
      vertex -1.68803 0.329018 1.08403
      vertex -1.68695 0.335555 1.08447
    endloop
  endfacet
  facet normal 0.986636 -0.162942 -6.12434e-07
    outer loop
      vertex -1.70529 0.224504 1.75143
      vertex -1.68803 0.329018 1.08403
      vertex -1.68695 0.335555 1.75905
    endloop
  endfacet
  facet normal 0.986635 -0.162944 -9.57626e-07
    outer loop
      vertex -1.68803 0.329018 1.08403
      vertex -1.70529 0.224504 1.75143
      vertex -1.69497 0.286996 1.08187
    endloop
  endfacet
  facet normal 0.986637 -0.162934 0
    outer loop
      vertex -1.69497 0.286996 1.08187
      vertex -1.70529 0.224504 1.75143
      vertex -1.70529 0.224504 1.07757
    endloop
  endfacet
  facet normal 0.986661 -0.162788 0
    outer loop
      vertex -1.68695 0.335555 3.15908
      vertex -1.68995 0.317372 2.48327
      vertex -1.68695 0.335555 2.48449
    endloop
  endfacet
  facet normal 0.986636 -0.162943 4.25707e-06
    outer loop
      vertex -1.70529 0.224504 3.15146
      vertex -1.68995 0.317372 2.48327
      vertex -1.68695 0.335555 3.15908
    endloop
  endfacet
  facet normal 0.986628 -0.162988 -2.17518e-06
    outer loop
      vertex -1.68995 0.317372 2.48327
      vertex -1.70529 0.224504 3.15146
      vertex -1.69688 0.275422 2.48111
    endloop
  endfacet
  facet normal 0.986633 -0.16296 0
    outer loop
      vertex -1.69688 0.275422 2.48111
      vertex -1.70529 0.224504 3.15146
      vertex -1.70529 0.224504 2.47761
    endloop
  endfacet
  facet normal 0.986657 -0.162812 0
    outer loop
      vertex -1.68695 0.335555 3.2
      vertex -1.69091 0.311557 3.18289
      vertex -1.68695 0.335555 3.1845
    endloop
  endfacet
  facet normal 0.986615 -0.163067 0.000366837
    outer loop
      vertex -1.68695 0.335555 3.2
      vertex -1.69784 0.269623 3.18073
      vertex -1.69091 0.311557 3.18289
    endloop
  endfacet
  facet normal 0.986636 -0.162942 -7.03155e-05
    outer loop
      vertex -1.70529 0.224504 3.2
      vertex -1.69784 0.269623 3.18073
      vertex -1.68695 0.335555 3.2
    endloop
  endfacet
  facet normal 0.98664 -0.162913 0
    outer loop
      vertex -1.69784 0.269623 3.18073
      vertex -1.70529 0.224504 3.2
      vertex -1.70529 0.224504 3.17762
    endloop
  endfacet
  facet normal -0.910869 -0.412695 0
    outer loop
      vertex 1.58907 0.658215 0
      vertex 1.54262 0.760736 0.635979
      vertex 1.54262 0.760736 0
    endloop
  endfacet
  facet normal -0.910869 -0.412695 0
    outer loop
      vertex 1.54262 0.760736 0.635979
      vertex 1.58907 0.658215 0
      vertex 1.58907 0.658215 0.643566
    endloop
  endfacet
  facet normal -0.910845 -0.412748 0
    outer loop
      vertex 1.55987 0.722669 0.664258
      vertex 1.54262 0.760736 1.336
      vertex 1.54262 0.760736 0.662125
    endloop
  endfacet
  facet normal -0.910883 -0.412664 -5.76367e-06
    outer loop
      vertex 1.58907 0.658215 0.668986
      vertex 1.54262 0.760736 1.336
      vertex 1.55987 0.722669 0.664258
    endloop
  endfacet
  facet normal -0.910869 -0.412695 0
    outer loop
      vertex 1.54262 0.760736 1.336
      vertex 1.58907 0.658215 0.668986
      vertex 1.58907 0.658215 1.34358
    endloop
  endfacet
  facet normal -0.91088 -0.41267 0
    outer loop
      vertex 1.55745 0.728002 1.36388
      vertex 1.54262 0.760736 2.03601
      vertex 1.54262 0.760736 1.36204
    endloop
  endfacet
  facet normal -0.910864 -0.412706 2.08726e-06
    outer loop
      vertex 1.58907 0.658215 1.369
      vertex 1.54262 0.760736 2.03601
      vertex 1.55745 0.728002 1.36388
    endloop
  endfacet
  facet normal -0.910869 -0.412695 0
    outer loop
      vertex 1.54262 0.760736 2.03601
      vertex 1.58907 0.658215 1.369
      vertex 1.58907 0.658215 2.04359
    endloop
  endfacet
  facet normal -0.910816 -0.412814 0
    outer loop
      vertex 1.55504 0.733333 2.0635
      vertex 1.54262 0.760736 2.73603
      vertex 1.54262 0.760736 2.06196
    endloop
  endfacet
  facet normal -0.910889 -0.412652 -7.9362e-06
    outer loop
      vertex 1.58907 0.658215 2.06902
      vertex 1.54262 0.760736 2.73603
      vertex 1.55504 0.733333 2.0635
    endloop
  endfacet
  facet normal -0.910869 -0.412695 0
    outer loop
      vertex 1.54262 0.760736 2.73603
      vertex 1.58907 0.658215 2.06902
      vertex 1.58907 0.658215 2.74361
    endloop
  endfacet
  facet normal -0.910896 -0.412637 0
    outer loop
      vertex 1.55262 0.738661 2.76312
      vertex 1.54262 0.760736 3.2
      vertex 1.54262 0.760736 2.76188
    endloop
  endfacet
  facet normal -0.910862 -0.41271 4.48644e-06
    outer loop
      vertex 1.58907 0.658215 2.76903
      vertex 1.54262 0.760736 3.2
      vertex 1.55262 0.738661 2.76312
    endloop
  endfacet
  facet normal -0.910869 -0.412695 0
    outer loop
      vertex 1.54262 0.760736 3.2
      vertex 1.58907 0.658215 2.76903
      vertex 1.58907 0.658215 3.2
    endloop
  endfacet
  facet normal 0.729872 0.683583 0
    outer loop
      vertex -1.21622 -1.21622 0.249444
      vertex -1.29316 -1.13407 0
      vertex -1.29316 -1.13407 0.257047
    endloop
  endfacet
  facet normal 0.729872 0.683583 0
    outer loop
      vertex -1.29316 -1.13407 0
      vertex -1.21622 -1.21622 0.249444
      vertex -1.21622 -1.21622 0
    endloop
  endfacet
  facet normal 0.729872 0.683583 0
    outer loop
      vertex -1.21622 -1.21622 0.949462
      vertex -1.29316 -1.13407 0.282468
      vertex -1.29316 -1.13407 0.957061
    endloop
  endfacet
  facet normal 0.729931 0.683521 -1.45126e-05
    outer loop
      vertex -1.29316 -1.13407 0.282468
      vertex -1.21622 -1.21622 0.949462
      vertex -1.26238 -1.16694 0.279467
    endloop
  endfacet
  facet normal 0.729874 0.683582 -6.08556e-06
    outer loop
      vertex -1.26238 -1.16694 0.279467
      vertex -1.21622 -1.21622 0.949462
      vertex -1.23329 -1.198 0.277302
    endloop
  endfacet
  facet normal 0.729762 0.683701 0
    outer loop
      vertex -1.23329 -1.198 0.277302
      vertex -1.21622 -1.21622 0.949462
      vertex -1.21622 -1.21622 0.275604
    endloop
  endfacet
  facet normal 0.729872 0.683583 0
    outer loop
      vertex -1.21622 -1.21622 2.3495
      vertex -1.29316 -1.13407 1.68249
      vertex -1.29316 -1.13407 2.35709
    endloop
  endfacet
  facet normal 0.729888 0.683566 -3.97175e-06
    outer loop
      vertex -1.29316 -1.13407 1.68249
      vertex -1.21622 -1.21622 2.3495
      vertex -1.25435 -1.17551 1.67871
    endloop
  endfacet
  facet normal 0.729822 0.683637 4.06144e-06
    outer loop
      vertex -1.25435 -1.17551 1.67871
      vertex -1.21622 -1.21622 2.3495
      vertex -1.22519 -1.20664 1.67653
    endloop
  endfacet
  facet normal 0.729965 0.683485 0
    outer loop
      vertex -1.22519 -1.20664 1.67653
      vertex -1.21622 -1.21622 2.3495
      vertex -1.21622 -1.21622 1.67564
    endloop
  endfacet
  facet normal 0.729872 0.683583 0
    outer loop
      vertex -1.21622 -1.21622 1.64948
      vertex -1.29316 -1.13407 0.982481
      vertex -1.29316 -1.13407 1.65708
    endloop
  endfacet
  facet normal 0.729904 0.683549 -7.87433e-06
    outer loop
      vertex -1.29316 -1.13407 0.982481
      vertex -1.21622 -1.21622 1.64948
      vertex -1.25836 -1.17123 0.979087
    endloop
  endfacet
  facet normal 0.729968 0.683481 -1.65131e-05
    outer loop
      vertex -1.25836 -1.17123 0.979087
      vertex -1.21622 -1.21622 1.64948
      vertex -1.22925 -1.20232 0.976918
    endloop
  endfacet
  facet normal 0.72957 0.683906 0
    outer loop
      vertex -1.22925 -1.20232 0.976918
      vertex -1.21622 -1.21622 1.64948
      vertex -1.21622 -1.21622 0.975622
    endloop
  endfacet
  facet normal 0.729872 0.683583 0
    outer loop
      vertex -1.21622 -1.21622 3.04951
      vertex -1.29316 -1.13407 2.38251
      vertex -1.29316 -1.13407 3.0571
    endloop
  endfacet
  facet normal 0.729949 0.683501 -1.90076e-05
    outer loop
      vertex -1.29316 -1.13407 2.38251
      vertex -1.21622 -1.21622 3.04951
      vertex -1.25034 -1.1798 2.37833
    endloop
  endfacet
  facet normal 0.729902 0.683552 -1.3815e-05
    outer loop
      vertex -1.25034 -1.1798 2.37833
      vertex -1.21622 -1.21622 3.04951
      vertex -1.22114 -1.21098 2.37615
    endloop
  endfacet
  facet normal 0.729016 0.684496 0
    outer loop
      vertex -1.22114 -1.21098 2.37615
      vertex -1.21622 -1.21622 3.04951
      vertex -1.21622 -1.21622 2.37566
    endloop
  endfacet
  facet normal 0.729938 0.683514 0
    outer loop
      vertex -1.29316 -1.13407 3.2
      vertex -1.24634 -1.18407 3.07795
      vertex -1.29316 -1.13407 3.08252
    endloop
  endfacet
  facet normal 0.729872 0.683583 -5.36499e-05
    outer loop
      vertex -1.21622 -1.21622 3.2
      vertex -1.24634 -1.18407 3.07795
      vertex -1.29316 -1.13407 3.2
    endloop
  endfacet
  facet normal 0.729742 0.683723 1.53531e-05
    outer loop
      vertex -1.24634 -1.18407 3.07795
      vertex -1.21622 -1.21622 3.2
      vertex -1.21707 -1.21531 3.07576
    endloop
  endfacet
  facet normal 0.730788 0.682604 0
    outer loop
      vertex -1.21707 -1.21531 3.07576
      vertex -1.21622 -1.21622 3.2
      vertex -1.21622 -1.21622 3.07568
    endloop
  endfacet
  facet normal -0.289412 -0.957205 0
    outer loop
      vertex 0.445168 1.66139 0
      vertex 0.44874 1.66031 0.541824
      vertex 0.445168 1.66139 0.541577
    endloop
  endfacet
  facet normal -0.290262 -0.956947 6.11193e-06
    outer loop
      vertex 0.44874 1.66031 0.541824
      vertex 0.445168 1.66139 0
      vertex 0.489522 1.64794 0.543981
    endloop
  endfacet
  facet normal -0.290261 -0.956947 6.08521e-06
    outer loop
      vertex 0.552876 1.62872 0
      vertex 0.489522 1.64794 0.543981
      vertex 0.445168 1.66139 0
    endloop
  endfacet
  facet normal -0.290309 -0.956933 0
    outer loop
      vertex 0.489522 1.64794 0.543981
      vertex 0.552876 1.62872 0
      vertex 0.552876 1.62872 0.548477
    endloop
  endfacet
  facet normal -0.290257 -0.956949 0
    outer loop
      vertex 0.478333 1.65133 1.94322
      vertex 0.552876 1.62872 1.27455
      vertex 0.552876 1.62872 1.94851
    endloop
  endfacet
  facet normal -0.290272 -0.956944 -1.45086e-06
    outer loop
      vertex 0.54704 1.63049 1.27425
      vertex 0.478333 1.65133 1.94322
      vertex 0.445168 1.66139 1.94147
    endloop
  endfacet
  facet normal -0.290235 -0.956955 2.64553e-06
    outer loop
      vertex 0.478333 1.65133 1.94322
      vertex 0.54704 1.63049 1.27425
      vertex 0.552876 1.62872 1.27455
    endloop
  endfacet
  facet normal -0.290263 -0.956947 0
    outer loop
      vertex 0.54704 1.63049 1.27425
      vertex 0.445168 1.66139 1.94147
      vertex 0.445168 1.66139 1.26703
    endloop
  endfacet
  facet normal -0.290331 -0.956926 0
    outer loop
      vertex 0.483924 1.64964 1.2436
      vertex 0.552876 1.62872 0.574636
      vertex 0.552876 1.62872 1.24849
    endloop
  endfacet
  facet normal -0.290138 -0.956985 1.696e-05
    outer loop
      vertex 0.55259 1.62881 0.574621
      vertex 0.483924 1.64964 1.2436
      vertex 0.445168 1.66139 1.24155
    endloop
  endfacet
  facet normal -0.300121 -0.953901 -0.00110367
    outer loop
      vertex 0.483924 1.64964 1.2436
      vertex 0.55259 1.62881 0.574621
      vertex 0.552876 1.62872 0.574636
    endloop
  endfacet
  facet normal -0.290235 -0.956955 0
    outer loop
      vertex 0.55259 1.62881 0.574621
      vertex 0.445168 1.66139 1.24155
      vertex 0.445168 1.66139 0.567017
    endloop
  endfacet
  facet normal -0.290329 -0.956927 0
    outer loop
      vertex 0.47275 1.65303 2.64285
      vertex 0.552876 1.62872 1.97447
      vertex 0.552876 1.62872 2.64853
    endloop
  endfacet
  facet normal -0.290066 -0.957007 2.50278e-05
    outer loop
      vertex 0.541482 1.63218 1.97387
      vertex 0.47275 1.65303 2.64285
      vertex 0.445168 1.66139 2.64139
    endloop
  endfacet
  facet normal -0.290565 -0.956855 -3.09421e-05
    outer loop
      vertex 0.47275 1.65303 2.64285
      vertex 0.541482 1.63218 1.97387
      vertex 0.552876 1.62872 1.97447
    endloop
  endfacet
  facet normal -0.290225 -0.956958 0
    outer loop
      vertex 0.541482 1.63218 1.97387
      vertex 0.445168 1.66139 2.64139
      vertex 0.445168 1.66139 1.96705
    endloop
  endfacet
  facet normal -0.290261 -0.956947 6.72858e-06
    outer loop
      vertex 0.535918 1.63386 2.67349
      vertex 0.552876 1.62872 3.2
      vertex 0.445168 1.66139 3.2
    endloop
  endfacet
  facet normal -0.29007 -0.957005 -0
    outer loop
      vertex 0.552876 1.62872 3.2
      vertex 0.535918 1.63386 2.67349
      vertex 0.552876 1.62872 2.67439
    endloop
  endfacet
  facet normal -0.290297 -0.956937 0
    outer loop
      vertex 0.535918 1.63386 2.67349
      vertex 0.445168 1.66139 3.2
      vertex 0.445168 1.66139 2.66706
    endloop
  endfacet
  facet normal 0.528027 0.849228 1.15759e-06
    outer loop
      vertex -0.955581 -1.43013 0
      vertex -0.941927 -1.43862 0.226995
      vertex -0.86 -1.48956 0.220531
    endloop
  endfacet
  facet normal 0.528029 0.849226 0
    outer loop
      vertex -0.955581 -1.43013 0
      vertex -0.86 -1.48956 0.220531
      vertex -0.86 -1.48956 0
    endloop
  endfacet
  facet normal 0.528041 0.849219 0
    outer loop
      vertex -0.941927 -1.43862 0.226995
      vertex -0.955581 -1.43013 0
      vertex -0.955581 -1.43013 0.227818
    endloop
  endfacet
  facet normal 0.528073 0.849199 -8.76967e-06
    outer loop
      vertex -0.955581 -1.43013 0.25353
      vertex -0.936964 -1.4417 0.926616
      vertex -0.86 -1.48956 0.920546
    endloop
  endfacet
  facet normal 0.527844 0.849341 0
    outer loop
      vertex -0.936964 -1.4417 0.926616
      vertex -0.955581 -1.43013 0.25353
      vertex -0.955581 -1.43013 0.927737
    endloop
  endfacet
  facet normal 0.528029 0.849226 0
    outer loop
      vertex -0.955581 -1.43013 0.25353
      vertex -0.86 -1.48956 0.920546
      vertex -0.86 -1.48956 0.24596
    endloop
  endfacet
  facet normal 0.528052 0.849212 -4.56025e-06
    outer loop
      vertex -0.955581 -1.43013 0.953546
      vertex -0.931999 -1.44479 1.62623
      vertex -0.86 -1.48956 1.62056
    endloop
  endfacet
  facet normal 0.527958 0.84927 0
    outer loop
      vertex -0.931999 -1.44479 1.62623
      vertex -0.955581 -1.43013 0.953546
      vertex -0.955581 -1.43013 1.62765
    endloop
  endfacet
  facet normal 0.528029 0.849226 0
    outer loop
      vertex -0.955581 -1.43013 0.953546
      vertex -0.86 -1.48956 1.62056
      vertex -0.86 -1.48956 0.945972
    endloop
  endfacet
  facet normal 0.528044 0.849217 -3.07546e-06
    outer loop
      vertex -0.955581 -1.43013 1.65356
      vertex -0.927031 -1.44788 2.32586
      vertex -0.86 -1.48956 2.32058
    endloop
  endfacet
  facet normal 0.527992 0.849249 0
    outer loop
      vertex -0.927031 -1.44788 2.32586
      vertex -0.955581 -1.43013 1.65356
      vertex -0.955581 -1.43013 2.32757
    endloop
  endfacet
  facet normal 0.528029 0.849226 0
    outer loop
      vertex -0.955581 -1.43013 1.65356
      vertex -0.86 -1.48956 2.32058
      vertex -0.86 -1.48956 1.64598
    endloop
  endfacet
  facet normal 0.52806 0.849207 -6.17566e-06
    outer loop
      vertex -0.955581 -1.43013 2.35358
      vertex -0.922059 -1.45097 3.02547
      vertex -0.86 -1.48956 3.02059
    endloop
  endfacet
  facet normal 0.527971 0.849263 0
    outer loop
      vertex -0.922059 -1.45097 3.02547
      vertex -0.955581 -1.43013 2.35358
      vertex -0.955581 -1.43013 3.02749
    endloop
  endfacet
  facet normal 0.528029 0.849226 0
    outer loop
      vertex -0.955581 -1.43013 2.35358
      vertex -0.86 -1.48956 3.02059
      vertex -0.86 -1.48956 2.346
    endloop
  endfacet
  facet normal 0.528029 0.849226 0
    outer loop
      vertex -0.86 -1.48956 3.2
      vertex -0.955581 -1.43013 3.0536
      vertex -0.955581 -1.43013 3.2
    endloop
  endfacet
  facet normal 0.528029 0.849226 0
    outer loop
      vertex -0.955581 -1.43013 3.0536
      vertex -0.86 -1.48956 3.2
      vertex -0.86 -1.48956 3.04601
    endloop
  endfacet
  facet normal 0.986633 0.162961 0
    outer loop
      vertex -1.69116 -0.310053 0.316613
      vertex -1.70529 -0.224504 0
      vertex -1.70529 -0.224504 0.322494
    endloop
  endfacet
  facet normal 0.986646 0.162881 -0
    outer loop
      vertex -1.68695 -0.335555 0
      vertex -1.69116 -0.310053 0.316613
      vertex -1.68695 -0.335555 0.315308
    endloop
  endfacet
  facet normal 0.986636 0.162942 -5.10629e-06
    outer loop
      vertex -1.69116 -0.310053 0.316613
      vertex -1.68695 -0.335555 0
      vertex -1.70529 -0.224504 0
    endloop
  endfacet
  facet normal 0.986631 0.162969 0
    outer loop
      vertex -1.69021 -0.3158 1.01624
      vertex -1.70529 -0.224504 0.348304
      vertex -1.70529 -0.224504 1.02251
    endloop
  endfacet
  facet normal 0.98657 0.163338 5.18952e-05
    outer loop
      vertex -1.70529 -0.224504 0.348304
      vertex -1.69021 -0.3158 1.01624
      vertex -1.70191 -0.244919 0.347261
    endloop
  endfacet
  facet normal 0.986656 0.16282 -4.56227e-06
    outer loop
      vertex -1.68695 -0.335555 1.01523
      vertex -1.70191 -0.244919 0.347261
      vertex -1.69021 -0.3158 1.01624
    endloop
  endfacet
  facet normal 0.98665 0.162852 0
    outer loop
      vertex -1.70191 -0.244919 0.347261
      vertex -1.68695 -0.335555 1.01523
      vertex -1.68695 -0.335555 0.341032
    endloop
  endfacet
  facet normal 0.986628 0.162991 0
    outer loop
      vertex -1.68926 -0.321538 1.71586
      vertex -1.70529 -0.224504 1.04822
      vertex -1.70529 -0.224504 1.72253
    endloop
  endfacet
  facet normal 0.986638 0.162925 -9.75413e-06
    outer loop
      vertex -1.70529 -0.224504 1.04822
      vertex -1.68926 -0.321538 1.71586
      vertex -1.70097 -0.250665 1.04689
    endloop
  endfacet
  facet normal 0.986691 0.162609 -4.42107e-05
    outer loop
      vertex -1.68695 -0.335555 1.71514
      vertex -1.70097 -0.250665 1.04689
      vertex -1.68926 -0.321538 1.71586
    endloop
  endfacet
  facet normal 0.986635 0.162948 0
    outer loop
      vertex -1.70097 -0.250665 1.04689
      vertex -1.68695 -0.335555 1.71514
      vertex -1.68695 -0.335555 1.04105
    endloop
  endfacet
  facet normal 0.986638 0.162926 0
    outer loop
      vertex -1.68832 -0.32727 2.41549
      vertex -1.70529 -0.224504 1.74814
      vertex -1.70529 -0.224504 2.42254
    endloop
  endfacet
  facet normal 0.986639 0.16292 -9.52811e-07
    outer loop
      vertex -1.70529 -0.224504 1.74814
      vertex -1.68832 -0.32727 2.41549
      vertex -1.70002 -0.256419 1.74651
    endloop
  endfacet
  facet normal 0.986603 0.163142 2.32569e-05
    outer loop
      vertex -1.68695 -0.335555 2.41506
      vertex -1.70002 -0.256419 1.74651
      vertex -1.68832 -0.32727 2.41549
    endloop
  endfacet
  facet normal 0.986634 0.162951 0
    outer loop
      vertex -1.70002 -0.256419 1.74651
      vertex -1.68695 -0.335555 2.41506
      vertex -1.68695 -0.335555 1.74106
    endloop
  endfacet
  facet normal 0.986632 0.162965 0
    outer loop
      vertex -1.68737 -0.332996 3.11511
      vertex -1.70529 -0.224504 2.44806
      vertex -1.70529 -0.224504 3.12256
    endloop
  endfacet
  facet normal 0.986604 0.163136 2.85495e-05
    outer loop
      vertex -1.70529 -0.224504 2.44806
      vertex -1.68737 -0.332996 3.11511
      vertex -1.69906 -0.262181 2.44613
    endloop
  endfacet
  facet normal 0.986797 0.161965 -9.88502e-05
    outer loop
      vertex -1.68695 -0.335555 3.11498
      vertex -1.69906 -0.262181 2.44613
      vertex -1.68737 -0.332996 3.11511
    endloop
  endfacet
  facet normal 0.986652 0.162842 0
    outer loop
      vertex -1.69906 -0.262181 2.44613
      vertex -1.68695 -0.335555 3.11498
      vertex -1.68695 -0.335555 2.44108
    endloop
  endfacet
  facet normal 0.986316 0.164864 0
    outer loop
      vertex -1.70529 -0.224504 3.2
      vertex -1.70506 -0.22588 3.14791
      vertex -1.70529 -0.224504 3.148
    endloop
  endfacet
  facet normal 0.986628 0.162989 5.08991e-05
    outer loop
      vertex -1.70529 -0.224504 3.2
      vertex -1.69811 -0.26795 3.14575
      vertex -1.70506 -0.22588 3.14791
    endloop
  endfacet
  facet normal 0.986636 0.162942 8.95069e-05
    outer loop
      vertex -1.68695 -0.335555 3.2
      vertex -1.69811 -0.26795 3.14575
      vertex -1.70529 -0.224504 3.2
    endloop
  endfacet
  facet normal 0.986647 0.162872 0
    outer loop
      vertex -1.69811 -0.26795 3.14575
      vertex -1.68695 -0.335555 3.2
      vertex -1.68695 -0.335555 3.1411
    endloop
  endfacet
  facet normal -0.910897 0.412634 0
    outer loop
      vertex 1.58907 -0.658215 0
      vertex 1.56713 -0.706648 0.0346001
      vertex 1.58907 -0.658215 0.0310544
    endloop
  endfacet
  facet normal -0.910869 0.412695 0.000103255
    outer loop
      vertex 1.54262 -0.760736 0
      vertex 1.56713 -0.706648 0.0346001
      vertex 1.58907 -0.658215 0
    endloop
  endfacet
  facet normal -0.91084 0.412759 -1.73133e-05
    outer loop
      vertex 1.56713 -0.706648 0.0346001
      vertex 1.54262 -0.760736 0
      vertex 1.54954 -0.745464 0.0367706
    endloop
  endfacet
  facet normal -0.910856 0.412724 0
    outer loop
      vertex 1.54954 -0.745464 0.0367706
      vertex 1.54262 -0.760736 0
      vertex 1.54262 -0.760736 0.0379111
    endloop
  endfacet
  facet normal -0.910869 0.412695 0
    outer loop
      vertex 1.54262 -0.760736 0.0640719
      vertex 1.58907 -0.658215 0.731068
      vertex 1.58907 -0.658215 0.0564736
    endloop
  endfacet
  facet normal -0.910876 0.41268 2.76861e-06
    outer loop
      vertex 1.58907 -0.658215 0.731068
      vertex 1.54262 -0.760736 0.0640719
      vertex 1.56955 -0.7013 0.73422
    endloop
  endfacet
  facet normal -0.910837 0.412767 -6.54023e-06
    outer loop
      vertex 1.56955 -0.7013 0.73422
      vertex 1.54262 -0.760736 0.0640719
      vertex 1.55198 -0.740071 0.736387
    endloop
  endfacet
  facet normal -0.910917 0.41259 0
    outer loop
      vertex 1.55198 -0.740071 0.736387
      vertex 1.54262 -0.760736 0.0640719
      vertex 1.54262 -0.760736 0.73793
    endloop
  endfacet
  facet normal -0.910869 0.412695 0
    outer loop
      vertex 1.54262 -0.760736 0.76409
      vertex 1.58907 -0.658215 1.43108
      vertex 1.58907 -0.658215 0.756488
    endloop
  endfacet
  facet normal -0.910923 0.412576 2.19748e-05
    outer loop
      vertex 1.58907 -0.658215 1.43108
      vertex 1.54262 -0.760736 0.76409
      vertex 1.57198 -0.695948 1.43384
    endloop
  endfacet
  facet normal -0.910797 0.412855 -1.04832e-05
    outer loop
      vertex 1.57198 -0.695948 1.43384
      vertex 1.54262 -0.760736 0.76409
      vertex 1.55442 -0.734687 1.436
    endloop
  endfacet
  facet normal -0.910899 0.41263 0
    outer loop
      vertex 1.55442 -0.734687 1.436
      vertex 1.54262 -0.760736 0.76409
      vertex 1.54262 -0.760736 1.43795
    endloop
  endfacet
  facet normal -0.910869 0.412695 0
    outer loop
      vertex 1.54262 -0.760736 1.46411
      vertex 1.58907 -0.658215 2.13109
      vertex 1.58907 -0.658215 1.4565
    endloop
  endfacet
  facet normal -0.910857 0.412721 -4.91653e-06
    outer loop
      vertex 1.58907 -0.658215 2.13109
      vertex 1.54262 -0.760736 1.46411
      vertex 1.5744 -0.690591 2.13346
    endloop
  endfacet
  facet normal -0.910893 0.412642 5.11983e-06
    outer loop
      vertex 1.5744 -0.690591 2.13346
      vertex 1.54262 -0.760736 1.46411
      vertex 1.55686 -0.72931 2.13562
    endloop
  endfacet
  facet normal -0.910852 0.412733 0
    outer loop
      vertex 1.55686 -0.72931 2.13562
      vertex 1.54262 -0.760736 1.46411
      vertex 1.54262 -0.760736 2.13797
    endloop
  endfacet
  facet normal -0.910869 0.412695 0
    outer loop
      vertex 1.54262 -0.760736 2.16413
      vertex 1.58907 -0.658215 2.83111
      vertex 1.58907 -0.658215 2.15652
    endloop
  endfacet
  facet normal -0.910874 0.412685 1.80764e-06
    outer loop
      vertex 1.58907 -0.658215 2.83111
      vertex 1.54262 -0.760736 2.16413
      vertex 1.57683 -0.685231 2.83308
    endloop
  endfacet
  facet normal -0.910857 0.412721 -3.097e-06
    outer loop
      vertex 1.57683 -0.685231 2.83308
      vertex 1.54262 -0.760736 2.16413
      vertex 1.55929 -0.723941 2.83524
    endloop
  endfacet
  facet normal -0.910879 0.412674 0
    outer loop
      vertex 1.55929 -0.723941 2.83524
      vertex 1.54262 -0.760736 2.16413
      vertex 1.54262 -0.760736 2.83798
    endloop
  endfacet
  facet normal -0.910869 0.412695 0
    outer loop
      vertex 1.54262 -0.760736 2.86414
      vertex 1.58907 -0.658215 3.2
      vertex 1.58907 -0.658215 2.85653
    endloop
  endfacet
  facet normal -0.910869 0.412695 0
    outer loop
      vertex 1.58907 -0.658215 3.2
      vertex 1.54262 -0.760736 2.86414
      vertex 1.54262 -0.760736 3.2
    endloop
  endfacet
  facet normal 0.772963 -0.634451 0
    outer loop
      vertex -1.36457 1.04707 0.409997
      vertex -1.29316 1.13407 0
      vertex -1.29316 1.13407 0.417571
    endloop
  endfacet
  facet normal 0.772963 -0.634451 0
    outer loop
      vertex -1.29316 1.13407 0
      vertex -1.36457 1.04707 0.409997
      vertex -1.36457 1.04707 0
    endloop
  endfacet
  facet normal 0.772963 -0.634451 0
    outer loop
      vertex -1.36457 1.04707 1.81003
      vertex -1.29316 1.13407 1.14301
      vertex -1.29316 1.13407 1.8176
    endloop
  endfacet
  facet normal 0.772984 -0.634426 5.59904e-06
    outer loop
      vertex -1.29316 1.13407 1.14301
      vertex -1.36457 1.04707 1.81003
      vertex -1.35479 1.05898 1.1365
    endloop
  endfacet
  facet normal 0.772829 -0.634615 0
    outer loop
      vertex -1.35479 1.05898 1.1365
      vertex -1.36457 1.04707 1.81003
      vertex -1.36457 1.04707 1.13571
    endloop
  endfacet
  facet normal 0.772963 -0.634451 0
    outer loop
      vertex -1.36457 1.04707 1.11001
      vertex -1.29316 1.13407 0.442996
      vertex -1.29316 1.13407 1.11758
    endloop
  endfacet
  facet normal 0.772932 -0.634489 -8.2208e-06
    outer loop
      vertex -1.29316 1.13407 0.442996
      vertex -1.36457 1.04707 1.11001
      vertex -1.35109 1.0635 0.436882
    endloop
  endfacet
  facet normal 0.773097 -0.634288 0
    outer loop
      vertex -1.35109 1.0635 0.436882
      vertex -1.36457 1.04707 1.11001
      vertex -1.36457 1.04707 0.435795
    endloop
  endfacet
  facet normal 0.772963 -0.634451 0
    outer loop
      vertex -1.36457 1.04707 2.51005
      vertex -1.29316 1.13407 1.84303
      vertex -1.29316 1.13407 2.51761
    endloop
  endfacet
  facet normal 0.772944 -0.634474 -4.95182e-06
    outer loop
      vertex -1.29316 1.13407 1.84303
      vertex -1.36457 1.04707 2.51005
      vertex -1.3585 1.05447 1.83612
    endloop
  endfacet
  facet normal 0.773165 -0.634205 0
    outer loop
      vertex -1.3585 1.05447 1.83612
      vertex -1.36457 1.04707 2.51005
      vertex -1.36457 1.04707 1.83563
    endloop
  endfacet
  facet normal 0.772963 -0.634451 0
    outer loop
      vertex -1.36457 1.04707 3.2
      vertex -1.29316 1.13407 2.54304
      vertex -1.29316 1.13407 3.2
    endloop
  endfacet
  facet normal 0.77299 -0.634418 7.31801e-06
    outer loop
      vertex -1.29316 1.13407 2.54304
      vertex -1.36457 1.04707 3.2
      vertex -1.3622 1.04995 2.53574
    endloop
  endfacet
  facet normal 0.772162 -0.635425 0
    outer loop
      vertex -1.3622 1.04995 2.53574
      vertex -1.36457 1.04707 3.2
      vertex -1.36457 1.04707 2.53555
    endloop
  endfacet
  facet normal 0.528029 -0.849226 0
    outer loop
      vertex -0.86 1.48956 0
      vertex -0.955581 1.43013 0.446518
      vertex -0.955581 1.43013 0
    endloop
  endfacet
  facet normal 0.528029 -0.849226 0
    outer loop
      vertex -0.955581 1.43013 0.446518
      vertex -0.86 1.48956 0
      vertex -0.86 1.48956 0.454076
    endloop
  endfacet
  facet normal 0.528028 -0.849227 -1.75681e-07
    outer loop
      vertex -0.86 1.48956 0.479515
      vertex -0.861206 1.48881 1.15399
      vertex -0.955581 1.43013 1.14653
    endloop
  endfacet
  facet normal 0.528099 -0.849183 0
    outer loop
      vertex -0.861206 1.48881 1.15399
      vertex -0.86 1.48956 0.479515
      vertex -0.86 1.48956 1.15406
    endloop
  endfacet
  facet normal 0.528029 -0.849226 0
    outer loop
      vertex -0.86 1.48956 0.479515
      vertex -0.955581 1.43013 1.14653
      vertex -0.955581 1.43013 0.471959
    endloop
  endfacet
  facet normal 0.528038 -0.849221 1.86446e-06
    outer loop
      vertex -0.86 1.48956 1.17953
      vertex -0.866162 1.48573 1.85361
      vertex -0.955581 1.43013 1.84655
    endloop
  endfacet
  facet normal 0.527891 -0.849312 0
    outer loop
      vertex -0.866162 1.48573 1.85361
      vertex -0.86 1.48956 1.17953
      vertex -0.86 1.48956 1.85398
    endloop
  endfacet
  facet normal 0.528029 -0.849226 0
    outer loop
      vertex -0.86 1.48956 1.17953
      vertex -0.955581 1.43013 1.84655
      vertex -0.955581 1.43013 1.17197
    endloop
  endfacet
  facet normal 0.528063 -0.849205 6.80161e-06
    outer loop
      vertex -0.86 1.48956 1.87955
      vertex -0.871121 1.48265 2.55323
      vertex -0.955581 1.43013 2.54656
    endloop
  endfacet
  facet normal 0.527766 -0.84939 0
    outer loop
      vertex -0.871121 1.48265 2.55323
      vertex -0.86 1.48956 1.87955
      vertex -0.86 1.48956 2.5539
    endloop
  endfacet
  facet normal 0.528029 -0.849226 0
    outer loop
      vertex -0.86 1.48956 1.87955
      vertex -0.955581 1.43013 2.54656
      vertex -0.955581 1.43013 1.87198
    endloop
  endfacet
  facet normal 0.528029 -0.849226 0
    outer loop
      vertex -0.955581 1.43013 3.2
      vertex -0.86 1.48956 2.57956
      vertex -0.86 1.48956 3.2
    endloop
  endfacet
  facet normal 0.528029 -0.849226 0
    outer loop
      vertex -0.86 1.48956 2.57956
      vertex -0.955581 1.43013 3.2
      vertex -0.955581 1.43013 2.572
    endloop
  endfacet
  facet normal 0.352275 0.935897 0
    outer loop
      vertex -0.658215 -1.58907 0
      vertex -0.552876 -1.62872 0.198468
      vertex -0.552876 -1.62872 0
    endloop
  endfacet
  facet normal 0.352275 0.935897 0
    outer loop
      vertex -0.552876 -1.62872 0.198468
      vertex -0.658215 -1.58907 0
      vertex -0.658215 -1.58907 0.206058
    endloop
  endfacet
  facet normal 0.352275 0.935897 0
    outer loop
      vertex -0.552876 -1.62872 0.898485
      vertex -0.658215 -1.58907 0.231477
      vertex -0.658215 -1.58907 0.906072
    endloop
  endfacet
  facet normal 0.352299 0.935888 -4.28526e-06
    outer loop
      vertex -0.552876 -1.62872 0.898485
      vertex -0.595415 -1.61271 0.226995
      vertex -0.658215 -1.58907 0.231477
    endloop
  endfacet
  facet normal 0.352235 0.935912 3.36129e-07
    outer loop
      vertex -0.552876 -1.62872 0.898485
      vertex -0.555373 -1.62778 0.224812
      vertex -0.595415 -1.61271 0.226995
    endloop
  endfacet
  facet normal 0.352314 0.935882 0
    outer loop
      vertex -0.555373 -1.62778 0.224812
      vertex -0.552876 -1.62872 0.898485
      vertex -0.552876 -1.62872 0.224631
    endloop
  endfacet
  facet normal 0.352275 0.935897 0
    outer loop
      vertex -0.552876 -1.62872 1.5985
      vertex -0.658215 -1.58907 0.931492
      vertex -0.658215 -1.58907 1.60608
    endloop
  endfacet
  facet normal 0.352256 0.935904 3.43408e-06
    outer loop
      vertex -0.552876 -1.62872 1.5985
      vertex -0.589933 -1.61477 0.926616
      vertex -0.658215 -1.58907 0.931492
    endloop
  endfacet
  facet normal 0.352311 0.935883 0
    outer loop
      vertex -0.589933 -1.61477 0.926616
      vertex -0.552876 -1.62872 1.5985
      vertex -0.552876 -1.62872 0.924594
    endloop
  endfacet
  facet normal 0.352275 0.935897 0
    outer loop
      vertex -0.552876 -1.62872 2.29852
      vertex -0.658215 -1.58907 1.63151
      vertex -0.658215 -1.58907 2.3061
    endloop
  endfacet
  facet normal 0.352232 0.935913 7.76881e-06
    outer loop
      vertex -0.552876 -1.62872 2.29852
      vertex -0.584454 -1.61683 1.62623
      vertex -0.658215 -1.58907 1.63151
    endloop
  endfacet
  facet normal 0.352377 0.935858 0
    outer loop
      vertex -0.584454 -1.61683 1.62623
      vertex -0.552876 -1.62872 2.29852
      vertex -0.552876 -1.62872 1.62451
    endloop
  endfacet
  facet normal 0.352275 0.935897 0
    outer loop
      vertex -0.552876 -1.62872 2.99854
      vertex -0.658215 -1.58907 2.33152
      vertex -0.658215 -1.58907 3.00611
    endloop
  endfacet
  facet normal 0.352227 0.935915 8.72767e-06
    outer loop
      vertex -0.552876 -1.62872 2.99854
      vertex -0.578979 -1.61889 2.32586
      vertex -0.658215 -1.58907 2.33152
    endloop
  endfacet
  facet normal 0.352424 0.935841 0
    outer loop
      vertex -0.578979 -1.61889 2.32586
      vertex -0.552876 -1.62872 2.99854
      vertex -0.552876 -1.62872 2.32443
    endloop
  endfacet
  facet normal 0.352275 0.935897 2.56836e-05
    outer loop
      vertex -0.573506 -1.62095 3.02547
      vertex -0.658215 -1.58907 3.2
      vertex -0.552876 -1.62872 3.2
    endloop
  endfacet
  facet normal 0.352229 0.935914 0
    outer loop
      vertex -0.658215 -1.58907 3.2
      vertex -0.573506 -1.62095 3.02547
      vertex -0.658215 -1.58907 3.03154
    endloop
  endfacet
  facet normal 0.352465 0.935825 0
    outer loop
      vertex -0.573506 -1.62095 3.02547
      vertex -0.552876 -1.62872 3.2
      vertex -0.552876 -1.62872 3.02435
    endloop
  endfacet
  facet normal 0.471413 0.881913 0
    outer loop
      vertex -0.86 -1.48956 0
      vertex -0.760736 -1.54262 0.212916
      vertex -0.760736 -1.54262 0
    endloop
  endfacet
  facet normal 0.471413 0.881913 0
    outer loop
      vertex -0.760736 -1.54262 0.212916
      vertex -0.86 -1.48956 0
      vertex -0.86 -1.48956 0.220531
    endloop
  endfacet
  facet normal 0.471413 0.881913 0
    outer loop
      vertex -0.760736 -1.54262 0.912934
      vertex -0.86 -1.48956 0.24596
      vertex -0.86 -1.48956 0.920546
    endloop
  endfacet
  facet normal 0.471625 0.881799 -4.05808e-05
    outer loop
      vertex -0.760736 -1.54262 0.912934
      vertex -0.840443 -1.50002 0.244487
      vertex -0.86 -1.48956 0.24596
    endloop
  endfacet
  facet normal 0.471265 0.881992 1.45072e-05
    outer loop
      vertex -0.760736 -1.54262 0.912934
      vertex -0.802956 -1.52005 0.24233
      vertex -0.840443 -1.50002 0.244487
    endloop
  endfacet
  facet normal 0.471444 0.881896 0
    outer loop
      vertex -0.802956 -1.52005 0.24233
      vertex -0.760736 -1.54262 0.912934
      vertex -0.760736 -1.54262 0.239077
    endloop
  endfacet
  facet normal 0.471413 0.881913 0
    outer loop
      vertex -0.760736 -1.54262 1.61295
      vertex -0.86 -1.48956 0.945972
      vertex -0.86 -1.48956 1.62056
    endloop
  endfacet
  facet normal 0.471391 0.881924 4.14171e-06
    outer loop
      vertex -0.760736 -1.54262 1.61295
      vertex -0.835248 -1.50279 0.944106
      vertex -0.86 -1.48956 0.945972
    endloop
  endfacet
  facet normal 0.471515 0.881858 -1.37048e-05
    outer loop
      vertex -0.760736 -1.54262 1.61295
      vertex -0.797768 -1.52283 0.941948
      vertex -0.835248 -1.50279 0.944106
    endloop
  endfacet
  facet normal 0.471322 0.881961 0
    outer loop
      vertex -0.797768 -1.52283 0.941948
      vertex -0.760736 -1.54262 1.61295
      vertex -0.760736 -1.54262 0.939094
    endloop
  endfacet
  facet normal 0.471413 0.881913 0
    outer loop
      vertex -0.760736 -1.54262 2.31297
      vertex -0.86 -1.48956 1.64598
      vertex -0.86 -1.48956 2.32058
    endloop
  endfacet
  facet normal 0.471513 0.881859 -1.92598e-05
    outer loop
      vertex -0.760736 -1.54262 2.31297
      vertex -0.830057 -1.50557 1.64373
      vertex -0.86 -1.48956 1.64598
    endloop
  endfacet
  facet normal 0.471285 0.881981 1.11704e-05
    outer loop
      vertex -0.760736 -1.54262 2.31297
      vertex -0.792572 -1.5256 1.64157
      vertex -0.830057 -1.50557 1.64373
    endloop
  endfacet
  facet normal 0.471468 0.881883 0
    outer loop
      vertex -0.792572 -1.5256 1.64157
      vertex -0.760736 -1.54262 2.31297
      vertex -0.760736 -1.54262 1.63911
    endloop
  endfacet
  facet normal 0.471413 0.881913 0
    outer loop
      vertex -0.760736 -1.54262 3.01299
      vertex -0.86 -1.48956 2.346
      vertex -0.86 -1.48956 3.02059
    endloop
  endfacet
  facet normal 0.471448 0.881894 -6.70398e-06
    outer loop
      vertex -0.760736 -1.54262 3.01299
      vertex -0.82487 -1.50834 2.34335
      vertex -0.86 -1.48956 2.346
    endloop
  endfacet
  facet normal 0.471493 0.88187 -1.23078e-05
    outer loop
      vertex -0.760736 -1.54262 3.01299
      vertex -0.787369 -1.52839 2.34118
      vertex -0.82487 -1.50834 2.34335
    endloop
  endfacet
  facet normal 0.471252 0.881999 0
    outer loop
      vertex -0.787369 -1.52839 2.34118
      vertex -0.760736 -1.54262 3.01299
      vertex -0.760736 -1.54262 2.33913
    endloop
  endfacet
  facet normal 0.471413 0.881913 -7.43554e-06
    outer loop
      vertex -0.819687 -1.51111 3.04297
      vertex -0.86 -1.48956 3.2
      vertex -0.760736 -1.54262 3.2
    endloop
  endfacet
  facet normal 0.471435 0.881901 0
    outer loop
      vertex -0.86 -1.48956 3.2
      vertex -0.819687 -1.51111 3.04297
      vertex -0.86 -1.48956 3.04601
    endloop
  endfacet
  facet normal 0.471403 0.881918 -2.67603e-06
    outer loop
      vertex -0.760736 -1.54262 3.2
      vertex -0.782158 -1.53117 3.0408
      vertex -0.819687 -1.51111 3.04297
    endloop
  endfacet
  facet normal 0.471387 0.881926 0
    outer loop
      vertex -0.782158 -1.53117 3.0408
      vertex -0.760736 -1.54262 3.2
      vertex -0.760736 -1.54262 3.03915
    endloop
  endfacet
  facet normal -0.979449 -0.00333765 -0.201664
    outer loop
      vertex 2.20042 -0.143481 0
      vertex 2.19705 -0.188323 0.0171097
      vertex 2.19942 0.149974 0
    endloop
  endfacet
  facet normal -0.967745 0.149968 0.202433
    outer loop
      vertex 2.19942 -0.149934 0
      vertex 2.19705 -0.188323 0.0171097
      vertex 2.20042 -0.143481 0
    endloop
  endfacet
  facet normal -0.967842 0.149817 0.202082
    outer loop
      vertex 2.19705 -0.188323 0.0171097
      vertex 2.19942 -0.149934 0
      vertex 2.15116 -0.484779 0.0171097
    endloop
  endfacet
  facet normal -0.0058109 -0.0676871 -0.99769
    outer loop
      vertex 2.18754 0.152914 0
      vertex 1.71911 -0.0271685 0.0149458
      vertex 1.72 0 0.0130974
    endloop
  endfacet
  facet normal -0.00581118 -0.0676863 -0.99769
    outer loop
      vertex 1.71632 0.112493 0.00548697
      vertex 2.18754 0.152914 0
      vertex 1.72 0 0.0130974
    endloop
  endfacet
  facet normal -0.00581106 -0.0676877 -0.99769
    outer loop
      vertex 2.18754 0.152914 0
      vertex 1.71632 0.112493 0.00548697
      vertex 1.70828 0.194059 0
    endloop
  endfacet
  facet normal -0.0124777 -0.0504203 -0.99865
    outer loop
      vertex 2.19705 -0.188323 0.0171097
      vertex 2.18754 0.152914 0
      vertex 2.19942 0.149974 0
    endloop
  endfacet
  facet normal -0.0124796 -0.0504203 -0.99865
    outer loop
      vertex 2.19705 -0.188323 0.0171097
      vertex 1.71911 -0.0271685 0.0149458
      vertex 2.18754 0.152914 0
    endloop
  endfacet
  facet normal -0.0124801 -0.0504218 -0.99865
    outer loop
      vertex 1.71911 -0.0271685 0.0149458
      vertex 2.19705 -0.188323 0.0171097
      vertex 1.71772 -0.0696825 0.0171097
    endloop
  endfacet
  facet normal -0.00479606 0.0517189 0.99865
    outer loop
      vertex 1.70529 -0.224504 0.00148881
      vertex 2.19942 -0.149934 0
      vertex 1.70814 -0.195492 0
    endloop
  endfacet
  facet normal -0.00479576 0.0517169 0.99865
    outer loop
      vertex 1.70428 -0.230582 0.00179872
      vertex 2.19942 -0.149934 0
      vertex 1.70529 -0.224504 0.00148881
    endloop
  endfacet
  facet normal -0.00479621 0.0517197 0.99865
    outer loop
      vertex 2.19942 -0.149934 0
      vertex 1.70428 -0.230582 0.00179872
      vertex 2.15116 -0.484779 0.0171097
    endloop
  endfacet
  facet normal 0.00438058 0.0677947 0.99769
    outer loop
      vertex 1.68695 -0.335555 0.0090079
      vertex 2.15116 -0.484779 0.0171097
      vertex 1.70428 -0.230582 0.00179872
    endloop
  endfacet
  facet normal 0.00438055 0.0677946 0.99769
    outer loop
      vertex 1.66139 -0.445168 0.0165685
      vertex 2.15116 -0.484779 0.0171097
      vertex 1.68695 -0.335555 0.0090079
    endloop
  endfacet
  facet normal 0.00438011 0.0677892 0.99769
    outer loop
      vertex 2.15116 -0.484779 0.0171097
      vertex 1.66139 -0.445168 0.0165685
      vertex 1.65902 -0.45298 0.0171097
    endloop
  endfacet
  facet normal -0.967809 0.149812 -0.202241
    outer loop
      vertex 2.15116 -0.484779 0.0171097
      vertex 2.14058 -0.529516 0.0346001
      vertex 2.19705 -0.188323 0.0171097
    endloop
  endfacet
  facet normal -0.932623 0.299343 0.201514
    outer loop
      vertex 2.15116 -0.484779 0.0171097
      vertex 2.0489 -0.815151 0.0346001
      vertex 2.14058 -0.529516 0.0346001
    endloop
  endfacet
  facet normal -0.0163224 -0.0659455 -0.99769
    outer loop
      vertex 2.19705 -0.188323 0.0171097
      vertex 1.71632 -0.112493 0.0199623
      vertex 1.71772 -0.0696825 0.0171097
    endloop
  endfacet
  facet normal -0.0163224 -0.0659457 -0.99769
    outer loop
      vertex 2.19705 -0.188323 0.0171097
      vertex 1.70529 -0.224504 0.0275465
      vertex 1.71632 -0.112493 0.0199623
    endloop
  endfacet
  facet normal -0.0163224 -0.0659452 -0.99769
    outer loop
      vertex 1.70529 -0.224504 0.0275465
      vertex 2.19705 -0.188323 0.0171097
      vertex 1.69354 -0.295657 0.0324418
    endloop
  endfacet
  facet normal -0.0202094 -0.0478485 -0.99865
    outer loop
      vertex 2.14058 -0.529516 0.0346001
      vertex 1.69354 -0.295657 0.0324418
      vertex 2.19705 -0.188323 0.0171097
    endloop
  endfacet
  facet normal -0.0202082 -0.0478462 -0.99865
    outer loop
      vertex 2.14058 -0.529516 0.0346001
      vertex 1.68695 -0.335555 0.0344867
      vertex 1.69354 -0.295657 0.0324418
    endloop
  endfacet
  facet normal -0.0202316 -0.047901 -0.998647
    outer loop
      vertex 1.68695 -0.335555 0.0344867
      vertex 2.14058 -0.529516 0.0346001
      vertex 1.68645 -0.337708 0.0346001
    endloop
  endfacet
  facet normal 0.00334906 0.051832 0.99865
    outer loop
      vertex 1.64666 -0.493725 0.0192659
      vertex 2.15116 -0.484779 0.0171097
      vertex 1.65902 -0.45298 0.0171097
    endloop
  endfacet
  facet normal 0.00334903 0.0518334 0.99865
    outer loop
      vertex 2.15116 -0.484779 0.0171097
      vertex 1.64666 -0.493725 0.0192659
      vertex 2.0489 -0.815151 0.0346001
    endloop
  endfacet
  facet normal 0.0149269 0.0662764 0.99769
    outer loop
      vertex 1.62872 -0.552876 0.0234637
      vertex 2.0489 -0.815151 0.0346001
      vertex 1.64666 -0.493725 0.0192659
    endloop
  endfacet
  facet normal 0.014926 0.066275 0.99769
    outer loop
      vertex 1.58907 -0.658215 0.0310544
      vertex 2.0489 -0.815151 0.0346001
      vertex 1.62872 -0.552876 0.0234637
    endloop
  endfacet
  facet normal 0.0149268 0.0662774 0.99769
    outer loop
      vertex 2.0489 -0.815151 0.0346001
      vertex 1.58907 -0.658215 0.0310544
      vertex 1.56713 -0.706648 0.0346001
    endloop
  endfacet
  facet normal -0.932633 0.299346 -0.201464
    outer loop
      vertex 2.0489 -0.815151 0.0346001
      vertex 2.03147 -0.857684 0.0520905
      vertex 2.14058 -0.529516 0.0346001
    endloop
  endfacet
  facet normal -0.874223 0.441411 0.202215
    outer loop
      vertex 2.0489 -0.815151 0.0346001
      vertex 1.89626 -1.12547 0.0520905
      vertex 2.03147 -0.857684 0.0520905
    endloop
  endfacet
  facet normal -0.0264321 -0.0625815 -0.99769
    outer loop
      vertex 2.14058 -0.529516 0.0346001
      vertex 1.66139 -0.445168 0.0420046
      vertex 1.68645 -0.337708 0.0346001
    endloop
  endfacet
  facet normal -0.0264323 -0.0625826 -0.99769
    outer loop
      vertex 2.14058 -0.529516 0.0346001
      vertex 1.62872 -0.552876 0.0496264
      vertex 1.66139 -0.445168 0.0420046
    endloop
  endfacet
  facet normal -0.0264307 -0.0626177 -0.997688
    outer loop
      vertex 1.62872 -0.552876 0.0496264
      vertex 2.14058 -0.529516 0.0346001
      vertex 1.62726 -0.556764 0.0499091
    endloop
  endfacet
  facet normal -0.0274423 -0.0441011 -0.99865
    outer loop
      vertex 2.03147 -0.857684 0.0520905
      vertex 1.62726 -0.556764 0.0499091
      vertex 2.14058 -0.529516 0.0346001
    endloop
  endfacet
  facet normal -0.02744 -0.044098 -0.99865
    outer loop
      vertex 1.62726 -0.556764 0.0499091
      vertex 2.03147 -0.857684 0.0520905
      vertex 1.61219 -0.596787 0.0520905
    endloop
  endfacet
  facet normal 0.0114119 0.0506707 0.99865
    outer loop
      vertex 1.54954 -0.745464 0.0367706
      vertex 2.0489 -0.815151 0.0346001
      vertex 1.56713 -0.706648 0.0346001
    endloop
  endfacet
  facet normal 0.0114123 0.0506731 0.99865
    outer loop
      vertex 2.0489 -0.815151 0.0346001
      vertex 1.54954 -0.745464 0.0367706
      vertex 1.89626 -1.12547 0.0520905
    endloop
  endfacet
  facet normal 0.0251075 0.06313 0.997689
    outer loop
      vertex 1.54262 -0.760736 0.0379111
      vertex 1.89626 -1.12547 0.0520905
      vertex 1.54954 -0.745464 0.0367706
    endloop
  endfacet
  facet normal 0.0251033 0.0631259 0.99769
    outer loop
      vertex 1.48956 -0.86 0.0455268
      vertex 1.89626 -1.12547 0.0520905
      vertex 1.54262 -0.760736 0.0379111
    endloop
  endfacet
  facet normal 0.0251058 0.0631298 0.997689
    outer loop
      vertex 1.89626 -1.12547 0.0520905
      vertex 1.48956 -0.86 0.0455268
      vertex 1.43785 -0.943167 0.0520905
    endloop
  endfacet
  facet normal -0.874345 0.441473 -0.201549
    outer loop
      vertex 1.89626 -1.12547 0.0520905
      vertex 1.87239 -1.16476 0.0695808
      vertex 2.03147 -0.857684 0.0520905
    endloop
  endfacet
  facet normal -0.794443 0.572678 0.202236
    outer loop
      vertex 1.89626 -1.12547 0.0520905
      vertex 1.69697 -1.40811 0.0695808
      vertex 1.87239 -1.16476 0.0695808
    endloop
  endfacet
  facet normal -0.0358914 -0.05768 -0.99769
    outer loop
      vertex 2.03147 -0.857684 0.0520905
      vertex 1.58907 -0.658215 0.0564736
      vertex 1.61219 -0.596787 0.0520905
    endloop
  endfacet
  facet normal -0.035892 -0.0576815 -0.99769
    outer loop
      vertex 2.03147 -0.857684 0.0520905
      vertex 1.54262 -0.760736 0.0640719
      vertex 1.58907 -0.658215 0.0564736
    endloop
  endfacet
  facet normal -0.0358914 -0.0576781 -0.99769
    outer loop
      vertex 1.54262 -0.760736 0.0640719
      vertex 2.03147 -0.857684 0.0520905
      vertex 1.51936 -0.804252 0.0674244
    endloop
  endfacet
  facet normal -0.0339992 -0.0392675 -0.99865
    outer loop
      vertex 1.87239 -1.16476 0.0695808
      vertex 1.51936 -0.804252 0.0674244
      vertex 2.03147 -0.857684 0.0520905
    endloop
  endfacet
  facet normal -0.0339994 -0.0392676 -0.99865
    outer loop
      vertex 1.51936 -0.804252 0.0674244
      vertex 1.87239 -1.16476 0.0695808
      vertex 1.49932 -0.841742 0.0695808
    endloop
  endfacet
  facet normal 0.019193 0.0482617 0.99865
    outer loop
      vertex 1.43013 -0.955581 0.0528388
      vertex 1.89626 -1.12547 0.0520905
      vertex 1.43785 -0.943167 0.0520905
    endloop
  endfacet
  facet normal 0.019194 0.0482644 0.99865
    outer loop
      vertex 1.4138 -0.978367 0.0542539
      vertex 1.89626 -1.12547 0.0520905
      vertex 1.43013 -0.955581 0.0528388
    endloop
  endfacet
  facet normal 0.019194 0.0482646 0.99865
    outer loop
      vertex 1.89626 -1.12547 0.0520905
      vertex 1.4138 -0.978367 0.0542539
      vertex 1.69697 -1.40811 0.0695808
    endloop
  endfacet
  facet normal 0.0346655 0.058425 0.99769
    outer loop
      vertex 1.36457 -1.04707 0.0599877
      vertex 1.69697 -1.40811 0.0695808
      vertex 1.4138 -0.978367 0.0542539
    endloop
  endfacet
  facet normal 0.0346659 0.0584253 0.99769
    outer loop
      vertex 1.29316 -1.13407 0.0675637
      vertex 1.69697 -1.40811 0.0695808
      vertex 1.36457 -1.04707 0.0599877
    endloop
  endfacet
  facet normal 0.0346711 0.058433 0.997689
    outer loop
      vertex 1.69697 -1.40811 0.0695808
      vertex 1.29316 -1.13407 0.0675637
      vertex 1.27243 -1.15621 0.0695808
    endloop
  endfacet
  facet normal -0.794538 0.572747 -0.201668
    outer loop
      vertex 1.69697 -1.40811 0.0695808
      vertex 1.66725 -1.44318 0.0870722
      vertex 1.87239 -1.16476 0.0695808
    endloop
  endfacet
  facet normal -0.695191 0.689869 0.201965
    outer loop
      vertex 1.69697 -1.40811 0.0695808
      vertex 1.45594 -1.65612 0.0870722
      vertex 1.66725 -1.44318 0.0870722
    endloop
  endfacet
  facet normal -0.0444685 -0.0513589 -0.99769
    outer loop
      vertex 1.87239 -1.16476 0.0695808
      vertex 1.48956 -0.86 0.0709557
      vertex 1.49932 -0.841742 0.0695808
    endloop
  endfacet
  facet normal -0.0444724 -0.0513639 -0.997689
    outer loop
      vertex 1.87239 -1.16476 0.0695808
      vertex 1.43013 -0.955581 0.0785256
      vertex 1.48956 -0.86 0.0709557
    endloop
  endfacet
  facet normal -0.0444704 -0.0513595 -0.99769
    outer loop
      vertex 1.43013 -0.955581 0.0785256
      vertex 1.87239 -1.16476 0.0695808
      vertex 1.37535 -1.03203 0.0849028
    endloop
  endfacet
  facet normal -0.039723 -0.033471 -0.99865
    outer loop
      vertex 1.66725 -1.44318 0.0870722
      vertex 1.37535 -1.03203 0.0849028
      vertex 1.87239 -1.16476 0.0695808
    endloop
  endfacet
  facet normal -0.0397287 -0.0334751 -0.99865
    outer loop
      vertex 1.66725 -1.44318 0.0870722
      vertex 1.36457 -1.04707 0.0858358
      vertex 1.37535 -1.03203 0.0849028
    endloop
  endfacet
  facet normal -0.0397167 -0.0334659 -0.99865
    outer loop
      vertex 1.36457 -1.04707 0.0858358
      vertex 1.66725 -1.44318 0.0870722
      vertex 1.34923 -1.06576 0.0870722
    endloop
  endfacet
  facet normal 0.0265068 0.0446732 0.99865
    outer loop
      vertex 1.24338 -1.18723 0.0717395
      vertex 1.69697 -1.40811 0.0695808
      vertex 1.27243 -1.15621 0.0695808
    endloop
  endfacet
  facet normal 0.026506 0.0446717 0.99865
    outer loop
      vertex 1.69697 -1.40811 0.0695808
      vertex 1.24338 -1.18723 0.0717395
      vertex 1.45594 -1.65612 0.0870722
    endloop
  endfacet
  facet normal 0.0433697 0.052285 0.99769
    outer loop
      vertex 1.21622 -1.21622 0.0744394
      vertex 1.45594 -1.65612 0.0870722
      vertex 1.24338 -1.18723 0.0717395
    endloop
  endfacet
  facet normal 0.0433769 0.052289 0.997689
    outer loop
      vertex 1.13407 -1.29316 0.0820435
      vertex 1.45594 -1.65612 0.0870722
      vertex 1.21622 -1.21622 0.0744394
    endloop
  endfacet
  facet normal 0.0433761 0.0522883 0.99769
    outer loop
      vertex 1.45594 -1.65612 0.0870722
      vertex 1.13407 -1.29316 0.0820435
      vertex 1.07593 -1.34088 0.0870722
    endloop
  endfacet
  facet normal -0.695201 0.689879 -0.201896
    outer loop
      vertex 1.45594 -1.65612 0.0870722
      vertex 1.4211 -1.68611 0.104563
      vertex 1.66725 -1.44318 0.0870722
    endloop
  endfacet
  facet normal -0.5788 0.790103 0.20181
    outer loop
      vertex 1.45594 -1.65612 0.0870722
      vertex 1.1791 -1.86339 0.104563
      vertex 1.4211 -1.68611 0.104563
    endloop
  endfacet
  facet normal -0.0519526 -0.0437761 -0.99769
    outer loop
      vertex 1.66725 -1.44318 0.0870722
      vertex 1.29316 -1.13407 0.0929892
      vertex 1.34923 -1.06576 0.0870722
    endloop
  endfacet
  facet normal -0.0519514 -0.0437746 -0.99769
    outer loop
      vertex 1.66725 -1.44318 0.0870722
      vertex 1.21622 -1.21622 0.1006
      vertex 1.29316 -1.13407 0.0929892
    endloop
  endfacet
  facet normal -0.0519467 -0.0437653 -0.99769
    outer loop
      vertex 1.21622 -1.21622 0.1006
      vertex 1.66725 -1.44318 0.0870722
      vertex 1.19692 -1.2343 0.102398
    endloop
  endfacet
  facet normal -0.0444648 -0.026848 -0.99865
    outer loop
      vertex 1.4211 -1.68611 0.104563
      vertex 1.19692 -1.2343 0.102398
      vertex 1.66725 -1.44318 0.0870722
    endloop
  endfacet
  facet normal -0.0444803 -0.0268557 -0.998649
    outer loop
      vertex 1.19692 -1.2343 0.102398
      vertex 1.4211 -1.68611 0.104563
      vertex 1.16587 -1.26338 0.104563
    endloop
  endfacet
  facet normal 0.0331629 0.0399766 0.99865
    outer loop
      vertex 1.04707 -1.36457 0.0889789
      vertex 1.45594 -1.65612 0.0870722
      vertex 1.07593 -1.34088 0.0870722
    endloop
  endfacet
  facet normal 0.033177 0.0399964 0.998649
    outer loop
      vertex 1.04265 -1.36773 0.0892523
      vertex 1.45594 -1.65612 0.0870722
      vertex 1.04707 -1.36457 0.0889789
    endloop
  endfacet
  facet normal 0.0331638 0.0399775 0.99865
    outer loop
      vertex 1.45594 -1.65612 0.0870722
      vertex 1.04265 -1.36773 0.0892523
      vertex 1.1791 -1.86339 0.104563
    endloop
  endfacet
  facet normal 0.0510142 0.0448618 0.99769
    outer loop
      vertex 0.955581 -1.43013 0.0965102
      vertex 1.1791 -1.86339 0.104563
      vertex 1.04265 -1.36773 0.0892523
    endloop
  endfacet
  facet normal 0.0510158 0.0448627 0.99769
    outer loop
      vertex 0.86 -1.48956 0.10407
      vertex 1.1791 -1.86339 0.104563
      vertex 0.955581 -1.43013 0.0965102
    endloop
  endfacet
  facet normal 0.051093 0.0449285 0.997683
    outer loop
      vertex 1.1791 -1.86339 0.104563
      vertex 0.86 -1.48956 0.10407
      vertex 0.853451 -1.49306 0.104563
    endloop
  endfacet
  facet normal -0.578769 0.790061 -0.202063
    outer loop
      vertex 1.1791 -1.86339 0.104563
      vertex 1.14 -1.88756 0.122053
      vertex 1.4211 -1.68611 0.104563
    endloop
  endfacet
  facet normal -0.448156 0.870913 0.201662
    outer loop
      vertex 1.1791 -1.86339 0.104563
      vertex 0.873259 -2.02482 0.122053
      vertex 1.14 -1.88756 0.122053
    endloop
  endfacet
  facet normal -0.0581417 -0.035104 -0.997691
    outer loop
      vertex 1.4211 -1.68611 0.104563
      vertex 1.13407 -1.29316 0.107464
      vertex 1.16587 -1.26338 0.104563
    endloop
  endfacet
  facet normal -0.0581587 -0.0351164 -0.99769
    outer loop
      vertex 1.4211 -1.68611 0.104563
      vertex 1.04707 -1.36457 0.115049
      vertex 1.13407 -1.29316 0.107464
    endloop
  endfacet
  facet normal -0.0581587 -0.0351165 -0.99769
    outer loop
      vertex 1.04707 -1.36457 0.115049
      vertex 1.4211 -1.68611 0.104563
      vertex 0.989045 -1.40615 0.119895
    endloop
  endfacet
  facet normal -0.0481153 -0.0195641 -0.99865
    outer loop
      vertex 1.14 -1.88756 0.122053
      vertex 0.989045 -1.40615 0.119895
      vertex 1.4211 -1.68611 0.104563
    endloop
  endfacet
  facet normal -0.0481132 -0.0195634 -0.99865
    outer loop
      vertex 1.14 -1.88756 0.122053
      vertex 0.955581 -1.43013 0.121977
      vertex 0.989045 -1.40615 0.119895
    endloop
  endfacet
  facet normal -0.0481534 -0.0195796 -0.998648
    outer loop
      vertex 0.955581 -1.43013 0.121977
      vertex 1.14 -1.88756 0.122053
      vertex 0.954322 -1.43091 0.122053
    endloop
  endfacet
  facet normal 0.0389959 0.0342909 0.998651
    outer loop
      vertex 0.815895 -1.51314 0.106719
      vertex 1.1791 -1.86339 0.104563
      vertex 0.853451 -1.49306 0.104563
    endloop
  endfacet
  facet normal 0.0390049 0.0343003 0.99865
    outer loop
      vertex 1.1791 -1.86339 0.104563
      vertex 0.815895 -1.51314 0.106719
      vertex 0.873259 -2.02482 0.122053
    endloop
  endfacet
  facet normal 0.057399 0.0363337 0.99769
    outer loop
      vertex 0.760736 -1.54262 0.110966
      vertex 0.873259 -2.02482 0.122053
      vertex 0.815895 -1.51314 0.106719
    endloop
  endfacet
  facet normal 0.0574092 0.036336 0.997689
    outer loop
      vertex 0.658215 -1.58907 0.118557
      vertex 0.873259 -2.02482 0.122053
      vertex 0.760736 -1.54262 0.110966
    endloop
  endfacet
  facet normal 0.0573966 0.0363298 0.99769
    outer loop
      vertex 0.873259 -2.02482 0.122053
      vertex 0.658215 -1.58907 0.118557
      vertex 0.609137 -1.60754 0.122053
    endloop
  endfacet
  facet normal -0.448122 0.870848 -0.202014
    outer loop
      vertex 0.873259 -2.02482 0.122053
      vertex 0.830861 -2.04258 0.139543
      vertex 1.14 -1.88756 0.122053
    endloop
  endfacet
  facet normal -0.306483 0.930267 0.201673
    outer loop
      vertex 0.873259 -2.02482 0.122053
      vertex 0.545938 -2.13645 0.139543
      vertex 0.830861 -2.04258 0.139543
    endloop
  endfacet
  facet normal -0.0629331 -0.0255892 -0.99769
    outer loop
      vertex 1.14 -1.88756 0.122053
      vertex 0.86 -1.48956 0.129507
      vertex 0.954322 -1.43091 0.122053
    endloop
  endfacet
  facet normal -0.0629305 -0.0255873 -0.99769
    outer loop
      vertex 1.14 -1.88756 0.122053
      vertex 0.760736 -1.54262 0.137129
      vertex 0.86 -1.48956 0.129507
    endloop
  endfacet
  facet normal -0.0628874 -0.0255397 -0.997694
    outer loop
      vertex 0.760736 -1.54262 0.137129
      vertex 1.14 -1.88756 0.122053
      vertex 0.757628 -1.54403 0.137361
    endloop
  endfacet
  facet normal -0.0505825 -0.0118009 -0.99865
    outer loop
      vertex 0.830861 -2.04258 0.139543
      vertex 0.757628 -1.54403 0.137361
      vertex 1.14 -1.88756 0.122053
    endloop
  endfacet
  facet normal -0.0505831 -0.011801 -0.99865
    outer loop
      vertex 0.757628 -1.54403 0.137361
      vertex 0.830861 -2.04258 0.139543
      vertex 0.718667 -1.56168 0.139543
    endloop
  endfacet
  facet normal 0.0438885 0.0277797 0.99865
    outer loop
      vertex 0.569261 -1.62255 0.124223
      vertex 0.873259 -2.02482 0.122053
      vertex 0.609137 -1.60754 0.122053
    endloop
  endfacet
  facet normal 0.0438878 0.0277792 0.99865
    outer loop
      vertex 0.873259 -2.02482 0.122053
      vertex 0.569261 -1.62255 0.124223
      vertex 0.545938 -2.13645 0.139543
    endloop
  endfacet
  facet normal 0.0623868 0.026911 0.997689
    outer loop
      vertex 0.552876 -1.62872 0.125414
      vertex 0.545938 -2.13645 0.139543
      vertex 0.569261 -1.62255 0.124223
    endloop
  endfacet
  facet normal 0.0623744 0.0269112 0.99769
    outer loop
      vertex 0.445168 -1.66139 0.133029
      vertex 0.545938 -2.13645 0.139543
      vertex 0.552876 -1.62872 0.125414
    endloop
  endfacet
  facet normal 0.0623773 0.0269118 0.99769
    outer loop
      vertex 0.545938 -2.13645 0.139543
      vertex 0.445168 -1.66139 0.133029
      vertex 0.350502 -1.68346 0.139543
    endloop
  endfacet
  facet normal -0.306485 0.930273 -0.201641
    outer loop
      vertex 0.545938 -2.13645 0.139543
      vertex 0.501285 -2.14737 0.157034
      vertex 0.830861 -2.04258 0.139543
    endloop
  endfacet
  facet normal -0.157261 0.966669 0.202037
    outer loop
      vertex 0.545938 -2.13645 0.139543
      vertex 0.205189 -2.19554 0.157034
      vertex 0.501285 -2.14737 0.157034
    endloop
  endfacet
  facet normal -0.0661672 -0.0154368 -0.997689
    outer loop
      vertex 0.830861 -2.04258 0.139543
      vertex 0.658215 -1.58907 0.143976
      vertex 0.718667 -1.56168 0.139543
    endloop
  endfacet
  facet normal -0.0661539 -0.0154317 -0.99769
    outer loop
      vertex 0.830861 -2.04258 0.139543
      vertex 0.552876 -1.62872 0.151574
      vertex 0.658215 -1.58907 0.143976
    endloop
  endfacet
  facet normal -0.0661624 -0.0154375 -0.997689
    outer loop
      vertex 0.552876 -1.62872 0.151574
      vertex 0.830861 -2.04258 0.139543
      vertex 0.506361 -1.64283 0.154877
    endloop
  endfacet
  facet normal -0.0518078 -0.00374819 -0.99865
    outer loop
      vertex 0.501285 -2.14737 0.157034
      vertex 0.506361 -1.64283 0.154877
      vertex 0.830861 -2.04258 0.139543
    endloop
  endfacet
  facet normal -0.0518176 -0.00374809 -0.99865
    outer loop
      vertex 0.506361 -1.64283 0.154877
      vertex 0.501285 -2.14737 0.157034
      vertex 0.465683 -1.65517 0.157034
    endloop
  endfacet
  facet normal 0.0477088 0.0205833 0.998649
    outer loop
      vertex 0.335555 -1.68695 0.140329
      vertex 0.545938 -2.13645 0.139543
      vertex 0.350502 -1.68346 0.139543
    endloop
  endfacet
  facet normal 0.0476853 0.0205723 0.998651
    outer loop
      vertex 0.308616 -1.6914 0.141707
      vertex 0.545938 -2.13645 0.139543
      vertex 0.335555 -1.68695 0.140329
    endloop
  endfacet
  facet normal 0.0476935 0.0205767 0.99865
    outer loop
      vertex 0.545938 -2.13645 0.139543
      vertex 0.308616 -1.6914 0.141707
      vertex 0.205189 -2.19554 0.157034
    endloop
  endfacet
  facet normal 0.0658155 0.0168296 0.99769
    outer loop
      vertex 0.224504 -1.70529 0.14749
      vertex 0.205189 -2.19554 0.157034
      vertex 0.308616 -1.6914 0.141707
    endloop
  endfacet
  facet normal 0.0658227 0.0168293 0.997689
    outer loop
      vertex 0.112493 -1.71632 0.155066
      vertex 0.205189 -2.19554 0.157034
      vertex 0.224504 -1.70529 0.14749
    endloop
  endfacet
  facet normal 0.0658199 0.0168288 0.99769
    outer loop
      vertex 0.205189 -2.19554 0.157034
      vertex 0.112493 -1.71632 0.155066
      vertex 0.0829103 -1.71729 0.157034
    endloop
  endfacet
  facet normal -0.157266 0.966698 -0.201899
    outer loop
      vertex 0.205189 -2.19554 0.157034
      vertex 0.159377 -2.19934 0.174524
      vertex 0.501285 -2.14737 0.157034
    endloop
  endfacet
  facet normal -0.00417903 0.979408 0.201847
    outer loop
      vertex 0.205189 -2.19554 0.157034
      vertex -0.140607 -2.20062 0.174524
      vertex 0.159377 -2.19934 0.174524
    endloop
  endfacet
  facet normal -0.0677661 -0.00490168 -0.997689
    outer loop
      vertex 0.501285 -2.14737 0.157034
      vertex 0.445168 -1.66139 0.158458
      vertex 0.465683 -1.65517 0.157034
    endloop
  endfacet
  facet normal -0.0677588 -0.00490084 -0.99769
    outer loop
      vertex 0.501285 -2.14737 0.157034
      vertex 0.335555 -1.68695 0.166028
      vertex 0.445168 -1.66139 0.158458
    endloop
  endfacet
  facet normal -0.0677507 -0.0048979 -0.99769
    outer loop
      vertex 0.335555 -1.68695 0.166028
      vertex 0.501285 -2.14737 0.157034
      vertex 0.243483 -1.70215 0.172355
    endloop
  endfacet
  facet normal -0.0517536 0.00439815 -0.99865
    outer loop
      vertex 0.159377 -2.19934 0.174524
      vertex 0.243483 -1.70215 0.172355
      vertex 0.501285 -2.14737 0.157034
    endloop
  endfacet
  facet normal -0.0517682 0.00440062 -0.998649
    outer loop
      vertex 0.243483 -1.70215 0.172355
      vertex 0.159377 -2.19934 0.174524
      vertex 0.224504 -1.70529 0.173325
    endloop
  endfacet
  facet normal -0.0517532 0.00439865 -0.99865
    outer loop
      vertex 0.224504 -1.70529 0.173325
      vertex 0.159377 -2.19934 0.174524
      vertex 0.201173 -1.70758 0.174524
    endloop
  endfacet
  facet normal 0.0503161 0.0128648 0.99865
    outer loop
      vertex 0.0404347 -1.71868 0.159192
      vertex 0.205189 -2.19554 0.157034
      vertex 0.0829103 -1.71729 0.157034
    endloop
  endfacet
  facet normal 0.0503217 0.0128667 0.99865
    outer loop
      vertex 0.205189 -2.19554 0.157034
      vertex 0.0404347 -1.71868 0.159192
      vertex -0.140607 -2.20062 0.174524
    endloop
  endfacet
  facet normal 0.0676472 0.00632779 0.997689
    outer loop
      vertex 0 -1.72 0.161942
      vertex -0.140607 -2.20062 0.174524
      vertex 0.0404347 -1.71868 0.159192
    endloop
  endfacet
  facet normal 0.0676374 0.00633066 0.99769
    outer loop
      vertex -0.112493 -1.71632 0.169545
      vertex -0.140607 -2.20062 0.174524
      vertex 0 -1.72 0.161942
    endloop
  endfacet
  facet normal 0.0676395 0.00633054 0.99769
    outer loop
      vertex -0.140607 -2.20062 0.174524
      vertex -0.112493 -1.71632 0.169545
      vertex -0.186617 -1.70902 0.174524
    endloop
  endfacet
  facet normal -0.00417899 0.979399 -0.201893
    outer loop
      vertex -0.140607 -2.20062 0.174524
      vertex -0.186448 -2.19721 0.192015
      vertex 0.159377 -2.19934 0.174524
    endloop
  endfacet
  facet normal 0.149009 0.968024 0.201805
    outer loop
      vertex -0.140607 -2.20062 0.174524
      vertex -0.482944 -2.15157 0.192015
      vertex -0.186448 -2.19721 0.192015
    endloop
  endfacet
  facet normal -0.0676985 0.00575387 -0.997689
    outer loop
      vertex 0.159377 -2.19934 0.174524
      vertex 0.112493 -1.71632 0.180491
      vertex 0.201173 -1.70758 0.174524
    endloop
  endfacet
  facet normal -0.0676895 0.00575475 -0.99769
    outer loop
      vertex 0.159377 -2.19934 0.174524
      vertex 0 -1.72 0.188102
      vertex 0.112493 -1.71632 0.180491
    endloop
  endfacet
  facet normal -0.0676909 0.00575429 -0.99769
    outer loop
      vertex 0 -1.72 0.188102
      vertex 0.159377 -2.19934 0.174524
      vertex -0.0256922 -1.71916 0.18985
    endloop
  endfacet
  facet normal -0.0504327 0.0124365 -0.99865
    outer loop
      vertex -0.186448 -2.19721 0.192015
      vertex -0.0256922 -1.71916 0.18985
      vertex 0.159377 -2.19934 0.174524
    endloop
  endfacet
  facet normal -0.0504391 0.0124387 -0.99865
    outer loop
      vertex -0.0256922 -1.71916 0.18985
      vertex -0.186448 -2.19721 0.192015
      vertex -0.0682145 -1.71777 0.192015
    endloop
  endfacet
  facet normal 0.0517177 0.00484039 0.99865
    outer loop
      vertex -0.224504 -1.70529 0.176468
      vertex -0.140607 -2.20062 0.174524
      vertex -0.186617 -1.70902 0.174524
    endloop
  endfacet
  facet normal 0.0517457 0.00484512 0.998649
    outer loop
      vertex -0.22915 -1.70452 0.176705
      vertex -0.140607 -2.20062 0.174524
      vertex -0.224504 -1.70529 0.176468
    endloop
  endfacet
  facet normal 0.0517174 0.00484008 0.99865
    outer loop
      vertex -0.140607 -2.20062 0.174524
      vertex -0.22915 -1.70452 0.176705
      vertex -0.482944 -2.15157 0.192015
    endloop
  endfacet
  facet normal 0.0677992 -0.00432255 0.99769
    outer loop
      vertex -0.335555 -1.68695 0.184012
      vertex -0.482944 -2.15157 0.192015
      vertex -0.22915 -1.70452 0.176705
    endloop
  endfacet
  facet normal 0.0677939 -0.00432088 0.99769
    outer loop
      vertex -0.445168 -1.66139 0.191571
      vertex -0.482944 -2.15157 0.192015
      vertex -0.335555 -1.68695 0.184012
    endloop
  endfacet
  facet normal 0.0679019 -0.00432921 0.997683
    outer loop
      vertex -0.482944 -2.15157 0.192015
      vertex -0.445168 -1.66139 0.191571
      vertex -0.451568 -1.65945 0.192015
    endloop
  endfacet
  facet normal 0.148999 0.967957 -0.202134
    outer loop
      vertex -0.482944 -2.15157 0.192015
      vertex -0.527689 -2.14103 0.209505
      vertex -0.186448 -2.19721 0.192015
    endloop
  endfacet
  facet normal 0.298526 0.932878 0.201544
    outer loop
      vertex -0.482944 -2.15157 0.192015
      vertex -0.813403 -2.0496 0.209505
      vertex -0.527689 -2.14103 0.209505
    endloop
  endfacet
  facet normal -0.0659374 0.0162607 -0.997691
    outer loop
      vertex -0.186448 -2.19721 0.192015
      vertex -0.112493 -1.71632 0.194965
      vertex -0.0682145 -1.71777 0.192015
    endloop
  endfacet
  facet normal -0.0659673 0.0162652 -0.997689
    outer loop
      vertex -0.186448 -2.19721 0.192015
      vertex -0.224504 -1.70529 0.202551
      vertex -0.112493 -1.71632 0.194965
    endloop
  endfacet
  facet normal -0.0659537 0.0162663 -0.99769
    outer loop
      vertex -0.224504 -1.70529 0.202551
      vertex -0.186448 -2.19721 0.192015
      vertex -0.294215 -1.69378 0.207347
    endloop
  endfacet
  facet normal -0.0478646 0.0201678 -0.99865
    outer loop
      vertex -0.527689 -2.14103 0.209505
      vertex -0.294215 -1.69378 0.207347
      vertex -0.186448 -2.19721 0.192015
    endloop
  endfacet
  facet normal -0.0478573 0.020164 -0.998651
    outer loop
      vertex -0.294215 -1.69378 0.207347
      vertex -0.527689 -2.14103 0.209505
      vertex -0.335555 -1.68695 0.209466
    endloop
  endfacet
  facet normal -0.0484626 0.0204201 -0.998616
    outer loop
      vertex -0.335555 -1.68695 0.209466
      vertex -0.527689 -2.14103 0.209505
      vertex -0.336287 -1.68678 0.209505
    endloop
  endfacet
  facet normal 0.0518267 -0.00330431 0.998651
    outer loop
      vertex -0.492324 -1.64709 0.194171
      vertex -0.482944 -2.15157 0.192015
      vertex -0.451568 -1.65945 0.192015
    endloop
  endfacet
  facet normal 0.0518354 -0.00330414 0.99865
    outer loop
      vertex -0.482944 -2.15157 0.192015
      vertex -0.492324 -1.64709 0.194171
      vertex -0.813403 -2.0496 0.209505
    endloop
  endfacet
  facet normal 0.0662887 -0.01487 0.99769
    outer loop
      vertex -0.552876 -1.62872 0.198468
      vertex -0.813403 -2.0496 0.209505
      vertex -0.492324 -1.64709 0.194171
    endloop
  endfacet
  facet normal 0.0662893 -0.0148704 0.99769
    outer loop
      vertex -0.658215 -1.58907 0.206058
      vertex -0.813403 -2.0496 0.209505
      vertex -0.552876 -1.62872 0.198468
    endloop
  endfacet
  facet normal 0.0662845 -0.0148688 0.99769
    outer loop
      vertex -0.813403 -2.0496 0.209505
      vertex -0.658215 -1.58907 0.206058
      vertex -0.705311 -1.56773 0.209505
    endloop
  endfacet
  facet normal 0.298506 0.932817 -0.201856
    outer loop
      vertex -0.813403 -2.0496 0.209505
      vertex -0.85595 -2.0322 0.226995
      vertex -0.527689 -2.14103 0.209505
    endloop
  endfacet
  facet normal 0.440693 0.87466 0.201891
    outer loop
      vertex -0.813403 -2.0496 0.209505
      vertex -1.12385 -1.89722 0.226995
      vertex -0.85595 -2.0322 0.226995
    endloop
  endfacet
  facet normal -0.0626 0.026377 -0.99769
    outer loop
      vertex -0.527689 -2.14103 0.209505
      vertex -0.445168 -1.66139 0.217008
      vertex -0.336287 -1.68678 0.209505
    endloop
  endfacet
  facet normal -0.06261 0.0263787 -0.997689
    outer loop
      vertex -0.527689 -2.14103 0.209505
      vertex -0.552876 -1.62872 0.224631
      vertex -0.445168 -1.66139 0.217008
    endloop
  endfacet
  facet normal -0.0623859 0.0263902 -0.997703
    outer loop
      vertex -0.552876 -1.62872 0.224631
      vertex -0.527689 -2.14103 0.209505
      vertex -0.555373 -1.62778 0.224812
    endloop
  endfacet
  facet normal -0.0441237 0.0274034 -0.99865
    outer loop
      vertex -0.85595 -2.0322 0.226995
      vertex -0.555373 -1.62778 0.224812
      vertex -0.527689 -2.14103 0.209505
    endloop
  endfacet
  facet normal -0.0441292 0.0274076 -0.99865
    outer loop
      vertex -0.555373 -1.62778 0.224812
      vertex -0.85595 -2.0322 0.226995
      vertex -0.595415 -1.61271 0.226995
    endloop
  endfacet
  facet normal 0.0506713 -0.0113665 0.998651
    outer loop
      vertex -0.744115 -1.55015 0.211674
      vertex -0.813403 -2.0496 0.209505
      vertex -0.705311 -1.56773 0.209505
    endloop
  endfacet
  facet normal 0.0506822 -0.011368 0.99865
    outer loop
      vertex -0.813403 -2.0496 0.209505
      vertex -0.744115 -1.55015 0.211674
      vertex -1.12385 -1.89722 0.226995
    endloop
  endfacet
  facet normal 0.063185 -0.0250901 0.997686
    outer loop
      vertex -0.760736 -1.54262 0.212916
      vertex -1.12385 -1.89722 0.226995
      vertex -0.744115 -1.55015 0.211674
    endloop
  endfacet
  facet normal 0.0631469 -0.0250509 0.99769
    outer loop
      vertex -0.86 -1.48956 0.220531
      vertex -1.12385 -1.89722 0.226995
      vertex -0.760736 -1.54262 0.212916
    endloop
  endfacet
  facet normal 0.0631429 -0.0250483 0.99769
    outer loop
      vertex -1.12385 -1.89722 0.226995
      vertex -0.86 -1.48956 0.220531
      vertex -0.941927 -1.43862 0.226995
    endloop
  endfacet
  facet normal 0.440709 0.874692 -0.201715
    outer loop
      vertex -1.12385 -1.89722 0.226995
      vertex -1.16316 -1.87338 0.244487
      vertex -0.85595 -2.0322 0.226995
    endloop
  endfacet
  facet normal 0.572019 0.794969 0.202035
    outer loop
      vertex -1.12385 -1.89722 0.226995
      vertex -1.40666 -1.69817 0.244487
      vertex -1.16316 -1.87338 0.244487
    endloop
  endfacet
  facet normal -0.057709 0.0358446 -0.99769
    outer loop
      vertex -0.760736 -1.54262 0.239077
      vertex -0.85595 -2.0322 0.226995
      vertex -0.802956 -1.52005 0.24233
    endloop
  endfacet
  facet normal -0.0577186 0.0358464 -0.997689
    outer loop
      vertex -0.658215 -1.58907 0.231477
      vertex -0.85595 -2.0322 0.226995
      vertex -0.760736 -1.54262 0.239077
    endloop
  endfacet
  facet normal -0.0577119 0.0358434 -0.99769
    outer loop
      vertex -0.85595 -2.0322 0.226995
      vertex -0.658215 -1.58907 0.231477
      vertex -0.595415 -1.61271 0.226995
    endloop
  endfacet
  facet normal -0.0393005 0.0339685 -0.99865
    outer loop
      vertex -1.16316 -1.87338 0.244487
      vertex -0.802956 -1.52005 0.24233
      vertex -0.85595 -2.0322 0.226995
    endloop
  endfacet
  facet normal -0.0393081 0.0339763 -0.998649
    outer loop
      vertex -0.802956 -1.52005 0.24233
      vertex -1.16316 -1.87338 0.244487
      vertex -0.840443 -1.50002 0.244487
    endloop
  endfacet
  facet normal 0.0482842 -0.0191539 0.99865
    outer loop
      vertex -0.955581 -1.43013 0.227818
      vertex -1.12385 -1.89722 0.226995
      vertex -0.941927 -1.43862 0.226995
    endloop
  endfacet
  facet normal 0.0483098 -0.0191632 0.998649
    outer loop
      vertex -0.977182 -1.41465 0.22916
      vertex -1.12385 -1.89722 0.226995
      vertex -0.955581 -1.43013 0.227818
    endloop
  endfacet
  facet normal 0.0482849 -0.0191556 0.99865
    outer loop
      vertex -1.12385 -1.89722 0.226995
      vertex -0.977182 -1.41465 0.22916
      vertex -1.40666 -1.69817 0.244487
    endloop
  endfacet
  facet normal 0.0584536 -0.0346111 0.99769
    outer loop
      vertex -1.04707 -1.36457 0.234992
      vertex -1.40666 -1.69817 0.244487
      vertex -0.977182 -1.41465 0.22916
    endloop
  endfacet
  facet normal 0.0584624 -0.0346207 0.997689
    outer loop
      vertex -1.13407 -1.29316 0.242568
      vertex -1.40666 -1.69817 0.244487
      vertex -1.04707 -1.36457 0.234992
    endloop
  endfacet
  facet normal 0.0584536 -0.0346147 0.99769
    outer loop
      vertex -1.40666 -1.69817 0.244487
      vertex -1.13407 -1.29316 0.242568
      vertex -1.15514 -1.27343 0.244487
    endloop
  endfacet
  facet normal 0.572077 0.79505 -0.201552
    outer loop
      vertex -1.40666 -1.69817 0.244487
      vertex -1.44176 -1.66848 0.261977
      vertex -1.16316 -1.87338 0.244487
    endloop
  endfacet
  facet normal 0.689257 0.695721 0.202228
    outer loop
      vertex -1.40666 -1.69817 0.244487
      vertex -1.65487 -1.45735 0.261977
      vertex -1.44176 -1.66848 0.261977
    endloop
  endfacet
  facet normal -0.0513986 0.044425 -0.99769
    outer loop
      vertex -0.955581 -1.43013 0.25353
      vertex -1.16316 -1.87338 0.244487
      vertex -1.03084 -1.37619 0.259809
    endloop
  endfacet
  facet normal -0.0513954 0.0444235 -0.99769
    outer loop
      vertex -0.86 -1.48956 0.24596
      vertex -1.16316 -1.87338 0.244487
      vertex -0.955581 -1.43013 0.25353
    endloop
  endfacet
  facet normal -0.0513878 0.0444175 -0.997691
    outer loop
      vertex -1.16316 -1.87338 0.244487
      vertex -0.86 -1.48956 0.24596
      vertex -0.840443 -1.50002 0.244487
    endloop
  endfacet
  facet normal -0.0335017 0.0396916 -0.99865
    outer loop
      vertex -1.44176 -1.66848 0.261977
      vertex -1.03084 -1.37619 0.259809
      vertex -1.16316 -1.87338 0.244487
    endloop
  endfacet
  facet normal -0.0334923 0.0396784 -0.998651
    outer loop
      vertex -1.03084 -1.37619 0.259809
      vertex -1.44176 -1.66848 0.261977
      vertex -1.04707 -1.36457 0.260815
    endloop
  endfacet
  facet normal -0.0335072 0.0396977 -0.99865
    outer loop
      vertex -1.04707 -1.36457 0.260815
      vertex -1.44176 -1.66848 0.261977
      vertex -1.06463 -1.35016 0.261977
    endloop
  endfacet
  facet normal 0.0446903 -0.0264645 0.99865
    outer loop
      vertex -1.18616 -1.24438 0.246645
      vertex -1.40666 -1.69817 0.244487
      vertex -1.15514 -1.27343 0.244487
    endloop
  endfacet
  facet normal 0.0446921 -0.0264653 0.99865
    outer loop
      vertex -1.40666 -1.69817 0.244487
      vertex -1.18616 -1.24438 0.246645
      vertex -1.65487 -1.45735 0.261977
    endloop
  endfacet
  facet normal 0.0523183 -0.0433184 0.99769
    outer loop
      vertex -1.21622 -1.21622 0.249444
      vertex -1.65487 -1.45735 0.261977
      vertex -1.18616 -1.24438 0.246645
    endloop
  endfacet
  facet normal 0.0523247 -0.0433301 0.99769
    outer loop
      vertex -1.29316 -1.13407 0.257047
      vertex -1.65487 -1.45735 0.261977
      vertex -1.21622 -1.21622 0.249444
    endloop
  endfacet
  facet normal 0.0523255 -0.043331 0.99769
    outer loop
      vertex -1.65487 -1.45735 0.261977
      vertex -1.29316 -1.13407 0.257047
      vertex -1.33995 -1.07706 0.261977
    endloop
  endfacet
  facet normal 0.68934 0.695805 -0.201657
    outer loop
      vertex -1.65487 -1.45735 0.261977
      vertex -1.68489 -1.42254 0.279467
      vertex -1.44176 -1.66848 0.261977
    endloop
  endfacet
  facet normal 0.789581 0.579462 0.201954
    outer loop
      vertex -1.65487 -1.45735 0.261977
      vertex -1.86238 -1.18069 0.279467
      vertex -1.68489 -1.42254 0.279467
    endloop
  endfacet
  facet normal -0.0438274 0.0519178 -0.997689
    outer loop
      vertex -1.21622 -1.21622 0.275604
      vertex -1.44176 -1.66848 0.261977
      vertex -1.23329 -1.198 0.277302
    endloop
  endfacet
  facet normal -0.0438145 0.0519114 -0.99769
    outer loop
      vertex -1.13407 -1.29316 0.267993
      vertex -1.44176 -1.66848 0.261977
      vertex -1.21622 -1.21622 0.275604
    endloop
  endfacet
  facet normal -0.0438203 0.0519161 -0.99769
    outer loop
      vertex -1.44176 -1.66848 0.261977
      vertex -1.13407 -1.29316 0.267993
      vertex -1.06463 -1.35016 0.261977
    endloop
  endfacet
  facet normal -0.0268844 0.0444417 -0.99865
    outer loop
      vertex -1.68489 -1.42254 0.279467
      vertex -1.23329 -1.198 0.277302
      vertex -1.44176 -1.66848 0.261977
    endloop
  endfacet
  facet normal -0.0268806 0.044434 -0.998651
    outer loop
      vertex -1.23329 -1.198 0.277302
      vertex -1.68489 -1.42254 0.279467
      vertex -1.26238 -1.16694 0.279467
    endloop
  endfacet
  facet normal 0.0400027 -0.0331264 0.99865
    outer loop
      vertex -1.36457 -1.04707 0.263958
      vertex -1.65487 -1.45735 0.261977
      vertex -1.33995 -1.07706 0.261977
    endloop
  endfacet
  facet normal 0.0399149 -0.0330644 0.998656
    outer loop
      vertex -1.36689 -1.04383 0.264158
      vertex -1.65487 -1.45735 0.261977
      vertex -1.36457 -1.04707 0.263958
    endloop
  endfacet
  facet normal 0.0400051 -0.0331271 0.99865
    outer loop
      vertex -1.65487 -1.45735 0.261977
      vertex -1.36689 -1.04383 0.264158
      vertex -1.86238 -1.18069 0.279467
    endloop
  endfacet
  facet normal 0.044907 -0.0509817 0.997689
    outer loop
      vertex -1.43013 -0.955581 0.271514
      vertex -1.86238 -1.18069 0.279467
      vertex -1.36689 -1.04383 0.264158
    endloop
  endfacet
  facet normal 0.0449063 -0.0509803 0.99769
    outer loop
      vertex -1.48956 -0.86 0.279073
      vertex -1.86238 -1.18069 0.279467
      vertex -1.43013 -0.955581 0.271514
    endloop
  endfacet
  facet normal 0.044846 -0.0509102 0.997696
    outer loop
      vertex -1.86238 -1.18069 0.279467
      vertex -1.48956 -0.86 0.279073
      vertex -1.49237 -0.854754 0.279467
    endloop
  endfacet
  facet normal 0.789607 0.57948 -0.201801
    outer loop
      vertex -1.86238 -1.18069 0.279467
      vertex -1.88659 -1.14161 0.296958
      vertex -1.68489 -1.42254 0.279467
    endloop
  endfacet
  facet normal 0.870477 0.448879 0.201936
    outer loop
      vertex -1.86238 -1.18069 0.279467
      vertex -2.02408 -0.874986 0.296958
      vertex -1.88659 -1.14161 0.296958
    endloop
  endfacet
  facet normal -0.0351639 0.0581278 -0.99769
    outer loop
      vertex -1.36457 -1.04707 0.290053
      vertex -1.68489 -1.42254 0.279467
      vertex -1.4053 -0.990233 0.2948
    endloop
  endfacet
  facet normal -0.0351591 0.0581237 -0.99769
    outer loop
      vertex -1.29316 -1.13407 0.282468
      vertex -1.68489 -1.42254 0.279467
      vertex -1.36457 -1.04707 0.290053
    endloop
  endfacet
  facet normal -0.0351769 0.0581478 -0.997688
    outer loop
      vertex -1.68489 -1.42254 0.279467
      vertex -1.29316 -1.13407 0.282468
      vertex -1.26238 -1.16694 0.279467
    endloop
  endfacet
  facet normal -0.0196064 0.0481002 -0.99865
    outer loop
      vertex -1.88659 -1.14161 0.296958
      vertex -1.4053 -0.990233 0.2948
      vertex -1.68489 -1.42254 0.279467
    endloop
  endfacet
  facet normal -0.01961 0.0481118 -0.998649
    outer loop
      vertex -1.4053 -0.990233 0.2948
      vertex -1.88659 -1.14161 0.296958
      vertex -1.43013 -0.955581 0.296957
    endloop
  endfacet
  facet normal -0.0169127 0.0414934 -0.998996
    outer loop
      vertex -1.43013 -0.955581 0.296957
      vertex -1.88659 -1.14161 0.296958
      vertex -1.43014 -0.955561 0.296958
    endloop
  endfacet
  facet normal 0.0343407 -0.0389844 0.99865
    outer loop
      vertex -1.51245 -0.817187 0.281624
      vertex -1.86238 -1.18069 0.279467
      vertex -1.49237 -0.854754 0.279467
    endloop
  endfacet
  facet normal 0.0343337 -0.0389776 0.99865
    outer loop
      vertex -1.86238 -1.18069 0.279467
      vertex -1.51245 -0.817187 0.281624
      vertex -2.02408 -0.874986 0.296958
    endloop
  endfacet
  facet normal 0.0363822 -0.057365 0.99769
    outer loop
      vertex -1.54262 -0.760736 0.28597
      vertex -2.02408 -0.874986 0.296958
      vertex -1.51245 -0.817187 0.281624
    endloop
  endfacet
  facet normal 0.0363851 -0.0573773 0.997689
    outer loop
      vertex -1.58907 -0.658215 0.29356
      vertex -2.02408 -0.874986 0.296958
      vertex -1.54262 -0.760736 0.28597
    endloop
  endfacet
  facet normal 0.0363811 -0.0573693 0.99769
    outer loop
      vertex -2.02408 -0.874986 0.296958
      vertex -1.58907 -0.658215 0.29356
      vertex -1.60703 -0.610511 0.296958
    endloop
  endfacet
  facet normal 0.870404 0.448841 -0.20233
    outer loop
      vertex -2.02408 -0.874986 0.296958
      vertex -2.04187 -0.832603 0.314448
      vertex -1.88659 -1.14161 0.296958
    endloop
  endfacet
  facet normal 0.930071 0.307321 0.201302
    outer loop
      vertex -2.02408 -0.874986 0.296958
      vertex -2.13599 -0.54776 0.314448
      vertex -2.04187 -0.832603 0.314448
    endloop
  endfacet
  facet normal -0.0255744 0.0628498 -0.997695
    outer loop
      vertex -1.54262 -0.760736 0.312134
      vertex -1.88659 -1.14161 0.296958
      vertex -1.54342 -0.758982 0.312265
    endloop
  endfacet
  facet normal -0.0256425 0.062911 -0.99769
    outer loop
      vertex -1.48956 -0.86 0.304511
      vertex -1.88659 -1.14161 0.296958
      vertex -1.54262 -0.760736 0.312134
    endloop
  endfacet
  facet normal -0.0256426 0.0629113 -0.99769
    outer loop
      vertex -1.88659 -1.14161 0.296958
      vertex -1.48956 -0.86 0.304511
      vertex -1.43014 -0.955561 0.296958
    endloop
  endfacet
  facet normal -0.0118433 0.0505729 -0.99865
    outer loop
      vertex -2.04187 -0.832603 0.314448
      vertex -1.54342 -0.758982 0.312265
      vertex -1.88659 -1.14161 0.296958
    endloop
  endfacet
  facet normal -0.0118416 0.0505614 -0.998651
    outer loop
      vertex -1.54342 -0.758982 0.312265
      vertex -2.04187 -0.832603 0.314448
      vertex -1.56108 -0.720001 0.314448
    endloop
  endfacet
  facet normal 0.0278196 -0.0438686 0.99865
    outer loop
      vertex -1.62203 -0.570647 0.299127
      vertex -2.02408 -0.874986 0.296958
      vertex -1.60703 -0.610511 0.296958
    endloop
  endfacet
  facet normal 0.0278162 -0.0438641 0.99865
    outer loop
      vertex -2.02408 -0.874986 0.296958
      vertex -1.62203 -0.570647 0.299127
      vertex -2.13599 -0.54776 0.314448
    endloop
  endfacet
  facet normal 0.0269654 -0.0623274 0.997691
    outer loop
      vertex -1.62872 -0.552876 0.300418
      vertex -2.13599 -0.54776 0.314448
      vertex -1.62203 -0.570647 0.299127
    endloop
  endfacet
  facet normal 0.026965 -0.062358 0.99769
    outer loop
      vertex -1.66139 -0.445168 0.308033
      vertex -2.13599 -0.54776 0.314448
      vertex -1.62872 -0.552876 0.300418
    endloop
  endfacet
  facet normal 0.0269638 -0.0623524 0.99769
    outer loop
      vertex -2.13599 -0.54776 0.314448
      vertex -1.66139 -0.445168 0.308033
      vertex -1.68313 -0.351924 0.314448
    endloop
  endfacet
  facet normal 0.929915 0.30727 -0.202096
    outer loop
      vertex -2.13599 -0.54776 0.314448
      vertex -2.14694 -0.503117 0.331939
      vertex -2.04187 -0.832603 0.314448
    endloop
  endfacet
  facet normal 0.966618 0.158091 0.201636
    outer loop
      vertex -2.13599 -0.54776 0.314448
      vertex -2.19536 -0.207062 0.331939
      vertex -2.14694 -0.503117 0.331939
    endloop
  endfacet
  facet normal -0.0154893 0.0661444 -0.99769
    outer loop
      vertex -1.62872 -0.552876 0.326579
      vertex -2.04187 -0.832603 0.314448
      vertex -1.6424 -0.507767 0.329782
    endloop
  endfacet
  facet normal -0.0154929 0.0661497 -0.997689
    outer loop
      vertex -1.58907 -0.658215 0.318979
      vertex -2.04187 -0.832603 0.314448
      vertex -1.62872 -0.552876 0.326579
    endloop
  endfacet
  facet normal -0.0154916 0.0661464 -0.99769
    outer loop
      vertex -2.04187 -0.832603 0.314448
      vertex -1.58907 -0.658215 0.318979
      vertex -1.56108 -0.720001 0.314448
    endloop
  endfacet
  facet normal -0.00379196 0.0518048 -0.99865
    outer loop
      vertex -2.14694 -0.503117 0.331939
      vertex -1.6424 -0.507767 0.329782
      vertex -2.04187 -0.832603 0.314448
    endloop
  endfacet
  facet normal -0.00379192 0.0518094 -0.99865
    outer loop
      vertex -1.6424 -0.507767 0.329782
      vertex -2.14694 -0.503117 0.331939
      vertex -1.65474 -0.467093 0.331939
    endloop
  endfacet
  facet normal 0.0206093 -0.0476579 0.998651
    outer loop
      vertex -1.68695 -0.335555 0.315308
      vertex -2.13599 -0.54776 0.314448
      vertex -1.68313 -0.351924 0.314448
    endloop
  endfacet
  facet normal 0.0206282 -0.0476979 0.998649
    outer loop
      vertex -1.69116 -0.310053 0.316613
      vertex -2.13599 -0.54776 0.314448
      vertex -1.68695 -0.335555 0.315308
    endloop
  endfacet
  facet normal 0.0206169 -0.0476767 0.99865
    outer loop
      vertex -2.13599 -0.54776 0.314448
      vertex -1.69116 -0.310053 0.316613
      vertex -2.19536 -0.207062 0.331939
    endloop
  endfacet
  facet normal 0.0168865 -0.0657963 0.99769
    outer loop
      vertex -1.70529 -0.224504 0.322494
      vertex -2.19536 -0.207062 0.331939
      vertex -1.69116 -0.310053 0.316613
    endloop
  endfacet
  facet normal 0.0168861 -0.0658082 0.997689
    outer loop
      vertex -1.71632 -0.112493 0.330069
      vertex -2.19536 -0.207062 0.331939
      vertex -1.70529 -0.224504 0.322494
    endloop
  endfacet
  facet normal 0.0168873 -0.0658147 0.997689
    outer loop
      vertex -2.19536 -0.207062 0.331939
      vertex -1.71632 -0.112493 0.330069
      vertex -1.71724 -0.0843816 0.331939
    endloop
  endfacet
  facet normal 0.96658 0.158085 -0.201823
    outer loop
      vertex -2.19536 -0.207062 0.331939
      vertex -2.1992 -0.161254 0.349429
      vertex -2.14694 -0.503117 0.331939
    endloop
  endfacet
  facet normal 0.979401 0.00502788 0.201863
    outer loop
      vertex -2.19536 -0.207062 0.331939
      vertex -2.20074 0.138729 0.349429
      vertex -2.1992 -0.161254 0.349429
    endloop
  endfacet
  facet normal -0.00495682 0.0677486 -0.99769
    outer loop
      vertex -1.68695 -0.335555 0.341032
      vertex -2.14694 -0.503117 0.331939
      vertex -1.70191 -0.244919 0.347261
    endloop
  endfacet
  facet normal -0.00495894 0.0677544 -0.99769
    outer loop
      vertex -1.66139 -0.445168 0.333461
      vertex -2.14694 -0.503117 0.331939
      vertex -1.68695 -0.335555 0.341032
    endloop
  endfacet
  facet normal -0.0049589 0.067754 -0.99769
    outer loop
      vertex -2.14694 -0.503117 0.331939
      vertex -1.66139 -0.445168 0.333461
      vertex -1.65474 -0.467093 0.331939
    endloop
  endfacet
  facet normal 0.00435401 0.0517574 -0.99865
    outer loop
      vertex -2.1992 -0.161254 0.349429
      vertex -1.70191 -0.244919 0.347261
      vertex -2.14694 -0.503117 0.331939
    endloop
  endfacet
  facet normal 0.00435132 0.0517414 -0.998651
    outer loop
      vertex -1.70191 -0.244919 0.347261
      vertex -2.1992 -0.161254 0.349429
      vertex -1.70529 -0.224504 0.348304
    endloop
  endfacet
  facet normal 0.00435659 0.0517825 -0.998649
    outer loop
      vertex -1.70529 -0.224504 0.348304
      vertex -2.1992 -0.161254 0.349429
      vertex -1.70744 -0.202627 0.349429
    endloop
  endfacet
  facet normal 0.0129042 -0.0502912 0.998651
    outer loop
      vertex -1.71863 -0.0419059 0.334096
      vertex -2.19536 -0.207062 0.331939
      vertex -1.71724 -0.0843816 0.331939
    endloop
  endfacet
  facet normal 0.0129109 -0.0503105 0.99865
    outer loop
      vertex -2.19536 -0.207062 0.331939
      vertex -1.71863 -0.0419059 0.334096
      vertex -2.20074 0.138729 0.349429
    endloop
  endfacet
  facet normal 0.00638731 -0.0676392 0.997689
    outer loop
      vertex -1.71632 0.112493 0.344549
      vertex -2.20074 0.138729 0.349429
      vertex -1.72 0 0.336946
    endloop
  endfacet
  facet normal 0.00638782 -0.0676299 0.99769
    outer loop
      vertex -2.20074 0.138729 0.349429
      vertex -1.71632 0.112493 0.344549
      vertex -1.70916 0.18516 0.349429
    endloop
  endfacet
  facet normal 0.00638604 -0.0676436 0.997689
    outer loop
      vertex -1.71863 -0.0419059 0.334096
      vertex -1.72 0 0.336946
      vertex -2.20074 0.138729 0.349429
    endloop
  endfacet
  facet normal 0.979395 0.00502785 -0.20189
    outer loop
      vertex -2.1992 -0.161254 0.349429
      vertex -2.20074 0.138729 0.349429
      vertex -2.19737 0.184573 0.366919
    endloop
  endfacet
  facet normal 0.968133 -0.14819 0.201887
    outer loop
      vertex -2.19737 0.184573 0.366919
      vertex -2.20074 0.138729 0.349429
      vertex -2.15198 0.481109 0.366919
    endloop
  endfacet
  facet normal 0.00569509 0.0676964 -0.99769
    outer loop
      vertex -1.71632 -0.112493 0.355494
      vertex -2.1992 -0.161254 0.349429
      vertex -1.72 0 0.363106
    endloop
  endfacet
  facet normal 0.0056953 0.0676944 -0.99769
    outer loop
      vertex -2.1992 -0.161254 0.349429
      vertex -1.71632 -0.112493 0.355494
      vertex -1.70744 -0.202627 0.349429
    endloop
  endfacet
  facet normal 0.00568825 0.0677166 -0.997688
    outer loop
      vertex -1.71921 0.0242141 0.364754
      vertex -1.72 0 0.363106
      vertex -2.1992 -0.161254 0.349429
    endloop
  endfacet
  facet normal 0.0123896 0.0504262 -0.998651
    outer loop
      vertex -1.71921 0.0242141 0.364754
      vertex -2.19737 0.184573 0.366919
      vertex -1.71781 0.0667462 0.366919
    endloop
  endfacet
  facet normal 0.0123944 0.0504406 -0.99865
    outer loop
      vertex -2.19737 0.184573 0.366919
      vertex -1.71921 0.0242141 0.364754
      vertex -2.1992 -0.161254 0.349429
    endloop
  endfacet
  facet normal 0.00488446 -0.0517103 0.99865
    outer loop
      vertex -2.20074 0.138729 0.349429
      vertex -1.70475 0.227719 0.351611
      vertex -2.15198 0.481109 0.366919
    endloop
  endfacet
  facet normal 0.00489409 -0.0517639 0.998647
    outer loop
      vertex -1.70475 0.227719 0.351611
      vertex -2.20074 0.138729 0.349429
      vertex -1.70529 0.224504 0.351447
    endloop
  endfacet
  facet normal 0.00488342 -0.0517023 0.998651
    outer loop
      vertex -1.70529 0.224504 0.351447
      vertex -2.20074 0.138729 0.349429
      vertex -1.70916 0.18516 0.349429
    endloop
  endfacet
  facet normal -0.00426787 -0.0678059 0.997689
    outer loop
      vertex -1.68695 0.335555 0.359016
      vertex -2.15198 0.481109 0.366919
      vertex -1.70475 0.227719 0.351611
    endloop
  endfacet
  facet normal -0.00426531 -0.0677978 0.99769
    outer loop
      vertex -1.66139 0.445168 0.366574
      vertex -2.15198 0.481109 0.366919
      vertex -1.68695 0.335555 0.359016
    endloop
  endfacet
  facet normal -0.00426134 -0.0677436 0.997694
    outer loop
      vertex -2.15198 0.481109 0.366919
      vertex -1.66139 0.445168 0.366574
      vertex -1.65988 0.450154 0.366919
    endloop
  endfacet
  facet normal 0.968108 -0.148186 -0.202011
    outer loop
      vertex -2.14148 0.525862 0.38441
      vertex -2.19737 0.184573 0.366919
      vertex -2.15198 0.481109 0.366919
    endloop
  endfacet
  facet normal 0.93311 -0.297735 0.20164
    outer loop
      vertex -2.14148 0.525862 0.38441
      vertex -2.15198 0.481109 0.366919
      vertex -2.05029 0.811654 0.38441
    endloop
  endfacet
  facet normal 0.0162116 0.0659648 -0.99769
    outer loop
      vertex -1.70529 0.224504 0.377555
      vertex -2.19737 0.184573 0.366919
      vertex -1.69401 0.292772 0.382252
    endloop
  endfacet
  facet normal 0.0162109 0.0659727 -0.99769
    outer loop
      vertex -1.71632 0.112493 0.369969
      vertex -2.19737 0.184573 0.366919
      vertex -1.70529 0.224504 0.377555
    endloop
  endfacet
  facet normal 0.0162134 0.0659891 -0.997689
    outer loop
      vertex -2.19737 0.184573 0.366919
      vertex -1.71632 0.112493 0.369969
      vertex -1.71781 0.0667462 0.366919
    endloop
  endfacet
  facet normal 0.0201336 0.0478969 -0.998649
    outer loop
      vertex -1.69401 0.292772 0.382252
      vertex -2.14148 0.525862 0.38441
      vertex -1.68707 0.334849 0.38441
    endloop
  endfacet
  facet normal 0.0201272 0.0478846 -0.99865
    outer loop
      vertex -2.14148 0.525862 0.38441
      vertex -1.69401 0.292772 0.382252
      vertex -2.19737 0.184573 0.366919
    endloop
  endfacet
  facet normal -0.00326149 -0.0518408 0.99865
    outer loop
      vertex -2.15198 0.481109 0.366919
      vertex -1.64751 0.490923 0.369076
      vertex -2.05029 0.811654 0.38441
    endloop
  endfacet
  facet normal -0.00326137 -0.0518469 0.99865
    outer loop
      vertex -1.64751 0.490923 0.369076
      vertex -2.15198 0.481109 0.366919
      vertex -1.65988 0.450154 0.366919
    endloop
  endfacet
  facet normal -0.0148123 -0.0663006 0.99769
    outer loop
      vertex -1.62872 0.552876 0.373472
      vertex -2.05029 0.811654 0.38441
      vertex -1.64751 0.490923 0.369076
    endloop
  endfacet
  facet normal -0.0148128 -0.0663015 0.99769
    outer loop
      vertex -1.58907 0.658215 0.381061
      vertex -2.05029 0.811654 0.38441
      vertex -1.62872 0.552876 0.373472
    endloop
  endfacet
  facet normal -0.0148147 -0.0663072 0.997689
    outer loop
      vertex -2.05029 0.811654 0.38441
      vertex -1.58907 0.658215 0.381061
      vertex -1.56834 0.703974 0.38441
    endloop
  endfacet
  facet normal 0.933117 -0.297737 -0.201608
    outer loop
      vertex -2.03293 0.854217 0.401901
      vertex -2.14148 0.525862 0.38441
      vertex -2.05029 0.811654 0.38441
    endloop
  endfacet
  facet normal 0.875014 -0.439918 0.202046
    outer loop
      vertex -2.03293 0.854217 0.401901
      vertex -2.05029 0.811654 0.38441
      vertex -1.89818 1.12224 0.401901
    endloop
  endfacet
  facet normal 0.0262985 0.0631357 -0.997658
    outer loop
      vertex -1.62872 0.552876 0.399636
      vertex -2.14148 0.525862 0.38441
      vertex -1.6283 0.553981 0.399717
    endloop
  endfacet
  facet normal 0.0263263 0.0626259 -0.99769
    outer loop
      vertex -1.66139 0.445168 0.392013
      vertex -2.14148 0.525862 0.38441
      vertex -1.62872 0.552876 0.399636
    endloop
  endfacet
  facet normal 0.0263278 0.0626349 -0.997689
    outer loop
      vertex -1.68695 0.335555 0.384457
      vertex -2.14148 0.525862 0.38441
      vertex -1.66139 0.445168 0.392013
    endloop
  endfacet
  facet normal 0.0260587 0.0619923 -0.997736
    outer loop
      vertex -2.14148 0.525862 0.38441
      vertex -1.68695 0.335555 0.384457
      vertex -1.68707 0.334849 0.38441
    endloop
  endfacet
  facet normal 0.0273619 0.0441403 -0.998651
    outer loop
      vertex -1.6283 0.553981 0.399717
      vertex -2.03293 0.854217 0.401901
      vertex -1.61322 0.594045 0.401901
    endloop
  endfacet
  facet normal 0.0273684 0.044149 -0.99865
    outer loop
      vertex -2.03293 0.854217 0.401901
      vertex -1.6283 0.553981 0.399717
      vertex -2.14148 0.525862 0.38441
    endloop
  endfacet
  facet normal -0.0113252 -0.0506936 0.99865
    outer loop
      vertex -2.05029 0.811654 0.38441
      vertex -1.55076 0.742766 0.386578
      vertex -1.89818 1.12224 0.401901
    endloop
  endfacet
  facet normal -0.0113234 -0.0506808 0.998651
    outer loop
      vertex -1.55076 0.742766 0.386578
      vertex -2.05029 0.811654 0.38441
      vertex -1.56834 0.703974 0.38441
    endloop
  endfacet
  facet normal -0.0250062 -0.0631802 0.997689
    outer loop
      vertex -1.54262 0.760736 0.38792
      vertex -1.89818 1.12224 0.401901
      vertex -1.55076 0.742766 0.386578
    endloop
  endfacet
  facet normal -0.0249999 -0.063174 0.997689
    outer loop
      vertex -1.48956 0.86 0.395535
      vertex -1.89818 1.12224 0.401901
      vertex -1.54262 0.760736 0.38792
    endloop
  endfacet
  facet normal -0.0249983 -0.0631716 0.99769
    outer loop
      vertex -1.89818 1.12224 0.401901
      vertex -1.48956 0.86 0.395535
      vertex -1.43939 0.940687 0.401901
    endloop
  endfacet
  facet normal 0.874986 -0.439904 -0.202195
    outer loop
      vertex -1.87437 1.16156 0.419391
      vertex -2.03293 0.854217 0.401901
      vertex -1.89818 1.12224 0.401901
    endloop
  endfacet
  facet normal 0.79554 -0.571392 0.201561
    outer loop
      vertex -1.87437 1.16156 0.419391
      vertex -1.89818 1.12224 0.401901
      vertex -1.69937 1.40521 0.419391
    endloop
  endfacet
  facet normal 0.0357967 0.0577616 -0.997688
    outer loop
      vertex -1.54262 0.760736 0.414081
      vertex -2.03293 0.854217 0.401901
      vertex -1.52075 0.80166 0.417235
    endloop
  endfacet
  facet normal 0.0357931 0.0577428 -0.99769
    outer loop
      vertex -1.58907 0.658215 0.406481
      vertex -2.03293 0.854217 0.401901
      vertex -1.54262 0.760736 0.414081
    endloop
  endfacet
  facet normal 0.0357911 0.0577383 -0.99769
    outer loop
      vertex -2.03293 0.854217 0.401901
      vertex -1.58907 0.658215 0.406481
      vertex -1.61322 0.594045 0.401901
    endloop
  endfacet
  facet normal 0.0339168 0.0393074 -0.998651
    outer loop
      vertex -1.52075 0.80166 0.417235
      vertex -1.87437 1.16156 0.419391
      vertex -1.50071 0.839144 0.419391
    endloop
  endfacet
  facet normal 0.0339335 0.0393238 -0.99865
    outer loop
      vertex -1.87437 1.16156 0.419391
      vertex -1.52075 0.80166 0.417235
      vertex -2.03293 0.854217 0.401901
    endloop
  endfacet
  facet normal -0.0191124 -0.0482972 0.99865
    outer loop
      vertex -1.89818 1.12224 0.401901
      vertex -1.4155 0.975998 0.404066
      vertex -1.69937 1.40521 0.419391
    endloop
  endfacet
  facet normal -0.0191074 -0.0482808 0.998651
    outer loop
      vertex -1.4155 0.975998 0.404066
      vertex -1.89818 1.12224 0.401901
      vertex -1.43013 0.955581 0.402799
    endloop
  endfacet
  facet normal -0.0191222 -0.0483225 0.998649
    outer loop
      vertex -1.43013 0.955581 0.402799
      vertex -1.89818 1.12224 0.401901
      vertex -1.43939 0.940687 0.401901
    endloop
  endfacet
  facet normal -0.0345691 -0.0584856 0.99769
    outer loop
      vertex -1.36457 1.04707 0.409997
      vertex -1.69937 1.40521 0.419391
      vertex -1.4155 0.975998 0.404066
    endloop
  endfacet
  facet normal -0.034567 -0.0584836 0.99769
    outer loop
      vertex -1.29316 1.13407 0.417571
      vertex -1.69937 1.40521 0.419391
      vertex -1.36457 1.04707 0.409997
    endloop
  endfacet
  facet normal -0.0345471 -0.0584539 0.997692
    outer loop
      vertex -1.69937 1.40521 0.419391
      vertex -1.29316 1.13407 0.417571
      vertex -1.27444 1.15407 0.419391
    endloop
  endfacet
  facet normal 0.795513 -0.571372 -0.201723
    outer loop
      vertex -1.66971 1.44033 0.436882
      vertex -1.87437 1.16156 0.419391
      vertex -1.69937 1.40521 0.419391
    endloop
  endfacet
  facet normal 0.69636 -0.688688 0.201971
    outer loop
      vertex -1.66971 1.44033 0.436882
      vertex -1.69937 1.40521 0.419391
      vertex -1.45876 1.65363 0.436882
    endloop
  endfacet
  facet normal 0.0443833 0.0514371 -0.99769
    outer loop
      vertex -1.43013 0.955581 0.428534
      vertex -1.87437 1.16156 0.419391
      vertex -1.37704 1.02966 0.434715
    endloop
  endfacet
  facet normal 0.0443811 0.0514322 -0.99769
    outer loop
      vertex -1.48956 0.86 0.420963
      vertex -1.87437 1.16156 0.419391
      vertex -1.43013 0.955581 0.428534
    endloop
  endfacet
  facet normal 0.0444034 0.0514608 -0.997687
    outer loop
      vertex -1.87437 1.16156 0.419391
      vertex -1.48956 0.86 0.420963
      vertex -1.50071 0.839144 0.419391
    endloop
  endfacet
  facet normal 0.0396585 0.0335323 -0.99865
    outer loop
      vertex -1.36457 1.04707 0.435795
      vertex -1.66971 1.44033 0.436882
      vertex -1.35109 1.0635 0.436882
    endloop
  endfacet
  facet normal 0.0396663 0.0335384 -0.99865
    outer loop
      vertex -1.37704 1.02966 0.434715
      vertex -1.66971 1.44033 0.436882
      vertex -1.36457 1.04707 0.435795
    endloop
  endfacet
  facet normal 0.0396658 0.033538 -0.99865
    outer loop
      vertex -1.66971 1.44033 0.436882
      vertex -1.37704 1.02966 0.434715
      vertex -1.87437 1.16156 0.419391
    endloop
  endfacet
  facet normal -0.0264292 -0.0447156 0.99865
    outer loop
      vertex -1.69937 1.40521 0.419391
      vertex -1.24539 1.18508 0.421549
      vertex -1.45876 1.65363 0.436882
    endloop
  endfacet
  facet normal -0.0264366 -0.0447308 0.998649
    outer loop
      vertex -1.24539 1.18508 0.421549
      vertex -1.69937 1.40521 0.419391
      vertex -1.27444 1.15407 0.419391
    endloop
  endfacet
  facet normal -0.0432893 -0.052362 0.997689
    outer loop
      vertex -1.21622 1.21622 0.424449
      vertex -1.45876 1.65363 0.436882
      vertex -1.24539 1.18508 0.421549
    endloop
  endfacet
  facet normal -0.0432852 -0.0523597 0.99769
    outer loop
      vertex -1.13407 1.29316 0.432051
      vertex -1.45876 1.65363 0.436882
      vertex -1.21622 1.21622 0.424449
    endloop
  endfacet
  facet normal -0.043288 -0.0523623 0.997689
    outer loop
      vertex -1.45876 1.65363 0.436882
      vertex -1.13407 1.29316 0.432051
      vertex -1.0782 1.33902 0.436882
    endloop
  endfacet
  facet normal 0.696425 -0.688752 -0.201524
    outer loop
      vertex -1.42398 1.68368 0.454372
      vertex -1.66971 1.44033 0.436882
      vertex -1.45876 1.65363 0.436882
    endloop
  endfacet
  facet normal 0.580095 -0.789065 0.202155
    outer loop
      vertex -1.42398 1.68368 0.454372
      vertex -1.45876 1.65363 0.436882
      vertex -1.18228 1.86137 0.454372
    endloop
  endfacet
  facet normal 0.0518706 0.0438512 -0.997691
    outer loop
      vertex -1.21622 1.21622 0.450609
      vertex -1.66971 1.44033 0.436882
      vertex -1.19908 1.23228 0.452206
    endloop
  endfacet
  facet normal 0.0518792 0.0438688 -0.997689
    outer loop
      vertex -1.29316 1.13407 0.442996
      vertex -1.66971 1.44033 0.436882
      vertex -1.21622 1.21622 0.450609
    endloop
  endfacet
  facet normal 0.0518702 0.0438577 -0.99769
    outer loop
      vertex -1.66971 1.44033 0.436882
      vertex -1.29316 1.13407 0.442996
      vertex -1.35109 1.0635 0.436882
    endloop
  endfacet
  facet normal 0.0444243 0.0269253 -0.99865
    outer loop
      vertex -1.19908 1.23228 0.452206
      vertex -1.42398 1.68368 0.454372
      vertex -1.16802 1.26137 0.454372
    endloop
  endfacet
  facet normal 0.0444181 0.0269223 -0.99865
    outer loop
      vertex -1.42398 1.68368 0.454372
      vertex -1.19908 1.23228 0.452206
      vertex -1.66971 1.44033 0.436882
    endloop
  endfacet
  facet normal -0.0330948 -0.0400324 0.99865
    outer loop
      vertex -1.45876 1.65363 0.436882
      vertex -1.04501 1.36604 0.439065
      vertex -1.18228 1.86137 0.454372
    endloop
  endfacet
  facet normal -0.0332869 -0.0403089 0.998633
    outer loop
      vertex -1.04501 1.36604 0.439065
      vertex -1.45876 1.65363 0.436882
      vertex -1.04707 1.36457 0.438937
    endloop
  endfacet
  facet normal -0.0330813 -0.040016 0.998651
    outer loop
      vertex -1.04707 1.36457 0.438937
      vertex -1.45876 1.65363 0.436882
      vertex -1.0782 1.33902 0.436882
    endloop
  endfacet
  facet normal -0.0509357 -0.044947 0.99769
    outer loop
      vertex -0.955581 1.43013 0.446518
      vertex -1.18228 1.86137 0.454372
      vertex -1.04501 1.36604 0.439065
    endloop
  endfacet
  facet normal -0.0509424 -0.0449505 0.997689
    outer loop
      vertex -0.86 1.48956 0.454076
      vertex -1.18228 1.86137 0.454372
      vertex -0.955581 1.43013 0.446518
    endloop
  endfacet
  facet normal -0.0508655 -0.0448838 0.997696
    outer loop
      vertex -1.18228 1.86137 0.454372
      vertex -0.86 1.48956 0.454076
      vertex -0.856056 1.49167 0.454372
    endloop
  endfacet
  facet normal 0.580124 -0.789104 -0.201918
    outer loop
      vertex -1.14322 1.88561 0.471863
      vertex -1.42398 1.68368 0.454372
      vertex -1.18228 1.86137 0.454372
    endloop
  endfacet
  facet normal 0.449646 -0.870126 0.201743
    outer loop
      vertex -1.14322 1.88561 0.471863
      vertex -1.18228 1.86137 0.454372
      vertex -0.876713 2.02333 0.471863
    endloop
  endfacet
  facet normal 0.0581 0.0352172 -0.997689
    outer loop
      vertex -1.04707 1.36457 0.465057
      vertex -1.42398 1.68368 0.454372
      vertex -0.991422 1.40444 0.469705
    endloop
  endfacet
  facet normal 0.0580937 0.0352097 -0.99769
    outer loop
      vertex -1.13407 1.29316 0.457471
      vertex -1.42398 1.68368 0.454372
      vertex -1.04707 1.36457 0.465057
    endloop
  endfacet
  facet normal 0.0580979 0.0352129 -0.99769
    outer loop
      vertex -1.42398 1.68368 0.454372
      vertex -1.13407 1.29316 0.457471
      vertex -1.16802 1.26137 0.454372
    endloop
  endfacet
  facet normal 0.0480953 0.0196518 -0.998649
    outer loop
      vertex -0.991422 1.40444 0.469705
      vertex -1.14322 1.88561 0.471863
      vertex -0.956763 1.42928 0.471863
    endloop
  endfacet
  facet normal 0.0480833 0.019648 -0.99865
    outer loop
      vertex -1.14322 1.88561 0.471863
      vertex -0.991422 1.40444 0.469705
      vertex -1.42398 1.68368 0.454372
    endloop
  endfacet
  facet normal -0.038948 -0.0343676 0.99865
    outer loop
      vertex -1.18228 1.86137 0.454372
      vertex -0.818478 1.51176 0.456529
      vertex -0.876713 2.02333 0.471863
    endloop
  endfacet
  facet normal -0.0389489 -0.0343686 0.99865
    outer loop
      vertex -0.818478 1.51176 0.456529
      vertex -1.18228 1.86137 0.454372
      vertex -0.856056 1.49167 0.454372
    endloop
  endfacet
  facet normal -0.0573481 -0.0364334 0.997689
    outer loop
      vertex -0.760736 1.54262 0.460975
      vertex -0.876713 2.02333 0.471863
      vertex -0.818478 1.51176 0.456529
    endloop
  endfacet
  facet normal -0.0573371 -0.0364308 0.99769
    outer loop
      vertex -0.658215 1.58907 0.468563
      vertex -0.876713 2.02333 0.471863
      vertex -0.760736 1.54262 0.460975
    endloop
  endfacet
  facet normal -0.0573479 -0.0364362 0.997689
    outer loop
      vertex -0.876713 2.02333 0.471863
      vertex -0.658215 1.58907 0.468563
      vertex -0.611885 1.60651 0.471863
    endloop
  endfacet
  facet normal 0.449608 -0.870052 -0.202144
    outer loop
      vertex -0.834346 2.04116 0.489353
      vertex -1.14322 1.88561 0.471863
      vertex -0.876713 2.02333 0.471863
    endloop
  endfacet
  facet normal 0.308089 -0.929765 0.201539
    outer loop
      vertex -0.834346 2.04116 0.489353
      vertex -0.876713 2.02333 0.471863
      vertex -0.549582 2.13552 0.489353
    endloop
  endfacet
  facet normal 0.0633459 0.0262098 -0.997647
    outer loop
      vertex -0.760736 1.54262 0.487138
      vertex -1.14322 1.88561 0.471863
      vertex -0.760338 1.5428 0.487168
    endloop
  endfacet
  facet normal 0.0628841 0.025693 -0.99769
    outer loop
      vertex -0.86 1.48956 0.479515
      vertex -1.14322 1.88561 0.471863
      vertex -0.760736 1.54262 0.487138
    endloop
  endfacet
  facet normal 0.0628919 0.0256986 -0.997689
    outer loop
      vertex -0.955581 1.43013 0.471959
      vertex -1.14322 1.88561 0.471863
      vertex -0.86 1.48956 0.479515
    endloop
  endfacet
  facet normal 0.0626295 0.0255905 -0.997709
    outer loop
      vertex -1.14322 1.88561 0.471863
      vertex -0.955581 1.43013 0.471959
      vertex -0.956763 1.42928 0.471863
    endloop
  endfacet
  facet normal 0.0505617 0.011887 -0.99865
    outer loop
      vertex -0.760338 1.5428 0.487168
      vertex -0.834346 2.04116 0.489353
      vertex -0.721336 1.56047 0.489353
    endloop
  endfacet
  facet normal 0.0505622 0.0118871 -0.99865
    outer loop
      vertex -0.834346 2.04116 0.489353
      vertex -0.760338 1.5428 0.487168
      vertex -1.14322 1.88561 0.471863
    endloop
  endfacet
  facet normal -0.0438402 -0.0278538 0.99865
    outer loop
      vertex -0.876713 2.02333 0.471863
      vertex -0.572032 1.62151 0.474031
      vertex -0.549582 2.13552 0.489353
    endloop
  endfacet
  facet normal -0.0438422 -0.0278553 0.99865
    outer loop
      vertex -0.572032 1.62151 0.474031
      vertex -0.876713 2.02333 0.471863
      vertex -0.611885 1.60651 0.471863
    endloop
  endfacet
  facet normal -0.062327 -0.0270163 0.99769
    outer loop
      vertex -0.549582 2.13552 0.489353
      vertex -0.445168 1.66139 0.483037
      vertex -0.353346 1.6828 0.489353
    endloop
  endfacet
  facet normal -0.0623328 -0.0270175 0.99769
    outer loop
      vertex -0.549582 2.13552 0.489353
      vertex -0.552876 1.62872 0.475423
      vertex -0.445168 1.66139 0.483037
    endloop
  endfacet
  facet normal -0.0623297 -0.0270176 0.99769
    outer loop
      vertex -0.552876 1.62872 0.475423
      vertex -0.549582 2.13552 0.489353
      vertex -0.572032 1.62151 0.474031
    endloop
  endfacet
  facet normal 0.30806 -0.929677 -0.201989
    outer loop
      vertex -0.504948 2.14651 0.506843
      vertex -0.834346 2.04116 0.489353
      vertex -0.549582 2.13552 0.489353
    endloop
  endfacet
  facet normal 0.158903 -0.966458 0.201765
    outer loop
      vertex -0.504948 2.14651 0.506843
      vertex -0.549582 2.13552 0.489353
      vertex -0.208935 2.19518 0.506843
    endloop
  endfacet
  facet normal 0.0661239 0.015542 -0.99769
    outer loop
      vertex -0.552876 1.62872 0.501583
      vertex -0.834346 2.04116 0.489353
      vertex -0.509174 1.64198 0.504686
    endloop
  endfacet
  facet normal 0.0661298 0.015546 -0.99769
    outer loop
      vertex -0.658215 1.58907 0.493983
      vertex -0.834346 2.04116 0.489353
      vertex -0.552876 1.62872 0.501583
    endloop
  endfacet
  facet normal 0.0661366 0.0155487 -0.997689
    outer loop
      vertex -0.834346 2.04116 0.489353
      vertex -0.658215 1.58907 0.493983
      vertex -0.721336 1.56047 0.489353
    endloop
  endfacet
  facet normal 0.0517996 0.00383562 -0.99865
    outer loop
      vertex -0.509174 1.64198 0.504686
      vertex -0.504948 2.14651 0.506843
      vertex -0.468502 1.65431 0.506843
    endloop
  endfacet
  facet normal 0.0517985 0.00383563 -0.99865
    outer loop
      vertex -0.504948 2.14651 0.506843
      vertex -0.509174 1.64198 0.504686
      vertex -0.834346 2.04116 0.489353
    endloop
  endfacet
  facet normal -0.0476562 -0.0206579 0.99865
    outer loop
      vertex -0.549582 2.13552 0.489353
      vertex -0.31149 1.69092 0.491518
      vertex -0.208935 2.19518 0.506843
    endloop
  endfacet
  facet normal -0.0476365 -0.0206473 0.998651
    outer loop
      vertex -0.31149 1.69092 0.491518
      vertex -0.549582 2.13552 0.489353
      vertex -0.335555 1.68695 0.490288
    endloop
  endfacet
  facet normal -0.0476643 -0.0206606 0.99865
    outer loop
      vertex -0.335555 1.68695 0.490288
      vertex -0.549582 2.13552 0.489353
      vertex -0.353346 1.6828 0.489353
    endloop
  endfacet
  facet normal -0.0657729 -0.0169364 0.997691
    outer loop
      vertex -0.208935 2.19518 0.506843
      vertex -0.112493 1.71632 0.505072
      vertex -0.0858532 1.71719 0.506843
    endloop
  endfacet
  facet normal -0.0657939 -0.0169407 0.997689
    outer loop
      vertex -0.208935 2.19518 0.506843
      vertex -0.224504 1.70529 0.497498
      vertex -0.112493 1.71632 0.505072
    endloop
  endfacet
  facet normal -0.0657893 -0.0169408 0.99769
    outer loop
      vertex -0.224504 1.70529 0.497498
      vertex -0.208935 2.19518 0.506843
      vertex -0.31149 1.69092 0.491518
    endloop
  endfacet
  facet normal 0.158904 -0.966463 -0.201737
    outer loop
      vertex -0.163131 2.19906 0.524334
      vertex -0.504948 2.14651 0.506843
      vertex -0.208935 2.19518 0.506843
    endloop
  endfacet
  facet normal 0.00584397 -0.979378 0.20195
    outer loop
      vertex -0.163131 2.19906 0.524334
      vertex -0.208935 2.19518 0.506843
      vertex 0.136851 2.20085 0.524334
    endloop
  endfacet
  facet normal 0.0677465 0.00501353 -0.99769
    outer loop
      vertex -0.335555 1.68695 0.516036
      vertex -0.504948 2.14651 0.506843
      vertex -0.246355 1.70168 0.522167
    endloop
  endfacet
  facet normal 0.0677504 0.00501497 -0.99769
    outer loop
      vertex -0.445168 1.66139 0.508464
      vertex -0.504948 2.14651 0.506843
      vertex -0.335555 1.68695 0.516036
    endloop
  endfacet
  facet normal 0.0677858 0.00501935 -0.997687
    outer loop
      vertex -0.504948 2.14651 0.506843
      vertex -0.445168 1.66139 0.508464
      vertex -0.468502 1.65431 0.506843
    endloop
  endfacet
  facet normal 0.05177 -0.00431112 -0.99865
    outer loop
      vertex -0.224504 1.70529 0.523284
      vertex -0.163131 2.19906 0.524334
      vertex -0.204082 1.7073 0.524334
    endloop
  endfacet
  facet normal 0.051762 -0.00431012 -0.99865
    outer loop
      vertex -0.246355 1.70168 0.522167
      vertex -0.163131 2.19906 0.524334
      vertex -0.224504 1.70529 0.523284
    endloop
  endfacet
  facet normal 0.0517643 -0.0043105 -0.99865
    outer loop
      vertex -0.163131 2.19906 0.524334
      vertex -0.246355 1.70168 0.522167
      vertex -0.504948 2.14651 0.506843
    endloop
  endfacet
  facet normal -0.0503026 -0.012952 0.99865
    outer loop
      vertex -0.208935 2.19518 0.506843
      vertex -0.0433768 1.71858 0.509001
      vertex 0.136851 2.20085 0.524334
    endloop
  endfacet
  facet normal -0.0503121 -0.0129553 0.99865
    outer loop
      vertex -0.0433768 1.71858 0.509001
      vertex -0.208935 2.19518 0.506843
      vertex -0.0858532 1.71719 0.506843
    endloop
  endfacet
  facet normal -0.0676338 -0.00644651 0.997689
    outer loop
      vertex 0.136851 2.20085 0.524334
      vertex 0.112493 1.71632 0.519552
      vertex 0.183703 1.7093 0.524334
    endloop
  endfacet
  facet normal -0.0676323 -0.00644659 0.997689
    outer loop
      vertex 0.136851 2.20085 0.524334
      vertex 0 1.72 0.51195
      vertex 0.112493 1.71632 0.519552
    endloop
  endfacet
  facet normal -0.0676175 -0.00645083 0.99769
    outer loop
      vertex 0 1.72 0.51195
      vertex 0.136851 2.20085 0.524334
      vertex -0.0433768 1.71858 0.509001
    endloop
  endfacet
  facet normal 0.00584417 -0.979411 -0.201794
    outer loop
      vertex 0.182698 2.19752 0.541824
      vertex -0.163131 2.19906 0.524334
      vertex 0.136851 2.20085 0.524334
    endloop
  endfacet
  facet normal -0.147342 -0.968264 0.201879
    outer loop
      vertex 0.182698 2.19752 0.541824
      vertex 0.136851 2.20085 0.524334
      vertex 0.479272 2.15239 0.541824
    endloop
  endfacet
  facet normal 0.0676991 -0.00563887 -0.99769
    outer loop
      vertex 0 1.72 0.538111
      vertex -0.163131 2.19906 0.524334
      vertex 0.0227367 1.71926 0.539658
    endloop
  endfacet
  facet normal 0.0677034 -0.00563739 -0.99769
    outer loop
      vertex -0.112493 1.71632 0.530498
      vertex -0.163131 2.19906 0.524334
      vertex 0 1.72 0.538111
    endloop
  endfacet
  facet normal 0.0677004 -0.00563771 -0.99769
    outer loop
      vertex -0.163131 2.19906 0.524334
      vertex -0.112493 1.71632 0.530498
      vertex -0.204082 1.7073 0.524334
    endloop
  endfacet
  facet normal 0.0504394 -0.0123474 -0.998651
    outer loop
      vertex 0.0227367 1.71926 0.539658
      vertex 0.182698 2.19752 0.541824
      vertex 0.0652787 1.71786 0.541824
    endloop
  endfacet
  facet normal 0.0504509 -0.0123513 -0.99865
    outer loop
      vertex 0.182698 2.19752 0.541824
      vertex 0.0227367 1.71926 0.539658
      vertex -0.163131 2.19906 0.524334
    endloop
  endfacet
  facet normal -0.0517062 -0.00492971 0.99865
    outer loop
      vertex 0.136851 2.20085 0.524334
      vertex 0.226289 1.70499 0.526517
      vertex 0.479272 2.15239 0.541824
    endloop
  endfacet
  facet normal -0.0517411 -0.00493601 0.998648
    outer loop
      vertex 0.226289 1.70499 0.526517
      vertex 0.136851 2.20085 0.524334
      vertex 0.224504 1.70529 0.526426
    endloop
  endfacet
  facet normal -0.0516883 -0.00492666 0.998651
    outer loop
      vertex 0.224504 1.70529 0.526426
      vertex 0.136851 2.20085 0.524334
      vertex 0.183703 1.7093 0.524334
    endloop
  endfacet
  facet normal -0.0677192 0.00420176 0.997696
    outer loop
      vertex 0.479272 2.15239 0.541824
      vertex 0.445168 1.66139 0.541577
      vertex 0.44874 1.66031 0.541824
    endloop
  endfacet
  facet normal -0.0678111 0.00420815 0.997689
    outer loop
      vertex 0.479272 2.15239 0.541824
      vertex 0.335555 1.68695 0.534019
      vertex 0.445168 1.66139 0.541577
    endloop
  endfacet
  facet normal -0.0678051 0.00420628 0.99769
    outer loop
      vertex 0.335555 1.68695 0.534019
      vertex 0.479272 2.15239 0.541824
      vertex 0.226289 1.70499 0.526517
    endloop
  endfacet
  facet normal -0.14734 -0.968249 -0.201951
    outer loop
      vertex 0.524035 2.14193 0.559316
      vertex 0.182698 2.19752 0.541824
      vertex 0.479272 2.15239 0.541824
    endloop
  endfacet
  facet normal -0.296943 -0.933335 0.201771
    outer loop
      vertex 0.524035 2.14193 0.559316
      vertex 0.479272 2.15239 0.541824
      vertex 0.809904 2.05098 0.559316
    endloop
  endfacet
  facet normal 0.0659794 -0.0161568 -0.99769
    outer loop
      vertex 0.224504 1.70529 0.55256
      vertex 0.182698 2.19752 0.541824
      vertex 0.291328 1.69425 0.557158
    endloop
  endfacet
  facet normal 0.0659959 -0.0161554 -0.997689
    outer loop
      vertex 0.112493 1.71632 0.544972
      vertex 0.182698 2.19752 0.541824
      vertex 0.224504 1.70529 0.55256
    endloop
  endfacet
  facet normal 0.0659937 -0.0161551 -0.997689
    outer loop
      vertex 0.182698 2.19752 0.541824
      vertex 0.112493 1.71632 0.544972
      vertex 0.0652787 1.71786 0.541824
    endloop
  endfacet
  facet normal 0.0479203 -0.0200954 -0.998649
    outer loop
      vertex 0.291328 1.69425 0.557158
      vertex 0.524035 2.14193 0.559316
      vertex 0.33339 1.68731 0.559316
    endloop
  endfacet
  facet normal 0.0479049 -0.0200874 -0.99865
    outer loop
      vertex 0.524035 2.14193 0.559316
      vertex 0.291328 1.69425 0.557158
      vertex 0.182698 2.19752 0.541824
    endloop
  endfacet
  facet normal -0.0518467 0.00321669 0.99865
    outer loop
      vertex 0.479272 2.15239 0.541824
      vertex 0.489522 1.64794 0.543981
      vertex 0.809904 2.05098 0.559316
    endloop
  endfacet
  facet normal -0.0518439 0.00321675 0.99865
    outer loop
      vertex 0.489522 1.64794 0.543981
      vertex 0.479272 2.15239 0.541824
      vertex 0.44874 1.66031 0.541824
    endloop
  endfacet
  facet normal -0.066327 0.0147596 0.997689
    outer loop
      vertex 0.809904 2.05098 0.559316
      vertex 0.658215 1.58907 0.556065
      vertex 0.702637 1.56894 0.559316
    endloop
  endfacet
  facet normal -0.0663138 0.0147552 0.99769
    outer loop
      vertex 0.809904 2.05098 0.559316
      vertex 0.552876 1.62872 0.548477
      vertex 0.658215 1.58907 0.556065
    endloop
  endfacet
  facet normal -0.066324 0.0147615 0.997689
    outer loop
      vertex 0.552876 1.62872 0.548477
      vertex 0.809904 2.05098 0.559316
      vertex 0.489522 1.64794 0.543981
    endloop
  endfacet
  facet normal -0.296966 -0.933408 -0.201395
    outer loop
      vertex 0.852482 2.03366 0.576806
      vertex 0.524035 2.14193 0.559316
      vertex 0.809904 2.05098 0.559316
    endloop
  endfacet
  facet normal -0.43917 -0.87533 0.202302
    outer loop
      vertex 0.852482 2.03366 0.576806
      vertex 0.809904 2.05098 0.559316
      vertex 1.12062 1.89913 0.576806
    endloop
  endfacet
  facet normal 0.0626548 -0.0262717 -0.997689
    outer loop
      vertex 0.445168 1.66139 0.567017
      vertex 0.524035 2.14193 0.559316
      vertex 0.55259 1.62881 0.574621
    endloop
  endfacet
  facet normal 0.0626483 -0.0262706 -0.99769
    outer loop
      vertex 0.335555 1.68695 0.559461
      vertex 0.524035 2.14193 0.559316
      vertex 0.445168 1.66139 0.567017
    endloop
  endfacet
  facet normal 0.0624651 -0.0261947 -0.997703
    outer loop
      vertex 0.524035 2.14193 0.559316
      vertex 0.335555 1.68695 0.559461
      vertex 0.33339 1.68731 0.559316
    endloop
  endfacet
  facet normal 0.0441662 -0.027326 -0.99865
    outer loop
      vertex 0.552876 1.62872 0.574636
      vertex 0.852482 2.03366 0.576806
      vertex 0.592674 1.61374 0.576806
    endloop
  endfacet
  facet normal 0.0438519 -0.0270934 -0.998671
    outer loop
      vertex 0.55259 1.62881 0.574621
      vertex 0.852482 2.03366 0.576806
      vertex 0.552876 1.62872 0.574636
    endloop
  endfacet
  facet normal 0.0441699 -0.027329 -0.99865
    outer loop
      vertex 0.852482 2.03366 0.576806
      vertex 0.55259 1.62881 0.574621
      vertex 0.524035 2.14193 0.559316
    endloop
  endfacet
  facet normal -0.0507 0.0112814 0.99865
    outer loop
      vertex 0.809904 2.05098 0.559316
      vertex 0.741418 1.55137 0.561483
      vertex 1.12062 1.89913 0.576806
    endloop
  endfacet
  facet normal -0.0506919 0.0112803 0.998651
    outer loop
      vertex 0.741418 1.55137 0.561483
      vertex 0.809904 2.05098 0.559316
      vertex 0.702637 1.56894 0.559316
    endloop
  endfacet
  facet normal -0.0631911 0.0249441 0.99769
    outer loop
      vertex 1.12062 1.89913 0.576806
      vertex 0.86 1.48956 0.570539
      vertex 0.939446 1.44016 0.576806
    endloop
  endfacet
  facet normal -0.0631932 0.0249454 0.99769
    outer loop
      vertex 1.12062 1.89913 0.576806
      vertex 0.760736 1.54262 0.562925
      vertex 0.86 1.48956 0.570539
    endloop
  endfacet
  facet normal -0.0631801 0.0249322 0.997691
    outer loop
      vertex 0.760736 1.54262 0.562925
      vertex 1.12062 1.89913 0.576806
      vertex 0.741418 1.55137 0.561483
    endloop
  endfacet
  facet normal -0.439214 -0.875418 -0.20183
    outer loop
      vertex 1.15996 1.87536 0.594296
      vertex 0.852482 2.03366 0.576806
      vertex 1.12062 1.89913 0.576806
    endloop
  endfacet
  facet normal -0.570677 -0.795989 0.201816
    outer loop
      vertex 1.15996 1.87536 0.594296
      vertex 1.12062 1.89913 0.576806
      vertex 1.40376 1.70057 0.594296
    endloop
  endfacet
  facet normal 0.0577616 -0.0357426 -0.99769
    outer loop
      vertex 0.760736 1.54262 0.589086
      vertex 0.852482 2.03366 0.576806
      vertex 0.800363 1.52144 0.592139
    endloop
  endfacet
  facet normal 0.0577744 -0.0357449 -0.99769
    outer loop
      vertex 0.658215 1.58907 0.581485
      vertex 0.852482 2.03366 0.576806
      vertex 0.760736 1.54262 0.589086
    endloop
  endfacet
  facet normal 0.0577714 -0.0357436 -0.99769
    outer loop
      vertex 0.852482 2.03366 0.576806
      vertex 0.658215 1.58907 0.581485
      vertex 0.592674 1.61374 0.576806
    endloop
  endfacet
  facet normal 0.0393486 -0.0338934 -0.998651
    outer loop
      vertex 0.800363 1.52144 0.592139
      vertex 1.15996 1.87536 0.594296
      vertex 0.837845 1.5014 0.594296
    endloop
  endfacet
  facet normal 0.0393534 -0.0338983 -0.99865
    outer loop
      vertex 1.15996 1.87536 0.594296
      vertex 0.800363 1.52144 0.592139
      vertex 0.852482 2.03366 0.576806
    endloop
  endfacet
  facet normal -0.0483138 0.0190715 0.99865
    outer loop
      vertex 1.12062 1.89913 0.576806
      vertex 0.974814 1.41634 0.578972
      vertex 1.40376 1.70057 0.594296
    endloop
  endfacet
  facet normal -0.0483212 0.0190737 0.99865
    outer loop
      vertex 1.12062 1.89913 0.576806
      vertex 0.955581 1.43013 0.577778
      vertex 0.974814 1.41634 0.578972
    endloop
  endfacet
  facet normal -0.0483068 0.0190686 0.998651
    outer loop
      vertex 0.955581 1.43013 0.577778
      vertex 1.12062 1.89913 0.576806
      vertex 0.939446 1.44016 0.576806
    endloop
  endfacet
  facet normal -0.0585023 0.0345093 0.997691
    outer loop
      vertex 1.40376 1.70057 0.594296
      vertex 1.13407 1.29316 0.592574
      vertex 1.15299 1.27545 0.594296
    endloop
  endfacet
  facet normal -0.0585134 0.0345167 0.99769
    outer loop
      vertex 1.40376 1.70057 0.594296
      vertex 1.04707 1.36457 0.585001
      vertex 1.13407 1.29316 0.592574
    endloop
  endfacet
  facet normal -0.0585149 0.0345184 0.99769
    outer loop
      vertex 1.04707 1.36457 0.585001
      vertex 1.40376 1.70057 0.594296
      vertex 0.974814 1.41634 0.578972
    endloop
  endfacet
  facet normal -0.570703 -0.796027 -0.201592
    outer loop
      vertex 1.43891 1.67094 0.611787
      vertex 1.15996 1.87536 0.594296
      vertex 1.40376 1.70057 0.594296
    endloop
  endfacet
  facet normal -0.688077 -0.696891 0.202219
    outer loop
      vertex 1.43891 1.67094 0.611787
      vertex 1.40376 1.70057 0.594296
      vertex 1.65238 1.46017 0.611787
    endloop
  endfacet
  facet normal 0.0514668 -0.0443353 -0.99769
    outer loop
      vertex 0.955581 1.43013 0.603538
      vertex 1.15996 1.87536 0.594296
      vertex 1.02848 1.37789 0.60962
    endloop
  endfacet
  facet normal 0.0514702 -0.0443368 -0.99769
    outer loop
      vertex 0.86 1.48956 0.595966
      vertex 1.15996 1.87536 0.594296
      vertex 0.955581 1.43013 0.603538
    endloop
  endfacet
  facet normal 0.0514979 -0.0443583 -0.997687
    outer loop
      vertex 1.15996 1.87536 0.594296
      vertex 0.86 1.48956 0.595966
      vertex 0.837845 1.5014 0.594296
    endloop
  endfacet
  facet normal 0.0335769 -0.0396421 -0.99865
    outer loop
      vertex 1.04707 1.36457 0.610774
      vertex 1.43891 1.67094 0.611787
      vertex 1.06237 1.35201 0.611787
    endloop
  endfacet
  facet normal 0.0335829 -0.0396498 -0.998649
    outer loop
      vertex 1.02848 1.37789 0.60962
      vertex 1.43891 1.67094 0.611787
      vertex 1.04707 1.36457 0.610774
    endloop
  endfacet
  facet normal 0.0335727 -0.0396355 -0.99865
    outer loop
      vertex 1.43891 1.67094 0.611787
      vertex 1.02848 1.37789 0.60962
      vertex 1.15996 1.87536 0.594296
    endloop
  endfacet
  facet normal -0.0447386 0.0263913 0.99865
    outer loop
      vertex 1.40376 1.70057 0.594296
      vertex 1.18401 1.24639 0.596454
      vertex 1.65238 1.46017 0.611787
    endloop
  endfacet
  facet normal -0.0447467 0.0263952 0.99865
    outer loop
      vertex 1.18401 1.24639 0.596454
      vertex 1.40376 1.70057 0.594296
      vertex 1.15299 1.27545 0.594296
    endloop
  endfacet
  facet normal -0.0524065 0.0432487 0.997689
    outer loop
      vertex 1.65238 1.46017 0.611787
      vertex 1.29316 1.13407 0.607054
      vertex 1.33809 1.07933 0.611787
    endloop
  endfacet
  facet normal -0.052397 0.0432382 0.99769
    outer loop
      vertex 1.65238 1.46017 0.611787
      vertex 1.21622 1.21622 0.599453
      vertex 1.29316 1.13407 0.607054
    endloop
  endfacet
  facet normal -0.0523955 0.0432355 0.99769
    outer loop
      vertex 1.21622 1.21622 0.599453
      vertex 1.65238 1.46017 0.611787
      vertex 1.18401 1.24639 0.596454
    endloop
  endfacet
  facet normal -0.688158 -0.696974 -0.201658
    outer loop
      vertex 1.68246 1.42541 0.629277
      vertex 1.43891 1.67094 0.611787
      vertex 1.65238 1.46017 0.611787
    endloop
  endfacet
  facet normal -0.788592 -0.580817 0.201924
    outer loop
      vertex 1.68246 1.42541 0.629277
      vertex 1.65238 1.46017 0.611787
      vertex 1.86036 1.18387 0.629277
    endloop
  endfacet
  facet normal 0.0439168 -0.0518426 -0.997689
    outer loop
      vertex 1.21622 1.21622 0.625613
      vertex 1.43891 1.67094 0.611787
      vertex 1.23127 1.20016 0.62711
    endloop
  endfacet
  facet normal 0.0439074 -0.0518381 -0.99769
    outer loop
      vertex 1.13407 1.29316 0.618
      vertex 1.43891 1.67094 0.611787
      vertex 1.21622 1.21622 0.625613
    endloop
  endfacet
  facet normal 0.0439059 -0.0518368 -0.99769
    outer loop
      vertex 1.43891 1.67094 0.611787
      vertex 1.13407 1.29316 0.618
      vertex 1.06237 1.35201 0.611787
    endloop
  endfacet
  facet normal 0.026962 -0.0443991 -0.99865
    outer loop
      vertex 1.23127 1.20016 0.62711
      vertex 1.68246 1.42541 0.629277
      vertex 1.26037 1.16909 0.629277
    endloop
  endfacet
  facet normal 0.0269599 -0.044395 -0.99865
    outer loop
      vertex 1.68246 1.42541 0.629277
      vertex 1.23127 1.20016 0.62711
      vertex 1.43891 1.67094 0.611787
    endloop
  endfacet
  facet normal -0.0400617 0.0330595 0.99865
    outer loop
      vertex 1.65238 1.46017 0.611787
      vertex 1.3652 1.04619 0.613971
      vertex 1.86036 1.18387 0.629277
    endloop
  endfacet
  facet normal -0.0397367 0.0328342 0.998671
    outer loop
      vertex 1.65238 1.46017 0.611787
      vertex 1.36457 1.04707 0.613917
      vertex 1.3652 1.04619 0.613971
    endloop
  endfacet
  facet normal -0.0400568 0.0330571 0.99865
    outer loop
      vertex 1.36457 1.04707 0.613917
      vertex 1.65238 1.46017 0.611787
      vertex 1.33809 1.07933 0.611787
    endloop
  endfacet
  facet normal -0.0449185 0.0508175 0.997697
    outer loop
      vertex 1.86036 1.18387 0.629277
      vertex 1.48956 0.86 0.629079
      vertex 1.49097 0.857359 0.629277
    endloop
  endfacet
  facet normal -0.0449946 0.0509046 0.997689
    outer loop
      vertex 1.86036 1.18387 0.629277
      vertex 1.43013 0.955581 0.621522
      vertex 1.48956 0.86 0.629079
    endloop
  endfacet
  facet normal -0.0449931 0.0509017 0.99769
    outer loop
      vertex 1.43013 0.955581 0.621522
      vertex 1.86036 1.18387 0.629277
      vertex 1.3652 1.04619 0.613971
    endloop
  endfacet
  facet normal -0.788553 -0.580788 -0.202161
    outer loop
      vertex 1.88463 1.14483 0.646767
      vertex 1.68246 1.42541 0.629277
      vertex 1.86036 1.18387 0.629277
    endloop
  endfacet
  facet normal -0.869772 -0.450409 0.201565
    outer loop
      vertex 1.88463 1.14483 0.646767
      vertex 1.86036 1.18387 0.629277
      vertex 2.02258 0.878439 0.646767
    endloop
  endfacet
  facet normal 0.0352664 -0.0580693 -0.997689
    outer loop
      vertex 1.36457 1.04707 0.640061
      vertex 1.68246 1.42541 0.629277
      vertex 1.40359 0.992611 0.64461
    endloop
  endfacet
  facet normal 0.03526 -0.0580639 -0.99769
    outer loop
      vertex 1.29316 1.13407 0.632474
      vertex 1.68246 1.42541 0.629277
      vertex 1.36457 1.04707 0.640061
    endloop
  endfacet
  facet normal 0.0352605 -0.0580646 -0.99769
    outer loop
      vertex 1.68246 1.42541 0.629277
      vertex 1.29316 1.13407 0.632474
      vertex 1.26037 1.16909 0.629277
    endloop
  endfacet
  facet normal 0.0196871 -0.0480636 -0.99865
    outer loop
      vertex 1.40359 0.992611 0.64461
      vertex 1.88463 1.14483 0.646767
      vertex 1.42842 0.957964 0.646767
    endloop
  endfacet
  facet normal 0.0196876 -0.0480652 -0.99865
    outer loop
      vertex 1.88463 1.14483 0.646767
      vertex 1.40359 0.992611 0.64461
      vertex 1.68246 1.42541 0.629277
    endloop
  endfacet
  facet normal -0.0343992 0.038916 0.99865
    outer loop
      vertex 1.86036 1.18387 0.629277
      vertex 1.51107 0.819768 0.631434
      vertex 2.02258 0.878439 0.646767
    endloop
  endfacet
  facet normal -0.0343952 0.0389121 0.99865
    outer loop
      vertex 1.51107 0.819768 0.631434
      vertex 1.86036 1.18387 0.629277
      vertex 1.49097 0.857359 0.629277
    endloop
  endfacet
  facet normal -0.0364798 0.0573086 0.99769
    outer loop
      vertex 2.02258 0.878439 0.646767
      vertex 1.58907 0.658215 0.643566
      vertex 1.60599 0.613259 0.646767
    endloop
  endfacet
  facet normal -0.0364784 0.0573059 0.99769
    outer loop
      vertex 2.02258 0.878439 0.646767
      vertex 1.54262 0.760736 0.635979
      vertex 1.58907 0.658215 0.643566
    endloop
  endfacet
  facet normal -0.036481 0.0573167 0.997689
    outer loop
      vertex 1.54262 0.760736 0.635979
      vertex 2.02258 0.878439 0.646767
      vertex 1.51107 0.819768 0.631434
    endloop
  endfacet
  facet normal -0.869694 -0.450369 -0.201993
    outer loop
      vertex 2.04045 0.836086 0.664258
      vertex 1.88463 1.14483 0.646767
      vertex 2.02258 0.878439 0.646767
    endloop
  endfacet
  facet normal -0.929469 -0.308864 0.20172
    outer loop
      vertex 2.04045 0.836086 0.664258
      vertex 2.02258 0.878439 0.646767
      vertex 2.13505 0.551405 0.664258
    endloop
  endfacet
  facet normal 0.0257499 -0.0628659 -0.99769
    outer loop
      vertex 1.48956 0.86 0.654518
      vertex 1.88463 1.14483 0.646767
      vertex 1.54214 0.761638 0.662073
    endloop
  endfacet
  facet normal 0.025747 -0.0628619 -0.99769
    outer loop
      vertex 1.43013 0.955581 0.646962
      vertex 1.88463 1.14483 0.646767
      vertex 1.48956 0.86 0.654518
    endloop
  endfacet
  facet normal 0.0258437 -0.0630942 -0.997673
    outer loop
      vertex 1.88463 1.14483 0.646767
      vertex 1.43013 0.955581 0.646962
      vertex 1.42842 0.957964 0.646767
    endloop
  endfacet
  facet normal 0.0119301 -0.0505511 -0.99865
    outer loop
      vertex 1.54262 0.760736 0.662125
      vertex 2.04045 0.836086 0.664258
      vertex 1.55987 0.722669 0.664258
    endloop
  endfacet
  facet normal 0.0120238 -0.0511715 -0.998617
    outer loop
      vertex 1.54214 0.761638 0.662073
      vertex 2.04045 0.836086 0.664258
      vertex 1.54262 0.760736 0.662125
    endloop
  endfacet
  facet normal 0.0119317 -0.0505538 -0.99865
    outer loop
      vertex 2.04045 0.836086 0.664258
      vertex 1.54214 0.761638 0.662073
      vertex 1.88463 1.14483 0.646767
    endloop
  endfacet
  facet normal -0.0278932 0.0438188 0.99865
    outer loop
      vertex 2.02258 0.878439 0.646767
      vertex 1.62099 0.573417 0.648934
      vertex 2.13505 0.551405 0.664258
    endloop
  endfacet
  facet normal -0.0278909 0.0438158 0.99865
    outer loop
      vertex 1.62099 0.573417 0.648934
      vertex 2.02258 0.878439 0.646767
      vertex 1.60599 0.613259 0.646767
    endloop
  endfacet
  facet normal -0.0270731 0.0623119 0.997689
    outer loop
      vertex 2.13505 0.551405 0.664258
      vertex 1.66139 0.445168 0.65804
      vertex 1.68247 0.354769 0.664258
    endloop
  endfacet
  facet normal -0.0270721 0.0623071 0.99769
    outer loop
      vertex 2.13505 0.551405 0.664258
      vertex 1.62872 0.552876 0.650427
      vertex 1.66139 0.445168 0.65804
    endloop
  endfacet
  facet normal -0.027072 0.0623282 0.997688
    outer loop
      vertex 1.62872 0.552876 0.650427
      vertex 2.13505 0.551405 0.664258
      vertex 1.62099 0.573417 0.648934
    endloop
  endfacet
  facet normal -0.929434 -0.308853 -0.201898
    outer loop
      vertex 2.14608 0.506779 0.681748
      vertex 2.04045 0.836086 0.664258
      vertex 2.13505 0.551405 0.664258
    endloop
  endfacet
  facet normal -0.966301 -0.159716 0.201875
    outer loop
      vertex 2.14608 0.506779 0.681748
      vertex 2.13505 0.551405 0.664258
      vertex 2.195 0.210808 0.681748
    endloop
  endfacet
  facet normal 0.0156105 -0.066127 -0.997689
    outer loop
      vertex 1.62872 0.552876 0.676587
      vertex 2.04045 0.836086 0.664258
      vertex 1.64155 0.510582 0.679591
    endloop
  endfacet
  facet normal 0.0156039 -0.0661174 -0.99769
    outer loop
      vertex 1.58907 0.658215 0.668986
      vertex 2.04045 0.836086 0.664258
      vertex 1.62872 0.552876 0.676587
    endloop
  endfacet
  facet normal 0.0156035 -0.0661163 -0.99769
    outer loop
      vertex 2.04045 0.836086 0.664258
      vertex 1.58907 0.658215 0.668986
      vertex 1.55987 0.722669 0.664258
    endloop
  endfacet
  facet normal 0.00387913 -0.0517881 -0.998651
    outer loop
      vertex 1.64155 0.510582 0.679591
      vertex 2.14608 0.506779 0.681748
      vertex 1.65389 0.469912 0.681748
    endloop
  endfacet
  facet normal 0.00387908 -0.0517956 -0.99865
    outer loop
      vertex 2.14608 0.506779 0.681748
      vertex 1.64155 0.510582 0.679591
      vertex 2.04045 0.836086 0.664258
    endloop
  endfacet
  facet normal -0.0206986 0.0476384 0.99865
    outer loop
      vertex 2.13505 0.551405 0.664258
      vertex 1.69069 0.312927 0.666424
      vertex 2.195 0.210808 0.681748
    endloop
  endfacet
  facet normal -0.0207 0.047641 0.99865
    outer loop
      vertex 2.13505 0.551405 0.664258
      vertex 1.68695 0.335555 0.665267
      vertex 1.69069 0.312927 0.666424
    endloop
  endfacet
  facet normal -0.0206894 0.047619 0.998651
    outer loop
      vertex 1.68695 0.335555 0.665267
      vertex 2.13505 0.551405 0.664258
      vertex 1.68247 0.354769 0.664258
    endloop
  endfacet
  facet normal -0.0169941 0.065764 0.99769
    outer loop
      vertex 2.195 0.210808 0.681748
      vertex 1.71632 0.112493 0.680075
      vertex 1.71714 0.0873242 0.681748
    endloop
  endfacet
  facet normal -0.0169972 0.0657795 0.997689
    outer loop
      vertex 2.195 0.210808 0.681748
      vertex 1.70529 0.224504 0.672502
      vertex 1.71632 0.112493 0.680075
    endloop
  endfacet
  facet normal -0.0169974 0.0657724 0.99769
    outer loop
      vertex 1.70529 0.224504 0.672502
      vertex 2.195 0.210808 0.681748
      vertex 1.69069 0.312927 0.666424
    endloop
  endfacet
  facet normal -0.966344 -0.159724 -0.20166
    outer loop
      vertex 2.19892 0.165007 0.69924
      vertex 2.14608 0.506779 0.681748
      vertex 2.195 0.210808 0.681748
    endloop
  endfacet
  facet normal -0.979372 -0.0066928 0.201955
    outer loop
      vertex 2.19892 0.165007 0.69924
      vertex 2.195 0.210808 0.681748
      vertex 2.20097 -0.134974 0.69924
    endloop
  endfacet
  facet normal 0.00507266 -0.0677449 -0.99769
    outer loop
      vertex 1.68695 0.335555 0.69104
      vertex 2.14608 0.506779 0.681748
      vertex 1.70144 0.247791 0.697073
    endloop
  endfacet
  facet normal 0.00507307 -0.0677459 -0.99769
    outer loop
      vertex 1.66139 0.445168 0.683467
      vertex 2.14608 0.506779 0.681748
      vertex 1.68695 0.335555 0.69104
    endloop
  endfacet
  facet normal 0.0050764 -0.0677721 -0.997688
    outer loop
      vertex 2.14608 0.506779 0.681748
      vertex 1.66139 0.445168 0.683467
      vertex 1.65389 0.469912 0.681748
    endloop
  endfacet
  facet normal -0.00426942 -0.0518042 -0.998648
    outer loop
      vertex 1.70529 0.224504 0.698264
      vertex 2.19892 0.165007 0.69924
      vertex 1.70715 0.205536 0.69924
    endloop
  endfacet
  facet normal -0.00426659 -0.0517807 -0.998649
    outer loop
      vertex 1.70144 0.247791 0.697073
      vertex 2.19892 0.165007 0.69924
      vertex 1.70529 0.224504 0.698264
    endloop
  endfacet
  facet normal -0.0042649 -0.0517706 -0.99865
    outer loop
      vertex 2.19892 0.165007 0.69924
      vertex 1.70144 0.247791 0.697073
      vertex 2.14608 0.506779 0.681748
    endloop
  endfacet
  facet normal -0.0129973 0.0502941 0.99865
    outer loop
      vertex 2.195 0.210808 0.681748
      vertex 1.71853 0.0448463 0.683905
      vertex 2.20097 -0.134974 0.69924
    endloop
  endfacet
  facet normal -0.0129943 0.0502856 0.99865
    outer loop
      vertex 1.71853 0.0448463 0.683905
      vertex 2.195 0.210808 0.681748
      vertex 1.71714 0.0873242 0.681748
    endloop
  endfacet
  facet normal -0.00650143 0.0676398 0.997689
    outer loop
      vertex 2.20097 -0.134974 0.69924
      vertex 1.71853 0.0448463 0.683905
      vertex 1.72 0 0.686955
    endloop
  endfacet
  facet normal -0.0065055 0.0676254 0.99769
    outer loop
      vertex 1.71632 -0.112493 0.694556
      vertex 2.20097 -0.134974 0.69924
      vertex 1.72 0 0.686955
    endloop
  endfacet
  facet normal -0.00650497 0.0676367 0.997689
    outer loop
      vertex 2.20097 -0.134974 0.69924
      vertex 1.71632 -0.112493 0.694556
      vertex 1.70945 -0.182246 0.69924
    endloop
  endfacet
  facet normal -0.979408 -0.00669305 -0.201779
    outer loop
      vertex 2.20097 -0.134974 0.69924
      vertex 2.19768 -0.180823 0.71673
      vertex 2.19892 0.165007 0.69924
    endloop
  endfacet
  facet normal -0.968375 0.146524 0.201944
    outer loop
      vertex 2.20097 -0.134974 0.69924
      vertex 2.1528 -0.477435 0.71673
      vertex 2.19768 -0.180823 0.71673
    endloop
  endfacet
  facet normal -0.00557145 -0.0677283 -0.997688
    outer loop
      vertex 2.19892 0.165007 0.69924
      vertex 1.7193 -0.0212578 0.714563
      vertex 1.72 0 0.713116
    endloop
  endfacet
  facet normal -0.00558071 -0.0677016 -0.99769
    outer loop
      vertex 1.71632 0.112493 0.705503
      vertex 2.19892 0.165007 0.69924
      vertex 1.72 0 0.713116
    endloop
  endfacet
  facet normal -0.00558007 -0.0677074 -0.99769
    outer loop
      vertex 2.19892 0.165007 0.69924
      vertex 1.71632 0.112493 0.705503
      vertex 1.70715 0.205536 0.69924
    endloop
  endfacet
  facet normal -0.0123079 -0.0504616 -0.99865
    outer loop
      vertex 2.19768 -0.180823 0.71673
      vertex 1.7193 -0.0212578 0.714563
      vertex 2.19892 0.165007 0.69924
    endloop
  endfacet
  facet normal -0.0123053 -0.0504539 -0.998651
    outer loop
      vertex 1.7193 -0.0212578 0.714563
      vertex 2.19768 -0.180823 0.71673
      vertex 1.71791 -0.0638109 0.71673
    endloop
  endfacet
  facet normal -0.0049723 0.0517005 0.99865
    outer loop
      vertex 1.70529 -0.224504 0.701407
      vertex 2.20097 -0.134974 0.69924
      vertex 1.70945 -0.182246 0.69924
    endloop
  endfacet
  facet normal -0.00493057 0.0514697 0.998662
    outer loop
      vertex 1.70523 -0.224859 0.701425
      vertex 2.20097 -0.134974 0.69924
      vertex 1.70529 -0.224504 0.701407
    endloop
  endfacet
  facet normal -0.00497274 0.051702 0.99865
    outer loop
      vertex 2.20097 -0.134974 0.69924
      vertex 1.70523 -0.224859 0.701425
      vertex 2.1528 -0.477435 0.71673
    endloop
  endfacet
  facet normal 0.00414692 0.0678041 0.99769
    outer loop
      vertex 1.68695 -0.335555 0.709024
      vertex 2.1528 -0.477435 0.71673
      vertex 1.70523 -0.224859 0.701425
    endloop
  endfacet
  facet normal 0.00415039 0.0678154 0.997689
    outer loop
      vertex 1.66139 -0.445168 0.716581
      vertex 2.1528 -0.477435 0.71673
      vertex 1.68695 -0.335555 0.709024
    endloop
  endfacet
  facet normal 0.00413887 0.06764 0.997701
    outer loop
      vertex 2.1528 -0.477435 0.71673
      vertex 1.66139 -0.445168 0.716581
      vertex 1.66074 -0.447326 0.71673
    endloop
  endfacet
  facet normal -0.968394 0.146526 -0.201851
    outer loop
      vertex 2.1528 -0.477435 0.71673
      vertex 2.14238 -0.522207 0.73422
      vertex 2.19768 -0.180823 0.71673
    endloop
  endfacet
  facet normal -0.933555 0.296149 0.201916
    outer loop
      vertex 2.1528 -0.477435 0.71673
      vertex 2.05167 -0.808154 0.73422
      vertex 2.14238 -0.522207 0.73422
    endloop
  endfacet
  facet normal -0.0160963 -0.0659977 -0.99769
    outer loop
      vertex 2.19768 -0.180823 0.71673
      vertex 1.71632 -0.112493 0.719976
      vertex 1.71791 -0.0638109 0.71673
    endloop
  endfacet
  facet normal -0.0160969 -0.0660017 -0.99769
    outer loop
      vertex 2.19768 -0.180823 0.71673
      vertex 1.70529 -0.224504 0.727564
      vertex 1.71632 -0.112493 0.719976
    endloop
  endfacet
  facet normal -0.0160976 -0.065994 -0.99769
    outer loop
      vertex 1.70529 -0.224504 0.727564
      vertex 2.19768 -0.180823 0.71673
      vertex 1.69449 -0.289885 0.732063
    endloop
  endfacet
  facet normal -0.020045 -0.0479164 -0.99865
    outer loop
      vertex 2.14238 -0.522207 0.73422
      vertex 1.69449 -0.289885 0.732063
      vertex 2.19768 -0.180823 0.71673
    endloop
  endfacet
  facet normal -0.0200471 -0.0479205 -0.99865
    outer loop
      vertex 1.69449 -0.289885 0.732063
      vertex 2.14238 -0.522207 0.73422
      vertex 1.68755 -0.331933 0.73422
    endloop
  endfacet
  facet normal 0.00317201 0.0518389 0.99865
    outer loop
      vertex 1.64836 -0.488122 0.718887
      vertex 2.1528 -0.477435 0.71673
      vertex 1.66074 -0.447326 0.71673
    endloop
  endfacet
  facet normal 0.00317191 0.0518435 0.99865
    outer loop
      vertex 2.1528 -0.477435 0.71673
      vertex 1.64836 -0.488122 0.718887
      vertex 2.05167 -0.808154 0.73422
    endloop
  endfacet
  facet normal 0.0146985 0.0663235 0.99769
    outer loop
      vertex 1.62872 -0.552876 0.723481
      vertex 2.05167 -0.808154 0.73422
      vertex 1.64836 -0.488122 0.718887
    endloop
  endfacet
  facet normal 0.0146996 0.0663252 0.99769
    outer loop
      vertex 1.58907 -0.658215 0.731068
      vertex 2.05167 -0.808154 0.73422
      vertex 1.62872 -0.552876 0.723481
    endloop
  endfacet
  facet normal 0.0147006 0.0663285 0.99769
    outer loop
      vertex 2.05167 -0.808154 0.73422
      vertex 1.58907 -0.658215 0.731068
      vertex 1.56955 -0.7013 0.73422
    endloop
  endfacet
  facet normal -0.9336 0.296163 -0.201691
    outer loop
      vertex 2.05167 -0.808154 0.73422
      vertex 2.03438 -0.850746 0.751711
      vertex 2.14238 -0.522207 0.73422
    endloop
  endfacet
  facet normal -0.875785 0.438441 0.201918
    outer loop
      vertex 2.05167 -0.808154 0.73422
      vertex 1.90009 -1.11899 0.751711
      vertex 2.03438 -0.850746 0.751711
    endloop
  endfacet
  facet normal -0.0262943 -0.0628538 -0.997676
    outer loop
      vertex 2.14238 -0.522207 0.73422
      vertex 1.68695 -0.335555 0.734464
      vertex 1.68755 -0.331933 0.73422
    endloop
  endfacet
  facet normal -0.0262188 -0.0626695 -0.99769
    outer loop
      vertex 2.14238 -0.522207 0.73422
      vertex 1.66139 -0.445168 0.742021
      vertex 1.68695 -0.335555 0.734464
    endloop
  endfacet
  facet normal -0.0262192 -0.0626722 -0.99769
    outer loop
      vertex 1.66139 -0.445168 0.742021
      vertex 2.14238 -0.522207 0.73422
      vertex 1.62923 -0.551203 0.749527
    endloop
  endfacet
  facet normal -0.0272919 -0.0441952 -0.99865
    outer loop
      vertex 2.03438 -0.850746 0.751711
      vertex 1.62923 -0.551203 0.749527
      vertex 2.14238 -0.522207 0.73422
    endloop
  endfacet
  facet normal -0.0273004 -0.0442068 -0.998649
    outer loop
      vertex 2.03438 -0.850746 0.751711
      vertex 1.62872 -0.552876 0.749615
      vertex 1.62923 -0.551203 0.749527
    endloop
  endfacet
  facet normal -0.0272949 -0.0441992 -0.99865
    outer loop
      vertex 1.62872 -0.552876 0.749615
      vertex 2.03438 -0.850746 0.751711
      vertex 1.61426 -0.591304 0.751711
    endloop
  endfacet
  facet normal 0.0112418 0.0507223 0.99865
    outer loop
      vertex 1.55198 -0.740071 0.736387
      vertex 2.05167 -0.808154 0.73422
      vertex 1.56955 -0.7013 0.73422
    endloop
  endfacet
  facet normal 0.0112406 0.0507134 0.99865
    outer loop
      vertex 2.05167 -0.808154 0.73422
      vertex 1.55198 -0.740071 0.736387
      vertex 1.90009 -1.11899 0.751711
    endloop
  endfacet
  facet normal 0.0248951 0.0632188 0.997689
    outer loop
      vertex 1.54262 -0.760736 0.73793
      vertex 1.90009 -1.11899 0.751711
      vertex 1.55198 -0.740071 0.736387
    endloop
  endfacet
  facet normal 0.0248893 0.0632131 0.99769
    outer loop
      vertex 1.48956 -0.86 0.745543
      vertex 1.90009 -1.11899 0.751711
      vertex 1.54262 -0.760736 0.73793
    endloop
  endfacet
  facet normal 0.0248882 0.0632113 0.99769
    outer loop
      vertex 1.90009 -1.11899 0.751711
      vertex 1.48956 -0.86 0.745543
      vertex 1.44093 -0.938205 0.751711
    endloop
  endfacet
  facet normal -0.875803 0.43845 -0.201817
    outer loop
      vertex 1.90009 -1.11899 0.751711
      vertex 1.87635 -1.15836 0.769201
      vertex 2.03438 -0.850746 0.751711
    endloop
  endfacet
  facet normal -0.796431 0.569989 0.202013
    outer loop
      vertex 1.90009 -1.11899 0.751711
      vertex 1.70176 -1.40231 0.769201
      vertex 1.87635 -1.15836 0.769201
    endloop
  endfacet
  facet normal -0.0356893 -0.0577925 -0.99769
    outer loop
      vertex 2.03438 -0.850746 0.751711
      vertex 1.58907 -0.658215 0.756488
      vertex 1.61426 -0.591304 0.751711
    endloop
  endfacet
  facet normal -0.0356954 -0.0578065 -0.997689
    outer loop
      vertex 2.03438 -0.850746 0.751711
      vertex 1.54262 -0.760736 0.76409
      vertex 1.58907 -0.658215 0.756488
    endloop
  endfacet
  facet normal -0.0356956 -0.0578078 -0.997689
    outer loop
      vertex 1.54262 -0.760736 0.76409
      vertex 2.03438 -0.850746 0.751711
      vertex 1.52213 -0.799066 0.767044
    endloop
  endfacet
  facet normal -0.0338655 -0.0393826 -0.99865
    outer loop
      vertex 1.87635 -1.15836 0.769201
      vertex 1.52213 -0.799066 0.767044
      vertex 2.03438 -0.850746 0.751711
    endloop
  endfacet
  facet normal -0.0338596 -0.0393768 -0.998651
    outer loop
      vertex 1.52213 -0.799066 0.767044
      vertex 1.87635 -1.15836 0.769201
      vertex 1.5021 -0.836547 0.769201
    endloop
  endfacet
  facet normal 0.0190161 0.0482974 0.998652
    outer loop
      vertex 1.43013 -0.955581 0.752757
      vertex 1.90009 -1.11899 0.751711
      vertex 1.44093 -0.938205 0.751711
    endloop
  endfacet
  facet normal 0.0190415 0.0483705 0.998648
    outer loop
      vertex 1.41719 -0.973631 0.753878
      vertex 1.90009 -1.11899 0.751711
      vertex 1.43013 -0.955581 0.752757
    endloop
  endfacet
  facet normal 0.0190289 0.0483284 0.99865
    outer loop
      vertex 1.90009 -1.11899 0.751711
      vertex 1.41719 -0.973631 0.753878
      vertex 1.70176 -1.40231 0.769201
    endloop
  endfacet
  facet normal 0.034466 0.0585417 0.99769
    outer loop
      vertex 1.36457 -1.04707 0.760005
      vertex 1.70176 -1.40231 0.769201
      vertex 1.41719 -0.973631 0.753878
    endloop
  endfacet
  facet normal 0.0344671 0.0585427 0.99769
    outer loop
      vertex 1.29316 -1.13407 0.767577
      vertex 1.70176 -1.40231 0.769201
      vertex 1.36457 -1.04707 0.760005
    endloop
  endfacet
  facet normal 0.0344516 0.0585191 0.997692
    outer loop
      vertex 1.70176 -1.40231 0.769201
      vertex 1.29316 -1.13407 0.767577
      vertex 1.27645 -1.15192 0.769201
    endloop
  endfacet
  facet normal -0.796481 0.570025 -0.201718
    outer loop
      vertex 1.70176 -1.40231 0.769201
      vertex 1.67216 -1.43748 0.786691
      vertex 1.87635 -1.15836 0.769201
    endloop
  endfacet
  facet normal -0.69755 0.687495 0.201927
    outer loop
      vertex 1.70176 -1.40231 0.769201
      vertex 1.46158 -1.65114 0.786691
      vertex 1.67216 -1.43748 0.786691
    endloop
  endfacet
  facet normal -0.0442784 -0.0514932 -0.997691
    outer loop
      vertex 1.87635 -1.15836 0.769201
      vertex 1.48956 -0.86 0.770968
      vertex 1.5021 -0.836547 0.769201
    endloop
  endfacet
  facet normal -0.0442962 -0.0515163 -0.997689
    outer loop
      vertex 1.87635 -1.15836 0.769201
      vertex 1.43013 -0.955581 0.778542
      vertex 1.48956 -0.86 0.770968
    endloop
  endfacet
  facet normal -0.0442943 -0.0515122 -0.99769
    outer loop
      vertex 1.43013 -0.955581 0.778542
      vertex 1.87635 -1.15836 0.769201
      vertex 1.37874 -1.02729 0.784526
    endloop
  endfacet
  facet normal -0.0396065 -0.0336025 -0.99865
    outer loop
      vertex 1.67216 -1.43748 0.786691
      vertex 1.37874 -1.02729 0.784526
      vertex 1.87635 -1.15836 0.769201
    endloop
  endfacet
  facet normal -0.0396227 -0.0336141 -0.998649
    outer loop
      vertex 1.67216 -1.43748 0.786691
      vertex 1.36457 -1.04707 0.785754
      vertex 1.37874 -1.02729 0.784526
    endloop
  endfacet
  facet normal -0.0395619 -0.0335662 -0.998653
    outer loop
      vertex 1.36457 -1.04707 0.785754
      vertex 1.67216 -1.43748 0.786691
      vertex 1.35294 -1.06124 0.786691
    endloop
  endfacet
  facet normal 0.0263528 0.0447627 0.99865
    outer loop
      vertex 1.2474 -1.18294 0.771358
      vertex 1.70176 -1.40231 0.769201
      vertex 1.27645 -1.15192 0.769201
    endloop
  endfacet
  facet normal 0.0263511 0.044759 0.99865
    outer loop
      vertex 1.70176 -1.40231 0.769201
      vertex 1.2474 -1.18294 0.771358
      vertex 1.46158 -1.65114 0.786691
    endloop
  endfacet
  facet normal 0.0431962 0.0524334 0.99769
    outer loop
      vertex 1.21622 -1.21622 0.774457
      vertex 1.46158 -1.65114 0.786691
      vertex 1.2474 -1.18294 0.771358
    endloop
  endfacet
  facet normal 0.0432013 0.0524363 0.997689
    outer loop
      vertex 1.13407 -1.29316 0.782058
      vertex 1.46158 -1.65114 0.786691
      vertex 1.21622 -1.21622 0.774457
    endloop
  endfacet
  facet normal 0.0431915 0.0524274 0.99769
    outer loop
      vertex 1.46158 -1.65114 0.786691
      vertex 1.13407 -1.29316 0.782058
      vertex 1.08046 -1.33716 0.786691
    endloop
  endfacet
  facet normal -0.697602 0.687546 -0.201573
    outer loop
      vertex 1.46158 -1.65114 0.786691
      vertex 1.42685 -1.68125 0.804182
      vertex 1.67216 -1.43748 0.786691
    endloop
  endfacet
  facet normal -0.581429 0.78808 0.202164
    outer loop
      vertex 1.46158 -1.65114 0.786691
      vertex 1.18545 -1.85935 0.804182
      vertex 1.42685 -1.68125 0.804182
    endloop
  endfacet
  facet normal -0.0518079 -0.0439563 -0.997689
    outer loop
      vertex 1.67216 -1.43748 0.786691
      vertex 1.29316 -1.13407 0.793004
      vertex 1.35294 -1.06124 0.786691
    endloop
  endfacet
  facet normal -0.051804 -0.0439514 -0.99769
    outer loop
      vertex 1.67216 -1.43748 0.786691
      vertex 1.21622 -1.21622 0.800618
      vertex 1.29316 -1.13407 0.793004
    endloop
  endfacet
  facet normal -0.0517966 -0.0439361 -0.997691
    outer loop
      vertex 1.21622 -1.21622 0.800618
      vertex 1.67216 -1.43748 0.786691
      vertex 1.20124 -1.23026 0.802014
    endloop
  endfacet
  facet normal -0.0443752 -0.0269996 -0.99865
    outer loop
      vertex 1.42685 -1.68125 0.804182
      vertex 1.20124 -1.23026 0.802014
      vertex 1.67216 -1.43748 0.786691
    endloop
  endfacet
  facet normal -0.0443737 -0.0269989 -0.99865
    outer loop
      vertex 1.20124 -1.23026 0.802014
      vertex 1.42685 -1.68125 0.804182
      vertex 1.17016 -1.25937 0.804182
    endloop
  endfacet
  facet normal 0.0330365 0.0401008 0.998649
    outer loop
      vertex 1.04736 -1.36433 0.788877
      vertex 1.46158 -1.65114 0.786691
      vertex 1.08046 -1.33716 0.786691
    endloop
  endfacet
  facet normal 0.0330289 0.0400899 0.99865
    outer loop
      vertex 1.46158 -1.65114 0.786691
      vertex 1.04736 -1.36433 0.788877
      vertex 1.18545 -1.85935 0.804182
    endloop
  endfacet
  facet normal 0.0491413 0.0445582 0.997797
    outer loop
      vertex 1.04707 -1.36457 0.788902
      vertex 1.18545 -1.85935 0.804182
      vertex 1.04736 -1.36433 0.788877
    endloop
  endfacet
  facet normal 0.0508666 0.0450374 0.997689
    outer loop
      vertex 0.955581 -1.43013 0.796526
      vertex 1.18545 -1.85935 0.804182
      vertex 1.04707 -1.36457 0.788902
    endloop
  endfacet
  facet normal 0.0508595 0.0450336 0.99769
    outer loop
      vertex 0.86 -1.48956 0.804081
      vertex 1.18545 -1.85935 0.804182
      vertex 0.955581 -1.43013 0.796526
    endloop
  endfacet
  facet normal 0.0510071 0.0451636 0.997677
    outer loop
      vertex 1.18545 -1.85935 0.804182
      vertex 0.86 -1.48956 0.804081
      vertex 0.858662 -1.49028 0.804182
    endloop
  endfacet
  facet normal -0.581513 0.788194 -0.201478
    outer loop
      vertex 1.18545 -1.85935 0.804182
      vertex 1.14644 -1.88366 0.821672
      vertex 1.42685 -1.68125 0.804182
    endloop
  endfacet
  facet normal -0.451071 0.869287 0.202178
    outer loop
      vertex 1.18545 -1.85935 0.804182
      vertex 0.880164 -2.02183 0.821672
      vertex 1.14644 -1.88366 0.821672
    endloop
  endfacet
  facet normal -0.0580305 -0.0353083 -0.99769
    outer loop
      vertex 1.42685 -1.68125 0.804182
      vertex 1.13407 -1.29316 0.807477
      vertex 1.17016 -1.25937 0.804182
    endloop
  endfacet
  facet normal -0.0580408 -0.035316 -0.997689
    outer loop
      vertex 1.42685 -1.68125 0.804182
      vertex 1.04707 -1.36457 0.815066
      vertex 1.13407 -1.29316 0.807477
    endloop
  endfacet
  facet normal -0.0580301 -0.0353031 -0.99769
    outer loop
      vertex 1.04707 -1.36457 0.815066
      vertex 1.42685 -1.68125 0.804182
      vertex 0.993801 -1.40274 0.819515
    endloop
  endfacet
  facet normal -0.0480477 -0.0197289 -0.99865
    outer loop
      vertex 1.14644 -1.88366 0.821672
      vertex 0.993801 -1.40274 0.819515
      vertex 1.42685 -1.68125 0.804182
    endloop
  endfacet
  facet normal -0.0480532 -0.0197307 -0.99865
    outer loop
      vertex 0.993801 -1.40274 0.819515
      vertex 1.14644 -1.88366 0.821672
      vertex 0.959165 -1.42756 0.821672
    endloop
  endfacet
  facet normal 0.0388816 0.0344272 0.998651
    outer loop
      vertex 0.821058 -1.51038 0.806339
      vertex 1.18545 -1.85935 0.804182
      vertex 0.858662 -1.49028 0.804182
    endloop
  endfacet
  facet normal 0.0388872 0.034433 0.99865
    outer loop
      vertex 1.18545 -1.85935 0.804182
      vertex 0.821058 -1.51038 0.806339
      vertex 0.880164 -2.02183 0.821672
    endloop
  endfacet
  facet normal 0.0572848 0.0365303 0.997689
    outer loop
      vertex 0.760736 -1.54262 0.810983
      vertex 0.880164 -2.02183 0.821672
      vertex 0.821058 -1.51038 0.806339
    endloop
  endfacet
  facet normal 0.0572825 0.0365298 0.997689
    outer loop
      vertex 0.658215 -1.58907 0.81857
      vertex 0.880164 -2.02183 0.821672
      vertex 0.760736 -1.54262 0.810983
    endloop
  endfacet
  facet normal 0.0572613 0.0365189 0.997691
    outer loop
      vertex 0.880164 -2.02183 0.821672
      vertex 0.658215 -1.58907 0.81857
      vertex 0.614633 -1.60548 0.821672
    endloop
  endfacet
  facet normal -0.451116 0.869374 -0.201702
    outer loop
      vertex 0.880164 -2.02183 0.821672
      vertex 0.837828 -2.03974 0.839163
      vertex 1.14644 -1.88366 0.821672
    endloop
  endfacet
  facet normal -0.30963 0.929159 0.201974
    outer loop
      vertex 0.880164 -2.02183 0.821672
      vertex 0.553226 -2.13458 0.839163
      vertex 0.837828 -2.03974 0.839163
    endloop
  endfacet
  facet normal -0.0627961 -0.0257841 -0.997693
    outer loop
      vertex 1.14644 -1.88366 0.821672
      vertex 0.955581 -1.43013 0.821964
      vertex 0.959165 -1.42756 0.821672
    endloop
  endfacet
  facet normal -0.0628465 -0.0258053 -0.99769
    outer loop
      vertex 1.14644 -1.88366 0.821672
      vertex 0.86 -1.48956 0.829522
      vertex 0.955581 -1.43013 0.821964
    endloop
  endfacet
  facet normal -0.0628476 -0.0258061 -0.997689
    outer loop
      vertex 0.86 -1.48956 0.829522
      vertex 1.14644 -1.88366 0.821672
      vertex 0.762917 -1.54146 0.83698
    endloop
  endfacet
  facet normal -0.0505441 -0.0119739 -0.99865
    outer loop
      vertex 0.837828 -2.03974 0.839163
      vertex 0.762917 -1.54146 0.83698
      vertex 1.14644 -1.88366 0.821672
    endloop
  endfacet
  facet normal -0.0504197 -0.0119552 -0.998657
    outer loop
      vertex 0.837828 -2.03974 0.839163
      vertex 0.760736 -1.54262 0.837104
      vertex 0.762917 -1.54146 0.83698
    endloop
  endfacet
  facet normal -0.0505524 -0.0119758 -0.99865
    outer loop
      vertex 0.760736 -1.54262 0.837104
      vertex 0.837828 -2.03974 0.839163
      vertex 0.724003 -1.55926 0.839163
    endloop
  endfacet
  facet normal 0.043794 0.0279301 0.99865
    outer loop
      vertex 0.574801 -1.62047 0.823838
      vertex 0.880164 -2.02183 0.821672
      vertex 0.614633 -1.60548 0.821672
    endloop
  endfacet
  facet normal 0.0437949 0.0279307 0.99865
    outer loop
      vertex 0.880164 -2.02183 0.821672
      vertex 0.574801 -1.62047 0.823838
      vertex 0.553226 -2.13458 0.839163
    endloop
  endfacet
  facet normal 0.0622818 0.0271262 0.99769
    outer loop
      vertex 0.552876 -1.62872 0.825431
      vertex 0.553226 -2.13458 0.839163
      vertex 0.574801 -1.62047 0.823838
    endloop
  endfacet
  facet normal 0.0622906 0.0271262 0.997689
    outer loop
      vertex 0.445168 -1.66139 0.833044
      vertex 0.553226 -2.13458 0.839163
      vertex 0.552876 -1.62872 0.825431
    endloop
  endfacet
  facet normal 0.0622873 0.0271255 0.99769
    outer loop
      vertex 0.553226 -2.13458 0.839163
      vertex 0.445168 -1.66139 0.833044
      vertex 0.356193 -1.68214 0.839163
    endloop
  endfacet
  facet normal -0.309645 0.929202 -0.201752
    outer loop
      vertex 0.553226 -2.13458 0.839163
      vertex 0.50861 -2.14565 0.856654
      vertex 0.837828 -2.03974 0.839163
    endloop
  endfacet
  facet normal -0.160529 0.966142 0.201991
    outer loop
      vertex 0.553226 -2.13458 0.839163
      vertex 0.212681 -2.19482 0.856654
      vertex 0.50861 -2.14565 0.856654
    endloop
  endfacet
  facet normal -0.0661064 -0.0156605 -0.99769
    outer loop
      vertex 0.837828 -2.03974 0.839163
      vertex 0.658215 -1.58907 0.84399
      vertex 0.724003 -1.55926 0.839163
    endloop
  endfacet
  facet normal -0.0661057 -0.0156602 -0.99769
    outer loop
      vertex 0.837828 -2.03974 0.839163
      vertex 0.552876 -1.62872 0.851592
      vertex 0.658215 -1.58907 0.84399
    endloop
  endfacet
  facet normal -0.0661105 -0.0156636 -0.997689
    outer loop
      vertex 0.552876 -1.62872 0.851592
      vertex 0.837828 -2.03974 0.839163
      vertex 0.511989 -1.64112 0.854496
    endloop
  endfacet
  facet normal -0.0517947 -0.00392459 -0.99865
    outer loop
      vertex 0.50861 -2.14565 0.856654
      vertex 0.511989 -1.64112 0.854496
      vertex 0.837828 -2.03974 0.839163
    endloop
  endfacet
  facet normal -0.0518013 -0.00392454 -0.99865
    outer loop
      vertex 0.511989 -1.64112 0.854496
      vertex 0.50861 -2.14565 0.856654
      vertex 0.471321 -1.65346 0.856654
    endloop
  endfacet
  facet normal 0.0476202 0.0207381 0.99865
    outer loop
      vertex 0.335555 -1.68695 0.840247
      vertex 0.553226 -2.13458 0.839163
      vertex 0.356193 -1.68214 0.839163
    endloop
  endfacet
  facet normal 0.0476109 0.0207336 0.998651
    outer loop
      vertex 0.314363 -1.69045 0.84133
      vertex 0.553226 -2.13458 0.839163
      vertex 0.335555 -1.68695 0.840247
    endloop
  endfacet
  facet normal 0.0476236 0.0207404 0.99865
    outer loop
      vertex 0.553226 -2.13458 0.839163
      vertex 0.314363 -1.69045 0.84133
      vertex 0.212681 -2.19482 0.856654
    endloop
  endfacet
  facet normal 0.0657658 0.0170537 0.997689
    outer loop
      vertex 0.224504 -1.70529 0.847507
      vertex 0.212681 -2.19482 0.856654
      vertex 0.314363 -1.69045 0.84133
    endloop
  endfacet
  facet normal 0.065765 0.0170538 0.997689
    outer loop
      vertex 0.112493 -1.71632 0.855079
      vertex 0.212681 -2.19482 0.856654
      vertex 0.224504 -1.70529 0.847507
    endloop
  endfacet
  facet normal 0.0657576 0.0170522 0.99769
    outer loop
      vertex 0.212681 -2.19482 0.856654
      vertex 0.112493 -1.71632 0.855079
      vertex 0.0887964 -1.71709 0.856654
    endloop
  endfacet
  facet normal -0.160542 0.966218 -0.201616
    outer loop
      vertex 0.212681 -2.19482 0.856654
      vertex 0.166883 -2.19878 0.874144
      vertex 0.50861 -2.14565 0.856654
    endloop
  endfacet
  facet normal -0.00750883 0.979341 0.202076
    outer loop
      vertex 0.212681 -2.19482 0.856654
      vertex -0.133095 -2.20108 0.874144
      vertex 0.166883 -2.19878 0.874144
    endloop
  endfacet
  facet normal -0.0677215 -0.00513068 -0.997691
    outer loop
      vertex 0.50861 -2.14565 0.856654
      vertex 0.445168 -1.66139 0.85847
      vertex 0.471321 -1.65346 0.856654
    endloop
  endfacet
  facet normal -0.0677498 -0.00513439 -0.997689
    outer loop
      vertex 0.50861 -2.14565 0.856654
      vertex 0.335555 -1.68695 0.866045
      vertex 0.445168 -1.66139 0.85847
    endloop
  endfacet
  facet normal -0.0677334 -0.00512816 -0.99769
    outer loop
      vertex 0.335555 -1.68695 0.866045
      vertex 0.50861 -2.14565 0.856654
      vertex 0.249228 -1.7012 0.871979
    endloop
  endfacet
  facet normal -0.0517685 0.00422204 -0.99865
    outer loop
      vertex 0.166883 -2.19878 0.874144
      vertex 0.249228 -1.7012 0.871979
      vertex 0.50861 -2.14565 0.856654
    endloop
  endfacet
  facet normal -0.0517949 0.00422641 -0.998649
    outer loop
      vertex 0.249228 -1.7012 0.871979
      vertex 0.166883 -2.19878 0.874144
      vertex 0.224504 -1.70529 0.873244
    endloop
  endfacet
  facet normal -0.0517325 0.00421912 -0.998652
    outer loop
      vertex 0.224504 -1.70529 0.873244
      vertex 0.166883 -2.19878 0.874144
      vertex 0.20699 -1.70701 0.874144
    endloop
  endfacet
  facet normal 0.0502816 0.013039 0.99865
    outer loop
      vertex 0.0463164 -1.71848 0.858811
      vertex 0.212681 -2.19482 0.856654
      vertex 0.0887964 -1.71709 0.856654
    endloop
  endfacet
  facet normal 0.0502776 0.0130376 0.99865
    outer loop
      vertex 0.212681 -2.19482 0.856654
      vertex 0.0463164 -1.71848 0.858811
      vertex -0.133095 -2.20108 0.874144
    endloop
  endfacet
  facet normal 0.0676165 0.00656115 0.99769
    outer loop
      vertex 0 -1.72 0.86196
      vertex -0.133095 -2.20108 0.874144
      vertex 0.0463164 -1.71848 0.858811
    endloop
  endfacet
  facet normal 0.0676183 0.00656064 0.99769
    outer loop
      vertex -0.112493 -1.71632 0.86956
      vertex -0.133095 -2.20108 0.874144
      vertex 0 -1.72 0.86196
    endloop
  endfacet
  facet normal 0.0676121 0.00656091 0.99769
    outer loop
      vertex -0.133095 -2.20108 0.874144
      vertex -0.112493 -1.71632 0.86956
      vertex -0.180788 -1.70959 0.874144
    endloop
  endfacet
  facet normal -0.00750947 0.979424 -0.201673
    outer loop
      vertex -0.133095 -2.20108 0.874144
      vertex -0.178948 -2.19783 0.891635
      vertex 0.166883 -2.19878 0.874144
    endloop
  endfacet
  facet normal 0.145705 0.968483 0.202015
    outer loop
      vertex -0.133095 -2.20108 0.874144
      vertex -0.475598 -2.1532 0.891635
      vertex -0.178948 -2.19783 0.891635
    endloop
  endfacet
  facet normal -0.0677134 0.00552246 -0.99769
    outer loop
      vertex 0.166883 -2.19878 0.874144
      vertex 0.112493 -1.71632 0.880506
      vertex 0.20699 -1.70701 0.874144
    endloop
  endfacet
  facet normal -0.0677085 0.00552302 -0.99769
    outer loop
      vertex 0.166883 -2.19878 0.874144
      vertex 0 -1.72 0.88812
      vertex 0.112493 -1.71632 0.880506
    endloop
  endfacet
  facet normal -0.0677119 0.00552183 -0.99769
    outer loop
      vertex 0 -1.72 0.88812
      vertex 0.166883 -2.19878 0.874144
      vertex -0.0197794 -1.71935 0.889466
    endloop
  endfacet
  facet normal -0.0504748 0.0122637 -0.99865
    outer loop
      vertex -0.178948 -2.19783 0.891635
      vertex -0.0197794 -1.71935 0.889466
      vertex 0.166883 -2.19878 0.874144
    endloop
  endfacet
  facet normal -0.0504883 0.0122682 -0.998649
    outer loop
      vertex -0.0197794 -1.71935 0.889466
      vertex -0.178948 -2.19783 0.891635
      vertex -0.0623441 -1.71796 0.891635
    endloop
  endfacet
  facet normal 0.0517129 0.0050181 0.998649
    outer loop
      vertex -0.223391 -1.70539 0.876329
      vertex -0.133095 -2.20108 0.874144
      vertex -0.180788 -1.70959 0.874144
    endloop
  endfacet
  facet normal 0.0517004 0.00501582 0.99865
    outer loop
      vertex -0.133095 -2.20108 0.874144
      vertex -0.223391 -1.70539 0.876329
      vertex -0.475598 -2.1532 0.891635
    endloop
  endfacet
  facet normal 0.0677614 -0.00406245 0.997693
    outer loop
      vertex -0.224504 -1.70529 0.876405
      vertex -0.475598 -2.1532 0.891635
      vertex -0.223391 -1.70539 0.876329
    endloop
  endfacet
  facet normal 0.0678101 -0.00408988 0.99769
    outer loop
      vertex -0.335555 -1.68695 0.884028
      vertex -0.475598 -2.1532 0.891635
      vertex -0.224504 -1.70529 0.876405
    endloop
  endfacet
  facet normal 0.0678113 -0.00409023 0.99769
    outer loop
      vertex -0.445168 -1.66139 0.891583
      vertex -0.475598 -2.1532 0.891635
      vertex -0.335555 -1.68695 0.884028
    endloop
  endfacet
  facet normal 0.0685055 -0.00413319 0.997642
    outer loop
      vertex -0.475598 -2.1532 0.891635
      vertex -0.445168 -1.66139 0.891583
      vertex -0.445912 -1.66117 0.891635
    endloop
  endfacet
  facet normal 0.145714 0.968542 -0.20173
    outer loop
      vertex -0.475598 -2.1532 0.891635
      vertex -0.520379 -2.14282 0.909125
      vertex -0.178948 -2.19783 0.891635
    endloop
  endfacet
  facet normal 0.295332 0.933804 0.201964
    outer loop
      vertex -0.475598 -2.1532 0.891635
      vertex -0.806403 -2.05236 0.909125
      vertex -0.520379 -2.14282 0.909125
    endloop
  endfacet
  facet normal -0.0660029 0.0160381 -0.997691
    outer loop
      vertex -0.178948 -2.19783 0.891635
      vertex -0.112493 -1.71632 0.894979
      vertex -0.0623441 -1.71796 0.891635
    endloop
  endfacet
  facet normal -0.0660162 0.0160399 -0.99769
    outer loop
      vertex -0.178948 -2.19783 0.891635
      vertex -0.224504 -1.70529 0.902568
      vertex -0.112493 -1.71632 0.894979
    endloop
  endfacet
  facet normal -0.0660095 0.0160406 -0.99769
    outer loop
      vertex -0.224504 -1.70529 0.902568
      vertex -0.178948 -2.19783 0.891635
      vertex -0.288441 -1.69473 0.906968
    endloop
  endfacet
  facet normal -0.0479335 0.0200038 -0.99865
    outer loop
      vertex -0.520379 -2.14282 0.909125
      vertex -0.288441 -1.69473 0.906968
      vertex -0.178948 -2.19783 0.891635
    endloop
  endfacet
  facet normal -0.0479428 0.0200086 -0.99865
    outer loop
      vertex -0.288441 -1.69473 0.906968
      vertex -0.520379 -2.14282 0.909125
      vertex -0.330475 -1.68779 0.909125
    endloop
  endfacet
  facet normal 0.0518347 -0.00312738 0.998651
    outer loop
      vertex -0.486722 -1.64879 0.893792
      vertex -0.475598 -2.1532 0.891635
      vertex -0.445912 -1.66117 0.891635
    endloop
  endfacet
  facet normal 0.0518464 -0.00312712 0.99865
    outer loop
      vertex -0.475598 -2.1532 0.891635
      vertex -0.486722 -1.64879 0.893792
      vertex -0.806403 -2.05236 0.909125
    endloop
  endfacet
  facet normal 0.066335 -0.0146405 0.99769
    outer loop
      vertex -0.552876 -1.62872 0.898485
      vertex -0.806403 -2.05236 0.909125
      vertex -0.486722 -1.64879 0.893792
    endloop
  endfacet
  facet normal 0.0663451 -0.0146466 0.997689
    outer loop
      vertex -0.658215 -1.58907 0.906072
      vertex -0.806403 -2.05236 0.909125
      vertex -0.552876 -1.62872 0.898485
    endloop
  endfacet
  facet normal 0.0663299 -0.0146417 0.99769
    outer loop
      vertex -0.806403 -2.05236 0.909125
      vertex -0.658215 -1.58907 0.906072
      vertex -0.699962 -1.57016 0.909125
    endloop
  endfacet
  facet normal 0.295358 0.933886 -0.201546
    outer loop
      vertex -0.806403 -2.05236 0.909125
      vertex -0.84901 -2.03511 0.926616
      vertex -0.520379 -2.14282 0.909125
    endloop
  endfacet
  facet normal 0.437692 0.876103 0.20216
    outer loop
      vertex -0.806403 -2.05236 0.909125
      vertex -1.11737 -1.90104 0.926616
      vertex -0.84901 -2.03511 0.926616
    endloop
  endfacet
  facet normal -0.0626478 0.0261457 -0.997693
    outer loop
      vertex -0.520379 -2.14282 0.909125
      vertex -0.335555 -1.68695 0.909466
      vertex -0.330475 -1.68779 0.909125
    endloop
  endfacet
  facet normal -0.0626998 0.0261668 -0.997689
    outer loop
      vertex -0.520379 -2.14282 0.909125
      vertex -0.445168 -1.66139 0.917025
      vertex -0.335555 -1.68695 0.909466
    endloop
  endfacet
  facet normal -0.0626902 0.0261653 -0.99769
    outer loop
      vertex -0.445168 -1.66139 0.917025
      vertex -0.520379 -2.14282 0.909125
      vertex -0.549816 -1.62965 0.924433
    endloop
  endfacet
  facet normal -0.0442196 0.0272534 -0.99865
    outer loop
      vertex -0.84901 -2.03511 0.926616
      vertex -0.549816 -1.62965 0.924433
      vertex -0.520379 -2.14282 0.909125
    endloop
  endfacet
  facet normal -0.0442529 0.027278 -0.998648
    outer loop
      vertex -0.549816 -1.62965 0.924433
      vertex -0.84901 -2.03511 0.926616
      vertex -0.552876 -1.62872 0.924594
    endloop
  endfacet
  facet normal -0.0442288 0.0272605 -0.998649
    outer loop
      vertex -0.552876 -1.62872 0.924594
      vertex -0.84901 -2.03511 0.926616
      vertex -0.589933 -1.61477 0.926616
    endloop
  endfacet
  facet normal 0.0507283 -0.0111978 0.99865
    outer loop
      vertex -0.738724 -1.55259 0.911291
      vertex -0.806403 -2.05236 0.909125
      vertex -0.699962 -1.57016 0.909125
    endloop
  endfacet
  facet normal 0.0507226 -0.011197 0.99865
    outer loop
      vertex -0.806403 -2.05236 0.909125
      vertex -0.738724 -1.55259 0.911291
      vertex -1.11737 -1.90104 0.926616
    endloop
  endfacet
  facet normal 0.0632247 -0.0248247 0.997691
    outer loop
      vertex -0.760736 -1.54262 0.912934
      vertex -1.11737 -1.90104 0.926616
      vertex -0.738724 -1.55259 0.911291
    endloop
  endfacet
  facet normal 0.0632331 -0.0248331 0.99769
    outer loop
      vertex -0.86 -1.48956 0.920546
      vertex -1.11737 -1.90104 0.926616
      vertex -0.760736 -1.54262 0.912934
    endloop
  endfacet
  facet normal 0.0632405 -0.0248377 0.997689
    outer loop
      vertex -1.11737 -1.90104 0.926616
      vertex -0.86 -1.48956 0.920546
      vertex -0.936964 -1.4417 0.926616
    endloop
  endfacet
  facet normal 0.437757 0.876233 -0.201456
    outer loop
      vertex -1.11737 -1.90104 0.926616
      vertex -1.15676 -1.87734 0.944106
      vertex -0.84901 -2.03511 0.926616
    endloop
  endfacet
  facet normal 0.569274 0.796879 0.202268
    outer loop
      vertex -1.11737 -1.90104 0.926616
      vertex -1.40086 -1.70296 0.944106
      vertex -1.15676 -1.87734 0.944106
    endloop
  endfacet
  facet normal -0.0578413 0.0356455 -0.997689
    outer loop
      vertex -0.760736 -1.54262 0.939094
      vertex -0.84901 -2.03511 0.926616
      vertex -0.797768 -1.52283 0.941948
    endloop
  endfacet
  facet normal -0.0578301 0.0356435 -0.99769
    outer loop
      vertex -0.658215 -1.58907 0.931492
      vertex -0.84901 -2.03511 0.926616
      vertex -0.760736 -1.54262 0.939094
    endloop
  endfacet
  facet normal -0.0578294 0.0356432 -0.99769
    outer loop
      vertex -0.84901 -2.03511 0.926616
      vertex -0.658215 -1.58907 0.931492
      vertex -0.589933 -1.61477 0.926616
    endloop
  endfacet
  facet normal -0.0394116 0.0338308 -0.99865
    outer loop
      vertex -1.15676 -1.87734 0.944106
      vertex -0.797768 -1.52283 0.941948
      vertex -0.84901 -2.03511 0.926616
    endloop
  endfacet
  facet normal -0.0394111 0.0338303 -0.99865
    outer loop
      vertex -0.797768 -1.52283 0.941948
      vertex -1.15676 -1.87734 0.944106
      vertex -0.835248 -1.50279 0.944106
    endloop
  endfacet
  facet normal 0.0483348 -0.0189835 0.998651
    outer loop
      vertex -0.955581 -1.43013 0.927737
      vertex -1.11737 -1.90104 0.926616
      vertex -0.936964 -1.4417 0.926616
    endloop
  endfacet
  facet normal 0.048326 -0.0189805 0.998651
    outer loop
      vertex -0.972448 -1.41804 0.928783
      vertex -1.11737 -1.90104 0.926616
      vertex -0.955581 -1.43013 0.927737
    endloop
  endfacet
  facet normal 0.0483458 -0.0189864 0.99865
    outer loop
      vertex -1.11737 -1.90104 0.926616
      vertex -0.972448 -1.41804 0.928783
      vertex -1.40086 -1.70296 0.944106
    endloop
  endfacet
  facet normal 0.0585766 -0.0344213 0.997689
    outer loop
      vertex -1.04707 -1.36457 0.935009
      vertex -1.40086 -1.70296 0.944106
      vertex -0.972448 -1.41804 0.928783
    endloop
  endfacet
  facet normal 0.0585724 -0.0344169 0.99769
    outer loop
      vertex -1.13407 -1.29316 0.94258
      vertex -1.40086 -1.70296 0.944106
      vertex -1.04707 -1.36457 0.935009
    endloop
  endfacet
  facet normal 0.0585676 -0.0344138 0.99769
    outer loop
      vertex -1.40086 -1.70296 0.944106
      vertex -1.13407 -1.29316 0.94258
      vertex -1.15084 -1.27746 0.944106
    endloop
  endfacet
  facet normal 0.569318 0.79694 -0.2019
    outer loop
      vertex -1.40086 -1.70296 0.944106
      vertex -1.43605 -1.67339 0.961596
      vertex -1.15676 -1.87734 0.944106
    endloop
  endfacet
  facet normal 0.68693 0.698161 0.20174
    outer loop
      vertex -1.40086 -1.70296 0.944106
      vertex -1.64989 -1.46299 0.961596
      vertex -1.43605 -1.67339 0.961596
    endloop
  endfacet
  facet normal -0.0515526 0.044251 -0.997689
    outer loop
      vertex -0.955581 -1.43013 0.953546
      vertex -1.15676 -1.87734 0.944106
      vertex -1.02611 -1.37959 0.959432
    endloop
  endfacet
  facet normal -0.0515462 0.0442481 -0.99769
    outer loop
      vertex -0.86 -1.48956 0.945972
      vertex -1.15676 -1.87734 0.944106
      vertex -0.955581 -1.43013 0.953546
    endloop
  endfacet
  facet normal -0.051558 0.0442572 -0.997689
    outer loop
      vertex -1.15676 -1.87734 0.944106
      vertex -0.86 -1.48956 0.945972
      vertex -0.835248 -1.50279 0.944106
    endloop
  endfacet
  facet normal -0.0336369 0.039578 -0.99865
    outer loop
      vertex -1.43605 -1.67339 0.961596
      vertex -1.02611 -1.37959 0.959432
      vertex -1.15676 -1.87734 0.944106
    endloop
  endfacet
  facet normal -0.033631 0.0395698 -0.998651
    outer loop
      vertex -1.02611 -1.37959 0.959432
      vertex -1.43605 -1.67339 0.961596
      vertex -1.04707 -1.36457 0.960733
    endloop
  endfacet
  facet normal -0.0336269 0.0395646 -0.998651
    outer loop
      vertex -1.04707 -1.36457 0.960733
      vertex -1.43605 -1.67339 0.961596
      vertex -1.06011 -1.35387 0.961596
    endloop
  endfacet
  facet normal 0.0447878 -0.0263169 0.99865
    outer loop
      vertex -1.18186 -1.2484 0.946263
      vertex -1.40086 -1.70296 0.944106
      vertex -1.15084 -1.27746 0.944106
    endloop
  endfacet
  facet normal 0.0447813 -0.0263138 0.99865
    outer loop
      vertex -1.40086 -1.70296 0.944106
      vertex -1.18186 -1.2484 0.946263
      vertex -1.64989 -1.46299 0.961596
    endloop
  endfacet
  facet normal 0.0524711 -0.0431542 0.99769
    outer loop
      vertex -1.21622 -1.21622 0.949462
      vertex -1.64989 -1.46299 0.961596
      vertex -1.18186 -1.2484 0.946263
    endloop
  endfacet
  facet normal 0.0524675 -0.0431479 0.99769
    outer loop
      vertex -1.29316 -1.13407 0.957061
      vertex -1.64989 -1.46299 0.961596
      vertex -1.21622 -1.21622 0.949462
    endloop
  endfacet
  facet normal 0.0524657 -0.043146 0.99769
    outer loop
      vertex -1.64989 -1.46299 0.961596
      vertex -1.29316 -1.13407 0.957061
      vertex -1.33624 -1.08159 0.961596
    endloop
  endfacet
  facet normal 0.686926 0.698157 -0.201766
    outer loop
      vertex -1.64989 -1.46299 0.961596
      vertex -1.68003 -1.42828 0.979087
      vertex -1.43605 -1.67339 0.961596
    endloop
  endfacet
  facet normal 0.787606 0.582151 0.201932
    outer loop
      vertex -1.64989 -1.46299 0.961596
      vertex -1.85834 -1.18704 0.979087
      vertex -1.68003 -1.42828 0.979087
    endloop
  endfacet
  facet normal -0.0440066 0.0517697 -0.997689
    outer loop
      vertex -1.21622 -1.21622 0.975622
      vertex -1.43605 -1.67339 0.961596
      vertex -1.22925 -1.20232 0.976918
    endloop
  endfacet
  facet normal -0.0439991 0.0517661 -0.99769
    outer loop
      vertex -1.13407 -1.29316 0.968007
      vertex -1.43605 -1.67339 0.961596
      vertex -1.21622 -1.21622 0.975622
    endloop
  endfacet
  facet normal -0.0439933 0.0517616 -0.99769
    outer loop
      vertex -1.43605 -1.67339 0.961596
      vertex -1.13407 -1.29316 0.968007
      vertex -1.06011 -1.35387 0.961596
    endloop
  endfacet
  facet normal -0.0270369 0.0443512 -0.99865
    outer loop
      vertex -1.68003 -1.42828 0.979087
      vertex -1.22925 -1.20232 0.976918
      vertex -1.43605 -1.67339 0.961596
    endloop
  endfacet
  facet normal -0.0270385 0.0443545 -0.99865
    outer loop
      vertex -1.22925 -1.20232 0.976918
      vertex -1.68003 -1.42828 0.979087
      vertex -1.25836 -1.17123 0.979087
    endloop
  endfacet
  facet normal 0.0401343 -0.033005 0.998649
    outer loop
      vertex -1.36338 -1.04851 0.96378
      vertex -1.64989 -1.46299 0.961596
      vertex -1.33624 -1.08159 0.961596
    endloop
  endfacet
  facet normal 0.0401184 -0.032994 0.99865
    outer loop
      vertex -1.64989 -1.46299 0.961596
      vertex -1.36338 -1.04851 0.96378
      vertex -1.85834 -1.18704 0.979087
    endloop
  endfacet
  facet normal 0.0450596 -0.0507543 0.997694
    outer loop
      vertex -1.36457 -1.04707 0.963907
      vertex -1.85834 -1.18704 0.979087
      vertex -1.36338 -1.04851 0.96378
    endloop
  endfacet
  facet normal 0.0450796 -0.0508254 0.99769
    outer loop
      vertex -1.43013 -0.955581 0.97153
      vertex -1.85834 -1.18704 0.979087
      vertex -1.36457 -1.04707 0.963907
    endloop
  endfacet
  facet normal 0.0450776 -0.0508217 0.99769
    outer loop
      vertex -1.48956 -0.86 0.979084
      vertex -1.85834 -1.18704 0.979087
      vertex -1.43013 -0.955581 0.97153
    endloop
  endfacet
  facet normal 0.0512748 -0.0578098 0.99701
    outer loop
      vertex -1.85834 -1.18704 0.979087
      vertex -1.48956 -0.86 0.979084
      vertex -1.48958 -0.859966 0.979087
    endloop
  endfacet
  facet normal 0.78759 0.582139 -0.202028
    outer loop
      vertex -1.85834 -1.18704 0.979087
      vertex -1.88268 -1.14804 0.996577
      vertex -1.68003 -1.42828 0.979087
    endloop
  endfacet
  facet normal 0.868979 0.451872 0.201711
    outer loop
      vertex -1.85834 -1.18704 0.979087
      vertex -2.02108 -0.881888 0.996577
      vertex -1.88268 -1.14804 0.996577
    endloop
  endfacet
  facet normal -0.0353648 0.0580095 -0.997689
    outer loop
      vertex -1.36457 -1.04707 0.99007
      vertex -1.68003 -1.42828 0.979087
      vertex -1.40189 -0.99499 0.994421
    endloop
  endfacet
  facet normal -0.0353595 0.0580051 -0.99769
    outer loop
      vertex -1.29316 -1.13407 0.982481
      vertex -1.68003 -1.42828 0.979087
      vertex -1.36457 -1.04707 0.99007
    endloop
  endfacet
  facet normal -0.0353616 0.0580079 -0.99769
    outer loop
      vertex -1.68003 -1.42828 0.979087
      vertex -1.29316 -1.13407 0.982481
      vertex -1.25836 -1.17123 0.979087
    endloop
  endfacet
  facet normal -0.0197681 0.0480316 -0.99865
    outer loop
      vertex -1.88268 -1.14804 0.996577
      vertex -1.40189 -0.99499 0.994421
      vertex -1.68003 -1.42828 0.979087
    endloop
  endfacet
  facet normal -0.0197648 0.048021 -0.998651
    outer loop
      vertex -1.40189 -0.99499 0.994421
      vertex -1.88268 -1.14804 0.996577
      vertex -1.4267 -0.960365 0.996577
    endloop
  endfacet
  facet normal 0.0344531 -0.0388442 0.998651
    outer loop
      vertex -1.50969 -0.822348 0.981244
      vertex -1.85834 -1.18704 0.979087
      vertex -1.48958 -0.859966 0.979087
    endloop
  endfacet
  facet normal 0.0344666 -0.038857 0.99865
    outer loop
      vertex -1.85834 -1.18704 0.979087
      vertex -1.50969 -0.822348 0.981244
      vertex -2.02108 -0.881888 0.996577
    endloop
  endfacet
  facet normal 0.0365796 -0.0572531 0.997689
    outer loop
      vertex -1.54262 -0.760736 0.985987
      vertex -2.02108 -0.881888 0.996577
      vertex -1.50969 -0.822348 0.981244
    endloop
  endfacet
  facet normal 0.0365789 -0.0572505 0.99769
    outer loop
      vertex -1.58907 -0.658215 0.993573
      vertex -2.02108 -0.881888 0.996577
      vertex -1.54262 -0.760736 0.985987
    endloop
  endfacet
  facet normal 0.0365733 -0.0572396 0.99769
    outer loop
      vertex -2.02108 -0.881888 0.996577
      vertex -1.58907 -0.658215 0.993573
      vertex -1.60496 -0.616008 0.996577
    endloop
  endfacet
  facet normal 0.868922 0.451843 -0.202022
    outer loop
      vertex -2.02108 -0.881888 0.996577
      vertex -2.03902 -0.839567 1.01407
      vertex -1.88268 -1.14804 0.996577
    endloop
  endfacet
  facet normal 0.928959 0.310437 0.201654
    outer loop
      vertex -2.02108 -0.881888 0.996577
      vertex -2.1341 -0.555047 1.01407
      vertex -2.03902 -0.839567 1.01407
    endloop
  endfacet
  facet normal -0.0258506 0.0628281 -0.99769
    outer loop
      vertex -1.48956 -0.86 1.00453
      vertex -1.88268 -1.14804 0.996577
      vertex -1.54077 -0.764196 1.01189
    endloop
  endfacet
  facet normal -0.0258719 0.0628571 -0.997687
    outer loop
      vertex -1.43013 -0.955581 0.996967
      vertex -1.88268 -1.14804 0.996577
      vertex -1.48956 -0.86 1.00453
    endloop
  endfacet
  facet normal -0.0258481 0.0628011 -0.997691
    outer loop
      vertex -1.88268 -1.14804 0.996577
      vertex -1.43013 -0.955581 0.996967
      vertex -1.4267 -0.960365 0.996577
    endloop
  endfacet
  facet normal -0.012015 0.0505423 -0.99865
    outer loop
      vertex -2.03902 -0.839567 1.01407
      vertex -1.54077 -0.764196 1.01189
      vertex -1.88268 -1.14804 0.996577
    endloop
  endfacet
  facet normal -0.0117185 0.048579 -0.998751
    outer loop
      vertex -1.54077 -0.764196 1.01189
      vertex -2.03902 -0.839567 1.01407
      vertex -1.54262 -0.760736 1.01208
    endloop
  endfacet
  facet normal -0.0120515 0.0506792 -0.998642
    outer loop
      vertex -1.54262 -0.760736 1.01208
      vertex -2.03902 -0.839567 1.01407
      vertex -1.55866 -0.725337 1.01407
    endloop
  endfacet
  facet normal 0.0279643 -0.043766 0.99865
    outer loop
      vertex -1.61995 -0.576185 0.998742
      vertex -2.02108 -0.881888 0.996577
      vertex -1.60496 -0.616008 0.996577
    endloop
  endfacet
  facet normal 0.0279723 -0.0437765 0.99865
    outer loop
      vertex -2.02108 -0.881888 0.996577
      vertex -1.61995 -0.576185 0.998742
      vertex -2.1341 -0.555047 1.01407
    endloop
  endfacet
  facet normal 0.0271755 -0.0624535 0.997678
    outer loop
      vertex -1.62872 -0.552876 1.00044
      vertex -2.1341 -0.555047 1.01407
      vertex -1.61995 -0.576185 0.998742
    endloop
  endfacet
  facet normal 0.0271749 -0.0622481 0.997691
    outer loop
      vertex -1.66139 -0.445168 1.00805
      vertex -2.1341 -0.555047 1.01407
      vertex -1.62872 -0.552876 1.00044
    endloop
  endfacet
  facet normal 0.027178 -0.0622615 0.99769
    outer loop
      vertex -2.1341 -0.555047 1.01407
      vertex -1.66139 -0.445168 1.00805
      vertex -1.68181 -0.357616 1.01407
    endloop
  endfacet
  facet normal 0.928962 0.310438 -0.201636
    outer loop
      vertex -2.1341 -0.555047 1.01407
      vertex -2.14521 -0.510441 1.03156
      vertex -2.03902 -0.839567 1.01407
    endloop
  endfacet
  facet normal 0.965989 0.161375 0.20205
    outer loop
      vertex -2.1341 -0.555047 1.01407
      vertex -2.19464 -0.214553 1.03156
      vertex -2.14521 -0.510441 1.03156
    endloop
  endfacet
  facet normal -0.0156583 0.0660144 -0.997696
    outer loop
      vertex -1.62872 -0.552876 1.0266
      vertex -2.03902 -0.839567 1.01407
      vertex -1.64069 -0.513398 1.0294
    endloop
  endfacet
  facet normal -0.0157512 0.0661469 -0.997686
    outer loop
      vertex -1.58907 -0.658215 1.01899
      vertex -2.03902 -0.839567 1.01407
      vertex -1.62872 -0.552876 1.0266
    endloop
  endfacet
  facet normal -0.0156991 0.0660178 -0.997695
    outer loop
      vertex -2.03902 -0.839567 1.01407
      vertex -1.58907 -0.658215 1.01899
      vertex -1.55866 -0.725337 1.01407
    endloop
  endfacet
  facet normal -0.00397199 0.0517875 -0.99865
    outer loop
      vertex -2.14521 -0.510441 1.03156
      vertex -1.64069 -0.513398 1.0294
      vertex -2.03902 -0.839567 1.01407
    endloop
  endfacet
  facet normal -0.0039717 0.0518348 -0.998648
    outer loop
      vertex -1.64069 -0.513398 1.0294
      vertex -2.14521 -0.510441 1.03156
      vertex -1.65303 -0.472729 1.03156
    endloop
  endfacet
  facet normal 0.0208055 -0.0476628 0.998647
    outer loop
      vertex -1.68695 -0.335555 1.01523
      vertex -2.1341 -0.555047 1.01407
      vertex -1.68181 -0.357616 1.01407
    endloop
  endfacet
  facet normal 0.0207878 -0.0476268 0.998649
    outer loop
      vertex -1.69021 -0.3158 1.01624
      vertex -2.1341 -0.555047 1.01407
      vertex -1.68695 -0.335555 1.01523
    endloop
  endfacet
  facet normal 0.0207752 -0.0476034 0.99865
    outer loop
      vertex -2.1341 -0.555047 1.01407
      vertex -1.69021 -0.3158 1.01624
      vertex -2.19464 -0.214553 1.03156
    endloop
  endfacet
  facet normal 0.0171154 -0.0656922 0.997693
    outer loop
      vertex -1.70529 -0.224504 1.02251
      vertex -2.19464 -0.214553 1.03156
      vertex -1.69021 -0.3158 1.01624
    endloop
  endfacet
  facet normal 0.0171143 -0.0657412 0.99769
    outer loop
      vertex -1.71632 -0.112493 1.03008
      vertex -2.19464 -0.214553 1.03156
      vertex -1.70529 -0.224504 1.02251
    endloop
  endfacet
  facet normal 0.0171449 -0.0658847 0.99768
    outer loop
      vertex -2.19464 -0.214553 1.03156
      vertex -1.71632 -0.112493 1.03008
      vertex -1.71704 -0.090269 1.03156
    endloop
  endfacet
  facet normal 0.966074 0.161389 -0.20163
    outer loop
      vertex -2.19464 -0.214553 1.03156
      vertex -2.19864 -0.168758 1.04905
      vertex -2.14521 -0.510441 1.03156
    endloop
  endfacet
  facet normal 0.979331 0.00835765 0.202092
    outer loop
      vertex -2.19464 -0.214553 1.03156
      vertex -2.2012 0.131217 1.04905
      vertex -2.19864 -0.168758 1.04905
    endloop
  endfacet
  facet normal -0.00520461 0.0677762 -0.997687
    outer loop
      vertex -1.68695 -0.335555 1.04105
      vertex -2.14521 -0.510441 1.03156
      vertex -1.70097 -0.250665 1.04689
    endloop
  endfacet
  facet normal -0.00520551 0.0677786 -0.997687
    outer loop
      vertex -1.66139 -0.445168 1.03347
      vertex -2.14521 -0.510441 1.03156
      vertex -1.68695 -0.335555 1.04105
    endloop
  endfacet
  facet normal -0.00517745 0.067571 -0.997701
    outer loop
      vertex -2.14521 -0.510441 1.03156
      vertex -1.66139 -0.445168 1.03347
      vertex -1.65303 -0.472729 1.03156
    endloop
  endfacet
  facet normal 0.00418654 0.0517734 -0.99865
    outer loop
      vertex -2.19864 -0.168758 1.04905
      vertex -1.70097 -0.250665 1.04689
      vertex -2.14521 -0.510441 1.03156
    endloop
  endfacet
  facet normal 0.00413389 0.0514539 -0.998667
    outer loop
      vertex -1.70097 -0.250665 1.04689
      vertex -2.19864 -0.168758 1.04905
      vertex -1.70529 -0.224504 1.04822
    endloop
  endfacet
  facet normal 0.00419797 0.0520205 -0.998637
    outer loop
      vertex -1.70529 -0.224504 1.04822
      vertex -2.19864 -0.168758 1.04905
      vertex -1.70687 -0.208443 1.04905
    endloop
  endfacet
  facet normal 0.0131006 -0.050343 0.998646
    outer loop
      vertex -1.71844 -0.0477857 1.03372
      vertex -2.19464 -0.214553 1.03156
      vertex -1.71704 -0.090269 1.03156
    endloop
  endfacet
  facet normal 0.0130737 -0.0502664 0.99865
    outer loop
      vertex -2.19464 -0.214553 1.03156
      vertex -1.71844 -0.0477857 1.03372
      vertex -2.2012 0.131217 1.04905
    endloop
  endfacet
  facet normal 0.00662741 -0.0676204 0.997689
    outer loop
      vertex -1.71632 0.112493 1.04456
      vertex -2.2012 0.131217 1.04905
      vertex -1.72 0 1.03696
    endloop
  endfacet
  facet normal 0.00662523 -0.0676761 0.997685
    outer loop
      vertex -2.2012 0.131217 1.04905
      vertex -1.71632 0.112493 1.04456
      vertex -1.70973 0.17933 1.04905
    endloop
  endfacet
  facet normal 0.00667998 -0.0674288 0.997702
    outer loop
      vertex -1.71844 -0.0477857 1.03372
      vertex -1.72 0 1.03696
      vertex -2.2012 0.131217 1.04905
    endloop
  endfacet
  facet normal 0.979307 0.00835745 -0.202207
    outer loop
      vertex -2.19864 -0.168758 1.04905
      vertex -2.2012 0.131217 1.04905
      vertex -2.19798 0.177073 1.06654
    endloop
  endfacet
  facet normal 0.968718 -0.144873 0.201487
    outer loop
      vertex -2.19798 0.177073 1.06654
      vertex -2.2012 0.131217 1.04905
      vertex -2.15361 0.473761 1.06654
    endloop
  endfacet
  facet normal 0.00546849 0.0676715 -0.997693
    outer loop
      vertex -1.71632 -0.112493 1.05551
      vertex -2.19864 -0.168758 1.04905
      vertex -1.72 0 1.06312
    endloop
  endfacet
  facet normal 0.00546403 0.0677094 -0.99769
    outer loop
      vertex -2.19864 -0.168758 1.04905
      vertex -1.71632 -0.112493 1.05551
      vertex -1.70687 -0.208443 1.04905
    endloop
  endfacet
  facet normal 0.00536168 0.0679727 -0.997673
    outer loop
      vertex -1.7194 0.0182996 1.06437
      vertex -1.72 0 1.06312
      vertex -2.19864 -0.168758 1.04905
    endloop
  endfacet
  facet normal 0.0122252 0.0504983 -0.998649
    outer loop
      vertex -1.7194 0.0182996 1.06437
      vertex -2.19798 0.177073 1.06654
      vertex -1.71801 0.0608768 1.06654
    endloop
  endfacet
  facet normal 0.0122198 0.0504822 -0.99865
    outer loop
      vertex -2.19798 0.177073 1.06654
      vertex -1.7194 0.0182996 1.06437
      vertex -2.19864 -0.168758 1.04905
    endloop
  endfacet
  facet normal 0.00506645 -0.0516941 0.99865
    outer loop
      vertex -2.2012 0.131217 1.04905
      vertex -1.70554 0.22191 1.05123
      vertex -2.15361 0.473761 1.06654
    endloop
  endfacet
  facet normal 0.005054 -0.0516261 0.998654
    outer loop
      vertex -1.70554 0.22191 1.05123
      vertex -2.2012 0.131217 1.04905
      vertex -1.70973 0.17933 1.04905
    endloop
  endfacet
  facet normal -0.0045751 -0.0687849 0.997621
    outer loop
      vertex -1.70529 0.224504 1.05141
      vertex -2.15361 0.473761 1.06654
      vertex -1.70554 0.22191 1.05123
    endloop
  endfacet
  facet normal -0.00402207 -0.0677945 0.997691
    outer loop
      vertex -1.68695 0.335555 1.05903
      vertex -2.15361 0.473761 1.06654
      vertex -1.70529 0.224504 1.05141
    endloop
  endfacet
  facet normal -0.0040347 -0.067837 0.997688
    outer loop
      vertex -2.15361 0.473761 1.06654
      vertex -1.68695 0.335555 1.05903
      vertex -1.66155 0.444495 1.06654
    endloop
  endfacet
  facet normal 0.968677 -0.144867 -0.201689
    outer loop
      vertex -2.14327 0.518551 1.08403
      vertex -2.19798 0.177073 1.06654
      vertex -2.15361 0.473761 1.06654
    endloop
  endfacet
  facet normal 0.934027 -0.294539 0.202091
    outer loop
      vertex -2.14327 0.518551 1.08403
      vertex -2.15361 0.473761 1.06654
      vertex -2.05305 0.804652 1.08403
    endloop
  endfacet
  facet normal 0.0159808 0.0660108 -0.997691
    outer loop
      vertex -1.70529 0.224504 1.07757
      vertex -2.19798 0.177073 1.06654
      vertex -1.69497 0.286996 1.08187
    endloop
  endfacet
  facet normal 0.0159788 0.0660312 -0.99769
    outer loop
      vertex -1.71632 0.112493 1.06998
      vertex -2.19798 0.177073 1.06654
      vertex -1.70529 0.224504 1.07757
    endloop
  endfacet
  facet normal 0.0159705 0.0659691 -0.997694
    outer loop
      vertex -2.19798 0.177073 1.06654
      vertex -1.71632 0.112493 1.06998
      vertex -1.71801 0.0608768 1.06654
    endloop
  endfacet
  facet normal 0.0199965 0.0480296 -0.998646
    outer loop
      vertex -1.69497 0.286996 1.08187
      vertex -2.14327 0.518551 1.08403
      vertex -1.68803 0.329018 1.08403
    endloop
  endfacet
  facet normal 0.0199564 0.0479521 -0.99865
    outer loop
      vertex -2.14327 0.518551 1.08403
      vertex -1.69497 0.286996 1.08187
      vertex -2.19798 0.177073 1.06654
    endloop
  endfacet
  facet normal -0.00308807 -0.0518475 0.99865
    outer loop
      vertex -2.15361 0.473761 1.06654
      vertex -1.64921 0.485323 1.0687
      vertex -2.05305 0.804652 1.08403
    endloop
  endfacet
  facet normal -0.00308947 -0.0517872 0.998653
    outer loop
      vertex -1.64921 0.485323 1.0687
      vertex -2.15361 0.473761 1.06654
      vertex -1.66139 0.445168 1.06658
    endloop
  endfacet
  facet normal -0.00347973 -0.0585059 0.998281
    outer loop
      vertex -1.66139 0.445168 1.06658
      vertex -2.15361 0.473761 1.06654
      vertex -1.66155 0.444495 1.06654
    endloop
  endfacet
  facet normal -0.0145714 -0.0663239 0.997692
    outer loop
      vertex -1.62872 0.552876 1.07349
      vertex -2.05305 0.804652 1.08403
      vertex -1.64921 0.485323 1.0687
    endloop
  endfacet
  facet normal -0.0145634 -0.0663104 0.997693
    outer loop
      vertex -1.58907 0.658215 1.08107
      vertex -2.05305 0.804652 1.08403
      vertex -1.62872 0.552876 1.07349
    endloop
  endfacet
  facet normal -0.0146109 -0.0664608 0.997682
    outer loop
      vertex -2.05305 0.804652 1.08403
      vertex -1.58907 0.658215 1.08107
      vertex -1.57076 0.698624 1.08403
    endloop
  endfacet
  facet normal 0.934072 -0.294553 -0.201862
    outer loop
      vertex -2.03583 0.847273 1.10152
      vertex -2.14327 0.518551 1.08403
      vertex -2.05305 0.804652 1.08403
    endloop
  endfacet
  facet normal 0.87654 -0.436969 0.201832
    outer loop
      vertex -2.03583 0.847273 1.10152
      vertex -2.05305 0.804652 1.08403
      vertex -1.90199 1.11575 1.10152
    endloop
  endfacet
  facet normal 0.0261128 0.0627083 -0.99769
    outer loop
      vertex -1.66139 0.445168 1.09203
      vertex -2.14327 0.518551 1.08403
      vertex -1.63007 0.548428 1.09934
    endloop
  endfacet
  facet normal 0.0261147 0.062721 -0.997689
    outer loop
      vertex -1.68695 0.335555 1.08447
      vertex -2.14327 0.518551 1.08403
      vertex -1.66139 0.445168 1.09203
    endloop
  endfacet
  facet normal 0.026159 0.0628313 -0.997681
    outer loop
      vertex -2.14327 0.518551 1.08403
      vertex -1.68695 0.335555 1.08447
      vertex -1.68803 0.329018 1.08403
    endloop
  endfacet
  facet normal 0.0272586 0.0443096 -0.998646
    outer loop
      vertex -1.62872 0.552876 1.09957
      vertex -2.03583 0.847273 1.10152
      vertex -1.61529 0.588563 1.10152
    endloop
  endfacet
  facet normal 0.0267 0.0435375 -0.998695
    outer loop
      vertex -1.63007 0.548428 1.09934
      vertex -2.03583 0.847273 1.10152
      vertex -1.62872 0.552876 1.09957
    endloop
  endfacet
  facet normal 0.0272167 0.0442387 -0.99865
    outer loop
      vertex -2.03583 0.847273 1.10152
      vertex -1.63007 0.548428 1.09934
      vertex -2.14327 0.518551 1.08403
    endloop
  endfacet
  facet normal -0.0111436 -0.0507333 0.99865
    outer loop
      vertex -2.05305 0.804652 1.08403
      vertex -1.5532 0.737378 1.08619
      vertex -1.90199 1.11575 1.10152
    endloop
  endfacet
  facet normal -0.0111282 -0.0506189 0.998656
    outer loop
      vertex -1.5532 0.737378 1.08619
      vertex -2.05305 0.804652 1.08403
      vertex -1.57076 0.698624 1.08403
    endloop
  endfacet
  facet normal -0.0249679 -0.0634373 0.997673
    outer loop
      vertex -1.54262 0.760736 1.08794
      vertex -1.90199 1.11575 1.10152
      vertex -1.5532 0.737378 1.08619
    endloop
  endfacet
  facet normal -0.0247759 -0.0632436 0.997691
    outer loop
      vertex -1.48956 0.86 1.09555
      vertex -1.90199 1.11575 1.10152
      vertex -1.54262 0.760736 1.08794
    endloop
  endfacet
  facet normal -0.0247804 -0.0632509 0.99769
    outer loop
      vertex -1.90199 1.11575 1.10152
      vertex -1.48956 0.86 1.09555
      vertex -1.44248 0.935723 1.10152
    endloop
  endfacet
  facet normal 0.876573 -0.436985 -0.201652
    outer loop
      vertex -1.87832 1.15516 1.11901
      vertex -2.03583 0.847273 1.10152
      vertex -1.90199 1.11575 1.10152
    endloop
  endfacet
  facet normal 0.797399 -0.56861 0.202086
    outer loop
      vertex -1.87832 1.15516 1.11901
      vertex -1.90199 1.11575 1.10152
      vertex -1.70415 1.39941 1.11901
    endloop
  endfacet
  facet normal 0.0355822 0.0577613 -0.997696
    outer loop
      vertex -1.54262 0.760736 1.1141
      vertex -2.03583 0.847273 1.10152
      vertex -1.52352 0.79647 1.11685
    endloop
  endfacet
  facet normal 0.0355947 0.0578329 -0.997692
    outer loop
      vertex -1.58907 0.658215 1.1065
      vertex -2.03583 0.847273 1.10152
      vertex -1.54262 0.760736 1.1141
    endloop
  endfacet
  facet normal 0.0356313 0.0579196 -0.997685
    outer loop
      vertex -2.03583 0.847273 1.10152
      vertex -1.58907 0.658215 1.1065
      vertex -1.61529 0.588563 1.10152
    endloop
  endfacet
  facet normal 0.0338277 0.0394746 -0.998648
    outer loop
      vertex -1.52352 0.79647 1.11685
      vertex -1.87832 1.15516 1.11901
      vertex -1.50349 0.83395 1.11901
    endloop
  endfacet
  facet normal 0.0337941 0.0394414 -0.99865
    outer loop
      vertex -1.87832 1.15516 1.11901
      vertex -1.52352 0.79647 1.11685
      vertex -2.03583 0.847273 1.10152
    endloop
  endfacet
  facet normal -0.0189489 -0.0483591 0.99865
    outer loop
      vertex -1.90199 1.11575 1.10152
      vertex -1.41889 0.971265 1.10369
      vertex -1.70415 1.39941 1.11901
    endloop
  endfacet
  facet normal -0.0189058 -0.0482146 0.998658
    outer loop
      vertex -1.41889 0.971265 1.10369
      vertex -1.90199 1.11575 1.10152
      vertex -1.43013 0.955581 1.10272
    endloop
  endfacet
  facet normal -0.0190107 -0.0485239 0.998641
    outer loop
      vertex -1.43013 0.955581 1.10272
      vertex -1.90199 1.11575 1.10152
      vertex -1.44248 0.935723 1.10152
    endloop
  endfacet
  facet normal -0.0343348 -0.0585759 0.997692
    outer loop
      vertex -1.36457 1.04707 1.11001
      vertex -1.70415 1.39941 1.11901
      vertex -1.41889 0.971265 1.10369
    endloop
  endfacet
  facet normal -0.0343642 -0.0586042 0.99769
    outer loop
      vertex -1.29316 1.13407 1.11758
      vertex -1.70415 1.39941 1.11901
      vertex -1.36457 1.04707 1.11001
    endloop
  endfacet
  facet normal -0.0344101 -0.0586753 0.997684
    outer loop
      vertex -1.70415 1.39941 1.11901
      vertex -1.29316 1.13407 1.11758
      vertex -1.27847 1.14977 1.11901
    endloop
  endfacet
  facet normal 0.797452 -0.568647 -0.20177
    outer loop
      vertex -1.67461 1.43463 1.1365
      vertex -1.87832 1.15516 1.11901
      vertex -1.70415 1.39941 1.11901
    endloop
  endfacet
  facet normal 0.698716 -0.686309 0.20193
    outer loop
      vertex -1.67461 1.43463 1.1365
      vertex -1.70415 1.39941 1.11901
      vertex -1.4644 1.64864 1.1365
    endloop
  endfacet
  facet normal 0.0442223 0.0516189 -0.997687
    outer loop
      vertex -1.43013 0.955581 1.12855
      vertex -1.87832 1.15516 1.11901
      vertex -1.38044 1.02492 1.13434
    endloop
  endfacet
  facet normal 0.0442243 0.0516234 -0.997687
    outer loop
      vertex -1.48956 0.86 1.12097
      vertex -1.87832 1.15516 1.11901
      vertex -1.43013 0.955581 1.12855
    endloop
  endfacet
  facet normal 0.0441136 0.0514775 -0.997699
    outer loop
      vertex -1.87832 1.15516 1.11901
      vertex -1.48956 0.86 1.12097
      vertex -1.50349 0.83395 1.11901
    endloop
  endfacet
  facet normal 0.0396051 0.0337189 -0.998646
    outer loop
      vertex -1.36457 1.04707 1.13571
      vertex -1.67461 1.43463 1.1365
      vertex -1.35479 1.05898 1.1365
    endloop
  endfacet
  facet normal 0.0393895 0.0335464 -0.998661
    outer loop
      vertex -1.38044 1.02492 1.13434
      vertex -1.67461 1.43463 1.1365
      vertex -1.36457 1.04707 1.13571
    endloop
  endfacet
  facet normal 0.0395555 0.0336656 -0.99865
    outer loop
      vertex -1.67461 1.43463 1.1365
      vertex -1.38044 1.02492 1.13434
      vertex -1.87832 1.15516 1.11901
    endloop
  endfacet
  facet normal -0.0262814 -0.0447997 0.99865
    outer loop
      vertex -1.70415 1.39941 1.11901
      vertex -1.24941 1.18079 1.12117
      vertex -1.4644 1.64864 1.1365
    endloop
  endfacet
  facet normal -0.0263204 -0.0448809 0.998646
    outer loop
      vertex -1.24941 1.18079 1.12117
      vertex -1.70415 1.39941 1.11901
      vertex -1.27847 1.14977 1.11901
    endloop
  endfacet
  facet normal -0.0431388 -0.0525146 0.997688
    outer loop
      vertex -1.21622 1.21622 1.12447
      vertex -1.4644 1.64864 1.1365
      vertex -1.24941 1.18079 1.12117
    endloop
  endfacet
  facet normal -0.0430451 -0.052461 0.997695
    outer loop
      vertex -1.13407 1.29316 1.13206
      vertex -1.4644 1.64864 1.1365
      vertex -1.21622 1.21622 1.12447
    endloop
  endfacet
  facet normal -0.043135 -0.0525444 0.997687
    outer loop
      vertex -1.4644 1.64864 1.1365
      vertex -1.13407 1.29316 1.13206
      vertex -1.08272 1.33531 1.1365
    endloop
  endfacet
  facet normal 0.698766 -0.686359 -0.201588
    outer loop
      vertex -1.42972 1.67881 1.15399
      vertex -1.67461 1.43463 1.1365
      vertex -1.4644 1.64864 1.1365
    endloop
  endfacet
  facet normal 0.582759 -0.787089 0.202195
    outer loop
      vertex -1.42972 1.67881 1.15399
      vertex -1.4644 1.64864 1.1365
      vertex -1.18862 1.85732 1.15399
    endloop
  endfacet
  facet normal 0.0516087 0.0437676 -0.997708
    outer loop
      vertex -1.21622 1.21622 1.15063
      vertex -1.67461 1.43463 1.1365
      vertex -1.2034 1.22823 1.15182
    endloop
  endfacet
  facet normal 0.051753 0.0440718 -0.997687
    outer loop
      vertex -1.29316 1.13407 1.14301
      vertex -1.67461 1.43463 1.1365
      vertex -1.21622 1.21622 1.15063
    endloop
  endfacet
  facet normal 0.051728 0.04404 -0.99769
    outer loop
      vertex -1.67461 1.43463 1.1365
      vertex -1.29316 1.13407 1.14301
      vertex -1.35479 1.05898 1.1365
    endloop
  endfacet
  facet normal 0.0443232 0.0270724 -0.99865
    outer loop
      vertex -1.2034 1.22823 1.15182
      vertex -1.42972 1.67881 1.15399
      vertex -1.1723 1.25736 1.15399
    endloop
  endfacet
  facet normal 0.0443274 0.0270745 -0.99865
    outer loop
      vertex -1.42972 1.67881 1.15399
      vertex -1.2034 1.22823 1.15182
      vertex -1.67461 1.43463 1.1365
    endloop
  endfacet
  facet normal -0.0329545 -0.0401485 0.99865
    outer loop
      vertex -1.4644 1.64864 1.1365
      vertex -1.04966 1.36244 1.13868
      vertex -1.18862 1.85732 1.15399
    endloop
  endfacet
  facet normal -0.0329318 -0.0401156 0.998652
    outer loop
      vertex -1.04966 1.36244 1.13868
      vertex -1.4644 1.64864 1.1365
      vertex -1.08272 1.33531 1.1365
    endloop
  endfacet
  facet normal -0.0513534 -0.045284 0.997653
    outer loop
      vertex -1.04707 1.36457 1.13891
      vertex -1.18862 1.85732 1.15399
      vertex -1.04966 1.36244 1.13868
    endloop
  endfacet
  facet normal -0.0507664 -0.0451165 0.997691
    outer loop
      vertex -0.955581 1.43013 1.14653
      vertex -1.18862 1.85732 1.15399
      vertex -1.04707 1.36457 1.13891
    endloop
  endfacet
  facet normal -0.0508 -0.0451348 0.997688
    outer loop
      vertex -1.18862 1.85732 1.15399
      vertex -0.955581 1.43013 1.14653
      vertex -0.861206 1.48881 1.15399
    endloop
  endfacet
  facet normal 0.582863 -0.78723 -0.201345
    outer loop
      vertex -1.14965 1.8817 1.17148
      vertex -1.42972 1.67881 1.15399
      vertex -1.18862 1.85732 1.15399
    endloop
  endfacet
  facet normal 0.452533 -0.868492 0.202324
    outer loop
      vertex -1.14965 1.8817 1.17148
      vertex -1.18862 1.85732 1.15399
      vertex -0.883613 2.02032 1.17148
    endloop
  endfacet
  facet normal 0.0580634 0.0355259 -0.997681
    outer loop
      vertex -1.04707 1.36457 1.16507
      vertex -1.42972 1.67881 1.15399
      vertex -0.99618 1.40103 1.16933
    endloop
  endfacet
  facet normal 0.0579718 0.0354141 -0.99769
    outer loop
      vertex -1.13407 1.29316 1.15748
      vertex -1.42972 1.67881 1.15399
      vertex -1.04707 1.36457 1.16507
    endloop
  endfacet
  facet normal 0.0579393 0.0353891 -0.997693
    outer loop
      vertex -1.42972 1.67881 1.15399
      vertex -1.13407 1.29316 1.15748
      vertex -1.1723 1.25736 1.15399
    endloop
  endfacet
  facet normal 0.0478728 0.0197519 -0.998658
    outer loop
      vertex -0.99618 1.40103 1.16933
      vertex -1.14965 1.8817 1.17148
      vertex -0.961566 1.42584 1.17148
    endloop
  endfacet
  facet normal 0.0480213 0.0197993 -0.99865
    outer loop
      vertex -1.14965 1.8817 1.17148
      vertex -0.99618 1.40103 1.16933
      vertex -1.42972 1.67881 1.15399
    endloop
  endfacet
  facet normal -0.0388307 -0.0344954 0.99865
    outer loop
      vertex -1.18862 1.85732 1.15399
      vertex -0.823638 1.509 1.15615
      vertex -0.883613 2.02032 1.17148
    endloop
  endfacet
  facet normal -0.038912 -0.0345806 0.998644
    outer loop
      vertex -0.823638 1.509 1.15615
      vertex -1.18862 1.85732 1.15399
      vertex -0.86 1.48956 1.15406
    endloop
  endfacet
  facet normal -0.0373393 -0.0331752 0.998752
    outer loop
      vertex -0.86 1.48956 1.15406
      vertex -1.18862 1.85732 1.15399
      vertex -0.861206 1.48881 1.15399
    endloop
  endfacet
  facet normal -0.0571944 -0.0366206 0.997691
    outer loop
      vertex -0.760736 1.54262 1.16099
      vertex -0.883613 2.02032 1.17148
      vertex -0.823638 1.509 1.15615
    endloop
  endfacet
  facet normal -0.0572625 -0.036638 0.997687
    outer loop
      vertex -0.658215 1.58907 1.16858
      vertex -0.883613 2.02032 1.17148
      vertex -0.760736 1.54262 1.16099
    endloop
  endfacet
  facet normal -0.0571 -0.0365531 0.997699
    outer loop
      vertex -0.883613 2.02032 1.17148
      vertex -0.658215 1.58907 1.16858
      vertex -0.617383 1.60444 1.17148
    endloop
  endfacet
  facet normal 0.452581 -0.868586 -0.201814
    outer loop
      vertex -0.841307 2.0383 1.18897
      vertex -1.14965 1.8817 1.17148
      vertex -0.883613 2.02032 1.17148
    endloop
  endfacet
  facet normal 0.311239 -0.928653 0.201824
    outer loop
      vertex -0.841307 2.0383 1.18897
      vertex -0.883613 2.02032 1.17148
      vertex -0.556868 2.13363 1.18897
    endloop
  endfacet
  facet normal 0.0627853 0.0258947 -0.997691
    outer loop
      vertex -0.86 1.48956 1.17953
      vertex -1.14965 1.8817 1.17148
      vertex -0.765475 1.54009 1.18679
    endloop
  endfacet
  facet normal 0.0628034 0.0259081 -0.99769
    outer loop
      vertex -0.955581 1.43013 1.17197
      vertex -1.14965 1.8817 1.17148
      vertex -0.86 1.48956 1.17953
    endloop
  endfacet
  facet normal 0.0630378 0.0260089 -0.997672
    outer loop
      vertex -1.14965 1.8817 1.17148
      vertex -0.955581 1.43013 1.17197
      vertex -0.961566 1.42584 1.17148
    endloop
  endfacet
  facet normal 0.0505255 0.0120608 -0.99865
    outer loop
      vertex -0.760736 1.54262 1.18706
      vertex -0.841307 2.0383 1.18897
      vertex -0.72667 1.55806 1.18897
    endloop
  endfacet
  facet normal 0.0504638 0.0120508 -0.998653
    outer loop
      vertex -0.765475 1.54009 1.18679
      vertex -0.841307 2.0383 1.18897
      vertex -0.760736 1.54262 1.18706
    endloop
  endfacet
  facet normal 0.0505212 0.0120595 -0.99865
    outer loop
      vertex -0.841307 2.0383 1.18897
      vertex -0.765475 1.54009 1.18679
      vertex -1.14965 1.8817 1.17148
    endloop
  endfacet
  facet normal -0.0437484 -0.0279925 0.99865
    outer loop
      vertex -0.883613 2.02032 1.17148
      vertex -0.577568 1.61943 1.17365
      vertex -0.556868 2.13363 1.18897
    endloop
  endfacet
  facet normal -0.0438578 -0.028076 0.998643
    outer loop
      vertex -0.577568 1.61943 1.17365
      vertex -0.883613 2.02032 1.17148
      vertex -0.617383 1.60444 1.17148
    endloop
  endfacet
  facet normal -0.0622279 -0.027226 0.997691
    outer loop
      vertex -0.556868 2.13363 1.18897
      vertex -0.445168 1.66139 1.18305
      vertex -0.359039 1.68147 1.18897
    endloop
  endfacet
  facet normal -0.0622323 -0.027227 0.99769
    outer loop
      vertex -0.556868 2.13363 1.18897
      vertex -0.552876 1.62872 1.17544
      vertex -0.445168 1.66139 1.18305
    endloop
  endfacet
  facet normal -0.0620829 -0.0272261 0.9977
    outer loop
      vertex -0.552876 1.62872 1.17544
      vertex -0.556868 2.13363 1.18897
      vertex -0.577568 1.61943 1.17365
    endloop
  endfacet
  facet normal 0.311254 -0.928697 -0.201601
    outer loop
      vertex -0.512271 2.14478 1.20646
      vertex -0.841307 2.0383 1.18897
      vertex -0.556868 2.13363 1.18897
    endloop
  endfacet
  facet normal 0.162187 -0.965828 0.202168
    outer loop
      vertex -0.512271 2.14478 1.20646
      vertex -0.556868 2.13363 1.18897
      vertex -0.216426 2.19446 1.20646
    endloop
  endfacet
  facet normal 0.0662093 0.0158605 -0.99768
    outer loop
      vertex -0.552876 1.62872 1.2016
      vertex -0.841307 2.0383 1.18897
      vertex -0.514807 1.64027 1.20431
    endloop
  endfacet
  facet normal 0.0660531 0.0157501 -0.997692
    outer loop
      vertex -0.658215 1.58907 1.194
      vertex -0.841307 2.0383 1.18897
      vertex -0.552876 1.62872 1.2016
    endloop
  endfacet
  facet normal 0.0661551 0.0157917 -0.997684
    outer loop
      vertex -0.841307 2.0383 1.18897
      vertex -0.658215 1.58907 1.194
      vertex -0.72667 1.55806 1.18897
    endloop
  endfacet
  facet normal 0.0515833 0.00399656 -0.998661
    outer loop
      vertex -0.514807 1.64027 1.20431
      vertex -0.512271 2.14478 1.20646
      vertex -0.474138 1.6526 1.20646
    endloop
  endfacet
  facet normal 0.0517905 0.00399547 -0.99865
    outer loop
      vertex -0.512271 2.14478 1.20646
      vertex -0.514807 1.64027 1.20431
      vertex -0.841307 2.0383 1.18897
    endloop
  endfacet
  facet normal -0.0475854 -0.0208176 0.99865
    outer loop
      vertex -0.556868 2.13363 1.18897
      vertex -0.317235 1.68997 1.19114
      vertex -0.216426 2.19446 1.20646
    endloop
  endfacet
  facet normal -0.047291 -0.0206586 0.998668
    outer loop
      vertex -0.317235 1.68997 1.19114
      vertex -0.556868 2.13363 1.18897
      vertex -0.335555 1.68695 1.19021
    endloop
  endfacet
  facet normal -0.0478451 -0.0209332 0.998635
    outer loop
      vertex -0.335555 1.68695 1.19021
      vertex -0.556868 2.13363 1.18897
      vertex -0.359039 1.68147 1.18897
    endloop
  endfacet
  facet normal -0.0657863 -0.0171794 0.997686
    outer loop
      vertex -0.216426 2.19446 1.20646
      vertex -0.112493 1.71632 1.20508
      vertex -0.0917421 1.717 1.20646
    endloop
  endfacet
  facet normal -0.0656491 -0.0171496 0.997695
    outer loop
      vertex -0.216426 2.19446 1.20646
      vertex -0.224504 1.70529 1.19752
      vertex -0.112493 1.71632 1.20508
    endloop
  endfacet
  facet normal -0.0658091 -0.0171468 0.997685
    outer loop
      vertex -0.224504 1.70529 1.19752
      vertex -0.216426 2.19446 1.20646
      vertex -0.317235 1.68997 1.19114
    endloop
  endfacet
  facet normal 0.16219 -0.965843 -0.202096
    outer loop
      vertex -0.170634 2.19849 1.22395
      vertex -0.512271 2.14478 1.20646
      vertex -0.216426 2.19446 1.20646
    endloop
  endfacet
  facet normal 0.00920748 -0.979431 0.201571
    outer loop
      vertex -0.170634 2.19849 1.22395
      vertex -0.216426 2.19446 1.20646
      vertex 0.129339 2.20131 1.22395
    endloop
  endfacet
  facet normal 0.0677554 0.00525443 -0.997688
    outer loop
      vertex -0.335555 1.68695 1.21605
      vertex -0.512271 2.14478 1.20646
      vertex -0.252103 1.70073 1.22179
    endloop
  endfacet
  facet normal 0.0676831 0.00522642 -0.997693
    outer loop
      vertex -0.445168 1.66139 1.20848
      vertex -0.512271 2.14478 1.20646
      vertex -0.335555 1.68695 1.21605
    endloop
  endfacet
  facet normal 0.0679673 0.00526595 -0.997674
    outer loop
      vertex -0.512271 2.14478 1.20646
      vertex -0.445168 1.66139 1.20848
      vertex -0.474138 1.6526 1.20646
    endloop
  endfacet
  facet normal 0.0516801 -0.00412615 -0.998655
    outer loop
      vertex -0.224504 1.70529 1.2232
      vertex -0.170634 2.19849 1.22395
      vertex -0.209897 1.70672 1.22395
    endloop
  endfacet
  facet normal 0.0517022 -0.00412856 -0.998654
    outer loop
      vertex -0.252103 1.70073 1.22179
      vertex -0.170634 2.19849 1.22395
      vertex -0.224504 1.70529 1.2232
    endloop
  endfacet
  facet normal 0.0517766 -0.00414075 -0.99865
    outer loop
      vertex -0.170634 2.19849 1.22395
      vertex -0.252103 1.70073 1.22179
      vertex -0.512271 2.14478 1.20646
    endloop
  endfacet
  facet normal -0.0502554 -0.0131161 0.99865
    outer loop
      vertex -0.216426 2.19446 1.20646
      vertex -0.0492546 1.71839 1.20862
      vertex 0.129339 2.20131 1.22395
    endloop
  endfacet
  facet normal -0.0503396 -0.0131457 0.998646
    outer loop
      vertex -0.0492546 1.71839 1.20862
      vertex -0.216426 2.19446 1.20646
      vertex -0.0917421 1.717 1.20646
    endloop
  endfacet
  facet normal -0.0674953 -0.00666589 0.997697
    outer loop
      vertex 0.129339 2.20131 1.22395
      vertex 0.112493 1.71632 1.21957
      vertex 0.177873 1.70988 1.22395
    endloop
  endfacet
  facet normal -0.0676215 -0.00666143 0.997689
    outer loop
      vertex 0.129339 2.20131 1.22395
      vertex 0 1.72 1.21197
      vertex 0.112493 1.71632 1.21957
    endloop
  endfacet
  facet normal -0.0676391 -0.00665668 0.997688
    outer loop
      vertex 0 1.72 1.21197
      vertex 0.129339 2.20131 1.22395
      vertex -0.0492546 1.71839 1.20862
    endloop
  endfacet
  facet normal 0.00920627 -0.979302 -0.202194
    outer loop
      vertex 0.175198 2.19813 1.24144
      vertex -0.170634 2.19849 1.22395
      vertex 0.129339 2.20131 1.22395
    endloop
  endfacet
  facet normal -0.144054 -0.968824 0.201562
    outer loop
      vertex 0.175198 2.19813 1.24144
      vertex 0.129339 2.20131 1.22395
      vertex 0.471923 2.15401 1.24144
    endloop
  endfacet
  facet normal 0.0674415 -0.00551669 -0.997708
    outer loop
      vertex 0 1.72 1.23813
      vertex -0.170634 2.19849 1.22395
      vertex 0.0168198 1.71945 1.23927
    endloop
  endfacet
  facet normal 0.0677576 -0.00540334 -0.997687
    outer loop
      vertex -0.112493 1.71632 1.23051
      vertex -0.170634 2.19849 1.22395
      vertex 0 1.72 1.23813
    endloop
  endfacet
  facet normal 0.0677257 -0.00540723 -0.997689
    outer loop
      vertex -0.170634 2.19849 1.22395
      vertex -0.112493 1.71632 1.23051
      vertex -0.209897 1.70672 1.22395
    endloop
  endfacet
  facet normal 0.0504809 -0.0121752 -0.998651
    outer loop
      vertex 0.0168198 1.71945 1.23927
      vertex 0.175198 2.19813 1.24144
      vertex 0.0594107 1.71805 1.24144
    endloop
  endfacet
  facet normal 0.0504927 -0.0121791 -0.99865
    outer loop
      vertex 0.175198 2.19813 1.24144
      vertex 0.0168198 1.71945 1.23927
      vertex -0.170634 2.19849 1.22395
    endloop
  endfacet
  facet normal -0.0516866 -0.00508695 0.99865
    outer loop
      vertex 0.129339 2.20131 1.22395
      vertex 0.220431 1.70569 1.22614
      vertex 0.471923 2.15401 1.24144
    endloop
  endfacet
  facet normal -0.0518938 -0.00512507 0.998639
    outer loop
      vertex 0.220431 1.70569 1.22614
      vertex 0.129339 2.20131 1.22395
      vertex 0.177873 1.70988 1.22395
    endloop
  endfacet
  facet normal -0.0677405 0.00397099 0.997695
    outer loop
      vertex 0.471923 2.15401 1.24144
      vertex 0.335555 1.68695 1.23404
      vertex 0.443074 1.66188 1.24144
    endloop
  endfacet
  facet normal -0.0678853 0.00401343 0.997685
    outer loop
      vertex 0.471923 2.15401 1.24144
      vertex 0.224504 1.70529 1.22641
      vertex 0.335555 1.68695 1.23404
    endloop
  endfacet
  facet normal -0.0658619 0.00289306 0.997825
    outer loop
      vertex 0.224504 1.70529 1.22641
      vertex 0.471923 2.15401 1.24144
      vertex 0.220431 1.70569 1.22614
    endloop
  endfacet
  facet normal -0.144054 -0.968824 -0.201566
    outer loop
      vertex 0.516722 2.14371 1.25893
      vertex 0.175198 2.19813 1.24144
      vertex 0.471923 2.15401 1.24144
    endloop
  endfacet
  facet normal -0.293722 -0.934273 0.202141
    outer loop
      vertex 0.516722 2.14371 1.25893
      vertex 0.471923 2.15401 1.24144
      vertex 0.802899 2.05374 1.25893
    endloop
  endfacet
  facet normal 0.0660074 -0.0159478 -0.997692
    outer loop
      vertex 0.224504 1.70529 1.25258
      vertex 0.175198 2.19813 1.24144
      vertex 0.285551 1.69521 1.25678
    endloop
  endfacet
  facet normal 0.0660345 -0.0159451 -0.99769
    outer loop
      vertex 0.112493 1.71632 1.24499
      vertex 0.175198 2.19813 1.24144
      vertex 0.224504 1.70529 1.25258
    endloop
  endfacet
  facet normal 0.0662017 -0.0159667 -0.997679
    outer loop
      vertex 0.175198 2.19813 1.24144
      vertex 0.112493 1.71632 1.24499
      vertex 0.0594107 1.71805 1.24144
    endloop
  endfacet
  facet normal 0.047828 -0.0198647 -0.998658
    outer loop
      vertex 0.285551 1.69521 1.25678
      vertex 0.516722 2.14371 1.25893
      vertex 0.327561 1.68827 1.25893
    endloop
  endfacet
  facet normal 0.0479658 -0.0199358 -0.99865
    outer loop
      vertex 0.516722 2.14371 1.25893
      vertex 0.285551 1.69521 1.25678
      vertex 0.175198 2.19813 1.24144
    endloop
  endfacet
  facet normal -0.0518505 0.00304306 0.99865
    outer loop
      vertex 0.471923 2.15401 1.24144
      vertex 0.483924 1.64964 1.2436
      vertex 0.802899 2.05374 1.25893
    endloop
  endfacet
  facet normal -0.0519013 0.00304184 0.998648
    outer loop
      vertex 0.471923 2.15401 1.24144
      vertex 0.445168 1.66139 1.24155
      vertex 0.483924 1.64964 1.2436
    endloop
  endfacet
  facet normal -0.0517505 0.00303365 0.998655
    outer loop
      vertex 0.445168 1.66139 1.24155
      vertex 0.471923 2.15401 1.24144
      vertex 0.443074 1.66188 1.24144
    endloop
  endfacet
  facet normal -0.0662093 0.0144963 0.9977
    outer loop
      vertex 0.802899 2.05374 1.25893
      vertex 0.658215 1.58907 1.25608
      vertex 0.697286 1.57137 1.25893
    endloop
  endfacet
  facet normal -0.0664068 0.0145578 0.997686
    outer loop
      vertex 0.802899 2.05374 1.25893
      vertex 0.552876 1.62872 1.24849
      vertex 0.658215 1.58907 1.25608
    endloop
  endfacet
  facet normal -0.0663487 0.0145236 0.997691
    outer loop
      vertex 0.552876 1.62872 1.24849
      vertex 0.802899 2.05374 1.25893
      vertex 0.483924 1.64964 1.2436
    endloop
  endfacet
  facet normal -0.293725 -0.934281 -0.2021
    outer loop
      vertex 0.845536 2.03655 1.27643
      vertex 0.516722 2.14371 1.25893
      vertex 0.802899 2.05374 1.25893
    endloop
  endfacet
  facet normal -0.436232 -0.877016 0.201356
    outer loop
      vertex 0.845536 2.03655 1.27643
      vertex 0.802899 2.05374 1.25893
      vertex 1.11413 1.90295 1.27643
    endloop
  endfacet
  facet normal 0.0628011 -0.0260717 -0.997685
    outer loop
      vertex 0.445168 1.66139 1.26703
      vertex 0.516722 2.14371 1.25893
      vertex 0.54704 1.63049 1.27425
    endloop
  endfacet
  facet normal 0.0627334 -0.0260618 -0.99769
    outer loop
      vertex 0.335555 1.68695 1.25947
      vertex 0.516722 2.14371 1.25893
      vertex 0.445168 1.66139 1.26703
    endloop
  endfacet
  facet normal 0.0630677 -0.0261943 -0.997665
    outer loop
      vertex 0.516722 2.14371 1.25893
      vertex 0.335555 1.68695 1.25947
      vertex 0.327561 1.68827 1.25893
    endloop
  endfacet
  facet normal 0.0444366 -0.0272843 -0.99864
    outer loop
      vertex 0.552876 1.62872 1.27455
      vertex 0.845536 2.03655 1.27643
      vertex 0.587193 1.6158 1.27643
    endloop
  endfacet
  facet normal 0.0433092 -0.026475 -0.998711
    outer loop
      vertex 0.54704 1.63049 1.27425
      vertex 0.845536 2.03655 1.27643
      vertex 0.552876 1.62872 1.27455
    endloop
  endfacet
  facet normal 0.0442871 -0.0271942 -0.998649
    outer loop
      vertex 0.845536 2.03655 1.27643
      vertex 0.54704 1.63049 1.27425
      vertex 0.516722 2.14371 1.25893
    endloop
  endfacet
  facet normal -0.0507626 0.0111244 0.998649
    outer loop
      vertex 0.802899 2.05374 1.25893
      vertex 0.736032 1.55381 1.2611
      vertex 1.11413 1.90295 1.27643
    endloop
  endfacet
  facet normal -0.0508809 0.0111402 0.998643
    outer loop
      vertex 0.736032 1.55381 1.2611
      vertex 0.802899 2.05374 1.25893
      vertex 0.697286 1.57137 1.25893
    endloop
  endfacet
  facet normal -0.0633657 0.0247629 0.997683
    outer loop
      vertex 1.11413 1.90295 1.27643
      vertex 0.86 1.48956 1.27055
      vertex 0.934482 1.44325 1.27643
    endloop
  endfacet
  facet normal -0.063279 0.0247096 0.99769
    outer loop
      vertex 1.11413 1.90295 1.27643
      vertex 0.760736 1.54262 1.26294
      vertex 0.86 1.48956 1.27055
    endloop
  endfacet
  facet normal -0.0631677 0.0246 0.9977
    outer loop
      vertex 0.760736 1.54262 1.26294
      vertex 1.11413 1.90295 1.27643
      vertex 0.736032 1.55381 1.2611
    endloop
  endfacet
  facet normal -0.436158 -0.876868 -0.202161
    outer loop
      vertex 1.15355 1.87931 1.29392
      vertex 0.845536 2.03655 1.27643
      vertex 1.11413 1.90295 1.27643
    endloop
  endfacet
  facet normal -0.567982 -0.79797 0.201592
    outer loop
      vertex 1.15355 1.87931 1.29392
      vertex 1.11413 1.90295 1.27643
      vertex 1.39795 1.70535 1.29392
    endloop
  endfacet
  facet normal 0.0580567 -0.0355593 -0.99768
    outer loop
      vertex 0.760736 1.54262 1.2891
      vertex 0.845536 2.03655 1.27643
      vertex 0.795171 1.52421 1.29176
    endloop
  endfacet
  facet normal 0.0578638 -0.0355265 -0.997692
    outer loop
      vertex 0.658215 1.58907 1.2815
      vertex 0.845536 2.03655 1.27643
      vertex 0.760736 1.54262 1.2891
    endloop
  endfacet
  facet normal 0.0578526 -0.0355218 -0.997693
    outer loop
      vertex 0.845536 2.03655 1.27643
      vertex 0.658215 1.58907 1.2815
      vertex 0.587193 1.6158 1.27643
    endloop
  endfacet
  facet normal 0.0394959 -0.033786 -0.998648
    outer loop
      vertex 0.795171 1.52421 1.29176
      vertex 1.15355 1.87931 1.29392
      vertex 0.832652 1.50418 1.29392
    endloop
  endfacet
  facet normal 0.0394714 -0.0337613 -0.99865
    outer loop
      vertex 1.15355 1.87931 1.29392
      vertex 0.795171 1.52421 1.29176
      vertex 0.845536 2.03655 1.27643
    endloop
  endfacet
  facet normal -0.0483894 0.0188892 0.99865
    outer loop
      vertex 1.11413 1.90295 1.27643
      vertex 0.970083 1.41974 1.27859
      vertex 1.39795 1.70535 1.29392
    endloop
  endfacet
  facet normal -0.0478678 0.0187338 0.998678
    outer loop
      vertex 1.11413 1.90295 1.27643
      vertex 0.955581 1.43013 1.2777
      vertex 0.970083 1.41974 1.27859
    endloop
  endfacet
  facet normal -0.0483595 0.0188986 0.998651
    outer loop
      vertex 0.955581 1.43013 1.2777
      vertex 1.11413 1.90295 1.27643
      vertex 0.934482 1.44325 1.27643
    endloop
  endfacet
  facet normal -0.0586293 0.0343147 0.99769
    outer loop
      vertex 1.39795 1.70535 1.29392
      vertex 1.13407 1.29316 1.29259
      vertex 1.14869 1.27947 1.29392
    endloop
  endfacet
  facet normal -0.0586394 0.0343212 0.997689
    outer loop
      vertex 1.39795 1.70535 1.29392
      vertex 1.04707 1.36457 1.28502
      vertex 1.13407 1.29316 1.29259
    endloop
  endfacet
  facet normal -0.0586927 0.0343762 0.997684
    outer loop
      vertex 1.04707 1.36457 1.28502
      vertex 1.39795 1.70535 1.29392
      vertex 0.970083 1.41974 1.27859
    endloop
  endfacet
  facet normal -0.567977 -0.797962 -0.20164
    outer loop
      vertex 1.4332 1.67584 1.31141
      vertex 1.15355 1.87931 1.29392
      vertex 1.39795 1.70535 1.29392
    endloop
  endfacet
  facet normal -0.685689 -0.69927 0.20212
    outer loop
      vertex 1.4332 1.67584 1.31141
      vertex 1.39795 1.70535 1.29392
      vertex 1.64739 1.46581 1.31141
    endloop
  endfacet
  facet normal 0.0516449 -0.0441512 -0.997689
    outer loop
      vertex 0.955581 1.43013 1.30355
      vertex 1.15355 1.87931 1.29392
      vertex 1.02374 1.38128 1.30924
    endloop
  endfacet
  facet normal 0.0515821 -0.0441236 -0.997694
    outer loop
      vertex 0.86 1.48956 1.29598
      vertex 1.15355 1.87931 1.29392
      vertex 0.955581 1.43013 1.30355
    endloop
  endfacet
  facet normal 0.051569 -0.0441137 -0.997695
    outer loop
      vertex 1.15355 1.87931 1.29392
      vertex 0.86 1.48956 1.29598
      vertex 0.832652 1.50418 1.29392
    endloop
  endfacet
  facet normal 0.0339848 -0.0398481 -0.998628
    outer loop
      vertex 1.04707 1.36457 1.31069
      vertex 1.4332 1.67584 1.31141
      vertex 1.05785 1.35572 1.31141
    endloop
  endfacet
  facet normal 0.0337422 -0.0395472 -0.998648
    outer loop
      vertex 1.02374 1.38128 1.30924
      vertex 1.4332 1.67584 1.31141
      vertex 1.04707 1.36457 1.31069
    endloop
  endfacet
  facet normal 0.0337133 -0.0395069 -0.99865
    outer loop
      vertex 1.4332 1.67584 1.31141
      vertex 1.02374 1.38128 1.30924
      vertex 1.15355 1.87931 1.29392
    endloop
  endfacet
  facet normal -0.0448363 0.026227 0.99865
    outer loop
      vertex 1.39795 1.70535 1.29392
      vertex 1.17972 1.25041 1.29607
      vertex 1.64739 1.46581 1.31141
    endloop
  endfacet
  facet normal -0.0446959 0.0261597 0.998658
    outer loop
      vertex 1.17972 1.25041 1.29607
      vertex 1.39795 1.70535 1.29392
      vertex 1.14869 1.27947 1.29392
    endloop
  endfacet
  facet normal -0.0525689 0.0430805 0.997688
    outer loop
      vertex 1.64739 1.46581 1.31141
      vertex 1.29316 1.13407 1.30707
      vertex 1.33438 1.08386 1.31141
    endloop
  endfacet
  facet normal -0.0525611 0.0430722 0.997688
    outer loop
      vertex 1.64739 1.46581 1.31141
      vertex 1.21622 1.21622 1.29947
      vertex 1.29316 1.13407 1.30707
    endloop
  endfacet
  facet normal -0.0525718 0.0430906 0.997687
    outer loop
      vertex 1.21622 1.21622 1.29947
      vertex 1.64739 1.46581 1.31141
      vertex 1.17972 1.25041 1.29607
    endloop
  endfacet
  facet normal -0.685738 -0.69932 -0.201781
    outer loop
      vertex 1.67759 1.43115 1.3289
      vertex 1.4332 1.67584 1.31141
      vertex 1.64739 1.46581 1.31141
    endloop
  endfacet
  facet normal -0.786614 -0.58348 0.201963
    outer loop
      vertex 1.67759 1.43115 1.3289
      vertex 1.64739 1.46581 1.31141
      vertex 1.85631 1.19021 1.3289
    endloop
  endfacet
  facet normal 0.0444353 -0.0518437 -0.997666
    outer loop
      vertex 1.21622 1.21622 1.32563
      vertex 1.4332 1.67584 1.31141
      vertex 1.22722 1.20448 1.32673
    endloop
  endfacet
  facet normal 0.04404 -0.0516579 -0.997693
    outer loop
      vertex 1.13407 1.29316 1.31802
      vertex 1.4332 1.67584 1.31141
      vertex 1.21622 1.21622 1.32563
    endloop
  endfacet
  facet normal 0.0440902 -0.0516971 -0.997689
    outer loop
      vertex 1.4332 1.67584 1.31141
      vertex 1.13407 1.29316 1.31802
      vertex 1.05785 1.35572 1.31141
    endloop
  endfacet
  facet normal 0.0270966 -0.0442777 -0.998652
    outer loop
      vertex 1.22722 1.20448 1.32673
      vertex 1.67759 1.43115 1.3289
      vertex 1.25636 1.17337 1.3289
    endloop
  endfacet
  facet normal 0.0271102 -0.0443047 -0.99865
    outer loop
      vertex 1.67759 1.43115 1.3289
      vertex 1.22722 1.20448 1.32673
      vertex 1.4332 1.67584 1.31141
    endloop
  endfacet
  facet normal -0.0401742 0.0329216 0.99865
    outer loop
      vertex 1.64739 1.46581 1.31141
      vertex 1.3615 1.05081 1.31359
      vertex 1.85631 1.19021 1.3289
    endloop
  endfacet
  facet normal -0.0401637 0.0329144 0.998651
    outer loop
      vertex 1.3615 1.05081 1.31359
      vertex 1.64739 1.46581 1.31141
      vertex 1.33438 1.08386 1.31141
    endloop
  endfacet
  facet normal -0.0451722 0.0507545 0.997689
    outer loop
      vertex 1.85631 1.19021 1.3289
      vertex 1.43013 0.955581 1.32154
      vertex 1.48804 0.862445 1.3289
    endloop
  endfacet
  facet normal -0.0451611 0.0507344 0.997691
    outer loop
      vertex 1.85631 1.19021 1.3289
      vertex 1.36457 1.04707 1.31392
      vertex 1.43013 0.955581 1.32154
    endloop
  endfacet
  facet normal -0.0452138 0.0509165 0.997679
    outer loop
      vertex 1.36457 1.04707 1.31392
      vertex 1.85631 1.19021 1.3289
      vertex 1.3615 1.05081 1.31359
    endloop
  endfacet
  facet normal -0.786625 -0.583488 -0.201897
    outer loop
      vertex 1.88072 1.15125 1.34639
      vertex 1.67759 1.43115 1.3289
      vertex 1.85631 1.19021 1.3289
    endloop
  endfacet
  facet normal -0.868183 -0.453333 0.201857
    outer loop
      vertex 1.88072 1.15125 1.34639
      vertex 1.85631 1.19021 1.3289
      vertex 2.01957 0.885337 1.34639
    endloop
  endfacet
  facet normal 0.035435 -0.0579204 -0.997692
    outer loop
      vertex 1.36457 1.04707 1.34008
      vertex 1.67759 1.43115 1.3289
      vertex 1.40018 0.997371 1.34423
    endloop
  endfacet
  facet normal 0.035456 -0.0579374 -0.99769
    outer loop
      vertex 1.29316 1.13407 1.33249
      vertex 1.67759 1.43115 1.3289
      vertex 1.36457 1.04707 1.34008
    endloop
  endfacet
  facet normal 0.0354558 -0.0579372 -0.99769
    outer loop
      vertex 1.67759 1.43115 1.3289
      vertex 1.29316 1.13407 1.33249
      vertex 1.25636 1.17337 1.3289
    endloop
  endfacet
  facet normal 0.019886 -0.0480827 -0.998645
    outer loop
      vertex 1.40018 0.997371 1.34423
      vertex 1.88072 1.15125 1.34639
      vertex 1.42498 0.962766 1.34639
    endloop
  endfacet
  facet normal 0.0198568 -0.0479917 -0.99865
    outer loop
      vertex 1.88072 1.15125 1.34639
      vertex 1.40018 0.997371 1.34423
      vertex 1.67759 1.43115 1.3289
    endloop
  endfacet
  facet normal -0.034529 0.0388004 0.99865
    outer loop
      vertex 1.85631 1.19021 1.3289
      vertex 1.50831 0.824926 1.33106
      vertex 2.01957 0.885337 1.34639
    endloop
  endfacet
  facet normal -0.0347005 0.0389637 0.998638
    outer loop
      vertex 1.85631 1.19021 1.3289
      vertex 1.48956 0.86 1.32904
      vertex 1.50831 0.824926 1.33106
    endloop
  endfacet
  facet normal -0.0327689 0.0368185 0.998785
    outer loop
      vertex 1.48956 0.86 1.32904
      vertex 1.85631 1.19021 1.3289
      vertex 1.48804 0.862445 1.3289
    endloop
  endfacet
  facet normal -0.0367081 0.0572351 0.997686
    outer loop
      vertex 2.01957 0.885337 1.34639
      vertex 1.58907 0.658215 1.34358
      vertex 1.60392 0.618757 1.34639
    endloop
  endfacet
  facet normal -0.036665 0.0571533 0.997692
    outer loop
      vertex 2.01957 0.885337 1.34639
      vertex 1.54262 0.760736 1.336
      vertex 1.58907 0.658215 1.34358
    endloop
  endfacet
  facet normal -0.0366719 0.0571799 0.99769
    outer loop
      vertex 1.54262 0.760736 1.336
      vertex 2.01957 0.885337 1.34639
      vertex 1.50831 0.824926 1.33106
    endloop
  endfacet
  facet normal -0.868211 -0.453348 -0.201705
    outer loop
      vertex 2.03759 0.843045 1.36388
      vertex 1.88072 1.15125 1.34639
      vertex 2.01957 0.885337 1.34639
    endloop
  endfacet
  facet normal -0.928346 -0.311977 0.202097
    outer loop
      vertex 2.03759 0.843045 1.36388
      vertex 2.01957 0.885337 1.34639
      vertex 2.13315 0.558688 1.36388
    endloop
  endfacet
  facet normal 0.0260083 -0.062814 -0.997686
    outer loop
      vertex 1.48956 0.86 1.35453
      vertex 1.88072 1.15125 1.34639
      vertex 1.5394 0.766754 1.3617
    endloop
  endfacet
  facet normal 0.0259712 -0.0627643 -0.99769
    outer loop
      vertex 1.43013 0.955581 1.34697
      vertex 1.88072 1.15125 1.34639
      vertex 1.48956 0.86 1.35453
    endloop
  endfacet
  facet normal 0.0256934 -0.0621248 -0.997738
    outer loop
      vertex 1.88072 1.15125 1.34639
      vertex 1.43013 0.955581 1.34697
      vertex 1.42498 0.962766 1.34639
    endloop
  endfacet
  facet normal 0.0121329 -0.0506376 -0.998643
    outer loop
      vertex 1.54262 0.760736 1.36204
      vertex 2.03759 0.843045 1.36388
      vertex 1.55745 0.728002 1.36388
    endloop
  endfacet
  facet normal 0.0120251 -0.0499883 -0.998677
    outer loop
      vertex 1.5394 0.766754 1.3617
      vertex 2.03759 0.843045 1.36388
      vertex 1.54262 0.760736 1.36204
    endloop
  endfacet
  facet normal 0.0121049 -0.0505102 -0.99865
    outer loop
      vertex 2.03759 0.843045 1.36388
      vertex 1.5394 0.766754 1.3617
      vertex 1.88072 1.15125 1.34639
    endloop
  endfacet
  facet normal -0.0280481 0.0437187 0.99865
    outer loop
      vertex 2.01957 0.885337 1.34639
      vertex 1.61891 0.57895 1.34855
      vertex 2.13315 0.558688 1.36388
    endloop
  endfacet
  facet normal -0.0279935 0.0436474 0.998655
    outer loop
      vertex 1.61891 0.57895 1.34855
      vertex 2.01957 0.885337 1.34639
      vertex 1.60392 0.618757 1.34639
    endloop
  endfacet
  facet normal -0.0272734 0.0621913 0.997692
    outer loop
      vertex 2.13315 0.558688 1.36388
      vertex 1.66139 0.445168 1.35806
      vertex 1.68114 0.360463 1.36388
    endloop
  endfacet
  facet normal -0.0272795 0.0622164 0.99769
    outer loop
      vertex 2.13315 0.558688 1.36388
      vertex 1.62872 0.552876 1.35045
      vertex 1.66139 0.445168 1.35806
    endloop
  endfacet
  facet normal -0.0272816 0.0624358 0.997676
    outer loop
      vertex 1.62872 0.552876 1.35045
      vertex 2.13315 0.558688 1.36388
      vertex 1.61891 0.57895 1.34855
    endloop
  endfacet
  facet normal -0.928483 -0.312023 -0.201397
    outer loop
      vertex 2.14434 0.514101 1.38137
      vertex 2.03759 0.843045 1.36388
      vertex 2.13315 0.558688 1.36388
    endloop
  endfacet
  facet normal -0.965664 -0.162999 0.202295
    outer loop
      vertex 2.14434 0.514101 1.38137
      vertex 2.13315 0.558688 1.36388
      vertex 2.19427 0.218298 1.38137
    endloop
  endfacet
  facet normal 0.0157607 -0.065978 -0.997697
    outer loop
      vertex 1.62872 0.552876 1.37661
      vertex 2.03759 0.843045 1.36388
      vertex 1.63984 0.516216 1.37921
    endloop
  endfacet
  facet normal 0.0158536 -0.0661084 -0.997686
    outer loop
      vertex 1.58907 0.658215 1.369
      vertex 2.03759 0.843045 1.36388
      vertex 1.62872 0.552876 1.37661
    endloop
  endfacet
  facet normal 0.0158206 -0.0660286 -0.997692
    outer loop
      vertex 2.03759 0.843045 1.36388
      vertex 1.58907 0.658215 1.369
      vertex 1.55745 0.728002 1.36388
    endloop
  endfacet
  facet normal 0.00405849 -0.0518072 -0.998649
    outer loop
      vertex 1.63984 0.516216 1.37921
      vertex 2.14434 0.514101 1.38137
      vertex 1.65218 0.475546 1.38137
    endloop
  endfacet
  facet normal 0.00405861 -0.0517813 -0.99865
    outer loop
      vertex 2.14434 0.514101 1.38137
      vertex 1.63984 0.516216 1.37921
      vertex 2.03759 0.843045 1.36388
    endloop
  endfacet
  facet normal -0.0208608 0.0475671 0.99865
    outer loop
      vertex 2.13315 0.558688 1.36388
      vertex 1.68974 0.31867 1.36605
      vertex 2.19427 0.218298 1.38137
    endloop
  endfacet
  facet normal -0.0207864 0.0474298 0.998658
    outer loop
      vertex 2.13315 0.558688 1.36388
      vertex 1.68695 0.335555 1.36519
      vertex 1.68974 0.31867 1.36605
    endloop
  endfacet
  facet normal -0.0208957 0.0476482 0.998646
    outer loop
      vertex 1.68695 0.335555 1.36519
      vertex 2.13315 0.558688 1.36388
      vertex 1.68114 0.360463 1.36388
    endloop
  endfacet
  facet normal -0.0172116 0.0656795 0.997692
    outer loop
      vertex 2.19427 0.218298 1.38137
      vertex 1.71632 0.112493 1.38009
      vertex 1.71695 0.0932145 1.38137
    endloop
  endfacet
  facet normal -0.0172228 0.0657305 0.997689
    outer loop
      vertex 2.19427 0.218298 1.38137
      vertex 1.70529 0.224504 1.37252
      vertex 1.71632 0.112493 1.38009
    endloop
  endfacet
  facet normal -0.0172232 0.0657056 0.99769
    outer loop
      vertex 1.70529 0.224504 1.37252
      vertex 2.19427 0.218298 1.38137
      vertex 1.68974 0.31867 1.36605
    endloop
  endfacet
  facet normal -0.965828 -0.163027 -0.201492
    outer loop
      vertex 2.19835 0.17251 1.39886
      vertex 2.14434 0.514101 1.38137
      vertex 2.19427 0.218298 1.38137
    endloop
  endfacet
  facet normal -0.979291 -0.0100224 0.202207
    outer loop
      vertex 2.19835 0.17251 1.39886
      vertex 2.19427 0.218298 1.38137
      vertex 2.20142 -0.12746 1.39886
    endloop
  endfacet
  facet normal 0.00530413 -0.0677342 -0.997689
    outer loop
      vertex 1.68695 0.335555 1.39106
      vertex 2.14434 0.514101 1.38137
      vertex 1.70049 0.253541 1.3967
    endloop
  endfacet
  facet normal 0.00531184 -0.0677539 -0.997688
    outer loop
      vertex 1.66139 0.445168 1.38348
      vertex 2.14434 0.514101 1.38137
      vertex 1.68695 0.335555 1.39106
    endloop
  endfacet
  facet normal 0.00530274 -0.0676902 -0.997692
    outer loop
      vertex 2.14434 0.514101 1.38137
      vertex 1.66139 0.445168 1.38348
      vertex 1.65218 0.475546 1.38137
    endloop
  endfacet
  facet normal -0.00410916 -0.0520278 -0.998637
    outer loop
      vertex 1.70529 0.224504 1.39818
      vertex 2.19835 0.17251 1.39886
      vertex 1.70658 0.21135 1.39886
    endloop
  endfacet
  facet normal -0.00406111 -0.0515725 -0.998661
    outer loop
      vertex 1.70049 0.253541 1.3967
      vertex 2.19835 0.17251 1.39886
      vertex 1.70529 0.224504 1.39818
    endloop
  endfacet
  facet normal -0.00409492 -0.0517799 -0.99865
    outer loop
      vertex 2.19835 0.17251 1.39886
      vertex 1.70049 0.253541 1.3967
      vertex 2.14434 0.514101 1.38137
    endloop
  endfacet
  facet normal -0.0131795 0.0502437 0.99865
    outer loop
      vertex 2.19427 0.218298 1.38137
      vertex 1.71834 0.0507223 1.38352
      vertex 2.20142 -0.12746 1.39886
    endloop
  endfacet
  facet normal -0.0131289 0.0501001 0.998658
    outer loop
      vertex 1.71834 0.0507223 1.38352
      vertex 2.19427 0.218298 1.38137
      vertex 1.71695 0.0932145 1.38137
    endloop
  endfacet
  facet normal -0.00673245 0.0676398 0.997687
    outer loop
      vertex 2.20142 -0.12746 1.39886
      vertex 1.71834 0.0507223 1.38352
      vertex 1.72 0 1.38697
    endloop
  endfacet
  facet normal -0.00673666 0.0676239 0.997688
    outer loop
      vertex 1.71632 -0.112493 1.39457
      vertex 2.20142 -0.12746 1.39886
      vertex 1.72 0 1.38697
    endloop
  endfacet
  facet normal -0.00673673 0.0676219 0.997688
    outer loop
      vertex 2.20142 -0.12746 1.39886
      vertex 1.71632 -0.112493 1.39457
      vertex 1.71002 -0.176415 1.39886
    endloop
  endfacet
  facet normal -0.979314 -0.0100226 -0.202099
    outer loop
      vertex 2.20142 -0.12746 1.39886
      vertex 2.19828 -0.173322 1.41635
      vertex 2.19835 0.17251 1.39886
    endloop
  endfacet
  facet normal -0.968931 0.143235 0.201636
    outer loop
      vertex 2.20142 -0.12746 1.39886
      vertex 2.15441 -0.470085 1.41635
      vertex 2.19828 -0.173322 1.41635
    endloop
  endfacet
  facet normal -0.00519369 -0.068125 -0.997663
    outer loop
      vertex 2.19835 0.17251 1.39886
      vertex 1.7195 -0.0153387 1.41418
      vertex 1.72 0 1.41313
    endloop
  endfacet
  facet normal -0.00535944 -0.0676679 -0.997694
    outer loop
      vertex 1.71632 0.112493 1.40552
      vertex 2.19835 0.17251 1.39886
      vertex 1.72 0 1.41313
    endloop
  endfacet
  facet normal -0.00535022 -0.0677415 -0.997689
    outer loop
      vertex 2.19835 0.17251 1.39886
      vertex 1.71632 0.112493 1.40552
      vertex 1.70658 0.21135 1.39886
    endloop
  endfacet
  facet normal -0.0121383 -0.050503 -0.99865
    outer loop
      vertex 2.19828 -0.173322 1.41635
      vertex 1.7195 -0.0153387 1.41418
      vertex 2.19835 0.17251 1.39886
    endloop
  endfacet
  facet normal -0.0121259 -0.0504655 -0.998652
    outer loop
      vertex 1.7195 -0.0153387 1.41418
      vertex 2.19828 -0.173322 1.41635
      vertex 1.7181 -0.057944 1.41635
    endloop
  endfacet
  facet normal -0.00514929 0.0516875 0.99865
    outer loop
      vertex 1.70583 -0.218952 1.40104
      vertex 2.20142 -0.12746 1.39886
      vertex 1.71002 -0.176415 1.39886
    endloop
  endfacet
  facet normal -0.00514875 0.0516846 0.99865
    outer loop
      vertex 2.20142 -0.12746 1.39886
      vertex 1.70583 -0.218952 1.40104
      vertex 2.15441 -0.470085 1.41635
    endloop
  endfacet
  facet normal 0.00396221 0.0678999 0.997684
    outer loop
      vertex 1.70529 -0.224504 1.40142
      vertex 2.15441 -0.470085 1.41635
      vertex 1.70583 -0.218952 1.40104
    endloop
  endfacet
  facet normal 0.00391405 0.0678122 0.99769
    outer loop
      vertex 1.68695 -0.335555 1.40904
      vertex 2.15441 -0.470085 1.41635
      vertex 1.70529 -0.224504 1.40142
    endloop
  endfacet
  facet normal 0.00391779 0.0678252 0.99769
    outer loop
      vertex 2.15441 -0.470085 1.41635
      vertex 1.68695 -0.335555 1.40904
      vertex 1.66221 -0.441654 1.41635
    endloop
  endfacet
  facet normal -0.968969 0.143241 -0.201445
    outer loop
      vertex 2.15441 -0.470085 1.41635
      vertex 2.14415 -0.514893 1.43384
      vertex 2.19828 -0.173322 1.41635
    endloop
  endfacet
  facet normal -0.934495 0.292929 0.202268
    outer loop
      vertex 2.15441 -0.470085 1.41635
      vertex 2.05442 -0.801147 1.43384
      vertex 2.14415 -0.514893 1.43384
    endloop
  endfacet
  facet normal -0.0158722 -0.0660569 -0.99769
    outer loop
      vertex 2.19828 -0.173322 1.41635
      vertex 1.71632 -0.112493 1.41999
      vertex 1.7181 -0.057944 1.41635
    endloop
  endfacet
  facet normal -0.0158703 -0.0660419 -0.997691
    outer loop
      vertex 2.19828 -0.173322 1.41635
      vertex 1.70529 -0.224504 1.42758
      vertex 1.71632 -0.112493 1.41999
    endloop
  endfacet
  facet normal -0.0158739 -0.0660076 -0.997693
    outer loop
      vertex 1.70529 -0.224504 1.42758
      vertex 2.19828 -0.173322 1.41635
      vertex 1.69544 -0.284106 1.43168
    endloop
  endfacet
  facet normal -0.0198736 -0.047986 -0.99865
    outer loop
      vertex 2.14415 -0.514893 1.43384
      vertex 1.69544 -0.284106 1.43168
      vertex 2.19828 -0.173322 1.41635
    endloop
  endfacet
  facet normal -0.0199191 -0.0480745 -0.998645
    outer loop
      vertex 1.69544 -0.284106 1.43168
      vertex 2.14415 -0.514893 1.43384
      vertex 1.68851 -0.326104 1.43384
    endloop
  endfacet
  facet normal 0.00291575 0.0504778 0.998721
    outer loop
      vertex 1.66139 -0.445168 1.41653
      vertex 2.15441 -0.470085 1.41635
      vertex 1.66221 -0.441654 1.41635
    endloop
  endfacet
  facet normal 0.00299371 0.0520208 0.998642
    outer loop
      vertex 1.65006 -0.482526 1.41851
      vertex 2.15441 -0.470085 1.41635
      vertex 1.66139 -0.445168 1.41653
    endloop
  endfacet
  facet normal 0.00299788 0.0518532 0.99865
    outer loop
      vertex 2.15441 -0.470085 1.41635
      vertex 1.65006 -0.482526 1.41851
      vertex 2.05442 -0.801147 1.43384
    endloop
  endfacet
  facet normal 0.0144774 0.0663756 0.99769
    outer loop
      vertex 1.62872 -0.552876 1.4235
      vertex 2.05442 -0.801147 1.43384
      vertex 1.65006 -0.482526 1.41851
    endloop
  endfacet
  facet normal 0.0144616 0.0663486 0.997692
    outer loop
      vertex 1.58907 -0.658215 1.43108
      vertex 2.05442 -0.801147 1.43384
      vertex 1.62872 -0.552876 1.4235
    endloop
  endfacet
  facet normal 0.0144826 0.0664169 0.997687
    outer loop
      vertex 2.05442 -0.801147 1.43384
      vertex 1.58907 -0.658215 1.43108
      vertex 1.57198 -0.695948 1.43384
    endloop
  endfacet
  facet normal -0.934547 0.292946 -0.202004
    outer loop
      vertex 2.05442 -0.801147 1.43384
      vertex 2.03727 -0.843798 1.45133
      vertex 2.14415 -0.514893 1.43384
    endloop
  endfacet
  facet normal -0.877333 0.435463 0.20164
    outer loop
      vertex 2.05442 -0.801147 1.43384
      vertex 1.9039 -1.1125 1.45133
      vertex 2.03727 -0.843798 1.45133
    endloop
  endfacet
  facet normal -0.0257928 -0.0622507 -0.997727
    outer loop
      vertex 2.14415 -0.514893 1.43384
      vertex 1.68695 -0.335555 1.43447
      vertex 1.68851 -0.326104 1.43384
    endloop
  endfacet
  facet normal -0.0260214 -0.0628335 -0.997685
    outer loop
      vertex 2.14415 -0.514893 1.43384
      vertex 1.66139 -0.445168 1.44204
      vertex 1.68695 -0.335555 1.43447
    endloop
  endfacet
  facet normal -0.0260033 -0.0627073 -0.997693
    outer loop
      vertex 1.66139 -0.445168 1.44204
      vertex 2.14415 -0.514893 1.43384
      vertex 1.63091 -0.545651 1.44915
    endloop
  endfacet
  facet normal -0.0271358 -0.0442867 -0.99865
    outer loop
      vertex 2.03727 -0.843798 1.45133
      vertex 1.63091 -0.545651 1.44915
      vertex 2.14415 -0.514893 1.43384
    endloop
  endfacet
  facet normal -0.0271431 -0.0442967 -0.99865
    outer loop
      vertex 2.03727 -0.843798 1.45133
      vertex 1.62872 -0.552876 1.44953
      vertex 1.63091 -0.545651 1.44915
    endloop
  endfacet
  facet normal -0.0271687 -0.0443327 -0.998647
    outer loop
      vertex 1.62872 -0.552876 1.44953
      vertex 2.03727 -0.843798 1.45133
      vertex 1.61632 -0.585824 1.45133
    endloop
  endfacet
  facet normal 0.0110498 0.050674 0.998654
    outer loop
      vertex 1.55442 -0.734687 1.436
      vertex 2.05442 -0.801147 1.43384
      vertex 1.57198 -0.695948 1.43384
    endloop
  endfacet
  facet normal 0.0110601 0.0507515 0.99865
    outer loop
      vertex 2.05442 -0.801147 1.43384
      vertex 1.55442 -0.734687 1.436
      vertex 1.9039 -1.1125 1.45133
    endloop
  endfacet
  facet normal 0.0248212 0.0634412 0.997677
    outer loop
      vertex 1.54262 -0.760736 1.43795
      vertex 1.9039 -1.1125 1.45133
      vertex 1.55442 -0.734687 1.436
    endloop
  endfacet
  facet normal 0.0246788 0.0632954 0.99769
    outer loop
      vertex 1.48956 -0.86 1.44556
      vertex 1.9039 -1.1125 1.45133
      vertex 1.54262 -0.760736 1.43795
    endloop
  endfacet
  facet normal 0.024661 0.0632662 0.997692
    outer loop
      vertex 1.9039 -1.1125 1.45133
      vertex 1.48956 -0.86 1.44556
      vertex 1.44402 -0.93324 1.45133
    endloop
  endfacet
  facet normal -0.877251 0.435423 -0.202085
    outer loop
      vertex 1.9039 -1.1125 1.45133
      vertex 1.88029 -1.15195 1.46882
      vertex 2.03727 -0.843798 1.45133
    endloop
  endfacet
  facet normal -0.798437 0.56728 0.201722
    outer loop
      vertex 1.9039 -1.1125 1.45133
      vertex 1.70654 -1.3965 1.46882
      vertex 1.88029 -1.15195 1.46882
    endloop
  endfacet
  facet normal -0.0354813 -0.0578967 -0.997692
    outer loop
      vertex 2.03727 -0.843798 1.45133
      vertex 1.58907 -0.658215 1.4565
      vertex 1.61632 -0.585824 1.45133
    endloop
  endfacet
  facet normal -0.0355107 -0.0579679 -0.997687
    outer loop
      vertex 2.03727 -0.843798 1.45133
      vertex 1.54262 -0.760736 1.46411
      vertex 1.58907 -0.658215 1.4565
    endloop
  endfacet
  facet normal -0.0354849 -0.0578129 -0.997697
    outer loop
      vertex 1.54262 -0.760736 1.46411
      vertex 2.03727 -0.843798 1.45133
      vertex 1.52491 -0.793872 1.46666
    endloop
  endfacet
  facet normal -0.0337289 -0.0394988 -0.99865
    outer loop
      vertex 1.88029 -1.15195 1.46882
      vertex 1.52491 -0.793872 1.46666
      vertex 2.03727 -0.843798 1.45133
    endloop
  endfacet
  facet normal -0.0337404 -0.0395103 -0.998649
    outer loop
      vertex 1.52491 -0.793872 1.46666
      vertex 1.88029 -1.15195 1.46882
      vertex 1.50487 -0.831354 1.46882
    endloop
  endfacet
  facet normal 0.0187938 0.0482144 0.99866
    outer loop
      vertex 1.43013 -0.955581 1.45267
      vertex 1.9039 -1.1125 1.45133
      vertex 1.44402 -0.93324 1.45133
    endloop
  endfacet
  facet normal 0.0189379 0.0486495 0.998636
    outer loop
      vertex 1.42058 -0.968901 1.4535
      vertex 1.9039 -1.1125 1.45133
      vertex 1.43013 -0.955581 1.45267
    endloop
  endfacet
  facet normal 0.0188619 0.0483937 0.99865
    outer loop
      vertex 1.9039 -1.1125 1.45133
      vertex 1.42058 -0.968901 1.4535
      vertex 1.70654 -1.3965 1.46882
    endloop
  endfacet
  facet normal 0.0342682 0.0586623 0.99769
    outer loop
      vertex 1.36457 -1.04707 1.46002
      vertex 1.70654 -1.3965 1.46882
      vertex 1.42058 -0.968901 1.4535
    endloop
  endfacet
  facet normal 0.0342797 0.0586735 0.997688
    outer loop
      vertex 1.29316 -1.13407 1.46759
      vertex 1.70654 -1.3965 1.46882
      vertex 1.36457 -1.04707 1.46002
    endloop
  endfacet
  facet normal 0.0342226 0.0585837 0.997696
    outer loop
      vertex 1.70654 -1.3965 1.46882
      vertex 1.29316 -1.13407 1.46759
      vertex 1.28048 -1.14761 1.46882
    endloop
  endfacet
  facet normal -0.79842 0.567268 -0.201822
    outer loop
      vertex 1.70654 -1.3965 1.46882
      vertex 1.67706 -1.43177 1.48631
      vertex 1.88029 -1.15195 1.46882
    endloop
  endfacet
  facet normal -0.699879 0.685122 0.201934
    outer loop
      vertex 1.70654 -1.3965 1.46882
      vertex 1.46721 -1.64614 1.48631
      vertex 1.67706 -1.43177 1.48631
    endloop
  endfacet
  facet normal -0.0441107 -0.0516539 -0.99769
    outer loop
      vertex 1.88029 -1.15195 1.46882
      vertex 1.48956 -0.86 1.47098
      vertex 1.50487 -0.831354 1.46882
    endloop
  endfacet
  facet normal -0.0441312 -0.0516814 -0.997688
    outer loop
      vertex 1.88029 -1.15195 1.46882
      vertex 1.43013 -0.955581 1.47856
      vertex 1.48956 -0.86 1.47098
    endloop
  endfacet
  facet normal -0.04412 -0.0516556 -0.99769
    outer loop
      vertex 1.43013 -0.955581 1.47856
      vertex 1.88029 -1.15195 1.46882
      vertex 1.38213 -1.02255 1.48415
    endloop
  endfacet
  facet normal -0.0394947 -0.0337355 -0.99865
    outer loop
      vertex 1.67706 -1.43177 1.48631
      vertex 1.38213 -1.02255 1.48415
      vertex 1.88029 -1.15195 1.46882
    endloop
  endfacet
  facet normal -0.0394162 -0.033679 -0.998655
    outer loop
      vertex 1.67706 -1.43177 1.48631
      vertex 1.36457 -1.04707 1.48567
      vertex 1.38213 -1.02255 1.48415
    endloop
  endfacet
  facet normal -0.0395153 -0.0337595 -0.998649
    outer loop
      vertex 1.36457 -1.04707 1.48567
      vertex 1.67706 -1.43177 1.48631
      vertex 1.35664 -1.05672 1.48631
    endloop
  endfacet
  facet normal 0.0262432 0.0449242 0.998646
    outer loop
      vertex 1.25142 -1.17865 1.47098
      vertex 1.70654 -1.3965 1.46882
      vertex 1.28048 -1.14761 1.46882
    endloop
  endfacet
  facet normal 0.0262048 0.0448438 0.99865
    outer loop
      vertex 1.70654 -1.3965 1.46882
      vertex 1.25142 -1.17865 1.47098
      vertex 1.46721 -1.64614 1.48631
    endloop
  endfacet
  facet normal 0.0428762 0.0525081 0.9977
    outer loop
      vertex 1.21622 -1.21622 1.47447
      vertex 1.46721 -1.64614 1.48631
      vertex 1.25142 -1.17865 1.47098
    endloop
  endfacet
  facet normal 0.0430352 0.0526006 0.997688
    outer loop
      vertex 1.13407 -1.29316 1.48207
      vertex 1.46721 -1.64614 1.48631
      vertex 1.21622 -1.21622 1.47447
    endloop
  endfacet
  facet normal 0.0430209 0.0525871 0.997689
    outer loop
      vertex 1.46721 -1.64614 1.48631
      vertex 1.13407 -1.29316 1.48207
      vertex 1.08499 -1.33345 1.48631
    endloop
  endfacet
  facet normal -0.699929 0.685171 -0.201591
    outer loop
      vertex 1.46721 -1.64614 1.48631
      vertex 1.43258 -1.67637 1.5038
      vertex 1.67706 -1.43177 1.48631
    endloop
  endfacet
  facet normal -0.58411 0.786094 0.202166
    outer loop
      vertex 1.46721 -1.64614 1.48631
      vertex 1.19179 -1.85529 1.5038
      vertex 1.43258 -1.67637 1.5038
    endloop
  endfacet
  facet normal -0.0516697 -0.0441434 -0.997688
    outer loop
      vertex 1.67706 -1.43177 1.48631
      vertex 1.29316 -1.13407 1.49302
      vertex 1.35664 -1.05672 1.48631
    endloop
  endfacet
  facet normal -0.0516726 -0.0441472 -0.997688
    outer loop
      vertex 1.67706 -1.43177 1.48631
      vertex 1.21622 -1.21622 1.50064
      vertex 1.29316 -1.13407 1.49302
    endloop
  endfacet
  facet normal -0.051544 -0.043871 -0.997707
    outer loop
      vertex 1.21622 -1.21622 1.50064
      vertex 1.67706 -1.43177 1.48631
      vertex 1.20556 -1.22621 1.50163
    endloop
  endfacet
  facet normal -0.0442832 -0.0271465 -0.99865
    outer loop
      vertex 1.43258 -1.67637 1.5038
      vertex 1.20556 -1.22621 1.50163
      vertex 1.67706 -1.43177 1.48631
    endloop
  endfacet
  facet normal -0.0442381 -0.0271237 -0.998653
    outer loop
      vertex 1.20556 -1.22621 1.50163
      vertex 1.43258 -1.67637 1.5038
      vertex 1.17444 -1.25535 1.5038
    endloop
  endfacet
  facet normal 0.0329018 0.0402179 0.998649
    outer loop
      vertex 1.05196 -1.36056 1.48849
      vertex 1.46721 -1.64614 1.48631
      vertex 1.08499 -1.33345 1.48631
    endloop
  endfacet
  facet normal 0.0328897 0.0402003 0.99865
    outer loop
      vertex 1.46721 -1.64614 1.48631
      vertex 1.05196 -1.36056 1.48849
      vertex 1.19179 -1.85529 1.5038
    endloop
  endfacet
  facet normal 0.0506692 0.0451958 0.997692
    outer loop
      vertex 1.04707 -1.36457 1.48892
      vertex 1.19179 -1.85529 1.5038
      vertex 1.05196 -1.36056 1.48849
    endloop
  endfacet
  facet normal 0.0507025 0.0452056 0.99769
    outer loop
      vertex 0.955581 -1.43013 1.49654
      vertex 1.19179 -1.85529 1.5038
      vertex 1.04707 -1.36457 1.48892
    endloop
  endfacet
  facet normal 0.0507087 0.0452091 0.99769
    outer loop
      vertex 1.19179 -1.85529 1.5038
      vertex 0.955581 -1.43013 1.49654
      vertex 0.863684 -1.48727 1.5038
    endloop
  endfacet
  facet normal -0.584168 0.786172 -0.201694
    outer loop
      vertex 1.19179 -1.85529 1.5038
      vertex 1.15286 -1.87973 1.52129
      vertex 1.43258 -1.67637 1.5038
    endloop
  endfacet
  facet normal -0.454066 0.867783 0.201933
    outer loop
      vertex 1.19179 -1.85529 1.5038
      vertex 0.887059 -2.01881 1.52129
      vertex 1.15286 -1.87973 1.52129
    endloop
  endfacet
  facet normal -0.0579281 -0.0355174 -0.997689
    outer loop
      vertex 1.43258 -1.67637 1.5038
      vertex 1.13407 -1.29316 1.50749
      vertex 1.17444 -1.25535 1.5038
    endloop
  endfacet
  facet normal -0.0579031 -0.0354979 -0.997691
    outer loop
      vertex 1.43258 -1.67637 1.5038
      vertex 1.04707 -1.36457 1.51508
      vertex 1.13407 -1.29316 1.50749
    endloop
  endfacet
  facet normal -0.0579901 -0.0356059 -0.997682
    outer loop
      vertex 1.04707 -1.36457 1.51508
      vertex 1.43258 -1.67637 1.5038
      vertex 0.998563 -1.39933 1.51914
    endloop
  endfacet
  facet normal -0.0479877 -0.0198823 -0.99865
    outer loop
      vertex 1.15286 -1.87973 1.52129
      vertex 0.998563 -1.39933 1.51914
      vertex 1.43258 -1.67637 1.5038
    endloop
  endfacet
  facet normal -0.0478467 -0.0198371 -0.998658
    outer loop
      vertex 0.998563 -1.39933 1.51914
      vertex 1.15286 -1.87973 1.52129
      vertex 0.963966 -1.42412 1.52129
    endloop
  endfacet
  facet normal 0.0383729 0.0342111 0.998678
    outer loop
      vertex 0.86 -1.48956 1.50402
      vertex 1.19179 -1.85529 1.5038
      vertex 0.863684 -1.48727 1.5038
    endloop
  endfacet
  facet normal 0.0388332 0.0346287 0.998646
    outer loop
      vertex 0.826215 -1.50762 1.50596
      vertex 1.19179 -1.85529 1.5038
      vertex 0.86 -1.48956 1.50402
    endloop
  endfacet
  facet normal 0.0387707 0.034563 0.99865
    outer loop
      vertex 1.19179 -1.85529 1.5038
      vertex 0.826215 -1.50762 1.50596
      vertex 0.887059 -2.01881 1.52129
    endloop
  endfacet
  facet normal 0.0571639 0.0367234 0.997689
    outer loop
      vertex 0.760736 -1.54262 1.511
      vertex 0.887059 -2.01881 1.52129
      vertex 0.826215 -1.50762 1.50596
    endloop
  endfacet
  facet normal 0.0571308 0.0367147 0.997691
    outer loop
      vertex 0.658215 -1.58907 1.51858
      vertex 0.887059 -2.01881 1.52129
      vertex 0.760736 -1.54262 1.511
    endloop
  endfacet
  facet normal 0.0571656 0.0367333 0.997689
    outer loop
      vertex 0.887059 -2.01881 1.52129
      vertex 0.658215 -1.58907 1.51858
      vertex 0.620133 -1.60341 1.52129
    endloop
  endfacet
  facet normal -0.45411 0.867866 -0.201477
    outer loop
      vertex 0.887059 -2.01881 1.52129
      vertex 0.844784 -2.03687 1.53878
      vertex 1.15286 -1.87973 1.52129
    endloop
  endfacet
  facet normal -0.312779 0.928039 0.202268
    outer loop
      vertex 0.887059 -2.01881 1.52129
      vertex 0.560508 -2.13268 1.53878
      vertex 0.844784 -2.03687 1.53878
    endloop
  endfacet
  facet normal -0.0632892 -0.0262394 -0.99765
    outer loop
      vertex 1.15286 -1.87973 1.52129
      vertex 0.955581 -1.43013 1.52198
      vertex 0.963966 -1.42412 1.52129
    endloop
  endfacet
  facet normal -0.0627458 -0.0260009 -0.997691
    outer loop
      vertex 1.15286 -1.87973 1.52129
      vertex 0.86 -1.48956 1.52954
      vertex 0.955581 -1.43013 1.52198
    endloop
  endfacet
  facet normal -0.0627848 -0.0260303 -0.997688
    outer loop
      vertex 0.86 -1.48956 1.52954
      vertex 1.15286 -1.87973 1.52129
      vertex 0.768035 -1.53872 1.53661
    endloop
  endfacet
  facet normal -0.050507 -0.0121318 -0.99865
    outer loop
      vertex 0.844784 -2.03687 1.53878
      vertex 0.768035 -1.53872 1.53661
      vertex 1.15286 -1.87973 1.52129
    endloop
  endfacet
  facet normal -0.0496841 -0.0120052 -0.998693
    outer loop
      vertex 0.844784 -2.03687 1.53878
      vertex 0.760736 -1.54262 1.53702
      vertex 0.768035 -1.53872 1.53661
    endloop
  endfacet
  facet normal -0.050474 -0.0121393 -0.998652
    outer loop
      vertex 0.760736 -1.54262 1.53702
      vertex 0.844784 -2.03687 1.53878
      vertex 0.729336 -1.55685 1.53878
    endloop
  endfacet
  facet normal 0.0438445 0.0281734 0.998641
    outer loop
      vertex 0.580333 -1.61839 1.52346
      vertex 0.887059 -2.01881 1.52129
      vertex 0.620133 -1.60341 1.52129
    endloop
  endfacet
  facet normal 0.0437015 0.0280638 0.99865
    outer loop
      vertex 0.887059 -2.01881 1.52129
      vertex 0.580333 -1.61839 1.52346
      vertex 0.560508 -2.13268 1.53878
    endloop
  endfacet
  facet normal 0.0620284 0.027329 0.9977
    outer loop
      vertex 0.552876 -1.62872 1.52545
      vertex 0.560508 -2.13268 1.53878
      vertex 0.580333 -1.61839 1.52346
    endloop
  endfacet
  facet normal 0.0622006 0.0273314 0.997689
    outer loop
      vertex 0.445168 -1.66139 1.53306
      vertex 0.560508 -2.13268 1.53878
      vertex 0.552876 -1.62872 1.52545
    endloop
  endfacet
  facet normal 0.0621533 0.0273198 0.997693
    outer loop
      vertex 0.560508 -2.13268 1.53878
      vertex 0.445168 -1.66139 1.53306
      vertex 0.361886 -1.68081 1.53878
    endloop
  endfacet
  facet normal -0.312805 0.928117 -0.201872
    outer loop
      vertex 0.560508 -2.13268 1.53878
      vertex 0.51593 -2.1439 1.55627
      vertex 0.844784 -2.03687 1.53878
    endloop
  endfacet
  facet normal -0.163864 0.965621 0.201802
    outer loop
      vertex 0.560508 -2.13268 1.53878
      vertex 0.22017 -2.19409 1.55627
      vertex 0.51593 -2.1439 1.55627
    endloop
  endfacet
  facet normal -0.0660319 -0.0158811 -0.997691
    outer loop
      vertex 0.844784 -2.03687 1.53878
      vertex 0.658215 -1.58907 1.544
      vertex 0.729336 -1.55685 1.53878
    endloop
  endfacet
  facet normal -0.0660891 -0.015905 -0.997687
    outer loop
      vertex 0.844784 -2.03687 1.53878
      vertex 0.552876 -1.62872 1.55161
      vertex 0.658215 -1.58907 1.544
    endloop
  endfacet
  facet normal -0.0659628 -0.0158143 -0.997697
    outer loop
      vertex 0.552876 -1.62872 1.55161
      vertex 0.844784 -2.03687 1.53878
      vertex 0.517626 -1.63941 1.55411
    endloop
  endfacet
  facet normal -0.051778 -0.0041017 -0.99865
    outer loop
      vertex 0.51593 -2.1439 1.55627
      vertex 0.517626 -1.63941 1.55411
      vertex 0.844784 -2.03687 1.53878
    endloop
  endfacet
  facet normal -0.0517916 -0.00410166 -0.998649
    outer loop
      vertex 0.517626 -1.63941 1.55411
      vertex 0.51593 -2.1439 1.55627
      vertex 0.476954 -1.65175 1.55627
    endloop
  endfacet
  facet normal 0.0478164 0.0210179 0.998635
    outer loop
      vertex 0.335555 -1.68695 1.54017
      vertex 0.560508 -2.13268 1.53878
      vertex 0.361886 -1.68081 1.53878
    endloop
  endfacet
  facet normal 0.0470137 0.0206127 0.998682
    outer loop
      vertex 0.320104 -1.6895 1.54095
      vertex 0.560508 -2.13268 1.53878
      vertex 0.335555 -1.68695 1.54017
    endloop
  endfacet
  facet normal 0.047549 0.0209032 0.99865
    outer loop
      vertex 0.560508 -2.13268 1.53878
      vertex 0.320104 -1.6895 1.54095
      vertex 0.22017 -2.19409 1.55627
    endloop
  endfacet
  facet normal 0.0657114 0.017277 0.997689
    outer loop
      vertex 0.224504 -1.70529 1.54752
      vertex 0.22017 -2.19409 1.55627
      vertex 0.320104 -1.6895 1.54095
    endloop
  endfacet
  facet normal 0.0657251 0.0172768 0.997688
    outer loop
      vertex 0.112493 -1.71632 1.55509
      vertex 0.22017 -2.19409 1.55627
      vertex 0.224504 -1.70529 1.54752
    endloop
  endfacet
  facet normal 0.0655599 0.0172396 0.9977
    outer loop
      vertex 0.22017 -2.19409 1.55627
      vertex 0.112493 -1.71632 1.55509
      vertex 0.0946881 -1.7169 1.55627
    endloop
  endfacet
  facet normal -0.163857 0.965575 -0.202029
    outer loop
      vertex 0.22017 -2.19409 1.55627
      vertex 0.174386 -2.1982 1.57376
      vertex 0.51593 -2.1439 1.55627
    endloop
  endfacet
  facet normal -0.0108395 0.979373 0.201769
    outer loop
      vertex 0.22017 -2.19409 1.55627
      vertex -0.125583 -2.20152 1.57376
      vertex 0.174386 -2.1982 1.57376
    endloop
  endfacet
  facet normal -0.0677398 -0.00536468 -0.997689
    outer loop
      vertex 0.51593 -2.1439 1.55627
      vertex 0.445168 -1.66139 1.55848
      vertex 0.476954 -1.65175 1.55627
    endloop
  endfacet
  facet normal -0.0677415 -0.00536493 -0.997688
    outer loop
      vertex 0.51593 -2.1439 1.55627
      vertex 0.335555 -1.68695 1.56606
      vertex 0.445168 -1.66139 1.55848
    endloop
  endfacet
  facet normal -0.0677133 -0.00535376 -0.99769
    outer loop
      vertex 0.335555 -1.68695 1.56606
      vertex 0.51593 -2.1439 1.55627
      vertex 0.25498 -1.70025 1.5716
    endloop
  endfacet
  facet normal -0.0517833 0.00404928 -0.99865
    outer loop
      vertex 0.174386 -2.1982 1.57376
      vertex 0.25498 -1.70025 1.5716
      vertex 0.51593 -2.1439 1.55627
    endloop
  endfacet
  facet normal -0.0517885 0.00405012 -0.99865
    outer loop
      vertex 0.25498 -1.70025 1.5716
      vertex 0.174386 -2.1982 1.57376
      vertex 0.224504 -1.70529 1.57316
    endloop
  endfacet
  facet normal -0.0516051 0.00403147 -0.998659
    outer loop
      vertex 0.224504 -1.70529 1.57316
      vertex 0.174386 -2.1982 1.57376
      vertex 0.212803 -1.70644 1.57376
    endloop
  endfacet
  facet normal 0.0503246 0.0132334 0.998645
    outer loop
      vertex 0.0521904 -1.71829 1.55843
      vertex 0.22017 -2.19409 1.55627
      vertex 0.0946881 -1.7169 1.55627
    endloop
  endfacet
  facet normal 0.0502333 0.0132011 0.99865
    outer loop
      vertex 0.22017 -2.19409 1.55627
      vertex 0.0521904 -1.71829 1.55843
      vertex -0.125583 -2.20152 1.57376
    endloop
  endfacet
  facet normal 0.0676411 0.00676644 0.997687
    outer loop
      vertex 0 -1.72 1.56198
      vertex -0.125583 -2.20152 1.57376
      vertex 0.0521904 -1.71829 1.55843
    endloop
  endfacet
  facet normal 0.0675375 0.00679363 0.997694
    outer loop
      vertex -0.112493 -1.71632 1.56957
      vertex -0.125583 -2.20152 1.57376
      vertex 0 -1.72 1.56198
    endloop
  endfacet
  facet normal 0.0675935 0.00679209 0.99769
    outer loop
      vertex -0.125583 -2.20152 1.57376
      vertex -0.112493 -1.71632 1.56957
      vertex -0.174956 -1.71017 1.57376
    endloop
  endfacet
  facet normal -0.0108402 0.979436 -0.201465
    outer loop
      vertex -0.125583 -2.20152 1.57376
      vertex -0.171447 -2.19843 1.59125
      vertex 0.174386 -2.1982 1.57376
    endloop
  endfacet
  facet normal 0.142402 0.968928 0.202237
    outer loop
      vertex -0.125583 -2.20152 1.57376
      vertex -0.468246 -2.15481 1.59125
      vertex -0.171447 -2.19843 1.59125
    endloop
  endfacet
  facet normal -0.0677566 0.00529325 -0.997688
    outer loop
      vertex 0.174386 -2.1982 1.57376
      vertex 0.112493 -1.71632 1.58052
      vertex 0.212803 -1.70644 1.57376
    endloop
  endfacet
  facet normal -0.0677541 0.00529357 -0.997688
    outer loop
      vertex 0.174386 -2.1982 1.57376
      vertex 0 -1.72 1.58814
      vertex 0.112493 -1.71632 1.58052
    endloop
  endfacet
  facet normal -0.0675047 0.00538503 -0.997704
    outer loop
      vertex 0 -1.72 1.58814
      vertex 0.174386 -2.1982 1.57376
      vertex -0.0138571 -1.71955 1.58908
    endloop
  endfacet
  facet normal -0.0505133 0.0120976 -0.99865
    outer loop
      vertex -0.171447 -2.19843 1.59125
      vertex -0.0138571 -1.71955 1.58908
      vertex 0.174386 -2.1982 1.57376
    endloop
  endfacet
  facet normal -0.0504491 0.0120765 -0.998654
    outer loop
      vertex -0.0138571 -1.71955 1.58908
      vertex -0.171447 -2.19843 1.59125
      vertex -0.0564777 -1.71815 1.59125
    endloop
  endfacet
  facet normal 0.0517164 0.00519669 0.998648
    outer loop
      vertex -0.217473 -1.70598 1.57594
      vertex -0.125583 -2.20152 1.57376
      vertex -0.174956 -1.71017 1.57376
    endloop
  endfacet
  facet normal 0.05168 0.00518992 0.99865
    outer loop
      vertex -0.125583 -2.20152 1.57376
      vertex -0.217473 -1.70598 1.57594
      vertex -0.468246 -2.15481 1.59125
    endloop
  endfacet
  facet normal 0.0677375 -0.00381437 0.997696
    outer loop
      vertex -0.224504 -1.70529 1.57642
      vertex -0.468246 -2.15481 1.59125
      vertex -0.217473 -1.70598 1.57594
    endloop
  endfacet
  facet normal 0.0678212 -0.00385994 0.99769
    outer loop
      vertex -0.335555 -1.68695 1.58404
      vertex -0.468246 -2.15481 1.59125
      vertex -0.224504 -1.70529 1.57642
    endloop
  endfacet
  facet normal 0.0678195 -0.00385946 0.99769
    outer loop
      vertex -0.468246 -2.15481 1.59125
      vertex -0.335555 -1.68695 1.58404
      vertex -0.440232 -1.66254 1.59125
    endloop
  endfacet
  facet normal 0.142429 0.969113 -0.201329
    outer loop
      vertex -0.468246 -2.15481 1.59125
      vertex -0.513062 -2.14459 1.60874
      vertex -0.171447 -2.19843 1.59125
    endloop
  endfacet
  facet normal 0.292137 0.934719 0.202376
    outer loop
      vertex -0.468246 -2.15481 1.59125
      vertex -0.799394 -2.0551 1.60874
      vertex -0.513062 -2.14459 1.60874
    endloop
  endfacet
  facet normal -0.0660962 0.0158221 -0.997688
    outer loop
      vertex -0.171447 -2.19843 1.59125
      vertex -0.112493 -1.71632 1.59499
      vertex -0.0564777 -1.71815 1.59125
    endloop
  endfacet
  facet normal -0.0661349 0.0158268 -0.997685
    outer loop
      vertex -0.171447 -2.19843 1.59125
      vertex -0.224504 -1.70529 1.60259
      vertex -0.112493 -1.71632 1.59499
    endloop
  endfacet
  facet normal -0.0660054 0.0158409 -0.997694
    outer loop
      vertex -0.224504 -1.70529 1.60259
      vertex -0.171447 -2.19843 1.59125
      vertex -0.282659 -1.69568 1.60659
    endloop
  endfacet
  facet normal -0.0479999 0.0198531 -0.99865
    outer loop
      vertex -0.513062 -2.14459 1.60874
      vertex -0.282659 -1.69568 1.60659
      vertex -0.171447 -2.19843 1.59125
    endloop
  endfacet
  facet normal -0.0478696 0.0197861 -0.998658
    outer loop
      vertex -0.282659 -1.69568 1.60659
      vertex -0.513062 -2.14459 1.60874
      vertex -0.324648 -1.68875 1.60874
    endloop
  endfacet
  facet normal 0.0519147 -0.00295435 0.998647
    outer loop
      vertex -0.445168 -1.66139 1.59151
      vertex -0.468246 -2.15481 1.59125
      vertex -0.440232 -1.66254 1.59125
    endloop
  endfacet
  facet normal 0.0518694 -0.00295224 0.99865
    outer loop
      vertex -0.481128 -1.65048 1.59341
      vertex -0.468246 -2.15481 1.59125
      vertex -0.445168 -1.66139 1.59151
    endloop
  endfacet
  facet normal 0.0518559 -0.00295258 0.99865
    outer loop
      vertex -0.468246 -2.15481 1.59125
      vertex -0.481128 -1.65048 1.59341
      vertex -0.799394 -2.0551 1.60874
    endloop
  endfacet
  facet normal 0.0664021 -0.0144308 0.997689
    outer loop
      vertex -0.552876 -1.62872 1.5985
      vertex -0.799394 -2.0551 1.60874
      vertex -0.481128 -1.65048 1.59341
    endloop
  endfacet
  facet normal 0.0663677 -0.0144108 0.997691
    outer loop
      vertex -0.658215 -1.58907 1.60608
      vertex -0.799394 -2.0551 1.60874
      vertex -0.552876 -1.62872 1.5985
    endloop
  endfacet
  facet normal 0.0663879 -0.0144169 0.99769
    outer loop
      vertex -0.799394 -2.0551 1.60874
      vertex -0.658215 -1.58907 1.60608
      vertex -0.694609 -1.57258 1.60874
    endloop
  endfacet
  facet normal 0.292172 0.934833 -0.201799
    outer loop
      vertex -0.799394 -2.0551 1.60874
      vertex -0.842059 -2.03799 1.62623
      vertex -0.513062 -2.14459 1.60874
    endloop
  endfacet
  facet normal 0.434713 0.877657 0.201848
    outer loop
      vertex -0.799394 -2.0551 1.60874
      vertex -1.11088 -1.90484 1.62623
      vertex -0.842059 -2.03799 1.62623
    endloop
  endfacet
  facet normal -0.0633644 0.0261906 -0.997647
    outer loop
      vertex -0.513062 -2.14459 1.60874
      vertex -0.335555 -1.68695 1.60948
      vertex -0.324648 -1.68875 1.60874
    endloop
  endfacet
  facet normal -0.0627583 0.0259556 -0.997691
    outer loop
      vertex -0.513062 -2.14459 1.60874
      vertex -0.445168 -1.66139 1.61704
      vertex -0.335555 -1.68695 1.60948
    endloop
  endfacet
  facet normal -0.0628026 0.0259618 -0.997688
    outer loop
      vertex -0.445168 -1.66139 1.61704
      vertex -0.513062 -2.14459 1.60874
      vertex -0.544262 -1.63133 1.62406
    endloop
  endfacet
  facet normal -0.0443042 0.027115 -0.99865
    outer loop
      vertex -0.842059 -2.03799 1.62623
      vertex -0.544262 -1.63133 1.62406
      vertex -0.513062 -2.14459 1.60874
    endloop
  endfacet
  facet normal -0.0440186 0.0269058 -0.998668
    outer loop
      vertex -0.544262 -1.63133 1.62406
      vertex -0.842059 -2.03799 1.62623
      vertex -0.552876 -1.62872 1.62451
    endloop
  endfacet
  facet normal -0.0442127 0.0270429 -0.998656
    outer loop
      vertex -0.552876 -1.62872 1.62451
      vertex -0.842059 -2.03799 1.62623
      vertex -0.584454 -1.61683 1.62623
    endloop
  endfacet
  facet normal 0.0509365 -0.0110615 0.998641
    outer loop
      vertex -0.733342 -1.55503 1.61091
      vertex -0.799394 -2.0551 1.60874
      vertex -0.694609 -1.57258 1.60874
    endloop
  endfacet
  facet normal 0.0507502 -0.0110369 0.99865
    outer loop
      vertex -0.799394 -2.0551 1.60874
      vertex -0.733342 -1.55503 1.61091
      vertex -1.11088 -1.90484 1.62623
    endloop
  endfacet
  facet normal 0.0631945 -0.0245092 0.9977
    outer loop
      vertex -0.760736 -1.54262 1.61295
      vertex -1.11088 -1.90484 1.62623
      vertex -0.733342 -1.55503 1.61091
    endloop
  endfacet
  facet normal 0.0633207 -0.0246316 0.997689
    outer loop
      vertex -0.86 -1.48956 1.62056
      vertex -1.11088 -1.90484 1.62623
      vertex -0.760736 -1.54262 1.61295
    endloop
  endfacet
  facet normal 0.0632716 -0.0246019 0.997693
    outer loop
      vertex -1.11088 -1.90484 1.62623
      vertex -0.86 -1.48956 1.62056
      vertex -0.931999 -1.44479 1.62623
    endloop
  endfacet
  facet normal 0.434712 0.877654 -0.201862
    outer loop
      vertex -1.11088 -1.90484 1.62623
      vertex -1.15034 -1.88127 1.64373
      vertex -0.842059 -2.03799 1.62623
    endloop
  endfacet
  facet normal 0.566613 0.798952 0.201557
    outer loop
      vertex -1.11088 -1.90484 1.62623
      vertex -1.39504 -1.70773 1.64373
      vertex -1.15034 -1.88127 1.64373
    endloop
  endfacet
  facet normal -0.0581224 0.0354821 -0.997679
    outer loop
      vertex -0.760736 -1.54262 1.63911
      vertex -0.842059 -2.03799 1.62623
      vertex -0.792572 -1.5256 1.64157
    endloop
  endfacet
  facet normal -0.0579003 0.0354461 -0.997693
    outer loop
      vertex -0.658215 -1.58907 1.63151
      vertex -0.842059 -2.03799 1.62623
      vertex -0.760736 -1.54262 1.63911
    endloop
  endfacet
  facet normal -0.058053 0.0355084 -0.997682
    outer loop
      vertex -0.842059 -2.03799 1.62623
      vertex -0.658215 -1.58907 1.63151
      vertex -0.584454 -1.61683 1.62623
    endloop
  endfacet
  facet normal -0.0395489 0.0337173 -0.998649
    outer loop
      vertex -1.15034 -1.88127 1.64373
      vertex -0.792572 -1.5256 1.64157
      vertex -0.842059 -2.03799 1.62623
    endloop
  endfacet
  facet normal -0.0395356 0.033704 -0.99865
    outer loop
      vertex -0.792572 -1.5256 1.64157
      vertex -1.15034 -1.88127 1.64373
      vertex -0.830057 -1.50557 1.64373
    endloop
  endfacet
  facet normal 0.0484281 -0.0188303 0.998649
    outer loop
      vertex -0.955581 -1.43013 1.62765
      vertex -1.11088 -1.90484 1.62623
      vertex -0.931999 -1.44479 1.62623
    endloop
  endfacet
  facet normal 0.048916 -0.0189898 0.998622
    outer loop
      vertex -0.967719 -1.42143 1.62841
      vertex -1.11088 -1.90484 1.62623
      vertex -0.955581 -1.43013 1.62765
    endloop
  endfacet
  facet normal 0.0484293 -0.0188458 0.998649
    outer loop
      vertex -1.11088 -1.90484 1.62623
      vertex -0.967719 -1.42143 1.62841
      vertex -1.39504 -1.70773 1.64373
    endloop
  endfacet
  facet normal 0.058704 -0.0342328 0.997688
    outer loop
      vertex -1.04707 -1.36457 1.63503
      vertex -1.39504 -1.70773 1.64373
      vertex -0.967719 -1.42143 1.62841
    endloop
  endfacet
  facet normal 0.058646 -0.0341739 0.997694
    outer loop
      vertex -1.13407 -1.29316 1.64259
      vertex -1.39504 -1.70773 1.64373
      vertex -1.04707 -1.36457 1.63503
    endloop
  endfacet
  facet normal 0.0590099 -0.0344031 0.997664
    outer loop
      vertex -1.39504 -1.70773 1.64373
      vertex -1.13407 -1.29316 1.64259
      vertex -1.14654 -1.28149 1.64373
    endloop
  endfacet
  facet normal 0.56656 0.798877 -0.202004
    outer loop
      vertex -1.39504 -1.70773 1.64373
      vertex -1.43033 -1.67828 1.66122
      vertex -1.15034 -1.88127 1.64373
    endloop
  endfacet
  facet normal 0.684547 0.700512 0.201691
    outer loop
      vertex -1.39504 -1.70773 1.64373
      vertex -1.64489 -1.46861 1.66122
      vertex -1.43033 -1.67828 1.66122
    endloop
  endfacet
  facet normal -0.0516849 0.0440515 -0.997691
    outer loop
      vertex -0.955581 -1.43013 1.65356
      vertex -1.15034 -1.88127 1.64373
      vertex -1.02137 -1.38298 1.65905
    endloop
  endfacet
  facet normal -0.0517213 0.0440672 -0.997689
    outer loop
      vertex -0.86 -1.48956 1.64598
      vertex -1.15034 -1.88127 1.64373
      vertex -0.955581 -1.43013 1.65356
    endloop
  endfacet
  facet normal -0.0514973 0.0439013 -0.997708
    outer loop
      vertex -1.15034 -1.88127 1.64373
      vertex -0.86 -1.48956 1.64598
      vertex -0.830057 -1.50557 1.64373
    endloop
  endfacet
  facet normal -0.0337831 0.0394476 -0.99865
    outer loop
      vertex -1.43033 -1.67828 1.66122
      vertex -1.02137 -1.38298 1.65905
      vertex -1.15034 -1.88127 1.64373
    endloop
  endfacet
  facet normal -0.033849 0.0395389 -0.998645
    outer loop
      vertex -1.02137 -1.38298 1.65905
      vertex -1.43033 -1.67828 1.66122
      vertex -1.04707 -1.36457 1.66065
    endloop
  endfacet
  facet normal -0.0340863 0.0398288 -0.998625
    outer loop
      vertex -1.04707 -1.36457 1.66065
      vertex -1.43033 -1.67828 1.66122
      vertex -1.05559 -1.35757 1.66122
    endloop
  endfacet
  facet normal 0.0447521 -0.0260907 0.998657
    outer loop
      vertex -1.17757 -1.25242 1.64588
      vertex -1.39504 -1.70773 1.64373
      vertex -1.14654 -1.28149 1.64373
    endloop
  endfacet
  facet normal 0.0448792 -0.0261514 0.99865
    outer loop
      vertex -1.39504 -1.70773 1.64373
      vertex -1.17757 -1.25242 1.64588
      vertex -1.64489 -1.46861 1.66122
    endloop
  endfacet
  facet normal 0.052646 -0.0430084 0.997687
    outer loop
      vertex -1.21622 -1.21622 1.64948
      vertex -1.64489 -1.46861 1.66122
      vertex -1.17757 -1.25242 1.64588
    endloop
  endfacet
  facet normal 0.05264 -0.0429982 0.997687
    outer loop
      vertex -1.29316 -1.13407 1.65708
      vertex -1.64489 -1.46861 1.66122
      vertex -1.21622 -1.21622 1.64948
    endloop
  endfacet
  facet normal 0.052604 -0.0429603 0.997691
    outer loop
      vertex -1.64489 -1.46861 1.66122
      vertex -1.29316 -1.13407 1.65708
      vertex -1.33252 -1.08612 1.66122
    endloop
  endfacet
  facet normal 0.684526 0.700491 -0.201834
    outer loop
      vertex -1.64489 -1.46861 1.66122
      vertex -1.67514 -1.43401 1.67871
      vertex -1.43033 -1.67828 1.66122
    endloop
  endfacet
  facet normal 0.785635 0.584852 0.201807
    outer loop
      vertex -1.64489 -1.46861 1.66122
      vertex -1.85428 -1.19337 1.67871
      vertex -1.67514 -1.43401 1.67871
    endloop
  endfacet
  facet normal -0.043975 0.0515136 -0.997704
    outer loop
      vertex -1.21622 -1.21622 1.67564
      vertex -1.43033 -1.67828 1.66122
      vertex -1.22519 -1.20664 1.67653
    endloop
  endfacet
  facet normal -0.0441993 0.051617 -0.997688
    outer loop
      vertex -1.13407 -1.29316 1.66802
      vertex -1.43033 -1.67828 1.66122
      vertex -1.21622 -1.21622 1.67564
    endloop
  endfacet
  facet normal -0.0441282 0.0515625 -0.997694
    outer loop
      vertex -1.43033 -1.67828 1.66122
      vertex -1.13407 -1.29316 1.66802
      vertex -1.05559 -1.35757 1.66122
    endloop
  endfacet
  facet normal -0.0271974 0.0442469 -0.99865
    outer loop
      vertex -1.67514 -1.43401 1.67871
      vertex -1.22519 -1.20664 1.67653
      vertex -1.43033 -1.67828 1.66122
    endloop
  endfacet
  facet normal -0.0272696 0.0443899 -0.998642
    outer loop
      vertex -1.22519 -1.20664 1.67653
      vertex -1.67514 -1.43401 1.67871
      vertex -1.25435 -1.17551 1.67871
    endloop
  endfacet
  facet normal 0.0400893 -0.0327399 0.99866
    outer loop
      vertex -1.35961 -1.0531 1.66339
      vertex -1.64489 -1.46861 1.66122
      vertex -1.33252 -1.08612 1.66122
    endloop
  endfacet
  facet normal 0.0402418 -0.0328446 0.99865
    outer loop
      vertex -1.64489 -1.46861 1.66122
      vertex -1.35961 -1.0531 1.66339
      vertex -1.85428 -1.19337 1.67871
    endloop
  endfacet
  facet normal 0.0455946 -0.0518346 0.997614
    outer loop
      vertex -1.36457 -1.04707 1.66393
      vertex -1.85428 -1.19337 1.67871
      vertex -1.35961 -1.0531 1.66339
    endloop
  endfacet
  facet normal 0.0452493 -0.0506711 0.99769
    outer loop
      vertex -1.43013 -0.955581 1.67155
      vertex -1.85428 -1.19337 1.67871
      vertex -1.36457 -1.04707 1.66393
    endloop
  endfacet
  facet normal 0.0452448 -0.0506631 0.99769
    outer loop
      vertex -1.85428 -1.19337 1.67871
      vertex -1.43013 -0.955581 1.67155
      vertex -1.4865 -0.864923 1.67871
    endloop
  endfacet
  facet normal 0.785613 0.584835 -0.201943
    outer loop
      vertex -1.85428 -1.19337 1.67871
      vertex -1.87875 -1.15446 1.6962
      vertex -1.67514 -1.43401 1.67871
    endloop
  endfacet
  facet normal 0.867427 0.454841 0.201719
    outer loop
      vertex -1.85428 -1.19337 1.67871
      vertex -2.01806 -0.888782 1.6962
      vertex -1.87875 -1.15446 1.6962
    endloop
  endfacet
  facet normal -0.0355123 0.0578456 -0.997694
    outer loop
      vertex -1.36457 -1.04707 1.69009
      vertex -1.67514 -1.43401 1.67871
      vertex -1.39847 -0.999754 1.69404
    endloop
  endfacet
  facet normal -0.0356109 0.0579246 -0.997686
    outer loop
      vertex -1.29316 -1.13407 1.68249
      vertex -1.67514 -1.43401 1.67871
      vertex -1.36457 -1.04707 1.69009
    endloop
  endfacet
  facet normal -0.0354891 0.0577696 -0.997699
    outer loop
      vertex -1.67514 -1.43401 1.67871
      vertex -1.29316 -1.13407 1.68249
      vertex -1.25435 -1.17551 1.67871
    endloop
  endfacet
  facet normal -0.0199392 0.0479577 -0.99865
    outer loop
      vertex -1.87875 -1.15446 1.6962
      vertex -1.39847 -0.999754 1.69404
      vertex -1.67514 -1.43401 1.67871
    endloop
  endfacet
  facet normal -0.0199696 0.0480521 -0.998645
    outer loop
      vertex -1.39847 -0.999754 1.69404
      vertex -1.87875 -1.15446 1.6962
      vertex -1.42326 -0.965166 1.6962
    endloop
  endfacet
  facet normal 0.0337854 -0.0378313 0.998713
    outer loop
      vertex -1.48956 -0.86 1.679
      vertex -1.85428 -1.19337 1.67871
      vertex -1.4865 -0.864923 1.67871
    endloop
  endfacet
  facet normal 0.0347528 -0.0388897 0.998639
    outer loop
      vertex -1.50693 -0.827503 1.68087
      vertex -1.85428 -1.19337 1.67871
      vertex -1.48956 -0.86 1.679
    endloop
  endfacet
  facet normal 0.0345966 -0.0387414 0.99865
    outer loop
      vertex -1.85428 -1.19337 1.67871
      vertex -1.50693 -0.827503 1.68087
      vertex -2.01806 -0.888782 1.6962
    endloop
  endfacet
  facet normal 0.036758 -0.0570086 0.997697
    outer loop
      vertex -1.54262 -0.760736 1.686
      vertex -2.01806 -0.888782 1.6962
      vertex -1.50693 -0.827503 1.68087
    endloop
  endfacet
  facet normal 0.0368056 -0.0571864 0.997685
    outer loop
      vertex -1.58907 -0.658215 1.69359
      vertex -2.01806 -0.888782 1.6962
      vertex -1.54262 -0.760736 1.686
    endloop
  endfacet
  facet normal 0.0367592 -0.0570998 0.997692
    outer loop
      vertex -2.01806 -0.888782 1.6962
      vertex -1.58907 -0.658215 1.69359
      vertex -1.60289 -0.621508 1.6962
    endloop
  endfacet
  facet normal 0.867318 0.454784 -0.202316
    outer loop
      vertex -2.01806 -0.888782 1.6962
      vertex -2.03614 -0.846521 1.71369
      vertex -1.87875 -1.15446 1.6962
    endloop
  endfacet
  facet normal 0.92794 0.313652 0.201368
    outer loop
      vertex -2.01806 -0.888782 1.6962
      vertex -2.1322 -0.562327 1.71369
      vertex -2.03614 -0.846521 1.71369
    endloop
  endfacet
  facet normal -0.0260864 0.0627361 -0.997689
    outer loop
      vertex -1.48956 -0.86 1.70454
      vertex -1.87875 -1.15446 1.6962
      vertex -1.53804 -0.769315 1.71151
    endloop
  endfacet
  facet normal -0.026064 0.0627067 -0.997692
    outer loop
      vertex -1.43013 -0.955581 1.69698
      vertex -1.87875 -1.15446 1.6962
      vertex -1.48956 -0.86 1.70454
    endloop
  endfacet
  facet normal -0.0259975 0.0625566 -0.997703
    outer loop
      vertex -1.87875 -1.15446 1.6962
      vertex -1.43013 -0.955581 1.69698
      vertex -1.42326 -0.965166 1.6962
    endloop
  endfacet
  facet normal -0.0121962 0.0504867 -0.99865
    outer loop
      vertex -2.03614 -0.846521 1.71369
      vertex -1.53804 -0.769315 1.71151
      vertex -1.87875 -1.15446 1.6962
    endloop
  endfacet
  facet normal -0.0122021 0.0505248 -0.998648
    outer loop
      vertex -1.53804 -0.769315 1.71151
      vertex -2.03614 -0.846521 1.71369
      vertex -1.54262 -0.760736 1.712
    endloop
  endfacet
  facet normal -0.0122146 0.0505968 -0.998644
    outer loop
      vertex -1.54262 -0.760736 1.712
      vertex -2.03614 -0.846521 1.71369
      vertex -1.55624 -0.730668 1.71369
    endloop
  endfacet
  facet normal 0.0280887 -0.0436316 0.998653
    outer loop
      vertex -1.61787 -0.581713 1.69836
      vertex -2.01806 -0.888782 1.6962
      vertex -1.60289 -0.621508 1.6962
    endloop
  endfacet
  facet normal 0.0281195 -0.0436717 0.99865
    outer loop
      vertex -2.01806 -0.888782 1.6962
      vertex -1.61787 -0.581713 1.69836
      vertex -2.1322 -0.562327 1.71369
    endloop
  endfacet
  facet normal 0.0274003 -0.0620002 0.9977
    outer loop
      vertex -1.62872 -0.552876 1.70045
      vertex -2.1322 -0.562327 1.71369
      vertex -1.61787 -0.581713 1.69836
    endloop
  endfacet
  facet normal 0.0274034 -0.0621787 0.997689
    outer loop
      vertex -1.66139 -0.445168 1.70806
      vertex -2.1322 -0.562327 1.71369
      vertex -1.62872 -0.552876 1.70045
    endloop
  endfacet
  facet normal 0.0274151 -0.0622258 0.997686
    outer loop
      vertex -2.1322 -0.562327 1.71369
      vertex -1.66139 -0.445168 1.70806
      vertex -1.68048 -0.363311 1.71369
    endloop
  endfacet
  facet normal 0.927852 0.313622 -0.201823
    outer loop
      vertex -2.1322 -0.562327 1.71369
      vertex -2.14346 -0.517759 1.73118
      vertex -2.03614 -0.846521 1.71369
    endloop
  endfacet
  facet normal 0.965457 0.164676 0.201929
    outer loop
      vertex -2.1322 -0.562327 1.71369
      vertex -2.1939 -0.222042 1.73118
      vertex -2.14346 -0.517759 1.73118
    endloop
  endfacet
  facet normal -0.0160634 0.0661838 -0.997678
    outer loop
      vertex -1.62872 -0.552876 1.72661
      vertex -2.03614 -0.846521 1.71369
      vertex -1.63898 -0.519037 1.72902
    endloop
  endfacet
  facet normal -0.0159221 0.0659885 -0.997693
    outer loop
      vertex -1.58907 -0.658215 1.71901
      vertex -2.03614 -0.846521 1.71369
      vertex -1.62872 -0.552876 1.72661
    endloop
  endfacet
  facet normal -0.0159413 0.066034 -0.99769
    outer loop
      vertex -2.03614 -0.846521 1.71369
      vertex -1.58907 -0.658215 1.71901
      vertex -1.55624 -0.730668 1.71369
    endloop
  endfacet
  facet normal -0.0041447 0.0517748 -0.99865
    outer loop
      vertex -2.14346 -0.517759 1.73118
      vertex -1.63898 -0.519037 1.72902
      vertex -2.03614 -0.846521 1.71369
    endloop
  endfacet
  facet normal -0.0041447 0.0517735 -0.99865
    outer loop
      vertex -1.63898 -0.519037 1.72902
      vertex -2.14346 -0.517759 1.73118
      vertex -1.65132 -0.478361 1.73118
    endloop
  endfacet
  facet normal 0.0208445 -0.0473122 0.998663
    outer loop
      vertex -1.68695 -0.335555 1.71514
      vertex -2.1322 -0.562327 1.71369
      vertex -1.68048 -0.363311 1.71369
    endloop
  endfacet
  facet normal 0.0211024 -0.0478183 0.998633
    outer loop
      vertex -1.68926 -0.321538 1.71586
      vertex -2.1322 -0.562327 1.71369
      vertex -1.68695 -0.335555 1.71514
    endloop
  endfacet
  facet normal 0.020946 -0.0475308 0.99865
    outer loop
      vertex -2.1322 -0.562327 1.71369
      vertex -1.68926 -0.321538 1.71586
      vertex -2.1939 -0.222042 1.73118
    endloop
  endfacet
  facet normal 0.0173312 -0.0657167 0.997688
    outer loop
      vertex -1.70529 -0.224504 1.72253
      vertex -2.1939 -0.222042 1.73118
      vertex -1.68926 -0.321538 1.71586
    endloop
  endfacet
  facet normal 0.0173317 -0.065631 0.997693
    outer loop
      vertex -1.71632 -0.112493 1.73009
      vertex -2.1939 -0.222042 1.73118
      vertex -1.70529 -0.224504 1.72253
    endloop
  endfacet
  facet normal 0.0174211 -0.0660207 0.997666
    outer loop
      vertex -2.1939 -0.222042 1.73118
      vertex -1.71632 -0.112493 1.73009
      vertex -1.71685 -0.0961614 1.73118
    endloop
  endfacet
  facet normal 0.965451 0.164675 -0.201957
    outer loop
      vertex -2.1939 -0.222042 1.73118
      vertex -2.19805 -0.176262 1.74867
      vertex -2.14346 -0.517759 1.73118
    endloop
  endfacet
  facet normal 0.97936 0.0116884 0.201787
    outer loop
      vertex -2.1939 -0.222042 1.73118
      vertex -2.20163 0.123704 1.74867
      vertex -2.19805 -0.176262 1.74867
    endloop
  endfacet
  facet normal -0.00547056 0.0678057 -0.997684
    outer loop
      vertex -1.68695 -0.335555 1.74106
      vertex -2.14346 -0.517759 1.73118
      vertex -1.70002 -0.256419 1.74651
    endloop
  endfacet
  facet normal -0.00540482 0.0676417 -0.997695
    outer loop
      vertex -1.66139 -0.445168 1.73349
      vertex -2.14346 -0.517759 1.73118
      vertex -1.68695 -0.335555 1.74106
    endloop
  endfacet
  facet normal -0.00542654 0.0677856 -0.997685
    outer loop
      vertex -2.14346 -0.517759 1.73118
      vertex -1.66139 -0.445168 1.73349
      vertex -1.65132 -0.478361 1.73118
    endloop
  endfacet
  facet normal 0.00400372 0.0517866 -0.99865
    outer loop
      vertex -2.19805 -0.176262 1.74867
      vertex -1.70002 -0.256419 1.74651
      vertex -2.14346 -0.517759 1.73118
    endloop
  endfacet
  facet normal 0.0039837 0.0516624 -0.998657
    outer loop
      vertex -1.70002 -0.256419 1.74651
      vertex -2.19805 -0.176262 1.74867
      vertex -1.70529 -0.224504 1.74814
    endloop
  endfacet
  facet normal 0.00402062 0.0520392 -0.998637
    outer loop
      vertex -1.70529 -0.224504 1.74814
      vertex -2.19805 -0.176262 1.74867
      vertex -1.70629 -0.214256 1.74867
    endloop
  endfacet
  facet normal 0.0132156 -0.050083 0.998658
    outer loop
      vertex -1.71824 -0.0536571 1.73333
      vertex -2.1939 -0.222042 1.73118
      vertex -1.71685 -0.0961614 1.73118
    endloop
  endfacet
  facet normal 0.0132646 -0.0502214 0.99865
    outer loop
      vertex -2.1939 -0.222042 1.73118
      vertex -1.71824 -0.0536571 1.73333
      vertex -2.20163 0.123704 1.74867
    endloop
  endfacet
  facet normal 0.00684587 -0.0676275 0.997687
    outer loop
      vertex -1.71632 0.112493 1.74458
      vertex -2.20163 0.123704 1.74867
      vertex -1.72 0 1.73698
    endloop
  endfacet
  facet normal 0.00684736 -0.0675646 0.997691
    outer loop
      vertex -2.20163 0.123704 1.74867
      vertex -1.71632 0.112493 1.74458
      vertex -1.71031 0.173497 1.74867
    endloop
  endfacet
  facet normal 0.00684192 -0.0676427 0.997686
    outer loop
      vertex -1.71824 -0.0536571 1.73333
      vertex -1.72 0 1.73698
      vertex -2.20163 0.123704 1.74867
    endloop
  endfacet
  facet normal 0.979318 0.0116879 -0.20199
    outer loop
      vertex -2.19805 -0.176262 1.74867
      vertex -2.20163 0.123704 1.74867
      vertex -2.19857 0.169571 1.76616
    endloop
  endfacet
  facet normal 0.969163 -0.141569 0.201698
    outer loop
      vertex -2.19857 0.169571 1.76616
      vertex -2.20163 0.123704 1.74867
      vertex -2.15521 0.466408 1.76616
    endloop
  endfacet
  facet normal 0.00521809 0.0677517 -0.997689
    outer loop
      vertex -1.71632 -0.112493 1.75552
      vertex -2.19805 -0.176262 1.74867
      vertex -1.72 0 1.76314
    endloop
  endfacet
  facet normal 0.00522853 0.0676734 -0.997694
    outer loop
      vertex -2.19805 -0.176262 1.74867
      vertex -1.71632 -0.112493 1.75552
      vertex -1.70629 -0.214256 1.74867
    endloop
  endfacet
  facet normal 0.00529565 0.0675425 -0.997702
    outer loop
      vertex -1.71959 0.0123759 1.76398
      vertex -1.72 0 1.76314
      vertex -2.19805 -0.176262 1.74867
    endloop
  endfacet
  facet normal 0.0120359 0.0505234 -0.99865
    outer loop
      vertex -2.19857 0.169571 1.76616
      vertex -1.71959 0.0123759 1.76398
      vertex -2.19805 -0.176262 1.74867
    endloop
  endfacet
  facet normal 0.012083 0.0506667 -0.998643
    outer loop
      vertex -1.71959 0.0123759 1.76398
      vertex -2.19857 0.169571 1.76616
      vertex -1.7182 0.0550123 1.76616
    endloop
  endfacet
  facet normal 0.00523124 -0.051675 0.99865
    outer loop
      vertex -2.20163 0.123704 1.74867
      vertex -1.70612 0.215996 1.75085
      vertex -2.15521 0.466408 1.76616
    endloop
  endfacet
  facet normal 0.0052439 -0.0517429 0.998647
    outer loop
      vertex -1.70612 0.215996 1.75085
      vertex -2.20163 0.123704 1.74867
      vertex -1.71031 0.173497 1.74867
    endloop
  endfacet
  facet normal -0.00371014 -0.0676525 0.997702
    outer loop
      vertex -1.70529 0.224504 1.75143
      vertex -2.15521 0.466408 1.76616
      vertex -1.70612 0.215996 1.75085
    endloop
  endfacet
  facet normal -0.00380598 -0.06783 0.99769
    outer loop
      vertex -1.68695 0.335555 1.75905
      vertex -2.15521 0.466408 1.76616
      vertex -1.70529 0.224504 1.75143
    endloop
  endfacet
  facet normal -0.00380108 -0.0678125 0.997691
    outer loop
      vertex -2.15521 0.466408 1.76616
      vertex -1.68695 0.335555 1.75905
      vertex -1.66287 0.438811 1.76616
    endloop
  endfacet
  facet normal 0.969136 -0.141565 -0.201829
    outer loop
      vertex -2.14502 0.511232 1.78365
      vertex -2.19857 0.169571 1.76616
      vertex -2.15521 0.466408 1.76616
    endloop
  endfacet
  facet normal 0.935092 -0.291327 0.20182
    outer loop
      vertex -2.14502 0.511232 1.78365
      vertex -2.15521 0.466408 1.76616
      vertex -2.05579 0.79764 1.78365
    endloop
  endfacet
  facet normal 0.0157671 0.0660084 -0.997694
    outer loop
      vertex -1.70529 0.224504 1.77759
      vertex -2.19857 0.169571 1.76616
      vertex -1.69592 0.281213 1.78149
    endloop
  endfacet
  facet normal 0.0157621 0.0660526 -0.997692
    outer loop
      vertex -1.71632 0.112493 1.77
      vertex -2.19857 0.169571 1.76616
      vertex -1.70529 0.224504 1.77759
    endloop
  endfacet
  facet normal 0.0157718 0.0661346 -0.997686
    outer loop
      vertex -2.19857 0.169571 1.76616
      vertex -1.71632 0.112493 1.77
      vertex -1.7182 0.0550123 1.76616
    endloop
  endfacet
  facet normal 0.0198376 0.0481097 -0.998645
    outer loop
      vertex -1.69592 0.281213 1.78149
      vertex -2.14502 0.511232 1.78365
      vertex -1.68899 0.323192 1.78365
    endloop
  endfacet
  facet normal 0.0197916 0.04802 -0.99865
    outer loop
      vertex -2.14502 0.511232 1.78365
      vertex -1.69592 0.281213 1.78149
      vertex -2.19857 0.169571 1.76616
    endloop
  endfacet
  facet normal -0.00290744 -0.0518589 0.99865
    outer loop
      vertex -2.15521 0.466408 1.76616
      vertex -1.65091 0.47973 1.76832
      vertex -2.05579 0.79764 1.78365
    endloop
  endfacet
  facet normal -0.00290378 -0.051996 0.998643
    outer loop
      vertex -1.65091 0.47973 1.76832
      vertex -2.15521 0.466408 1.76616
      vertex -1.66139 0.445168 1.76649
    endloop
  endfacet
  facet normal -0.00286851 -0.0511752 0.998686
    outer loop
      vertex -1.66139 0.445168 1.76649
      vertex -2.15521 0.466408 1.76616
      vertex -1.66287 0.438811 1.76616
    endloop
  endfacet
  facet normal -0.0143825 -0.0664268 0.997688
    outer loop
      vertex -1.62872 0.552876 1.77351
      vertex -2.05579 0.79764 1.78365
      vertex -1.65091 0.47973 1.76832
    endloop
  endfacet
  facet normal -0.0143596 -0.066387 0.997691
    outer loop
      vertex -1.58907 0.658215 1.78109
      vertex -2.05579 0.79764 1.78365
      vertex -1.62872 0.552876 1.77351
    endloop
  endfacet
  facet normal -0.0143511 -0.0663585 0.997693
    outer loop
      vertex -2.05579 0.79764 1.78365
      vertex -1.58907 0.658215 1.78109
      vertex -1.57319 0.69327 1.78365
    endloop
  endfacet
  facet normal 0.935012 -0.291302 -0.202228
    outer loop
      vertex -2.03871 0.840321 1.80114
      vertex -2.14502 0.511232 1.78365
      vertex -2.05579 0.79764 1.78365
    endloop
  endfacet
  facet normal 0.878073 -0.433993 0.201589
    outer loop
      vertex -2.03871 0.840321 1.80114
      vertex -2.05579 0.79764 1.78365
      vertex -1.90579 1.10925 1.80114
    endloop
  endfacet
  facet normal 0.0258876 0.0628091 -0.99769
    outer loop
      vertex -1.66139 0.445168 1.79204
      vertex -2.14502 0.511232 1.78365
      vertex -1.63175 0.542872 1.79896
    endloop
  endfacet
  facet normal 0.025883 0.0627752 -0.997692
    outer loop
      vertex -1.68695 0.335555 1.78448
      vertex -2.14502 0.511232 1.78365
      vertex -1.66139 0.445168 1.79204
    endloop
  endfacet
  facet normal 0.0258596 0.0627141 -0.997696
    outer loop
      vertex -2.14502 0.511232 1.78365
      vertex -1.68695 0.335555 1.78448
      vertex -1.68899 0.323192 1.78365
    endloop
  endfacet
  facet normal 0.0270778 0.0443542 -0.998649
    outer loop
      vertex -1.62872 0.552876 1.79949
      vertex -2.03871 0.840321 1.80114
      vertex -1.61735 0.583085 1.80114
    endloop
  endfacet
  facet normal 0.0272807 0.0446435 -0.99863
    outer loop
      vertex -1.63175 0.542872 1.79896
      vertex -2.03871 0.840321 1.80114
      vertex -1.62872 0.552876 1.79949
    endloop
  endfacet
  facet normal 0.0270551 0.044335 -0.99865
    outer loop
      vertex -2.03871 0.840321 1.80114
      vertex -1.63175 0.542872 1.79896
      vertex -2.14502 0.511232 1.78365
    endloop
  endfacet
  facet normal -0.0109761 -0.0507685 0.99865
    outer loop
      vertex -2.05579 0.79764 1.78365
      vertex -1.55564 0.731997 1.78581
      vertex -1.90579 1.10925 1.80114
    endloop
  endfacet
  facet normal -0.0109708 -0.0507282 0.998652
    outer loop
      vertex -1.55564 0.731997 1.78581
      vertex -2.05579 0.79764 1.78365
      vertex -1.57319 0.69327 1.78365
    endloop
  endfacet
  facet normal -0.0246858 -0.0634539 0.997679
    outer loop
      vertex -1.54262 0.760736 1.78796
      vertex -1.90579 1.10925 1.80114
      vertex -1.55564 0.731997 1.78581
    endloop
  endfacet
  facet normal -0.0245191 -0.0632807 0.997695
    outer loop
      vertex -1.48956 0.86 1.79556
      vertex -1.90579 1.10925 1.80114
      vertex -1.54262 0.760736 1.78796
    endloop
  endfacet
  facet normal -0.0245851 -0.0633908 0.997686
    outer loop
      vertex -1.90579 1.10925 1.80114
      vertex -1.48956 0.86 1.79556
      vertex -1.44556 0.930757 1.80114
    endloop
  endfacet
  facet normal 0.878016 -0.433965 -0.201898
    outer loop
      vertex -1.88225 1.14874 1.81863
      vertex -2.03871 0.840321 1.80114
      vertex -1.90579 1.10925 1.80114
    endloop
  endfacet
  facet normal 0.79938 -0.565907 0.201843
    outer loop
      vertex -1.88225 1.14874 1.81863
      vertex -1.90579 1.10925 1.80114
      vertex -1.70892 1.39358 1.81863
    endloop
  endfacet
  facet normal 0.0353878 0.057868 -0.997697
    outer loop
      vertex -1.54262 0.760736 1.81412
      vertex -2.03871 0.840321 1.80114
      vertex -1.5263 0.791272 1.81647
    endloop
  endfacet
  facet normal 0.0354108 0.0580132 -0.997688
    outer loop
      vertex -1.58907 0.658215 1.80651
      vertex -2.03871 0.840321 1.80114
      vertex -1.54262 0.760736 1.81412
    endloop
  endfacet
  facet normal 0.0353998 0.057986 -0.99769
    outer loop
      vertex -2.03871 0.840321 1.80114
      vertex -1.58907 0.658215 1.80651
      vertex -1.61735 0.583085 1.80114
    endloop
  endfacet
  facet normal 0.0336571 0.0395486 -0.998651
    outer loop
      vertex -1.5263 0.791272 1.81647
      vertex -1.88225 1.14874 1.81863
      vertex -1.50626 0.82876 1.81863
    endloop
  endfacet
  facet normal 0.0336633 0.0395547 -0.99865
    outer loop
      vertex -1.88225 1.14874 1.81863
      vertex -1.5263 0.791272 1.81647
      vertex -2.03871 0.840321 1.80114
    endloop
  endfacet
  facet normal -0.0187763 -0.0484293 0.99865
    outer loop
      vertex -1.90579 1.10925 1.80114
      vertex -1.42228 0.966538 1.80331
      vertex -1.70892 1.39358 1.81863
    endloop
  endfacet
  facet normal -0.0187995 -0.0485081 0.998646
    outer loop
      vertex -1.42228 0.966538 1.80331
      vertex -1.90579 1.10925 1.80114
      vertex -1.43013 0.955581 1.80263
    endloop
  endfacet
  facet normal -0.0187319 -0.0482987 0.998657
    outer loop
      vertex -1.43013 0.955581 1.80263
      vertex -1.90579 1.10925 1.80114
      vertex -1.44556 0.930757 1.80114
    endloop
  endfacet
  facet normal -0.0341975 -0.0587458 0.997687
    outer loop
      vertex -1.36457 1.04707 1.81003
      vertex -1.70892 1.39358 1.81863
      vertex -1.42228 0.966538 1.80331
    endloop
  endfacet
  facet normal -0.0341947 -0.0587431 0.997687
    outer loop
      vertex -1.29316 1.13407 1.8176
      vertex -1.70892 1.39358 1.81863
      vertex -1.36457 1.04707 1.81003
    endloop
  endfacet
  facet normal -0.0339887 -0.0584131 0.997714
    outer loop
      vertex -1.70892 1.39358 1.81863
      vertex -1.29316 1.13407 1.8176
      vertex -1.2825 1.14546 1.81863
    endloop
  endfacet
  facet normal 0.799383 -0.565909 -0.201827
    outer loop
      vertex -1.6795 1.4289 1.83612
      vertex -1.88225 1.14874 1.81863
      vertex -1.70892 1.39358 1.81863
    endloop
  endfacet
  facet normal 0.701065 -0.683924 0.20188
    outer loop
      vertex -1.6795 1.4289 1.83612
      vertex -1.70892 1.39358 1.81863
      vertex -1.47002 1.64363 1.83612
    endloop
  endfacet
  facet normal 0.0440201 0.0516948 -0.997692
    outer loop
      vertex -1.43013 0.955581 1.82857
      vertex -1.88225 1.14874 1.81863
      vertex -1.38383 1.02018 1.83396
    endloop
  endfacet
  facet normal 0.0440389 0.0517389 -0.997689
    outer loop
      vertex -1.48956 0.86 1.82099
      vertex -1.88225 1.14874 1.81863
      vertex -1.43013 0.955581 1.82857
    endloop
  endfacet
  facet normal 0.0440855 0.0518024 -0.997684
    outer loop
      vertex -1.88225 1.14874 1.81863
      vertex -1.48956 0.86 1.82099
      vertex -1.50626 0.82876 1.81863
    endloop
  endfacet
  facet normal 0.0394182 0.0337933 -0.998651
    outer loop
      vertex -1.36457 1.04707 1.83563
      vertex -1.6795 1.4289 1.83612
      vertex -1.3585 1.05447 1.83612
    endloop
  endfacet
  facet normal 0.0394146 0.0337904 -0.998651
    outer loop
      vertex -1.38383 1.02018 1.83396
      vertex -1.6795 1.4289 1.83612
      vertex -1.36457 1.04707 1.83563
    endloop
  endfacet
  facet normal 0.0394352 0.0338053 -0.99865
    outer loop
      vertex -1.6795 1.4289 1.83612
      vertex -1.38383 1.02018 1.83396
      vertex -1.88225 1.14874 1.81863
    endloop
  endfacet
  facet normal -0.0261283 -0.0448884 0.99865
    outer loop
      vertex -1.70892 1.39358 1.81863
      vertex -1.25342 1.1765 1.82079
      vertex -1.47002 1.64363 1.83612
    endloop
  endfacet
  facet normal -0.02617 -0.0449758 0.998645
    outer loop
      vertex -1.25342 1.1765 1.82079
      vertex -1.70892 1.39358 1.81863
      vertex -1.2825 1.14546 1.81863
    endloop
  endfacet
  facet normal -0.0428103 -0.0525922 0.997698
    outer loop
      vertex -1.21622 1.21622 1.82448
      vertex -1.47002 1.64363 1.83612
      vertex -1.25342 1.1765 1.82079
    endloop
  endfacet
  facet normal -0.0429599 -0.0526808 0.997687
    outer loop
      vertex -1.13407 1.29316 1.83208
      vertex -1.47002 1.64363 1.83612
      vertex -1.21622 1.21622 1.82448
    endloop
  endfacet
  facet normal -0.0429025 -0.0526258 0.997692
    outer loop
      vertex -1.47002 1.64363 1.83612
      vertex -1.13407 1.29316 1.83208
      vertex -1.08726 1.33159 1.83612
    endloop
  endfacet
  facet normal 0.701098 -0.683957 -0.201654
    outer loop
      vertex -1.43544 1.67392 1.85361
      vertex -1.6795 1.4289 1.83612
      vertex -1.47002 1.64363 1.83612
    endloop
  endfacet
  facet normal 0.585489 -0.785092 0.202071
    outer loop
      vertex -1.43544 1.67392 1.85361
      vertex -1.47002 1.64363 1.83612
      vertex -1.19496 1.85326 1.85361
    endloop
  endfacet
  facet normal 0.051521 0.0440665 -0.997699
    outer loop
      vertex -1.21622 1.21622 1.85065
      vertex -1.6795 1.4289 1.83612
      vertex -1.20773 1.22418 1.85144
    endloop
  endfacet
  facet normal 0.0515923 0.0442225 -0.997689
    outer loop
      vertex -1.29316 1.13407 1.84303
      vertex -1.6795 1.4289 1.83612
      vertex -1.21622 1.21622 1.85065
    endloop
  endfacet
  facet normal 0.0516091 0.0442447 -0.997687
    outer loop
      vertex -1.6795 1.4289 1.83612
      vertex -1.29316 1.13407 1.84303
      vertex -1.3585 1.05447 1.83612
    endloop
  endfacet
  facet normal 0.0441421 0.0271683 -0.998656
    outer loop
      vertex -1.20773 1.22418 1.85144
      vertex -1.43544 1.67392 1.85361
      vertex -1.17659 1.25335 1.85361
    endloop
  endfacet
  facet normal 0.0442407 0.0272182 -0.99865
    outer loop
      vertex -1.43544 1.67392 1.85361
      vertex -1.20773 1.22418 1.85144
      vertex -1.6795 1.4289 1.83612
    endloop
  endfacet
  facet normal -0.0328237 -0.0402514 0.99865
    outer loop
      vertex -1.47002 1.64363 1.83612
      vertex -1.05425 1.35867 1.8383
      vertex -1.19496 1.85326 1.85361
    endloop
  endfacet
  facet normal -0.0328723 -0.0403224 0.998646
    outer loop
      vertex -1.05425 1.35867 1.8383
      vertex -1.47002 1.64363 1.83612
      vertex -1.08726 1.33159 1.83612
    endloop
  endfacet
  facet normal -0.0503852 -0.0452184 0.997706
    outer loop
      vertex -1.04707 1.36457 1.83893
      vertex -1.19496 1.85326 1.85361
      vertex -1.05425 1.35867 1.8383
    endloop
  endfacet
  facet normal -0.0506386 -0.0452946 0.997689
    outer loop
      vertex -0.955581 1.43013 1.84655
      vertex -1.19496 1.85326 1.85361
      vertex -1.04707 1.36457 1.83893
    endloop
  endfacet
  facet normal -0.050616 -0.0452818 0.997691
    outer loop
      vertex -1.19496 1.85326 1.85361
      vertex -0.955581 1.43013 1.84655
      vertex -0.866162 1.48573 1.85361
    endloop
  endfacet
  facet normal 0.585445 -0.785033 -0.20243
    outer loop
      vertex -1.15606 1.87776 1.8711
      vertex -1.43544 1.67392 1.85361
      vertex -1.19496 1.85326 1.85361
    endloop
  endfacet
  facet normal 0.455636 -0.867115 0.201263
    outer loop
      vertex -1.15606 1.87776 1.8711
      vertex -1.19496 1.85326 1.85361
      vertex -0.890503 2.0173 1.8711
    endloop
  endfacet
  facet normal 0.0579223 0.0356938 -0.997683
    outer loop
      vertex -1.04707 1.36457 1.86509
      vertex -1.43544 1.67392 1.85361
      vertex -1.00095 1.39762 1.86895
    endloop
  endfacet
  facet normal 0.0578338 0.0355824 -0.997692
    outer loop
      vertex -1.13407 1.29316 1.8575
      vertex -1.43544 1.67392 1.85361
      vertex -1.04707 1.36457 1.86509
    endloop
  endfacet
  facet normal 0.0579063 0.0356398 -0.997686
    outer loop
      vertex -1.43544 1.67392 1.85361
      vertex -1.13407 1.29316 1.8575
      vertex -1.17659 1.25335 1.85361
    endloop
  endfacet
  facet normal 0.0478115 0.0199174 -0.998658
    outer loop
      vertex -1.00095 1.39762 1.86895
      vertex -1.15606 1.87776 1.8711
      vertex -0.966365 1.4224 1.8711
    endloop
  endfacet
  facet normal 0.047953 0.0199631 -0.99865
    outer loop
      vertex -1.15606 1.87776 1.8711
      vertex -1.00095 1.39762 1.86895
      vertex -1.43544 1.67392 1.85361
    endloop
  endfacet
  facet normal -0.0387103 -0.0346304 0.99865
    outer loop
      vertex -1.19496 1.85326 1.85361
      vertex -0.828791 1.50624 1.85577
      vertex -0.890503 2.0173 1.8711
    endloop
  endfacet
  facet normal -0.0387479 -0.03467 0.998647
    outer loop
      vertex -0.828791 1.50624 1.85577
      vertex -1.19496 1.85326 1.85361
      vertex -0.86 1.48956 1.85398
    endloop
  endfacet
  facet normal -0.0385368 -0.0344756 0.998662
    outer loop
      vertex -0.86 1.48956 1.85398
      vertex -1.19496 1.85326 1.85361
      vertex -0.866162 1.48573 1.85361
    endloop
  endfacet
  facet normal -0.0571325 -0.036826 0.997687
    outer loop
      vertex -0.760736 1.54262 1.86101
      vertex -0.890503 2.0173 1.8711
      vertex -0.828791 1.50624 1.85577
    endloop
  endfacet
  facet normal -0.057086 -0.0368134 0.99769
    outer loop
      vertex -0.658215 1.58907 1.86859
      vertex -0.890503 2.0173 1.8711
      vertex -0.760736 1.54262 1.86101
    endloop
  endfacet
  facet normal -0.0570317 -0.0367839 0.997695
    outer loop
      vertex -0.890503 2.0173 1.8711
      vertex -0.658215 1.58907 1.86859
      vertex -0.622884 1.60237 1.8711
    endloop
  endfacet
  facet normal 0.455551 -0.866954 -0.202147
    outer loop
      vertex -0.848258 2.03542 1.88859
      vertex -1.15606 1.87776 1.8711
      vertex -0.890503 2.0173 1.8711
    endloop
  endfacet
  facet normal 0.314421 -0.92763 0.201598
    outer loop
      vertex -0.848258 2.03542 1.88859
      vertex -0.890503 2.0173 1.8711
      vertex -0.564146 2.13172 1.88859
    endloop
  endfacet
  facet normal 0.0627085 0.0261076 -0.99769
    outer loop
      vertex -0.86 1.48956 1.87955
      vertex -1.15606 1.87776 1.8711
      vertex -0.770595 1.53735 1.88642
    endloop
  endfacet
  facet normal 0.0627593 0.0261465 -0.997686
    outer loop
      vertex -0.955581 1.43013 1.87198
      vertex -1.15606 1.87776 1.8711
      vertex -0.86 1.48956 1.87955
    endloop
  endfacet
  facet normal 0.0626933 0.0261169 -0.997691
    outer loop
      vertex -1.15606 1.87776 1.8711
      vertex -0.955581 1.43013 1.87198
      vertex -0.966365 1.4224 1.8711
    endloop
  endfacet
  facet normal 0.0504166 0.0122167 -0.998654
    outer loop
      vertex -0.760736 1.54262 1.88698
      vertex -0.848258 2.03542 1.88859
      vertex -0.732 1.55564 1.88859
    endloop
  endfacet
  facet normal 0.050214 0.0121808 -0.998664
    outer loop
      vertex -0.770595 1.53735 1.88642
      vertex -0.848258 2.03542 1.88859
      vertex -0.760736 1.54262 1.88698
    endloop
  endfacet
  facet normal 0.0504848 0.0122229 -0.99865
    outer loop
      vertex -0.848258 2.03542 1.88859
      vertex -0.770595 1.53735 1.88642
      vertex -1.15606 1.87776 1.8711
    endloop
  endfacet
  facet normal -0.0436481 -0.0281553 0.99865
    outer loop
      vertex -0.890503 2.0173 1.8711
      vertex -0.583095 1.61735 1.87326
      vertex -0.564146 2.13172 1.88859
    endloop
  endfacet
  facet normal -0.043621 -0.0281344 0.998652
    outer loop
      vertex -0.583095 1.61735 1.87326
      vertex -0.890503 2.0173 1.8711
      vertex -0.622884 1.60237 1.8711
    endloop
  endfacet
  facet normal -0.0620767 -0.0274127 0.997695
    outer loop
      vertex -0.564146 2.13172 1.88859
      vertex -0.445168 1.66139 1.88307
      vertex -0.364735 1.68015 1.88859
    endloop
  endfacet
  facet normal -0.0621688 -0.027436 0.997688
    outer loop
      vertex -0.564146 2.13172 1.88859
      vertex -0.552876 1.62872 1.87546
      vertex -0.445168 1.66139 1.88307
    endloop
  endfacet
  facet normal -0.062309 -0.0274389 0.99768
    outer loop
      vertex -0.552876 1.62872 1.87546
      vertex -0.564146 2.13172 1.88859
      vertex -0.583095 1.61735 1.87326
    endloop
  endfacet
  facet normal 0.314381 -0.927512 -0.202206
    outer loop
      vertex -0.519588 2.14301 1.90608
      vertex -0.848258 2.03542 1.88859
      vertex -0.564146 2.13172 1.88859
    endloop
  endfacet
  facet normal 0.165541 -0.96541 0.201446
    outer loop
      vertex -0.519588 2.14301 1.90608
      vertex -0.564146 2.13172 1.88859
      vertex -0.223914 2.19371 1.90608
    endloop
  endfacet
  facet normal 0.0659302 0.0159199 -0.997697
    outer loop
      vertex -0.552876 1.62872 1.90162
      vertex -0.848258 2.03542 1.88859
      vertex -0.520447 1.63856 1.90392
    endloop
  endfacet
  facet normal 0.0660506 0.0160076 -0.997688
    outer loop
      vertex -0.658215 1.58907 1.89401
      vertex -0.848258 2.03542 1.88859
      vertex -0.552876 1.62872 1.90162
    endloop
  endfacet
  facet normal 0.0660369 0.0160018 -0.997689
    outer loop
      vertex -0.848258 2.03542 1.88859
      vertex -0.658215 1.58907 1.89401
      vertex -0.732 1.55564 1.88859
    endloop
  endfacet
  facet normal 0.0517579 0.00418798 -0.998651
    outer loop
      vertex -0.520447 1.63856 1.90392
      vertex -0.519588 2.14301 1.90608
      vertex -0.479769 1.6509 1.90608
    endloop
  endfacet
  facet normal 0.0517717 0.00418795 -0.99865
    outer loop
      vertex -0.519588 2.14301 1.90608
      vertex -0.520447 1.63856 1.90392
      vertex -0.848258 2.03542 1.88859
    endloop
  endfacet
  facet normal -0.0475162 -0.0209687 0.99865
    outer loop
      vertex -0.564146 2.13172 1.88859
      vertex -0.322972 1.68903 1.89077
      vertex -0.223914 2.19371 1.90608
    endloop
  endfacet
  facet normal -0.0480696 -0.0212703 0.998617
    outer loop
      vertex -0.322972 1.68903 1.89077
      vertex -0.564146 2.13172 1.88859
      vertex -0.335555 1.68695 1.89012
    endloop
  endfacet
  facet normal -0.0474768 -0.0209655 0.998652
    outer loop
      vertex -0.335555 1.68695 1.89012
      vertex -0.564146 2.13172 1.88859
      vertex -0.364735 1.68015 1.88859
    endloop
  endfacet
  facet normal -0.0652531 -0.017278 0.997719
    outer loop
      vertex -0.223914 2.19371 1.90608
      vertex -0.112493 1.71632 1.9051
      vertex -0.0976359 1.7168 1.90608
    endloop
  endfacet
  facet normal -0.0657143 -0.0173856 0.997687
    outer loop
      vertex -0.223914 2.19371 1.90608
      vertex -0.224504 1.70529 1.89753
      vertex -0.112493 1.71632 1.9051
    endloop
  endfacet
  facet normal -0.0656225 -0.0173858 0.997693
    outer loop
      vertex -0.224504 1.70529 1.89753
      vertex -0.223914 2.19371 1.90608
      vertex -0.322972 1.68903 1.89077
    endloop
  endfacet
  facet normal 0.165523 -0.965302 -0.201974
    outer loop
      vertex -0.178137 2.1979 1.92357
      vertex -0.519588 2.14301 1.90608
      vertex -0.223914 2.19371 1.90608
    endloop
  endfacet
  facet normal 0.0125372 -0.979346 0.201803
    outer loop
      vertex -0.178137 2.1979 1.92357
      vertex -0.223914 2.19371 1.90608
      vertex 0.121825 2.20174 1.92357
    endloop
  endfacet
  facet normal 0.0676705 0.00545246 -0.997693
    outer loop
      vertex -0.335555 1.68695 1.91607
      vertex -0.519588 2.14301 1.90608
      vertex -0.257859 1.69978 1.92141
    endloop
  endfacet
  facet normal 0.0677168 0.00547123 -0.99769
    outer loop
      vertex -0.445168 1.66139 1.90849
      vertex -0.519588 2.14301 1.90608
      vertex -0.335555 1.68695 1.91607
    endloop
  endfacet
  facet normal 0.0678259 0.00548812 -0.997682
    outer loop
      vertex -0.519588 2.14301 1.90608
      vertex -0.445168 1.66139 1.90849
      vertex -0.479769 1.6509 1.90608
    endloop
  endfacet
  facet normal 0.0514818 -0.00393345 -0.998666
    outer loop
      vertex -0.224504 1.70529 1.92312
      vertex -0.178137 2.1979 1.92357
      vertex -0.215709 1.70615 1.92357
    endloop
  endfacet
  facet normal 0.0518529 -0.00396839 -0.998647
    outer loop
      vertex -0.257859 1.69978 1.92141
      vertex -0.178137 2.1979 1.92357
      vertex -0.224504 1.70529 1.92312
    endloop
  endfacet
  facet normal 0.0517897 -0.00395828 -0.99865
    outer loop
      vertex -0.178137 2.1979 1.92357
      vertex -0.257859 1.69978 1.92141
      vertex -0.519588 2.14301 1.90608
    endloop
  endfacet
  facet normal -0.0502104 -0.0132864 0.99865
    outer loop
      vertex -0.223914 2.19371 1.90608
      vertex -0.0551241 1.71819 1.90824
      vertex 0.121825 2.20174 1.92357
    endloop
  endfacet
  facet normal -0.0503051 -0.01332 0.998645
    outer loop
      vertex -0.0551241 1.71819 1.90824
      vertex -0.223914 2.19371 1.90608
      vertex -0.0976359 1.7168 1.90608
    endloop
  endfacet
  facet normal -0.067534 -0.00690241 0.997693
    outer loop
      vertex 0.121825 2.20174 1.92357
      vertex 0.112493 1.71632 1.91958
      vertex 0.172038 1.71045 1.92357
    endloop
  endfacet
  facet normal -0.067541 -0.00690227 0.997693
    outer loop
      vertex 0.121825 2.20174 1.92357
      vertex 0 1.72 1.91199
      vertex 0.112493 1.71632 1.91958
    endloop
  endfacet
  facet normal -0.0676451 -0.00687577 0.997686
    outer loop
      vertex 0 1.72 1.91199
      vertex 0.121825 2.20174 1.92357
      vertex -0.0551241 1.71819 1.90824
    endloop
  endfacet
  facet normal 0.0125368 -0.97931 -0.201976
    outer loop
      vertex 0.167694 2.19872 1.94106
      vertex -0.178137 2.1979 1.92357
      vertex 0.121825 2.20174 1.92357
    endloop
  endfacet
  facet normal -0.14075 -0.969268 0.201765
    outer loop
      vertex 0.167694 2.19872 1.94106
      vertex 0.121825 2.20174 1.92357
      vertex 0.464569 2.15561 1.94106
    endloop
  endfacet
  facet normal 0.0676034 -0.00523912 -0.997699
    outer loop
      vertex 0 1.72 1.93815
      vertex -0.178137 2.1979 1.92357
      vertex 0.0108931 1.71964 1.93889
    endloop
  endfacet
  facet normal 0.0677506 -0.00518397 -0.997689
    outer loop
      vertex -0.112493 1.71632 1.93053
      vertex -0.178137 2.1979 1.92357
      vertex 0 1.72 1.93815
    endloop
  endfacet
  facet normal 0.0677857 -0.00517915 -0.997686
    outer loop
      vertex -0.178137 2.1979 1.92357
      vertex -0.112493 1.71632 1.93053
      vertex -0.215709 1.70615 1.92357
    endloop
  endfacet
  facet normal 0.0504166 -0.0119777 -0.998656
    outer loop
      vertex 0.0108931 1.71964 1.93889
      vertex 0.167694 2.19872 1.94106
      vertex 0.0535464 1.71825 1.94106
    endloop
  endfacet
  facet normal 0.0505341 -0.0120162 -0.99865
    outer loop
      vertex 0.167694 2.19872 1.94106
      vertex 0.0108931 1.71964 1.93889
      vertex -0.178137 2.1979 1.92357
    endloop
  endfacet
  facet normal -0.0516701 -0.00527267 0.99865
    outer loop
      vertex 0.121825 2.20174 1.92357
      vertex 0.214519 1.70627 1.92575
      vertex 0.464569 2.15561 1.94106
    endloop
  endfacet
  facet normal -0.0517682 -0.00529104 0.998645
    outer loop
      vertex 0.214519 1.70627 1.92575
      vertex 0.121825 2.20174 1.92357
      vertex 0.172038 1.71045 1.92357
    endloop
  endfacet
  facet normal -0.0678054 0.00374266 0.997692
    outer loop
      vertex 0.464569 2.15561 1.94106
      vertex 0.335555 1.68695 1.93405
      vertex 0.43739 1.66321 1.94106
    endloop
  endfacet
  facet normal -0.0678389 0.00375191 0.997689
    outer loop
      vertex 0.464569 2.15561 1.94106
      vertex 0.224504 1.70529 1.92643
      vertex 0.335555 1.68695 1.93405
    endloop
  endfacet
  facet normal -0.0675908 0.00361905 0.997707
    outer loop
      vertex 0.224504 1.70529 1.92643
      vertex 0.464569 2.15561 1.94106
      vertex 0.214519 1.70627 1.92575
    endloop
  endfacet
  facet normal -0.140752 -0.96928 -0.201708
    outer loop
      vertex 0.509402 2.14546 1.95855
      vertex 0.167694 2.19872 1.94106
      vertex 0.464569 2.15561 1.94106
    endloop
  endfacet
  facet normal -0.290534 -0.935311 0.20195
    outer loop
      vertex 0.509402 2.14546 1.95855
      vertex 0.464569 2.15561 1.94106
      vertex 0.795886 2.05647 1.95855
    endloop
  endfacet
  facet normal 0.0661921 -0.015692 -0.997684
    outer loop
      vertex 0.224504 1.70529 1.95259
      vertex 0.167694 2.19872 1.94106
      vertex 0.279766 1.69616 1.9564
    endloop
  endfacet
  facet normal 0.066058 -0.0157077 -0.997692
    outer loop
      vertex 0.112493 1.71632 1.945
      vertex 0.167694 2.19872 1.94106
      vertex 0.224504 1.70529 1.95259
    endloop
  endfacet
  facet normal 0.0661707 -0.0157205 -0.997684
    outer loop
      vertex 0.167694 2.19872 1.94106
      vertex 0.112493 1.71632 1.945
      vertex 0.0535464 1.71825 1.94106
    endloop
  endfacet
  facet normal 0.0479036 -0.0197046 -0.998658
    outer loop
      vertex 0.279766 1.69616 1.9564
      vertex 0.509402 2.14546 1.95855
      vertex 0.321737 1.68923 1.95855
    endloop
  endfacet
  facet normal 0.0480334 -0.019771 -0.99865
    outer loop
      vertex 0.509402 2.14546 1.95855
      vertex 0.279766 1.69616 1.9564
      vertex 0.167694 2.19872 1.94106
    endloop
  endfacet
  facet normal -0.0518617 0.00286202 0.99865
    outer loop
      vertex 0.464569 2.15561 1.94106
      vertex 0.478333 1.65133 1.94322
      vertex 0.795886 2.05647 1.95855
    endloop
  endfacet
  facet normal -0.0518269 0.00286298 0.998652
    outer loop
      vertex 0.464569 2.15561 1.94106
      vertex 0.445168 1.66139 1.94147
      vertex 0.478333 1.65133 1.94322
    endloop
  endfacet
  facet normal -0.0519701 0.00286859 0.998645
    outer loop
      vertex 0.445168 1.66139 1.94147
      vertex 0.464569 2.15561 1.94106
      vertex 0.43739 1.66321 1.94106
    endloop
  endfacet
  facet normal -0.0663247 0.0142847 0.997696
    outer loop
      vertex 0.795886 2.05647 1.95855
      vertex 0.658215 1.58907 1.95609
      vertex 0.691931 1.5738 1.95855
    endloop
  endfacet
  facet normal -0.0664061 0.0143087 0.99769
    outer loop
      vertex 0.795886 2.05647 1.95855
      vertex 0.552876 1.62872 1.94851
      vertex 0.658215 1.58907 1.95609
    endloop
  endfacet
  facet normal -0.0664534 0.0143356 0.997687
    outer loop
      vertex 0.552876 1.62872 1.94851
      vertex 0.795886 2.05647 1.95855
      vertex 0.478333 1.65133 1.94322
    endloop
  endfacet
  facet normal -0.290535 -0.935316 -0.201924
    outer loop
      vertex 0.83858 2.03943 1.97605
      vertex 0.509402 2.14546 1.95855
      vertex 0.795886 2.05647 1.95855
    endloop
  endfacet
  facet normal -0.433233 -0.878449 0.201582
    outer loop
      vertex 0.83858 2.03943 1.97605
      vertex 0.795886 2.05647 1.95855
      vertex 1.10763 1.90674 1.97605
    endloop
  endfacet
  facet normal 0.0628059 -0.025853 -0.997691
    outer loop
      vertex 0.445168 1.66139 1.96705
      vertex 0.509402 2.14546 1.95855
      vertex 0.541482 1.63218 1.97387
    endloop
  endfacet
  facet normal 0.0628709 -0.0258615 -0.997687
    outer loop
      vertex 0.335555 1.68695 1.95948
      vertex 0.509402 2.14546 1.95855
      vertex 0.445168 1.66139 1.96705
    endloop
  endfacet
  facet normal 0.06288 -0.025865 -0.997686
    outer loop
      vertex 0.509402 2.14546 1.95855
      vertex 0.335555 1.68695 1.95948
      vertex 0.321737 1.68923 1.95855
    endloop
  endfacet
  facet normal 0.0445004 -0.0271143 -0.998641
    outer loop
      vertex 0.552876 1.62872 1.97447
      vertex 0.83858 2.03943 1.97605
      vertex 0.581716 1.61786 1.97605
    endloop
  endfacet
  facet normal 0.0443799 -0.0270304 -0.998649
    outer loop
      vertex 0.541482 1.63218 1.97387
      vertex 0.83858 2.03943 1.97605
      vertex 0.552876 1.62872 1.97447
    endloop
  endfacet
  facet normal 0.0443834 -0.027033 -0.998649
    outer loop
      vertex 0.83858 2.03943 1.97605
      vertex 0.541482 1.63218 1.97387
      vertex 0.509402 2.14546 1.95855
    endloop
  endfacet
  facet normal -0.0507975 0.0109566 0.998649
    outer loop
      vertex 0.795886 2.05647 1.95855
      vertex 0.730654 1.55625 1.96072
      vertex 1.10763 1.90674 1.97605
    endloop
  endfacet
  facet normal -0.0509859 0.0109811 0.998639
    outer loop
      vertex 0.730654 1.55625 1.96072
      vertex 0.795886 2.05647 1.95855
      vertex 0.691931 1.5738 1.95855
    endloop
  endfacet
  facet normal -0.0633999 0.0245275 0.997687
    outer loop
      vertex 1.10763 1.90674 1.97605
      vertex 0.86 1.48956 1.97057
      vertex 0.929515 1.44634 1.97605
    endloop
  endfacet
  facet normal -0.0633819 0.0245168 0.997688
    outer loop
      vertex 1.10763 1.90674 1.97605
      vertex 0.760736 1.54262 1.96296
      vertex 0.86 1.48956 1.97057
    endloop
  endfacet
  facet normal -0.0632434 0.0243844 0.9977
    outer loop
      vertex 0.760736 1.54262 1.96296
      vertex 1.10763 1.90674 1.97605
      vertex 0.730654 1.55625 1.96072
    endloop
  endfacet
  facet normal -0.433164 -0.878308 -0.202347
    outer loop
      vertex 1.14713 1.88323 1.99354
      vertex 0.83858 2.03943 1.97605
      vertex 1.10763 1.90674 1.97605
    endloop
  endfacet
  facet normal -0.565277 -0.79995 0.201351
    outer loop
      vertex 1.14713 1.88323 1.99354
      vertex 1.10763 1.90674 1.97605
      vertex 1.39212 1.71011 1.99354
    endloop
  endfacet
  facet normal 0.0579022 -0.0353198 -0.997697
    outer loop
      vertex 0.760736 1.54262 1.98912
      vertex 0.83858 2.03943 1.97605
      vertex 0.789971 1.52699 1.99137
    endloop
  endfacet
  facet normal 0.0580445 -0.0353419 -0.997688
    outer loop
      vertex 0.658215 1.58907 1.98151
      vertex 0.83858 2.03943 1.97605
      vertex 0.760736 1.54262 1.98912
    endloop
  endfacet
  facet normal 0.0579262 -0.0352946 -0.997697
    outer loop
      vertex 0.83858 2.03943 1.97605
      vertex 0.658215 1.58907 1.98151
      vertex 0.581716 1.61786 1.97605
    endloop
  endfacet
  facet normal 0.03975 -0.0337694 -0.998639
    outer loop
      vertex 0.789971 1.52699 1.99137
      vertex 1.14713 1.88323 1.99354
      vertex 0.827463 1.50695 1.99354
    endloop
  endfacet
  facet normal 0.0395925 -0.0336115 -0.99865
    outer loop
      vertex 1.14713 1.88323 1.99354
      vertex 0.789971 1.52699 1.99137
      vertex 0.83858 2.03943 1.97605
    endloop
  endfacet
  facet normal -0.0484475 0.0187334 0.99865
    outer loop
      vertex 1.10763 1.90674 1.97605
      vertex 0.965357 1.42312 1.97822
      vertex 1.39212 1.71011 1.99354
    endloop
  endfacet
  facet normal -0.0488041 0.0188382 0.998631
    outer loop
      vertex 1.10763 1.90674 1.97605
      vertex 0.955581 1.43013 1.97761
      vertex 0.965357 1.42312 1.97822
    endloop
  endfacet
  facet normal -0.0481773 0.0186384 0.998665
    outer loop
      vertex 0.955581 1.43013 1.97761
      vertex 1.10763 1.90674 1.97605
      vertex 0.929515 1.44634 1.97605
    endloop
  endfacet
  facet normal -0.058894 0.0342002 0.997678
    outer loop
      vertex 1.39212 1.71011 1.99354
      vertex 1.13407 1.29316 1.9926
      vertex 1.14439 1.28351 1.99354
    endloop
  endfacet
  facet normal -0.0587909 0.0341364 0.997686
    outer loop
      vertex 1.39212 1.71011 1.99354
      vertex 1.04707 1.36457 1.98503
      vertex 1.13407 1.29316 1.9926
    endloop
  endfacet
  facet normal -0.0587312 0.0340766 0.997692
    outer loop
      vertex 1.04707 1.36457 1.98503
      vertex 1.39212 1.71011 1.99354
      vertex 0.965357 1.42312 1.97822
    endloop
  endfacet
  facet normal -0.565236 -0.799891 -0.201699
    outer loop
      vertex 1.42747 1.68072 2.01103
      vertex 1.14713 1.88323 1.99354
      vertex 1.39212 1.71011 1.99354
    endloop
  endfacet
  facet normal -0.683302 -0.701617 0.20207
    outer loop
      vertex 1.42747 1.68072 2.01103
      vertex 1.39212 1.71011 1.99354
      vertex 1.64238 1.47142 2.01103
    endloop
  endfacet
  facet normal 0.0518432 -0.044002 -0.997685
    outer loop
      vertex 0.955581 1.43013 2.00357
      vertex 1.14713 1.88323 1.99354
      vertex 1.019 1.38468 2.00887
    endloop
  endfacet
  facet normal 0.0517788 -0.0439748 -0.99769
    outer loop
      vertex 0.86 1.48956 1.99599
      vertex 1.14713 1.88323 1.99354
      vertex 0.955581 1.43013 2.00357
    endloop
  endfacet
  facet normal 0.0516663 -0.0438929 -0.997699
    outer loop
      vertex 1.14713 1.88323 1.99354
      vertex 0.86 1.48956 1.99599
      vertex 0.827463 1.50695 1.99354
    endloop
  endfacet
  facet normal 0.0341916 -0.0398136 -0.998622
    outer loop
      vertex 1.04707 1.36457 2.01061
      vertex 1.42747 1.68072 2.01103
      vertex 1.05334 1.35942 2.01103
    endloop
  endfacet
  facet normal 0.0337564 -0.0392899 -0.998658
    outer loop
      vertex 1.019 1.38468 2.00887
      vertex 1.42747 1.68072 2.01103
      vertex 1.04707 1.36457 2.01061
    endloop
  endfacet
  facet normal 0.0338395 -0.0394046 -0.99865
    outer loop
      vertex 1.42747 1.68072 2.01103
      vertex 1.019 1.38468 2.00887
      vertex 1.14713 1.88323 1.99354
    endloop
  endfacet
  facet normal -0.0449239 0.0260746 0.99865
    outer loop
      vertex 1.39212 1.71011 1.99354
      vertex 1.17543 1.25443 1.99569
      vertex 1.64238 1.47142 2.01103
    endloop
  endfacet
  facet normal -0.0447997 0.0260155 0.998657
    outer loop
      vertex 1.17543 1.25443 1.99569
      vertex 1.39212 1.71011 1.99354
      vertex 1.14439 1.28351 1.99354
    endloop
  endfacet
  facet normal -0.0527729 0.042948 0.997683
    outer loop
      vertex 1.64238 1.47142 2.01103
      vertex 1.29316 1.13407 2.00708
      vertex 1.33066 1.08839 2.01103
    endloop
  endfacet
  facet normal -0.0526739 0.0428454 0.997692
    outer loop
      vertex 1.64238 1.47142 2.01103
      vertex 1.21622 1.21622 1.99949
      vertex 1.29316 1.13407 2.00708
    endloop
  endfacet
  facet normal -0.0527265 0.0429335 0.997686
    outer loop
      vertex 1.21622 1.21622 1.99949
      vertex 1.64238 1.47142 2.01103
      vertex 1.17543 1.25443 1.99569
    endloop
  endfacet
  facet normal -0.68328 -0.701594 -0.202223
    outer loop
      vertex 1.67269 1.43686 2.02852
      vertex 1.42747 1.68072 2.01103
      vertex 1.64238 1.47142 2.01103
    endloop
  endfacet
  facet normal -0.784686 -0.586262 0.201408
    outer loop
      vertex 1.67269 1.43686 2.02852
      vertex 1.64238 1.47142 2.01103
      vertex 1.85224 1.19654 2.02852
    endloop
  endfacet
  facet normal 0.044159 -0.0514853 -0.997697
    outer loop
      vertex 1.21622 1.21622 2.02565
      vertex 1.42747 1.68072 2.01103
      vertex 1.22317 1.20881 2.02634
    endloop
  endfacet
  facet normal 0.044274 -0.0515373 -0.997689
    outer loop
      vertex 1.13407 1.29316 2.01803
      vertex 1.42747 1.68072 2.01103
      vertex 1.21622 1.21622 2.02565
    endloop
  endfacet
  facet normal 0.0442338 -0.051507 -0.997693
    outer loop
      vertex 1.42747 1.68072 2.01103
      vertex 1.13407 1.29316 2.01803
      vertex 1.05334 1.35942 2.01103
    endloop
  endfacet
  facet normal 0.0273171 -0.0442996 -0.998645
    outer loop
      vertex 1.22317 1.20881 2.02634
      vertex 1.67269 1.43686 2.02852
      vertex 1.25235 1.17766 2.02852
    endloop
  endfacet
  facet normal 0.0272686 -0.044204 -0.99865
    outer loop
      vertex 1.67269 1.43686 2.02852
      vertex 1.22317 1.20881 2.02634
      vertex 1.42747 1.68072 2.01103
    endloop
  endfacet
  facet normal -0.0402939 0.032779 0.99865
    outer loop
      vertex 1.64238 1.47142 2.01103
      vertex 1.35773 1.0554 2.0132
      vertex 1.85224 1.19654 2.02852
    endloop
  endfacet
  facet normal -0.0401921 0.0327094 0.998656
    outer loop
      vertex 1.35773 1.0554 2.0132
      vertex 1.64238 1.47142 2.01103
      vertex 1.33066 1.08839 2.01103
    endloop
  endfacet
  facet normal -0.0453826 0.0506417 0.997685
    outer loop
      vertex 1.85224 1.19654 2.02852
      vertex 1.43013 0.955581 2.02155
      vertex 1.48496 0.867402 2.02852
    endloop
  endfacet
  facet normal -0.0453558 0.0505947 0.997689
    outer loop
      vertex 1.85224 1.19654 2.02852
      vertex 1.36457 1.04707 2.01393
      vertex 1.43013 0.955581 2.02155
    endloop
  endfacet
  facet normal -0.0452576 0.0502721 0.99771
    outer loop
      vertex 1.36457 1.04707 2.01393
      vertex 1.85224 1.19654 2.02852
      vertex 1.35773 1.0554 2.0132
    endloop
  endfacet
  facet normal -0.784603 -0.5862 -0.201911
    outer loop
      vertex 1.87678 1.15767 2.04601
      vertex 1.67269 1.43686 2.02852
      vertex 1.85224 1.19654 2.02852
    endloop
  endfacet
  facet normal -0.866626 -0.456287 0.201893
    outer loop
      vertex 1.87678 1.15767 2.04601
      vertex 1.85224 1.19654 2.02852
      vertex 2.01654 0.892224 2.04601
    endloop
  endfacet
  facet normal 0.0355897 -0.0577727 -0.997695
    outer loop
      vertex 1.36457 1.04707 2.0401
      vertex 1.67269 1.43686 2.02852
      vertex 1.39676 1.00214 2.04385
    endloop
  endfacet
  facet normal 0.035695 -0.0578556 -0.997687
    outer loop
      vertex 1.29316 1.13407 2.0325
      vertex 1.67269 1.43686 2.02852
      vertex 1.36457 1.04707 2.0401
    endloop
  endfacet
  facet normal 0.0356131 -0.0577531 -0.997695
    outer loop
      vertex 1.67269 1.43686 2.02852
      vertex 1.29316 1.13407 2.0325
      vertex 1.25235 1.17766 2.02852
    endloop
  endfacet
  facet normal 0.0200513 -0.0480161 -0.998645
    outer loop
      vertex 1.39676 1.00214 2.04385
      vertex 1.87678 1.15767 2.04601
      vertex 1.42154 0.967564 2.04601
    endloop
  endfacet
  facet normal 0.0200218 -0.0479249 -0.99865
    outer loop
      vertex 1.87678 1.15767 2.04601
      vertex 1.39676 1.00214 2.04385
      vertex 1.67269 1.43686 2.02852
    endloop
  endfacet
  facet normal -0.0346649 0.03868 0.99865
    outer loop
      vertex 1.85224 1.19654 2.02852
      vertex 1.50556 0.830079 2.03068
      vertex 2.01654 0.892224 2.04601
    endloop
  endfacet
  facet normal -0.0347931 0.0388013 0.998641
    outer loop
      vertex 1.85224 1.19654 2.02852
      vertex 1.48956 0.86 2.02896
      vertex 1.50556 0.830079 2.03068
    endloop
  endfacet
  facet normal -0.0341703 0.0381301 0.998688
    outer loop
      vertex 1.48956 0.86 2.02896
      vertex 1.85224 1.19654 2.02852
      vertex 1.48496 0.867402 2.02852
    endloop
  endfacet
  facet normal -0.0369582 0.057195 0.997679
    outer loop
      vertex 2.01654 0.892224 2.04601
      vertex 1.58907 0.658215 2.04359
      vertex 1.60185 0.62426 2.04601
    endloop
  endfacet
  facet normal -0.0368816 0.057055 0.99769
    outer loop
      vertex 2.01654 0.892224 2.04601
      vertex 1.54262 0.760736 2.03601
      vertex 1.58907 0.658215 2.04359
    endloop
  endfacet
  facet normal -0.0368626 0.056986 0.997694
    outer loop
      vertex 1.54262 0.760736 2.03601
      vertex 2.01654 0.892224 2.04601
      vertex 1.50556 0.830079 2.03068
    endloop
  endfacet
  facet normal -0.866631 -0.45629 -0.201867
    outer loop
      vertex 2.0347 0.849995 2.0635
      vertex 1.87678 1.15767 2.04601
      vertex 2.01654 0.892224 2.04601
    endloop
  endfacet
  facet normal -0.927319 -0.31519 0.201827
    outer loop
      vertex 2.0347 0.849995 2.0635
      vertex 2.01654 0.892224 2.04601
      vertex 2.13124 0.565965 2.0635
    endloop
  endfacet
  facet normal 0.0261649 -0.0626595 -0.997692
    outer loop
      vertex 1.48956 0.86 2.05455
      vertex 1.87678 1.15767 2.04601
      vertex 1.53667 0.771877 2.06132
    endloop
  endfacet
  facet normal 0.0261568 -0.062649 -0.997693
    outer loop
      vertex 1.43013 0.955581 2.04699
      vertex 1.87678 1.15767 2.04601
      vertex 1.48956 0.86 2.05455
    endloop
  endfacet
  facet normal 0.0262229 -0.0627951 -0.997682
    outer loop
      vertex 1.87678 1.15767 2.04601
      vertex 1.43013 0.955581 2.04699
      vertex 1.42154 0.967564 2.04601
    endloop
  endfacet
  facet normal 0.0122946 -0.0505498 -0.998646
    outer loop
      vertex 1.54262 0.760736 2.06196
      vertex 2.0347 0.849995 2.0635
      vertex 1.55504 0.733333 2.0635
    endloop
  endfacet
  facet normal 0.0123361 -0.0507787 -0.998634
    outer loop
      vertex 1.53667 0.771877 2.06132
      vertex 2.0347 0.849995 2.0635
      vertex 1.54262 0.760736 2.06196
    endloop
  endfacet
  facet normal 0.0122866 -0.0504626 -0.99865
    outer loop
      vertex 2.0347 0.849995 2.0635
      vertex 1.53667 0.771877 2.06132
      vertex 1.87678 1.15767 2.04601
    endloop
  endfacet
  facet normal -0.0281911 0.0436245 0.99865
    outer loop
      vertex 2.01654 0.892224 2.04601
      vertex 1.61683 0.584476 2.04817
      vertex 2.13124 0.565965 2.0635
    endloop
  endfacet
  facet normal -0.0281795 0.0436094 0.998651
    outer loop
      vertex 1.61683 0.584476 2.04817
      vertex 2.01654 0.892224 2.04601
      vertex 1.60185 0.62426 2.04601
    endloop
  endfacet
  facet normal -0.0275097 0.0621538 0.997687
    outer loop
      vertex 2.13124 0.565965 2.0635
      vertex 1.66139 0.445168 2.05807
      vertex 1.67981 0.366159 2.0635
    endloop
  endfacet
  facet normal -0.0275079 0.0621469 0.997688
    outer loop
      vertex 2.13124 0.565965 2.0635
      vertex 1.62872 0.552876 2.05046
      vertex 1.66139 0.445168 2.05807
    endloop
  endfacet
  facet normal -0.0275032 0.0619532 0.9977
    outer loop
      vertex 1.62872 0.552876 2.05046
      vertex 2.13124 0.565965 2.0635
      vertex 1.61683 0.584476 2.04817
    endloop
  endfacet
  facet normal -0.927267 -0.315172 -0.202097
    outer loop
      vertex 2.14257 0.521416 2.08099
      vertex 2.0347 0.849995 2.0635
      vertex 2.13124 0.565965 2.0635
    endloop
  endfacet
  facet normal -0.965234 -0.166319 0.201645
    outer loop
      vertex 2.14257 0.521416 2.08099
      vertex 2.13124 0.565965 2.0635
      vertex 2.19351 0.225785 2.08099
    endloop
  endfacet
  facet normal 0.0161884 -0.0661744 -0.997677
    outer loop
      vertex 1.62872 0.552876 2.07662
      vertex 2.0347 0.849995 2.0635
      vertex 1.63813 0.521859 2.07883
    endloop
  endfacet
  facet normal 0.0160238 -0.0659503 -0.997694
    outer loop
      vertex 1.58907 0.658215 2.06902
      vertex 2.0347 0.849995 2.0635
      vertex 1.62872 0.552876 2.07662
    endloop
  endfacet
  facet normal 0.0160617 -0.0660382 -0.997688
    outer loop
      vertex 2.0347 0.849995 2.0635
      vertex 1.58907 0.658215 2.06902
      vertex 1.55504 0.733333 2.0635
    endloop
  endfacet
  facet normal 0.00423077 -0.0517386 -0.998652
    outer loop
      vertex 1.63813 0.521859 2.07883
      vertex 2.14257 0.521416 2.08099
      vertex 1.65047 0.481176 2.08099
    endloop
  endfacet
  facet normal 0.00423073 -0.0517684 -0.99865
    outer loop
      vertex 2.14257 0.521416 2.08099
      vertex 1.63813 0.521859 2.07883
      vertex 2.0347 0.849995 2.0635
    endloop
  endfacet
  facet normal -0.0210323 0.0474946 0.99865
    outer loop
      vertex 2.13124 0.565965 2.0635
      vertex 1.68879 0.324405 2.06567
      vertex 2.19351 0.225785 2.08099
    endloop
  endfacet
  facet normal -0.0210756 0.0475739 0.998645
    outer loop
      vertex 2.13124 0.565965 2.0635
      vertex 1.68695 0.335555 2.0651
      vertex 1.68879 0.324405 2.06567
    endloop
  endfacet
  facet normal -0.0209459 0.047324 0.99866
    outer loop
      vertex 1.68695 0.335555 2.0651
      vertex 2.13124 0.565965 2.0635
      vertex 1.67981 0.366159 2.0635
    endloop
  endfacet
  facet normal -0.017476 0.0657721 0.997682
    outer loop
      vertex 2.19351 0.225785 2.08099
      vertex 1.71632 0.112493 2.0801
      vertex 1.71676 0.0991097 2.08099
    endloop
  endfacet
  facet normal -0.01744 0.0656203 0.997692
    outer loop
      vertex 2.19351 0.225785 2.08099
      vertex 1.70529 0.224504 2.07254
      vertex 1.71632 0.112493 2.0801
    endloop
  endfacet
  facet normal -0.0174402 0.0657284 0.997685
    outer loop
      vertex 1.70529 0.224504 2.07254
      vertex 2.19351 0.225785 2.08099
      vertex 1.68879 0.324405 2.06567
    endloop
  endfacet
  facet normal -0.965199 -0.166313 -0.201821
    outer loop
      vertex 2.19774 0.180012 2.09848
      vertex 2.14257 0.521416 2.08099
      vertex 2.19351 0.225785 2.08099
    endloop
  endfacet
  facet normal -0.979331 -0.0133861 0.201821
    outer loop
      vertex 2.19774 0.180012 2.09848
      vertex 2.19351 0.225785 2.08099
      vertex 2.20184 -0.119946 2.09848
    endloop
  endfacet
  facet normal 0.00557199 -0.0677678 -0.997686
    outer loop
      vertex 1.68695 0.335555 2.09107
      vertex 2.14257 0.521416 2.08099
      vertex 1.69954 0.259299 2.09632
    endloop
  endfacet
  facet normal 0.00554419 -0.0676998 -0.99769
    outer loop
      vertex 1.66139 0.445168 2.08349
      vertex 2.14257 0.521416 2.08099
      vertex 1.68695 0.335555 2.09107
    endloop
  endfacet
  facet normal 0.00552721 -0.067593 -0.997698
    outer loop
      vertex 2.14257 0.521416 2.08099
      vertex 1.66139 0.445168 2.08349
      vertex 1.65047 0.481176 2.08099
    endloop
  endfacet
  facet normal -0.00393403 -0.0520722 -0.998636
    outer loop
      vertex 1.70529 0.224504 2.0981
      vertex 2.19774 0.180012 2.09848
      vertex 1.70601 0.217162 2.09848
    endloop
  endfacet
  facet normal -0.00390337 -0.0517329 -0.998653
    outer loop
      vertex 1.69954 0.259299 2.09632
      vertex 2.19774 0.180012 2.09848
      vertex 1.70529 0.224504 2.0981
    endloop
  endfacet
  facet normal -0.00391291 -0.0517928 -0.99865
    outer loop
      vertex 2.19774 0.180012 2.09848
      vertex 1.69954 0.259299 2.09632
      vertex 2.14257 0.521416 2.08099
    endloop
  endfacet
  facet normal -0.0133504 0.0501985 0.99865
    outer loop
      vertex 2.19351 0.225785 2.08099
      vertex 1.71815 0.0565901 2.08314
      vertex 2.20184 -0.119946 2.09848
    endloop
  endfacet
  facet normal -0.0133018 0.0500622 0.998658
    outer loop
      vertex 1.71815 0.0565901 2.08314
      vertex 2.19351 0.225785 2.08099
      vertex 1.71676 0.0991097 2.08099
    endloop
  endfacet
  facet normal -0.00695096 0.0676484 0.997685
    outer loop
      vertex 2.20184 -0.119946 2.09848
      vertex 1.71815 0.0565901 2.08314
      vertex 1.72 0 2.08699
    endloop
  endfacet
  facet normal -0.00697726 0.0675434 0.997692
    outer loop
      vertex 1.71632 -0.112493 2.09458
      vertex 2.20184 -0.119946 2.09848
      vertex 1.72 0 2.08699
    endloop
  endfacet
  facet normal -0.00697519 0.0676731 0.997683
    outer loop
      vertex 2.20184 -0.119946 2.09848
      vertex 1.71632 -0.112493 2.09458
      vertex 1.7106 -0.170579 2.09848
    endloop
  endfacet
  facet normal -0.979302 -0.0133857 -0.201964
    outer loop
      vertex 2.19886 -0.165818 2.11597
      vertex 2.19774 0.180012 2.09848
      vertex 2.20184 -0.119946 2.09848
    endloop
  endfacet
  facet normal -0.969392 0.139902 0.201761
    outer loop
      vertex 2.20184 -0.119946 2.09848
      vertex 2.15601 -0.462729 2.11597
      vertex 2.19886 -0.165818 2.11597
    endloop
  endfacet
  facet normal -0.00513145 -0.067688 -0.997693
    outer loop
      vertex 2.19774 0.180012 2.09848
      vertex 1.71969 -0.00940983 2.11379
      vertex 1.72 0 2.11315
    endloop
  endfacet
  facet normal -0.00510868 -0.0677482 -0.997689
    outer loop
      vertex 1.71632 0.112493 2.10553
      vertex 2.19774 0.180012 2.09848
      vertex 1.72 0 2.11315
    endloop
  endfacet
  facet normal -0.00511498 -0.0677036 -0.997692
    outer loop
      vertex 2.19774 0.180012 2.09848
      vertex 1.71632 0.112493 2.10553
      vertex 1.70601 0.217162 2.09848
    endloop
  endfacet
  facet normal -0.0119551 -0.0505444 -0.99865
    outer loop
      vertex 2.19886 -0.165818 2.11597
      vertex 1.71969 -0.00940983 2.11379
      vertex 2.19774 0.180012 2.09848
    endloop
  endfacet
  facet normal -0.0119818 -0.0506262 -0.998646
    outer loop
      vertex 1.71969 -0.00940983 2.11379
      vertex 2.19886 -0.165818 2.11597
      vertex 1.71829 -0.0520809 2.11597
    endloop
  endfacet
  facet normal -0.00531428 0.051559 0.998656
    outer loop
      vertex 1.70641 -0.213042 2.10065
      vertex 2.20184 -0.119946 2.09848
      vertex 1.7106 -0.170579 2.09848
    endloop
  endfacet
  facet normal -0.00533477 0.0516679 0.99865
    outer loop
      vertex 2.20184 -0.119946 2.09848
      vertex 1.70641 -0.213042 2.10065
      vertex 2.15601 -0.462729 2.11597
    endloop
  endfacet
  facet normal 0.00397647 0.068373 0.997652
    outer loop
      vertex 1.70529 -0.224504 2.10144
      vertex 2.15601 -0.462729 2.11597
      vertex 1.70641 -0.213042 2.10065
    endloop
  endfacet
  facet normal 0.00369772 0.0678479 0.997689
    outer loop
      vertex 1.68695 -0.335555 2.10906
      vertex 2.15601 -0.462729 2.11597
      vertex 1.70529 -0.224504 2.10144
    endloop
  endfacet
  facet normal 0.003684 0.0677974 0.997692
    outer loop
      vertex 2.15601 -0.462729 2.11597
      vertex 1.68695 -0.335555 2.10906
      vertex 1.66354 -0.435969 2.11597
    endloop
  endfacet
  facet normal -0.969302 0.139889 -0.202197
    outer loop
      vertex 2.15601 -0.462729 2.11597
      vertex 2.14589 -0.507571 2.13346
      vertex 2.19886 -0.165818 2.11597
    endloop
  endfacet
  facet normal -0.93563 0.289772 0.201566
    outer loop
      vertex 2.15601 -0.462729 2.11597
      vertex 2.05714 -0.794131 2.13346
      vertex 2.14589 -0.507571 2.13346
    endloop
  endfacet
  facet normal -0.0156309 -0.066045 -0.997694
    outer loop
      vertex 2.19886 -0.165818 2.11597
      vertex 1.71632 -0.112493 2.12
      vertex 1.71829 -0.0520809 2.11597
    endloop
  endfacet
  facet normal -0.0156428 -0.0661531 -0.997687
    outer loop
      vertex 2.19886 -0.165818 2.11597
      vertex 1.70529 -0.224504 2.1276
      vertex 1.71632 -0.112493 2.12
    endloop
  endfacet
  facet normal -0.0156602 -0.0660087 -0.997696
    outer loop
      vertex 1.70529 -0.224504 2.1276
      vertex 2.19886 -0.165818 2.11597
      vertex 1.6964 -0.278319 2.1313
    endloop
  endfacet
  facet normal -0.0197095 -0.0480534 -0.99865
    outer loop
      vertex 2.14589 -0.507571 2.13346
      vertex 1.6964 -0.278319 2.1313
      vertex 2.19886 -0.165818 2.11597
    endloop
  endfacet
  facet normal -0.0197547 -0.0481418 -0.998645
    outer loop
      vertex 1.6964 -0.278319 2.1313
      vertex 2.14589 -0.507571 2.13346
      vertex 1.68947 -0.320282 2.13346
    endloop
  endfacet
  facet normal 0.00279607 0.0514568 0.998671
    outer loop
      vertex 1.66139 -0.445168 2.11645
      vertex 2.15601 -0.462729 2.11597
      vertex 1.66354 -0.435969 2.11597
    endloop
  endfacet
  facet normal 0.00281382 0.0519572 0.998645
    outer loop
      vertex 1.65176 -0.476937 2.11813
      vertex 2.15601 -0.462729 2.11597
      vertex 1.66139 -0.445168 2.11645
    endloop
  endfacet
  facet normal 0.00281645 0.0518643 0.99865
    outer loop
      vertex 2.15601 -0.462729 2.11597
      vertex 1.65176 -0.476937 2.11813
      vertex 2.05714 -0.794131 2.13346
    endloop
  endfacet
  facet normal 0.0142881 0.0664787 0.997686
    outer loop
      vertex 1.62872 -0.552876 2.12352
      vertex 2.05714 -0.794131 2.13346
      vertex 1.65176 -0.476937 2.11813
    endloop
  endfacet
  facet normal 0.014214 0.0663474 0.997695
    outer loop
      vertex 1.58907 -0.658215 2.13109
      vertex 2.05714 -0.794131 2.13346
      vertex 1.62872 -0.552876 2.12352
    endloop
  endfacet
  facet normal 0.0142768 0.0665635 0.99768
    outer loop
      vertex 2.05714 -0.794131 2.13346
      vertex 1.58907 -0.658215 2.13109
      vertex 1.5744 -0.690591 2.13346
    endloop
  endfacet
  facet normal -0.935582 0.289757 -0.201809
    outer loop
      vertex 2.05714 -0.794131 2.13346
      vertex 2.04014 -0.83684 2.15095
      vertex 2.14589 -0.507571 2.13346
    endloop
  endfacet
  facet normal -0.878761 0.432459 0.201884
    outer loop
      vertex 2.05714 -0.794131 2.13346
      vertex 1.90768 -1.106 2.15095
      vertex 2.04014 -0.83684 2.15095
    endloop
  endfacet
  facet normal -0.0258583 -0.0630161 -0.997677
    outer loop
      vertex 2.14589 -0.507571 2.13346
      vertex 1.68695 -0.335555 2.13449
      vertex 1.68947 -0.320282 2.13346
    endloop
  endfacet
  facet normal -0.0257773 -0.0628 -0.997693
    outer loop
      vertex 2.14589 -0.507571 2.13346
      vertex 1.66139 -0.445168 2.14205
      vertex 1.68695 -0.335555 2.13449
    endloop
  endfacet
  facet normal -0.0257916 -0.0629123 -0.997686
    outer loop
      vertex 1.66139 -0.445168 2.14205
      vertex 2.14589 -0.507571 2.13346
      vertex 1.6326 -0.540092 2.14878
    endloop
  endfacet
  facet normal -0.0269948 -0.0443761 -0.99865
    outer loop
      vertex 2.04014 -0.83684 2.15095
      vertex 1.6326 -0.540092 2.14878
      vertex 2.14589 -0.507571 2.13346
    endloop
  endfacet
  facet normal -0.0268576 -0.0441878 -0.998662
    outer loop
      vertex 2.04014 -0.83684 2.15095
      vertex 1.62872 -0.552876 2.14945
      vertex 1.6326 -0.540092 2.14878
    endloop
  endfacet
  facet normal -0.026985 -0.0443723 -0.998651
    outer loop
      vertex 1.62872 -0.552876 2.14945
      vertex 2.04014 -0.83684 2.15095
      vertex 1.61838 -0.580347 2.15095
    endloop
  endfacet
  facet normal 0.010891 0.0507776 0.998651
    outer loop
      vertex 1.55686 -0.72931 2.13562
      vertex 2.05714 -0.794131 2.13346
      vertex 1.5744 -0.690591 2.13346
    endloop
  endfacet
  facet normal 0.010892 0.0507857 0.99865
    outer loop
      vertex 2.05714 -0.794131 2.13346
      vertex 1.55686 -0.72931 2.13562
      vertex 1.90768 -1.106 2.15095
    endloop
  endfacet
  facet normal 0.0245608 0.0634763 0.997681
    outer loop
      vertex 1.54262 -0.760736 2.13797
      vertex 1.90768 -1.106 2.15095
      vertex 1.55686 -0.72931 2.13562
    endloop
  endfacet
  facet normal 0.0244236 0.0633317 0.997694
    outer loop
      vertex 1.48956 -0.86 2.14557
      vertex 1.90768 -1.106 2.15095
      vertex 1.54262 -0.760736 2.13797
    endloop
  endfacet
  facet normal 0.0244674 0.063406 0.997688
    outer loop
      vertex 1.90768 -1.106 2.15095
      vertex 1.48956 -0.86 2.14557
      vertex 1.44711 -0.928273 2.15095
    endloop
  endfacet
  facet normal -0.878733 0.432445 -0.202037
    outer loop
      vertex 1.90768 -1.106 2.15095
      vertex 1.88421 -1.14552 2.16844
      vertex 2.04014 -0.83684 2.15095
    endloop
  endfacet
  facet normal -0.800392 0.564558 0.201609
    outer loop
      vertex 1.90768 -1.106 2.15095
      vertex 1.7113 -1.39066 2.16844
      vertex 1.88421 -1.14552 2.16844
    endloop
  endfacet
  facet normal -0.0353167 -0.0580725 -0.997687
    outer loop
      vertex 2.04014 -0.83684 2.15095
      vertex 1.58907 -0.658215 2.15652
      vertex 1.61838 -0.580347 2.15095
    endloop
  endfacet
  facet normal -0.0353112 -0.0580584 -0.997689
    outer loop
      vertex 2.04014 -0.83684 2.15095
      vertex 1.54262 -0.760736 2.16413
      vertex 1.58907 -0.658215 2.15652
    endloop
  endfacet
  facet normal -0.0352914 -0.0579275 -0.997697
    outer loop
      vertex 1.54262 -0.760736 2.16413
      vertex 2.04014 -0.83684 2.15095
      vertex 1.52769 -0.78867 2.16628
    endloop
  endfacet
  facet normal -0.0335982 -0.039612 -0.99865
    outer loop
      vertex 1.88421 -1.14552 2.16844
      vertex 1.52769 -0.78867 2.16628
      vertex 2.04014 -0.83684 2.15095
    endloop
  endfacet
  facet normal -0.033572 -0.0395857 -0.998652
    outer loop
      vertex 1.52769 -0.78867 2.16628
      vertex 1.88421 -1.14552 2.16844
      vertex 1.50765 -0.826166 2.16844
    endloop
  endfacet
  facet normal 0.0186649 0.0483691 0.998655
    outer loop
      vertex 1.43013 -0.955581 2.15259
      vertex 1.90768 -1.106 2.15095
      vertex 1.44711 -0.928273 2.15095
    endloop
  endfacet
  facet normal 0.0189202 0.0491799 0.998611
    outer loop
      vertex 1.42397 -0.964176 2.15313
      vertex 1.90768 -1.106 2.15095
      vertex 1.43013 -0.955581 2.15259
    endloop
  endfacet
  facet normal 0.0187072 0.0484531 0.99865
    outer loop
      vertex 1.90768 -1.106 2.15095
      vertex 1.42397 -0.964176 2.15313
      vertex 1.7113 -1.39066 2.16844
    endloop
  endfacet
  facet normal 0.0340587 0.0587613 0.997691
    outer loop
      vertex 1.36457 -1.04707 2.16004
      vertex 1.7113 -1.39066 2.16844
      vertex 1.42397 -0.964176 2.15313
    endloop
  endfacet
  facet normal 0.0340473 0.0587498 0.997692
    outer loop
      vertex 1.29316 -1.13407 2.1676
      vertex 1.7113 -1.39066 2.16844
      vertex 1.36457 -1.04707 2.16004
    endloop
  endfacet
  facet normal 0.0340769 0.0587979 0.997688
    outer loop
      vertex 1.7113 -1.39066 2.16844
      vertex 1.29316 -1.13407 2.1676
      vertex 1.28451 -1.14331 2.16844
    endloop
  endfacet
  facet normal -0.800347 0.564526 -0.20188
    outer loop
      vertex 1.7113 -1.39066 2.16844
      vertex 1.68194 -1.42603 2.18593
      vertex 1.88421 -1.14552 2.16844
    endloop
  endfacet
  facet normal -0.702224 0.682733 0.201885
    outer loop
      vertex 1.7113 -1.39066 2.16844
      vertex 1.47282 -1.64112 2.18593
      vertex 1.68194 -1.42603 2.18593
    endloop
  endfacet
  facet normal -0.0438758 -0.0517353 -0.997697
    outer loop
      vertex 1.88421 -1.14552 2.16844
      vertex 1.48956 -0.86 2.17099
      vertex 1.50765 -0.826166 2.16844
    endloop
  endfacet
  facet normal -0.04398 -0.0518795 -0.997684
    outer loop
      vertex 1.88421 -1.14552 2.16844
      vertex 1.43013 -0.955581 2.17858
      vertex 1.48956 -0.86 2.17099
    endloop
  endfacet
  facet normal -0.0439188 -0.0517325 -0.997695
    outer loop
      vertex 1.43013 -0.955581 2.17858
      vertex 1.88421 -1.14552 2.16844
      vertex 1.38553 -1.01781 2.18377
    endloop
  endfacet
  facet normal -0.0393747 -0.0338743 -0.99865
    outer loop
      vertex 1.68194 -1.42603 2.18593
      vertex 1.38553 -1.01781 2.18377
      vertex 1.88421 -1.14552 2.16844
    endloop
  endfacet
  facet normal -0.0394005 -0.0338929 -0.998649
    outer loop
      vertex 1.68194 -1.42603 2.18593
      vertex 1.36457 -1.04707 2.18559
      vertex 1.38553 -1.01781 2.18377
    endloop
  endfacet
  facet normal -0.0392906 -0.0338009 -0.998656
    outer loop
      vertex 1.36457 -1.04707 2.18559
      vertex 1.68194 -1.42603 2.18593
      vertex 1.36035 -1.05221 2.18593
    endloop
  endfacet
  facet normal 0.0260972 0.0450295 0.998645
    outer loop
      vertex 1.25543 -1.17436 2.1706
      vertex 1.7113 -1.39066 2.16844
      vertex 1.28451 -1.14331 2.16844
    endloop
  endfacet
  facet normal 0.0260511 0.0449322 0.99865
    outer loop
      vertex 1.7113 -1.39066 2.16844
      vertex 1.25543 -1.17436 2.1706
      vertex 1.47282 -1.64112 2.18593
    endloop
  endfacet
  facet normal 0.0427449 0.0526759 0.997696
    outer loop
      vertex 1.21622 -1.21622 2.17449
      vertex 1.47282 -1.64112 2.18593
      vertex 1.25543 -1.17436 2.1706
    endloop
  endfacet
  facet normal 0.0428853 0.0527604 0.997686
    outer loop
      vertex 1.13407 -1.29316 2.18209
      vertex 1.47282 -1.64112 2.18593
      vertex 1.21622 -1.21622 2.17449
    endloop
  endfacet
  facet normal 0.042775 0.0526532 0.997696
    outer loop
      vertex 1.47282 -1.64112 2.18593
      vertex 1.13407 -1.29316 2.18209
      vertex 1.08952 -1.32973 2.18593
    endloop
  endfacet
  facet normal -0.702257 0.682765 -0.201659
    outer loop
      vertex 1.47282 -1.64112 2.18593
      vertex 1.43829 -1.67147 2.20342
      vertex 1.68194 -1.42603 2.18593
    endloop
  endfacet
  facet normal -0.586837 0.784093 0.202043
    outer loop
      vertex 1.47282 -1.64112 2.18593
      vertex 1.19812 -1.85122 2.20342
      vertex 1.43829 -1.67147 2.20342
    endloop
  endfacet
  facet normal -0.0514751 -0.044283 -0.997692
    outer loop
      vertex 1.68194 -1.42603 2.18593
      vertex 1.29316 -1.13407 2.19303
      vertex 1.36035 -1.05221 2.18593
    endloop
  endfacet
  facet normal -0.0514968 -0.044312 -0.99769
    outer loop
      vertex 1.68194 -1.42603 2.18593
      vertex 1.21622 -1.21622 2.20065
      vertex 1.29316 -1.13407 2.19303
    endloop
  endfacet
  facet normal -0.0514913 -0.0442997 -0.99769
    outer loop
      vertex 1.21622 -1.21622 2.20065
      vertex 1.68194 -1.42603 2.18593
      vertex 1.20989 -1.22215 2.20124
    endloop
  endfacet
  facet normal -0.0441819 -0.0273039 -0.99865
    outer loop
      vertex 1.43829 -1.67147 2.20342
      vertex 1.20989 -1.22215 2.20124
      vertex 1.68194 -1.42603 2.18593
    endloop
  endfacet
  facet normal -0.0442545 -0.0273408 -0.998646
    outer loop
      vertex 1.20989 -1.22215 2.20124
      vertex 1.43829 -1.67147 2.20342
      vertex 1.17873 -1.25134 2.20342
    endloop
  endfacet
  facet normal 0.0328466 0.0404319 0.998642
    outer loop
      vertex 1.05655 -1.35679 2.18811
      vertex 1.47282 -1.64112 2.18593
      vertex 1.08952 -1.32973 2.18593
    endloop
  endfacet
  facet normal 0.0327585 0.0403029 0.99865
    outer loop
      vertex 1.47282 -1.64112 2.18593
      vertex 1.05655 -1.35679 2.18811
      vertex 1.19812 -1.85122 2.20342
    endloop
  endfacet
  facet normal 0.0502018 0.0452684 0.997713
    outer loop
      vertex 1.04707 -1.36457 2.18894
      vertex 1.19812 -1.85122 2.20342
      vertex 1.05655 -1.35679 2.18811
    endloop
  endfacet
  facet normal 0.0505749 0.0453835 0.997689
    outer loop
      vertex 0.955581 -1.43013 2.19656
      vertex 1.19812 -1.85122 2.20342
      vertex 1.04707 -1.36457 2.18894
    endloop
  endfacet
  facet normal 0.050522 0.0453531 0.997693
    outer loop
      vertex 1.19812 -1.85122 2.20342
      vertex 0.955581 -1.43013 2.19656
      vertex 0.868641 -1.48419 2.20342
    endloop
  endfacet
  facet normal -0.586839 0.784095 -0.202028
    outer loop
      vertex 1.19812 -1.85122 2.20342
      vertex 1.15927 -1.87579 2.22091
      vertex 1.43829 -1.67147 2.20342
    endloop
  endfacet
  facet normal -0.457024 0.866268 0.201764
    outer loop
      vertex 1.19812 -1.85122 2.20342
      vertex 0.893944 -2.01577 2.22091
      vertex 1.15927 -1.87579 2.22091
    endloop
  endfacet
  facet normal -0.0577415 -0.0356732 -0.997694
    outer loop
      vertex 1.43829 -1.67147 2.20342
      vertex 1.13407 -1.29316 2.2075
      vertex 1.17873 -1.25134 2.20342
    endloop
  endfacet
  facet normal -0.057821 -0.0357372 -0.997687
    outer loop
      vertex 1.43829 -1.67147 2.20342
      vertex 1.04707 -1.36457 2.2151
      vertex 1.13407 -1.29316 2.2075
    endloop
  endfacet
  facet normal -0.05785 -0.0357743 -0.997684
    outer loop
      vertex 1.04707 -1.36457 2.2151
      vertex 1.43829 -1.67147 2.20342
      vertex 1.00333 -1.39591 2.21876
    endloop
  endfacet
  facet normal -0.0479198 -0.0200461 -0.99865
    outer loop
      vertex 1.15927 -1.87579 2.22091
      vertex 1.00333 -1.39591 2.21876
      vertex 1.43829 -1.67147 2.20342
    endloop
  endfacet
  facet normal -0.047782 -0.0200013 -0.998658
    outer loop
      vertex 1.00333 -1.39591 2.21876
      vertex 1.15927 -1.87579 2.22091
      vertex 0.968763 -1.42068 2.22091
    endloop
  endfacet
  facet normal 0.0385765 0.0346297 0.998655
    outer loop
      vertex 0.86 -1.48956 2.20394
      vertex 1.19812 -1.85122 2.20342
      vertex 0.868641 -1.48419 2.20342
    endloop
  endfacet
  facet normal 0.0386456 0.0346943 0.998651
    outer loop
      vertex 0.831365 -1.50487 2.20558
      vertex 1.19812 -1.85122 2.20342
      vertex 0.86 -1.48956 2.20394
    endloop
  endfacet
  facet normal 0.0386506 0.0346996 0.99865
    outer loop
      vertex 1.19812 -1.85122 2.20342
      vertex 0.831365 -1.50487 2.20558
      vertex 0.893944 -2.01577 2.22091
    endloop
  endfacet
  facet normal 0.0571049 0.0369311 0.997685
    outer loop
      vertex 0.760736 -1.54262 2.21102
      vertex 0.893944 -2.01577 2.22091
      vertex 0.831365 -1.50487 2.20558
    endloop
  endfacet
  facet normal 0.0570407 0.0369131 0.997689
    outer loop
      vertex 0.658215 -1.58907 2.2186
      vertex 0.893944 -2.01577 2.22091
      vertex 0.760736 -1.54262 2.21102
    endloop
  endfacet
  facet normal 0.0568833 0.0368262 0.997701
    outer loop
      vertex 0.893944 -2.01577 2.22091
      vertex 0.658215 -1.58907 2.2186
      vertex 0.625636 -1.60133 2.22091
    endloop
  endfacet
  facet normal -0.457035 0.86629 -0.201646
    outer loop
      vertex 0.893944 -2.01577 2.22091
      vertex 0.85173 -2.03397 2.2384
      vertex 1.15927 -1.87579 2.22091
    endloop
  endfacet
  facet normal -0.315961 0.927011 0.202037
    outer loop
      vertex 0.893944 -2.01577 2.22091
      vertex 0.567783 -2.13075 2.2384
      vertex 0.85173 -2.03397 2.2384
    endloop
  endfacet
  facet normal -0.0628723 -0.0263181 -0.997675
    outer loop
      vertex 1.15927 -1.87579 2.22091
      vertex 0.955581 -1.43013 2.22199
      vertex 0.968763 -1.42068 2.22091
    endloop
  endfacet
  facet normal -0.0626204 -0.0262029 -0.997693
    outer loop
      vertex 1.15927 -1.87579 2.22091
      vertex 0.86 -1.48956 2.22955
      vertex 0.955581 -1.43013 2.22199
    endloop
  endfacet
  facet normal -0.0627033 -0.0262673 -0.997686
    outer loop
      vertex 0.86 -1.48956 2.22955
      vertex 1.15927 -1.87579 2.22091
      vertex 0.773159 -1.53598 2.23623
    endloop
  endfacet
  facet normal -0.0504607 -0.0123131 -0.99865
    outer loop
      vertex 0.85173 -2.03397 2.2384
      vertex 0.773159 -1.53598 2.23623
      vertex 1.15927 -1.87579 2.22091
    endloop
  endfacet
  facet normal -0.050491 -0.0123179 -0.998649
    outer loop
      vertex 0.85173 -2.03397 2.2384
      vertex 0.760736 -1.54262 2.23694
      vertex 0.773159 -1.53598 2.23623
    endloop
  endfacet
  facet normal -0.0503587 -0.0122934 -0.998656
    outer loop
      vertex 0.760736 -1.54262 2.23694
      vertex 0.85173 -2.03397 2.2384
      vertex 0.734666 -1.55443 2.2384
    endloop
  endfacet
  facet normal 0.0435959 0.028224 0.99865
    outer loop
      vertex 0.585855 -1.61631 2.22307
      vertex 0.893944 -2.01577 2.22091
      vertex 0.625636 -1.60133 2.22091
    endloop
  endfacet
  facet normal 0.0436005 0.0282275 0.99865
    outer loop
      vertex 0.893944 -2.01577 2.22091
      vertex 0.585855 -1.61631 2.22307
      vertex 0.567783 -2.13075 2.2384
    endloop
  endfacet
  facet normal 0.0622401 0.0275438 0.997681
    outer loop
      vertex 0.552876 -1.62872 2.22547
      vertex 0.567783 -2.13075 2.2384
      vertex 0.585855 -1.61631 2.22307
    endloop
  endfacet
  facet normal 0.0620454 0.0275384 0.997693
    outer loop
      vertex 0.445168 -1.66139 2.23307
      vertex 0.567783 -2.13075 2.2384
      vertex 0.552876 -1.62872 2.22547
    endloop
  endfacet
  facet normal 0.0621156 0.0275566 0.997688
    outer loop
      vertex 0.567783 -2.13075 2.2384
      vertex 0.445168 -1.66139 2.23307
      vertex 0.367584 -1.67948 2.2384
    endloop
  endfacet
  facet normal -0.315965 0.927024 -0.201973
    outer loop
      vertex 0.567783 -2.13075 2.2384
      vertex 0.523244 -2.14212 2.25589
      vertex 0.85173 -2.03397 2.2384
    endloop
  endfacet
  facet normal -0.167166 0.965079 0.201689
    outer loop
      vertex 0.567783 -2.13075 2.2384
      vertex 0.227657 -2.19332 2.25589
      vertex 0.523244 -2.14212 2.25589
    endloop
  endfacet
  facet normal -0.0660368 -0.0161207 -0.997687
    outer loop
      vertex 0.85173 -2.03397 2.2384
      vertex 0.658215 -1.58907 2.24402
      vertex 0.734666 -1.55443 2.2384
    endloop
  endfacet
  facet normal -0.0660121 -0.01611 -0.997689
    outer loop
      vertex 0.85173 -2.03397 2.2384
      vertex 0.552876 -1.62872 2.25163
      vertex 0.658215 -1.58907 2.24402
    endloop
  endfacet
  facet normal -0.0659075 -0.0160325 -0.997697
    outer loop
      vertex 0.552876 -1.62872 2.25163
      vertex 0.85173 -2.03397 2.2384
      vertex 0.523271 -1.6377 2.25373
    endloop
  endfacet
  facet normal -0.0517654 -0.00427359 -0.99865
    outer loop
      vertex 0.523244 -2.14212 2.25589
      vertex 0.523271 -1.6377 2.25373
      vertex 0.85173 -2.03397 2.2384
    endloop
  endfacet
  facet normal -0.051718 -0.00427361 -0.998653
    outer loop
      vertex 0.523271 -1.6377 2.25373
      vertex 0.523244 -2.14212 2.25589
      vertex 0.482582 -1.65004 2.25589
    endloop
  endfacet
  facet normal 0.0474701 0.0210594 0.998651
    outer loop
      vertex 0.335555 -1.68695 2.24008
      vertex 0.567783 -2.13075 2.2384
      vertex 0.367584 -1.67948 2.2384
    endloop
  endfacet
  facet normal 0.0478824 0.0212752 0.998626
    outer loop
      vertex 0.325838 -1.68855 2.24058
      vertex 0.567783 -2.13075 2.2384
      vertex 0.335555 -1.68695 2.24008
    endloop
  endfacet
  facet normal 0.0474795 0.0210546 0.99865
    outer loop
      vertex 0.567783 -2.13075 2.2384
      vertex 0.325838 -1.68855 2.24058
      vertex 0.227657 -2.19332 2.25589
    endloop
  endfacet
  facet normal 0.0656352 0.0174941 0.99769
    outer loop
      vertex 0.224504 -1.70529 2.24754
      vertex 0.227657 -2.19332 2.25589
      vertex 0.325838 -1.68855 2.24058
    endloop
  endfacet
  facet normal 0.0656149 0.017494 0.997692
    outer loop
      vertex 0.112493 -1.71632 2.2551
      vertex 0.227657 -2.19332 2.25589
      vertex 0.224504 -1.70529 2.24754
    endloop
  endfacet
  facet normal 0.0656104 0.0174929 0.997692
    outer loop
      vertex 0.227657 -2.19332 2.25589
      vertex 0.112493 -1.71632 2.2551
      vertex 0.100584 -1.71671 2.25589
    endloop
  endfacet
  facet normal -0.167161 0.96505 -0.201831
    outer loop
      vertex 0.227657 -2.19332 2.25589
      vertex 0.181888 -2.19759 2.27338
      vertex 0.523244 -2.14212 2.25589
    endloop
  endfacet
  facet normal -0.0142019 0.979299 0.201921
    outer loop
      vertex 0.227657 -2.19332 2.25589
      vertex -0.118068 -2.20194 2.27338
      vertex 0.181888 -2.19759 2.27338
    endloop
  endfacet
  facet normal -0.0678959 -0.00561044 -0.997677
    outer loop
      vertex 0.523244 -2.14212 2.25589
      vertex 0.445168 -1.66139 2.2585
      vertex 0.482582 -1.65004 2.25589
    endloop
  endfacet
  facet normal -0.0676922 -0.00557727 -0.997691
    outer loop
      vertex 0.523244 -2.14212 2.25589
      vertex 0.335555 -1.68695 2.26608
      vertex 0.445168 -1.66139 2.2585
    endloop
  endfacet
  facet normal -0.0676273 -0.00555043 -0.997695
    outer loop
      vertex 0.335555 -1.68695 2.26608
      vertex 0.523244 -2.14212 2.25589
      vertex 0.260739 -1.6993 2.27122
    endloop
  endfacet
  facet normal -0.0517961 0.00386741 -0.99865
    outer loop
      vertex 0.181888 -2.19759 2.27338
      vertex 0.260739 -1.6993 2.27122
      vertex 0.523244 -2.14212 2.25589
    endloop
  endfacet
  facet normal -0.0519042 0.00388453 -0.998645
    outer loop
      vertex 0.260739 -1.6993 2.27122
      vertex 0.181888 -2.19759 2.27338
      vertex 0.224504 -1.70529 2.27308
    endloop
  endfacet
  facet normal -0.0512434 0.00382731 -0.998679
    outer loop
      vertex 0.224504 -1.70529 2.27308
      vertex 0.181888 -2.19759 2.27338
      vertex 0.218614 -1.70587 2.27338
    endloop
  endfacet
  facet normal 0.0502821 0.0134061 0.998645
    outer loop
      vertex 0.0580552 -1.7181 2.25805
      vertex 0.227657 -2.19332 2.25589
      vertex 0.100584 -1.71671 2.25589
    endloop
  endfacet
  facet normal 0.0501876 0.0133724 0.99865
    outer loop
      vertex 0.227657 -2.19332 2.25589
      vertex 0.0580552 -1.7181 2.25805
      vertex -0.118068 -2.20194 2.27338
    endloop
  endfacet
  facet normal 0.0674794 0.00704776 0.997696
    outer loop
      vertex 0 -1.72 2.26199
      vertex -0.118068 -2.20194 2.27338
      vertex 0.0580552 -1.7181 2.25805
    endloop
  endfacet
  facet normal 0.0676327 0.00700996 0.997686
    outer loop
      vertex -0.112493 -1.71632 2.26959
      vertex -0.118068 -2.20194 2.27338
      vertex 0 -1.72 2.26199
    endloop
  endfacet
  facet normal 0.067466 0.00701196 0.997697
    outer loop
      vertex -0.118068 -2.20194 2.27338
      vertex -0.112493 -1.71632 2.26959
      vertex -0.16912 -1.71074 2.27338
    endloop
  endfacet
  facet normal -0.0142021 0.97931 -0.201868
    outer loop
      vertex -0.118068 -2.20194 2.27338
      vertex -0.163942 -2.199 2.29087
      vertex 0.181888 -2.19759 2.27338
    endloop
  endfacet
  facet normal 0.139083 0.969495 0.201829
    outer loop
      vertex -0.118068 -2.20194 2.27338
      vertex -0.46089 -2.1564 2.29087
      vertex -0.163942 -2.199 2.29087
    endloop
  endfacet
  facet normal -0.0678127 0.00506485 -0.997685
    outer loop
      vertex 0.181888 -2.19759 2.27338
      vertex 0.112493 -1.71632 2.28054
      vertex 0.218614 -1.70587 2.27338
    endloop
  endfacet
  facet normal -0.067747 0.00507439 -0.99769
    outer loop
      vertex 0.181888 -2.19759 2.27338
      vertex 0 -1.72 2.28816
      vertex 0.112493 -1.71632 2.28054
    endloop
  endfacet
  facet normal -0.0678068 0.0050515 -0.997686
    outer loop
      vertex 0 -1.72 2.28816
      vertex 0.181888 -2.19759 2.27338
      vertex -0.007926 -1.71974 2.2887
    endloop
  endfacet
  facet normal -0.0505544 0.0119355 -0.99865
    outer loop
      vertex -0.163942 -2.199 2.29087
      vertex -0.007926 -1.71974 2.2887
      vertex 0.181888 -2.19759 2.27338
    endloop
  endfacet
  facet normal -0.0503744 0.0118769 -0.99866
    outer loop
      vertex -0.007926 -1.71974 2.2887
      vertex -0.163942 -2.199 2.29087
      vertex -0.0506156 -1.71834 2.29087
    endloop
  endfacet
  facet normal 0.0518188 0.00538569 0.998642
    outer loop
      vertex -0.211567 -1.70656 2.27556
      vertex -0.118068 -2.20194 2.27338
      vertex -0.16912 -1.71074 2.27338
    endloop
  endfacet
  facet normal 0.0516603 0.00535575 0.99865
    outer loop
      vertex -0.118068 -2.20194 2.27338
      vertex -0.211567 -1.70656 2.27556
      vertex -0.46089 -2.1564 2.29087
    endloop
  endfacet
  facet normal 0.0675257 -0.00346955 0.997712
    outer loop
      vertex -0.224504 -1.70529 2.27644
      vertex -0.46089 -2.1564 2.29087
      vertex -0.211567 -1.70656 2.27556
    endloop
  endfacet
  facet normal 0.0678567 -0.00364377 0.997688
    outer loop
      vertex -0.335555 -1.68695 2.28406
      vertex -0.46089 -2.1564 2.29087
      vertex -0.224504 -1.70529 2.27644
    endloop
  endfacet
  facet normal 0.0677894 -0.00362572 0.997693
    outer loop
      vertex -0.46089 -2.1564 2.29087
      vertex -0.335555 -1.68695 2.28406
      vertex -0.434547 -1.66387 2.29087
    endloop
  endfacet
  facet normal 0.139076 0.969443 -0.202083
    outer loop
      vertex -0.46089 -2.1564 2.29087
      vertex -0.50574 -2.14632 2.30836
      vertex -0.163942 -2.199 2.29087
    endloop
  endfacet
  facet normal 0.288955 0.935875 0.201602
    outer loop
      vertex -0.46089 -2.1564 2.29087
      vertex -0.792376 -2.05782 2.30836
      vertex -0.50574 -2.14632 2.30836
    endloop
  endfacet
  facet normal -0.0662415 0.0156179 -0.997681
    outer loop
      vertex -0.163942 -2.199 2.29087
      vertex -0.112493 -1.71632 2.29501
      vertex -0.0506156 -1.71834 2.29087
    endloop
  endfacet
  facet normal -0.0660688 0.0155996 -0.997693
    outer loop
      vertex -0.163942 -2.199 2.29087
      vertex -0.224504 -1.70529 2.3026
      vertex -0.112493 -1.71632 2.29501
    endloop
  endfacet
  facet normal -0.0662042 0.0155828 -0.997684
    outer loop
      vertex -0.224504 -1.70529 2.3026
      vertex -0.163942 -2.199 2.29087
      vertex -0.27687 -1.69664 2.30621
    endloop
  endfacet
  facet normal -0.0480668 0.0196895 -0.99865
    outer loop
      vertex -0.50574 -2.14632 2.30836
      vertex -0.27687 -1.69664 2.30621
      vertex -0.163942 -2.199 2.29087
    endloop
  endfacet
  facet normal -0.0479333 0.0196215 -0.998658
    outer loop
      vertex -0.27687 -1.69664 2.30621
      vertex -0.50574 -2.14632 2.30836
      vertex -0.318827 -1.68971 2.30836
    endloop
  endfacet
  facet normal 0.0520047 -0.00278148 0.998643
    outer loop
      vertex -0.445168 -1.66139 2.29143
      vertex -0.46089 -2.1564 2.29087
      vertex -0.434547 -1.66387 2.29087
    endloop
  endfacet
  facet normal 0.0520912 -0.00278422 0.998638
    outer loop
      vertex -0.475541 -1.65218 2.29304
      vertex -0.46089 -2.1564 2.29087
      vertex -0.445168 -1.66139 2.29143
    endloop
  endfacet
  facet normal 0.0518612 -0.00279095 0.99865
    outer loop
      vertex -0.46089 -2.1564 2.29087
      vertex -0.475541 -1.65218 2.29304
      vertex -0.792376 -2.05782 2.30836
    endloop
  endfacet
  facet normal 0.0663956 -0.0141796 0.997693
    outer loop
      vertex -0.552876 -1.62872 2.29852
      vertex -0.792376 -2.05782 2.30836
      vertex -0.475541 -1.65218 2.29304
    endloop
  endfacet
  facet normal 0.0664443 -0.0142069 0.997689
    outer loop
      vertex -0.658215 -1.58907 2.3061
      vertex -0.792376 -2.05782 2.30836
      vertex -0.552876 -1.62872 2.29852
    endloop
  endfacet
  facet normal 0.0662398 -0.0141482 0.997703
    outer loop
      vertex -0.792376 -2.05782 2.30836
      vertex -0.658215 -1.58907 2.3061
      vertex -0.689252 -1.57501 2.30836
    endloop
  endfacet
  facet normal 0.288957 0.935882 -0.201568
    outer loop
      vertex -0.792376 -2.05782 2.30836
      vertex -0.835099 -2.04086 2.32586
      vertex -0.50574 -2.14632 2.30836
    endloop
  endfacet
  facet normal 0.431726 0.879093 0.202012
    outer loop
      vertex -0.792376 -2.05782 2.30836
      vertex -1.10437 -1.90862 2.32586
      vertex -0.835099 -2.04086 2.32586
    endloop
  endfacet
  facet normal -0.0631303 0.0258423 -0.997671
    outer loop
      vertex -0.50574 -2.14632 2.30836
      vertex -0.335555 -1.68695 2.30949
      vertex -0.318827 -1.68971 2.30836
    endloop
  endfacet
  facet normal -0.0628957 0.0257555 -0.997688
    outer loop
      vertex -0.50574 -2.14632 2.30836
      vertex -0.445168 -1.66139 2.31706
      vertex -0.335555 -1.68695 2.30949
    endloop
  endfacet
  facet normal -0.0628053 0.0257443 -0.997694
    outer loop
      vertex -0.445168 -1.66139 2.31706
      vertex -0.50574 -2.14632 2.30836
      vertex -0.538701 -1.63302 2.32368
    endloop
  endfacet
  facet normal -0.0444315 0.0269526 -0.998649
    outer loop
      vertex -0.835099 -2.04086 2.32586
      vertex -0.538701 -1.63302 2.32368
      vertex -0.50574 -2.14632 2.30836
    endloop
  endfacet
  facet normal -0.0446202 0.0270898 -0.998637
    outer loop
      vertex -0.538701 -1.63302 2.32368
      vertex -0.835099 -2.04086 2.32586
      vertex -0.552876 -1.62872 2.32443
    endloop
  endfacet
  facet normal -0.0445302 0.0270282 -0.998642
    outer loop
      vertex -0.552876 -1.62872 2.32443
      vertex -0.835099 -2.04086 2.32586
      vertex -0.578979 -1.61889 2.32586
    endloop
  endfacet
  facet normal 0.0508011 -0.0108507 0.99865
    outer loop
      vertex -0.727967 -1.55747 2.31052
      vertex -0.792376 -2.05782 2.30836
      vertex -0.689252 -1.57501 2.30836
    endloop
  endfacet
  facet normal 0.0508246 -0.0108537 0.998649
    outer loop
      vertex -0.792376 -2.05782 2.30836
      vertex -0.727967 -1.55747 2.31052
      vertex -1.10437 -1.90862 2.32586
    endloop
  endfacet
  facet normal 0.0634983 -0.0244811 0.997682
    outer loop
      vertex -0.760736 -1.54262 2.31297
      vertex -1.10437 -1.90862 2.32586
      vertex -0.727967 -1.55747 2.31052
    endloop
  endfacet
  facet normal 0.0634336 -0.0244201 0.997687
    outer loop
      vertex -0.86 -1.48956 2.32058
      vertex -1.10437 -1.90862 2.32586
      vertex -0.760736 -1.54262 2.31297
    endloop
  endfacet
  facet normal 0.0634112 -0.024407 0.997689
    outer loop
      vertex -1.10437 -1.90862 2.32586
      vertex -0.86 -1.48956 2.32058
      vertex -0.927031 -1.44788 2.32586
    endloop
  endfacet
  facet normal 0.43178 0.879202 -0.20142
    outer loop
      vertex -1.10437 -1.90862 2.32586
      vertex -1.14392 -1.88519 2.34335
      vertex -0.835099 -2.04086 2.32586
    endloop
  endfacet
  facet normal 0.563826 0.800737 0.20229
    outer loop
      vertex -1.10437 -1.90862 2.32586
      vertex -1.3892 -1.71248 2.34335
      vertex -1.14392 -1.88519 2.34335
    endloop
  endfacet
  facet normal -0.0579741 0.0352251 -0.997696
    outer loop
      vertex -0.760736 -1.54262 2.33913
      vertex -0.835099 -2.04086 2.32586
      vertex -0.787369 -1.52839 2.34118
    endloop
  endfacet
  facet normal -0.0580897 0.0352422 -0.997689
    outer loop
      vertex -0.658215 -1.58907 2.33152
      vertex -0.835099 -2.04086 2.32586
      vertex -0.760736 -1.54262 2.33913
    endloop
  endfacet
  facet normal -0.0580153 0.0352131 -0.997694
    outer loop
      vertex -0.835099 -2.04086 2.32586
      vertex -0.658215 -1.58907 2.33152
      vertex -0.578979 -1.61889 2.32586
    endloop
  endfacet
  facet normal -0.0396481 0.0335468 -0.99865
    outer loop
      vertex -1.14392 -1.88519 2.34335
      vertex -0.787369 -1.52839 2.34118
      vertex -0.835099 -2.04086 2.32586
    endloop
  endfacet
  facet normal -0.0397801 0.0336787 -0.998641
    outer loop
      vertex -0.787369 -1.52839 2.34118
      vertex -1.14392 -1.88519 2.34335
      vertex -0.82487 -1.50834 2.34335
    endloop
  endfacet
  facet normal 0.048265 -0.0185772 0.998662
    outer loop
      vertex -0.955581 -1.43013 2.32757
      vertex -1.10437 -1.90862 2.32586
      vertex -0.927031 -1.44788 2.32586
    endloop
  endfacet
  facet normal 0.0485585 -0.0186684 0.998646
    outer loop
      vertex -0.962996 -1.42481 2.32803
      vertex -1.10437 -1.90862 2.32586
      vertex -0.955581 -1.43013 2.32757
    endloop
  endfacet
  facet normal 0.048482 -0.0186461 0.99865
    outer loop
      vertex -1.10437 -1.90862 2.32586
      vertex -0.962996 -1.42481 2.32803
      vertex -1.3892 -1.71248 2.34335
    endloop
  endfacet
  facet normal 0.0588176 -0.0340101 0.997689
    outer loop
      vertex -1.04707 -1.36457 2.33504
      vertex -1.3892 -1.71248 2.34335
      vertex -0.962996 -1.42481 2.32803
    endloop
  endfacet
  facet normal 0.0587969 -0.0339898 0.997691
    outer loop
      vertex -1.13407 -1.29316 2.3426
      vertex -1.3892 -1.71248 2.34335
      vertex -1.04707 -1.36457 2.33504
    endloop
  endfacet
  facet normal 0.059481 -0.0344061 0.997636
    outer loop
      vertex -1.3892 -1.71248 2.34335
      vertex -1.13407 -1.29316 2.3426
      vertex -1.14223 -1.28552 2.34335
    endloop
  endfacet
  facet normal 0.563903 0.800847 -0.201638
    outer loop
      vertex -1.3892 -1.71248 2.34335
      vertex -1.4246 -1.68315 2.36084
      vertex -1.14392 -1.88519 2.34335
    endloop
  endfacet
  facet normal 0.682109 0.702775 0.202074
    outer loop
      vertex -1.3892 -1.71248 2.34335
      vertex -1.63986 -1.47422 2.36084
      vertex -1.4246 -1.68315 2.36084
    endloop
  endfacet
  facet normal -0.0518908 0.043905 -0.997687
    outer loop
      vertex -0.955581 -1.43013 2.35358
      vertex -1.14392 -1.88519 2.34335
      vertex -1.01662 -1.38638 2.35868
    endloop
  endfacet
  facet normal -0.0518363 0.0438825 -0.997691
    outer loop
      vertex -0.86 -1.48956 2.346
      vertex -1.14392 -1.88519 2.34335
      vertex -0.955581 -1.43013 2.35358
    endloop
  endfacet
  facet normal -0.0518109 0.0438643 -0.997693
    outer loop
      vertex -1.14392 -1.88519 2.34335
      vertex -0.86 -1.48956 2.346
      vertex -0.82487 -1.50834 2.34335
    endloop
  endfacet
  facet normal -0.0339073 0.0393451 -0.99865
    outer loop
      vertex -1.4246 -1.68315 2.36084
      vertex -1.01662 -1.38638 2.35868
      vertex -1.14392 -1.88519 2.34335
    endloop
  endfacet
  facet normal -0.0338554 0.0392737 -0.998655
    outer loop
      vertex -1.01662 -1.38638 2.35868
      vertex -1.4246 -1.68315 2.36084
      vertex -1.04707 -1.36457 2.36057
    endloop
  endfacet
  facet normal -0.0343935 0.0399113 -0.998611
    outer loop
      vertex -1.04707 -1.36457 2.36057
      vertex -1.4246 -1.68315 2.36084
      vertex -1.05108 -1.36127 2.36084
    endloop
  endfacet
  facet normal 0.0448373 -0.0259356 0.998658
    outer loop
      vertex -1.17329 -1.25643 2.3455
      vertex -1.3892 -1.71248 2.34335
      vertex -1.14223 -1.28552 2.34335
    endloop
  endfacet
  facet normal 0.0449695 -0.0259982 0.99865
    outer loop
      vertex -1.3892 -1.71248 2.34335
      vertex -1.17329 -1.25643 2.3455
      vertex -1.63986 -1.47422 2.36084
    endloop
  endfacet
  facet normal 0.0528107 -0.0428643 0.997684
    outer loop
      vertex -1.21622 -1.21622 2.3495
      vertex -1.63986 -1.47422 2.36084
      vertex -1.17329 -1.25643 2.3455
    endloop
  endfacet
  facet normal 0.0527538 -0.0427705 0.997691
    outer loop
      vertex -1.29316 -1.13407 2.35709
      vertex -1.63986 -1.47422 2.36084
      vertex -1.21622 -1.21622 2.3495
    endloop
  endfacet
  facet normal 0.0528102 -0.0428281 0.997686
    outer loop
      vertex -1.63986 -1.47422 2.36084
      vertex -1.29316 -1.13407 2.35709
      vertex -1.3288 -1.09066 2.36084
    endloop
  endfacet
  facet normal 0.682196 0.702865 -0.20147
    outer loop
      vertex -1.63986 -1.47422 2.36084
      vertex -1.67024 -1.43972 2.37833
      vertex -1.4246 -1.68315 2.36084
    endloop
  endfacet
  facet normal 0.783569 0.587465 0.202247
    outer loop
      vertex -1.63986 -1.47422 2.36084
      vertex -1.85019 -1.1997 2.37833
      vertex -1.67024 -1.43972 2.37833
    endloop
  endfacet
  facet normal -0.0444907 0.0515208 -0.99768
    outer loop
      vertex -1.21622 -1.21622 2.37566
      vertex -1.4246 -1.68315 2.36084
      vertex -1.22114 -1.21098 2.37615
    endloop
  endfacet
  facet normal -0.0443487 0.0514577 -0.99769
    outer loop
      vertex -1.13407 -1.29316 2.36804
      vertex -1.4246 -1.68315 2.36084
      vertex -1.21622 -1.21622 2.37566
    endloop
  endfacet
  facet normal -0.0443344 0.0514471 -0.997691
    outer loop
      vertex -1.4246 -1.68315 2.36084
      vertex -1.13407 -1.29316 2.36804
      vertex -1.05108 -1.36127 2.36084
    endloop
  endfacet
  facet normal -0.0273407 0.0441622 -0.99865
    outer loop
      vertex -1.67024 -1.43972 2.37833
      vertex -1.22114 -1.21098 2.37615
      vertex -1.4246 -1.68315 2.36084
    endloop
  endfacet
  facet normal -0.0273598 0.0441997 -0.998648
    outer loop
      vertex -1.22114 -1.21098 2.37615
      vertex -1.67024 -1.43972 2.37833
      vertex -1.25034 -1.1798 2.37833
    endloop
  endfacet
  facet normal 0.0402892 -0.0326738 0.998654
    outer loop
      vertex -1.35585 -1.05769 2.36301
      vertex -1.63986 -1.47422 2.36084
      vertex -1.3288 -1.09066 2.36084
    endloop
  endfacet
  facet normal 0.0403465 -0.0327128 0.99865
    outer loop
      vertex -1.63986 -1.47422 2.36084
      vertex -1.35585 -1.05769 2.36301
      vertex -1.85019 -1.1997 2.37833
    endloop
  endfacet
  facet normal 0.0453273 -0.0501524 0.997712
    outer loop
      vertex -1.36457 -1.04707 2.36394
      vertex -1.85019 -1.1997 2.37833
      vertex -1.35585 -1.05769 2.36301
    endloop
  endfacet
  facet normal 0.0454454 -0.0505305 0.997688
    outer loop
      vertex -1.43013 -0.955581 2.37156
      vertex -1.85019 -1.1997 2.37833
      vertex -1.36457 -1.04707 2.36394
    endloop
  endfacet
  facet normal 0.0454558 -0.0505484 0.997687
    outer loop
      vertex -1.85019 -1.1997 2.37833
      vertex -1.43013 -0.955581 2.37156
      vertex -1.48342 -0.869881 2.37833
    endloop
  endfacet
  facet normal 0.783657 0.587531 -0.201716
    outer loop
      vertex -1.85019 -1.1997 2.37833
      vertex -1.8748 -1.16087 2.39582
      vertex -1.67024 -1.43972 2.37833
    endloop
  endfacet
  facet normal 0.865823 0.457745 0.20204
    outer loop
      vertex -1.85019 -1.1997 2.37833
      vertex -2.01501 -0.895663 2.39582
      vertex -1.8748 -1.16087 2.39582
    endloop
  endfacet
  facet normal -0.0358347 0.057803 -0.997685
    outer loop
      vertex -1.36457 -1.04707 2.3901
      vertex -1.67024 -1.43972 2.37833
      vertex -1.39505 -1.00452 2.39366
    endloop
  endfacet
  facet normal -0.0357244 0.0577174 -0.997694
    outer loop
      vertex -1.29316 -1.13407 2.38251
      vertex -1.67024 -1.43972 2.37833
      vertex -1.36457 -1.04707 2.3901
    endloop
  endfacet
  facet normal -0.0357367 0.0577325 -0.997692
    outer loop
      vertex -1.67024 -1.43972 2.37833
      vertex -1.29316 -1.13407 2.38251
      vertex -1.25034 -1.1798 2.37833
    endloop
  endfacet
  facet normal -0.0201035 0.0478897 -0.99865
    outer loop
      vertex -1.8748 -1.16087 2.39582
      vertex -1.39505 -1.00452 2.39366
      vertex -1.67024 -1.43972 2.37833
    endloop
  endfacet
  facet normal -0.0201347 0.0479857 -0.998645
    outer loop
      vertex -1.39505 -1.00452 2.39366
      vertex -1.8748 -1.16087 2.39582
      vertex -1.41982 -0.969961 2.39582
    endloop
  endfacet
  facet normal 0.0344009 -0.038255 0.998676
    outer loop
      vertex -1.48956 -0.86 2.37892
      vertex -1.85019 -1.1997 2.37833
      vertex -1.48342 -0.869881 2.37833
    endloop
  endfacet
  facet normal 0.0348292 -0.0387096 0.998643
    outer loop
      vertex -1.50418 -0.832651 2.38049
      vertex -1.85019 -1.1997 2.37833
      vertex -1.48956 -0.86 2.37892
    endloop
  endfacet
  facet normal 0.0347332 -0.0386192 0.99865
    outer loop
      vertex -1.85019 -1.1997 2.37833
      vertex -1.50418 -0.832651 2.38049
      vertex -2.01501 -0.895663 2.39582
    endloop
  endfacet
  facet normal 0.0369668 -0.0569594 0.997692
    outer loop
      vertex -1.54262 -0.760736 2.38602
      vertex -2.01501 -0.895663 2.39582
      vertex -1.50418 -0.832651 2.38049
    endloop
  endfacet
  facet normal 0.0369811 -0.0570098 0.997688
    outer loop
      vertex -1.58907 -0.658215 2.3936
      vertex -2.01501 -0.895663 2.39582
      vertex -1.54262 -0.760736 2.38602
    endloop
  endfacet
  facet normal 0.0370034 -0.0570499 0.997685
    outer loop
      vertex -2.01501 -0.895663 2.39582
      vertex -1.58907 -0.658215 2.3936
      vertex -1.60082 -0.627013 2.39582
    endloop
  endfacet
  facet normal 0.865845 0.457756 -0.20192
    outer loop
      vertex -2.01501 -0.895663 2.39582
      vertex -2.03324 -0.853466 2.41331
      vertex -1.8748 -1.16087 2.39582
    endloop
  endfacet
  facet normal 0.9268 0.316796 0.201698
    outer loop
      vertex -2.01501 -0.895663 2.39582
      vertex -2.13027 -0.569601 2.41331
      vertex -2.03324 -0.853466 2.41331
    endloop
  endfacet
  facet normal -0.0263062 0.0626649 -0.997688
    outer loop
      vertex -1.48956 -0.86 2.40456
      vertex -1.8748 -1.16087 2.39582
      vertex -1.5353 -0.774441 2.41114
    endloop
  endfacet
  facet normal -0.0263037 0.0626617 -0.997688
    outer loop
      vertex -1.43013 -0.955581 2.39699
      vertex -1.8748 -1.16087 2.39582
      vertex -1.48956 -0.86 2.40456
    endloop
  endfacet
  facet normal -0.0261843 0.0624032 -0.997707
    outer loop
      vertex -1.8748 -1.16087 2.39582
      vertex -1.43013 -0.955581 2.39699
      vertex -1.41982 -0.969961 2.39582
    endloop
  endfacet
  facet normal -0.0123586 0.0504492 -0.99865
    outer loop
      vertex -2.03324 -0.853466 2.41331
      vertex -1.5353 -0.774441 2.41114
      vertex -1.8748 -1.16087 2.39582
    endloop
  endfacet
  facet normal -0.0123275 0.0502531 -0.99866
    outer loop
      vertex -1.5353 -0.774441 2.41114
      vertex -2.03324 -0.853466 2.41331
      vertex -1.54262 -0.760736 2.41192
    endloop
  endfacet
  facet normal -0.0123751 0.0505051 -0.998647
    outer loop
      vertex -1.54262 -0.760736 2.41192
      vertex -2.03324 -0.853466 2.41331
      vertex -1.55383 -0.735998 2.41331
    endloop
  endfacet
  facet normal 0.028272 -0.0435882 0.998649
    outer loop
      vertex -1.61579 -0.587235 2.39798
      vertex -2.01501 -0.895663 2.39582
      vertex -1.60082 -0.627013 2.39582
    endloop
  endfacet
  facet normal 0.0282632 -0.0435769 0.99865
    outer loop
      vertex -2.01501 -0.895663 2.39582
      vertex -1.61579 -0.587235 2.39798
      vertex -2.13027 -0.569601 2.41331
    endloop
  endfacet
  facet normal 0.0276064 -0.0619145 0.9977
    outer loop
      vertex -1.62872 -0.552876 2.40047
      vertex -2.13027 -0.569601 2.41331
      vertex -1.61579 -0.587235 2.39798
    endloop
  endfacet
  facet normal 0.0276128 -0.0621151 0.997687
    outer loop
      vertex -1.66139 -0.445168 2.40808
      vertex -2.13027 -0.569601 2.41331
      vertex -1.62872 -0.552876 2.40047
    endloop
  endfacet
  facet normal 0.0276026 -0.0620766 0.99769
    outer loop
      vertex -2.13027 -0.569601 2.41331
      vertex -1.66139 -0.445168 2.40808
      vertex -1.67915 -0.369009 2.41331
    endloop
  endfacet
  facet normal 0.926752 0.31678 -0.201942
    outer loop
      vertex -2.13027 -0.569601 2.41331
      vertex -2.14168 -0.525071 2.4308
      vertex -2.03324 -0.853466 2.41331
    endloop
  endfacet
  facet normal 0.964913 0.167978 0.201806
    outer loop
      vertex -2.13027 -0.569601 2.41331
      vertex -2.19313 -0.229528 2.4308
      vertex -2.14168 -0.525071 2.4308
    endloop
  endfacet
  facet normal -0.0163255 0.0661798 -0.997674
    outer loop
      vertex -1.62872 -0.552876 2.42663
      vertex -2.03324 -0.853466 2.41331
      vertex -1.63727 -0.524684 2.42864
    endloop
  endfacet
  facet normal -0.0161806 0.0659856 -0.997689
    outer loop
      vertex -1.58907 -0.658215 2.41902
      vertex -2.03324 -0.853466 2.41331
      vertex -1.62872 -0.552876 2.42663
    endloop
  endfacet
  facet normal -0.0161526 0.065922 -0.997694
    outer loop
      vertex -2.03324 -0.853466 2.41331
      vertex -1.58907 -0.658215 2.41902
      vertex -1.55383 -0.735998 2.41331
    endloop
  endfacet
  facet normal -0.00431616 0.0517619 -0.99865
    outer loop
      vertex -2.14168 -0.525071 2.4308
      vertex -1.63727 -0.524684 2.42864
      vertex -2.03324 -0.853466 2.41331
    endloop
  endfacet
  facet normal -0.00431613 0.0516977 -0.998653
    outer loop
      vertex -1.63727 -0.524684 2.42864
      vertex -2.14168 -0.525071 2.4308
      vertex -1.64962 -0.48399 2.4308
    endloop
  endfacet
  facet normal 0.0210469 -0.0473332 0.998657
    outer loop
      vertex -1.68695 -0.335555 2.41506
      vertex -2.13027 -0.569601 2.41331
      vertex -1.67915 -0.369009 2.41331
    endloop
  endfacet
  facet normal 0.0215399 -0.0482667 0.998602
    outer loop
      vertex -1.68832 -0.32727 2.41549
      vertex -2.13027 -0.569601 2.41331
      vertex -1.68695 -0.335555 2.41506
    endloop
  endfacet
  facet normal 0.0210979 -0.0474609 0.99865
    outer loop
      vertex -2.13027 -0.569601 2.41331
      vertex -1.68832 -0.32727 2.41549
      vertex -2.19313 -0.229528 2.4308
    endloop
  endfacet
  facet normal 0.0175677 -0.0655433 0.997695
    outer loop
      vertex -1.70529 -0.224504 2.42254
      vertex -2.19313 -0.229528 2.4308
      vertex -1.68832 -0.32727 2.41549
    endloop
  endfacet
  facet normal 0.0175692 -0.0656961 0.997685
    outer loop
      vertex -1.71632 -0.112493 2.43011
      vertex -2.19313 -0.229528 2.4308
      vertex -1.70529 -0.224504 2.42254
    endloop
  endfacet
  facet normal 0.0175 -0.0654142 0.997705
    outer loop
      vertex -2.19313 -0.229528 2.4308
      vertex -1.71632 -0.112493 2.43011
      vertex -1.71666 -0.10206 2.4308
    endloop
  endfacet
  facet normal 0.964815 0.167961 -0.202289
    outer loop
      vertex -2.19313 -0.229528 2.4308
      vertex -2.19743 -0.183763 2.44829
      vertex -2.14168 -0.525071 2.4308
    endloop
  endfacet
  facet normal 0.979393 0.0150524 0.201402
    outer loop
      vertex -2.19313 -0.229528 2.4308
      vertex -2.20204 0.116189 2.44829
      vertex -2.19743 -0.183763 2.44829
    endloop
  endfacet
  facet normal -0.00567302 0.06773 -0.997688
    outer loop
      vertex -1.68695 -0.335555 2.44108
      vertex -2.14168 -0.525071 2.4308
      vertex -1.69906 -0.262181 2.44613
    endloop
  endfacet
  facet normal -0.0056501 0.0676752 -0.997691
    outer loop
      vertex -1.66139 -0.445168 2.4335
      vertex -2.14168 -0.525071 2.4308
      vertex -1.68695 -0.335555 2.44108
    endloop
  endfacet
  facet normal -0.00565001 0.0676747 -0.997691
    outer loop
      vertex -2.14168 -0.525071 2.4308
      vertex -1.66139 -0.445168 2.4335
      vertex -1.64962 -0.48399 2.4308
    endloop
  endfacet
  facet normal 0.00382227 0.0517992 -0.99865
    outer loop
      vertex -2.19743 -0.183763 2.44829
      vertex -1.69906 -0.262181 2.44613
      vertex -2.14168 -0.525071 2.4308
    endloop
  endfacet
  facet normal 0.00382043 0.0517875 -0.998651
    outer loop
      vertex -1.69906 -0.262181 2.44613
      vertex -2.19743 -0.183763 2.44829
      vertex -1.70529 -0.224504 2.44806
    endloop
  endfacet
  facet normal 0.00384856 0.0521272 -0.998633
    outer loop
      vertex -1.70529 -0.224504 2.44806
      vertex -2.19743 -0.183763 2.44829
      vertex -1.70572 -0.220066 2.44829
    endloop
  endfacet
  facet normal 0.0133861 -0.0500368 0.998658
    outer loop
      vertex -1.71805 -0.0595212 2.43295
      vertex -2.19313 -0.229528 2.4308
      vertex -1.71666 -0.10206 2.4308
    endloop
  endfacet
  facet normal 0.013436 -0.0501759 0.99865
    outer loop
      vertex -2.19313 -0.229528 2.4308
      vertex -1.71805 -0.0595212 2.43295
      vertex -2.20204 0.116189 2.44829
    endloop
  endfacet
  facet normal 0.00708598 -0.0675469 0.997691
    outer loop
      vertex -1.71632 0.112493 2.44459
      vertex -2.20204 0.116189 2.44829
      vertex -1.72 0 2.437
    endloop
  endfacet
  facet normal 0.00708545 -0.0676126 0.997686
    outer loop
      vertex -2.20204 0.116189 2.44829
      vertex -1.71632 0.112493 2.44459
      vertex -1.71088 0.16766 2.44829
    endloop
  endfacet
  facet normal 0.00705997 -0.0676541 0.997684
    outer loop
      vertex -1.71805 -0.0595212 2.43295
      vertex -1.72 0 2.437
      vertex -2.20204 0.116189 2.44829
    endloop
  endfacet
  facet normal 0.9793 0.015051 -0.201856
    outer loop
      vertex -2.19743 -0.183763 2.44829
      vertex -2.20204 0.116189 2.44829
      vertex -2.19914 0.162066 2.46578
    endloop
  endfacet
  facet normal 0.969596 -0.138265 0.201906
    outer loop
      vertex -2.19914 0.162066 2.46578
      vertex -2.20204 0.116189 2.44829
      vertex -2.15679 0.45905 2.46578
    endloop
  endfacet
  facet normal 0.00499905 0.0677446 -0.99769
    outer loop
      vertex -1.71632 -0.112493 2.45554
      vertex -2.19743 -0.183763 2.44829
      vertex -1.72 0 2.46316
    endloop
  endfacet
  facet normal 0.00500075 0.0677332 -0.997691
    outer loop
      vertex -2.19743 -0.183763 2.44829
      vertex -1.71632 -0.112493 2.45554
      vertex -1.70572 -0.220066 2.44829
    endloop
  endfacet
  facet normal 0.00490921 0.0679768 -0.997675
    outer loop
      vertex -1.71979 0.00644258 2.4636
      vertex -1.72 0 2.46316
      vertex -2.19743 -0.183763 2.44829
    endloop
  endfacet
  facet normal 0.0118744 0.0505646 -0.99865
    outer loop
      vertex -2.19914 0.162066 2.46578
      vertex -1.71979 0.00644258 2.4636
      vertex -2.19743 -0.183763 2.44829
    endloop
  endfacet
  facet normal 0.011881 0.0505851 -0.998649
    outer loop
      vertex -1.71979 0.00644258 2.4636
      vertex -2.19914 0.162066 2.46578
      vertex -1.71839 0.0491512 2.46578
    endloop
  endfacet
  facet normal 0.00541806 -0.0516581 0.99865
    outer loop
      vertex -2.20204 0.116189 2.44829
      vertex -1.7067 0.210092 2.45046
      vertex -2.15679 0.45905 2.46578
    endloop
  endfacet
  facet normal 0.00540788 -0.0516045 0.998653
    outer loop
      vertex -1.7067 0.210092 2.45046
      vertex -2.20204 0.116189 2.44829
      vertex -1.71088 0.16766 2.44829
    endloop
  endfacet
  facet normal -0.00374637 -0.068166 0.997667
    outer loop
      vertex -1.70529 0.224504 2.45145
      vertex -2.15679 0.45905 2.46578
      vertex -1.7067 0.210092 2.45046
    endloop
  endfacet
  facet normal -0.00354673 -0.0677833 0.997694
    outer loop
      vertex -1.68695 0.335555 2.45906
      vertex -2.15679 0.45905 2.46578
      vertex -1.70529 0.224504 2.45145
    endloop
  endfacet
  facet normal -0.00357259 -0.0678813 0.997687
    outer loop
      vertex -2.15679 0.45905 2.46578
      vertex -1.68695 0.335555 2.45906
      vertex -1.6642 0.433125 2.46578
    endloop
  endfacet
  facet normal 0.969694 -0.138279 -0.201429
    outer loop
      vertex -2.14676 0.503909 2.48327
      vertex -2.19914 0.162066 2.46578
      vertex -2.15679 0.45905 2.46578
    endloop
  endfacet
  facet normal 0.935989 -0.288132 0.20225
    outer loop
      vertex -2.14676 0.503909 2.48327
      vertex -2.15679 0.45905 2.46578
      vertex -2.0585 0.790619 2.48327
    endloop
  endfacet
  facet normal 0.0155537 0.0660108 -0.997698
    outer loop
      vertex -1.70529 0.224504 2.47761
      vertex -2.19914 0.162066 2.46578
      vertex -1.69688 0.275422 2.48111
    endloop
  endfacet
  facet normal 0.0155341 0.0661639 -0.997688
    outer loop
      vertex -1.71632 0.112493 2.47001
      vertex -2.19914 0.162066 2.46578
      vertex -1.70529 0.224504 2.47761
    endloop
  endfacet
  facet normal 0.0155295 0.0661188 -0.997691
    outer loop
      vertex -2.19914 0.162066 2.46578
      vertex -1.71632 0.112493 2.47001
      vertex -1.71839 0.0491512 2.46578
    endloop
  endfacet
  facet normal 0.0196703 0.0481706 -0.998645
    outer loop
      vertex -1.69688 0.275422 2.48111
      vertex -2.14676 0.503909 2.48327
      vertex -1.68995 0.317372 2.48327
    endloop
  endfacet
  facet normal 0.0196279 0.0480872 -0.99865
    outer loop
      vertex -2.14676 0.503909 2.48327
      vertex -1.69688 0.275422 2.48111
      vertex -2.19914 0.162066 2.46578
    endloop
  endfacet
  facet normal -0.00272537 -0.0518701 0.99865
    outer loop
      vertex -2.15679 0.45905 2.46578
      vertex -1.6526 0.474145 2.46794
      vertex -2.0585 0.790619 2.48327
    endloop
  endfacet
  facet normal -0.00272439 -0.0519027 0.998648
    outer loop
      vertex -1.6526 0.474145 2.46794
      vertex -2.15679 0.45905 2.46578
      vertex -1.66139 0.445168 2.46641
    endloop
  endfacet
  facet normal -0.00271617 -0.0516089 0.998664
    outer loop
      vertex -1.66139 0.445168 2.46641
      vertex -2.15679 0.45905 2.46578
      vertex -1.6642 0.433125 2.46578
    endloop
  endfacet
  facet normal -0.0141136 -0.0664298 0.997691
    outer loop
      vertex -1.62872 0.552876 2.47352
      vertex -2.0585 0.790619 2.48327
      vertex -1.6526 0.474145 2.46794
    endloop
  endfacet
  facet normal -0.0141363 -0.0664708 0.997688
    outer loop
      vertex -1.58907 0.658215 2.4811
      vertex -2.0585 0.790619 2.48327
      vertex -1.62872 0.552876 2.47352
    endloop
  endfacet
  facet normal -0.0141436 -0.0664966 0.997686
    outer loop
      vertex -2.0585 0.790619 2.48327
      vertex -1.58907 0.658215 2.4811
      vertex -1.57562 0.687912 2.48327
    endloop
  endfacet
  facet normal 0.936046 -0.28815 -0.201962
    outer loop
      vertex -2.04157 0.833357 2.50076
      vertex -2.14676 0.503909 2.48327
      vertex -2.0585 0.790619 2.48327
    endloop
  endfacet
  facet normal 0.879522 -0.430973 0.201751
    outer loop
      vertex -2.04157 0.833357 2.50076
      vertex -2.0585 0.790619 2.48327
      vertex -1.90957 1.10274 2.50076
    endloop
  endfacet
  facet normal 0.0256822 0.0629147 -0.997688
    outer loop
      vertex -1.66139 0.445168 2.49206
      vertex -2.14676 0.503909 2.48327
      vertex -1.63344 0.53731 2.49859
    endloop
  endfacet
  facet normal 0.025682 0.0629129 -0.997689
    outer loop
      vertex -1.68695 0.335555 2.48449
      vertex -2.14676 0.503909 2.48327
      vertex -1.66139 0.445168 2.49206
    endloop
  endfacet
  facet normal 0.0256099 0.0627161 -0.997703
    outer loop
      vertex -2.14676 0.503909 2.48327
      vertex -1.68695 0.335555 2.48449
      vertex -1.68995 0.317372 2.48327
    endloop
  endfacet
  facet normal 0.0268893 0.0443859 -0.998653
    outer loop
      vertex -1.62872 0.552876 2.49941
      vertex -2.04157 0.833357 2.50076
      vertex -1.61941 0.57761 2.50076
    endloop
  endfacet
  facet normal 0.0269278 0.0444426 -0.998649
    outer loop
      vertex -1.63344 0.53731 2.49859
      vertex -2.04157 0.833357 2.50076
      vertex -1.62872 0.552876 2.49941
    endloop
  endfacet
  facet normal 0.0269141 0.0444237 -0.99865
    outer loop
      vertex -2.04157 0.833357 2.50076
      vertex -1.63344 0.53731 2.49859
      vertex -2.14676 0.503909 2.48327
    endloop
  endfacet
  facet normal -0.0108073 -0.0508036 0.99865
    outer loop
      vertex -2.0585 0.790619 2.48327
      vertex -1.55808 0.726625 2.48543
      vertex -1.90957 1.10274 2.50076
    endloop
  endfacet
  facet normal -0.0108097 -0.0508222 0.998649
    outer loop
      vertex -1.55808 0.726625 2.48543
      vertex -2.0585 0.790619 2.48327
      vertex -1.57562 0.687912 2.48327
    endloop
  endfacet
  facet normal -0.0242308 -0.0633094 0.9977
    outer loop
      vertex -1.54262 0.760736 2.48797
      vertex -1.90957 1.10274 2.50076
      vertex -1.55808 0.726625 2.48543
    endloop
  endfacet
  facet normal -0.0243713 -0.0634596 0.997687
    outer loop
      vertex -1.48956 0.86 2.49558
      vertex -1.90957 1.10274 2.50076
      vertex -1.54262 0.760736 2.48797
    endloop
  endfacet
  facet normal -0.0243462 -0.0634163 0.99769
    outer loop
      vertex -1.90957 1.10274 2.50076
      vertex -1.48956 0.86 2.49558
      vertex -1.44865 0.925788 2.50076
    endloop
  endfacet
  facet normal 0.879447 -0.430937 -0.202155
    outer loop
      vertex -1.88616 1.14231 2.51825
      vertex -2.04157 0.833357 2.50076
      vertex -1.90957 1.10274 2.50076
    endloop
  endfacet
  facet normal 0.801353 -0.563197 0.201602
    outer loop
      vertex -1.88616 1.14231 2.51825
      vertex -1.90957 1.10274 2.50076
      vertex -1.71367 1.38774 2.51825
    endloop
  endfacet
  facet normal 0.0352288 0.0583649 -0.997674
    outer loop
      vertex -1.54262 0.760736 2.51413
      vertex -2.04157 0.833357 2.50076
      vertex -1.52908 0.786067 2.51609
    endloop
  endfacet
  facet normal 0.0351925 0.0581123 -0.99769
    outer loop
      vertex -1.58907 0.658215 2.50652
      vertex -2.04157 0.833357 2.50076
      vertex -1.54262 0.760736 2.51413
    endloop
  endfacet
  facet normal 0.0351709 0.0580563 -0.997694
    outer loop
      vertex -2.04157 0.833357 2.50076
      vertex -1.58907 0.658215 2.50652
      vertex -1.61941 0.57761 2.50076
    endloop
  endfacet
  facet normal 0.0334804 0.0396142 -0.998654
    outer loop
      vertex -1.52908 0.786067 2.51609
      vertex -1.88616 1.14231 2.51825
      vertex -1.50903 0.823574 2.51825
    endloop
  endfacet
  facet normal 0.0335326 0.0396665 -0.99865
    outer loop
      vertex -1.88616 1.14231 2.51825
      vertex -1.52908 0.786067 2.51609
      vertex -2.04157 0.833357 2.50076
    endloop
  endfacet
  facet normal -0.0186194 -0.0484872 0.99865
    outer loop
      vertex -1.90957 1.10274 2.50076
      vertex -1.42566 0.961815 2.50294
      vertex -1.71367 1.38774 2.51825
    endloop
  endfacet
  facet normal -0.0187725 -0.0490134 0.998622
    outer loop
      vertex -1.42566 0.961815 2.50294
      vertex -1.90957 1.10274 2.50076
      vertex -1.43013 0.955581 2.50255
    endloop
  endfacet
  facet normal -0.0185967 -0.0484402 0.998653
    outer loop
      vertex -1.43013 0.955581 2.50255
      vertex -1.90957 1.10274 2.50076
      vertex -1.44865 0.925788 2.50076
    endloop
  endfacet
  facet normal -0.0339915 -0.0588472 0.997688
    outer loop
      vertex -1.36457 1.04707 2.51005
      vertex -1.71367 1.38774 2.51825
      vertex -1.42566 0.961815 2.50294
    endloop
  endfacet
  facet normal -0.0339635 -0.0588185 0.997691
    outer loop
      vertex -1.29316 1.13407 2.51761
      vertex -1.71367 1.38774 2.51825
      vertex -1.36457 1.04707 2.51005
    endloop
  endfacet
  facet normal -0.0337959 -0.0585409 0.997713
    outer loop
      vertex -1.71367 1.38774 2.51825
      vertex -1.29316 1.13407 2.51761
      vertex -1.28653 1.14115 2.51825
    endloop
  endfacet
  facet normal 0.801305 -0.563163 -0.201887
    outer loop
      vertex -1.68437 1.42316 2.53574
      vertex -1.88616 1.14231 2.51825
      vertex -1.71367 1.38774 2.51825
    endloop
  endfacet
  facet normal 0.703405 -0.681531 0.201833
    outer loop
      vertex -1.68437 1.42316 2.53574
      vertex -1.71367 1.38774 2.51825
      vertex -1.47562 1.63861 2.53574
    endloop
  endfacet
  facet normal 0.0438562 0.0519128 -0.997688
    outer loop
      vertex -1.43013 0.955581 2.52858
      vertex -1.88616 1.14231 2.51825
      vertex -1.38724 1.01544 2.53358
    endloop
  endfacet
  facet normal 0.0438366 0.0518648 -0.997692
    outer loop
      vertex -1.48956 0.86 2.521
      vertex -1.88616 1.14231 2.51825
      vertex -1.43013 0.955581 2.52858
    endloop
  endfacet
  facet normal 0.0438497 0.0518831 -0.99769
    outer loop
      vertex -1.88616 1.14231 2.51825
      vertex -1.48956 0.86 2.521
      vertex -1.50903 0.823574 2.51825
    endloop
  endfacet
  facet normal 0.0390736 0.0337299 -0.998667
    outer loop
      vertex -1.36457 1.04707 2.53555
      vertex -1.68437 1.42316 2.53574
      vertex -1.3622 1.04995 2.53574
    endloop
  endfacet
  facet normal 0.0393693 0.0339814 -0.998647
    outer loop
      vertex -1.38724 1.01544 2.53358
      vertex -1.68437 1.42316 2.53574
      vertex -1.36457 1.04707 2.53555
    endloop
  endfacet
  facet normal 0.0393161 0.0339426 -0.99865
    outer loop
      vertex -1.68437 1.42316 2.53574
      vertex -1.38724 1.01544 2.53358
      vertex -1.88616 1.14231 2.51825
    endloop
  endfacet
  facet normal -0.0259741 -0.0449765 0.99865
    outer loop
      vertex -1.71367 1.38774 2.51825
      vertex -1.25743 1.17222 2.52041
      vertex -1.47562 1.63861 2.53574
    endloop
  endfacet
  facet normal -0.0260142 -0.0450615 0.998645
    outer loop
      vertex -1.25743 1.17222 2.52041
      vertex -1.71367 1.38774 2.51825
      vertex -1.28653 1.14115 2.51825
    endloop
  endfacet
  facet normal -0.0426842 -0.0527626 0.997694
    outer loop
      vertex -1.21622 1.21622 2.5245
      vertex -1.47562 1.63861 2.53574
      vertex -1.25743 1.17222 2.52041
    endloop
  endfacet
  facet normal -0.0427338 -0.0527929 0.997691
    outer loop
      vertex -1.13407 1.29316 2.53209
      vertex -1.47562 1.63861 2.53574
      vertex -1.21622 1.21622 2.5245
    endloop
  endfacet
  facet normal -0.0427643 -0.052823 0.997688
    outer loop
      vertex -1.47562 1.63861 2.53574
      vertex -1.13407 1.29316 2.53209
      vertex -1.09179 1.32787 2.53574
    endloop
  endfacet
  facet normal 0.703366 -0.681493 -0.202097
    outer loop
      vertex -1.44114 1.66901 2.55323
      vertex -1.68437 1.42316 2.53574
      vertex -1.47562 1.63861 2.53574
    endloop
  endfacet
  facet normal 0.588214 -0.783165 0.201634
    outer loop
      vertex -1.44114 1.66901 2.55323
      vertex -1.47562 1.63861 2.53574
      vertex -1.20127 1.84917 2.55323
    endloop
  endfacet
  facet normal 0.0515773 0.0447508 -0.997666
    outer loop
      vertex -1.21622 1.21622 2.55066
      vertex -1.68437 1.42316 2.53574
      vertex -1.21206 1.22012 2.55105
    endloop
  endfacet
  facet normal 0.0514171 0.0443867 -0.99769
    outer loop
      vertex -1.29316 1.13407 2.54304
      vertex -1.68437 1.42316 2.53574
      vertex -1.21622 1.21622 2.55066
    endloop
  endfacet
  facet normal 0.0514144 0.044383 -0.997691
    outer loop
      vertex -1.68437 1.42316 2.53574
      vertex -1.29316 1.13407 2.54304
      vertex -1.3622 1.04995 2.53574
    endloop
  endfacet
  facet normal 0.0441394 0.0273753 -0.99865
    outer loop
      vertex -1.21206 1.22012 2.55105
      vertex -1.44114 1.66901 2.55323
      vertex -1.18086 1.24934 2.55323
    endloop
  endfacet
  facet normal 0.0441398 0.0273755 -0.99865
    outer loop
      vertex -1.44114 1.66901 2.55323
      vertex -1.21206 1.22012 2.55105
      vertex -1.68437 1.42316 2.53574
    endloop
  endfacet
  facet normal -0.0326801 -0.0403714 0.99865
    outer loop
      vertex -1.47562 1.63861 2.53574
      vertex -1.05884 1.35491 2.53791
      vertex -1.20127 1.84917 2.55323
    endloop
  endfacet
  facet normal -0.0326612 -0.0403435 0.998652
    outer loop
      vertex -1.05884 1.35491 2.53791
      vertex -1.47562 1.63861 2.53574
      vertex -1.09179 1.32787 2.53574
    endloop
  endfacet
  facet normal -0.0507675 -0.0455532 0.997671
    outer loop
      vertex -1.04707 1.36457 2.53895
      vertex -1.20127 1.84917 2.55323
      vertex -1.05884 1.35491 2.53791
    endloop
  endfacet
  facet normal -0.0504228 -0.0454442 0.997694
    outer loop
      vertex -0.955581 1.43013 2.54656
      vertex -1.20127 1.84917 2.55323
      vertex -1.04707 1.36457 2.53895
    endloop
  endfacet
  facet normal -0.0505021 -0.0454906 0.997687
    outer loop
      vertex -1.20127 1.84917 2.55323
      vertex -0.955581 1.43013 2.54656
      vertex -0.871121 1.48265 2.55323
    endloop
  endfacet
  facet normal 0.588222 -0.783174 -0.201577
    outer loop
      vertex -1.16247 1.87381 2.57072
      vertex -1.44114 1.66901 2.55323
      vertex -1.20127 1.84917 2.55323
    endloop
  endfacet
  facet normal 0.458488 -0.865418 0.20209
    outer loop
      vertex -1.16247 1.87381 2.57072
      vertex -1.20127 1.84917 2.55323
      vertex -0.897383 2.01425 2.57072
    endloop
  endfacet
  facet normal 0.0577836 0.0358635 -0.997685
    outer loop
      vertex -1.04707 1.36457 2.56511
      vertex -1.44114 1.66901 2.55323
      vertex -1.00572 1.3942 2.56857
    endloop
  endfacet
  facet normal 0.0577516 0.0358219 -0.997688
    outer loop
      vertex -1.13407 1.29316 2.55751
      vertex -1.44114 1.66901 2.55323
      vertex -1.04707 1.36457 2.56511
    endloop
  endfacet
  facet normal 0.0577298 0.0358041 -0.99769
    outer loop
      vertex -1.44114 1.66901 2.55323
      vertex -1.13407 1.29316 2.55751
      vertex -1.18086 1.24934 2.55323
    endloop
  endfacet
  facet normal 0.0477401 0.0200796 -0.998658
    outer loop
      vertex -1.00572 1.3942 2.56857
      vertex -1.16247 1.87381 2.57072
      vertex -0.971159 1.41896 2.57072
    endloop
  endfacet
  facet normal 0.0478858 0.0201272 -0.99865
    outer loop
      vertex -1.16247 1.87381 2.57072
      vertex -1.00572 1.3942 2.56857
      vertex -1.44114 1.66901 2.55323
    endloop
  endfacet
  facet normal -0.0385901 -0.0347672 0.99865
    outer loop
      vertex -1.20127 1.84917 2.55323
      vertex -0.833937 1.50349 2.55539
      vertex -0.897383 2.01425 2.57072
    endloop
  endfacet
  facet normal -0.038539 -0.0347129 0.998654
    outer loop
      vertex -0.833937 1.50349 2.55539
      vertex -1.20127 1.84917 2.55323
      vertex -0.86 1.48956 2.5539
    endloop
  endfacet
  facet normal -0.0385751 -0.0347472 0.998651
    outer loop
      vertex -0.86 1.48956 2.5539
      vertex -1.20127 1.84917 2.55323
      vertex -0.871121 1.48265 2.55323
    endloop
  endfacet
  facet normal -0.0570728 -0.0370341 0.997683
    outer loop
      vertex -0.760736 1.54262 2.56103
      vertex -0.897383 2.01425 2.57072
      vertex -0.833937 1.50349 2.55539
    endloop
  endfacet
  facet normal -0.0569102 -0.0369872 0.997694
    outer loop
      vertex -0.658215 1.58907 2.5686
      vertex -0.897383 2.01425 2.57072
      vertex -0.760736 1.54262 2.56103
    endloop
  endfacet
  facet normal -0.0569763 -0.0370243 0.997689
    outer loop
      vertex -0.897383 2.01425 2.57072
      vertex -0.658215 1.58907 2.5686
      vertex -0.62839 1.6003 2.57072
    endloop
  endfacet
  facet normal 0.458471 -0.865385 -0.202272
    outer loop
      vertex -0.8552 2.03251 2.58821
      vertex -1.16247 1.87381 2.57072
      vertex -0.897383 2.01425 2.57072
    endloop
  endfacet
  facet normal 0.317603 -0.926593 0.20138
    outer loop
      vertex -0.8552 2.03251 2.58821
      vertex -0.897383 2.01425 2.57072
      vertex -0.571419 2.12978 2.58821
    endloop
  endfacet
  facet normal 0.0626277 0.026346 -0.997689
    outer loop
      vertex -0.86 1.48956 2.57956
      vertex -1.16247 1.87381 2.57072
      vertex -0.775722 1.53461 2.58604
    endloop
  endfacet
  facet normal 0.0625632 0.0262951 -0.997695
    outer loop
      vertex -0.955581 1.43013 2.572
      vertex -1.16247 1.87381 2.57072
      vertex -0.86 1.48956 2.57956
    endloop
  endfacet
  facet normal 0.0629809 0.0264899 -0.997663
    outer loop
      vertex -1.16247 1.87381 2.57072
      vertex -0.955581 1.43013 2.572
      vertex -0.971159 1.41896 2.57072
    endloop
  endfacet
  facet normal 0.0502854 0.0123669 -0.998658
    outer loop
      vertex -0.760736 1.54262 2.5869
      vertex -0.8552 2.03251 2.58821
      vertex -0.737329 1.55323 2.58821
    endloop
  endfacet
  facet normal 0.0506601 0.0124391 -0.998638
    outer loop
      vertex -0.775722 1.53461 2.58604
      vertex -0.8552 2.03251 2.58821
      vertex -0.760736 1.54262 2.5869
    endloop
  endfacet
  facet normal 0.0504375 0.0124036 -0.99865
    outer loop
      vertex -0.8552 2.03251 2.58821
      vertex -0.775722 1.53461 2.58604
      vertex -1.16247 1.87381 2.57072
    endloop
  endfacet
  facet normal -0.0435537 -0.0282995 0.99865
    outer loop
      vertex -0.897383 2.01425 2.57072
      vertex -0.588614 1.61527 2.57288
      vertex -0.571419 2.12978 2.58821
    endloop
  endfacet
  facet normal -0.0435741 -0.0283153 0.998649
    outer loop
      vertex -0.588614 1.61527 2.57288
      vertex -0.897383 2.01425 2.57072
      vertex -0.62839 1.6003 2.57072
    endloop
  endfacet
  facet normal -0.0620365 -0.0276486 0.997691
    outer loop
      vertex -0.571419 2.12978 2.58821
      vertex -0.445168 1.66139 2.58308
      vertex -0.370434 1.67882 2.58821
    endloop
  endfacet
  facet normal -0.0620138 -0.0276425 0.997692
    outer loop
      vertex -0.571419 2.12978 2.58821
      vertex -0.552876 1.62872 2.57548
      vertex -0.445168 1.66139 2.58308
    endloop
  endfacet
  facet normal -0.0621776 -0.0276483 0.997682
    outer loop
      vertex -0.552876 1.62872 2.57548
      vertex -0.571419 2.12978 2.58821
      vertex -0.588614 1.61527 2.57288
    endloop
  endfacet
  facet normal 0.317572 -0.926503 -0.201839
    outer loop
      vertex -0.526898 2.14123 2.6057
      vertex -0.8552 2.03251 2.58821
      vertex -0.571419 2.12978 2.58821
    endloop
  endfacet
  facet normal 0.168791 -0.964747 0.201922
    outer loop
      vertex -0.526898 2.14123 2.6057
      vertex -0.571419 2.12978 2.58821
      vertex -0.2314 2.19293 2.6057
    endloop
  endfacet
  facet normal 0.0658906 0.0161501 -0.997696
    outer loop
      vertex -0.552876 1.62872 2.60164
      vertex -0.8552 2.03251 2.58821
      vertex -0.526097 1.63684 2.60354
    endloop
  endfacet
  facet normal 0.0659736 0.0162125 -0.99769
    outer loop
      vertex -0.658215 1.58907 2.59403
      vertex -0.8552 2.03251 2.58821
      vertex -0.552876 1.62872 2.60164
    endloop
  endfacet
  facet normal 0.0660371 0.0162407 -0.997685
    outer loop
      vertex -0.8552 2.03251 2.58821
      vertex -0.658215 1.58907 2.59403
      vertex -0.737329 1.55323 2.58821
    endloop
  endfacet
  facet normal 0.0516747 0.0043587 -0.998654
    outer loop
      vertex -0.526097 1.63684 2.60354
      vertex -0.526898 2.14123 2.6057
      vertex -0.485395 1.64919 2.6057
    endloop
  endfacet
  facet normal 0.0517587 0.00435882 -0.99865
    outer loop
      vertex -0.526898 2.14123 2.6057
      vertex -0.526097 1.63684 2.60354
      vertex -0.8552 2.03251 2.58821
    endloop
  endfacet
  facet normal -0.0474424 -0.0211411 0.99865
    outer loop
      vertex -0.571419 2.12978 2.58821
      vertex -0.328702 1.68808 2.59039
      vertex -0.2314 2.19293 2.6057
    endloop
  endfacet
  facet normal -0.0475112 -0.0211789 0.998646
    outer loop
      vertex -0.328702 1.68808 2.59039
      vertex -0.571419 2.12978 2.58821
      vertex -0.335555 1.68695 2.59004
    endloop
  endfacet
  facet normal -0.0474653 -0.0211544 0.998649
    outer loop
      vertex -0.335555 1.68695 2.59004
      vertex -0.571419 2.12978 2.58821
      vertex -0.370434 1.67882 2.58821
    endloop
  endfacet
  facet normal -0.0651468 -0.0174882 0.997722
    outer loop
      vertex -0.2314 2.19293 2.6057
      vertex -0.112493 1.71632 2.60511
      vertex -0.103535 1.71661 2.6057
    endloop
  endfacet
  facet normal -0.0656042 -0.0176023 0.99769
    outer loop
      vertex -0.2314 2.19293 2.6057
      vertex -0.224504 1.70529 2.59755
      vertex -0.112493 1.71632 2.60511
    endloop
  endfacet
  facet normal -0.065649 -0.0176029 0.997687
    outer loop
      vertex -0.224504 1.70529 2.59755
      vertex -0.2314 2.19293 2.6057
      vertex -0.328702 1.68808 2.59039
    endloop
  endfacet
  facet normal 0.168799 -0.96479 -0.201709
    outer loop
      vertex -0.185637 2.19728 2.62319
      vertex -0.526898 2.14123 2.6057
      vertex -0.2314 2.19293 2.6057
    endloop
  endfacet
  facet normal 0.0158666 -0.979249 0.202037
    outer loop
      vertex -0.185637 2.19728 2.62319
      vertex -0.2314 2.19293 2.6057
      vertex 0.11431 2.20214 2.62319
    endloop
  endfacet
  facet normal 0.0677132 0.00570235 -0.997689
    outer loop
      vertex -0.335555 1.68695 2.61609
      vertex -0.526898 2.14123 2.6057
      vertex -0.263622 1.69883 2.62104
    endloop
  endfacet
  facet normal 0.06775 0.00571793 -0.997686
    outer loop
      vertex -0.445168 1.66139 2.6085
      vertex -0.526898 2.14123 2.6057
      vertex -0.335555 1.68695 2.61609
    endloop
  endfacet
  facet normal 0.0677119 0.00571142 -0.997689
    outer loop
      vertex -0.526898 2.14123 2.6057
      vertex -0.445168 1.66139 2.6085
      vertex -0.485395 1.64919 2.6057
    endloop
  endfacet
  facet normal 0.050528 -0.0036872 -0.998716
    outer loop
      vertex -0.224504 1.70529 2.62304
      vertex -0.185637 2.19728 2.62319
      vertex -0.221518 1.70558 2.62319
    endloop
  endfacet
  facet normal 0.0516826 -0.00377843 -0.998656
    outer loop
      vertex -0.263622 1.69883 2.62104
      vertex -0.185637 2.19728 2.62319
      vertex -0.224504 1.70529 2.62304
    endloop
  endfacet
  facet normal 0.0518057 -0.00379771 -0.99865
    outer loop
      vertex -0.185637 2.19728 2.62319
      vertex -0.263622 1.69883 2.62104
      vertex -0.526898 2.14123 2.6057
    endloop
  endfacet
  facet normal -0.0501647 -0.0134582 0.99865
    outer loop
      vertex -0.2314 2.19293 2.6057
      vertex -0.0609856 1.718 2.60786
      vertex 0.11431 2.20214 2.62319
    endloop
  endfacet
  facet normal -0.050255 -0.0134906 0.998645
    outer loop
      vertex -0.0609856 1.718 2.60786
      vertex -0.2314 2.19293 2.6057
      vertex -0.103535 1.71661 2.6057
    endloop
  endfacet
  facet normal -0.0675787 -0.00714027 0.997688
    outer loop
      vertex 0.11431 2.20214 2.62319
      vertex 0.112493 1.71632 2.61959
      vertex 0.1662 1.71103 2.62319
    endloop
  endfacet
  facet normal -0.0675486 -0.0071404 0.99769
    outer loop
      vertex 0.11431 2.20214 2.62319
      vertex 0 1.72 2.612
      vertex 0.112493 1.71632 2.61959
    endloop
  endfacet
  facet normal -0.0674937 -0.0071535 0.997694
    outer loop
      vertex 0 1.72 2.612
      vertex 0.11431 2.20214 2.62319
      vertex -0.0609856 1.718 2.60786
    endloop
  endfacet
  facet normal 0.0158676 -0.979306 -0.201762
    outer loop
      vertex 0.16019 2.19928 2.64068
      vertex -0.185637 2.19728 2.62319
      vertex 0.11431 2.20214 2.62319
    endloop
  endfacet
  facet normal -0.137446 -0.969696 0.201984
    outer loop
      vertex 0.16019 2.19928 2.64068
      vertex 0.11431 2.20214 2.62319
      vertex 0.45721 2.15718 2.64068
    endloop
  endfacet
  facet normal 0.0662394 -0.00555312 -0.997788
    outer loop
      vertex 0 1.72 2.63817
      vertex -0.185637 2.19728 2.62319
      vertex 0.0049575 1.71984 2.6385
    endloop
  endfacet
  facet normal 0.0678307 -0.00493092 -0.997685
    outer loop
      vertex -0.112493 1.71632 2.63054
      vertex -0.185637 2.19728 2.62319
      vertex 0 1.72 2.63817
    endloop
  endfacet
  facet normal 0.067747 -0.00494373 -0.99769
    outer loop
      vertex -0.185637 2.19728 2.62319
      vertex -0.112493 1.71632 2.63054
      vertex -0.221518 1.70558 2.62319
    endloop
  endfacet
  facet normal 0.0505626 -0.0118303 -0.998651
    outer loop
      vertex 0.0049575 1.71984 2.6385
      vertex 0.16019 2.19928 2.64068
      vertex 0.0476866 1.71844 2.64068
    endloop
  endfacet
  facet normal 0.0505746 -0.0118341 -0.99865
    outer loop
      vertex 0.16019 2.19928 2.64068
      vertex 0.0049575 1.71984 2.6385
      vertex -0.185637 2.19728 2.62319
    endloop
  endfacet
  facet normal -0.0516531 -0.0054598 0.99865
    outer loop
      vertex 0.11431 2.20214 2.62319
      vertex 0.208617 1.70685 2.62536
      vertex 0.45721 2.15718 2.64068
    endloop
  endfacet
  facet normal -0.0516273 -0.00545487 0.998652
    outer loop
      vertex 0.208617 1.70685 2.62536
      vertex 0.11431 2.20214 2.62319
      vertex 0.1662 1.71103 2.62319
    endloop
  endfacet
  facet normal -0.0677715 0.00350888 0.997695
    outer loop
      vertex 0.45721 2.15718 2.64068
      vertex 0.335555 1.68695 2.63407
      vertex 0.431703 1.66453 2.64068
    endloop
  endfacet
  facet normal -0.0678745 0.00353564 0.997688
    outer loop
      vertex 0.45721 2.15718 2.64068
      vertex 0.224504 1.70529 2.62645
      vertex 0.335555 1.68695 2.63407
    endloop
  endfacet
  facet normal -0.0680917 0.00364792 0.997672
    outer loop
      vertex 0.224504 1.70529 2.62645
      vertex 0.45721 2.15718 2.64068
      vertex 0.208617 1.70685 2.62536
    endloop
  endfacet
  facet normal -0.13745 -0.969725 -0.201845
    outer loop
      vertex 0.502077 2.14718 2.65817
      vertex 0.16019 2.19928 2.64068
      vertex 0.45721 2.15718 2.64068
    endloop
  endfacet
  facet normal -0.287346 -0.936333 0.201775
    outer loop
      vertex 0.502077 2.14718 2.65817
      vertex 0.45721 2.15718 2.64068
      vertex 0.788862 2.05917 2.65817
    endloop
  endfacet
  facet normal 0.066217 -0.0154734 -0.997685
    outer loop
      vertex 0.224504 1.70529 2.65261
      vertex 0.16019 2.19928 2.64068
      vertex 0.273973 1.69712 2.65602
    endloop
  endfacet
  facet normal 0.0661693 -0.0154797 -0.997688
    outer loop
      vertex 0.112493 1.71632 2.64501
      vertex 0.16019 2.19928 2.64068
      vertex 0.224504 1.70529 2.65261
    endloop
  endfacet
  facet normal 0.0661537 -0.0154781 -0.997689
    outer loop
      vertex 0.16019 2.19928 2.64068
      vertex 0.112493 1.71632 2.64501
      vertex 0.0476866 1.71844 2.64068
    endloop
  endfacet
  facet normal 0.0479609 -0.0195373 -0.998658
    outer loop
      vertex 0.273973 1.69712 2.65602
      vertex 0.502077 2.14718 2.65817
      vertex 0.315918 1.69019 2.65817
    endloop
  endfacet
  facet normal 0.0481002 -0.0196079 -0.99865
    outer loop
      vertex 0.502077 2.14718 2.65817
      vertex 0.273973 1.69712 2.65602
      vertex 0.16019 2.19928 2.64068
    endloop
  endfacet
  facet normal -0.051867 0.00269971 0.99865
    outer loop
      vertex 0.45721 2.15718 2.64068
      vertex 0.47275 1.65303 2.64285
      vertex 0.788862 2.05917 2.65817
    endloop
  endfacet
  facet normal -0.0520445 0.0026942 0.998641
    outer loop
      vertex 0.45721 2.15718 2.64068
      vertex 0.445168 1.66139 2.64139
      vertex 0.47275 1.65303 2.64285
    endloop
  endfacet
  facet normal -0.0520295 0.00269383 0.998642
    outer loop
      vertex 0.445168 1.66139 2.64139
      vertex 0.45721 2.15718 2.64068
      vertex 0.431703 1.66453 2.64068
    endloop
  endfacet
  facet normal -0.0664514 0.0140746 0.99769
    outer loop
      vertex 0.788862 2.05917 2.65817
      vertex 0.658215 1.58907 2.6561
      vertex 0.686572 1.57622 2.65817
    endloop
  endfacet
  facet normal -0.0664047 0.0140616 0.997694
    outer loop
      vertex 0.788862 2.05917 2.65817
      vertex 0.552876 1.62872 2.64853
      vertex 0.658215 1.58907 2.6561
    endloop
  endfacet
  facet normal -0.0664507 0.0140869 0.99769
    outer loop
      vertex 0.552876 1.62872 2.64853
      vertex 0.788862 2.05917 2.65817
      vertex 0.47275 1.65303 2.64285
    endloop
  endfacet
  facet normal -0.287344 -0.936325 -0.201813
    outer loop
      vertex 0.831615 2.04228 2.67566
      vertex 0.502077 2.14718 2.65817
      vertex 0.788862 2.05917 2.65817
    endloop
  endfacet
  facet normal -0.430206 -0.879855 0.201936
    outer loop
      vertex 0.831615 2.04228 2.67566
      vertex 0.788862 2.05917 2.65817
      vertex 1.10111 1.91051 2.67566
    endloop
  endfacet
  facet normal 0.0629157 -0.0256282 -0.99769
    outer loop
      vertex 0.445168 1.66139 2.66706
      vertex 0.502077 2.14718 2.65817
      vertex 0.535918 1.63386 2.67349
    endloop
  endfacet
  facet normal 0.062837 -0.0256191 -0.997695
    outer loop
      vertex 0.335555 1.68695 2.6595
      vertex 0.502077 2.14718 2.65817
      vertex 0.445168 1.66139 2.66706
    endloop
  endfacet
  facet normal 0.0633153 -0.025792 -0.99766
    outer loop
      vertex 0.502077 2.14718 2.65817
      vertex 0.335555 1.68695 2.6595
      vertex 0.315918 1.69019 2.65817
    endloop
  endfacet
  facet normal 0.0442121 -0.0267321 -0.998664
    outer loop
      vertex 0.552876 1.62872 2.67439
      vertex 0.831615 2.04228 2.67566
      vertex 0.576242 1.61992 2.67566
    endloop
  endfacet
  facet normal 0.0447808 -0.0271155 -0.998629
    outer loop
      vertex 0.535918 1.63386 2.67349
      vertex 0.831615 2.04228 2.67566
      vertex 0.552876 1.62872 2.67439
    endloop
  endfacet
  facet normal 0.0444479 -0.0268744 -0.99865
    outer loop
      vertex 0.831615 2.04228 2.67566
      vertex 0.535918 1.63386 2.67349
      vertex 0.502077 2.14718 2.65817
    endloop
  endfacet
  facet normal -0.0508125 0.0107648 0.99865
    outer loop
      vertex 0.788862 2.05917 2.65817
      vertex 0.725283 1.55868 2.66033
      vertex 1.10111 1.91051 2.67566
    endloop
  endfacet
  facet normal -0.0508434 0.0107687 0.998649
    outer loop
      vertex 0.725283 1.55868 2.66033
      vertex 0.788862 2.05917 2.65817
      vertex 0.686572 1.57622 2.65817
    endloop
  endfacet
  facet normal -0.0634229 0.024287 0.997691
    outer loop
      vertex 1.10111 1.91051 2.67566
      vertex 0.86 1.48956 2.67058
      vertex 0.924545 1.44943 2.67566
    endloop
  endfacet
  facet normal -0.0634089 0.024279 0.997692
    outer loop
      vertex 1.10111 1.91051 2.67566
      vertex 0.760736 1.54262 2.66298
      vertex 0.86 1.48956 2.67058
    endloop
  endfacet
  facet normal -0.0635261 0.0243878 0.997682
    outer loop
      vertex 0.760736 1.54262 2.66298
      vertex 1.10111 1.91051 2.67566
      vertex 0.725283 1.55868 2.66033
    endloop
  endfacet
  facet normal -0.430224 -0.879891 -0.201742
    outer loop
      vertex 1.1407 1.88714 2.69316
      vertex 0.831615 2.04228 2.67566
      vertex 1.10111 1.91051 2.67566
    endloop
  endfacet
  facet normal -0.562504 -0.801785 0.201816
    outer loop
      vertex 1.1407 1.88714 2.69316
      vertex 1.10111 1.91051 2.67566
      vertex 1.38628 1.71485 2.69316
    endloop
  endfacet
  facet normal 0.0580336 -0.0351485 -0.997696
    outer loop
      vertex 0.760736 1.54262 2.68914
      vertex 0.831615 2.04228 2.67566
      vertex 0.784764 1.52978 2.69099
    endloop
  endfacet
  facet normal 0.0581263 -0.0351615 -0.99769
    outer loop
      vertex 0.658215 1.58907 2.68153
      vertex 0.831615 2.04228 2.67566
      vertex 0.760736 1.54262 2.68914
    endloop
  endfacet
  facet normal 0.0581998 -0.0351895 -0.997685
    outer loop
      vertex 0.831615 2.04228 2.67566
      vertex 0.658215 1.58907 2.68153
      vertex 0.576242 1.61992 2.67566
    endloop
  endfacet
  facet normal 0.0398134 -0.0335907 -0.998642
    outer loop
      vertex 0.784764 1.52978 2.69099
      vertex 1.1407 1.88714 2.69316
      vertex 0.822278 1.50973 2.69316
    endloop
  endfacet
  facet normal 0.0397258 -0.0335034 -0.998649
    outer loop
      vertex 1.1407 1.88714 2.69316
      vertex 0.784764 1.52978 2.69099
      vertex 0.831615 2.04228 2.67566
    endloop
  endfacet
  facet normal -0.0485333 0.0185838 0.998649
    outer loop
      vertex 1.10111 1.91051 2.67566
      vertex 0.960636 1.4265 2.67784
      vertex 1.38628 1.71485 2.69316
    endloop
  endfacet
  facet normal -0.0480085 0.0184316 0.998677
    outer loop
      vertex 1.10111 1.91051 2.67566
      vertex 0.955581 1.43013 2.67753
      vertex 0.960636 1.4265 2.67784
    endloop
  endfacet
  facet normal -0.0485981 0.0186101 0.998645
    outer loop
      vertex 0.955581 1.43013 2.67753
      vertex 1.10111 1.91051 2.67566
      vertex 0.924545 1.44943 2.67566
    endloop
  endfacet
  facet normal -0.0593325 0.0341852 0.997653
    outer loop
      vertex 1.38628 1.71485 2.69316
      vertex 1.13407 1.29316 2.69261
      vertex 1.14008 1.28754 2.69316
    endloop
  endfacet
  facet normal -0.0588657 0.0339059 0.99769
    outer loop
      vertex 1.38628 1.71485 2.69316
      vertex 1.04707 1.36457 2.68505
      vertex 1.13407 1.29316 2.69261
    endloop
  endfacet
  facet normal -0.0589034 0.0339425 0.997686
    outer loop
      vertex 1.04707 1.36457 2.68505
      vertex 1.38628 1.71485 2.69316
      vertex 0.960636 1.4265 2.67784
    endloop
  endfacet
  facet normal -0.562482 -0.801754 -0.202001
    outer loop
      vertex 1.42172 1.68558 2.71065
      vertex 1.1407 1.88714 2.69316
      vertex 1.38628 1.71485 2.69316
    endloop
  endfacet
  facet normal -0.680952 -0.704035 0.20159
    outer loop
      vertex 1.42172 1.68558 2.71065
      vertex 1.38628 1.71485 2.69316
      vertex 1.63735 1.47702 2.71065
    endloop
  endfacet
  facet normal 0.051936 -0.043807 -0.997689
    outer loop
      vertex 0.955581 1.43013 2.70359
      vertex 1.1407 1.88714 2.69316
      vertex 1.01425 1.38809 2.70849
    endloop
  endfacet
  facet normal 0.0519769 -0.0438235 -0.997686
    outer loop
      vertex 0.86 1.48956 2.696
      vertex 1.1407 1.88714 2.69316
      vertex 0.955581 1.43013 2.70359
    endloop
  endfacet
  facet normal 0.051763 -0.0436726 -0.997704
    outer loop
      vertex 1.1407 1.88714 2.69316
      vertex 0.86 1.48956 2.696
      vertex 0.822278 1.50973 2.69316
    endloop
  endfacet
  facet normal 0.0349837 -0.0404562 -0.998569
    outer loop
      vertex 1.04707 1.36457 2.71053
      vertex 1.42172 1.68558 2.71065
      vertex 1.04883 1.36313 2.71065
    endloop
  endfacet
  facet normal 0.0339477 -0.039247 -0.998653
    outer loop
      vertex 1.01425 1.38809 2.70849
      vertex 1.42172 1.68558 2.71065
      vertex 1.04707 1.36457 2.71053
    endloop
  endfacet
  facet normal 0.033976 -0.0392858 -0.99865
    outer loop
      vertex 1.42172 1.68558 2.71065
      vertex 1.01425 1.38809 2.70849
      vertex 1.1407 1.88714 2.69316
    endloop
  endfacet
  facet normal -0.0450133 0.0259215 0.99865
    outer loop
      vertex 1.38628 1.71485 2.69316
      vertex 1.17115 1.25844 2.69531
      vertex 1.63735 1.47702 2.71065
    endloop
  endfacet
  facet normal -0.0448846 0.0258608 0.998657
    outer loop
      vertex 1.17115 1.25844 2.69531
      vertex 1.38628 1.71485 2.69316
      vertex 1.14008 1.28754 2.69316
    endloop
  endfacet
  facet normal -0.0528418 0.0427054 0.997689
    outer loop
      vertex 1.63735 1.47702 2.71065
      vertex 1.29316 1.13407 2.7071
      vertex 1.32693 1.09292 2.71065
    endloop
  endfacet
  facet normal -0.0528951 0.042759 0.997684
    outer loop
      vertex 1.63735 1.47702 2.71065
      vertex 1.21622 1.21622 2.6995
      vertex 1.29316 1.13407 2.7071
    endloop
  endfacet
  facet normal -0.0528164 0.0426315 0.997694
    outer loop
      vertex 1.21622 1.21622 2.6995
      vertex 1.63735 1.47702 2.71065
      vertex 1.17115 1.25844 2.69531
    endloop
  endfacet
  facet normal -0.680843 -0.703923 -0.202352
    outer loop
      vertex 1.66778 1.44256 2.72814
      vertex 1.42172 1.68558 2.71065
      vertex 1.63735 1.47702 2.71065
    endloop
  endfacet
  facet normal -0.78269 -0.588903 0.201467
    outer loop
      vertex 1.66778 1.44256 2.72814
      vertex 1.63735 1.47702 2.71065
      vertex 1.84814 1.20285 2.72814
    endloop
  endfacet
  facet normal 0.0450598 -0.0516543 -0.997648
    outer loop
      vertex 1.21622 1.21622 2.72567
      vertex 1.42172 1.68558 2.71065
      vertex 1.21911 1.21314 2.72596
    endloop
  endfacet
  facet normal 0.044424 -0.0513773 -0.997691
    outer loop
      vertex 1.13407 1.29316 2.71805
      vertex 1.42172 1.68558 2.71065
      vertex 1.21622 1.21622 2.72567
    endloop
  endfacet
  facet normal 0.0444338 -0.0513844 -0.99769
    outer loop
      vertex 1.42172 1.68558 2.71065
      vertex 1.13407 1.29316 2.71805
      vertex 1.04883 1.36313 2.71065
    endloop
  endfacet
  facet normal 0.0273991 -0.0440943 -0.998652
    outer loop
      vertex 1.21911 1.21314 2.72596
      vertex 1.66778 1.44256 2.72814
      vertex 1.24834 1.18193 2.72814
    endloop
  endfacet
  facet normal 0.0274113 -0.0441181 -0.99865
    outer loop
      vertex 1.66778 1.44256 2.72814
      vertex 1.21911 1.21314 2.72596
      vertex 1.42172 1.68558 2.71065
    endloop
  endfacet
  facet normal -0.0403983 0.0326471 0.99865
    outer loop
      vertex 1.63735 1.47702 2.71065
      vertex 1.35397 1.05998 2.71282
      vertex 1.84814 1.20285 2.72814
    endloop
  endfacet
  facet normal -0.0403843 0.0326376 0.998651
    outer loop
      vertex 1.35397 1.05998 2.71282
      vertex 1.63735 1.47702 2.71065
      vertex 1.32693 1.09292 2.71065
    endloop
  endfacet
  facet normal -0.0455267 0.0504543 0.997688
    outer loop
      vertex 1.84814 1.20285 2.72814
      vertex 1.43013 0.955581 2.72157
      vertex 1.48188 0.872361 2.72814
    endloop
  endfacet
  facet normal -0.0455341 0.0504669 0.997687
    outer loop
      vertex 1.84814 1.20285 2.72814
      vertex 1.36457 1.04707 2.71395
      vertex 1.43013 0.955581 2.72157
    endloop
  endfacet
  facet normal -0.0454011 0.0500516 0.997714
    outer loop
      vertex 1.36457 1.04707 2.71395
      vertex 1.84814 1.20285 2.72814
      vertex 1.35397 1.05998 2.71282
    endloop
  endfacet
  facet normal -0.782645 -0.588869 -0.201744
    outer loop
      vertex 1.87281 1.16407 2.74563
      vertex 1.66778 1.44256 2.72814
      vertex 1.84814 1.20285 2.72814
    endloop
  endfacet
  facet normal -0.865058 -0.459253 0.201896
    outer loop
      vertex 1.87281 1.16407 2.74563
      vertex 1.84814 1.20285 2.72814
      vertex 2.01348 0.899101 2.74563
    endloop
  endfacet
  facet normal 0.0359228 -0.0577371 -0.997685
    outer loop
      vertex 1.36457 1.04707 2.74011
      vertex 1.66778 1.44256 2.72814
      vertex 1.39334 1.00691 2.74347
    endloop
  endfacet
  facet normal 0.0358077 -0.0576491 -0.997695
    outer loop
      vertex 1.29316 1.13407 2.73252
      vertex 1.66778 1.44256 2.72814
      vertex 1.36457 1.04707 2.74011
    endloop
  endfacet
  facet normal 0.0358649 -0.0577185 -0.997688
    outer loop
      vertex 1.66778 1.44256 2.72814
      vertex 1.29316 1.13407 2.73252
      vertex 1.24834 1.18193 2.72814
    endloop
  endfacet
  facet normal 0.0202121 -0.0479386 -0.998646
    outer loop
      vertex 1.39334 1.00691 2.74347
      vertex 1.87281 1.16407 2.74563
      vertex 1.41811 0.972357 2.74563
    endloop
  endfacet
  facet normal 0.0201855 -0.0478572 -0.99865
    outer loop
      vertex 1.87281 1.16407 2.74563
      vertex 1.39334 1.00691 2.74347
      vertex 1.66778 1.44256 2.72814
    endloop
  endfacet
  facet normal -0.0348021 0.0385589 0.99865
    outer loop
      vertex 1.84814 1.20285 2.72814
      vertex 1.50281 0.835223 2.7303
      vertex 2.01348 0.899101 2.74563
    endloop
  endfacet
  facet normal -0.0348453 0.0385995 0.998647
    outer loop
      vertex 1.84814 1.20285 2.72814
      vertex 1.48956 0.86 2.72888
      vertex 1.50281 0.835223 2.7303
    endloop
  endfacet
  facet normal -0.0345674 0.0383089 0.998668
    outer loop
      vertex 1.48956 0.86 2.72888
      vertex 1.84814 1.20285 2.72814
      vertex 1.48188 0.872361 2.72814
    endloop
  endfacet
  facet normal -0.0370432 0.056899 0.997692
    outer loop
      vertex 2.01348 0.899101 2.74563
      vertex 1.58907 0.658215 2.74361
      vertex 1.59978 0.629768 2.74563
    endloop
  endfacet
  facet normal -0.0370805 0.0569647 0.997687
    outer loop
      vertex 2.01348 0.899101 2.74563
      vertex 1.54262 0.760736 2.73603
      vertex 1.58907 0.658215 2.74361
    endloop
  endfacet
  facet normal -0.0370719 0.0569352 0.997689
    outer loop
      vertex 1.54262 0.760736 2.73603
      vertex 2.01348 0.899101 2.74563
      vertex 1.50281 0.835223 2.7303
    endloop
  endfacet
  facet normal -0.865027 -0.459236 -0.202067
    outer loop
      vertex 2.03178 0.856935 2.76312
      vertex 1.87281 1.16407 2.74563
      vertex 2.01348 0.899101 2.74563
    endloop
  endfacet
  facet normal -0.926276 -0.31837 0.201628
    outer loop
      vertex 2.03178 0.856935 2.76312
      vertex 2.01348 0.899101 2.74563
      vertex 2.12929 0.573236 2.76312
    endloop
  endfacet
  facet normal 0.0263868 -0.0625911 -0.99769
    outer loop
      vertex 1.48956 0.86 2.75457
      vertex 1.87281 1.16407 2.74563
      vertex 1.53392 0.777005 2.76095
    endloop
  endfacet
  facet normal 0.0263969 -0.0626039 -0.997689
    outer loop
      vertex 1.43013 0.955581 2.747
      vertex 1.87281 1.16407 2.74563
      vertex 1.48956 0.86 2.75457
    endloop
  endfacet
  facet normal 0.0263823 -0.0625729 -0.997692
    outer loop
      vertex 1.87281 1.16407 2.74563
      vertex 1.43013 0.955581 2.747
      vertex 1.41811 0.972357 2.74563
    endloop
  endfacet
  facet normal 0.012454 -0.0504546 -0.998649
    outer loop
      vertex 1.54262 0.760736 2.76188
      vertex 2.03178 0.856935 2.76312
      vertex 1.55262 0.738661 2.76312
    endloop
  endfacet
  facet normal 0.0124491 -0.0504295 -0.99865
    outer loop
      vertex 1.53392 0.777005 2.76095
      vertex 2.03178 0.856935 2.76312
      vertex 1.54262 0.760736 2.76188
    endloop
  endfacet
  facet normal 0.0124485 -0.0504256 -0.99865
    outer loop
      vertex 2.03178 0.856935 2.76312
      vertex 1.53392 0.777005 2.76095
      vertex 1.87281 1.16407 2.74563
    endloop
  endfacet
  facet normal -0.0283358 0.0435298 0.99865
    outer loop
      vertex 2.01348 0.899101 2.74563
      vertex 1.61475 0.589993 2.74779
      vertex 2.12929 0.573236 2.76312
    endloop
  endfacet
  facet normal -0.0283584 0.0435589 0.998648
    outer loop
      vertex 1.61475 0.589993 2.74779
      vertex 2.01348 0.899101 2.74563
      vertex 1.59978 0.629768 2.74563
    endloop
  endfacet
  facet normal -0.027694 0.0619954 0.997692
    outer loop
      vertex 2.12929 0.573236 2.76312
      vertex 1.66139 0.445168 2.75809
      vertex 1.67849 0.371859 2.76312
    endloop
  endfacet
  facet normal -0.0277179 0.0620831 0.997686
    outer loop
      vertex 2.12929 0.573236 2.76312
      vertex 1.62872 0.552876 2.75048
      vertex 1.66139 0.445168 2.75809
    endloop
  endfacet
  facet normal -0.0277099 0.0618774 0.997699
    outer loop
      vertex 1.62872 0.552876 2.75048
      vertex 2.12929 0.573236 2.76312
      vertex 1.61475 0.589993 2.74779
    endloop
  endfacet
  facet normal -0.926262 -0.318365 -0.201697
    outer loop
      vertex 2.14078 0.528726 2.78061
      vertex 2.03178 0.856935 2.76312
      vertex 2.12929 0.573236 2.76312
    endloop
  endfacet
  facet normal -0.964576 -0.169602 0.202058
    outer loop
      vertex 2.14078 0.528726 2.78061
      vertex 2.12929 0.573236 2.76312
      vertex 2.19273 0.233271 2.78061
    endloop
  endfacet
  facet normal 0.0162302 -0.0658773 -0.997696
    outer loop
      vertex 1.62872 0.552876 2.77664
      vertex 2.03178 0.856935 2.76312
      vertex 1.63641 0.52751 2.77844
    endloop
  endfacet
  facet normal 0.016283 -0.0659471 -0.99769
    outer loop
      vertex 1.58907 0.658215 2.76903
      vertex 2.03178 0.856935 2.76312
      vertex 1.62872 0.552876 2.77664
    endloop
  endfacet
  facet normal 0.0162722 -0.065923 -0.997692
    outer loop
      vertex 2.03178 0.856935 2.76312
      vertex 1.58907 0.658215 2.76903
      vertex 1.55262 0.738661 2.76312
    endloop
  endfacet
  facet normal 0.00442166 -0.0518914 -0.998643
    outer loop
      vertex 1.63641 0.52751 2.77844
      vertex 2.14078 0.528726 2.78061
      vertex 1.64876 0.486801 2.78061
    endloop
  endfacet
  facet normal 0.00442135 -0.0517489 -0.99865
    outer loop
      vertex 2.14078 0.528726 2.78061
      vertex 1.63641 0.52751 2.77844
      vertex 2.03178 0.856935 2.76312
    endloop
  endfacet
  facet normal -0.0211842 0.0474239 0.99865
    outer loop
      vertex 2.12929 0.573236 2.76312
      vertex 1.68784 0.330134 2.7653
      vertex 2.19273 0.233271 2.78061
    endloop
  endfacet
  facet normal -0.0215266 0.0480452 0.998613
    outer loop
      vertex 2.12929 0.573236 2.76312
      vertex 1.68695 0.335555 2.76502
      vertex 1.68784 0.330134 2.7653
    endloop
  endfacet
  facet normal -0.0211462 0.0473377 0.998655
    outer loop
      vertex 1.68695 0.335555 2.76502
      vertex 2.12929 0.573236 2.76312
      vertex 1.67849 0.371859 2.76312
    endloop
  endfacet
  facet normal -0.0178021 0.0660905 0.997655
    outer loop
      vertex 2.19273 0.233271 2.78061
      vertex 1.71632 0.112493 2.78011
      vertex 1.71656 0.10501 2.78061
    endloop
  endfacet
  facet normal -0.017677 0.0655967 0.99769
    outer loop
      vertex 2.19273 0.233271 2.78061
      vertex 1.70529 0.224504 2.77255
      vertex 1.71632 0.112493 2.78011
    endloop
  endfacet
  facet normal -0.0176763 0.0655573 0.997692
    outer loop
      vertex 1.70529 0.224504 2.77255
      vertex 2.19273 0.233271 2.78061
      vertex 1.68784 0.330134 2.7653
    endloop
  endfacet
  facet normal -0.96466 -0.169617 -0.201647
    outer loop
      vertex 2.19712 0.187511 2.7981
      vertex 2.14078 0.528726 2.78061
      vertex 2.19273 0.233271 2.78061
    endloop
  endfacet
  facet normal -0.979232 -0.0167154 0.202054
    outer loop
      vertex 2.19712 0.187511 2.7981
      vertex 2.19273 0.233271 2.78061
      vertex 2.20224 -0.112432 2.7981
    endloop
  endfacet
  facet normal 0.00577334 -0.0676908 -0.99769
    outer loop
      vertex 1.68695 0.335555 2.79109
      vertex 2.14078 0.528726 2.78061
      vertex 1.69859 0.265064 2.79594
    endloop
  endfacet
  facet normal 0.00575614 -0.0676506 -0.997692
    outer loop
      vertex 1.66139 0.445168 2.78351
      vertex 2.14078 0.528726 2.78061
      vertex 1.68695 0.335555 2.79109
    endloop
  endfacet
  facet normal 0.00577246 -0.0677439 -0.997686
    outer loop
      vertex 2.14078 0.528726 2.78061
      vertex 1.66139 0.445168 2.78351
      vertex 1.64876 0.486801 2.78061
    endloop
  endfacet
  facet normal -0.00378252 -0.052449 -0.998616
    outer loop
      vertex 1.70529 0.224504 2.79802
      vertex 2.19712 0.187511 2.7981
      vertex 1.70544 0.22297 2.7981
    endloop
  endfacet
  facet normal -0.00373595 -0.0518299 -0.998649
    outer loop
      vertex 1.69859 0.265064 2.79594
      vertex 2.19712 0.187511 2.7981
      vertex 1.70529 0.224504 2.79802
    endloop
  endfacet
  facet normal -0.00373208 -0.051805 -0.99865
    outer loop
      vertex 2.19712 0.187511 2.7981
      vertex 1.69859 0.265064 2.79594
      vertex 2.14078 0.528726 2.78061
    endloop
  endfacet
  facet normal -0.0135223 0.0501523 0.99865
    outer loop
      vertex 2.19273 0.233271 2.78061
      vertex 1.71796 0.0624497 2.78276
      vertex 2.20224 -0.112432 2.7981
    endloop
  endfacet
  facet normal -0.0134695 0.0500057 0.998658
    outer loop
      vertex 1.71796 0.0624497 2.78276
      vertex 2.19273 0.233271 2.78061
      vertex 1.71656 0.10501 2.78061
    endloop
  endfacet
  facet normal -0.00716827 0.0676629 0.997682
    outer loop
      vertex 2.20224 -0.112432 2.7981
      vertex 1.71796 0.0624497 2.78276
      vertex 1.72 0 2.78701
    endloop
  endfacet
  facet normal -0.00719467 0.0675504 0.99769
    outer loop
      vertex 1.71632 -0.112493 2.7946
      vertex 2.20224 -0.112432 2.7981
      vertex 1.72 0 2.78701
    endloop
  endfacet
  facet normal -0.00719467 0.067544 0.99769
    outer loop
      vertex 2.20224 -0.112432 2.7981
      vertex 1.71632 -0.112493 2.7946
      vertex 1.71117 -0.16474 2.7981
    endloop
  endfacet
  facet normal -0.979184 -0.0167146 -0.202285
    outer loop
      vertex 2.19941 -0.158313 2.81559
      vertex 2.19712 0.187511 2.7981
      vertex 2.20224 -0.112432 2.7981
    endloop
  endfacet
  facet normal -0.969929 0.136613 0.201433
    outer loop
      vertex 2.20224 -0.112432 2.7981
      vertex 2.15757 -0.455369 2.81559
      vertex 2.19941 -0.158313 2.81559
    endloop
  endfacet
  facet normal -0.00446418 -0.0688182 -0.997619
    outer loop
      vertex 2.19712 0.187511 2.7981
      vertex 1.71989 -0.00347201 2.81341
      vertex 1.72 0 2.81317
    endloop
  endfacet
  facet normal -0.00488976 -0.0677411 -0.997691
    outer loop
      vertex 1.71632 0.112493 2.80555
      vertex 2.19712 0.187511 2.7981
      vertex 1.72 0 2.81317
    endloop
  endfacet
  facet normal -0.00488674 -0.0677603 -0.99769
    outer loop
      vertex 2.19712 0.187511 2.7981
      vertex 1.71632 0.112493 2.80555
      vertex 1.70544 0.22297 2.7981
    endloop
  endfacet
  facet normal -0.0117941 -0.0505847 -0.99865
    outer loop
      vertex 2.19941 -0.158313 2.81559
      vertex 1.71989 -0.00347201 2.81341
      vertex 2.19712 0.187511 2.7981
    endloop
  endfacet
  facet normal -0.0117796 -0.0505397 -0.998653
    outer loop
      vertex 1.71989 -0.00347201 2.81341
      vertex 2.19941 -0.158313 2.81559
      vertex 1.71849 -0.046222 2.81559
    endloop
  endfacet
  facet normal -0.00550142 0.0516476 0.99865
    outer loop
      vertex 1.707 -0.207143 2.80027
      vertex 2.20224 -0.112432 2.7981
      vertex 1.71117 -0.16474 2.7981
    endloop
  endfacet
  facet normal -0.00550158 0.0516484 0.99865
    outer loop
      vertex 2.20224 -0.112432 2.7981
      vertex 1.707 -0.207143 2.80027
      vertex 2.15757 -0.455369 2.81559
    endloop
  endfacet
  facet normal 0.00355896 0.0680346 0.997677
    outer loop
      vertex 1.70529 -0.224504 2.80146
      vertex 2.15757 -0.455369 2.81559
      vertex 1.707 -0.207143 2.80027
    endloop
  endfacet
  facet normal 0.00343919 0.067801 0.997693
    outer loop
      vertex 1.68695 -0.335555 2.80907
      vertex 2.15757 -0.455369 2.81559
      vertex 1.70529 -0.224504 2.80146
    endloop
  endfacet
  facet normal 0.00345558 0.0678652 0.997689
    outer loop
      vertex 2.15757 -0.455369 2.81559
      vertex 1.68695 -0.335555 2.80907
      vertex 1.66486 -0.430281 2.81559
    endloop
  endfacet
  facet normal -0.969853 0.136603 -0.201804
    outer loop
      vertex 2.15757 -0.455369 2.81559
      vertex 2.14761 -0.500245 2.83308
      vertex 2.19941 -0.158313 2.81559
    endloop
  endfacet
  facet normal -0.936548 0.286553 0.201905
    outer loop
      vertex 2.15757 -0.455369 2.81559
      vertex 2.05984 -0.787106 2.83308
      vertex 2.14761 -0.500245 2.83308
    endloop
  endfacet
  facet normal -0.0154266 -0.066187 -0.997688
    outer loop
      vertex 2.19941 -0.158313 2.81559
      vertex 1.71632 -0.112493 2.82002
      vertex 1.71849 -0.046222 2.81559
    endloop
  endfacet
  facet normal -0.0154255 -0.0661747 -0.997689
    outer loop
      vertex 2.19941 -0.158313 2.81559
      vertex 1.70529 -0.224504 2.82762
      vertex 1.71632 -0.112493 2.82002
    endloop
  endfacet
  facet normal -0.0154473 -0.0660137 -0.997699
    outer loop
      vertex 1.70529 -0.224504 2.82762
      vertex 2.19941 -0.158313 2.81559
      vertex 1.69736 -0.272523 2.83092
    endloop
  endfacet
  facet normal -0.0195468 -0.0481203 -0.99865
    outer loop
      vertex 2.14761 -0.500245 2.83308
      vertex 1.69736 -0.272523 2.83092
      vertex 2.19941 -0.158313 2.81559
    endloop
  endfacet
  facet normal -0.0195847 -0.0481952 -0.998646
    outer loop
      vertex 1.69736 -0.272523 2.83092
      vertex 2.14761 -0.500245 2.83308
      vertex 1.69043 -0.314464 2.83308
    endloop
  endfacet
  facet normal 0.00263303 0.0517107 0.998659
    outer loop
      vertex 1.66139 -0.445168 2.81637
      vertex 2.15757 -0.455369 2.81559
      vertex 1.66486 -0.430281 2.81559
    endloop
  endfacet
  facet normal 0.00263542 0.0518278 0.998653
    outer loop
      vertex 1.65345 -0.471355 2.81775
      vertex 2.15757 -0.455369 2.81559
      vertex 1.66139 -0.445168 2.81637
    endloop
  endfacet
  facet normal 0.00263391 0.0518754 0.99865
    outer loop
      vertex 2.15757 -0.455369 2.81559
      vertex 1.65345 -0.471355 2.81775
      vertex 2.05984 -0.787106 2.83308
    endloop
  endfacet
  facet normal 0.0140211 0.0664847 0.997689
    outer loop
      vertex 1.62872 -0.552876 2.82353
      vertex 2.05984 -0.787106 2.83308
      vertex 1.65345 -0.471355 2.81775
    endloop
  endfacet
  facet normal 0.0140344 0.0665091 0.997687
    outer loop
      vertex 1.58907 -0.658215 2.83111
      vertex 2.05984 -0.787106 2.83308
      vertex 1.62872 -0.552876 2.82353
    endloop
  endfacet
  facet normal 0.0140061 0.0664059 0.997694
    outer loop
      vertex 2.05984 -0.787106 2.83308
      vertex 1.58907 -0.658215 2.83111
      vertex 1.57683 -0.685231 2.83308
    endloop
  endfacet
  facet normal -0.936604 0.28657 -0.20162
    outer loop
      vertex 2.05984 -0.787106 2.83308
      vertex 2.04299 -0.829872 2.85057
      vertex 2.14761 -0.500245 2.83308
    endloop
  endfacet
  facet normal -0.88017 0.429462 0.202144
    outer loop
      vertex 2.05984 -0.787106 2.83308
      vertex 1.91144 -1.09948 2.85057
      vertex 2.04299 -0.829872 2.85057
    endloop
  endfacet
  facet normal -0.0255809 -0.0629509 -0.997689
    outer loop
      vertex 2.14761 -0.500245 2.83308
      vertex 1.68695 -0.335555 2.8345
      vertex 1.69043 -0.314464 2.83308
    endloop
  endfacet
  facet normal -0.0255762 -0.0629376 -0.99769
    outer loop
      vertex 2.14761 -0.500245 2.83308
      vertex 1.66139 -0.445168 2.84207
      vertex 1.68695 -0.335555 2.8345
    endloop
  endfacet
  facet normal -0.0255741 -0.0629191 -0.997691
    outer loop
      vertex 1.66139 -0.445168 2.84207
      vertex 2.14761 -0.500245 2.83308
      vertex 1.63429 -0.534526 2.8484
    endloop
  endfacet
  facet normal -0.0268347 -0.0444713 -0.99865
    outer loop
      vertex 2.04299 -0.829872 2.85057
      vertex 1.63429 -0.534526 2.8484
      vertex 2.14761 -0.500245 2.83308
    endloop
  endfacet
  facet normal -0.026937 -0.0446127 -0.998641
    outer loop
      vertex 2.04299 -0.829872 2.85057
      vertex 1.62872 -0.552876 2.84937
      vertex 1.63429 -0.534526 2.8484
    endloop
  endfacet
  facet normal -0.0267902 -0.0443933 -0.998655
    outer loop
      vertex 1.62872 -0.552876 2.84937
      vertex 2.04299 -0.829872 2.85057
      vertex 1.62044 -0.574874 2.85057
    endloop
  endfacet
  facet normal 0.0107279 0.0508631 0.998648
    outer loop
      vertex 1.55929 -0.723941 2.83524
      vertex 2.05984 -0.787106 2.83308
      vertex 1.57683 -0.685231 2.83308
    endloop
  endfacet
  facet normal 0.0107226 0.050821 0.99865
    outer loop
      vertex 2.05984 -0.787106 2.83308
      vertex 1.55929 -0.723941 2.83524
      vertex 1.91144 -1.09948 2.85057
    endloop
  endfacet
  facet normal 0.0241362 0.0633604 0.997699
    outer loop
      vertex 1.54262 -0.760736 2.83798
      vertex 1.91144 -1.09948 2.85057
      vertex 1.55929 -0.723941 2.83524
    endloop
  endfacet
  facet normal 0.024275 0.063511 0.997686
    outer loop
      vertex 1.48956 -0.86 2.84559
      vertex 1.91144 -1.09948 2.85057
      vertex 1.54262 -0.760736 2.83798
    endloop
  endfacet
  facet normal 0.0242264 0.0634255 0.997692
    outer loop
      vertex 1.91144 -1.09948 2.85057
      vertex 1.48956 -0.86 2.84559
      vertex 1.4502 -0.923302 2.85057
    endloop
  endfacet
  facet normal -0.880294 0.429522 -0.201479
    outer loop
      vertex 1.91144 -1.09948 2.85057
      vertex 1.88811 -1.13909 2.86806
      vertex 2.04299 -0.829872 2.85057
    endloop
  endfacet
  facet normal -0.802207 0.56177 0.202186
    outer loop
      vertex 1.91144 -1.09948 2.85057
      vertex 1.71603 -1.38482 2.86806
      vertex 1.88811 -1.13909 2.86806
    endloop
  endfacet
  facet normal -0.0350869 -0.0581415 -0.997692
    outer loop
      vertex 2.04299 -0.829872 2.85057
      vertex 1.58907 -0.658215 2.85653
      vertex 1.62044 -0.574874 2.85057
    endloop
  endfacet
  facet normal -0.0350929 -0.0581574 -0.99769
    outer loop
      vertex 2.04299 -0.829872 2.85057
      vertex 1.54262 -0.760736 2.86414
      vertex 1.58907 -0.658215 2.85653
    endloop
  endfacet
  facet normal -0.0351371 -0.0584811 -0.99767
    outer loop
      vertex 1.54262 -0.760736 2.86414
      vertex 2.04299 -0.829872 2.85057
      vertex 1.53047 -0.783461 2.8659
    endloop
  endfacet
  facet normal -0.0334677 -0.0397225 -0.99865
    outer loop
      vertex 1.88811 -1.13909 2.86806
      vertex 1.53047 -0.783461 2.8659
      vertex 2.04299 -0.829872 2.85057
    endloop
  endfacet
  facet normal -0.0333916 -0.039646 -0.998656
    outer loop
      vertex 1.53047 -0.783461 2.8659
      vertex 1.88811 -1.13909 2.86806
      vertex 1.51042 -0.820983 2.86806
    endloop
  endfacet
  facet normal 0.0185258 0.0485012 0.998651
    outer loop
      vertex 1.43013 -0.955581 2.85251
      vertex 1.91144 -1.09948 2.85057
      vertex 1.4502 -0.923302 2.85057
    endloop
  endfacet
  facet normal 0.0185375 0.0485402 0.998649
    outer loop
      vertex 1.42735 -0.959457 2.85275
      vertex 1.91144 -1.09948 2.85057
      vertex 1.43013 -0.955581 2.85251
    endloop
  endfacet
  facet normal 0.018532 0.0485213 0.99865
    outer loop
      vertex 1.91144 -1.09948 2.85057
      vertex 1.42735 -0.959457 2.85275
      vertex 1.71603 -1.38482 2.86806
    endloop
  endfacet
  facet normal 0.0338432 0.0588779 0.997691
    outer loop
      vertex 1.36457 -1.04707 2.86005
      vertex 1.71603 -1.38482 2.86806
      vertex 1.42735 -0.959457 2.85275
    endloop
  endfacet
  facet normal 0.0338642 0.0588998 0.997689
    outer loop
      vertex 1.29316 -1.13407 2.86761
      vertex 1.71603 -1.38482 2.86806
      vertex 1.36457 -1.04707 2.86005
    endloop
  endfacet
  facet normal 0.0340545 0.0592206 0.997664
    outer loop
      vertex 1.71603 -1.38482 2.86806
      vertex 1.29316 -1.13407 2.86761
      vertex 1.28855 -1.139 2.86806
    endloop
  endfacet
  facet normal -0.802259 0.561807 -0.201874
    outer loop
      vertex 1.71603 -1.38482 2.86806
      vertex 1.68679 -1.42029 2.88555
      vertex 1.88811 -1.13909 2.86806
    endloop
  endfacet
  facet normal -0.704561 0.680335 0.201837
    outer loop
      vertex 1.71603 -1.38482 2.86806
      vertex 1.47841 -1.63609 2.88555
      vertex 1.68679 -1.42029 2.88555
    endloop
  endfacet
  facet normal -0.0438069 -0.0520122 -0.997685
    outer loop
      vertex 1.88811 -1.13909 2.86806
      vertex 1.48956 -0.86 2.87101
      vertex 1.51042 -0.820983 2.86806
    endloop
  endfacet
  facet normal -0.0437441 -0.0519224 -0.997693
    outer loop
      vertex 1.88811 -1.13909 2.86806
      vertex 1.43013 -0.955581 2.87859
      vertex 1.48956 -0.86 2.87101
    endloop
  endfacet
  facet normal -0.0437584 -0.0519582 -0.99769
    outer loop
      vertex 1.43013 -0.955581 2.87859
      vertex 1.88811 -1.13909 2.86806
      vertex 1.38894 -1.01306 2.88339
    endloop
  endfacet
  facet normal -0.0392561 -0.0340091 -0.99865
    outer loop
      vertex 1.68679 -1.42029 2.88555
      vertex 1.38894 -1.01306 2.88339
      vertex 1.88811 -1.13909 2.86806
    endloop
  endfacet
  facet normal -0.0393335 -0.0340656 -0.998645
    outer loop
      vertex 1.68679 -1.42029 2.88555
      vertex 1.36457 -1.04707 2.88551
      vertex 1.38894 -1.01306 2.88339
    endloop
  endfacet
  facet normal -0.0374875 -0.0324719 -0.998769
    outer loop
      vertex 1.36457 -1.04707 2.88551
      vertex 1.68679 -1.42029 2.88555
      vertex 1.36405 -1.0477 2.88555
    endloop
  endfacet
  facet normal 0.0259395 0.0451086 0.998645
    outer loop
      vertex 1.25944 -1.17008 2.87022
      vertex 1.71603 -1.38482 2.86806
      vertex 1.28855 -1.139 2.86806
    endloop
  endfacet
  facet normal 0.0258983 0.0450211 0.99865
    outer loop
      vertex 1.71603 -1.38482 2.86806
      vertex 1.25944 -1.17008 2.87022
      vertex 1.47841 -1.63609 2.88555
    endloop
  endfacet
  facet normal 0.0426156 0.0528447 0.997693
    outer loop
      vertex 1.21622 -1.21622 2.87451
      vertex 1.47841 -1.63609 2.88555
      vertex 1.25944 -1.17008 2.87022
    endloop
  endfacet
  facet normal 0.0426596 0.0528721 0.99769
    outer loop
      vertex 1.13407 -1.29316 2.8821
      vertex 1.47841 -1.63609 2.88555
      vertex 1.21622 -1.21622 2.87451
    endloop
  endfacet
  facet normal 0.0426446 0.052857 0.997691
    outer loop
      vertex 1.47841 -1.63609 2.88555
      vertex 1.13407 -1.29316 2.8821
      vertex 1.09406 -1.326 2.88555
    endloop
  endfacet
  facet normal -0.704578 0.680352 -0.201718
    outer loop
      vertex 1.47841 -1.63609 2.88555
      vertex 1.44399 -1.66655 2.90304
      vertex 1.68679 -1.42029 2.88555
    endloop
  endfacet
  facet normal -0.589519 0.782107 0.20193
    outer loop
      vertex 1.47841 -1.63609 2.88555
      vertex 1.20443 -1.84712 2.90304
      vertex 1.44399 -1.66655 2.90304
    endloop
  endfacet
  facet normal -0.0513552 -0.0444842 -0.997689
    outer loop
      vertex 1.68679 -1.42029 2.88555
      vertex 1.29316 -1.13407 2.89305
      vertex 1.36405 -1.0477 2.88555
    endloop
  endfacet
  facet normal -0.0513381 -0.0444607 -0.997691
    outer loop
      vertex 1.68679 -1.42029 2.88555
      vertex 1.21622 -1.21622 2.90067
      vertex 1.29316 -1.13407 2.89305
    endloop
  endfacet
  facet normal -0.0520081 -0.0460135 -0.997586
    outer loop
      vertex 1.21622 -1.21622 2.90067
      vertex 1.68679 -1.42029 2.88555
      vertex 1.21423 -1.21809 2.90086
    endloop
  endfacet
  facet normal -0.0440986 -0.0274476 -0.99865
    outer loop
      vertex 1.44399 -1.66655 2.90304
      vertex 1.21423 -1.21809 2.90086
      vertex 1.68679 -1.42029 2.88555
    endloop
  endfacet
  facet normal -0.0440342 -0.0274146 -0.998654
    outer loop
      vertex 1.21423 -1.21809 2.90086
      vertex 1.44399 -1.66655 2.90304
      vertex 1.183 -1.24734 2.90304
    endloop
  endfacet
  facet normal 0.0326203 0.0404322 0.99865
    outer loop
      vertex 1.06113 -1.35303 2.88772
      vertex 1.47841 -1.63609 2.88555
      vertex 1.09406 -1.326 2.88555
    endloop
  endfacet
  facet normal 0.0326146 0.0404238 0.99865
    outer loop
      vertex 1.47841 -1.63609 2.88555
      vertex 1.06113 -1.35303 2.88772
      vertex 1.20443 -1.84712 2.90304
    endloop
  endfacet
  facet normal 0.0505625 0.0455991 0.997679
    outer loop
      vertex 1.04707 -1.36457 2.88896
      vertex 1.20443 -1.84712 2.90304
      vertex 1.06113 -1.35303 2.88772
    endloop
  endfacet
  facet normal 0.050359 0.0455331 0.997693
    outer loop
      vertex 0.955581 -1.43013 2.89657
      vertex 1.20443 -1.84712 2.90304
      vertex 1.04707 -1.36457 2.88896
    endloop
  endfacet
  facet normal 0.0504065 0.0455614 0.997689
    outer loop
      vertex 1.20443 -1.84712 2.90304
      vertex 0.955581 -1.43013 2.89657
      vertex 0.873601 -1.48111 2.90304
    endloop
  endfacet
  facet normal -0.589479 0.782055 -0.20225
    outer loop
      vertex 1.20443 -1.84712 2.90304
      vertex 1.16566 -1.87182 2.92053
      vertex 1.44399 -1.66655 2.90304
    endloop
  endfacet
  facet normal -0.460026 0.864743 0.201484
    outer loop
      vertex 1.20443 -1.84712 2.90304
      vertex 0.900819 -2.01271 2.92053
      vertex 1.16566 -1.87182 2.92053
    endloop
  endfacet
  facet normal -0.0577052 -0.0359259 -0.997687
    outer loop
      vertex 1.44399 -1.66655 2.90304
      vertex 1.13407 -1.29316 2.90752
      vertex 1.183 -1.24734 2.90304
    endloop
  endfacet
  facet normal -0.0576821 -0.0359067 -0.997689
    outer loop
      vertex 1.44399 -1.66655 2.90304
      vertex 1.04707 -1.36457 2.91512
      vertex 1.13407 -1.29316 2.90752
    endloop
  endfacet
  facet normal -0.057717 -0.0359527 -0.997685
    outer loop
      vertex 1.04707 -1.36457 2.91512
      vertex 1.44399 -1.66655 2.90304
      vertex 1.00811 -1.39249 2.91838
    endloop
  endfacet
  facet normal -0.0478511 -0.0202075 -0.99865
    outer loop
      vertex 1.16566 -1.87182 2.92053
      vertex 1.00811 -1.39249 2.91838
      vertex 1.44399 -1.66655 2.90304
    endloop
  endfacet
  facet normal -0.0476938 -0.0201558 -0.998659
    outer loop
      vertex 1.00811 -1.39249 2.91838
      vertex 1.16566 -1.87182 2.92053
      vertex 0.973555 -1.41725 2.92053
    endloop
  endfacet
  facet normal 0.0385564 0.0348504 0.998649
    outer loop
      vertex 0.86 -1.48956 2.90386
      vertex 1.20443 -1.84712 2.90304
      vertex 0.873601 -1.48111 2.90304
    endloop
  endfacet
  facet normal 0.0386878 0.0349769 0.998639
    outer loop
      vertex 0.836508 -1.50212 2.90521
      vertex 1.20443 -1.84712 2.90304
      vertex 0.86 -1.48956 2.90386
    endloop
  endfacet
  facet normal 0.038539 0.0348182 0.99865
    outer loop
      vertex 1.20443 -1.84712 2.90304
      vertex 0.836508 -1.50212 2.90521
      vertex 0.900819 -2.01271 2.92053
    endloop
  endfacet
  facet normal 0.0568076 0.0370905 0.997696
    outer loop
      vertex 0.760736 -1.54262 2.91103
      vertex 0.900819 -2.01271 2.92053
      vertex 0.836508 -1.50212 2.90521
    endloop
  endfacet
  facet normal 0.0569421 0.0371304 0.997687
    outer loop
      vertex 0.658215 -1.58907 2.91861
      vertex 0.900819 -2.01271 2.92053
      vertex 0.760736 -1.54262 2.91103
    endloop
  endfacet
  facet normal 0.0568126 0.0370563 0.997697
    outer loop
      vertex 0.900819 -2.01271 2.92053
      vertex 0.658215 -1.58907 2.91861
      vertex 0.631144 -1.59926 2.92053
    endloop
  endfacet
  facet normal -0.459985 0.864667 -0.201904
    outer loop
      vertex 0.900819 -2.01271 2.92053
      vertex 0.858667 -2.03105 2.93802
      vertex 1.16566 -1.87182 2.92053
    endloop
  endfacet
  facet normal -0.319142 0.925969 0.201818
    outer loop
      vertex 0.900819 -2.01271 2.92053
      vertex 0.575052 -2.1288 2.93802
      vertex 0.858667 -2.03105 2.93802
    endloop
  endfacet
  facet normal -0.0626291 -0.0264676 -0.997686
    outer loop
      vertex 1.16566 -1.87182 2.92053
      vertex 0.955581 -1.43013 2.922
      vertex 0.973555 -1.41725 2.92053
    endloop
  endfacet
  facet normal -0.0625758 -0.0264422 -0.99769
    outer loop
      vertex 1.16566 -1.87182 2.92053
      vertex 0.86 -1.48956 2.92957
      vertex 0.955581 -1.43013 2.922
    endloop
  endfacet
  facet normal -0.0625533 -0.0264242 -0.997692
    outer loop
      vertex 0.86 -1.48956 2.92957
      vertex 1.16566 -1.87182 2.92053
      vertex 0.778289 -1.53324 2.93585
    endloop
  endfacet
  facet normal -0.0504151 -0.0124934 -0.99865
    outer loop
      vertex 0.858667 -2.03105 2.93802
      vertex 0.778289 -1.53324 2.93585
      vertex 1.16566 -1.87182 2.92053
    endloop
  endfacet
  facet normal -0.0507557 -0.0125483 -0.998632
    outer loop
      vertex 0.858667 -2.03105 2.93802
      vertex 0.760736 -1.54262 2.93686
      vertex 0.778289 -1.53324 2.93585
    endloop
  endfacet
  facet normal -0.0502084 -0.0124386 -0.998661
    outer loop
      vertex 0.760736 -1.54262 2.93686
      vertex 0.858667 -2.03105 2.93802
      vertex 0.739992 -1.55202 2.93802
    endloop
  endfacet
  facet normal 0.0435437 0.0284016 0.998648
    outer loop
      vertex 0.59137 -1.61423 2.92269
      vertex 0.900819 -2.01271 2.92053
      vertex 0.631144 -1.59926 2.92053
    endloop
  endfacet
  facet normal 0.0435056 0.028372 0.99865
    outer loop
      vertex 0.900819 -2.01271 2.92053
      vertex 0.59137 -1.61423 2.92269
      vertex 0.575052 -2.1288 2.93802
    endloop
  endfacet
  facet normal 0.0621233 0.0277528 0.997683
    outer loop
      vertex 0.552876 -1.62872 2.92549
      vertex 0.575052 -2.1288 2.93802
      vertex 0.59137 -1.61423 2.92269
    endloop
  endfacet
  facet normal 0.0619821 0.0277467 0.997692
    outer loop
      vertex 0.445168 -1.66139 2.93309
      vertex 0.575052 -2.1288 2.93802
      vertex 0.552876 -1.62872 2.92549
    endloop
  endfacet
  facet normal 0.0619577 0.02774 0.997693
    outer loop
      vertex 0.575052 -2.1288 2.93802
      vertex 0.445168 -1.66139 2.93309
      vertex 0.373285 -1.67815 2.93802
    endloop
  endfacet
  facet normal -0.319158 0.926016 -0.201577
    outer loop
      vertex 0.575052 -2.1288 2.93802
      vertex 0.530552 -2.14033 2.95551
      vertex 0.858667 -2.03105 2.93802
    endloop
  endfacet
  facet normal -0.170414 0.964407 0.202183
    outer loop
      vertex 0.575052 -2.1288 2.93802
      vertex 0.235142 -2.19253 2.95551
      vertex 0.530552 -2.14033 2.95551
    endloop
  endfacet
  facet normal -0.0659235 -0.0163319 -0.997691
    outer loop
      vertex 0.858667 -2.03105 2.93802
      vertex 0.658215 -1.58907 2.94403
      vertex 0.739992 -1.55202 2.93802
    endloop
  endfacet
  facet normal -0.0660085 -0.0163705 -0.997685
    outer loop
      vertex 0.858667 -2.03105 2.93802
      vertex 0.552876 -1.62872 2.95165
      vertex 0.658215 -1.58907 2.94403
    endloop
  endfacet
  facet normal -0.0658795 -0.0162721 -0.997695
    outer loop
      vertex 0.552876 -1.62872 2.95165
      vertex 0.858667 -2.03105 2.93802
      vertex 0.528924 -1.63598 2.95335
    endloop
  endfacet
  facet normal -0.0517524 -0.00444401 -0.99865
    outer loop
      vertex 0.530552 -2.14033 2.95551
      vertex 0.528924 -1.63598 2.95335
      vertex 0.858667 -2.03105 2.93802
    endloop
  endfacet
  facet normal -0.0516289 -0.00444364 -0.998656
    outer loop
      vertex 0.528924 -1.63598 2.95335
      vertex 0.530552 -2.14033 2.95551
      vertex 0.488207 -1.64834 2.95551
    endloop
  endfacet
  facet normal 0.047452 0.0212454 0.998648
    outer loop
      vertex 0.335555 -1.68695 2.94
      vertex 0.575052 -2.1288 2.93802
      vertex 0.373285 -1.67815 2.93802
    endloop
  endfacet
  facet normal 0.046631 0.0208002 0.998696
    outer loop
      vertex 0.331566 -1.68761 2.9402
      vertex 0.575052 -2.1288 2.93802
      vertex 0.335555 -1.68695 2.94
    endloop
  endfacet
  facet normal 0.0474053 0.0212278 0.99865
    outer loop
      vertex 0.575052 -2.1288 2.93802
      vertex 0.331566 -1.68761 2.9402
      vertex 0.235142 -2.19253 2.95551
    endloop
  endfacet
  facet normal 0.0656611 0.0177122 0.997685
    outer loop
      vertex 0.224504 -1.70529 2.94756
      vertex 0.235142 -2.19253 2.95551
      vertex 0.331566 -1.68761 2.9402
    endloop
  endfacet
  facet normal 0.0655049 0.017709 0.997695
    outer loop
      vertex 0.112493 -1.71632 2.95511
      vertex 0.235142 -2.19253 2.95551
      vertex 0.224504 -1.70529 2.94756
    endloop
  endfacet
  facet normal 0.0658707 0.0178032 0.997669
    outer loop
      vertex 0.235142 -2.19253 2.95551
      vertex 0.112493 -1.71632 2.95511
      vertex 0.106486 -1.71651 2.95551
    endloop
  endfacet
  facet normal -0.170436 0.96453 -0.201578
    outer loop
      vertex 0.235142 -2.19253 2.95551
      vertex 0.189386 -2.19696 2.973
      vertex 0.530552 -2.14033 2.95551
    endloop
  endfacet
  facet normal -0.0175312 0.979197 0.202154
    outer loop
      vertex 0.235142 -2.19253 2.95551
      vertex -0.110552 -2.20233 2.973
      vertex 0.189386 -2.19696 2.973
    endloop
  endfacet
  facet normal -0.067774 -0.00583323 -0.997684
    outer loop
      vertex 0.530552 -2.14033 2.95551
      vertex 0.445168 -1.66139 2.95851
      vertex 0.488207 -1.64834 2.95551
    endloop
  endfacet
  facet normal -0.0676383 -0.00580897 -0.997693
    outer loop
      vertex 0.530552 -2.14033 2.95551
      vertex 0.335555 -1.68695 2.96609
      vertex 0.445168 -1.66139 2.95851
    endloop
  endfacet
  facet normal -0.0678057 -0.00588125 -0.997681
    outer loop
      vertex 0.335555 -1.68695 2.96609
      vertex 0.530552 -2.14033 2.95551
      vertex 0.266506 -1.69835 2.97085
    endloop
  endfacet
  facet normal -0.0518116 0.00370753 -0.99865
    outer loop
      vertex 0.189386 -2.19696 2.973
      vertex 0.266506 -1.69835 2.97085
      vertex 0.530552 -2.14033 2.95551
    endloop
  endfacet
  facet normal -0.0517297 0.00369484 -0.998654
    outer loop
      vertex 0.266506 -1.69835 2.97085
      vertex 0.189386 -2.19696 2.973
      vertex 0.224504 -1.70529 2.973
    endloop
  endfacet
  facet normal -0 0 -1
    outer loop
      vertex 0.224504 -1.70529 2.973
      vertex 0.189386 -2.19696 2.973
      vertex 0.224421 -1.70529 2.973
    endloop
  endfacet
  facet normal 0.0502216 0.0135736 0.998646
    outer loop
      vertex 0.0639132 -1.71791 2.95767
      vertex 0.235142 -2.19253 2.95551
      vertex 0.106486 -1.71651 2.95551
    endloop
  endfacet
  facet normal 0.0501416 0.0135447 0.99865
    outer loop
      vertex 0.235142 -2.19253 2.95551
      vertex 0.0639132 -1.71791 2.95767
      vertex -0.110552 -2.20233 2.973
    endloop
  endfacet
  facet normal 0.0675105 0.00725896 0.997692
    outer loop
      vertex 0 -1.72 2.96201
      vertex -0.110552 -2.20233 2.973
      vertex 0.0639132 -1.71791 2.95767
    endloop
  endfacet
  facet normal 0.0675521 0.00724936 0.997689
    outer loop
      vertex -0.112493 -1.71632 2.9696
      vertex -0.110552 -2.20233 2.973
      vertex 0 -1.72 2.96201
    endloop
  endfacet
  facet normal 0.0675068 0.0072492 0.997692
    outer loop
      vertex -0.110552 -2.20233 2.973
      vertex -0.112493 -1.71632 2.9696
      vertex -0.163279 -1.71132 2.973
    endloop
  endfacet
  facet normal -0.0175331 0.9793 -0.201655
    outer loop
      vertex -0.110552 -2.20233 2.973
      vertex -0.156436 -2.19955 2.99049
      vertex 0.189386 -2.19696 2.973
    endloop
  endfacet
  facet normal 0.13578 0.969919 0.202043
    outer loop
      vertex -0.110552 -2.20233 2.973
      vertex -0.453527 -2.15796 2.99049
      vertex -0.156436 -2.19955 2.99049
    endloop
  endfacet
  facet normal -0.0677741 0.00482939 -0.997689
    outer loop
      vertex 0.189386 -2.19696 2.973
      vertex 0.112493 -1.71632 2.98055
      vertex 0.224421 -1.70529 2.973
    endloop
  endfacet
  facet normal -0.0677393 0.00483499 -0.997691
    outer loop
      vertex 0.189386 -2.19696 2.973
      vertex 0 -1.72 2.98817
      vertex 0.112493 -1.71632 2.98055
    endloop
  endfacet
  facet normal -0.0701873 0.00385771 -0.997526
    outer loop
      vertex 0 -1.72 2.98817
      vertex 0.189386 -2.19696 2.973
      vertex -0.00198588 -1.71993 2.98831
    endloop
  endfacet
  facet normal -0.0505949 0.0117537 -0.99865
    outer loop
      vertex -0.156436 -2.19955 2.99049
      vertex -0.00198588 -1.71993 2.98831
      vertex 0.189386 -2.19696 2.973
    endloop
  endfacet
  facet normal -0.0505157 0.0117282 -0.998654
    outer loop
      vertex -0.00198588 -1.71993 2.98831
      vertex -0.156436 -2.19955 2.99049
      vertex -0.0447577 -1.71853 2.99049
    endloop
  endfacet
  facet normal 0.0516693 0.00554849 0.998649
    outer loop
      vertex -0.205669 -1.70714 2.97517
      vertex -0.110552 -2.20233 2.973
      vertex -0.163279 -1.71132 2.973
    endloop
  endfacet
  facet normal 0.0516433 0.0055435 0.99865
    outer loop
      vertex -0.110552 -2.20233 2.973
      vertex -0.205669 -1.70714 2.97517
      vertex -0.453527 -2.15796 2.99049
    endloop
  endfacet
  facet normal 0.0679892 -0.00347634 0.99768
    outer loop
      vertex -0.224504 -1.70529 2.97646
      vertex -0.453527 -2.15796 2.99049
      vertex -0.205669 -1.70714 2.97517
    endloop
  endfacet
  facet normal 0.0678099 -0.00338524 0.997693
    outer loop
      vertex -0.335555 -1.68695 2.98407
      vertex -0.453527 -2.15796 2.99049
      vertex -0.224504 -1.70529 2.97646
    endloop
  endfacet
  facet normal 0.0678572 -0.00339713 0.997689
    outer loop
      vertex -0.453527 -2.15796 2.99049
      vertex -0.335555 -1.68695 2.98407
      vertex -0.428858 -1.6652 2.99049
    endloop
  endfacet
  facet normal 0.13579 0.969993 -0.201681
    outer loop
      vertex -0.453527 -2.15796 2.99049
      vertex -0.498412 -2.14804 3.00798
      vertex -0.156436 -2.19955 2.99049
    endloop
  endfacet
  facet normal 0.28576 0.936761 0.202038
    outer loop
      vertex -0.453527 -2.15796 2.99049
      vertex -0.785348 -2.06051 3.00798
      vertex -0.498412 -2.14804 3.00798
    endloop
  endfacet
  facet normal -0.0662216 0.0153747 -0.997686
    outer loop
      vertex -0.156436 -2.19955 2.99049
      vertex -0.112493 -1.71632 2.99502
      vertex -0.0447577 -1.71853 2.99049
    endloop
  endfacet
  facet normal -0.0661801 0.0153709 -0.997689
    outer loop
      vertex -0.156436 -2.19955 2.99049
      vertex -0.224504 -1.70529 3.00262
      vertex -0.112493 -1.71632 2.99502
    endloop
  endfacet
  facet normal -0.0662335 0.0153635 -0.997686
    outer loop
      vertex -0.224504 -1.70529 3.00262
      vertex -0.156436 -2.19955 2.99049
      vertex -0.271073 -1.6976 3.00583
    endloop
  endfacet
  facet normal -0.0481337 0.0195266 -0.99865
    outer loop
      vertex -0.498412 -2.14804 3.00798
      vertex -0.271073 -1.6976 3.00583
      vertex -0.156436 -2.19955 2.99049
    endloop
  endfacet
  facet normal -0.0479843 0.0194512 -0.998659
    outer loop
      vertex -0.271073 -1.6976 3.00583
      vertex -0.498412 -2.14804 3.00798
      vertex -0.31301 -1.69067 3.00798
    endloop
  endfacet
  facet normal 0.0520481 -0.00260568 0.998641
    outer loop
      vertex -0.445168 -1.66139 2.99135
      vertex -0.453527 -2.15796 2.99049
      vertex -0.428858 -1.6652 2.99049
    endloop
  endfacet
  facet normal 0.0519759 -0.00260447 0.998645
    outer loop
      vertex -0.469961 -1.65387 2.99266
      vertex -0.453527 -2.15796 2.99049
      vertex -0.445168 -1.66139 2.99135
    endloop
  endfacet
  facet normal 0.0518721 -0.00260788 0.99865
    outer loop
      vertex -0.453527 -2.15796 2.99049
      vertex -0.469961 -1.65387 2.99266
      vertex -0.785348 -2.06051 3.00798
    endloop
  endfacet
  facet normal 0.0665071 -0.0139949 0.997688
    outer loop
      vertex -0.552876 -1.62872 2.99854
      vertex -0.785348 -2.06051 3.00798
      vertex -0.469961 -1.65387 2.99266
    endloop
  endfacet
  facet normal 0.0664427 -0.0139602 0.997693
    outer loop
      vertex -0.658215 -1.58907 3.00611
      vertex -0.785348 -2.06051 3.00798
      vertex -0.552876 -1.62872 2.99854
    endloop
  endfacet
  facet normal 0.0663533 -0.013936 0.997699
    outer loop
      vertex -0.785348 -2.06051 3.00798
      vertex -0.658215 -1.58907 3.00611
      vertex -0.68389 -1.57744 3.00798
    endloop
  endfacet
  facet normal 0.285768 0.936787 -0.201906
    outer loop
      vertex -0.785348 -2.06051 3.00798
      vertex -0.828129 -2.04369 3.02547
      vertex -0.498412 -2.14804 3.00798
    endloop
  endfacet
  facet normal 0.428718 0.880619 0.201769
    outer loop
      vertex -0.785348 -2.06051 3.00798
      vertex -1.09785 -1.91238 3.02547
      vertex -0.828129 -2.04369 3.02547
    endloop
  endfacet
  facet normal -0.0630475 0.0255573 -0.997683
    outer loop
      vertex -0.498412 -2.14804 3.00798
      vertex -0.335555 -1.68695 3.0095
      vertex -0.31301 -1.69067 3.00798
    endloop
  endfacet
  facet normal -0.0629501 0.0255229 -0.99769
    outer loop
      vertex -0.498412 -2.14804 3.00798
      vertex -0.445168 -1.66139 3.01707
      vertex -0.335555 -1.68695 3.0095
    endloop
  endfacet
  facet normal -0.0630286 0.0255314 -0.997685
    outer loop
      vertex -0.445168 -1.66139 3.01707
      vertex -0.498412 -2.14804 3.00798
      vertex -0.533134 -1.63471 3.02331
    endloop
  endfacet
  facet normal -0.0444876 0.0268143 -0.99865
    outer loop
      vertex -0.828129 -2.04369 3.02547
      vertex -0.533134 -1.63471 3.02331
      vertex -0.498412 -2.14804 3.00798
    endloop
  endfacet
  facet normal -0.0444753 0.0268055 -0.998651
    outer loop
      vertex -0.533134 -1.63471 3.02331
      vertex -0.828129 -2.04369 3.02547
      vertex -0.552876 -1.62872 3.02435
    endloop
  endfacet
  facet normal -0.0441924 0.0266178 -0.998668
    outer loop
      vertex -0.552876 -1.62872 3.02435
      vertex -0.828129 -2.04369 3.02547
      vertex -0.573506 -1.62095 3.02547
    endloop
  endfacet
  facet normal 0.0508818 -0.0106866 0.998648
    outer loop
      vertex -0.7226 -1.5599 3.01014
      vertex -0.785348 -2.06051 3.00798
      vertex -0.68389 -1.57744 3.00798
    endloop
  endfacet
  facet normal 0.0508296 -0.0106801 0.99865
    outer loop
      vertex -0.785348 -2.06051 3.00798
      vertex -0.7226 -1.5599 3.01014
      vertex -1.09785 -1.91238 3.02547
    endloop
  endfacet
  facet normal 0.06356 -0.0242749 0.997683
    outer loop
      vertex -0.760736 -1.54262 3.01299
      vertex -1.09785 -1.91238 3.02547
      vertex -0.7226 -1.5599 3.01014
    endloop
  endfacet
  facet normal 0.0634599 -0.0241834 0.997691
    outer loop
      vertex -0.86 -1.48956 3.02059
      vertex -1.09785 -1.91238 3.02547
      vertex -0.760736 -1.54262 3.01299
    endloop
  endfacet
  facet normal 0.0634271 -0.0241649 0.997694
    outer loop
      vertex -1.09785 -1.91238 3.02547
      vertex -0.86 -1.48956 3.02059
      vertex -0.922059 -1.45097 3.02547
    endloop
  endfacet
  facet normal 0.42873 0.880646 -0.201626
    outer loop
      vertex -1.09785 -1.91238 3.02547
      vertex -1.13748 -1.88908 3.04297
      vertex -0.828129 -2.04369 3.02547
    endloop
  endfacet
  facet normal 0.561124 0.80272 0.20194
    outer loop
      vertex -1.09785 -1.91238 3.02547
      vertex -1.38335 -1.71721 3.04297
      vertex -1.13748 -1.88908 3.04297
    endloop
  endfacet
  facet normal -0.0581096 0.0350543 -0.997695
    outer loop
      vertex -0.760736 -1.54262 3.03915
      vertex -0.828129 -2.04369 3.02547
      vertex -0.782158 -1.53117 3.0408
    endloop
  endfacet
  facet normal -0.0581713 0.0350625 -0.997691
    outer loop
      vertex -0.658215 -1.58907 3.03154
      vertex -0.828129 -2.04369 3.02547
      vertex -0.760736 -1.54262 3.03915
    endloop
  endfacet
  facet normal -0.0582801 0.035103 -0.997683
    outer loop
      vertex -0.828129 -2.04369 3.02547
      vertex -0.658215 -1.58907 3.03154
      vertex -0.573506 -1.62095 3.02547
    endloop
  endfacet
  facet normal -0.0397813 0.0334388 -0.998649
    outer loop
      vertex -1.13748 -1.88908 3.04297
      vertex -0.782158 -1.53117 3.0408
      vertex -0.828129 -2.04369 3.02547
    endloop
  endfacet
  facet normal -0.0398391 0.0334963 -0.998645
    outer loop
      vertex -0.782158 -1.53117 3.0408
      vertex -1.13748 -1.88908 3.04297
      vertex -0.819687 -1.51111 3.04297
    endloop
  endfacet
  facet normal 0.0486535 -0.0185363 0.998644
    outer loop
      vertex -0.955581 -1.43013 3.02749
      vertex -1.09785 -1.91238 3.02547
      vertex -0.922059 -1.45097 3.02547
    endloop
  endfacet
  facet normal 0.0494437 -0.0187693 0.998601
    outer loop
      vertex -0.958278 -1.42819 3.02766
      vertex -1.09785 -1.91238 3.02547
      vertex -0.955581 -1.43013 3.02749
    endloop
  endfacet
  facet normal 0.0485569 -0.0185139 0.998649
    outer loop
      vertex -1.09785 -1.91238 3.02547
      vertex -0.958278 -1.42819 3.02766
      vertex -1.38335 -1.71721 3.04297
    endloop
  endfacet
  facet normal 0.058923 -0.0338104 0.99769
    outer loop
      vertex -1.04707 -1.36457 3.03506
      vertex -1.38335 -1.71721 3.04297
      vertex -0.958278 -1.42819 3.02766
    endloop
  endfacet
  facet normal 0.0589348 -0.0338216 0.997689
    outer loop
      vertex -1.13407 -1.29316 3.04262
      vertex -1.38335 -1.71721 3.04297
      vertex -1.04707 -1.36457 3.03506
    endloop
  endfacet
  facet normal 0.0590239 -0.033874 0.997682
    outer loop
      vertex -1.38335 -1.71721 3.04297
      vertex -1.13407 -1.29316 3.04262
      vertex -1.13792 -1.28956 3.04297
    endloop
  endfacet
  facet normal 0.561152 0.802761 -0.2017
    outer loop
      vertex -1.38335 -1.71721 3.04297
      vertex -1.41885 -1.688 3.06046
      vertex -1.13748 -1.88908 3.04297
    endloop
  endfacet
  facet normal 0.67971 0.70511 0.202025
    outer loop
      vertex -1.38335 -1.71721 3.04297
      vertex -1.63482 -1.47981 3.06046
      vertex -1.41885 -1.688 3.06046
    endloop
  endfacet
  facet normal -0.05198 0.0437097 -0.997691
    outer loop
      vertex -0.955581 -1.43013 3.0536
      vertex -1.13748 -1.88908 3.04297
      vertex -1.01187 -1.38979 3.0583
    endloop
  endfacet
  facet normal -0.0520344 0.0437312 -0.997687
    outer loop
      vertex -0.86 -1.48956 3.04601
      vertex -1.13748 -1.88908 3.04297
      vertex -0.955581 -1.43013 3.0536
    endloop
  endfacet
  facet normal -0.0519065 0.0436424 -0.997698
    outer loop
      vertex -1.13748 -1.88908 3.04297
      vertex -0.86 -1.48956 3.04601
      vertex -0.819687 -1.51111 3.04297
    endloop
  endfacet
  facet normal -0.0340431 0.0392266 -0.99865
    outer loop
      vertex -1.41885 -1.688 3.06046
      vertex -1.01187 -1.38979 3.0583
      vertex -1.13748 -1.88908 3.04297
    endloop
  endfacet
  facet normal -0.0340783 0.0392747 -0.998647
    outer loop
      vertex -1.01187 -1.38979 3.0583
      vertex -1.41885 -1.688 3.06046
      vertex -1.04654 -1.36495 3.06046
    endloop
  endfacet
  facet normal 0.0449074 -0.0257725 0.998659
    outer loop
      vertex -1.16902 -1.26044 3.04512
      vertex -1.38335 -1.71721 3.04297
      vertex -1.13792 -1.28956 3.04297
    endloop
  endfacet
  facet normal 0.0450593 -0.0258438 0.99865
    outer loop
      vertex -1.38335 -1.71721 3.04297
      vertex -1.16902 -1.26044 3.04512
      vertex -1.63482 -1.47981 3.06046
    endloop
  endfacet
  facet normal 0.0529072 -0.0425745 0.997691
    outer loop
      vertex -1.21622 -1.21622 3.04951
      vertex -1.63482 -1.47981 3.06046
      vertex -1.16902 -1.26044 3.04512
    endloop
  endfacet
  facet normal 0.0529278 -0.0426074 0.997689
    outer loop
      vertex -1.29316 -1.13407 3.0571
      vertex -1.63482 -1.47981 3.06046
      vertex -1.21622 -1.21622 3.04951
    endloop
  endfacet
  facet normal 0.0530231 -0.0427016 0.99768
    outer loop
      vertex -1.63482 -1.47981 3.06046
      vertex -1.29316 -1.13407 3.0571
      vertex -1.32507 -1.09519 3.06046
    endloop
  endfacet
  facet normal 0.679779 0.705182 -0.201544
    outer loop
      vertex -1.63482 -1.47981 3.06046
      vertex -1.66532 -1.44541 3.07795
      vertex -1.41885 -1.688 3.06046
    endloop
  endfacet
  facet normal 0.781565 0.590132 0.202241
    outer loop
      vertex -1.63482 -1.47981 3.06046
      vertex -1.84609 -1.206 3.07795
      vertex -1.66532 -1.44541 3.07795
    endloop
  endfacet
  facet normal -0.0407287 0.0496872 -0.997934
    outer loop
      vertex -1.21622 -1.21622 3.07568
      vertex -1.41885 -1.688 3.06046
      vertex -1.21707 -1.21531 3.07576
    endloop
  endfacet
  facet normal -0.0445844 0.0513352 -0.997686
    outer loop
      vertex -1.13407 -1.29316 3.06805
      vertex -1.41885 -1.688 3.06046
      vertex -1.21622 -1.21622 3.07568
    endloop
  endfacet
  facet normal -0.0444969 0.0512722 -0.997693
    outer loop
      vertex -1.04707 -1.36457 3.0605
      vertex -1.41885 -1.688 3.06046
      vertex -1.13407 -1.29316 3.06805
    endloop
  endfacet
  facet normal -0.0412428 0.0475317 -0.998018
    outer loop
      vertex -1.41885 -1.688 3.06046
      vertex -1.04707 -1.36457 3.0605
      vertex -1.04654 -1.36495 3.06046
    endloop
  endfacet
  facet normal -0.0274976 0.0440623 -0.99865
    outer loop
      vertex -1.66532 -1.44541 3.07795
      vertex -1.21707 -1.21531 3.07576
      vertex -1.41885 -1.688 3.06046
    endloop
  endfacet
  facet normal -0.0275604 0.0441848 -0.998643
    outer loop
      vertex -1.21707 -1.21531 3.07576
      vertex -1.66532 -1.44541 3.07795
      vertex -1.24634 -1.18407 3.07795
    endloop
  endfacet
  facet normal 0.0402958 -0.0324518 0.998661
    outer loop
      vertex -1.35209 -1.06227 3.06262
      vertex -1.63482 -1.47981 3.06046
      vertex -1.32507 -1.09519 3.06046
    endloop
  endfacet
  facet normal 0.0404659 -0.032567 0.99865
    outer loop
      vertex -1.63482 -1.47981 3.06046
      vertex -1.35209 -1.06227 3.06262
      vertex -1.84609 -1.206 3.07795
    endloop
  endfacet
  facet normal 0.0456463 -0.0504755 0.997682
    outer loop
      vertex -1.36457 -1.04707 3.06396
      vertex -1.84609 -1.206 3.07795
      vertex -1.35209 -1.06227 3.06262
    endloop
  endfacet
  facet normal 0.0456227 -0.0504033 0.997686
    outer loop
      vertex -1.43013 -0.955581 3.07158
      vertex -1.84609 -1.206 3.07795
      vertex -1.36457 -1.04707 3.06396
    endloop
  endfacet
  facet normal 0.0455984 -0.0503628 0.99769
    outer loop
      vertex -1.84609 -1.206 3.07795
      vertex -1.43013 -0.955581 3.07158
      vertex -1.48033 -0.874842 3.07795
    endloop
  endfacet
  facet normal 0.781667 0.590209 -0.201616
    outer loop
      vertex -1.84609 -1.206 3.07795
      vertex -1.87083 -1.16726 3.09544
      vertex -1.66532 -1.44541 3.07795
    endloop
  endfacet
  facet normal 0.86425 0.460683 0.202097
    outer loop
      vertex -1.84609 -1.206 3.07795
      vertex -2.01194 -0.902535 3.09544
      vertex -1.87083 -1.16726 3.09544
    endloop
  endfacet
  facet normal -0.0360118 0.0576703 -0.997686
    outer loop
      vertex -1.36457 -1.04707 3.09012
      vertex -1.66532 -1.44541 3.07795
      vertex -1.39163 -1.0093 3.09328
    endloop
  endfacet
  facet normal -0.0359645 0.0576347 -0.99769
    outer loop
      vertex -1.29316 -1.13407 3.08252
      vertex -1.66532 -1.44541 3.07795
      vertex -1.36457 -1.04707 3.09012
    endloop
  endfacet
  facet normal -0.035907 0.0575661 -0.997696
    outer loop
      vertex -1.66532 -1.44541 3.07795
      vertex -1.29316 -1.13407 3.08252
      vertex -1.24634 -1.18407 3.07795
    endloop
  endfacet
  facet normal -0.0202651 0.0478221 -0.99865
    outer loop
      vertex -1.87083 -1.16726 3.09544
      vertex -1.39163 -1.0093 3.09328
      vertex -1.66532 -1.44541 3.07795
    endloop
  endfacet
  facet normal -0.0202898 0.047897 -0.998646
    outer loop
      vertex -1.39163 -1.0093 3.09328
      vertex -1.87083 -1.16726 3.09544
      vertex -1.41639 -0.974753 3.09544
    endloop
  endfacet
  facet normal 0.0346883 -0.0383128 0.998664
    outer loop
      vertex -1.48956 -0.86 3.07884
      vertex -1.84609 -1.206 3.07795
      vertex -1.48033 -0.874842 3.07795
    endloop
  endfacet
  facet normal 0.0348541 -0.0384837 0.998651
    outer loop
      vertex -1.50143 -0.837794 3.08011
      vertex -1.84609 -1.206 3.07795
      vertex -1.48956 -0.86 3.07884
    endloop
  endfacet
  facet normal 0.0348706 -0.038499 0.99865
    outer loop
      vertex -1.84609 -1.206 3.07795
      vertex -1.50143 -0.837794 3.08011
      vertex -2.01194 -0.902535 3.09544
    endloop
  endfacet
  facet normal 0.0371759 -0.0569053 0.997687
    outer loop
      vertex -1.54262 -0.760736 3.08604
      vertex -2.01194 -0.902535 3.09544
      vertex -1.50143 -0.837794 3.08011
    endloop
  endfacet
  facet normal 0.0371545 -0.0568342 0.997692
    outer loop
      vertex -1.58907 -0.658215 3.09361
      vertex -2.01194 -0.902535 3.09544
      vertex -1.54262 -0.760736 3.08604
    endloop
  endfacet
  facet normal 0.0372704 -0.057035 0.997676
    outer loop
      vertex -2.01194 -0.902535 3.09544
      vertex -1.58907 -0.658215 3.09361
      vertex -1.59874 -0.632523 3.09544
    endloop
  endfacet
  facet normal 0.864337 0.460729 -0.201619
    outer loop
      vertex -2.01194 -0.902535 3.09544
      vertex -2.03032 -0.8604 3.11293
      vertex -1.87083 -1.16726 3.09544
    endloop
  endfacet
  facet normal 0.92565 0.319909 0.202063
    outer loop
      vertex -2.01194 -0.902535 3.09544
      vertex -2.12831 -0.576868 3.11293
      vertex -2.03032 -0.8604 3.11293
    endloop
  endfacet
  facet normal -0.0264638 0.0625163 -0.997693
    outer loop
      vertex -1.48956 -0.86 3.10458
      vertex -1.87083 -1.16726 3.09544
      vertex -1.53255 -0.779572 3.11076
    endloop
  endfacet
  facet normal -0.0265444 0.0626161 -0.997685
    outer loop
      vertex -1.43013 -0.955581 3.097
      vertex -1.87083 -1.16726 3.09544
      vertex -1.48956 -0.86 3.10458
    endloop
  endfacet
  facet normal -0.0263809 0.0622759 -0.99771
    outer loop
      vertex -1.87083 -1.16726 3.09544
      vertex -1.43013 -0.955581 3.097
      vertex -1.41639 -0.974753 3.09544
    endloop
  endfacet
  facet normal -0.012538 0.0504031 -0.99865
    outer loop
      vertex -2.03032 -0.8604 3.11293
      vertex -1.53255 -0.779572 3.11076
      vertex -1.87083 -1.16726 3.09544
    endloop
  endfacet
  facet normal -0.0125609 0.050544 -0.998643
    outer loop
      vertex -1.53255 -0.779572 3.11076
      vertex -2.03032 -0.8604 3.11293
      vertex -1.54262 -0.760736 3.11184
    endloop
  endfacet
  facet normal -0.0125299 0.0503923 -0.998651
    outer loop
      vertex -1.54262 -0.760736 3.11184
      vertex -2.03032 -0.8604 3.11293
      vertex -1.55142 -0.741323 3.11293
    endloop
  endfacet
  facet normal 0.028312 -0.0433259 0.99866
    outer loop
      vertex -1.61371 -0.592748 3.09759
      vertex -2.01194 -0.902535 3.09544
      vertex -1.59874 -0.632523 3.09544
    endloop
  endfacet
  facet normal 0.0284277 -0.0434746 0.99865
    outer loop
      vertex -2.01194 -0.902535 3.09544
      vertex -1.61371 -0.592748 3.09759
      vertex -2.12831 -0.576868 3.11293
    endloop
  endfacet
  facet normal 0.0278245 -0.0620895 0.997683
    outer loop
      vertex -1.62872 -0.552876 3.10049
      vertex -2.12831 -0.576868 3.11293
      vertex -1.61371 -0.592748 3.09759
    endloop
  endfacet
  facet normal 0.0278185 -0.0619603 0.997691
    outer loop
      vertex -1.66139 -0.445168 3.10809
      vertex -2.12831 -0.576868 3.11293
      vertex -1.62872 -0.552876 3.10049
    endloop
  endfacet
  facet normal 0.0278415 -0.0620421 0.997685
    outer loop
      vertex -2.12831 -0.576868 3.11293
      vertex -1.66139 -0.445168 3.10809
      vertex -1.67782 -0.37471 3.11293
    endloop
  endfacet
  facet normal 0.92567 0.319916 -0.201962
    outer loop
      vertex -2.12831 -0.576868 3.11293
      vertex -2.13987 -0.532378 3.13042
      vertex -2.03032 -0.8604 3.11293
    endloop
  endfacet
  facet normal 0.964355 0.171279 0.2017
    outer loop
      vertex -2.12831 -0.576868 3.11293
      vertex -2.19233 -0.237012 3.13042
      vertex -2.13987 -0.532378 3.13042
    endloop
  endfacet
  facet normal -0.0163532 0.0658675 -0.997694
    outer loop
      vertex -1.62872 -0.552876 3.12665
      vertex -2.03032 -0.8604 3.11293
      vertex -1.63556 -0.530339 3.12825
    endloop
  endfacet
  facet normal -0.016385 0.0659088 -0.997691
    outer loop
      vertex -1.58907 -0.658215 3.11904
      vertex -2.03032 -0.8604 3.11293
      vertex -1.62872 -0.552876 3.12665
    endloop
  endfacet
  facet normal -0.0163916 0.0659232 -0.99769
    outer loop
      vertex -2.03032 -0.8604 3.11293
      vertex -1.58907 -0.658215 3.11904
      vertex -1.55142 -0.741323 3.11293
    endloop
  endfacet
  facet normal -0.0045063 0.0517427 -0.99865
    outer loop
      vertex -2.13987 -0.532378 3.13042
      vertex -1.63556 -0.530339 3.12825
      vertex -2.03032 -0.8604 3.11293
    endloop
  endfacet
  facet normal -0.00450669 0.0518441 -0.998645
    outer loop
      vertex -1.63556 -0.530339 3.12825
      vertex -2.13987 -0.532378 3.13042
      vertex -1.64791 -0.489613 3.13042
    endloop
  endfacet
  facet normal 0.0212406 -0.0473327 0.998653
    outer loop
      vertex -1.68695 -0.335555 3.11498
      vertex -2.12831 -0.576868 3.11293
      vertex -1.67782 -0.37471 3.11293
    endloop
  endfacet
  facet normal 0.0211975 -0.0472538 0.998658
    outer loop
      vertex -1.68737 -0.332996 3.11511
      vertex -2.12831 -0.576868 3.11293
      vertex -1.68695 -0.335555 3.11498
    endloop
  endfacet
  facet normal 0.0212709 -0.0473866 0.99865
    outer loop
      vertex -2.12831 -0.576868 3.11293
      vertex -1.68737 -0.332996 3.11511
      vertex -2.19233 -0.237012 3.13042
    endloop
  endfacet
  facet normal 0.017785 -0.0655724 0.997689
    outer loop
      vertex -1.70529 -0.224504 3.12256
      vertex -2.19233 -0.237012 3.13042
      vertex -1.68737 -0.332996 3.11511
    endloop
  endfacet
  facet normal 0.0177854 -0.065586 0.997688
    outer loop
      vertex -1.71632 -0.112493 3.13012
      vertex -2.19233 -0.237012 3.13042
      vertex -1.70529 -0.224504 3.12256
    endloop
  endfacet
  facet normal 0.0177551 -0.0654702 0.997697
    outer loop
      vertex -2.19233 -0.237012 3.13042
      vertex -1.71632 -0.112493 3.13012
      vertex -1.71647 -0.107962 3.13042
    endloop
  endfacet
  facet normal 0.964272 0.171265 -0.202108
    outer loop
      vertex -2.19233 -0.237012 3.13042
      vertex -2.19679 -0.191261 3.14791
      vertex -2.13987 -0.532378 3.13042
    endloop
  endfacet
  facet normal 0.979288 0.018382 0.201637
    outer loop
      vertex -2.19233 -0.237012 3.13042
      vertex -2.20242 0.108673 3.14791
      vertex -2.19679 -0.191261 3.14791
    endloop
  endfacet
  facet normal -0.00587391 0.0676535 -0.997692
    outer loop
      vertex -1.68695 -0.335555 3.1411
      vertex -2.13987 -0.532378 3.13042
      vertex -1.69811 -0.26795 3.14575
    endloop
  endfacet
  facet normal -0.0058978 0.0677082 -0.997688
    outer loop
      vertex -1.66139 -0.445168 3.13351
      vertex -2.13987 -0.532378 3.13042
      vertex -1.68695 -0.335555 3.1411
    endloop
  endfacet
  facet normal -0.00587477 0.0675822 -0.997696
    outer loop
      vertex -2.13987 -0.532378 3.13042
      vertex -1.66139 -0.445168 3.13351
      vertex -1.64791 -0.489613 3.13042
    endloop
  endfacet
  facet normal 0.00364215 0.0518113 -0.99865
    outer loop
      vertex -2.19679 -0.191261 3.14791
      vertex -1.69811 -0.26795 3.14575
      vertex -2.13987 -0.532378 3.13042
    endloop
  endfacet
  facet normal 0.00365226 0.0518769 -0.998647
    outer loop
      vertex -1.69811 -0.26795 3.14575
      vertex -2.19679 -0.191261 3.14791
      vertex -1.70506 -0.22588 3.14791
    endloop
  endfacet
  facet normal 0.0135532 -0.0499762 0.998658
    outer loop
      vertex -1.71786 -0.0653762 3.13257
      vertex -2.19233 -0.237012 3.13042
      vertex -1.71647 -0.107962 3.13042
    endloop
  endfacet
  facet normal 0.0136088 -0.0501297 0.99865
    outer loop
      vertex -2.19233 -0.237012 3.13042
      vertex -1.71786 -0.0653762 3.13257
      vertex -2.20242 0.108673 3.14791
    endloop
  endfacet
  facet normal 0.00732378 -0.0674662 0.997695
    outer loop
      vertex -1.71632 0.112493 3.1446
      vertex -2.20242 0.108673 3.14791
      vertex -1.72 0 3.13702
    endloop
  endfacet
  facet normal 0.00732529 -0.0676707 0.997681
    outer loop
      vertex -2.20242 0.108673 3.14791
      vertex -1.71632 0.112493 3.1446
      vertex -1.71146 0.161819 3.14791
    endloop
  endfacet
  facet normal 0.00727722 -0.0676715 0.997681
    outer loop
      vertex -1.71786 -0.0653762 3.13257
      vertex -1.72 0 3.13702
      vertex -2.20242 0.108673 3.14791
    endloop
  endfacet
  facet normal 0.979287 0.018382 -0.201642
    outer loop
      vertex -2.19679 -0.191261 3.14791
      vertex -2.20242 0.108673 3.14791
      vertex -2.19968 0.154559 3.1654
    endloop
  endfacet
  facet normal 0.970039 -0.134931 0.202033
    outer loop
      vertex -2.19968 0.154559 3.1654
      vertex -2.20242 0.108673 3.14791
      vertex -2.15835 0.451686 3.1654
    endloop
  endfacet
  facet normal 0.0047803 0.0677376 -0.997692
    outer loop
      vertex -1.71632 -0.112493 3.15556
      vertex -2.19679 -0.191261 3.14791
      vertex -1.72 0 3.16318
    endloop
  endfacet
  facet normal 0.00476886 0.0678069 -0.997687
    outer loop
      vertex -1.70529 -0.224504 3.148
      vertex -2.19679 -0.191261 3.14791
      vertex -1.71632 -0.112493 3.15556
    endloop
  endfacet
  facet normal 0.00464942 0.0660406 -0.997806
    outer loop
      vertex -2.19679 -0.191261 3.14791
      vertex -1.70529 -0.224504 3.148
      vertex -1.70506 -0.22588 3.14791
    endloop
  endfacet
  facet normal 0.00803769 0.0596568 -0.998187
    outer loop
      vertex -1.71998 0.00049927 3.16321
      vertex -1.72 0 3.16318
      vertex -2.19679 -0.191261 3.14791
    endloop
  endfacet
  facet normal 0.011693 0.0506049 -0.99865
    outer loop
      vertex -2.19968 0.154559 3.1654
      vertex -1.71998 0.00049927 3.16321
      vertex -2.19679 -0.191261 3.14791
    endloop
  endfacet
  facet normal 0.0117306 0.0507217 -0.998644
    outer loop
      vertex -1.71998 0.00049927 3.16321
      vertex -2.19968 0.154559 3.1654
      vertex -1.71858 0.0432937 3.1654
    endloop
  endfacet
  facet normal 0.00558552 -0.0516381 0.99865
    outer loop
      vertex -2.20242 0.108673 3.14791
      vertex -1.70729 0.204196 3.15008
      vertex -2.15835 0.451686 3.1654
    endloop
  endfacet
  facet normal 0.00559522 -0.0516884 0.998648
    outer loop
      vertex -1.70729 0.204196 3.15008
      vertex -2.20242 0.108673 3.14791
      vertex -1.71146 0.161819 3.14791
    endloop
  endfacet
  facet normal -0.00314322 -0.0674887 0.997715
    outer loop
      vertex -1.70529 0.224504 3.15146
      vertex -2.15835 0.451686 3.1654
      vertex -1.70729 0.204196 3.15008
    endloop
  endfacet
  facet normal -0.00335269 -0.0679047 0.997686
    outer loop
      vertex -1.68695 0.335555 3.15908
      vertex -2.15835 0.451686 3.1654
      vertex -1.70529 0.224504 3.15146
    endloop
  endfacet
  facet normal -0.00333854 -0.0678474 0.99769
    outer loop
      vertex -2.15835 0.451686 3.1654
      vertex -1.68695 0.335555 3.15908
      vertex -1.66553 0.427436 3.1654
    endloop
  endfacet
  facet normal 0.970009 -0.134927 -0.202179
    outer loop
      vertex -2.14846 0.496579 3.18289
      vertex -2.19968 0.154559 3.1654
      vertex -2.15835 0.451686 3.1654
    endloop
  endfacet
  facet normal 0.937103 -0.284974 0.201566
    outer loop
      vertex -2.14846 0.496579 3.18289
      vertex -2.15835 0.451686 3.1654
      vertex -2.06118 0.783589 3.18289
    endloop
  endfacet
  facet normal 0.015288 0.066245 -0.997686
    outer loop
      vertex -1.70529 0.224504 3.17762
      vertex -2.19968 0.154559 3.1654
      vertex -1.69784 0.269623 3.18073
    endloop
  endfacet
  facet normal 0.0152962 0.0661875 -0.99769
    outer loop
      vertex -1.71632 0.112493 3.17002
      vertex -2.19968 0.154559 3.1654
      vertex -1.70529 0.224504 3.17762
    endloop
  endfacet
  facet normal 0.0152895 0.0661105 -0.997695
    outer loop
      vertex -2.19968 0.154559 3.1654
      vertex -1.71632 0.112493 3.17002
      vertex -1.71858 0.0432937 3.1654
    endloop
  endfacet
  facet normal 0.019498 0.0482176 -0.998647
    outer loop
      vertex -1.69784 0.269623 3.18073
      vertex -2.14846 0.496579 3.18289
      vertex -1.69091 0.311557 3.18289
    endloop
  endfacet
  facet normal 0.0194656 0.0481532 -0.99865
    outer loop
      vertex -2.14846 0.496579 3.18289
      vertex -1.69784 0.269623 3.18073
      vertex -2.19968 0.154559 3.1654
    endloop
  endfacet
  facet normal -0.00254193 -0.0518808 0.99865
    outer loop
      vertex -2.15835 0.451686 3.1654
      vertex -1.65429 0.468567 3.16756
      vertex -2.06118 0.783589 3.18289
    endloop
  endfacet
  facet normal -0.00254725 -0.0517229 0.998658
    outer loop
      vertex -1.65429 0.468567 3.16756
      vertex -2.15835 0.451686 3.1654
      vertex -1.66139 0.445168 3.16633
    endloop
  endfacet
  facet normal -0.00254802 -0.0517821 0.998655
    outer loop
      vertex -1.66139 0.445168 3.16633
      vertex -2.15835 0.451686 3.1654
      vertex -1.66553 0.427436 3.1654
    endloop
  endfacet
  facet normal -0.0139285 -0.0665411 0.997686
    outer loop
      vertex -1.62872 0.552876 3.17354
      vertex -2.06118 0.783589 3.18289
      vertex -1.65429 0.468567 3.16756
    endloop
  endfacet
  facet normal -0.01389 -0.0664691 0.997692
    outer loop
      vertex -1.58907 0.658215 3.18111
      vertex -2.06118 0.783589 3.18289
      vertex -1.62872 0.552876 3.17354
    endloop
  endfacet
  facet normal -0.0139421 -0.066665 0.997678
    outer loop
      vertex -2.06118 0.783589 3.18289
      vertex -1.58907 0.658215 3.18111
      vertex -1.57805 0.682549 3.18289
    endloop
  endfacet
  facet normal 0.937076 -0.285282 -0.201254
    outer loop
      vertex -2.04666 0.819213 3.2
      vertex -2.06118 0.783589 3.18289
      vertex -2.04476 0.825454 3.2
    endloop
  endfacet
  facet normal 0.937036 -0.284953 -0.201904
    outer loop
      vertex -2.06118 0.783589 3.18289
      vertex -2.04666 0.819213 3.2
      vertex -2.14846 0.496579 3.18289
    endloop
  endfacet
  facet normal 0.880997 -0.427973 0.201701
    outer loop
      vertex -2.04476 0.825454 3.2
      vertex -2.06118 0.783589 3.18289
      vertex -1.91653 1.08942 3.2
    endloop
  endfacet
  facet normal 0.0254657 0.0629195 -0.997694
    outer loop
      vertex -1.66139 0.445168 3.19208
      vertex -2.14846 0.496579 3.18289
      vertex -1.63513 0.531741 3.19821
    endloop
  endfacet
  facet normal 0.0254794 0.0630509 -0.997685
    outer loop
      vertex -1.68695 0.335555 3.1845
      vertex -2.14846 0.496579 3.18289
      vertex -1.66139 0.445168 3.19208
    endloop
  endfacet
  facet normal 0.0253738 0.0627481 -0.997707
    outer loop
      vertex -2.14846 0.496579 3.18289
      vertex -1.68695 0.335555 3.1845
      vertex -1.69091 0.311557 3.18289
    endloop
  endfacet
  facet normal 0.0266588 0.0443456 -0.99866
    outer loop
      vertex -1.62872 0.552876 3.19933
      vertex -2.04666 0.819213 3.2
      vertex -1.62409 0.565181 3.2
    endloop
  endfacet
  facet normal 0.0269202 0.0447558 -0.998635
    outer loop
      vertex -1.63513 0.531741 3.19821
      vertex -2.04666 0.819213 3.2
      vertex -1.62872 0.552876 3.19933
    endloop
  endfacet
  facet normal 0.0267546 0.0445188 -0.99865
    outer loop
      vertex -2.04666 0.819213 3.2
      vertex -1.63513 0.531741 3.19821
      vertex -2.14846 0.496579 3.18289
    endloop
  endfacet
  facet normal -0.0106374 -0.0508388 0.99865
    outer loop
      vertex -2.06118 0.783589 3.18289
      vertex -1.56051 0.72126 3.18505
      vertex -1.90457 1.08692 3.2
    endloop
  endfacet
  facet normal -0.0106279 -0.0508437 0.99865
    outer loop
      vertex -2.06118 0.783589 3.18289
      vertex -1.90457 1.08692 3.2
      vertex -1.91653 1.08942 3.2
    endloop
  endfacet
  facet normal -0.0106449 -0.0508994 0.998647
    outer loop
      vertex -1.56051 0.72126 3.18505
      vertex -2.06118 0.783589 3.18289
      vertex -1.57805 0.682549 3.18289
    endloop
  endfacet
  facet normal -0.0240391 -0.06341 0.997698
    outer loop
      vertex -1.54262 0.760736 3.18799
      vertex -1.90457 1.08692 3.2
      vertex -1.56051 0.72126 3.18505
    endloop
  endfacet
  facet normal -0.0241165 -0.0634956 0.997691
    outer loop
      vertex -1.48956 0.86 3.19559
      vertex -1.90457 1.08692 3.2
      vertex -1.54262 0.760736 3.18799
    endloop
  endfacet
  facet normal -0.0241575 -0.0635705 0.997685
    outer loop
      vertex -1.90457 1.08692 3.2
      vertex -1.48956 0.86 3.19559
      vertex -1.45475 0.915983 3.2
    endloop
  endfacet
  facet normal 0 -1 0
    outer loop
      vertex -2.02073 -3.5 0
      vertex 2.02073 -3.5 3.2
      vertex -2.02073 -3.5 3.2
    endloop
  endfacet
  facet normal 0 -1 -0
    outer loop
      vertex 2.02073 -3.5 3.2
      vertex -2.02073 -3.5 0
      vertex 2.02073 -3.5 0
    endloop
  endfacet
  facet normal 0.866026 -0.499999 0
    outer loop
      vertex 2.02073 -3.5 3.2
      vertex 4.04145 0 0
      vertex 4.04145 0 3.2
    endloop
  endfacet
  facet normal 0.866026 -0.499999 0
    outer loop
      vertex 4.04145 0 0
      vertex 2.02073 -3.5 3.2
      vertex 2.02073 -3.5 0
    endloop
  endfacet
  facet normal 0 1 -0
    outer loop
      vertex 2.02073 3.5 0
      vertex -2.02073 3.5 3.2
      vertex 2.02073 3.5 3.2
    endloop
  endfacet
  facet normal 0 1 0
    outer loop
      vertex -2.02073 3.5 3.2
      vertex 2.02073 3.5 0
      vertex -2.02073 3.5 0
    endloop
  endfacet
  facet normal 0.866026 0.499999 0
    outer loop
      vertex 4.04145 0 3.2
      vertex 2.02073 3.5 0
      vertex 2.02073 3.5 3.2
    endloop
  endfacet
  facet normal 0.866026 0.499999 0
    outer loop
      vertex 2.02073 3.5 0
      vertex 4.04145 0 3.2
      vertex 4.04145 0 0
    endloop
  endfacet
  facet normal -0.866026 0.499999 0
    outer loop
      vertex -4.04145 0 0
      vertex -2.02073 3.5 3.2
      vertex -2.02073 3.5 0
    endloop
  endfacet
  facet normal -0.866026 0.499999 0
    outer loop
      vertex -2.02073 3.5 3.2
      vertex -4.04145 0 0
      vertex -4.04145 0 3.2
    endloop
  endfacet
  facet normal -0.866026 -0.499999 0
    outer loop
      vertex -2.02073 -3.5 0
      vertex -4.04145 0 3.2
      vertex -4.04145 0 0
    endloop
  endfacet
  facet normal -0.866026 -0.499999 0
    outer loop
      vertex -4.04145 0 3.2
      vertex -2.02073 -3.5 0
      vertex -2.02073 -3.5 3.2
    endloop
  endfacet
  facet normal 0 0 1
    outer loop
      vertex -2.04666 0.819213 3.2
      vertex -1.72 0 3.2
      vertex -1.71632 0.112493 3.2
    endloop
  endfacet
  facet normal 0 0 1
    outer loop
      vertex -2.04666 0.819213 3.2
      vertex -1.62872 0.552876 3.2
      vertex -1.62409 0.565181 3.2
    endloop
  endfacet
  facet normal 0 0 1
    outer loop
      vertex -2.04666 0.819213 3.2
      vertex -1.66139 0.445168 3.2
      vertex -1.62872 0.552876 3.2
    endloop
  endfacet
  facet normal 0 0 1
    outer loop
      vertex -2.04666 0.819213 3.2
      vertex -1.68695 0.335555 3.2
      vertex -1.66139 0.445168 3.2
    endloop
  endfacet
  facet normal 0 0 1
    outer loop
      vertex -2.04666 0.819213 3.2
      vertex -1.70529 0.224504 3.2
      vertex -1.68695 0.335555 3.2
    endloop
  endfacet
  facet normal 0 0 1
    outer loop
      vertex -2.04666 0.819213 3.2
      vertex -1.71632 0.112493 3.2
      vertex -1.70529 0.224504 3.2
    endloop
  endfacet
  facet normal 0 0 1
    outer loop
      vertex -1.72 0 3.2
      vertex -2.04666 0.819213 3.2
      vertex -4.04145 0 3.2
    endloop
  endfacet
  facet normal 0 0 1
    outer loop
      vertex -1.72 0 3.2
      vertex -4.04145 0 3.2
      vertex -2.02073 -3.5 3.2
    endloop
  endfacet
  facet normal -0 0 1
    outer loop
      vertex 1.48956 0.86 3.2
      vertex 4.04145 0 3.2
      vertex 2.02073 3.5 3.2
    endloop
  endfacet
  facet normal 0 0 1
    outer loop
      vertex 1.71632 -0.112493 3.2
      vertex 4.04145 0 3.2
      vertex 1.72 0 3.2
    endloop
  endfacet
  facet normal 0 0 1
    outer loop
      vertex 4.04145 0 3.2
      vertex 1.71632 0.112493 3.2
      vertex 1.72 0 3.2
    endloop
  endfacet
  facet normal 0 0 1
    outer loop
      vertex 4.04145 0 3.2
      vertex 1.70529 0.224504 3.2
      vertex 1.71632 0.112493 3.2
    endloop
  endfacet
  facet normal 0 0 1
    outer loop
      vertex 4.04145 0 3.2
      vertex 1.68695 0.335555 3.2
      vertex 1.70529 0.224504 3.2
    endloop
  endfacet
  facet normal 0 0 1
    outer loop
      vertex 4.04145 0 3.2
      vertex 1.66139 0.445168 3.2
      vertex 1.68695 0.335555 3.2
    endloop
  endfacet
  facet normal 0 0 1
    outer loop
      vertex 4.04145 0 3.2
      vertex 1.62872 0.552876 3.2
      vertex 1.66139 0.445168 3.2
    endloop
  endfacet
  facet normal 0 0 1
    outer loop
      vertex 4.04145 0 3.2
      vertex 1.58907 0.658215 3.2
      vertex 1.62872 0.552876 3.2
    endloop
  endfacet
  facet normal 0 0 1
    outer loop
      vertex 4.04145 0 3.2
      vertex 1.54262 0.760736 3.2
      vertex 1.58907 0.658215 3.2
    endloop
  endfacet
  facet normal 0 0 1
    outer loop
      vertex 4.04145 0 3.2
      vertex 1.48956 0.86 3.2
      vertex 1.54262 0.760736 3.2
    endloop
  endfacet
  facet normal 0 0 1
    outer loop
      vertex 2.02073 3.5 3.2
      vertex 1.43013 0.955581 3.2
      vertex 1.48956 0.86 3.2
    endloop
  endfacet
  facet normal 0 0 1
    outer loop
      vertex 2.02073 3.5 3.2
      vertex 1.36457 1.04707 3.2
      vertex 1.43013 0.955581 3.2
    endloop
  endfacet
  facet normal 0 0 1
    outer loop
      vertex 2.02073 3.5 3.2
      vertex 1.29316 1.13407 3.2
      vertex 1.36457 1.04707 3.2
    endloop
  endfacet
  facet normal 0 0 1
    outer loop
      vertex 2.02073 3.5 3.2
      vertex 1.21622 1.21622 3.2
      vertex 1.29316 1.13407 3.2
    endloop
  endfacet
  facet normal 0 0 1
    outer loop
      vertex 2.02073 3.5 3.2
      vertex 1.13407 1.29316 3.2
      vertex 1.21622 1.21622 3.2
    endloop
  endfacet
  facet normal 0 0 1
    outer loop
      vertex 2.02073 3.5 3.2
      vertex 1.04707 1.36457 3.2
      vertex 1.13407 1.29316 3.2
    endloop
  endfacet
  facet normal 0 0 1
    outer loop
      vertex 2.02073 3.5 3.2
      vertex 0.955581 1.43013 3.2
      vertex 1.04707 1.36457 3.2
    endloop
  endfacet
  facet normal 0 0 1
    outer loop
      vertex 2.02073 3.5 3.2
      vertex 0.86 1.48956 3.2
      vertex 0.955581 1.43013 3.2
    endloop
  endfacet
  facet normal 0 0 1
    outer loop
      vertex 2.02073 3.5 3.2
      vertex 0.760736 1.54262 3.2
      vertex 0.86 1.48956 3.2
    endloop
  endfacet
  facet normal 0 0 1
    outer loop
      vertex 2.02073 3.5 3.2
      vertex 0.658215 1.58907 3.2
      vertex 0.760736 1.54262 3.2
    endloop
  endfacet
  facet normal 0 0 1
    outer loop
      vertex 2.02073 3.5 3.2
      vertex 0.552876 1.62872 3.2
      vertex 0.658215 1.58907 3.2
    endloop
  endfacet
  facet normal 0 0 1
    outer loop
      vertex 2.02073 3.5 3.2
      vertex 0.445168 1.66139 3.2
      vertex 0.552876 1.62872 3.2
    endloop
  endfacet
  facet normal 0 0 1
    outer loop
      vertex 2.02073 3.5 3.2
      vertex 0.335555 1.68695 3.2
      vertex 0.445168 1.66139 3.2
    endloop
  endfacet
  facet normal 0 0 1
    outer loop
      vertex 2.02073 3.5 3.2
      vertex 0.224504 1.70529 3.2
      vertex 0.335555 1.68695 3.2
    endloop
  endfacet
  facet normal 0 0 1
    outer loop
      vertex 2.02073 3.5 3.2
      vertex 0.112493 1.71632 3.2
      vertex 0.224504 1.70529 3.2
    endloop
  endfacet
  facet normal 0 0 1
    outer loop
      vertex 2.02073 3.5 3.2
      vertex 0 1.72 3.2
      vertex 0.112493 1.71632 3.2
    endloop
  endfacet
  facet normal -0 0 1
    outer loop
      vertex -2.02073 3.5 3.2
      vertex 0 1.72 3.2
      vertex 2.02073 3.5 3.2
    endloop
  endfacet
  facet normal 0 0 1
    outer loop
      vertex 0 1.72 3.2
      vertex -2.02073 3.5 3.2
      vertex -0.112493 1.71632 3.2
    endloop
  endfacet
  facet normal 0 0 1
    outer loop
      vertex -0.112493 1.71632 3.2
      vertex -2.02073 3.5 3.2
      vertex -0.224504 1.70529 3.2
    endloop
  endfacet
  facet normal 0 0 1
    outer loop
      vertex -0.224504 1.70529 3.2
      vertex -2.02073 3.5 3.2
      vertex -0.335555 1.68695 3.2
    endloop
  endfacet
  facet normal 0 0 1
    outer loop
      vertex -0.335555 1.68695 3.2
      vertex -2.02073 3.5 3.2
      vertex -0.445168 1.66139 3.2
    endloop
  endfacet
  facet normal 0 0 1
    outer loop
      vertex -0.445168 1.66139 3.2
      vertex -2.02073 3.5 3.2
      vertex -0.552876 1.62872 3.2
    endloop
  endfacet
  facet normal 0 0 1
    outer loop
      vertex -0.552876 1.62872 3.2
      vertex -2.02073 3.5 3.2
      vertex -0.658215 1.58907 3.2
    endloop
  endfacet
  facet normal 0 0 1
    outer loop
      vertex -0.658215 1.58907 3.2
      vertex -2.02073 3.5 3.2
      vertex -0.760736 1.54262 3.2
    endloop
  endfacet
  facet normal 0 0 1
    outer loop
      vertex -0.760736 1.54262 3.2
      vertex -2.02073 3.5 3.2
      vertex -0.86 1.48956 3.2
    endloop
  endfacet
  facet normal 0 0 1
    outer loop
      vertex -1.43013 0.955581 3.2
      vertex -1.90457 1.08692 3.2
      vertex -1.45475 0.915983 3.2
    endloop
  endfacet
  facet normal 0 0 1
    outer loop
      vertex -1.36457 1.04707 3.2
      vertex -1.90457 1.08692 3.2
      vertex -1.43013 0.955581 3.2
    endloop
  endfacet
  facet normal 0 0 1
    outer loop
      vertex -1.29316 1.13407 3.2
      vertex -1.90457 1.08692 3.2
      vertex -1.36457 1.04707 3.2
    endloop
  endfacet
  facet normal 0 0 1
    outer loop
      vertex -1.21622 1.21622 3.2
      vertex -1.90457 1.08692 3.2
      vertex -1.29316 1.13407 3.2
    endloop
  endfacet
  facet normal 0 0 1
    outer loop
      vertex -1.13407 1.29316 3.2
      vertex -1.90457 1.08692 3.2
      vertex -1.21622 1.21622 3.2
    endloop
  endfacet
  facet normal 0 0 1
    outer loop
      vertex -1.91653 1.08942 3.2
      vertex -1.13407 1.29316 3.2
      vertex -1.04707 1.36457 3.2
    endloop
  endfacet
  facet normal 0 0 1
    outer loop
      vertex -2.02073 3.5 3.2
      vertex -1.04707 1.36457 3.2
      vertex -0.955581 1.43013 3.2
    endloop
  endfacet
  facet normal 0 0 1
    outer loop
      vertex -0.86 1.48956 3.2
      vertex -2.02073 3.5 3.2
      vertex -0.955581 1.43013 3.2
    endloop
  endfacet
  facet normal 0 0 1
    outer loop
      vertex -1.04707 1.36457 3.2
      vertex -2.02073 3.5 3.2
      vertex -1.91653 1.08942 3.2
    endloop
  endfacet
  facet normal 0 0 1
    outer loop
      vertex -1.13407 1.29316 3.2
      vertex -1.91653 1.08942 3.2
      vertex -1.90457 1.08692 3.2
    endloop
  endfacet
  facet normal 0 0 1
    outer loop
      vertex -4.04145 0 3.2
      vertex -1.91653 1.08942 3.2
      vertex -2.02073 3.5 3.2
    endloop
  endfacet
  facet normal 0 0 1
    outer loop
      vertex -1.91653 1.08942 3.2
      vertex -4.04145 0 3.2
      vertex -2.04476 0.825454 3.2
    endloop
  endfacet
  facet normal 0 0 1
    outer loop
      vertex -2.04476 0.825454 3.2
      vertex -4.04145 0 3.2
      vertex -2.04666 0.819213 3.2
    endloop
  endfacet
  facet normal 0 0 1
    outer loop
      vertex 1.70529 -0.224504 3.2
      vertex 4.04145 0 3.2
      vertex 1.71632 -0.112493 3.2
    endloop
  endfacet
  facet normal 0 0 1
    outer loop
      vertex 1.68695 -0.335555 3.2
      vertex 4.04145 0 3.2
      vertex 1.70529 -0.224504 3.2
    endloop
  endfacet
  facet normal 0 0 1
    outer loop
      vertex 1.66139 -0.445168 3.2
      vertex 4.04145 0 3.2
      vertex 1.68695 -0.335555 3.2
    endloop
  endfacet
  facet normal 0 0 1
    outer loop
      vertex 1.62872 -0.552876 3.2
      vertex 4.04145 0 3.2
      vertex 1.66139 -0.445168 3.2
    endloop
  endfacet
  facet normal 0 0 1
    outer loop
      vertex 1.58907 -0.658215 3.2
      vertex 4.04145 0 3.2
      vertex 1.62872 -0.552876 3.2
    endloop
  endfacet
  facet normal 0 0 1
    outer loop
      vertex 1.54262 -0.760736 3.2
      vertex 4.04145 0 3.2
      vertex 1.58907 -0.658215 3.2
    endloop
  endfacet
  facet normal 0 0 1
    outer loop
      vertex 1.48956 -0.86 3.2
      vertex 4.04145 0 3.2
      vertex 1.54262 -0.760736 3.2
    endloop
  endfacet
  facet normal 0 0 1
    outer loop
      vertex 4.04145 0 3.2
      vertex 1.48956 -0.86 3.2
      vertex 2.02073 -3.5 3.2
    endloop
  endfacet
  facet normal -0 0 1
    outer loop
      vertex 1.43013 -0.955581 3.2
      vertex 2.02073 -3.5 3.2
      vertex 1.48956 -0.86 3.2
    endloop
  endfacet
  facet normal -0 0 1
    outer loop
      vertex 1.36457 -1.04707 3.2
      vertex 2.02073 -3.5 3.2
      vertex 1.43013 -0.955581 3.2
    endloop
  endfacet
  facet normal -0 0 1
    outer loop
      vertex 1.29316 -1.13407 3.2
      vertex 2.02073 -3.5 3.2
      vertex 1.36457 -1.04707 3.2
    endloop
  endfacet
  facet normal -0 0 1
    outer loop
      vertex 1.21622 -1.21622 3.2
      vertex 2.02073 -3.5 3.2
      vertex 1.29316 -1.13407 3.2
    endloop
  endfacet
  facet normal -0 0 1
    outer loop
      vertex 1.13407 -1.29316 3.2
      vertex 2.02073 -3.5 3.2
      vertex 1.21622 -1.21622 3.2
    endloop
  endfacet
  facet normal -0 0 1
    outer loop
      vertex 1.04707 -1.36457 3.2
      vertex 2.02073 -3.5 3.2
      vertex 1.13407 -1.29316 3.2
    endloop
  endfacet
  facet normal -0 0 1
    outer loop
      vertex 0.955581 -1.43013 3.2
      vertex 2.02073 -3.5 3.2
      vertex 1.04707 -1.36457 3.2
    endloop
  endfacet
  facet normal -0 0 1
    outer loop
      vertex 0.86 -1.48956 3.2
      vertex 2.02073 -3.5 3.2
      vertex 0.955581 -1.43013 3.2
    endloop
  endfacet
  facet normal -0 0 1
    outer loop
      vertex 0.760736 -1.54262 3.2
      vertex 2.02073 -3.5 3.2
      vertex 0.86 -1.48956 3.2
    endloop
  endfacet
  facet normal -0 0 1
    outer loop
      vertex 0.658215 -1.58907 3.2
      vertex 2.02073 -3.5 3.2
      vertex 0.760736 -1.54262 3.2
    endloop
  endfacet
  facet normal -0 0 1
    outer loop
      vertex 0.552876 -1.62872 3.2
      vertex 2.02073 -3.5 3.2
      vertex 0.658215 -1.58907 3.2
    endloop
  endfacet
  facet normal -0 0 1
    outer loop
      vertex 0.445168 -1.66139 3.2
      vertex 2.02073 -3.5 3.2
      vertex 0.552876 -1.62872 3.2
    endloop
  endfacet
  facet normal -0 0 1
    outer loop
      vertex 0.335555 -1.68695 3.2
      vertex 2.02073 -3.5 3.2
      vertex 0.445168 -1.66139 3.2
    endloop
  endfacet
  facet normal -0 0 1
    outer loop
      vertex 0.224504 -1.70529 3.2
      vertex 2.02073 -3.5 3.2
      vertex 0.335555 -1.68695 3.2
    endloop
  endfacet
  facet normal -0 0 1
    outer loop
      vertex 0.112493 -1.71632 3.2
      vertex 2.02073 -3.5 3.2
      vertex 0.224504 -1.70529 3.2
    endloop
  endfacet
  facet normal -0 0 1
    outer loop
      vertex 0 -1.72 3.2
      vertex 2.02073 -3.5 3.2
      vertex 0.112493 -1.71632 3.2
    endloop
  endfacet
  facet normal 0 0 1
    outer loop
      vertex -2.02073 -3.5 3.2
      vertex 0 -1.72 3.2
      vertex -0.112493 -1.71632 3.2
    endloop
  endfacet
  facet normal 0 0 1
    outer loop
      vertex -2.02073 -3.5 3.2
      vertex -0.112493 -1.71632 3.2
      vertex -0.224504 -1.70529 3.2
    endloop
  endfacet
  facet normal 0 0 1
    outer loop
      vertex -2.02073 -3.5 3.2
      vertex -0.224504 -1.70529 3.2
      vertex -0.335555 -1.68695 3.2
    endloop
  endfacet
  facet normal 0 0 1
    outer loop
      vertex -2.02073 -3.5 3.2
      vertex -0.335555 -1.68695 3.2
      vertex -0.445168 -1.66139 3.2
    endloop
  endfacet
  facet normal 0 0 1
    outer loop
      vertex -2.02073 -3.5 3.2
      vertex -0.445168 -1.66139 3.2
      vertex -0.552876 -1.62872 3.2
    endloop
  endfacet
  facet normal 0 0 1
    outer loop
      vertex -2.02073 -3.5 3.2
      vertex -0.552876 -1.62872 3.2
      vertex -0.658215 -1.58907 3.2
    endloop
  endfacet
  facet normal 0 0 1
    outer loop
      vertex -2.02073 -3.5 3.2
      vertex -0.658215 -1.58907 3.2
      vertex -0.760736 -1.54262 3.2
    endloop
  endfacet
  facet normal 0 0 1
    outer loop
      vertex -2.02073 -3.5 3.2
      vertex -0.760736 -1.54262 3.2
      vertex -0.86 -1.48956 3.2
    endloop
  endfacet
  facet normal 0 0 1
    outer loop
      vertex -2.02073 -3.5 3.2
      vertex -0.86 -1.48956 3.2
      vertex -0.955581 -1.43013 3.2
    endloop
  endfacet
  facet normal 0 0 1
    outer loop
      vertex 0 -1.72 3.2
      vertex -2.02073 -3.5 3.2
      vertex 2.02073 -3.5 3.2
    endloop
  endfacet
  facet normal 0 0 1
    outer loop
      vertex -1.04707 -1.36457 3.2
      vertex -2.02073 -3.5 3.2
      vertex -0.955581 -1.43013 3.2
    endloop
  endfacet
  facet normal 0 0 1
    outer loop
      vertex -1.13407 -1.29316 3.2
      vertex -2.02073 -3.5 3.2
      vertex -1.04707 -1.36457 3.2
    endloop
  endfacet
  facet normal 0 0 1
    outer loop
      vertex -1.21622 -1.21622 3.2
      vertex -2.02073 -3.5 3.2
      vertex -1.13407 -1.29316 3.2
    endloop
  endfacet
  facet normal 0 0 1
    outer loop
      vertex -1.29316 -1.13407 3.2
      vertex -2.02073 -3.5 3.2
      vertex -1.21622 -1.21622 3.2
    endloop
  endfacet
  facet normal 0 0 1
    outer loop
      vertex -1.36457 -1.04707 3.2
      vertex -2.02073 -3.5 3.2
      vertex -1.29316 -1.13407 3.2
    endloop
  endfacet
  facet normal 0 0 1
    outer loop
      vertex -1.43013 -0.955581 3.2
      vertex -2.02073 -3.5 3.2
      vertex -1.36457 -1.04707 3.2
    endloop
  endfacet
  facet normal 0 0 1
    outer loop
      vertex -1.48956 -0.86 3.2
      vertex -2.02073 -3.5 3.2
      vertex -1.43013 -0.955581 3.2
    endloop
  endfacet
  facet normal 0 0 1
    outer loop
      vertex -1.54262 -0.760736 3.2
      vertex -2.02073 -3.5 3.2
      vertex -1.48956 -0.86 3.2
    endloop
  endfacet
  facet normal 0 0 1
    outer loop
      vertex -1.58907 -0.658215 3.2
      vertex -2.02073 -3.5 3.2
      vertex -1.54262 -0.760736 3.2
    endloop
  endfacet
  facet normal 0 0 1
    outer loop
      vertex -1.62872 -0.552876 3.2
      vertex -2.02073 -3.5 3.2
      vertex -1.58907 -0.658215 3.2
    endloop
  endfacet
  facet normal 0 0 1
    outer loop
      vertex -1.66139 -0.445168 3.2
      vertex -2.02073 -3.5 3.2
      vertex -1.62872 -0.552876 3.2
    endloop
  endfacet
  facet normal 0 0 1
    outer loop
      vertex -1.68695 -0.335555 3.2
      vertex -2.02073 -3.5 3.2
      vertex -1.66139 -0.445168 3.2
    endloop
  endfacet
  facet normal 0 0 1
    outer loop
      vertex -1.70529 -0.224504 3.2
      vertex -2.02073 -3.5 3.2
      vertex -1.68695 -0.335555 3.2
    endloop
  endfacet
  facet normal 0 0 1
    outer loop
      vertex -1.71632 -0.112493 3.2
      vertex -2.02073 -3.5 3.2
      vertex -1.70529 -0.224504 3.2
    endloop
  endfacet
  facet normal 0 0 1
    outer loop
      vertex -2.02073 -3.5 3.2
      vertex -1.71632 -0.112493 3.2
      vertex -1.72 0 3.2
    endloop
  endfacet
  facet normal 0 0 -1
    outer loop
      vertex 4.04145 0 0
      vertex 2.19942 -0.149934 0
      vertex 2.20042 -0.143481 0
    endloop
  endfacet
  facet normal 0 0 -1
    outer loop
      vertex 2.02073 -3.5 0
      vertex 2.19942 -0.149934 0
      vertex 4.04145 0 0
    endloop
  endfacet
  facet normal 0 0 -1
    outer loop
      vertex 1.48956 -0.86 0
      vertex 2.19942 -0.149934 0
      vertex 2.02073 -3.5 0
    endloop
  endfacet
  facet normal 0 0 -1
    outer loop
      vertex 2.19942 -0.149934 0
      vertex 1.70529 -0.224504 0
      vertex 1.70814 -0.195492 0
    endloop
  endfacet
  facet normal 0 0 -1
    outer loop
      vertex 2.19942 -0.149934 0
      vertex 1.68695 -0.335555 0
      vertex 1.70529 -0.224504 0
    endloop
  endfacet
  facet normal 0 0 -1
    outer loop
      vertex 2.19942 -0.149934 0
      vertex 1.66139 -0.445168 0
      vertex 1.68695 -0.335555 0
    endloop
  endfacet
  facet normal 0 0 -1
    outer loop
      vertex 2.19942 -0.149934 0
      vertex 1.62872 -0.552876 0
      vertex 1.66139 -0.445168 0
    endloop
  endfacet
  facet normal 0 0 -1
    outer loop
      vertex 2.19942 -0.149934 0
      vertex 1.58907 -0.658215 0
      vertex 1.62872 -0.552876 0
    endloop
  endfacet
  facet normal 0 0 -1
    outer loop
      vertex 2.19942 -0.149934 0
      vertex 1.54262 -0.760736 0
      vertex 1.58907 -0.658215 0
    endloop
  endfacet
  facet normal 0 0 -1
    outer loop
      vertex 2.19942 -0.149934 0
      vertex 1.48956 -0.86 0
      vertex 1.54262 -0.760736 0
    endloop
  endfacet
  facet normal 0 0 -1
    outer loop
      vertex 2.02073 -3.5 0
      vertex 1.43013 -0.955581 0
      vertex 1.48956 -0.86 0
    endloop
  endfacet
  facet normal 0 0 -1
    outer loop
      vertex 2.02073 -3.5 0
      vertex 1.36457 -1.04707 0
      vertex 1.43013 -0.955581 0
    endloop
  endfacet
  facet normal 0 0 -1
    outer loop
      vertex 2.02073 -3.5 0
      vertex 1.29316 -1.13407 0
      vertex 1.36457 -1.04707 0
    endloop
  endfacet
  facet normal 0 0 -1
    outer loop
      vertex 2.02073 -3.5 0
      vertex 1.21622 -1.21622 0
      vertex 1.29316 -1.13407 0
    endloop
  endfacet
  facet normal 0 0 -1
    outer loop
      vertex 2.02073 -3.5 0
      vertex 1.13407 -1.29316 0
      vertex 1.21622 -1.21622 0
    endloop
  endfacet
  facet normal 0 0 -1
    outer loop
      vertex 2.02073 -3.5 0
      vertex 1.04707 -1.36457 0
      vertex 1.13407 -1.29316 0
    endloop
  endfacet
  facet normal 0 0 -1
    outer loop
      vertex 2.02073 -3.5 0
      vertex 0.955581 -1.43013 0
      vertex 1.04707 -1.36457 0
    endloop
  endfacet
  facet normal 0 0 -1
    outer loop
      vertex 2.02073 -3.5 0
      vertex 0.86 -1.48956 0
      vertex 0.955581 -1.43013 0
    endloop
  endfacet
  facet normal 0 0 -1
    outer loop
      vertex 2.02073 -3.5 0
      vertex 0.760736 -1.54262 0
      vertex 0.86 -1.48956 0
    endloop
  endfacet
  facet normal 0 0 -1
    outer loop
      vertex 2.02073 -3.5 0
      vertex 0.658215 -1.58907 0
      vertex 0.760736 -1.54262 0
    endloop
  endfacet
  facet normal 0 0 -1
    outer loop
      vertex 2.02073 -3.5 0
      vertex 0.552876 -1.62872 0
      vertex 0.658215 -1.58907 0
    endloop
  endfacet
  facet normal 0 0 -1
    outer loop
      vertex 2.02073 -3.5 0
      vertex 0.445168 -1.66139 0
      vertex 0.552876 -1.62872 0
    endloop
  endfacet
  facet normal 0 0 -1
    outer loop
      vertex 2.02073 -3.5 0
      vertex 0.335555 -1.68695 0
      vertex 0.445168 -1.66139 0
    endloop
  endfacet
  facet normal 0 0 -1
    outer loop
      vertex 2.02073 -3.5 0
      vertex 0.224504 -1.70529 0
      vertex 0.335555 -1.68695 0
    endloop
  endfacet
  facet normal 0 0 -1
    outer loop
      vertex 2.02073 -3.5 0
      vertex 0.112493 -1.71632 0
      vertex 0.224504 -1.70529 0
    endloop
  endfacet
  facet normal 0 0 -1
    outer loop
      vertex 2.02073 -3.5 0
      vertex 0 -1.72 0
      vertex 0.112493 -1.71632 0
    endloop
  endfacet
  facet normal 0 0 -1
    outer loop
      vertex -2.02073 -3.5 0
      vertex 0 -1.72 0
      vertex 2.02073 -3.5 0
    endloop
  endfacet
  facet normal -0 0 -1
    outer loop
      vertex 0 -1.72 0
      vertex -2.02073 -3.5 0
      vertex -0.112493 -1.71632 0
    endloop
  endfacet
  facet normal -0 0 -1
    outer loop
      vertex -0.112493 -1.71632 0
      vertex -2.02073 -3.5 0
      vertex -0.224504 -1.70529 0
    endloop
  endfacet
  facet normal -0 0 -1
    outer loop
      vertex -0.224504 -1.70529 0
      vertex -2.02073 -3.5 0
      vertex -0.335555 -1.68695 0
    endloop
  endfacet
  facet normal -0 0 -1
    outer loop
      vertex -0.335555 -1.68695 0
      vertex -2.02073 -3.5 0
      vertex -0.445168 -1.66139 0
    endloop
  endfacet
  facet normal -0 0 -1
    outer loop
      vertex -0.445168 -1.66139 0
      vertex -2.02073 -3.5 0
      vertex -0.552876 -1.62872 0
    endloop
  endfacet
  facet normal -0 0 -1
    outer loop
      vertex -0.552876 -1.62872 0
      vertex -2.02073 -3.5 0
      vertex -0.658215 -1.58907 0
    endloop
  endfacet
  facet normal -0 0 -1
    outer loop
      vertex -0.658215 -1.58907 0
      vertex -2.02073 -3.5 0
      vertex -0.760736 -1.54262 0
    endloop
  endfacet
  facet normal -0 0 -1
    outer loop
      vertex -0.760736 -1.54262 0
      vertex -2.02073 -3.5 0
      vertex -0.86 -1.48956 0
    endloop
  endfacet
  facet normal 0 0 -1
    outer loop
      vertex -1.70529 -0.224504 0
      vertex -4.04145 0 0
      vertex -1.71632 -0.112493 0
    endloop
  endfacet
  facet normal 0 0 -1
    outer loop
      vertex -1.68695 -0.335555 0
      vertex -4.04145 0 0
      vertex -1.70529 -0.224504 0
    endloop
  endfacet
  facet normal 0 0 -1
    outer loop
      vertex -1.66139 -0.445168 0
      vertex -4.04145 0 0
      vertex -1.68695 -0.335555 0
    endloop
  endfacet
  facet normal 0 0 -1
    outer loop
      vertex -1.62872 -0.552876 0
      vertex -4.04145 0 0
      vertex -1.66139 -0.445168 0
    endloop
  endfacet
  facet normal 0 0 -1
    outer loop
      vertex -1.58907 -0.658215 0
      vertex -4.04145 0 0
      vertex -1.62872 -0.552876 0
    endloop
  endfacet
  facet normal 0 0 -1
    outer loop
      vertex -1.54262 -0.760736 0
      vertex -4.04145 0 0
      vertex -1.58907 -0.658215 0
    endloop
  endfacet
  facet normal 0 0 -1
    outer loop
      vertex -1.48956 -0.86 0
      vertex -4.04145 0 0
      vertex -1.54262 -0.760736 0
    endloop
  endfacet
  facet normal 0 0 -1
    outer loop
      vertex -4.04145 0 0
      vertex -1.48956 -0.86 0
      vertex -2.02073 -3.5 0
    endloop
  endfacet
  facet normal -0 0 -1
    outer loop
      vertex -1.43013 -0.955581 0
      vertex -2.02073 -3.5 0
      vertex -1.48956 -0.86 0
    endloop
  endfacet
  facet normal -0 0 -1
    outer loop
      vertex -1.36457 -1.04707 0
      vertex -2.02073 -3.5 0
      vertex -1.43013 -0.955581 0
    endloop
  endfacet
  facet normal -0 0 -1
    outer loop
      vertex -1.29316 -1.13407 0
      vertex -2.02073 -3.5 0
      vertex -1.36457 -1.04707 0
    endloop
  endfacet
  facet normal -0 0 -1
    outer loop
      vertex -1.21622 -1.21622 0
      vertex -2.02073 -3.5 0
      vertex -1.29316 -1.13407 0
    endloop
  endfacet
  facet normal -0 0 -1
    outer loop
      vertex -1.13407 -1.29316 0
      vertex -2.02073 -3.5 0
      vertex -1.21622 -1.21622 0
    endloop
  endfacet
  facet normal -0 0 -1
    outer loop
      vertex -1.04707 -1.36457 0
      vertex -2.02073 -3.5 0
      vertex -1.13407 -1.29316 0
    endloop
  endfacet
  facet normal -0 0 -1
    outer loop
      vertex -0.955581 -1.43013 0
      vertex -2.02073 -3.5 0
      vertex -1.04707 -1.36457 0
    endloop
  endfacet
  facet normal -0 0 -1
    outer loop
      vertex -0.86 -1.48956 0
      vertex -2.02073 -3.5 0
      vertex -0.955581 -1.43013 0
    endloop
  endfacet
  facet normal 0 0 -1
    outer loop
      vertex 2.19942 0.149974 0
      vertex 4.04145 0 0
      vertex 2.20042 -0.143481 0
    endloop
  endfacet
  facet normal 0 0 -1
    outer loop
      vertex 1.58907 0.658215 0
      vertex 2.19942 0.149974 0
      vertex 2.18754 0.152914 0
    endloop
  endfacet
  facet normal 0 0 -1
    outer loop
      vertex 2.19942 0.149974 0
      vertex 2.02073 3.5 0
      vertex 4.04145 0 0
    endloop
  endfacet
  facet normal 0 0 -1
    outer loop
      vertex 1.70529 0.224504 0
      vertex 2.18754 0.152914 0
      vertex 1.70828 0.194059 0
    endloop
  endfacet
  facet normal 0 0 -1
    outer loop
      vertex 1.68695 0.335555 0
      vertex 2.18754 0.152914 0
      vertex 1.70529 0.224504 0
    endloop
  endfacet
  facet normal 0 0 -1
    outer loop
      vertex 1.66139 0.445168 0
      vertex 2.18754 0.152914 0
      vertex 1.68695 0.335555 0
    endloop
  endfacet
  facet normal 0 0 -1
    outer loop
      vertex 1.62872 0.552876 0
      vertex 2.18754 0.152914 0
      vertex 1.66139 0.445168 0
    endloop
  endfacet
  facet normal 0 0 -1
    outer loop
      vertex 1.58907 0.658215 0
      vertex 2.18754 0.152914 0
      vertex 1.62872 0.552876 0
    endloop
  endfacet
  facet normal 0 0 -1
    outer loop
      vertex 2.19942 0.149974 0
      vertex 1.58907 0.658215 0
      vertex 1.54262 0.760736 0
    endloop
  endfacet
  facet normal 0 0 -1
    outer loop
      vertex 2.19942 0.149974 0
      vertex 1.54262 0.760736 0
      vertex 1.48956 0.86 0
    endloop
  endfacet
  facet normal 0 0 -1
    outer loop
      vertex 2.19942 0.149974 0
      vertex 1.48956 0.86 0
      vertex 2.02073 3.5 0
    endloop
  endfacet
  facet normal 0 0 -1
    outer loop
      vertex 1.43013 0.955581 0
      vertex 2.02073 3.5 0
      vertex 1.48956 0.86 0
    endloop
  endfacet
  facet normal 0 0 -1
    outer loop
      vertex 1.36457 1.04707 0
      vertex 2.02073 3.5 0
      vertex 1.43013 0.955581 0
    endloop
  endfacet
  facet normal 0 0 -1
    outer loop
      vertex 1.29316 1.13407 0
      vertex 2.02073 3.5 0
      vertex 1.36457 1.04707 0
    endloop
  endfacet
  facet normal 0 0 -1
    outer loop
      vertex 1.21622 1.21622 0
      vertex 2.02073 3.5 0
      vertex 1.29316 1.13407 0
    endloop
  endfacet
  facet normal 0 0 -1
    outer loop
      vertex 1.13407 1.29316 0
      vertex 2.02073 3.5 0
      vertex 1.21622 1.21622 0
    endloop
  endfacet
  facet normal 0 0 -1
    outer loop
      vertex 1.04707 1.36457 0
      vertex 2.02073 3.5 0
      vertex 1.13407 1.29316 0
    endloop
  endfacet
  facet normal 0 0 -1
    outer loop
      vertex 0.955581 1.43013 0
      vertex 2.02073 3.5 0
      vertex 1.04707 1.36457 0
    endloop
  endfacet
  facet normal 0 0 -1
    outer loop
      vertex 0.86 1.48956 0
      vertex 2.02073 3.5 0
      vertex 0.955581 1.43013 0
    endloop
  endfacet
  facet normal 0 0 -1
    outer loop
      vertex 0.760736 1.54262 0
      vertex 2.02073 3.5 0
      vertex 0.86 1.48956 0
    endloop
  endfacet
  facet normal 0 0 -1
    outer loop
      vertex 0.658215 1.58907 0
      vertex 2.02073 3.5 0
      vertex 0.760736 1.54262 0
    endloop
  endfacet
  facet normal 0 0 -1
    outer loop
      vertex 0.552876 1.62872 0
      vertex 2.02073 3.5 0
      vertex 0.658215 1.58907 0
    endloop
  endfacet
  facet normal 0 0 -1
    outer loop
      vertex 0.445168 1.66139 0
      vertex 2.02073 3.5 0
      vertex 0.552876 1.62872 0
    endloop
  endfacet
  facet normal 0 0 -1
    outer loop
      vertex 0.335555 1.68695 0
      vertex 2.02073 3.5 0
      vertex 0.445168 1.66139 0
    endloop
  endfacet
  facet normal 0 0 -1
    outer loop
      vertex 0.224504 1.70529 0
      vertex 2.02073 3.5 0
      vertex 0.335555 1.68695 0
    endloop
  endfacet
  facet normal 0 0 -1
    outer loop
      vertex 0.112493 1.71632 0
      vertex 2.02073 3.5 0
      vertex 0.224504 1.70529 0
    endloop
  endfacet
  facet normal 0 0 -1
    outer loop
      vertex 0 1.72 0
      vertex 2.02073 3.5 0
      vertex 0.112493 1.71632 0
    endloop
  endfacet
  facet normal 0 0 -1
    outer loop
      vertex -2.02073 3.5 0
      vertex 0 1.72 0
      vertex -0.112493 1.71632 0
    endloop
  endfacet
  facet normal 0 0 -1
    outer loop
      vertex -2.02073 3.5 0
      vertex -0.112493 1.71632 0
      vertex -0.224504 1.70529 0
    endloop
  endfacet
  facet normal 0 0 -1
    outer loop
      vertex -2.02073 3.5 0
      vertex -0.224504 1.70529 0
      vertex -0.335555 1.68695 0
    endloop
  endfacet
  facet normal 0 0 -1
    outer loop
      vertex -2.02073 3.5 0
      vertex -0.335555 1.68695 0
      vertex -0.445168 1.66139 0
    endloop
  endfacet
  facet normal 0 0 -1
    outer loop
      vertex -2.02073 3.5 0
      vertex -0.445168 1.66139 0
      vertex -0.552876 1.62872 0
    endloop
  endfacet
  facet normal 0 0 -1
    outer loop
      vertex -2.02073 3.5 0
      vertex -0.552876 1.62872 0
      vertex -0.658215 1.58907 0
    endloop
  endfacet
  facet normal 0 0 -1
    outer loop
      vertex -2.02073 3.5 0
      vertex -0.658215 1.58907 0
      vertex -0.760736 1.54262 0
    endloop
  endfacet
  facet normal 0 0 -1
    outer loop
      vertex -2.02073 3.5 0
      vertex -0.760736 1.54262 0
      vertex -0.86 1.48956 0
    endloop
  endfacet
  facet normal 0 0 -1
    outer loop
      vertex -2.02073 3.5 0
      vertex -0.86 1.48956 0
      vertex -0.955581 1.43013 0
    endloop
  endfacet
  facet normal 0 0 -1
    outer loop
      vertex -1.71632 -0.112493 0
      vertex -4.04145 0 0
      vertex -1.72 0 0
    endloop
  endfacet
  facet normal 0 0 -1
    outer loop
      vertex 0 1.72 0
      vertex -2.02073 3.5 0
      vertex 2.02073 3.5 0
    endloop
  endfacet
  facet normal 0 0 -1
    outer loop
      vertex -1.04707 1.36457 0
      vertex -2.02073 3.5 0
      vertex -0.955581 1.43013 0
    endloop
  endfacet
  facet normal 0 0 -1
    outer loop
      vertex -1.13407 1.29316 0
      vertex -2.02073 3.5 0
      vertex -1.04707 1.36457 0
    endloop
  endfacet
  facet normal 0 0 -1
    outer loop
      vertex -1.21622 1.21622 0
      vertex -2.02073 3.5 0
      vertex -1.13407 1.29316 0
    endloop
  endfacet
  facet normal 0 0 -1
    outer loop
      vertex -1.29316 1.13407 0
      vertex -2.02073 3.5 0
      vertex -1.21622 1.21622 0
    endloop
  endfacet
  facet normal 0 0 -1
    outer loop
      vertex -1.36457 1.04707 0
      vertex -2.02073 3.5 0
      vertex -1.29316 1.13407 0
    endloop
  endfacet
  facet normal 0 0 -1
    outer loop
      vertex -1.43013 0.955581 0
      vertex -2.02073 3.5 0
      vertex -1.36457 1.04707 0
    endloop
  endfacet
  facet normal 0 0 -1
    outer loop
      vertex -1.48956 0.86 0
      vertex -2.02073 3.5 0
      vertex -1.43013 0.955581 0
    endloop
  endfacet
  facet normal 0 0 -1
    outer loop
      vertex -4.04145 0 0
      vertex -1.48956 0.86 0
      vertex -1.54262 0.760736 0
    endloop
  endfacet
  facet normal 0 0 -1
    outer loop
      vertex -4.04145 0 0
      vertex -1.54262 0.760736 0
      vertex -1.58907 0.658215 0
    endloop
  endfacet
  facet normal 0 0 -1
    outer loop
      vertex -4.04145 0 0
      vertex -1.58907 0.658215 0
      vertex -1.62872 0.552876 0
    endloop
  endfacet
  facet normal 0 0 -1
    outer loop
      vertex -4.04145 0 0
      vertex -1.62872 0.552876 0
      vertex -1.66139 0.445168 0
    endloop
  endfacet
  facet normal 0 0 -1
    outer loop
      vertex -4.04145 0 0
      vertex -1.66139 0.445168 0
      vertex -1.68695 0.335555 0
    endloop
  endfacet
  facet normal 0 0 -1
    outer loop
      vertex -4.04145 0 0
      vertex -1.68695 0.335555 0
      vertex -1.70529 0.224504 0
    endloop
  endfacet
  facet normal 0 0 -1
    outer loop
      vertex -4.04145 0 0
      vertex -1.70529 0.224504 0
      vertex -1.71632 0.112493 0
    endloop
  endfacet
  facet normal 0 0 -1
    outer loop
      vertex -1.72 0 0
      vertex -4.04145 0 0
      vertex -1.71632 0.112493 0
    endloop
  endfacet
  facet normal -0 0 -1
    outer loop
      vertex -1.48956 0.86 0
      vertex -4.04145 0 0
      vertex -2.02073 3.5 0
    endloop
  endfacet
endsolid OpenSCAD_Model
