solid OpenSCAD_Model facet normal 0.893231 0.449598 0 outer loop vertex 4.97194 2.35155 5.4 vertex 4.85057 2.59268 2 vertex 4.85057 2.59268 5.4 endloop endfacet facet normal 0.893231 0.449598 0 outer loop vertex 4.85057 2.59268 2 vertex 4.97194 2.35155 5.4 vertex 4.97194 2.35155 2 endloop endfacet facet normal 0.653183 0.7572 -0 outer loop vertex 3.69357 4.07523 2 vertex 3.48916 4.25156 5.4 vertex 3.69357 4.07523 5.4 endloop endfacet facet normal 0.653183 0.7572 0 outer loop vertex 3.48916 4.25156 5.4 vertex 3.69357 4.07523 2 vertex 3.48916 4.25156 2 endloop endfacet facet normal 0.963773 -0.266725 0 outer loop vertex 5.26317 -1.59657 5.4 vertex 5.3 -1.46349 2 vertex 5.3 -1.46349 5.4 endloop endfacet facet normal 0.963773 -0.266725 0 outer loop vertex 5.3 -1.46349 2 vertex 5.26317 -1.59657 5.4 vertex 5.26317 -1.59657 2 endloop endfacet facet normal -0.313693 0.949525 0 outer loop vertex -1.59657 5.26317 2 vertex -1.85289 5.17849 5.4 vertex -1.59657 5.26317 5.4 endloop endfacet facet normal -0.313693 0.949525 0 outer loop vertex -1.85289 5.17849 5.4 vertex -1.59657 5.26317 2 vertex -1.85289 5.17849 2 endloop endfacet facet normal 0 0 1 outer loop vertex -5.39432 1.073 2 vertex -5.3 1.46349 2 vertex -5.33517 1.33639 2 endloop endfacet facet normal 0 0 1 outer loop vertex -5.3 1.46349 2 vertex -5.39432 1.073 2 vertex -5.3 -1.46349 2 endloop endfacet facet normal -0 0 1 outer loop vertex -5.39432 -1.073 2 vertex -5.3 -1.46349 2 vertex -5.39432 1.073 2 endloop endfacet facet normal 0 0 1 outer loop vertex -5.3 -1.46349 2 vertex -5.39432 -1.073 2 vertex -5.33517 -1.33639 2 endloop endfacet facet normal -0 0 1 outer loop vertex -5.44047 0.807017 2 vertex -5.39432 -1.073 2 vertex -5.39432 1.073 2 endloop endfacet facet normal 0 0 1 outer loop vertex -5.44047 0.807017 2 vertex -5.44047 -0.807017 2 vertex -5.39432 -1.073 2 endloop endfacet facet normal -0 0 1 outer loop vertex -5.47352 0.539094 2 vertex -5.44047 -0.807017 2 vertex -5.44047 0.807017 2 endloop endfacet facet normal 0 0 1 outer loop vertex -5.47352 0.539094 2 vertex -5.47352 -0.539094 2 vertex -5.44047 -0.807017 2 endloop endfacet facet normal -0 0 1 outer loop vertex -5.49337 0.269872 2 vertex -5.47352 -0.539094 2 vertex -5.47352 0.539094 2 endloop endfacet facet normal 0 0 1 outer loop vertex -5.49337 0.269872 2 vertex -5.49337 -0.269872 2 vertex -5.47352 -0.539094 2 endloop endfacet facet normal 0 -0 1 outer loop vertex -5.49337 -0.269872 2 vertex -5.49337 0.269872 2 vertex -5.5 0 2 endloop endfacet facet normal 0 0 1 outer loop vertex 5.49337 0.269872 2 vertex 5.49337 -0.269872 2 vertex 5.5 0 2 endloop endfacet facet normal 0 0 1 outer loop vertex 5.47352 0.539094 2 vertex 5.49337 -0.269872 2 vertex 5.49337 0.269872 2 endloop endfacet facet normal 0 0 1 outer loop vertex 5.47352 0.539094 2 vertex 5.47352 -0.539094 2 vertex 5.49337 -0.269872 2 endloop endfacet facet normal 0 0 1 outer loop vertex 5.44047 0.807017 2 vertex 5.47352 -0.539094 2 vertex 5.47352 0.539094 2 endloop endfacet facet normal 0 0 1 outer loop vertex 5.44047 0.807017 2 vertex 5.44047 -0.807017 2 vertex 5.47352 -0.539094 2 endloop endfacet facet normal 0 0 1 outer loop vertex 5.39432 1.073 2 vertex 5.44047 -0.807017 2 vertex 5.44047 0.807017 2 endloop endfacet facet normal 0 0 1 outer loop vertex 5.39432 1.073 2 vertex 5.39432 -1.073 2 vertex 5.44047 -0.807017 2 endloop endfacet facet normal 0 0 1 outer loop vertex 5.3 1.46349 2 vertex 5.39432 1.073 2 vertex 5.33517 1.33639 2 endloop endfacet facet normal 0 0 1 outer loop vertex 5.39432 1.073 2 vertex 5.3 1.46349 2 vertex 5.39432 -1.073 2 endloop endfacet facet normal 0 0 1 outer loop vertex 5.3 -1.46349 2 vertex 5.39432 -1.073 2 vertex 5.3 1.46349 2 endloop endfacet facet normal 0 0 1 outer loop vertex 5.39432 -1.073 2 vertex 5.3 -1.46349 2 vertex 5.33517 -1.33639 2 endloop endfacet facet normal 0.0735314 0.997293 -0 outer loop vertex 0.539094 5.47352 2 vertex 0.269872 5.49337 5.4 vertex 0.539094 5.47352 5.4 endloop endfacet facet normal 0.0735314 0.997293 0 outer loop vertex 0.269872 5.49337 5.4 vertex 0.539094 5.47352 2 vertex 0.269872 5.49337 2 endloop endfacet facet normal -0.122428 0.992477 0 outer loop vertex -0.539094 5.47352 2 vertex -0.807017 5.44047 5.4 vertex -0.539094 5.47352 5.4 endloop endfacet facet normal -0.122428 0.992477 0 outer loop vertex -0.807017 5.44047 5.4 vertex -0.539094 5.47352 2 vertex -0.807017 5.44047 2 endloop endfacet facet normal -0.963773 0.266725 0 outer loop vertex -5.3 1.46349 2 vertex -5.26317 1.59657 5.4 vertex -5.26317 1.59657 2 endloop endfacet facet normal -0.963773 0.266725 0 outer loop vertex -5.26317 1.59657 5.4 vertex -5.3 1.46349 2 vertex -5.3 1.46349 5.4 endloop endfacet facet normal -0.492904 -0.870084 0 outer loop vertex -2.82756 -4.71751 2 vertex -2.59268 -4.85057 5.4 vertex -2.82756 -4.71751 5.4 endloop endfacet facet normal -0.492904 -0.870084 -0 outer loop vertex -2.59268 -4.85057 5.4 vertex -2.82756 -4.71751 2 vertex -2.59268 -4.85057 2 endloop endfacet facet normal 0.788344 -0.615235 0 outer loop vertex 4.25156 -3.48916 5.4 vertex 4.41764 -3.27635 2 vertex 4.41764 -3.27635 5.4 endloop endfacet facet normal 0.788344 -0.615235 0 outer loop vertex 4.41764 -3.27635 2 vertex 4.25156 -3.48916 5.4 vertex 4.25156 -3.48916 2 endloop endfacet facet normal -0.219115 0.975699 0 outer loop vertex -1.073 5.39432 2 vertex -1.33639 5.33517 5.4 vertex -1.073 5.39432 5.4 endloop endfacet facet normal -0.219115 0.975699 0 outer loop vertex -1.33639 5.33517 5.4 vertex -1.073 5.39432 2 vertex -1.33639 5.33517 2 endloop endfacet facet normal -0.653183 -0.7572 0 outer loop vertex -3.69357 -4.07523 2 vertex -3.48916 -4.25156 5.4 vertex -3.69357 -4.07523 5.4 endloop endfacet facet normal -0.653183 -0.7572 -0 outer loop vertex -3.48916 -4.25156 5.4 vertex -3.69357 -4.07523 2 vertex -3.48916 -4.25156 2 endloop endfacet facet normal 0.405258 -0.914202 0 outer loop vertex 2.10476 -5.08134 2 vertex 2.35155 -4.97194 5.4 vertex 2.10476 -5.08134 5.4 endloop endfacet facet normal 0.405258 -0.914202 0 outer loop vertex 2.35155 -4.97194 5.4 vertex 2.10476 -5.08134 2 vertex 2.35155 -4.97194 2 endloop endfacet facet normal -0.219115 -0.975699 0 outer loop vertex -1.33639 -5.33517 2 vertex -1.073 -5.39432 5.4 vertex -1.33639 -5.33517 5.4 endloop endfacet facet normal -0.219115 -0.975699 -0 outer loop vertex -1.073 -5.39432 5.4 vertex -1.33639 -5.33517 2 vertex -1.073 -5.39432 2 endloop endfacet facet normal -0.359873 0.933001 0 outer loop vertex -1.85289 5.17849 2 vertex -2.10476 5.08134 5.4 vertex -1.85289 5.17849 5.4 endloop endfacet facet normal -0.359873 0.933001 0 outer loop vertex -2.10476 5.08134 5.4 vertex -1.85289 5.17849 2 vertex -2.10476 5.08134 2 endloop endfacet facet normal 0.933001 -0.359873 0 outer loop vertex 5.08134 -2.10476 5.4 vertex 5.17849 -1.85289 2 vertex 5.17849 -1.85289 5.4 endloop endfacet facet normal 0.933001 -0.359873 0 outer loop vertex 5.17849 -1.85289 2 vertex 5.08134 -2.10476 5.4 vertex 5.08134 -2.10476 2 endloop endfacet facet normal -0.870084 -0.492904 0 outer loop vertex -4.71751 -2.82756 2 vertex -4.85057 -2.59268 5.4 vertex -4.85057 -2.59268 2 endloop endfacet facet normal -0.870084 -0.492904 0 outer loop vertex -4.85057 -2.59268 5.4 vertex -4.71751 -2.82756 2 vertex -4.71751 -2.82756 5.4 endloop endfacet facet normal -0.68952 -0.724267 0 outer loop vertex -3.88909 -3.88909 2 vertex -3.69357 -4.07523 5.4 vertex -3.88909 -3.88909 5.4 endloop endfacet facet normal -0.68952 -0.724267 -0 outer loop vertex -3.69357 -4.07523 5.4 vertex -3.88909 -3.88909 2 vertex -3.69357 -4.07523 2 endloop endfacet facet normal -0.449598 0.893231 0 outer loop vertex -2.35155 4.97194 2 vertex -2.59268 4.85057 5.4 vertex -2.35155 4.97194 5.4 endloop endfacet facet normal -0.449598 0.893231 0 outer loop vertex -2.59268 4.85057 5.4 vertex -2.35155 4.97194 2 vertex -2.59268 4.85057 2 endloop endfacet facet normal 0.492904 0.870084 -0 outer loop vertex 2.82756 4.71751 2 vertex 2.59268 4.85057 5.4 vertex 2.82756 4.71751 5.4 endloop endfacet facet normal 0.492904 0.870084 0 outer loop vertex 2.59268 4.85057 5.4 vertex 2.82756 4.71751 2 vertex 2.59268 4.85057 2 endloop endfacet facet normal 0.963773 0.266725 0 outer loop vertex 5.3 1.46349 5.4 vertex 5.26317 1.59657 2 vertex 5.26317 1.59657 5.4 endloop endfacet facet normal 0.963773 0.266725 0 outer loop vertex 5.26317 1.59657 2 vertex 5.3 1.46349 5.4 vertex 5.3 1.46349 2 endloop endfacet facet normal 0.170953 -0.985279 0 outer loop vertex 0.807017 -5.44047 2 vertex 1.073 -5.39432 5.4 vertex 0.807017 -5.44047 5.4 endloop endfacet facet normal 0.170953 -0.985279 0 outer loop vertex 1.073 -5.39432 5.4 vertex 0.807017 -5.44047 2 vertex 1.073 -5.39432 2 endloop endfacet facet normal 0.7572 0.653183 0 outer loop vertex 4.25156 3.48916 5.4 vertex 4.07523 3.69357 2 vertex 4.07523 3.69357 5.4 endloop endfacet facet normal 0.7572 0.653183 0 outer loop vertex 4.07523 3.69357 2 vertex 4.25156 3.48916 5.4 vertex 4.25156 3.48916 2 endloop endfacet facet normal 0.7572 -0.653183 0 outer loop vertex 4.07523 -3.69357 5.4 vertex 4.25156 -3.48916 2 vertex 4.25156 -3.48916 5.4 endloop endfacet facet normal 0.7572 -0.653183 0 outer loop vertex 4.25156 -3.48916 2 vertex 4.07523 -3.69357 5.4 vertex 4.07523 -3.69357 2 endloop endfacet facet normal -0.949525 -0.313693 0 outer loop vertex -5.17849 -1.85289 2 vertex -5.26317 -1.59657 5.4 vertex -5.26317 -1.59657 2 endloop endfacet facet normal -0.949525 -0.313693 0 outer loop vertex -5.26317 -1.59657 5.4 vertex -5.17849 -1.85289 2 vertex -5.17849 -1.85289 5.4 endloop endfacet facet normal 0.266708 0.963777 -0 outer loop vertex 1.59657 5.26317 2 vertex 1.33639 5.33517 5.4 vertex 1.59657 5.26317 5.4 endloop endfacet facet normal 0.266708 0.963777 0 outer loop vertex 1.33639 5.33517 5.4 vertex 1.59657 5.26317 2 vertex 1.33639 5.33517 2 endloop endfacet facet normal -0.949525 0.313693 0 outer loop vertex -5.26317 1.59657 2 vertex -5.17849 1.85289 5.4 vertex -5.17849 1.85289 2 endloop endfacet facet normal -0.949525 0.313693 0 outer loop vertex -5.17849 1.85289 5.4 vertex -5.26317 1.59657 2 vertex -5.26317 1.59657 5.4 endloop endfacet facet normal 0.68952 0.724267 -0 outer loop vertex 3.88909 3.88909 2 vertex 3.69357 4.07523 5.4 vertex 3.88909 3.88909 5.4 endloop endfacet facet normal 0.68952 0.724267 0 outer loop vertex 3.69357 4.07523 5.4 vertex 3.88909 3.88909 2 vertex 3.69357 4.07523 2 endloop endfacet facet normal 0.0735314 -0.997293 0 outer loop vertex 0.269872 -5.49337 2 vertex 0.539094 -5.47352 5.4 vertex 0.269872 -5.49337 5.4 endloop endfacet facet normal 0.0735314 -0.997293 0 outer loop vertex 0.539094 -5.47352 5.4 vertex 0.269872 -5.49337 2 vertex 0.539094 -5.47352 2 endloop endfacet facet normal 0.0245598 -0.999698 0 outer loop vertex 0 -5.5 2 vertex 0.269872 -5.49337 5.4 vertex 0 -5.5 5.4 endloop endfacet facet normal 0.0245598 -0.999698 0 outer loop vertex 0.269872 -5.49337 5.4 vertex 0 -5.5 2 vertex 0.269872 -5.49337 2 endloop endfacet facet normal -0.653183 0.7572 0 outer loop vertex -3.48916 4.25156 2 vertex -3.69357 4.07523 5.4 vertex -3.48916 4.25156 5.4 endloop endfacet facet normal -0.653183 0.7572 0 outer loop vertex -3.69357 4.07523 5.4 vertex -3.48916 4.25156 2 vertex -3.69357 4.07523 2 endloop endfacet facet normal 0.653183 -0.7572 0 outer loop vertex 3.48916 -4.25156 2 vertex 3.69357 -4.07523 5.4 vertex 3.48916 -4.25156 5.4 endloop endfacet facet normal 0.653183 -0.7572 0 outer loop vertex 3.69357 -4.07523 5.4 vertex 3.48916 -4.25156 2 vertex 3.69357 -4.07523 2 endloop endfacet facet normal 0.817587 -0.575804 0 outer loop vertex 4.41764 -3.27635 5.4 vertex 4.57308 -3.05564 2 vertex 4.57308 -3.05564 5.4 endloop endfacet facet normal 0.817587 -0.575804 0 outer loop vertex 4.57308 -3.05564 2 vertex 4.41764 -3.27635 5.4 vertex 4.41764 -3.27635 2 endloop endfacet facet normal -0.68952 0.724267 0 outer loop vertex -3.69357 4.07523 2 vertex -3.88909 3.88909 5.4 vertex -3.69357 4.07523 5.4 endloop endfacet facet normal -0.68952 0.724267 0 outer loop vertex -3.88909 3.88909 5.4 vertex -3.69357 4.07523 2 vertex -3.88909 3.88909 2 endloop endfacet facet normal 0.615235 0.788344 -0 outer loop vertex 3.48916 4.25156 2 vertex 3.27635 4.41764 5.4 vertex 3.48916 4.25156 5.4 endloop endfacet facet normal 0.615235 0.788344 0 outer loop vertex 3.27635 4.41764 5.4 vertex 3.48916 4.25156 2 vertex 3.27635 4.41764 2 endloop endfacet facet normal 0.449598 -0.893231 0 outer loop vertex 2.35155 -4.97194 2 vertex 2.59268 -4.85057 5.4 vertex 2.35155 -4.97194 5.4 endloop endfacet facet normal 0.449598 -0.893231 0 outer loop vertex 2.59268 -4.85057 5.4 vertex 2.35155 -4.97194 2 vertex 2.59268 -4.85057 2 endloop endfacet facet normal -0.817587 -0.575804 0 outer loop vertex -4.41764 -3.27635 2 vertex -4.57308 -3.05564 5.4 vertex -4.57308 -3.05564 2 endloop endfacet facet normal -0.817587 -0.575804 0 outer loop vertex -4.57308 -3.05564 5.4 vertex -4.41764 -3.27635 2 vertex -4.41764 -3.27635 5.4 endloop endfacet facet normal 0.844854 0.534997 0 outer loop vertex 4.71751 2.82756 5.4 vertex 4.57308 3.05564 2 vertex 4.57308 3.05564 5.4 endloop endfacet facet normal 0.844854 0.534997 0 outer loop vertex 4.57308 3.05564 2 vertex 4.71751 2.82756 5.4 vertex 4.71751 2.82756 2 endloop endfacet facet normal 0.933001 0.359873 0 outer loop vertex 5.17849 1.85289 5.4 vertex 5.08134 2.10476 2 vertex 5.08134 2.10476 5.4 endloop endfacet facet normal 0.933001 0.359873 0 outer loop vertex 5.08134 2.10476 2 vertex 5.17849 1.85289 5.4 vertex 5.17849 1.85289 2 endloop endfacet facet normal -0.933001 0.359873 0 outer loop vertex -5.17849 1.85289 2 vertex -5.08134 2.10476 5.4 vertex -5.08134 2.10476 2 endloop endfacet facet normal -0.933001 0.359873 0 outer loop vertex -5.08134 2.10476 5.4 vertex -5.17849 1.85289 2 vertex -5.17849 1.85289 5.4 endloop endfacet facet normal 0.870084 0.492904 0 outer loop vertex 4.85057 2.59268 5.4 vertex 4.71751 2.82756 2 vertex 4.71751 2.82756 5.4 endloop endfacet facet normal 0.870084 0.492904 0 outer loop vertex 4.71751 2.82756 2 vertex 4.85057 2.59268 5.4 vertex 4.85057 2.59268 2 endloop endfacet facet normal -0.870084 0.492904 0 outer loop vertex -4.85057 2.59268 2 vertex -4.71751 2.82756 5.4 vertex -4.71751 2.82756 2 endloop endfacet facet normal -0.870084 0.492904 0 outer loop vertex -4.71751 2.82756 5.4 vertex -4.85057 2.59268 2 vertex -4.85057 2.59268 5.4 endloop endfacet facet normal 0.0245598 0.999698 -0 outer loop vertex 0.269872 5.49337 2 vertex 0 5.5 5.4 vertex 0.269872 5.49337 5.4 endloop endfacet facet normal 0.0245598 0.999698 0 outer loop vertex 0 5.5 5.4 vertex 0.269872 5.49337 2 vertex 0 5.5 2 endloop endfacet facet normal 0.405258 0.914202 -0 outer loop vertex 2.35155 4.97194 2 vertex 2.10476 5.08134 5.4 vertex 2.35155 4.97194 5.4 endloop endfacet facet normal 0.405258 0.914202 0 outer loop vertex 2.10476 5.08134 5.4 vertex 2.35155 4.97194 2 vertex 2.10476 5.08134 2 endloop endfacet facet normal 0.492904 -0.870084 0 outer loop vertex 2.59268 -4.85057 2 vertex 2.82756 -4.71751 5.4 vertex 2.59268 -4.85057 5.4 endloop endfacet facet normal 0.492904 -0.870084 0 outer loop vertex 2.82756 -4.71751 5.4 vertex 2.59268 -4.85057 2 vertex 2.82756 -4.71751 2 endloop endfacet facet normal -0.534997 -0.844854 0 outer loop vertex -3.05564 -4.57308 2 vertex -2.82756 -4.71751 5.4 vertex -3.05564 -4.57308 5.4 endloop endfacet facet normal -0.534997 -0.844854 -0 outer loop vertex -2.82756 -4.71751 5.4 vertex -3.05564 -4.57308 2 vertex -2.82756 -4.71751 2 endloop endfacet facet normal -0.7572 0.653183 0 outer loop vertex -4.25156 3.48916 2 vertex -4.07523 3.69357 5.4 vertex -4.07523 3.69357 2 endloop endfacet facet normal -0.7572 0.653183 0 outer loop vertex -4.07523 3.69357 5.4 vertex -4.25156 3.48916 2 vertex -4.25156 3.48916 5.4 endloop endfacet facet normal -0.914202 0.405258 0 outer loop vertex -5.08134 2.10476 2 vertex -4.97194 2.35155 5.4 vertex -4.97194 2.35155 2 endloop endfacet facet normal -0.914202 0.405258 0 outer loop vertex -4.97194 2.35155 5.4 vertex -5.08134 2.10476 2 vertex -5.08134 2.10476 5.4 endloop endfacet facet normal 0.219115 -0.975699 0 outer loop vertex 1.073 -5.39432 2 vertex 1.33639 -5.33517 5.4 vertex 1.073 -5.39432 5.4 endloop endfacet facet normal 0.219115 -0.975699 0 outer loop vertex 1.33639 -5.33517 5.4 vertex 1.073 -5.39432 2 vertex 1.33639 -5.33517 2 endloop endfacet facet normal 0.893231 -0.449598 0 outer loop vertex 4.85057 -2.59268 5.4 vertex 4.97194 -2.35155 2 vertex 4.97194 -2.35155 5.4 endloop endfacet facet normal 0.893231 -0.449598 0 outer loop vertex 4.97194 -2.35155 2 vertex 4.85057 -2.59268 5.4 vertex 4.85057 -2.59268 2 endloop endfacet facet normal 0.449598 0.893231 -0 outer loop vertex 2.59268 4.85057 2 vertex 2.35155 4.97194 5.4 vertex 2.59268 4.85057 5.4 endloop endfacet facet normal 0.449598 0.893231 0 outer loop vertex 2.35155 4.97194 5.4 vertex 2.59268 4.85057 2 vertex 2.35155 4.97194 2 endloop endfacet facet normal 0.870084 -0.492904 0 outer loop vertex 4.71751 -2.82756 5.4 vertex 4.85057 -2.59268 2 vertex 4.85057 -2.59268 5.4 endloop endfacet facet normal 0.870084 -0.492904 0 outer loop vertex 4.85057 -2.59268 2 vertex 4.71751 -2.82756 5.4 vertex 4.71751 -2.82756 2 endloop endfacet facet normal 0.122428 -0.992477 0 outer loop vertex 0.539094 -5.47352 2 vertex 0.807017 -5.44047 5.4 vertex 0.539094 -5.47352 5.4 endloop endfacet facet normal 0.122428 -0.992477 0 outer loop vertex 0.807017 -5.44047 5.4 vertex 0.539094 -5.47352 2 vertex 0.807017 -5.44047 2 endloop endfacet facet normal -0.844854 0.534997 0 outer loop vertex -4.71751 2.82756 2 vertex -4.57308 3.05564 5.4 vertex -4.57308 3.05564 2 endloop endfacet facet normal -0.844854 0.534997 0 outer loop vertex -4.57308 3.05564 5.4 vertex -4.71751 2.82756 2 vertex -4.71751 2.82756 5.4 endloop endfacet facet normal 0.817587 0.575804 0 outer loop vertex 4.57308 3.05564 5.4 vertex 4.41764 3.27635 2 vertex 4.41764 3.27635 5.4 endloop endfacet facet normal 0.817587 0.575804 0 outer loop vertex 4.41764 3.27635 2 vertex 4.57308 3.05564 5.4 vertex 4.57308 3.05564 2 endloop endfacet facet normal -0.788344 -0.615235 0 outer loop vertex -4.25156 -3.48916 2 vertex -4.41764 -3.27635 5.4 vertex -4.41764 -3.27635 2 endloop endfacet facet normal -0.788344 -0.615235 0 outer loop vertex -4.41764 -3.27635 5.4 vertex -4.25156 -3.48916 2 vertex -4.25156 -3.48916 5.4 endloop endfacet facet normal 0.170953 0.985279 -0 outer loop vertex 1.073 5.39432 2 vertex 0.807017 5.44047 5.4 vertex 1.073 5.39432 5.4 endloop endfacet facet normal 0.170953 0.985279 0 outer loop vertex 0.807017 5.44047 5.4 vertex 1.073 5.39432 2 vertex 0.807017 5.44047 2 endloop endfacet facet normal 0.313693 -0.949525 0 outer loop vertex 1.59657 -5.26317 2 vertex 1.85289 -5.17849 5.4 vertex 1.59657 -5.26317 5.4 endloop endfacet facet normal 0.313693 -0.949525 0 outer loop vertex 1.85289 -5.17849 5.4 vertex 1.59657 -5.26317 2 vertex 1.85289 -5.17849 2 endloop endfacet facet normal 0.219115 0.975699 -0 outer loop vertex 1.33639 5.33517 2 vertex 1.073 5.39432 5.4 vertex 1.33639 5.33517 5.4 endloop endfacet facet normal 0.219115 0.975699 0 outer loop vertex 1.073 5.39432 5.4 vertex 1.33639 5.33517 2 vertex 1.073 5.39432 2 endloop endfacet facet normal -0.817587 0.575804 0 outer loop vertex -4.57308 3.05564 2 vertex -4.41764 3.27635 5.4 vertex -4.41764 3.27635 2 endloop endfacet facet normal -0.817587 0.575804 0 outer loop vertex -4.41764 3.27635 5.4 vertex -4.57308 3.05564 2 vertex -4.57308 3.05564 5.4 endloop endfacet facet normal -0.575804 -0.817587 0 outer loop vertex -3.27635 -4.41764 2 vertex -3.05564 -4.57308 5.4 vertex -3.27635 -4.41764 5.4 endloop endfacet facet normal -0.575804 -0.817587 -0 outer loop vertex -3.05564 -4.57308 5.4 vertex -3.27635 -4.41764 2 vertex -3.05564 -4.57308 2 endloop endfacet facet normal -0.170953 -0.985279 0 outer loop vertex -1.073 -5.39432 2 vertex -0.807017 -5.44047 5.4 vertex -1.073 -5.39432 5.4 endloop endfacet facet normal -0.170953 -0.985279 -0 outer loop vertex -0.807017 -5.44047 5.4 vertex -1.073 -5.39432 2 vertex -0.807017 -5.44047 2 endloop endfacet facet normal 0.914202 0.405258 0 outer loop vertex 5.08134 2.10476 5.4 vertex 4.97194 2.35155 2 vertex 4.97194 2.35155 5.4 endloop endfacet facet normal 0.914202 0.405258 0 outer loop vertex 4.97194 2.35155 2 vertex 5.08134 2.10476 5.4 vertex 5.08134 2.10476 2 endloop endfacet facet normal -0.788344 0.615235 0 outer loop vertex -4.41764 3.27635 2 vertex -4.25156 3.48916 5.4 vertex -4.25156 3.48916 2 endloop endfacet facet normal -0.788344 0.615235 0 outer loop vertex -4.25156 3.48916 5.4 vertex -4.41764 3.27635 2 vertex -4.41764 3.27635 5.4 endloop endfacet facet normal -0.534997 0.844854 0 outer loop vertex -2.82756 4.71751 2 vertex -3.05564 4.57308 5.4 vertex -2.82756 4.71751 5.4 endloop endfacet facet normal -0.534997 0.844854 0 outer loop vertex -3.05564 4.57308 5.4 vertex -2.82756 4.71751 2 vertex -3.05564 4.57308 2 endloop endfacet facet normal 0.949525 0.313693 0 outer loop vertex 5.26317 1.59657 5.4 vertex 5.17849 1.85289 2 vertex 5.17849 1.85289 5.4 endloop endfacet facet normal 0.949525 0.313693 0 outer loop vertex 5.17849 1.85289 2 vertex 5.26317 1.59657 5.4 vertex 5.26317 1.59657 2 endloop endfacet facet normal -0.0245598 0.999698 0 outer loop vertex 0 5.5 2 vertex -0.269872 5.49337 5.4 vertex 0 5.5 5.4 endloop endfacet facet normal -0.0245598 0.999698 0 outer loop vertex -0.269872 5.49337 5.4 vertex 0 5.5 2 vertex -0.269872 5.49337 2 endloop endfacet facet normal -0.0735314 -0.997293 0 outer loop vertex -0.539094 -5.47352 2 vertex -0.269872 -5.49337 5.4 vertex -0.539094 -5.47352 5.4 endloop endfacet facet normal -0.0735314 -0.997293 -0 outer loop vertex -0.269872 -5.49337 5.4 vertex -0.539094 -5.47352 2 vertex -0.269872 -5.49337 2 endloop endfacet facet normal -0.0735314 0.997293 0 outer loop vertex -0.269872 5.49337 2 vertex -0.539094 5.47352 5.4 vertex -0.269872 5.49337 5.4 endloop endfacet facet normal -0.0735314 0.997293 0 outer loop vertex -0.539094 5.47352 5.4 vertex -0.269872 5.49337 2 vertex -0.539094 5.47352 2 endloop endfacet facet normal 0.575804 0.817587 -0 outer loop vertex 3.27635 4.41764 2 vertex 3.05564 4.57308 5.4 vertex 3.27635 4.41764 5.4 endloop endfacet facet normal 0.575804 0.817587 0 outer loop vertex 3.05564 4.57308 5.4 vertex 3.27635 4.41764 2 vertex 3.05564 4.57308 2 endloop endfacet facet normal -0.724267 0.68952 0 outer loop vertex -4.07523 3.69357 2 vertex -3.88909 3.88909 5.4 vertex -3.88909 3.88909 2 endloop endfacet facet normal -0.724267 0.68952 0 outer loop vertex -3.88909 3.88909 5.4 vertex -4.07523 3.69357 2 vertex -4.07523 3.69357 5.4 endloop endfacet facet normal -0.170953 0.985279 0 outer loop vertex -0.807017 5.44047 2 vertex -1.073 5.39432 5.4 vertex -0.807017 5.44047 5.4 endloop endfacet facet normal -0.170953 0.985279 0 outer loop vertex -1.073 5.39432 5.4 vertex -0.807017 5.44047 2 vertex -1.073 5.39432 2 endloop endfacet facet normal 0.724267 0.68952 0 outer loop vertex 4.07523 3.69357 5.4 vertex 3.88909 3.88909 2 vertex 3.88909 3.88909 5.4 endloop endfacet facet normal 0.724267 0.68952 0 outer loop vertex 3.88909 3.88909 2 vertex 4.07523 3.69357 5.4 vertex 4.07523 3.69357 2 endloop endfacet facet normal -0.266708 -0.963777 0 outer loop vertex -1.59657 -5.26317 2 vertex -1.33639 -5.33517 5.4 vertex -1.59657 -5.26317 5.4 endloop endfacet facet normal -0.266708 -0.963777 -0 outer loop vertex -1.33639 -5.33517 5.4 vertex -1.59657 -5.26317 2 vertex -1.33639 -5.33517 2 endloop endfacet facet normal 0.575804 -0.817587 0 outer loop vertex 3.05564 -4.57308 2 vertex 3.27635 -4.41764 5.4 vertex 3.05564 -4.57308 5.4 endloop endfacet facet normal 0.575804 -0.817587 0 outer loop vertex 3.27635 -4.41764 5.4 vertex 3.05564 -4.57308 2 vertex 3.27635 -4.41764 2 endloop endfacet facet normal -0.7572 -0.653183 0 outer loop vertex -4.07523 -3.69357 2 vertex -4.25156 -3.48916 5.4 vertex -4.25156 -3.48916 2 endloop endfacet facet normal -0.7572 -0.653183 0 outer loop vertex -4.25156 -3.48916 5.4 vertex -4.07523 -3.69357 2 vertex -4.07523 -3.69357 5.4 endloop endfacet facet normal -0.724267 -0.68952 0 outer loop vertex -3.88909 -3.88909 2 vertex -4.07523 -3.69357 5.4 vertex -4.07523 -3.69357 2 endloop endfacet facet normal -0.724267 -0.68952 0 outer loop vertex -4.07523 -3.69357 5.4 vertex -3.88909 -3.88909 2 vertex -3.88909 -3.88909 5.4 endloop endfacet facet normal -0.933001 -0.359873 0 outer loop vertex -5.08134 -2.10476 2 vertex -5.17849 -1.85289 5.4 vertex -5.17849 -1.85289 2 endloop endfacet facet normal -0.933001 -0.359873 0 outer loop vertex -5.17849 -1.85289 5.4 vertex -5.08134 -2.10476 2 vertex -5.08134 -2.10476 5.4 endloop endfacet facet normal 0.534997 0.844854 -0 outer loop vertex 3.05564 4.57308 2 vertex 2.82756 4.71751 5.4 vertex 3.05564 4.57308 5.4 endloop endfacet facet normal 0.534997 0.844854 0 outer loop vertex 2.82756 4.71751 5.4 vertex 3.05564 4.57308 2 vertex 2.82756 4.71751 2 endloop endfacet facet normal 0.788344 0.615235 0 outer loop vertex 4.41764 3.27635 5.4 vertex 4.25156 3.48916 2 vertex 4.25156 3.48916 5.4 endloop endfacet facet normal 0.788344 0.615235 0 outer loop vertex 4.25156 3.48916 2 vertex 4.41764 3.27635 5.4 vertex 4.41764 3.27635 2 endloop endfacet facet normal 0.615235 -0.788344 0 outer loop vertex 3.27635 -4.41764 2 vertex 3.48916 -4.25156 5.4 vertex 3.27635 -4.41764 5.4 endloop endfacet facet normal 0.615235 -0.788344 0 outer loop vertex 3.48916 -4.25156 5.4 vertex 3.27635 -4.41764 2 vertex 3.48916 -4.25156 2 endloop endfacet facet normal 0.844854 -0.534997 0 outer loop vertex 4.57308 -3.05564 5.4 vertex 4.71751 -2.82756 2 vertex 4.71751 -2.82756 5.4 endloop endfacet facet normal 0.844854 -0.534997 0 outer loop vertex 4.71751 -2.82756 2 vertex 4.57308 -3.05564 5.4 vertex 4.57308 -3.05564 2 endloop endfacet facet normal 0.122428 0.992477 -0 outer loop vertex 0.807017 5.44047 2 vertex 0.539094 5.47352 5.4 vertex 0.807017 5.44047 5.4 endloop endfacet facet normal 0.122428 0.992477 0 outer loop vertex 0.539094 5.47352 5.4 vertex 0.807017 5.44047 2 vertex 0.539094 5.47352 2 endloop endfacet facet normal -0.893231 0.449598 0 outer loop vertex -4.97194 2.35155 2 vertex -4.85057 2.59268 5.4 vertex -4.85057 2.59268 2 endloop endfacet facet normal -0.893231 0.449598 0 outer loop vertex -4.85057 2.59268 5.4 vertex -4.97194 2.35155 2 vertex -4.97194 2.35155 5.4 endloop endfacet facet normal 0.914202 -0.405258 0 outer loop vertex 4.97194 -2.35155 5.4 vertex 5.08134 -2.10476 2 vertex 5.08134 -2.10476 5.4 endloop endfacet facet normal 0.914202 -0.405258 0 outer loop vertex 5.08134 -2.10476 2 vertex 4.97194 -2.35155 5.4 vertex 4.97194 -2.35155 2 endloop endfacet facet normal 0.534997 -0.844854 0 outer loop vertex 2.82756 -4.71751 2 vertex 3.05564 -4.57308 5.4 vertex 2.82756 -4.71751 5.4 endloop endfacet facet normal 0.534997 -0.844854 0 outer loop vertex 3.05564 -4.57308 5.4 vertex 2.82756 -4.71751 2 vertex 3.05564 -4.57308 2 endloop endfacet facet normal -0.914202 -0.405258 0 outer loop vertex -4.97194 -2.35155 2 vertex -5.08134 -2.10476 5.4 vertex -5.08134 -2.10476 2 endloop endfacet facet normal -0.914202 -0.405258 0 outer loop vertex -5.08134 -2.10476 5.4 vertex -4.97194 -2.35155 2 vertex -4.97194 -2.35155 5.4 endloop endfacet facet normal 0.949525 -0.313693 0 outer loop vertex 5.17849 -1.85289 5.4 vertex 5.26317 -1.59657 2 vertex 5.26317 -1.59657 5.4 endloop endfacet facet normal 0.949525 -0.313693 0 outer loop vertex 5.26317 -1.59657 2 vertex 5.17849 -1.85289 5.4 vertex 5.17849 -1.85289 2 endloop endfacet facet normal -0.492904 0.870084 0 outer loop vertex -2.59268 4.85057 2 vertex -2.82756 4.71751 5.4 vertex -2.59268 4.85057 5.4 endloop endfacet facet normal -0.492904 0.870084 0 outer loop vertex -2.82756 4.71751 5.4 vertex -2.59268 4.85057 2 vertex -2.82756 4.71751 2 endloop endfacet facet normal 0.266708 -0.963777 0 outer loop vertex 1.33639 -5.33517 2 vertex 1.59657 -5.26317 5.4 vertex 1.33639 -5.33517 5.4 endloop endfacet facet normal 0.266708 -0.963777 0 outer loop vertex 1.59657 -5.26317 5.4 vertex 1.33639 -5.33517 2 vertex 1.59657 -5.26317 2 endloop endfacet facet normal 0.313693 0.949525 -0 outer loop vertex 1.85289 5.17849 2 vertex 1.59657 5.26317 5.4 vertex 1.85289 5.17849 5.4 endloop endfacet facet normal 0.313693 0.949525 0 outer loop vertex 1.59657 5.26317 5.4 vertex 1.85289 5.17849 2 vertex 1.59657 5.26317 2 endloop endfacet facet normal -0.122428 -0.992477 0 outer loop vertex -0.807017 -5.44047 2 vertex -0.539094 -5.47352 5.4 vertex -0.807017 -5.44047 5.4 endloop endfacet facet normal -0.122428 -0.992477 -0 outer loop vertex -0.539094 -5.47352 5.4 vertex -0.807017 -5.44047 2 vertex -0.539094 -5.47352 2 endloop endfacet facet normal 0 0 1 outer loop vertex 3.53942 0.752912 5.4 vertex 5.3 1.46349 5.4 vertex 5.26317 1.59657 5.4 endloop endfacet facet normal 0 0 1 outer loop vertex 5.3 1.46349 5.4 vertex 3.85931 -0.226606 5.4 vertex 5.3 -1.46349 5.4 endloop endfacet facet normal 0 0 1 outer loop vertex 3.35247 1.08928 5.4 vertex 5.26317 1.59657 5.4 vertex 5.17849 1.85289 5.4 endloop endfacet facet normal -0 -0 1 outer loop vertex 3.91124 -0.61948 5.4 vertex 5.3 -1.46349 5.4 vertex 3.85931 -0.226606 5.4 endloop endfacet facet normal 0 0 1 outer loop vertex 3.35247 1.08928 5.4 vertex 5.17849 1.85289 5.4 vertex 5.08134 2.10476 5.4 endloop endfacet facet normal -0 -0 1 outer loop vertex 3.91679 -0.773312 5.4 vertex 5.3 -1.46349 5.4 vertex 3.91124 -0.61948 5.4 endloop endfacet facet normal 0 0 1 outer loop vertex 3.23358 1.33939 5.4 vertex 5.08134 2.10476 5.4 vertex 4.97194 2.35155 5.4 endloop endfacet facet normal -0 0 1 outer loop vertex 3.90409 -1.26851 5.4 vertex 5.3 -1.46349 5.4 vertex 3.91679 -0.773312 5.4 endloop endfacet facet normal 0 0 1 outer loop vertex 3.16396 1.49644 5.4 vertex 4.97194 2.35155 5.4 vertex 4.85057 2.59268 5.4 endloop endfacet facet normal 0 0 1 outer loop vertex 5.3 -1.46349 5.4 vertex 3.90409 -1.26851 5.4 vertex 5.26317 -1.59657 5.4 endloop endfacet facet normal 0 0 1 outer loop vertex 3.08672 1.64989 5.4 vertex 4.85057 2.59268 5.4 vertex 4.71751 2.82756 5.4 endloop endfacet facet normal -0 0 1 outer loop vertex 3.89479 -1.34492 5.4 vertex 5.26317 -1.59657 5.4 vertex 3.90409 -1.26851 5.4 endloop endfacet facet normal 0 0 1 outer loop vertex 3.00205 1.79936 5.4 vertex 4.71751 2.82756 5.4 vertex 4.57308 3.05564 5.4 endloop endfacet facet normal 0 0 1 outer loop vertex 5.17849 -1.85289 5.4 vertex 3.89479 -1.34492 5.4 vertex 5.08134 -2.10476 5.4 endloop endfacet facet normal 0 0 1 outer loop vertex 2.91014 1.9445 5.4 vertex 4.57308 3.05564 5.4 vertex 4.41764 3.27635 5.4 endloop endfacet facet normal -0 0 1 outer loop vertex 3.78678 -1.92946 5.4 vertex 5.08134 -2.10476 5.4 vertex 3.89479 -1.34492 5.4 endloop endfacet facet normal 0 0 1 outer loop vertex 2.81123 2.08495 5.4 vertex 4.41764 3.27635 5.4 vertex 4.25156 3.48916 5.4 endloop endfacet facet normal 0 0 1 outer loop vertex 5.08134 -2.10476 5.4 vertex 3.78678 -1.92946 5.4 vertex 4.97194 -2.35155 5.4 endloop endfacet facet normal 0 0 1 outer loop vertex 2.70554 2.22038 5.4 vertex 4.25156 3.48916 5.4 vertex 4.07523 3.69357 5.4 endloop endfacet facet normal 0 0 1 outer loop vertex 4.97194 -2.35155 5.4 vertex 3.78678 -1.92946 5.4 vertex 4.85057 -2.59268 5.4 endloop endfacet facet normal -0 0 1 outer loop vertex 3.43832 -2.49809 5.4 vertex 4.71751 -2.82756 5.4 vertex 3.78678 -1.92946 5.4 endloop endfacet facet normal 0 0 1 outer loop vertex 4.85057 -2.59268 5.4 vertex 3.78678 -1.92946 5.4 vertex 4.71751 -2.82756 5.4 endloop endfacet facet normal 0 0 1 outer loop vertex 2.59333 2.35046 5.4 vertex 4.07523 3.69357 5.4 vertex 3.88909 3.88909 5.4 endloop endfacet facet normal 0 0 1 outer loop vertex 5.26317 -1.59657 5.4 vertex 3.89479 -1.34492 5.4 vertex 5.17849 -1.85289 5.4 endloop endfacet facet normal 0 0 1 outer loop vertex 5.3 1.46349 5.4 vertex 3.815 0 5.4 vertex 3.85931 -0.226606 5.4 endloop endfacet facet normal 0 0 1 outer loop vertex 5.3 1.46349 5.4 vertex 3.73043 0.284934 5.4 vertex 3.815 0 5.4 endloop endfacet facet normal 0 0 1 outer loop vertex 2.47487 2.47487 5.4 vertex 3.88909 3.88909 5.4 vertex 3.69357 4.07523 5.4 endloop endfacet facet normal 0 0 1 outer loop vertex 5.3 1.46349 5.4 vertex 3.62482 0.574114 5.4 vertex 3.73043 0.284934 5.4 endloop endfacet facet normal 0 0 1 outer loop vertex 5.3 1.46349 5.4 vertex 3.53942 0.752912 5.4 vertex 3.62482 0.574114 5.4 endloop endfacet facet normal 0 0 1 outer loop vertex 2.35046 2.59333 5.4 vertex 3.69357 4.07523 5.4 vertex 3.48916 4.25156 5.4 endloop endfacet facet normal 0 0 1 outer loop vertex 5.26317 1.59657 5.4 vertex 3.35247 1.08928 5.4 vertex 3.53942 0.752912 5.4 endloop endfacet facet normal 0 0 1 outer loop vertex 5.08134 2.10476 5.4 vertex 3.23358 1.33939 5.4 vertex 3.35247 1.08928 5.4 endloop endfacet facet normal 0 0 1 outer loop vertex 3.35247 1.08928 5.4 vertex 3.2954 1.17911 5.4 vertex 3.29978 1.16587 5.4 endloop endfacet facet normal 0 0 1 outer loop vertex 2.22038 2.70554 5.4 vertex 3.48916 4.25156 5.4 vertex 3.27635 4.41764 5.4 endloop endfacet facet normal 0 0 1 outer loop vertex 3.35247 1.08928 5.4 vertex 3.23358 1.33939 5.4 vertex 3.2954 1.17911 5.4 endloop endfacet facet normal 0 0 1 outer loop vertex 4.97194 2.35155 5.4 vertex 3.16396 1.49644 5.4 vertex 3.23358 1.33939 5.4 endloop endfacet facet normal 0 0 1 outer loop vertex 4.85057 2.59268 5.4 vertex 3.08672 1.64989 5.4 vertex 3.16396 1.49644 5.4 endloop endfacet facet normal 0 0 1 outer loop vertex 2.08495 2.81123 5.4 vertex 3.27635 4.41764 5.4 vertex 3.05564 4.57308 5.4 endloop endfacet facet normal 0 0 1 outer loop vertex 4.71751 2.82756 5.4 vertex 3.00205 1.79936 5.4 vertex 3.08672 1.64989 5.4 endloop endfacet facet normal 0 0 1 outer loop vertex 4.57308 3.05564 5.4 vertex 2.91014 1.9445 5.4 vertex 3.00205 1.79936 5.4 endloop endfacet facet normal 0 0 1 outer loop vertex 1.9445 2.91014 5.4 vertex 3.05564 4.57308 5.4 vertex 2.82756 4.71751 5.4 endloop endfacet facet normal 0 0 1 outer loop vertex 4.41764 3.27635 5.4 vertex 2.81123 2.08495 5.4 vertex 2.91014 1.9445 5.4 endloop endfacet facet normal 0 0 1 outer loop vertex 4.25156 3.48916 5.4 vertex 2.70554 2.22038 5.4 vertex 2.81123 2.08495 5.4 endloop endfacet facet normal 0 0 1 outer loop vertex 4.07523 3.69357 5.4 vertex 2.59333 2.35046 5.4 vertex 2.70554 2.22038 5.4 endloop endfacet facet normal 0 0 1 outer loop vertex 1.79936 3.00205 5.4 vertex 2.82756 4.71751 5.4 vertex 2.59268 4.85057 5.4 endloop endfacet facet normal 0 0 1 outer loop vertex 3.88909 3.88909 5.4 vertex 2.47487 2.47487 5.4 vertex 2.59333 2.35046 5.4 endloop endfacet facet normal 0 0 1 outer loop vertex 1.64989 3.08672 5.4 vertex 2.59268 4.85057 5.4 vertex 2.35155 4.97194 5.4 endloop endfacet facet normal 0 0 1 outer loop vertex 3.69357 4.07523 5.4 vertex 2.35046 2.59333 5.4 vertex 2.47487 2.47487 5.4 endloop endfacet facet normal 0 0 1 outer loop vertex 3.48916 4.25156 5.4 vertex 2.22038 2.70554 5.4 vertex 2.35046 2.59333 5.4 endloop endfacet facet normal 0 0 1 outer loop vertex 1.49644 3.16396 5.4 vertex 2.35155 4.97194 5.4 vertex 2.10476 5.08134 5.4 endloop endfacet facet normal 0 0 1 outer loop vertex 3.27635 4.41764 5.4 vertex 2.08495 2.81123 5.4 vertex 2.22038 2.70554 5.4 endloop endfacet facet normal 0 0 1 outer loop vertex 3.05564 4.57308 5.4 vertex 1.9445 2.91014 5.4 vertex 2.08495 2.81123 5.4 endloop endfacet facet normal 0 0 1 outer loop vertex 1.33939 3.23358 5.4 vertex 2.10476 5.08134 5.4 vertex 1.85289 5.17849 5.4 endloop endfacet facet normal 0 0 1 outer loop vertex 2.82756 4.71751 5.4 vertex 1.79936 3.00205 5.4 vertex 1.9445 2.91014 5.4 endloop endfacet facet normal 0 0 1 outer loop vertex 2.59268 4.85057 5.4 vertex 1.64989 3.08672 5.4 vertex 1.79936 3.00205 5.4 endloop endfacet facet normal 0 0 1 outer loop vertex 1.17911 3.2954 5.4 vertex 1.85289 5.17849 5.4 vertex 1.59657 5.26317 5.4 endloop endfacet facet normal 0 0 1 outer loop vertex 2.35155 4.97194 5.4 vertex 1.49644 3.16396 5.4 vertex 1.64989 3.08672 5.4 endloop endfacet facet normal 0 0 1 outer loop vertex 2.10476 5.08134 5.4 vertex 1.33939 3.23358 5.4 vertex 1.49644 3.16396 5.4 endloop endfacet facet normal 0 0 1 outer loop vertex 1.016 3.34929 5.4 vertex 1.59657 5.26317 5.4 vertex 1.33639 5.33517 5.4 endloop endfacet facet normal 0 0 1 outer loop vertex 1.85289 5.17849 5.4 vertex 1.17911 3.2954 5.4 vertex 1.33939 3.23358 5.4 endloop endfacet facet normal 0 0 1 outer loop vertex 0.85043 3.39511 5.4 vertex 1.33639 5.33517 5.4 vertex 1.073 5.39432 5.4 endloop endfacet facet normal 0 0 1 outer loop vertex 1.59657 5.26317 5.4 vertex 1.016 3.34929 5.4 vertex 1.17911 3.2954 5.4 endloop endfacet facet normal 0 0 1 outer loop vertex 1.33639 5.33517 5.4 vertex 0.85043 3.39511 5.4 vertex 1.016 3.34929 5.4 endloop endfacet facet normal 0 0 1 outer loop vertex 0.682816 3.43275 5.4 vertex 1.073 5.39432 5.4 vertex 0.807017 5.44047 5.4 endloop endfacet facet normal 0 0 1 outer loop vertex 1.073 5.39432 5.4 vertex 0.682816 3.43275 5.4 vertex 0.85043 3.39511 5.4 endloop endfacet facet normal 0 0 1 outer loop vertex 0.513556 3.46212 5.4 vertex 0.807017 5.44047 5.4 vertex 0.539094 5.47352 5.4 endloop endfacet facet normal 0 0 1 outer loop vertex 0.807017 5.44047 5.4 vertex 0.513556 3.46212 5.4 vertex 0.682816 3.43275 5.4 endloop endfacet facet normal 0 0 1 outer loop vertex 0.539094 5.47352 5.4 vertex 0.34306 3.48315 5.4 vertex 0.513556 3.46212 5.4 endloop endfacet facet normal 0 0 1 outer loop vertex 0.269872 5.49337 5.4 vertex 0.34306 3.48315 5.4 vertex 0.539094 5.47352 5.4 endloop endfacet facet normal 0 0 1 outer loop vertex 0.269872 5.49337 5.4 vertex 0.171737 3.49578 5.4 vertex 0.34306 3.48315 5.4 endloop endfacet facet normal 0 0 1 outer loop vertex 0 5.5 5.4 vertex 0.171737 3.49578 5.4 vertex 0.269872 5.49337 5.4 endloop endfacet facet normal 0 0 1 outer loop vertex 0 5.5 5.4 vertex 0 3.5 5.4 vertex 0.171737 3.49578 5.4 endloop endfacet facet normal 0 0 1 outer loop vertex 0 5.5 5.4 vertex -0.171737 3.49578 5.4 vertex 0 3.5 5.4 endloop endfacet facet normal -0 0 1 outer loop vertex -0.269872 5.49337 5.4 vertex -0.171737 3.49578 5.4 vertex 0 5.5 5.4 endloop endfacet facet normal 0 0 1 outer loop vertex -0.269872 5.49337 5.4 vertex -0.34306 3.48315 5.4 vertex -0.171737 3.49578 5.4 endloop endfacet facet normal -0 0 1 outer loop vertex -0.539094 5.47352 5.4 vertex -0.34306 3.48315 5.4 vertex -0.269872 5.49337 5.4 endloop endfacet facet normal 0 0 1 outer loop vertex -0.34306 3.48315 5.4 vertex -0.539094 5.47352 5.4 vertex -0.513556 3.46212 5.4 endloop endfacet facet normal -0 0 1 outer loop vertex -0.807017 5.44047 5.4 vertex -0.513556 3.46212 5.4 vertex -0.539094 5.47352 5.4 endloop endfacet facet normal 0 0 1 outer loop vertex -0.513556 3.46212 5.4 vertex -0.807017 5.44047 5.4 vertex -0.682816 3.43275 5.4 endloop endfacet facet normal -0 0 1 outer loop vertex -1.073 5.39432 5.4 vertex -0.682816 3.43275 5.4 vertex -0.807017 5.44047 5.4 endloop endfacet facet normal 0 0 1 outer loop vertex -0.682816 3.43275 5.4 vertex -1.073 5.39432 5.4 vertex -0.85043 3.39511 5.4 endloop endfacet facet normal -0 0 1 outer loop vertex -1.33639 5.33517 5.4 vertex -0.85043 3.39511 5.4 vertex -1.073 5.39432 5.4 endloop endfacet facet normal 0 0 1 outer loop vertex -0.85043 3.39511 5.4 vertex -1.33639 5.33517 5.4 vertex -1.016 3.34929 5.4 endloop endfacet facet normal -0 0 1 outer loop vertex -1.59657 5.26317 5.4 vertex -1.016 3.34929 5.4 vertex -1.33639 5.33517 5.4 endloop endfacet facet normal 0 0 1 outer loop vertex -1.016 3.34929 5.4 vertex -1.59657 5.26317 5.4 vertex -1.17911 3.2954 5.4 endloop endfacet facet normal -0 0 1 outer loop vertex -1.85289 5.17849 5.4 vertex -1.17911 3.2954 5.4 vertex -1.59657 5.26317 5.4 endloop endfacet facet normal 0 0 1 outer loop vertex -1.17911 3.2954 5.4 vertex -1.85289 5.17849 5.4 vertex -1.33939 3.23358 5.4 endloop endfacet facet normal -0 0 1 outer loop vertex -2.10476 5.08134 5.4 vertex -1.33939 3.23358 5.4 vertex -1.85289 5.17849 5.4 endloop endfacet facet normal 0 0 1 outer loop vertex -1.33939 3.23358 5.4 vertex -2.10476 5.08134 5.4 vertex -1.49644 3.16396 5.4 endloop endfacet facet normal -0 0 1 outer loop vertex -2.35155 4.97194 5.4 vertex -1.49644 3.16396 5.4 vertex -2.10476 5.08134 5.4 endloop endfacet facet normal 0 0 1 outer loop vertex -1.49644 3.16396 5.4 vertex -2.35155 4.97194 5.4 vertex -1.64989 3.08672 5.4 endloop endfacet facet normal -0 0 1 outer loop vertex -2.59268 4.85057 5.4 vertex -1.64989 3.08672 5.4 vertex -2.35155 4.97194 5.4 endloop endfacet facet normal 0 0 1 outer loop vertex -1.64989 3.08672 5.4 vertex -2.59268 4.85057 5.4 vertex -1.79936 3.00205 5.4 endloop endfacet facet normal -0 0 1 outer loop vertex -2.82756 4.71751 5.4 vertex -1.79936 3.00205 5.4 vertex -2.59268 4.85057 5.4 endloop endfacet facet normal 0 0 1 outer loop vertex -1.79936 3.00205 5.4 vertex -2.82756 4.71751 5.4 vertex -1.9445 2.91014 5.4 endloop endfacet facet normal -0 0 1 outer loop vertex -3.05564 4.57308 5.4 vertex -1.9445 2.91014 5.4 vertex -2.82756 4.71751 5.4 endloop endfacet facet normal 0 0 1 outer loop vertex -1.9445 2.91014 5.4 vertex -2.07194 2.85178 5.4 vertex -1.98242 2.88343 5.4 endloop endfacet facet normal 0 0 1 outer loop vertex -1.9445 2.91014 5.4 vertex -3.05564 4.57308 5.4 vertex -2.07194 2.85178 5.4 endloop endfacet facet normal -0 0 1 outer loop vertex -3.27635 4.41764 5.4 vertex -2.07194 2.85178 5.4 vertex -3.05564 4.57308 5.4 endloop endfacet facet normal 0 0 1 outer loop vertex -2.07194 2.85178 5.4 vertex -3.27635 4.41764 5.4 vertex -2.4209 2.68954 5.4 endloop endfacet facet normal -0 0 1 outer loop vertex -3.48916 4.25156 5.4 vertex -2.4209 2.68954 5.4 vertex -3.27635 4.41764 5.4 endloop endfacet facet normal 0 0 1 outer loop vertex -2.4209 2.68954 5.4 vertex -3.48916 4.25156 5.4 vertex -2.59508 2.59508 5.4 endloop endfacet facet normal -0 0 1 outer loop vertex -3.69357 4.07523 5.4 vertex -2.59508 2.59508 5.4 vertex -3.48916 4.25156 5.4 endloop endfacet facet normal -0 0 1 outer loop vertex -3.88909 3.88909 5.4 vertex -2.59508 2.59508 5.4 vertex -3.69357 4.07523 5.4 endloop endfacet facet normal 0 0 1 outer loop vertex -2.59508 2.59508 5.4 vertex -3.88909 3.88909 5.4 vertex -2.8505 2.42321 5.4 endloop endfacet facet normal -0 0 1 outer loop vertex -4.07523 3.69357 5.4 vertex -2.8505 2.42321 5.4 vertex -3.88909 3.88909 5.4 endloop endfacet facet normal 0 0 1 outer loop vertex -2.8505 2.42321 5.4 vertex -4.07523 3.69357 5.4 vertex -3.0864 2.2424 5.4 endloop endfacet facet normal -0 0 1 outer loop vertex -4.25156 3.48916 5.4 vertex -3.0864 2.2424 5.4 vertex -4.07523 3.69357 5.4 endloop endfacet facet normal -0 0 1 outer loop vertex -4.41764 3.27635 5.4 vertex -3.0864 2.2424 5.4 vertex -4.25156 3.48916 5.4 endloop endfacet facet normal 0 0 1 outer loop vertex -3.0864 2.2424 5.4 vertex -4.41764 3.27635 5.4 vertex -3.25544 2.08512 5.4 endloop endfacet facet normal -0 0 1 outer loop vertex -4.57308 3.05564 5.4 vertex -3.25544 2.08512 5.4 vertex -4.41764 3.27635 5.4 endloop endfacet facet normal -0 0 1 outer loop vertex -4.71751 2.82756 5.4 vertex -3.25544 2.08512 5.4 vertex -4.57308 3.05564 5.4 endloop endfacet facet normal 0 0 1 outer loop vertex -3.25544 2.08512 5.4 vertex -4.71751 2.82756 5.4 vertex -3.52838 1.7978 5.4 endloop endfacet facet normal -0 0 1 outer loop vertex -4.85057 2.59268 5.4 vertex -3.52838 1.7978 5.4 vertex -4.71751 2.82756 5.4 endloop endfacet facet normal 0 0 1 outer loop vertex -3.52838 1.7978 5.4 vertex -4.85057 2.59268 5.4 vertex -3.62329 1.67661 5.4 endloop endfacet facet normal 0 0 1 outer loop vertex 4.71751 -2.82756 5.4 vertex 3.43832 -2.49809 5.4 vertex 4.57308 -3.05564 5.4 endloop endfacet facet normal 0 0 1 outer loop vertex 4.57308 -3.05564 5.4 vertex 3.43832 -2.49809 5.4 vertex 4.41764 -3.27635 5.4 endloop endfacet facet normal 0 0 1 outer loop vertex 4.41764 -3.27635 5.4 vertex 3.43832 -2.49809 5.4 vertex 4.25156 -3.48916 5.4 endloop endfacet facet normal -0 0 1 outer loop vertex 3.0052 -3.0052 5.4 vertex 4.25156 -3.48916 5.4 vertex 3.43832 -2.49809 5.4 endloop endfacet facet normal 0 0 1 outer loop vertex 4.25156 -3.48916 5.4 vertex 3.0052 -3.0052 5.4 vertex 4.07523 -3.69357 5.4 endloop endfacet facet normal 0 0 1 outer loop vertex 4.07523 -3.69357 5.4 vertex 3.0052 -3.0052 5.4 vertex 3.88909 -3.88909 5.4 endloop endfacet facet normal 0 0 1 outer loop vertex 3.88909 -3.88909 5.4 vertex 3.0052 -3.0052 5.4 vertex 3.69357 -4.07523 5.4 endloop endfacet facet normal 0 0 1 outer loop vertex 3.69357 -4.07523 5.4 vertex 3.0052 -3.0052 5.4 vertex 3.48916 -4.25156 5.4 endloop endfacet facet normal -0 0 1 outer loop vertex 2.49809 -3.43832 5.4 vertex 3.48916 -4.25156 5.4 vertex 3.0052 -3.0052 5.4 endloop endfacet facet normal 0 0 1 outer loop vertex 3.48916 -4.25156 5.4 vertex 2.49809 -3.43832 5.4 vertex 3.27635 -4.41764 5.4 endloop endfacet facet normal 0 0 1 outer loop vertex 3.27635 -4.41764 5.4 vertex 2.49809 -3.43832 5.4 vertex 3.05564 -4.57308 5.4 endloop endfacet facet normal 0 0 1 outer loop vertex 3.05564 -4.57308 5.4 vertex 2.49809 -3.43832 5.4 vertex 2.82756 -4.71751 5.4 endloop endfacet facet normal -0 0 1 outer loop vertex 1.92946 -3.78678 5.4 vertex 2.82756 -4.71751 5.4 vertex 2.49809 -3.43832 5.4 endloop endfacet facet normal 0 0 1 outer loop vertex 2.82756 -4.71751 5.4 vertex 1.92946 -3.78678 5.4 vertex 2.59268 -4.85057 5.4 endloop endfacet facet normal 0 0 1 outer loop vertex 2.59268 -4.85057 5.4 vertex 1.92946 -3.78678 5.4 vertex 2.35155 -4.97194 5.4 endloop endfacet facet normal 0 0 1 outer loop vertex 2.35155 -4.97194 5.4 vertex 1.92946 -3.78678 5.4 vertex 2.10476 -5.08134 5.4 endloop endfacet facet normal -0 0 1 outer loop vertex 1.31332 -4.04199 5.4 vertex 2.10476 -5.08134 5.4 vertex 1.92946 -3.78678 5.4 endloop endfacet facet normal 0 0 1 outer loop vertex 2.10476 -5.08134 5.4 vertex 1.31332 -4.04199 5.4 vertex 1.85289 -5.17849 5.4 endloop endfacet facet normal 0 0 1 outer loop vertex 1.85289 -5.17849 5.4 vertex 1.31332 -4.04199 5.4 vertex 1.59657 -5.26317 5.4 endloop endfacet facet normal 0 0 1 outer loop vertex 1.59657 -5.26317 5.4 vertex 1.31332 -4.04199 5.4 vertex 1.33639 -5.33517 5.4 endloop endfacet facet normal -0 0 1 outer loop vertex 0.664846 -4.19767 5.4 vertex 1.33639 -5.33517 5.4 vertex 1.31332 -4.04199 5.4 endloop endfacet facet normal 0 0 1 outer loop vertex 1.33639 -5.33517 5.4 vertex 0.664846 -4.19767 5.4 vertex 1.073 -5.39432 5.4 endloop endfacet facet normal 0 0 1 outer loop vertex 1.073 -5.39432 5.4 vertex 0.664846 -4.19767 5.4 vertex 0.807017 -5.44047 5.4 endloop endfacet facet normal 0 0 1 outer loop vertex 0.664846 -4.19767 5.4 vertex 0.539094 -5.47352 5.4 vertex 0.807017 -5.44047 5.4 endloop endfacet facet normal -0 0 1 outer loop vertex 0 -4.25 5.4 vertex 0.539094 -5.47352 5.4 vertex 0.664846 -4.19767 5.4 endloop endfacet facet normal 0 0 1 outer loop vertex 0.539094 -5.47352 5.4 vertex 0 -4.25 5.4 vertex 0.269872 -5.49337 5.4 endloop endfacet facet normal 0 0 1 outer loop vertex 0 -4.25 5.4 vertex 0 -5.5 5.4 vertex 0.269872 -5.49337 5.4 endloop endfacet facet normal 0 0 1 outer loop vertex 0 -4.25 5.4 vertex -0.269872 -5.49337 5.4 vertex 0 -5.5 5.4 endloop endfacet facet normal 0 0 1 outer loop vertex 0 -4.25 5.4 vertex -0.539094 -5.47352 5.4 vertex -0.269872 -5.49337 5.4 endloop endfacet facet normal 0 0 1 outer loop vertex -0.664846 -4.19767 5.4 vertex -0.539094 -5.47352 5.4 vertex 0 -4.25 5.4 endloop endfacet facet normal 0 0 1 outer loop vertex -0.664846 -4.19767 5.4 vertex -0.807017 -5.44047 5.4 vertex -0.539094 -5.47352 5.4 endloop endfacet facet normal 0 0 1 outer loop vertex -0.664846 -4.19767 5.4 vertex -1.073 -5.39432 5.4 vertex -0.807017 -5.44047 5.4 endloop endfacet facet normal 0 0 1 outer loop vertex -1.33639 -5.33517 5.4 vertex -0.664846 -4.19767 5.4 vertex -1.31332 -4.04199 5.4 endloop endfacet facet normal 0 0 1 outer loop vertex -0.664846 -4.19767 5.4 vertex -1.33639 -5.33517 5.4 vertex -1.073 -5.39432 5.4 endloop endfacet facet normal 0 0 1 outer loop vertex -1.31332 -4.04199 5.4 vertex -1.59657 -5.26317 5.4 vertex -1.33639 -5.33517 5.4 endloop endfacet facet normal 0 0 1 outer loop vertex -1.31332 -4.04199 5.4 vertex -1.85289 -5.17849 5.4 vertex -1.59657 -5.26317 5.4 endloop endfacet facet normal 0 0 1 outer loop vertex -2.10476 -5.08134 5.4 vertex -1.31332 -4.04199 5.4 vertex -1.92946 -3.78678 5.4 endloop endfacet facet normal 0 0 1 outer loop vertex -1.31332 -4.04199 5.4 vertex -2.10476 -5.08134 5.4 vertex -1.85289 -5.17849 5.4 endloop endfacet facet normal 0 0 1 outer loop vertex -1.92946 -3.78678 5.4 vertex -2.35155 -4.97194 5.4 vertex -2.10476 -5.08134 5.4 endloop endfacet facet normal 0 0 1 outer loop vertex -2.82756 -4.71751 5.4 vertex -1.92946 -3.78678 5.4 vertex -2.49809 -3.43832 5.4 endloop endfacet facet normal 0 0 1 outer loop vertex -1.92946 -3.78678 5.4 vertex -2.59268 -4.85057 5.4 vertex -2.35155 -4.97194 5.4 endloop endfacet facet normal 0 0 1 outer loop vertex -1.92946 -3.78678 5.4 vertex -2.82756 -4.71751 5.4 vertex -2.59268 -4.85057 5.4 endloop endfacet facet normal 0 0 1 outer loop vertex -3.48916 -4.25156 5.4 vertex -2.49809 -3.43832 5.4 vertex -3.0052 -3.0052 5.4 endloop endfacet facet normal 0 0 1 outer loop vertex -2.49809 -3.43832 5.4 vertex -3.05564 -4.57308 5.4 vertex -2.82756 -4.71751 5.4 endloop endfacet facet normal 0 0 1 outer loop vertex -2.49809 -3.43832 5.4 vertex -3.27635 -4.41764 5.4 vertex -3.05564 -4.57308 5.4 endloop endfacet facet normal 0 0 1 outer loop vertex -4.25156 -3.48916 5.4 vertex -3.0052 -3.0052 5.4 vertex -3.43832 -2.49809 5.4 endloop endfacet facet normal 0 0 1 outer loop vertex -2.49809 -3.43832 5.4 vertex -3.48916 -4.25156 5.4 vertex -3.27635 -4.41764 5.4 endloop endfacet facet normal 0 0 1 outer loop vertex -3.0052 -3.0052 5.4 vertex -3.69357 -4.07523 5.4 vertex -3.48916 -4.25156 5.4 endloop endfacet facet normal 0 0 1 outer loop vertex -4.71751 -2.82756 5.4 vertex -3.43832 -2.49809 5.4 vertex -3.78678 -1.92946 5.4 endloop endfacet facet normal 0 0 1 outer loop vertex -3.0052 -3.0052 5.4 vertex -3.88909 -3.88909 5.4 vertex -3.69357 -4.07523 5.4 endloop endfacet facet normal 0 0 1 outer loop vertex -5.08134 -2.10476 5.4 vertex -3.78678 -1.92946 5.4 vertex -4.04199 -1.31332 5.4 endloop endfacet facet normal 0 0 1 outer loop vertex -3.0052 -3.0052 5.4 vertex -4.07523 -3.69357 5.4 vertex -3.88909 -3.88909 5.4 endloop endfacet facet normal 0 0 1 outer loop vertex -5.3 -1.46349 5.4 vertex -4.04199 -1.31332 5.4 vertex -4.19767 -0.664846 5.4 endloop endfacet facet normal 0 0 1 outer loop vertex -5.3 -1.46349 5.4 vertex -4.19767 -0.664846 5.4 vertex -4.25 0 5.4 endloop endfacet facet normal 0 0 1 outer loop vertex -3.0052 -3.0052 5.4 vertex -4.25156 -3.48916 5.4 vertex -4.07523 -3.69357 5.4 endloop endfacet facet normal -0 0 1 outer loop vertex -4.97194 2.35155 5.4 vertex -3.62329 1.67661 5.4 vertex -4.85057 2.59268 5.4 endloop endfacet facet normal -0 0 1 outer loop vertex -5.08134 2.10476 5.4 vertex -3.62329 1.67661 5.4 vertex -4.97194 2.35155 5.4 endloop endfacet facet normal 0 0 1 outer loop vertex -3.43832 -2.49809 5.4 vertex -4.41764 -3.27635 5.4 vertex -4.25156 -3.48916 5.4 endloop endfacet facet normal 0 0 1 outer loop vertex -3.62329 1.67661 5.4 vertex -5.08134 2.10476 5.4 vertex -3.90409 1.26851 5.4 endloop endfacet facet normal 0 0 1 outer loop vertex -3.43832 -2.49809 5.4 vertex -4.57308 -3.05564 5.4 vertex -4.41764 -3.27635 5.4 endloop endfacet facet normal -0 0 1 outer loop vertex -5.17849 1.85289 5.4 vertex -3.90409 1.26851 5.4 vertex -5.08134 2.10476 5.4 endloop endfacet facet normal 0 0 1 outer loop vertex -3.43832 -2.49809 5.4 vertex -4.71751 -2.82756 5.4 vertex -4.57308 -3.05564 5.4 endloop endfacet facet normal 0 0 1 outer loop vertex -3.90409 1.26851 5.4 vertex -5.17849 1.85289 5.4 vertex -3.94147 1.20124 5.4 endloop endfacet facet normal 0 0 1 outer loop vertex -3.78678 -1.92946 5.4 vertex -4.85057 -2.59268 5.4 vertex -4.71751 -2.82756 5.4 endloop endfacet facet normal -0 0 1 outer loop vertex -5.26317 1.59657 5.4 vertex -3.94147 1.20124 5.4 vertex -5.17849 1.85289 5.4 endloop endfacet facet normal 0 0 1 outer loop vertex -3.78678 -1.92946 5.4 vertex -4.97194 -2.35155 5.4 vertex -4.85057 -2.59268 5.4 endloop endfacet facet normal -0 0 1 outer loop vertex -5.3 1.46349 5.4 vertex -3.94147 1.20124 5.4 vertex -5.26317 1.59657 5.4 endloop endfacet facet normal 0 0 1 outer loop vertex -3.78678 -1.92946 5.4 vertex -5.08134 -2.10476 5.4 vertex -4.97194 -2.35155 5.4 endloop endfacet facet normal 0 0 1 outer loop vertex -3.94147 1.20124 5.4 vertex -5.3 1.46349 5.4 vertex -4.19767 0.664846 5.4 endloop endfacet facet normal 0 0 1 outer loop vertex -4.04199 -1.31332 5.4 vertex -5.17849 -1.85289 5.4 vertex -5.08134 -2.10476 5.4 endloop endfacet facet normal 0 0 1 outer loop vertex -4.19767 0.664846 5.4 vertex -5.3 1.46349 5.4 vertex -4.25 0 5.4 endloop endfacet facet normal 0 0 1 outer loop vertex -5.3 -1.46349 5.4 vertex -4.25 0 5.4 vertex -5.3 1.46349 5.4 endloop endfacet facet normal 0 0 1 outer loop vertex -4.04199 -1.31332 5.4 vertex -5.3 -1.46349 5.4 vertex -5.26317 -1.59657 5.4 endloop endfacet facet normal 0 0 1 outer loop vertex -4.04199 -1.31332 5.4 vertex -5.26317 -1.59657 5.4 vertex -5.17849 -1.85289 5.4 endloop endfacet facet normal -0.0245598 -0.999698 0 outer loop vertex -0.269872 -5.49337 2 vertex 0 -5.5 5.4 vertex -0.269872 -5.49337 5.4 endloop endfacet facet normal -0.0245598 -0.999698 -0 outer loop vertex 0 -5.5 5.4 vertex -0.269872 -5.49337 2 vertex 0 -5.5 2 endloop endfacet facet normal -0.313693 -0.949525 0 outer loop vertex -1.85289 -5.17849 2 vertex -1.59657 -5.26317 5.4 vertex -1.85289 -5.17849 5.4 endloop endfacet facet normal -0.313693 -0.949525 -0 outer loop vertex -1.59657 -5.26317 5.4 vertex -1.85289 -5.17849 2 vertex -1.59657 -5.26317 2 endloop endfacet facet normal 0.359873 -0.933001 0 outer loop vertex 1.85289 -5.17849 2 vertex 2.10476 -5.08134 5.4 vertex 1.85289 -5.17849 5.4 endloop endfacet facet normal 0.359873 -0.933001 0 outer loop vertex 2.10476 -5.08134 5.4 vertex 1.85289 -5.17849 2 vertex 2.10476 -5.08134 2 endloop endfacet facet normal 0.68952 -0.724267 0 outer loop vertex 3.69357 -4.07523 2 vertex 3.88909 -3.88909 5.4 vertex 3.69357 -4.07523 5.4 endloop endfacet facet normal 0.68952 -0.724267 0 outer loop vertex 3.88909 -3.88909 5.4 vertex 3.69357 -4.07523 2 vertex 3.88909 -3.88909 2 endloop endfacet facet normal -0.844854 -0.534997 0 outer loop vertex -4.57308 -3.05564 2 vertex -4.71751 -2.82756 5.4 vertex -4.71751 -2.82756 2 endloop endfacet facet normal -0.844854 -0.534997 0 outer loop vertex -4.71751 -2.82756 5.4 vertex -4.57308 -3.05564 2 vertex -4.57308 -3.05564 5.4 endloop endfacet facet normal -0.615235 0.788344 0 outer loop vertex -3.27635 4.41764 2 vertex -3.48916 4.25156 5.4 vertex -3.27635 4.41764 5.4 endloop endfacet facet normal -0.615235 0.788344 0 outer loop vertex -3.48916 4.25156 5.4 vertex -3.27635 4.41764 2 vertex -3.48916 4.25156 2 endloop endfacet facet normal -0.575804 0.817587 0 outer loop vertex -3.05564 4.57308 2 vertex -3.27635 4.41764 5.4 vertex -3.05564 4.57308 5.4 endloop endfacet facet normal -0.575804 0.817587 0 outer loop vertex -3.27635 4.41764 5.4 vertex -3.05564 4.57308 2 vertex -3.27635 4.41764 2 endloop endfacet facet normal -0.266708 0.963777 0 outer loop vertex -1.33639 5.33517 2 vertex -1.59657 5.26317 5.4 vertex -1.33639 5.33517 5.4 endloop endfacet facet normal -0.266708 0.963777 0 outer loop vertex -1.59657 5.26317 5.4 vertex -1.33639 5.33517 2 vertex -1.59657 5.26317 2 endloop endfacet facet normal 0.724267 -0.68952 0 outer loop vertex 3.88909 -3.88909 5.4 vertex 4.07523 -3.69357 2 vertex 4.07523 -3.69357 5.4 endloop endfacet facet normal 0.724267 -0.68952 0 outer loop vertex 4.07523 -3.69357 2 vertex 3.88909 -3.88909 5.4 vertex 3.88909 -3.88909 2 endloop endfacet facet normal -0.449598 -0.893231 0 outer loop vertex -2.59268 -4.85057 2 vertex -2.35155 -4.97194 5.4 vertex -2.59268 -4.85057 5.4 endloop endfacet facet normal -0.449598 -0.893231 -0 outer loop vertex -2.35155 -4.97194 5.4 vertex -2.59268 -4.85057 2 vertex -2.35155 -4.97194 2 endloop endfacet facet normal -0.359873 -0.933001 0 outer loop vertex -2.10476 -5.08134 2 vertex -1.85289 -5.17849 5.4 vertex -2.10476 -5.08134 5.4 endloop endfacet facet normal -0.359873 -0.933001 -0 outer loop vertex -1.85289 -5.17849 5.4 vertex -2.10476 -5.08134 2 vertex -1.85289 -5.17849 2 endloop endfacet facet normal -0.963773 -0.266725 0 outer loop vertex -5.26317 -1.59657 2 vertex -5.3 -1.46349 5.4 vertex -5.3 -1.46349 2 endloop endfacet facet normal -0.963773 -0.266725 0 outer loop vertex -5.3 -1.46349 5.4 vertex -5.26317 -1.59657 2 vertex -5.26317 -1.59657 5.4 endloop endfacet facet normal 0.359873 0.933001 -0 outer loop vertex 2.10476 5.08134 2 vertex 1.85289 5.17849 5.4 vertex 2.10476 5.08134 5.4 endloop endfacet facet normal 0.359873 0.933001 0 outer loop vertex 1.85289 5.17849 5.4 vertex 2.10476 5.08134 2 vertex 1.85289 5.17849 2 endloop endfacet facet normal -0.405258 0.914202 0 outer loop vertex -2.10476 5.08134 2 vertex -2.35155 4.97194 5.4 vertex -2.10476 5.08134 5.4 endloop endfacet facet normal -0.405258 0.914202 0 outer loop vertex -2.35155 4.97194 5.4 vertex -2.10476 5.08134 2 vertex -2.35155 4.97194 2 endloop endfacet facet normal -0.615235 -0.788344 0 outer loop vertex -3.48916 -4.25156 2 vertex -3.27635 -4.41764 5.4 vertex -3.48916 -4.25156 5.4 endloop endfacet facet normal -0.615235 -0.788344 -0 outer loop vertex -3.27635 -4.41764 5.4 vertex -3.48916 -4.25156 2 vertex -3.27635 -4.41764 2 endloop endfacet facet normal -0.893231 -0.449598 0 outer loop vertex -4.85057 -2.59268 2 vertex -4.97194 -2.35155 5.4 vertex -4.97194 -2.35155 2 endloop endfacet facet normal -0.893231 -0.449598 0 outer loop vertex -4.97194 -2.35155 5.4 vertex -4.85057 -2.59268 2 vertex -4.85057 -2.59268 5.4 endloop endfacet facet normal -0.405258 -0.914202 0 outer loop vertex -2.35155 -4.97194 2 vertex -2.10476 -5.08134 5.4 vertex -2.35155 -4.97194 5.4 endloop endfacet facet normal -0.405258 -0.914202 -0 outer loop vertex -2.10476 -5.08134 5.4 vertex -2.35155 -4.97194 2 vertex -2.10476 -5.08134 2 endloop endfacet facet normal 1 -0 0 outer loop vertex 5.3 -1.46349 5.4 vertex 5.3 1.46349 2 vertex 5.3 1.46349 5.4 endloop endfacet facet normal 1 0 0 outer loop vertex 5.3 1.46349 2 vertex 5.3 -1.46349 5.4 vertex 5.3 -1.46349 2 endloop endfacet facet normal -1 0 0 outer loop vertex -5.3 -1.46349 2 vertex -5.3 1.46349 5.4 vertex -5.3 1.46349 2 endloop endfacet facet normal -1 -0 0 outer loop vertex -5.3 1.46349 5.4 vertex -5.3 -1.46349 2 vertex -5.3 -1.46349 5.4 endloop endfacet facet normal 0.905157 -0.349144 -0.242467 outer loop vertex 5.08134 -2.10476 2 vertex 4.6194 -1.91342 0 vertex 4.70772 -1.68445 0 endloop endfacet facet normal 0.558622 -0.79319 -0.242466 outer loop vertex 3.05564 -4.57308 2 vertex 2.77785 -4.15735 0 vertex 3.27635 -4.41764 2 endloop endfacet facet normal -0.905161 -0.349134 -0.242465 outer loop vertex -5.08134 -2.10476 2 vertex -5.17849 -1.85289 2 vertex -4.70772 -1.68445 0 endloop endfacet facet normal 0.633691 -0.734605 -0.242469 outer loop vertex 3.48916 -4.25156 2 vertex 3.35779 -3.70475 0 vertex 3.69357 -4.07523 2 endloop endfacet facet normal 0.969867 0.0238269 -0.242467 outer loop vertex 5.5 0 2 vertex 5 0 0 vertex 5.49337 0.269872 2 endloop endfacet facet normal 0.969869 0.0237983 -0.242463 outer loop vertex 5 0 0 vertex 4.99398 0.245337 0 vertex 5.49337 0.269872 2 endloop endfacet facet normal 0.702653 0.668944 -0.242471 outer loop vertex 4.07523 3.69357 2 vertex 3.53553 3.53553 0 vertex 3.88909 3.88909 2 endloop endfacet facet normal -0.921191 -0.304332 -0.242465 outer loop vertex -5.17849 -1.85289 2 vertex -5.26317 -1.59657 2 vertex -4.70772 -1.68445 0 endloop endfacet facet normal -0.668959 0.70264 -0.242469 outer loop vertex -3.53553 3.53553 0 vertex -3.69357 4.07523 2 vertex -3.35779 3.70475 0 endloop endfacet facet normal -0.921191 0.304332 -0.242465 outer loop vertex -4.70772 1.68445 0 vertex -5.26317 1.59657 2 vertex -5.17849 1.85289 2 endloop endfacet facet normal 0.793195 -0.558616 -0.242465 outer loop vertex 4.41764 -3.27635 2 vertex 4.01604 -2.9785 0 vertex 4.15735 -2.77785 0 endloop endfacet facet normal 0.95588 0.165837 -0.242468 outer loop vertex 4.94588 0.733652 0 vertex 4.90393 0.975451 0 vertex 5.44047 0.807017 2 endloop endfacet facet normal -0.962861 -0.118775 -0.24247 outer loop vertex -5.44047 -0.807017 2 vertex -5.47352 -0.539094 2 vertex -4.97592 -0.490086 0 endloop endfacet facet normal -0.258777 0.935011 -0.242464 outer loop vertex -1.2149 4.85016 0 vertex -1.45142 4.7847 0 vertex -1.33639 5.33517 2 endloop endfacet facet normal 0.436182 -0.866578 -0.242464 outer loop vertex 2.35155 -4.97194 2 vertex 2.13778 -4.51995 0 vertex 2.59268 -4.85057 2 endloop endfacet facet normal -0.212576 -0.946584 -0.242466 outer loop vertex -1.073 -5.39432 2 vertex -1.33639 -5.33517 2 vertex -0.975451 -4.90393 0 endloop endfacet facet normal -0.946584 -0.212576 -0.242466 outer loop vertex -5.33517 -1.33639 2 vertex -5.39432 -1.073 2 vertex -4.90393 -0.975451 0 endloop endfacet facet normal 0.886922 -0.393165 -0.242467 outer loop vertex 4.97194 -2.35155 2 vertex 4.6194 -1.91342 0 vertex 5.08134 -2.10476 2 endloop endfacet facet normal -0.596876 -0.76482 -0.242466 outer loop vertex -3.27635 -4.41764 2 vertex -3.48916 -4.25156 2 vertex -2.9785 -4.01604 0 endloop endfacet facet normal 0.819654 -0.519014 -0.242469 outer loop vertex 4.71751 -2.82756 2 vertex 4.15735 -2.77785 0 vertex 4.28864 -2.57051 0 endloop endfacet facet normal -0.935022 -0.258731 -0.24247 outer loop vertex -4.7847 -1.45142 0 vertex -5.3 -1.46349 2 vertex -5.33517 -1.33639 2 endloop endfacet facet normal -0.935013 -0.258766 -0.242468 outer loop vertex -5.3 -1.46349 2 vertex -4.7847 -1.45142 0 vertex -5.26317 -1.59657 2 endloop endfacet facet normal 0.393143 -0.886933 -0.242463 outer loop vertex 2.35155 -4.97194 2 vertex 1.91342 -4.6194 0 vertex 2.13778 -4.51995 0 endloop endfacet facet normal -0.519033 -0.819643 -0.242466 outer loop vertex -2.82756 -4.71751 2 vertex -3.05564 -4.57308 2 vertex -2.77785 -4.15735 0 endloop endfacet facet normal 0.734593 -0.633706 -0.242466 outer loop vertex 4.25156 -3.48916 2 vertex 3.70475 -3.35779 0 vertex 3.86505 -3.17197 0 endloop endfacet facet normal -0.905157 0.349144 -0.242467 outer loop vertex -4.70772 1.68445 0 vertex -5.08134 2.10476 2 vertex -4.6194 1.91342 0 endloop endfacet facet normal -0.304332 -0.921191 -0.242465 outer loop vertex -1.59657 -5.26317 2 vertex -1.85289 -5.17849 2 vertex -1.68445 -4.70772 0 endloop endfacet facet normal 0.436207 0.866564 -0.242467 outer loop vertex 2.35698 4.40961 0 vertex 2.13778 4.51995 0 vertex 2.59268 4.85057 2 endloop endfacet facet normal -0.969869 0.0237983 -0.242463 outer loop vertex -5 0 0 vertex -5.49337 0.269872 2 vertex -4.99398 0.245337 0 endloop endfacet facet normal 0.967533 -0.0713371 -0.24247 outer loop vertex 5.47352 -0.539094 2 vertex 4.97592 -0.490086 0 vertex 5.49337 -0.269872 2 endloop endfacet facet normal 0.349144 -0.905157 -0.242467 outer loop vertex 2.10476 -5.08134 2 vertex 1.68445 -4.70772 0 vertex 1.91342 -4.6194 0 endloop endfacet facet normal 0.519033 -0.819643 -0.242466 outer loop vertex 2.82756 -4.71751 2 vertex 2.77785 -4.15735 0 vertex 3.05564 -4.57308 2 endloop endfacet facet normal 0.0713371 -0.967533 -0.24247 outer loop vertex 0.539094 -5.47352 2 vertex 0.269872 -5.49337 2 vertex 0.490086 -4.97592 0 endloop endfacet facet normal -0.0713371 0.967533 -0.24247 outer loop vertex -0.490086 4.97592 0 vertex -0.539094 5.47352 2 vertex -0.269872 5.49337 2 endloop endfacet facet normal -0.212576 0.946584 -0.242466 outer loop vertex -0.975451 4.90393 0 vertex -1.33639 5.33517 2 vertex -1.073 5.39432 2 endloop endfacet facet normal 0.702653 -0.668944 -0.242471 outer loop vertex 3.88909 -3.88909 2 vertex 3.53553 -3.53553 0 vertex 4.07523 -3.69357 2 endloop endfacet facet normal 0.819643 0.519033 -0.242466 outer loop vertex 4.71751 2.82756 2 vertex 4.15735 2.77785 0 vertex 4.57308 3.05564 2 endloop endfacet facet normal 0.596876 -0.76482 -0.242466 outer loop vertex 3.27635 -4.41764 2 vertex 2.9785 -4.01604 0 vertex 3.48916 -4.25156 2 endloop endfacet facet normal -0.349144 -0.905157 -0.242467 outer loop vertex -1.68445 -4.70772 0 vertex -2.10476 -5.08134 2 vertex -1.91342 -4.6194 0 endloop endfacet facet normal -0.558622 0.79319 -0.242466 outer loop vertex -2.77785 4.15735 0 vertex -3.27635 4.41764 2 vertex -3.05564 4.57308 2 endloop endfacet facet normal 0.921191 -0.304332 -0.242465 outer loop vertex 5.17849 -1.85289 2 vertex 4.70772 -1.68445 0 vertex 5.26317 -1.59657 2 endloop endfacet facet normal -0.969869 -0.0237983 -0.242463 outer loop vertex -4.99398 -0.245337 0 vertex -5.49337 -0.269872 2 vertex -5 0 0 endloop endfacet facet normal -0.96753 -0.0713939 -0.242463 outer loop vertex -4.97592 -0.490086 0 vertex -5.49337 -0.269872 2 vertex -4.99398 -0.245337 0 endloop endfacet facet normal 0.79319 -0.558622 -0.242466 outer loop vertex 4.41764 -3.27635 2 vertex 4.15735 -2.77785 0 vertex 4.57308 -3.05564 2 endloop endfacet facet normal -0.558616 -0.793195 -0.242465 outer loop vertex -2.77785 -4.15735 0 vertex -3.27635 -4.41764 2 vertex -2.9785 -4.01604 0 endloop endfacet facet normal 0.668944 -0.702653 -0.242471 outer loop vertex 3.69357 -4.07523 2 vertex 3.53553 -3.53553 0 vertex 3.88909 -3.88909 2 endloop endfacet facet normal -0.258777 -0.935011 -0.242464 outer loop vertex -1.33639 -5.33517 2 vertex -1.45142 -4.7847 0 vertex -1.2149 -4.85016 0 endloop endfacet facet normal -0.349134 0.905161 -0.242465 outer loop vertex -1.68445 4.70772 0 vertex -2.10476 5.08134 2 vertex -1.85289 5.17849 2 endloop endfacet facet normal 0.764813 -0.596884 -0.242467 outer loop vertex 4.25156 -3.48916 2 vertex 3.86505 -3.17197 0 vertex 4.01604 -2.9785 0 endloop endfacet facet normal -0.436207 0.866564 -0.242467 outer loop vertex -2.35698 4.40961 0 vertex -2.59268 4.85057 2 vertex -2.13778 4.51995 0 endloop endfacet facet normal 0.349134 0.905161 -0.242465 outer loop vertex 2.10476 5.08134 2 vertex 1.68445 4.70772 0 vertex 1.85289 5.17849 2 endloop endfacet facet normal 0.969867 -0.0238269 -0.242467 outer loop vertex 5.49337 -0.269872 2 vertex 5 0 0 vertex 5.5 0 2 endloop endfacet facet normal -0.633706 0.734593 -0.242466 outer loop vertex -3.35779 3.70475 0 vertex -3.48916 4.25156 2 vertex -3.17197 3.86505 0 endloop endfacet facet normal -0.596884 0.764813 -0.242467 outer loop vertex -3.17197 3.86505 0 vertex -3.48916 4.25156 2 vertex -2.9785 4.01604 0 endloop endfacet facet normal 0.946588 -0.212563 -0.242464 outer loop vertex 5.33517 -1.33639 2 vertex 4.85016 -1.2149 0 vertex 4.90393 -0.975451 0 endloop endfacet facet normal -0.519033 0.819643 -0.242466 outer loop vertex -2.77785 4.15735 0 vertex -3.05564 4.57308 2 vertex -2.82756 4.71751 2 endloop endfacet facet normal 0.165837 0.95588 -0.242468 outer loop vertex 0.975451 4.90393 0 vertex 0.733652 4.94588 0 vertex 0.807017 5.44047 2 endloop endfacet facet normal 0.955878 -0.165852 -0.242466 outer loop vertex 5.39432 -1.073 2 vertex 4.90393 -0.975451 0 vertex 5.44047 -0.807017 2 endloop endfacet facet normal -0.633691 -0.734605 -0.242469 outer loop vertex -3.48916 -4.25156 2 vertex -3.69357 -4.07523 2 vertex -3.35779 -3.70475 0 endloop endfacet facet normal 0.962861 -0.118775 -0.24247 outer loop vertex 5.44047 -0.807017 2 vertex 4.97592 -0.490086 0 vertex 5.47352 -0.539094 2 endloop endfacet facet normal -0.118754 0.962864 -0.242468 outer loop vertex -0.733652 4.94588 0 vertex -0.807017 5.44047 2 vertex -0.490086 4.97592 0 endloop endfacet facet normal 0.946584 -0.212576 -0.242466 outer loop vertex 5.33517 -1.33639 2 vertex 4.90393 -0.975451 0 vertex 5.39432 -1.073 2 endloop endfacet facet normal 0.969869 -0.0237983 -0.242463 outer loop vertex 5.49337 -0.269872 2 vertex 4.99398 -0.245337 0 vertex 5 0 0 endloop endfacet facet normal 0.96753 -0.0713939 -0.242463 outer loop vertex 5.49337 -0.269872 2 vertex 4.97592 -0.490086 0 vertex 4.99398 -0.245337 0 endloop endfacet facet normal -0.165852 -0.955878 -0.242466 outer loop vertex -0.807017 -5.44047 2 vertex -1.073 -5.39432 2 vertex -0.975451 -4.90393 0 endloop endfacet facet normal -0.393165 0.886922 -0.242467 outer loop vertex -1.91342 4.6194 0 vertex -2.35155 4.97194 2 vertex -2.10476 5.08134 2 endloop endfacet facet normal -0.596884 -0.764813 -0.242467 outer loop vertex -2.9785 -4.01604 0 vertex -3.48916 -4.25156 2 vertex -3.17197 -3.86505 0 endloop endfacet facet normal 0.393165 -0.886922 -0.242467 outer loop vertex 2.10476 -5.08134 2 vertex 1.91342 -4.6194 0 vertex 2.35155 -4.97194 2 endloop endfacet facet normal -0.0238269 -0.969867 -0.242467 outer loop vertex 0 -5.5 2 vertex -0.269872 -5.49337 2 vertex 0 -5 0 endloop endfacet facet normal 0.76482 -0.596876 -0.242466 outer loop vertex 4.25156 -3.48916 2 vertex 4.01604 -2.9785 0 vertex 4.41764 -3.27635 2 endloop endfacet facet normal -0.349134 -0.905161 -0.242465 outer loop vertex -1.85289 -5.17849 2 vertex -2.10476 -5.08134 2 vertex -1.68445 -4.70772 0 endloop endfacet facet normal 0.519014 -0.819654 -0.242469 outer loop vertex 2.82756 -4.71751 2 vertex 2.57051 -4.28864 0 vertex 2.77785 -4.15735 0 endloop endfacet facet normal -0.118775 -0.962861 -0.24247 outer loop vertex -0.539094 -5.47352 2 vertex -0.807017 -5.44047 2 vertex -0.490086 -4.97592 0 endloop endfacet facet normal 0.734605 -0.633691 -0.242469 outer loop vertex 4.07523 -3.69357 2 vertex 3.70475 -3.35779 0 vertex 4.25156 -3.48916 2 endloop endfacet facet normal -0.304312 0.921197 -0.242468 outer loop vertex -1.45142 4.7847 0 vertex -1.68445 4.70772 0 vertex -1.59657 5.26317 2 endloop endfacet facet normal 0.0237983 -0.969869 -0.242463 outer loop vertex 0.269872 -5.49337 2 vertex 0 -5 0 vertex 0.245337 -4.99398 0 endloop endfacet facet normal -0.393165 -0.886922 -0.242467 outer loop vertex -2.10476 -5.08134 2 vertex -2.35155 -4.97194 2 vertex -1.91342 -4.6194 0 endloop endfacet facet normal 0.905157 0.349144 -0.242467 outer loop vertex 4.70772 1.68445 0 vertex 4.6194 1.91342 0 vertex 5.08134 2.10476 2 endloop endfacet facet normal 0.0713939 -0.96753 -0.242463 outer loop vertex 0.269872 -5.49337 2 vertex 0.245337 -4.99398 0 vertex 0.490086 -4.97592 0 endloop endfacet facet normal -0.935013 0.258766 -0.242468 outer loop vertex -4.7847 1.45142 0 vertex -5.3 1.46349 2 vertex -5.26317 1.59657 2 endloop endfacet facet normal -0.935022 0.258731 -0.24247 outer loop vertex -5.3 1.46349 2 vertex -4.7847 1.45142 0 vertex -5.33517 1.33639 2 endloop endfacet facet normal -0.819654 0.519014 -0.242469 outer loop vertex -4.28864 2.57051 0 vertex -4.71751 2.82756 2 vertex -4.15735 2.77785 0 endloop endfacet facet normal 0.866564 0.436207 -0.242467 outer loop vertex 4.51995 2.13778 0 vertex 4.40961 2.35698 0 vertex 4.85057 2.59268 2 endloop endfacet facet normal -0.668959 -0.70264 -0.242469 outer loop vertex -3.35779 -3.70475 0 vertex -3.69357 -4.07523 2 vertex -3.53553 -3.53553 0 endloop endfacet facet normal 0.866578 -0.436182 -0.242464 outer loop vertex 4.85057 -2.59268 2 vertex 4.51995 -2.13778 0 vertex 4.97194 -2.35155 2 endloop endfacet facet normal 0.886933 -0.393143 -0.242463 outer loop vertex 4.97194 -2.35155 2 vertex 4.51995 -2.13778 0 vertex 4.6194 -1.91342 0 endloop endfacet facet normal 0.70264 -0.668959 -0.242469 outer loop vertex 4.07523 -3.69357 2 vertex 3.53553 -3.53553 0 vertex 3.70475 -3.35779 0 endloop endfacet facet normal -0.212563 0.946588 -0.242464 outer loop vertex -1.2149 4.85016 0 vertex -1.33639 5.33517 2 vertex -0.975451 4.90393 0 endloop endfacet facet normal -0.633706 -0.734593 -0.242466 outer loop vertex -3.17197 -3.86505 0 vertex -3.48916 -4.25156 2 vertex -3.35779 -3.70475 0 endloop endfacet facet normal -0.304332 0.921191 -0.242465 outer loop vertex -1.68445 4.70772 0 vertex -1.85289 5.17849 2 vertex -1.59657 5.26317 2 endloop endfacet facet normal 0.962864 -0.118754 -0.242468 outer loop vertex 5.44047 -0.807017 2 vertex 4.94588 -0.733652 0 vertex 4.97592 -0.490086 0 endloop endfacet facet normal 0.165837 -0.95588 -0.242468 outer loop vertex 0.807017 -5.44047 2 vertex 0.733652 -4.94588 0 vertex 0.975451 -4.90393 0 endloop endfacet facet normal -0.47821 -0.844112 -0.242467 outer loop vertex -2.35698 -4.40961 0 vertex -2.59268 -4.85057 2 vertex -2.57051 -4.28864 0 endloop endfacet facet normal 0.258777 -0.935011 -0.242464 outer loop vertex 1.33639 -5.33517 2 vertex 1.2149 -4.85016 0 vertex 1.45142 -4.7847 0 endloop endfacet facet normal 0.0238269 -0.969867 -0.242467 outer loop vertex 0.269872 -5.49337 2 vertex 0 -5.5 2 vertex 0 -5 0 endloop endfacet facet normal 0.118775 -0.962861 -0.24247 outer loop vertex 0.539094 -5.47352 2 vertex 0.490086 -4.97592 0 vertex 0.807017 -5.44047 2 endloop endfacet facet normal -0.734605 0.633691 -0.242469 outer loop vertex -3.70475 3.35779 0 vertex -4.25156 3.48916 2 vertex -4.07523 3.69357 2 endloop endfacet facet normal -0.633691 0.734605 -0.242469 outer loop vertex -3.35779 3.70475 0 vertex -3.69357 4.07523 2 vertex -3.48916 4.25156 2 endloop endfacet facet normal 0.304332 0.921191 -0.242465 outer loop vertex 1.68445 4.70772 0 vertex 1.59657 5.26317 2 vertex 1.85289 5.17849 2 endloop endfacet facet normal 0.633691 0.734605 -0.242469 outer loop vertex 3.69357 4.07523 2 vertex 3.35779 3.70475 0 vertex 3.48916 4.25156 2 endloop endfacet facet normal -0.596876 0.76482 -0.242466 outer loop vertex -2.9785 4.01604 0 vertex -3.48916 4.25156 2 vertex -3.27635 4.41764 2 endloop endfacet facet normal -0.76482 -0.596876 -0.242466 outer loop vertex -4.25156 -3.48916 2 vertex -4.41764 -3.27635 2 vertex -4.01604 -2.9785 0 endloop endfacet facet normal 0.478195 0.84412 -0.242469 outer loop vertex 2.82756 4.71751 2 vertex 2.57051 4.28864 0 vertex 2.59268 4.85057 2 endloop endfacet facet normal -0.967533 -0.0713371 -0.24247 outer loop vertex -5.47352 -0.539094 2 vertex -5.49337 -0.269872 2 vertex -4.97592 -0.490086 0 endloop endfacet facet normal -0.793195 0.558616 -0.242465 outer loop vertex -4.15735 2.77785 0 vertex -4.41764 3.27635 2 vertex -4.01604 2.9785 0 endloop endfacet facet normal -0.212563 -0.946588 -0.242464 outer loop vertex -0.975451 -4.90393 0 vertex -1.33639 -5.33517 2 vertex -1.2149 -4.85016 0 endloop endfacet facet normal -0.764813 -0.596884 -0.242467 outer loop vertex -3.86505 -3.17197 0 vertex -4.25156 -3.48916 2 vertex -4.01604 -2.9785 0 endloop endfacet facet normal -0.436182 -0.866578 -0.242464 outer loop vertex -2.35155 -4.97194 2 vertex -2.59268 -4.85057 2 vertex -2.13778 -4.51995 0 endloop endfacet facet normal -0.734593 0.633706 -0.242466 outer loop vertex -3.86505 3.17197 0 vertex -4.25156 3.48916 2 vertex -3.70475 3.35779 0 endloop endfacet facet normal 0.558616 -0.793195 -0.242465 outer loop vertex 3.27635 -4.41764 2 vertex 2.77785 -4.15735 0 vertex 2.9785 -4.01604 0 endloop endfacet facet normal 0.84412 -0.478195 -0.242469 outer loop vertex 4.71751 -2.82756 2 vertex 4.28864 -2.57051 0 vertex 4.85057 -2.59268 2 endloop endfacet facet normal -0.734605 -0.633691 -0.242469 outer loop vertex -4.07523 -3.69357 2 vertex -4.25156 -3.48916 2 vertex -3.70475 -3.35779 0 endloop endfacet facet normal -0.70264 -0.668959 -0.242469 outer loop vertex -3.53553 -3.53553 0 vertex -4.07523 -3.69357 2 vertex -3.70475 -3.35779 0 endloop endfacet facet normal 0.95588 -0.165837 -0.242468 outer loop vertex 5.44047 -0.807017 2 vertex 4.90393 -0.975451 0 vertex 4.94588 -0.733652 0 endloop endfacet facet normal -0.921197 -0.304312 -0.242468 outer loop vertex -4.70772 -1.68445 0 vertex -5.26317 -1.59657 2 vertex -4.7847 -1.45142 0 endloop endfacet facet normal 0.478195 -0.84412 -0.242469 outer loop vertex 2.59268 -4.85057 2 vertex 2.57051 -4.28864 0 vertex 2.82756 -4.71751 2 endloop endfacet facet normal 0.819643 -0.519033 -0.242466 outer loop vertex 4.57308 -3.05564 2 vertex 4.15735 -2.77785 0 vertex 4.71751 -2.82756 2 endloop endfacet facet normal -0.70264 0.668959 -0.242469 outer loop vertex -3.70475 3.35779 0 vertex -4.07523 3.69357 2 vertex -3.53553 3.53553 0 endloop endfacet facet normal 0.905161 -0.349134 -0.242465 outer loop vertex 5.08134 -2.10476 2 vertex 4.70772 -1.68445 0 vertex 5.17849 -1.85289 2 endloop endfacet facet normal 0.165852 -0.955878 -0.242466 outer loop vertex 1.073 -5.39432 2 vertex 0.807017 -5.44047 2 vertex 0.975451 -4.90393 0 endloop endfacet facet normal 0.70264 0.668959 -0.242469 outer loop vertex 3.70475 3.35779 0 vertex 3.53553 3.53553 0 vertex 4.07523 3.69357 2 endloop endfacet facet normal -0.519014 0.819654 -0.242469 outer loop vertex -2.77785 4.15735 0 vertex -2.82756 4.71751 2 vertex -2.57051 4.28864 0 endloop endfacet facet normal 0.905161 0.349134 -0.242465 outer loop vertex 5.17849 1.85289 2 vertex 4.70772 1.68445 0 vertex 5.08134 2.10476 2 endloop endfacet facet normal 0.596876 0.76482 -0.242466 outer loop vertex 3.48916 4.25156 2 vertex 2.9785 4.01604 0 vertex 3.27635 4.41764 2 endloop endfacet facet normal 0.668959 -0.70264 -0.242469 outer loop vertex 3.69357 -4.07523 2 vertex 3.35779 -3.70475 0 vertex 3.53553 -3.53553 0 endloop endfacet facet normal -0.0713371 -0.967533 -0.24247 outer loop vertex -0.269872 -5.49337 2 vertex -0.539094 -5.47352 2 vertex -0.490086 -4.97592 0 endloop endfacet facet normal 0.866564 -0.436207 -0.242467 outer loop vertex 4.85057 -2.59268 2 vertex 4.40961 -2.35698 0 vertex 4.51995 -2.13778 0 endloop endfacet facet normal 0.96753 0.0713939 -0.242463 outer loop vertex 4.99398 0.245337 0 vertex 4.97592 0.490086 0 vertex 5.49337 0.269872 2 endloop endfacet facet normal -0.558622 -0.79319 -0.242466 outer loop vertex -3.05564 -4.57308 2 vertex -3.27635 -4.41764 2 vertex -2.77785 -4.15735 0 endloop endfacet facet normal -0.165837 0.95588 -0.242468 outer loop vertex -0.733652 4.94588 0 vertex -0.975451 4.90393 0 vertex -0.807017 5.44047 2 endloop endfacet facet normal 0.84412 0.478195 -0.242469 outer loop vertex 4.85057 2.59268 2 vertex 4.28864 2.57051 0 vertex 4.71751 2.82756 2 endloop endfacet facet normal -0.905161 0.349134 -0.242465 outer loop vertex -4.70772 1.68445 0 vertex -5.17849 1.85289 2 vertex -5.08134 2.10476 2 endloop endfacet facet normal 0.596884 0.764813 -0.242467 outer loop vertex 3.17197 3.86505 0 vertex 2.9785 4.01604 0 vertex 3.48916 4.25156 2 endloop endfacet facet normal 0.734593 0.633706 -0.242466 outer loop vertex 3.86505 3.17197 0 vertex 3.70475 3.35779 0 vertex 4.25156 3.48916 2 endloop endfacet facet normal 0.349144 0.905157 -0.242467 outer loop vertex 1.91342 4.6194 0 vertex 1.68445 4.70772 0 vertex 2.10476 5.08134 2 endloop endfacet facet normal 0.844112 -0.47821 -0.242467 outer loop vertex 4.85057 -2.59268 2 vertex 4.28864 -2.57051 0 vertex 4.40961 -2.35698 0 endloop endfacet facet normal -0.905157 -0.349144 -0.242467 outer loop vertex -4.6194 -1.91342 0 vertex -5.08134 -2.10476 2 vertex -4.70772 -1.68445 0 endloop endfacet facet normal 0.935022 -0.258731 -0.24247 outer loop vertex 5.3 -1.46349 2 vertex 4.7847 -1.45142 0 vertex 5.33517 -1.33639 2 endloop endfacet facet normal 0.935013 -0.258766 -0.242468 outer loop vertex 4.7847 -1.45142 0 vertex 5.3 -1.46349 2 vertex 5.26317 -1.59657 2 endloop endfacet facet normal 0.886933 0.393143 -0.242463 outer loop vertex 4.6194 1.91342 0 vertex 4.51995 2.13778 0 vertex 4.97194 2.35155 2 endloop endfacet facet normal 0.921191 0.304332 -0.242465 outer loop vertex 5.26317 1.59657 2 vertex 4.70772 1.68445 0 vertex 5.17849 1.85289 2 endloop endfacet facet normal 0.393165 0.886922 -0.242467 outer loop vertex 2.35155 4.97194 2 vertex 1.91342 4.6194 0 vertex 2.10476 5.08134 2 endloop endfacet facet normal 0.118754 -0.962864 -0.242468 outer loop vertex 0.807017 -5.44047 2 vertex 0.490086 -4.97592 0 vertex 0.733652 -4.94588 0 endloop endfacet facet normal 0.304312 -0.921197 -0.242468 outer loop vertex 1.59657 -5.26317 2 vertex 1.45142 -4.7847 0 vertex 1.68445 -4.70772 0 endloop endfacet facet normal 0.76482 0.596876 -0.242466 outer loop vertex 4.41764 3.27635 2 vertex 4.01604 2.9785 0 vertex 4.25156 3.48916 2 endloop endfacet facet normal 0.436207 -0.866564 -0.242467 outer loop vertex 2.59268 -4.85057 2 vertex 2.13778 -4.51995 0 vertex 2.35698 -4.40961 0 endloop endfacet facet normal -0.258749 0.935018 -0.242468 outer loop vertex -1.45142 4.7847 0 vertex -1.59657 5.26317 2 vertex -1.33639 5.33517 2 endloop endfacet facet normal -0.844112 -0.47821 -0.242467 outer loop vertex -4.28864 -2.57051 0 vertex -4.85057 -2.59268 2 vertex -4.40961 -2.35698 0 endloop endfacet facet normal 0.946584 0.212576 -0.242466 outer loop vertex 5.39432 1.073 2 vertex 4.90393 0.975451 0 vertex 5.33517 1.33639 2 endloop endfacet facet normal -0.955878 0.165852 -0.242466 outer loop vertex -4.90393 0.975451 0 vertex -5.44047 0.807017 2 vertex -5.39432 1.073 2 endloop endfacet facet normal 0.596884 -0.764813 -0.242467 outer loop vertex 3.48916 -4.25156 2 vertex 2.9785 -4.01604 0 vertex 3.17197 -3.86505 0 endloop endfacet facet normal -0.0237983 -0.969869 -0.242463 outer loop vertex 0 -5 0 vertex -0.269872 -5.49337 2 vertex -0.245337 -4.99398 0 endloop endfacet facet normal -0.95588 0.165837 -0.242468 outer loop vertex -4.94588 0.733652 0 vertex -5.44047 0.807017 2 vertex -4.90393 0.975451 0 endloop endfacet facet normal -0.96753 0.0713939 -0.242463 outer loop vertex -4.99398 0.245337 0 vertex -5.49337 0.269872 2 vertex -4.97592 0.490086 0 endloop endfacet facet normal -0.955878 -0.165852 -0.242466 outer loop vertex -5.39432 -1.073 2 vertex -5.44047 -0.807017 2 vertex -4.90393 -0.975451 0 endloop endfacet facet normal 0.921197 -0.304312 -0.242468 outer loop vertex 5.26317 -1.59657 2 vertex 4.70772 -1.68445 0 vertex 4.7847 -1.45142 0 endloop endfacet facet normal -0.304312 -0.921197 -0.242468 outer loop vertex -1.59657 -5.26317 2 vertex -1.68445 -4.70772 0 vertex -1.45142 -4.7847 0 endloop endfacet facet normal -0.668944 -0.702653 -0.242471 outer loop vertex -3.69357 -4.07523 2 vertex -3.88909 -3.88909 2 vertex -3.53553 -3.53553 0 endloop endfacet facet normal -0.819643 0.519033 -0.242466 outer loop vertex -4.15735 2.77785 0 vertex -4.71751 2.82756 2 vertex -4.57308 3.05564 2 endloop endfacet facet normal 0.519014 0.819654 -0.242469 outer loop vertex 2.77785 4.15735 0 vertex 2.57051 4.28864 0 vertex 2.82756 4.71751 2 endloop endfacet facet normal -0.866564 -0.436207 -0.242467 outer loop vertex -4.40961 -2.35698 0 vertex -4.85057 -2.59268 2 vertex -4.51995 -2.13778 0 endloop endfacet facet normal -0.79319 -0.558622 -0.242466 outer loop vertex -4.41764 -3.27635 2 vertex -4.57308 -3.05564 2 vertex -4.15735 -2.77785 0 endloop endfacet facet normal 0.558616 0.793195 -0.242465 outer loop vertex 2.9785 4.01604 0 vertex 2.77785 4.15735 0 vertex 3.27635 4.41764 2 endloop endfacet facet normal 0.962864 0.118754 -0.242468 outer loop vertex 4.97592 0.490086 0 vertex 4.94588 0.733652 0 vertex 5.44047 0.807017 2 endloop endfacet facet normal -0.95588 -0.165837 -0.242468 outer loop vertex -4.90393 -0.975451 0 vertex -5.44047 -0.807017 2 vertex -4.94588 -0.733652 0 endloop endfacet facet normal 0.258749 -0.935018 -0.242468 outer loop vertex 1.59657 -5.26317 2 vertex 1.33639 -5.33517 2 vertex 1.45142 -4.7847 0 endloop endfacet facet normal -0.0713939 0.96753 -0.242463 outer loop vertex -0.245337 4.99398 0 vertex -0.490086 4.97592 0 vertex -0.269872 5.49337 2 endloop endfacet facet normal -0.118775 0.962861 -0.24247 outer loop vertex -0.490086 4.97592 0 vertex -0.807017 5.44047 2 vertex -0.539094 5.47352 2 endloop endfacet facet normal 0.866578 0.436182 -0.242464 outer loop vertex 4.97194 2.35155 2 vertex 4.51995 2.13778 0 vertex 4.85057 2.59268 2 endloop endfacet facet normal -0.118754 -0.962864 -0.242468 outer loop vertex -0.490086 -4.97592 0 vertex -0.807017 -5.44047 2 vertex -0.733652 -4.94588 0 endloop endfacet facet normal 0.258749 0.935018 -0.242468 outer loop vertex 1.45142 4.7847 0 vertex 1.33639 5.33517 2 vertex 1.59657 5.26317 2 endloop endfacet facet normal -0.702653 -0.668944 -0.242471 outer loop vertex -3.88909 -3.88909 2 vertex -4.07523 -3.69357 2 vertex -3.53553 -3.53553 0 endloop endfacet facet normal -0.819643 -0.519033 -0.242466 outer loop vertex -4.57308 -3.05564 2 vertex -4.71751 -2.82756 2 vertex -4.15735 -2.77785 0 endloop endfacet facet normal 0.935011 -0.258777 -0.242464 outer loop vertex 5.33517 -1.33639 2 vertex 4.7847 -1.45142 0 vertex 4.85016 -1.2149 0 endloop endfacet facet normal -0.886933 -0.393143 -0.242463 outer loop vertex -4.51995 -2.13778 0 vertex -4.97194 -2.35155 2 vertex -4.6194 -1.91342 0 endloop endfacet facet normal -0.165852 0.955878 -0.242466 outer loop vertex -0.975451 4.90393 0 vertex -1.073 5.39432 2 vertex -0.807017 5.44047 2 endloop endfacet facet normal -0.866578 -0.436182 -0.242464 outer loop vertex -4.85057 -2.59268 2 vertex -4.97194 -2.35155 2 vertex -4.51995 -2.13778 0 endloop endfacet facet normal -0.258749 -0.935018 -0.242468 outer loop vertex -1.33639 -5.33517 2 vertex -1.59657 -5.26317 2 vertex -1.45142 -4.7847 0 endloop endfacet facet normal 0.47821 0.844112 -0.242467 outer loop vertex 2.57051 4.28864 0 vertex 2.35698 4.40961 0 vertex 2.59268 4.85057 2 endloop endfacet facet normal 0.955878 0.165852 -0.242466 outer loop vertex 5.44047 0.807017 2 vertex 4.90393 0.975451 0 vertex 5.39432 1.073 2 endloop endfacet facet normal 0.304312 0.921197 -0.242468 outer loop vertex 1.68445 4.70772 0 vertex 1.45142 4.7847 0 vertex 1.59657 5.26317 2 endloop endfacet facet normal -0.793195 -0.558616 -0.242465 outer loop vertex -4.01604 -2.9785 0 vertex -4.41764 -3.27635 2 vertex -4.15735 -2.77785 0 endloop endfacet facet normal 0.886922 0.393165 -0.242467 outer loop vertex 5.08134 2.10476 2 vertex 4.6194 1.91342 0 vertex 4.97194 2.35155 2 endloop endfacet facet normal 0.967533 0.0713371 -0.24247 outer loop vertex 5.49337 0.269872 2 vertex 4.97592 0.490086 0 vertex 5.47352 0.539094 2 endloop endfacet facet normal -0.436182 0.866578 -0.242464 outer loop vertex -2.13778 4.51995 0 vertex -2.59268 4.85057 2 vertex -2.35155 4.97194 2 endloop endfacet facet normal -0.47821 0.844112 -0.242467 outer loop vertex -2.57051 4.28864 0 vertex -2.59268 4.85057 2 vertex -2.35698 4.40961 0 endloop endfacet facet normal -0.935011 0.258777 -0.242464 outer loop vertex -4.85016 1.2149 0 vertex -5.33517 1.33639 2 vertex -4.7847 1.45142 0 endloop endfacet facet normal -0.962864 -0.118754 -0.242468 outer loop vertex -4.94588 -0.733652 0 vertex -5.44047 -0.807017 2 vertex -4.97592 -0.490086 0 endloop endfacet facet normal -0.886922 0.393165 -0.242467 outer loop vertex -4.6194 1.91342 0 vertex -5.08134 2.10476 2 vertex -4.97194 2.35155 2 endloop endfacet facet normal 0.349134 -0.905161 -0.242465 outer loop vertex 1.85289 -5.17849 2 vertex 1.68445 -4.70772 0 vertex 2.10476 -5.08134 2 endloop endfacet facet normal 0.304332 -0.921191 -0.242465 outer loop vertex 1.85289 -5.17849 2 vertex 1.59657 -5.26317 2 vertex 1.68445 -4.70772 0 endloop endfacet facet normal 0.47821 -0.844112 -0.242467 outer loop vertex 2.59268 -4.85057 2 vertex 2.35698 -4.40961 0 vertex 2.57051 -4.28864 0 endloop endfacet facet normal 0.633706 -0.734593 -0.242466 outer loop vertex 3.48916 -4.25156 2 vertex 3.17197 -3.86505 0 vertex 3.35779 -3.70475 0 endloop endfacet facet normal -0.886922 -0.393165 -0.242467 outer loop vertex -4.97194 -2.35155 2 vertex -5.08134 -2.10476 2 vertex -4.6194 -1.91342 0 endloop endfacet facet normal -0.84412 -0.478195 -0.242469 outer loop vertex -4.71751 -2.82756 2 vertex -4.85057 -2.59268 2 vertex -4.28864 -2.57051 0 endloop endfacet facet normal 0.793195 0.558616 -0.242465 outer loop vertex 4.15735 2.77785 0 vertex 4.01604 2.9785 0 vertex 4.41764 3.27635 2 endloop endfacet facet normal -0.935011 -0.258777 -0.242464 outer loop vertex -4.7847 -1.45142 0 vertex -5.33517 -1.33639 2 vertex -4.85016 -1.2149 0 endloop endfacet facet normal -0.946588 -0.212563 -0.242464 outer loop vertex -4.85016 -1.2149 0 vertex -5.33517 -1.33639 2 vertex -4.90393 -0.975451 0 endloop endfacet facet normal -0.165837 -0.95588 -0.242468 outer loop vertex -0.807017 -5.44047 2 vertex -0.975451 -4.90393 0 vertex -0.733652 -4.94588 0 endloop endfacet facet normal -0.734593 -0.633706 -0.242466 outer loop vertex -3.70475 -3.35779 0 vertex -4.25156 -3.48916 2 vertex -3.86505 -3.17197 0 endloop endfacet facet normal -0.349144 0.905157 -0.242467 outer loop vertex -1.91342 4.6194 0 vertex -2.10476 5.08134 2 vertex -1.68445 4.70772 0 endloop endfacet facet normal 0.734605 0.633691 -0.242469 outer loop vertex 4.25156 3.48916 2 vertex 3.70475 3.35779 0 vertex 4.07523 3.69357 2 endloop endfacet facet normal 0.935013 0.258766 -0.242468 outer loop vertex 5.3 1.46349 2 vertex 4.7847 1.45142 0 vertex 5.26317 1.59657 2 endloop endfacet facet normal 0.935022 0.258731 -0.24247 outer loop vertex 4.7847 1.45142 0 vertex 5.3 1.46349 2 vertex 5.33517 1.33639 2 endloop endfacet facet normal -0.946588 0.212563 -0.242464 outer loop vertex -4.90393 0.975451 0 vertex -5.33517 1.33639 2 vertex -4.85016 1.2149 0 endloop endfacet facet normal -0.946584 0.212576 -0.242466 outer loop vertex -4.90393 0.975451 0 vertex -5.39432 1.073 2 vertex -5.33517 1.33639 2 endloop endfacet facet normal -0.79319 0.558622 -0.242466 outer loop vertex -4.15735 2.77785 0 vertex -4.57308 3.05564 2 vertex -4.41764 3.27635 2 endloop endfacet facet normal 0.118775 0.962861 -0.24247 outer loop vertex 0.807017 5.44047 2 vertex 0.490086 4.97592 0 vertex 0.539094 5.47352 2 endloop endfacet facet normal 0.393143 0.886933 -0.242463 outer loop vertex 2.13778 4.51995 0 vertex 1.91342 4.6194 0 vertex 2.35155 4.97194 2 endloop endfacet facet normal -0.702653 0.668944 -0.242471 outer loop vertex -3.53553 3.53553 0 vertex -4.07523 3.69357 2 vertex -3.88909 3.88909 2 endloop endfacet facet normal 0.558622 0.79319 -0.242466 outer loop vertex 3.27635 4.41764 2 vertex 2.77785 4.15735 0 vertex 3.05564 4.57308 2 endloop endfacet facet normal 0.212576 0.946584 -0.242466 outer loop vertex 1.33639 5.33517 2 vertex 0.975451 4.90393 0 vertex 1.073 5.39432 2 endloop endfacet facet normal -0.393143 0.886933 -0.242463 outer loop vertex -2.13778 4.51995 0 vertex -2.35155 4.97194 2 vertex -1.91342 4.6194 0 endloop endfacet facet normal 0.962861 0.118775 -0.24247 outer loop vertex 5.47352 0.539094 2 vertex 4.97592 0.490086 0 vertex 5.44047 0.807017 2 endloop endfacet facet normal -0.668944 0.702653 -0.242471 outer loop vertex -3.53553 3.53553 0 vertex -3.88909 3.88909 2 vertex -3.69357 4.07523 2 endloop endfacet facet normal -0.969867 -0.0238269 -0.242467 outer loop vertex -5.49337 -0.269872 2 vertex -5.5 0 2 vertex -5 0 0 endloop endfacet facet normal -0.558616 0.793195 -0.242465 outer loop vertex -2.9785 4.01604 0 vertex -3.27635 4.41764 2 vertex -2.77785 4.15735 0 endloop endfacet facet normal -0.436207 -0.866564 -0.242467 outer loop vertex -2.13778 -4.51995 0 vertex -2.59268 -4.85057 2 vertex -2.35698 -4.40961 0 endloop endfacet facet normal 0.79319 0.558622 -0.242466 outer loop vertex 4.57308 3.05564 2 vertex 4.15735 2.77785 0 vertex 4.41764 3.27635 2 endloop endfacet facet normal -0.921197 0.304312 -0.242468 outer loop vertex -4.7847 1.45142 0 vertex -5.26317 1.59657 2 vertex -4.70772 1.68445 0 endloop endfacet facet normal -0.519014 -0.819654 -0.242469 outer loop vertex -2.57051 -4.28864 0 vertex -2.82756 -4.71751 2 vertex -2.77785 -4.15735 0 endloop endfacet facet normal -0.393143 -0.886933 -0.242463 outer loop vertex -1.91342 -4.6194 0 vertex -2.35155 -4.97194 2 vertex -2.13778 -4.51995 0 endloop endfacet facet normal -0.819654 -0.519014 -0.242469 outer loop vertex -4.15735 -2.77785 0 vertex -4.71751 -2.82756 2 vertex -4.28864 -2.57051 0 endloop endfacet facet normal -0.969867 0.0238269 -0.242467 outer loop vertex -5 0 0 vertex -5.5 0 2 vertex -5.49337 0.269872 2 endloop endfacet facet normal 0.668959 0.70264 -0.242469 outer loop vertex 3.53553 3.53553 0 vertex 3.35779 3.70475 0 vertex 3.69357 4.07523 2 endloop endfacet facet normal -0.764813 0.596884 -0.242467 outer loop vertex -4.01604 2.9785 0 vertex -4.25156 3.48916 2 vertex -3.86505 3.17197 0 endloop endfacet facet normal 0.935011 0.258777 -0.242464 outer loop vertex 4.85016 1.2149 0 vertex 4.7847 1.45142 0 vertex 5.33517 1.33639 2 endloop endfacet facet normal 0.921197 0.304312 -0.242468 outer loop vertex 4.7847 1.45142 0 vertex 4.70772 1.68445 0 vertex 5.26317 1.59657 2 endloop endfacet facet normal 0.212576 -0.946584 -0.242466 outer loop vertex 1.073 -5.39432 2 vertex 0.975451 -4.90393 0 vertex 1.33639 -5.33517 2 endloop endfacet facet normal -0.0237983 0.969869 -0.242463 outer loop vertex -0.245337 4.99398 0 vertex -0.269872 5.49337 2 vertex 0 5 0 endloop endfacet facet normal -0.962864 0.118754 -0.242468 outer loop vertex -4.97592 0.490086 0 vertex -5.44047 0.807017 2 vertex -4.94588 0.733652 0 endloop endfacet facet normal -0.0713939 -0.96753 -0.242463 outer loop vertex -0.269872 -5.49337 2 vertex -0.490086 -4.97592 0 vertex -0.245337 -4.99398 0 endloop endfacet facet normal 0.668944 0.702653 -0.242471 outer loop vertex 3.88909 3.88909 2 vertex 3.53553 3.53553 0 vertex 3.69357 4.07523 2 endloop endfacet facet normal 0.519033 0.819643 -0.242466 outer loop vertex 3.05564 4.57308 2 vertex 2.77785 4.15735 0 vertex 2.82756 4.71751 2 endloop endfacet facet normal 0.436182 0.866578 -0.242464 outer loop vertex 2.59268 4.85057 2 vertex 2.13778 4.51995 0 vertex 2.35155 4.97194 2 endloop endfacet facet normal 0.0237983 0.969869 -0.242463 outer loop vertex 0.245337 4.99398 0 vertex 0 5 0 vertex 0.269872 5.49337 2 endloop endfacet facet normal 0.212563 0.946588 -0.242464 outer loop vertex 1.2149 4.85016 0 vertex 0.975451 4.90393 0 vertex 1.33639 5.33517 2 endloop endfacet facet normal 0.165852 0.955878 -0.242466 outer loop vertex 0.975451 4.90393 0 vertex 0.807017 5.44047 2 vertex 1.073 5.39432 2 endloop endfacet facet normal -0.478195 -0.84412 -0.242469 outer loop vertex -2.59268 -4.85057 2 vertex -2.82756 -4.71751 2 vertex -2.57051 -4.28864 0 endloop endfacet facet normal 0.819654 0.519014 -0.242469 outer loop vertex 4.28864 2.57051 0 vertex 4.15735 2.77785 0 vertex 4.71751 2.82756 2 endloop endfacet facet normal -0.866564 0.436207 -0.242467 outer loop vertex -4.51995 2.13778 0 vertex -4.85057 2.59268 2 vertex -4.40961 2.35698 0 endloop endfacet facet normal -0.866578 0.436182 -0.242464 outer loop vertex -4.51995 2.13778 0 vertex -4.97194 2.35155 2 vertex -4.85057 2.59268 2 endloop endfacet facet normal 0.258777 0.935011 -0.242464 outer loop vertex 1.45142 4.7847 0 vertex 1.2149 4.85016 0 vertex 1.33639 5.33517 2 endloop endfacet facet normal -0.886933 0.393143 -0.242463 outer loop vertex -4.6194 1.91342 0 vertex -4.97194 2.35155 2 vertex -4.51995 2.13778 0 endloop endfacet facet normal 0.0713939 0.96753 -0.242463 outer loop vertex 0.490086 4.97592 0 vertex 0.245337 4.99398 0 vertex 0.269872 5.49337 2 endloop endfacet facet normal -0.76482 0.596876 -0.242466 outer loop vertex -4.01604 2.9785 0 vertex -4.41764 3.27635 2 vertex -4.25156 3.48916 2 endloop endfacet facet normal 0.844112 0.47821 -0.242467 outer loop vertex 4.40961 2.35698 0 vertex 4.28864 2.57051 0 vertex 4.85057 2.59268 2 endloop endfacet facet normal 0 0 -1 outer loop vertex 4.25 0 0 vertex 5 0 0 vertex 4.99398 -0.245337 0 endloop endfacet facet normal 0 0 -1 outer loop vertex 4.25 0 0 vertex 4.99398 -0.245337 0 vertex 4.97592 -0.490086 0 endloop endfacet facet normal 0 0 -1 outer loop vertex 5 0 0 vertex 4.25 0 0 vertex 4.99398 0.245337 0 endloop endfacet facet normal 0 0 -1 outer loop vertex 4.19767 -0.664846 0 vertex 4.97592 -0.490086 0 vertex 4.94588 -0.733652 0 endloop endfacet facet normal -0 0 -1 outer loop vertex 4.99398 0.245337 0 vertex 4.25 0 0 vertex 4.97592 0.490086 0 endloop endfacet facet normal 0 0 -1 outer loop vertex 4.19767 -0.664846 0 vertex 4.94588 -0.733652 0 vertex 4.90393 -0.975451 0 endloop endfacet facet normal 0 0 -1 outer loop vertex 4.19767 0.664846 0 vertex 4.97592 0.490086 0 vertex 4.25 0 0 endloop endfacet facet normal 0 0 -1 outer loop vertex 4.19767 -0.664846 0 vertex 4.90393 -0.975451 0 vertex 4.85016 -1.2149 0 endloop endfacet facet normal 0 0 -1 outer loop vertex 4.97592 0.490086 0 vertex 4.19767 0.664846 0 vertex 4.94588 0.733652 0 endloop endfacet facet normal 0 0 -1 outer loop vertex 4.04199 -1.31332 0 vertex 4.85016 -1.2149 0 vertex 4.7847 -1.45142 0 endloop endfacet facet normal -0 0 -1 outer loop vertex 4.94588 0.733652 0 vertex 4.19767 0.664846 0 vertex 4.90393 0.975451 0 endloop endfacet facet normal 0 0 -1 outer loop vertex 4.04199 -1.31332 0 vertex 4.7847 -1.45142 0 vertex 4.70772 -1.68445 0 endloop endfacet facet normal -0 0 -1 outer loop vertex 4.90393 0.975451 0 vertex 4.19767 0.664846 0 vertex 4.85016 1.2149 0 endloop endfacet facet normal 0 0 -1 outer loop vertex 4.04199 -1.31332 0 vertex 4.70772 -1.68445 0 vertex 4.6194 -1.91342 0 endloop endfacet facet normal 0 0 -1 outer loop vertex 4.04199 1.31332 0 vertex 4.85016 1.2149 0 vertex 4.19767 0.664846 0 endloop endfacet facet normal 0 0 -1 outer loop vertex 3.78678 -1.92946 0 vertex 4.6194 -1.91342 0 vertex 4.51995 -2.13778 0 endloop endfacet facet normal 0 0 -1 outer loop vertex 4.85016 1.2149 0 vertex 4.04199 1.31332 0 vertex 4.7847 1.45142 0 endloop endfacet facet normal 0 0 -1 outer loop vertex 3.78678 -1.92946 0 vertex 4.51995 -2.13778 0 vertex 4.40961 -2.35698 0 endloop endfacet facet normal -0 0 -1 outer loop vertex 4.7847 1.45142 0 vertex 4.04199 1.31332 0 vertex 4.70772 1.68445 0 endloop endfacet facet normal 0 0 -1 outer loop vertex 3.78678 -1.92946 0 vertex 4.40961 -2.35698 0 vertex 4.28864 -2.57051 0 endloop endfacet facet normal -0 0 -1 outer loop vertex 4.70772 1.68445 0 vertex 4.04199 1.31332 0 vertex 4.6194 1.91342 0 endloop endfacet facet normal 0 0 -1 outer loop vertex 3.78678 1.92946 0 vertex 4.6194 1.91342 0 vertex 4.04199 1.31332 0 endloop endfacet facet normal -0 0 -1 outer loop vertex 4.97592 -0.490086 0 vertex 4.19767 -0.664846 0 vertex 4.25 0 0 endloop endfacet facet normal 0 0 -1 outer loop vertex 3.43832 -2.49809 0 vertex 4.28864 -2.57051 0 vertex 4.15735 -2.77785 0 endloop endfacet facet normal -0 0 -1 outer loop vertex 4.85016 -1.2149 0 vertex 4.04199 -1.31332 0 vertex 4.19767 -0.664846 0 endloop endfacet facet normal 0 0 -1 outer loop vertex 3.43832 -2.49809 0 vertex 4.15735 -2.77785 0 vertex 4.01604 -2.9785 0 endloop endfacet facet normal 0 0 -1 outer loop vertex 3.43832 -2.49809 0 vertex 4.01604 -2.9785 0 vertex 3.86505 -3.17197 0 endloop endfacet facet normal -0 0 -1 outer loop vertex 4.6194 -1.91342 0 vertex 3.78678 -1.92946 0 vertex 4.04199 -1.31332 0 endloop endfacet facet normal 0 0 -1 outer loop vertex 3.0052 -3.0052 0 vertex 3.86505 -3.17197 0 vertex 3.70475 -3.35779 0 endloop endfacet facet normal 0 0 -1 outer loop vertex 3.0052 -3.0052 0 vertex 3.70475 -3.35779 0 vertex 3.53553 -3.53553 0 endloop endfacet facet normal 0 0 -1 outer loop vertex 4.28864 -2.57051 0 vertex 3.43832 -2.49809 0 vertex 3.78678 -1.92946 0 endloop endfacet facet normal 0 0 -1 outer loop vertex 3.0052 -3.0052 0 vertex 3.53553 -3.53553 0 vertex 3.35779 -3.70475 0 endloop endfacet facet normal 0 0 -1 outer loop vertex 3.0052 -3.0052 0 vertex 3.35779 -3.70475 0 vertex 3.17197 -3.86505 0 endloop endfacet facet normal 0 0 -1 outer loop vertex 3.86505 -3.17197 0 vertex 3.0052 -3.0052 0 vertex 3.43832 -2.49809 0 endloop endfacet facet normal 0 0 -1 outer loop vertex 2.49809 -3.43832 0 vertex 3.17197 -3.86505 0 vertex 2.9785 -4.01604 0 endloop endfacet facet normal 0 0 -1 outer loop vertex 2.49809 -3.43832 0 vertex 2.9785 -4.01604 0 vertex 2.77785 -4.15735 0 endloop endfacet facet normal 0 0 -1 outer loop vertex 2.49809 -3.43832 0 vertex 2.77785 -4.15735 0 vertex 2.57051 -4.28864 0 endloop endfacet facet normal 0 0 -1 outer loop vertex 3.17197 -3.86505 0 vertex 2.49809 -3.43832 0 vertex 3.0052 -3.0052 0 endloop endfacet facet normal 0 0 -1 outer loop vertex 1.92946 -3.78678 0 vertex 2.57051 -4.28864 0 vertex 2.35698 -4.40961 0 endloop endfacet facet normal 0 0 -1 outer loop vertex 1.92946 -3.78678 0 vertex 2.35698 -4.40961 0 vertex 2.13778 -4.51995 0 endloop endfacet facet normal 0 0 -1 outer loop vertex 2.57051 -4.28864 0 vertex 1.92946 -3.78678 0 vertex 2.49809 -3.43832 0 endloop endfacet facet normal 0 0 -1 outer loop vertex 1.91342 -4.6194 0 vertex 1.92946 -3.78678 0 vertex 2.13778 -4.51995 0 endloop endfacet facet normal 0 0 -1 outer loop vertex 1.31332 -4.04199 0 vertex 1.91342 -4.6194 0 vertex 1.68445 -4.70772 0 endloop endfacet facet normal 0 0 -1 outer loop vertex 1.31332 -4.04199 0 vertex 1.68445 -4.70772 0 vertex 1.45142 -4.7847 0 endloop endfacet facet normal 0 0 -1 outer loop vertex 1.91342 -4.6194 0 vertex 1.31332 -4.04199 0 vertex 1.92946 -3.78678 0 endloop endfacet facet normal 0 0 -1 outer loop vertex 1.2149 -4.85016 0 vertex 1.31332 -4.04199 0 vertex 1.45142 -4.7847 0 endloop endfacet facet normal 0 0 -1 outer loop vertex 0.664846 -4.19767 0 vertex 1.2149 -4.85016 0 vertex 0.975451 -4.90393 0 endloop endfacet facet normal 0 0 -1 outer loop vertex 0.664846 -4.19767 0 vertex 0.975451 -4.90393 0 vertex 0.733652 -4.94588 0 endloop endfacet facet normal 0 0 -1 outer loop vertex 1.2149 -4.85016 0 vertex 0.664846 -4.19767 0 vertex 1.31332 -4.04199 0 endloop endfacet facet normal 0 0 -1 outer loop vertex 0.490086 -4.97592 0 vertex 0.664846 -4.19767 0 vertex 0.733652 -4.94588 0 endloop endfacet facet normal 0 0 -1 outer loop vertex 0.245337 -4.99398 0 vertex 0.664846 -4.19767 0 vertex 0.490086 -4.97592 0 endloop endfacet facet normal 0 0 -1 outer loop vertex 0.245337 -4.99398 0 vertex 0.0755345 -4.11977 0 vertex 0.664846 -4.19767 0 endloop endfacet facet normal 0 0 -1 outer loop vertex 0 -5 0 vertex 0.0755345 -4.11977 0 vertex 0.245337 -4.99398 0 endloop endfacet facet normal 0 0 -1 outer loop vertex 0 -5 0 vertex 0 -4.105 0 vertex 0.0755345 -4.11977 0 endloop endfacet facet normal 0 0 -1 outer loop vertex -0.245337 -4.99398 0 vertex 0 -4.105 0 vertex 0 -5 0 endloop endfacet facet normal 0 0 -1 outer loop vertex -0.490086 -4.97592 0 vertex 0 -4.105 0 vertex -0.245337 -4.99398 0 endloop endfacet facet normal -0 0 -1 outer loop vertex 0 -4.105 0 vertex -0.490086 -4.97592 0 vertex -0.474891 -3.96405 0 endloop endfacet facet normal 0 0 -1 outer loop vertex -0.733652 -4.94588 0 vertex -0.474891 -3.96405 0 vertex -0.490086 -4.97592 0 endloop endfacet facet normal -0 0 -1 outer loop vertex -0.474891 -3.96405 0 vertex -0.733652 -4.94588 0 vertex -0.61948 -3.91125 0 endloop endfacet facet normal 0 0 -1 outer loop vertex -0.975451 -4.90393 0 vertex -0.61948 -3.91125 0 vertex -0.733652 -4.94588 0 endloop endfacet facet normal 0 0 -1 outer loop vertex -1.2149 -4.85016 0 vertex -0.61948 -3.91125 0 vertex -0.975451 -4.90393 0 endloop endfacet facet normal -0 0 -1 outer loop vertex -0.61948 -3.91125 0 vertex -1.2149 -4.85016 0 vertex -0.977076 -3.74045 0 endloop endfacet facet normal 0 0 -1 outer loop vertex -1.45142 -4.7847 0 vertex -0.977076 -3.74045 0 vertex -1.2149 -4.85016 0 endloop endfacet facet normal -0 0 -1 outer loop vertex -0.977076 -3.74045 0 vertex -1.45142 -4.7847 0 vertex -1.1789 -3.62828 0 endloop endfacet facet normal 0 0 -1 outer loop vertex -1.68445 -4.70772 0 vertex -1.1789 -3.62828 0 vertex -1.45142 -4.7847 0 endloop endfacet facet normal 0 0 -1 outer loop vertex -1.91342 -4.6194 0 vertex -1.1789 -3.62828 0 vertex -1.68445 -4.70772 0 endloop endfacet facet normal -0 0 -1 outer loop vertex -1.1789 -3.62828 0 vertex -1.91342 -4.6194 0 vertex -1.42375 -3.4598 0 endloop endfacet facet normal 0 0 -1 outer loop vertex -2.13778 -4.51995 0 vertex -1.42375 -3.4598 0 vertex -1.91342 -4.6194 0 endloop endfacet facet normal -0 0 -1 outer loop vertex -1.42375 -3.4598 0 vertex -2.13778 -4.51995 0 vertex -1.66614 -3.26999 0 endloop endfacet facet normal 0 0 -1 outer loop vertex -2.35698 -4.40961 0 vertex -1.66614 -3.26999 0 vertex -2.13778 -4.51995 0 endloop endfacet facet normal 0 0 -1 outer loop vertex -2.57051 -4.28864 0 vertex -1.66614 -3.26999 0 vertex -2.35698 -4.40961 0 endloop endfacet facet normal -0 0 -1 outer loop vertex -1.66614 -3.26999 0 vertex -2.57051 -4.28864 0 vertex -1.8098 -3.13352 0 endloop endfacet facet normal 0 0 -1 outer loop vertex -2.77785 -4.15735 0 vertex -1.8098 -3.13352 0 vertex -2.57051 -4.28864 0 endloop endfacet facet normal 0 0 -1 outer loop vertex -2.9785 -4.01604 0 vertex -1.8098 -3.13352 0 vertex -2.77785 -4.15735 0 endloop endfacet facet normal -0 0 -1 outer loop vertex -1.8098 -3.13352 0 vertex -2.9785 -4.01604 0 vertex -2.07194 -2.85178 0 endloop endfacet facet normal 0 0 -1 outer loop vertex -3.17197 -3.86505 0 vertex -2.07194 -2.85178 0 vertex -2.9785 -4.01604 0 endloop endfacet facet normal 0 -0 -1 outer loop vertex -2.22038 -2.70554 0 vertex -2.07194 -2.85178 0 vertex -3.17197 -3.86505 0 endloop endfacet facet normal 0 0 -1 outer loop vertex -2.07194 -2.85178 0 vertex -2.22038 -2.70554 0 vertex -2.12994 -2.77611 0 endloop endfacet facet normal -0 0 -1 outer loop vertex -2.22038 -2.70554 0 vertex -3.17197 -3.86505 0 vertex -2.35046 -2.59333 0 endloop endfacet facet normal 0 0 -1 outer loop vertex -3.35779 -3.70475 0 vertex -2.35046 -2.59333 0 vertex -3.17197 -3.86505 0 endloop endfacet facet normal -0 0 -1 outer loop vertex -2.35046 -2.59333 0 vertex -3.35779 -3.70475 0 vertex -2.47487 -2.47487 0 endloop endfacet facet normal 0 0 -1 outer loop vertex -3.53553 -3.53553 0 vertex -2.47487 -2.47487 0 vertex -3.35779 -3.70475 0 endloop endfacet facet normal -0 0 -1 outer loop vertex -2.47487 -2.47487 0 vertex -3.53553 -3.53553 0 vertex -2.59333 -2.35046 0 endloop endfacet facet normal 0 0 -1 outer loop vertex -3.70475 -3.35779 0 vertex -2.59333 -2.35046 0 vertex -3.53553 -3.53553 0 endloop endfacet facet normal -0 0 -1 outer loop vertex -2.59333 -2.35046 0 vertex -3.70475 -3.35779 0 vertex -2.70554 -2.22038 0 endloop endfacet facet normal 0 0 -1 outer loop vertex -3.86505 -3.17197 0 vertex -2.70554 -2.22038 0 vertex -3.70475 -3.35779 0 endloop endfacet facet normal -0 0 -1 outer loop vertex -2.70554 -2.22038 0 vertex -3.86505 -3.17197 0 vertex -2.81123 -2.08495 0 endloop endfacet facet normal 0 0 -1 outer loop vertex -4.01604 -2.9785 0 vertex -2.81123 -2.08495 0 vertex -3.86505 -3.17197 0 endloop endfacet facet normal -0 0 -1 outer loop vertex -2.81123 -2.08495 0 vertex -4.01604 -2.9785 0 vertex -2.91014 -1.9445 0 endloop endfacet facet normal 0 0 -1 outer loop vertex -4.15735 -2.77785 0 vertex -2.91014 -1.9445 0 vertex -4.01604 -2.9785 0 endloop endfacet facet normal -0 0 -1 outer loop vertex -2.91014 -1.9445 0 vertex -4.15735 -2.77785 0 vertex -3.00205 -1.79936 0 endloop endfacet facet normal 0 0 -1 outer loop vertex -4.28864 -2.57051 0 vertex -3.00205 -1.79936 0 vertex -4.15735 -2.77785 0 endloop endfacet facet normal -0 0 -1 outer loop vertex -3.00205 -1.79936 0 vertex -4.28864 -2.57051 0 vertex -3.08672 -1.64989 0 endloop endfacet facet normal 0 0 -1 outer loop vertex -4.40961 -2.35698 0 vertex -3.08672 -1.64989 0 vertex -4.28864 -2.57051 0 endloop endfacet facet normal -0 0 -1 outer loop vertex -3.08672 -1.64989 0 vertex -4.40961 -2.35698 0 vertex -3.16396 -1.49644 0 endloop endfacet facet normal 0 0 -1 outer loop vertex -4.51995 -2.13778 0 vertex -3.16396 -1.49644 0 vertex -4.40961 -2.35698 0 endloop endfacet facet normal 0 0 -1 outer loop vertex -4.6194 -1.91342 0 vertex -3.23358 -1.33939 0 vertex -4.51995 -2.13778 0 endloop endfacet facet normal -0 0 -1 outer loop vertex -3.16396 -1.49644 0 vertex -4.51995 -2.13778 0 vertex -3.23358 -1.33939 0 endloop endfacet facet normal 0 0 -1 outer loop vertex 4.6194 1.91342 0 vertex 3.78678 1.92946 0 vertex 4.51995 2.13778 0 endloop endfacet facet normal -0 0 -1 outer loop vertex 4.51995 2.13778 0 vertex 3.78678 1.92946 0 vertex 4.40961 2.35698 0 endloop endfacet facet normal -0 0 -1 outer loop vertex 4.40961 2.35698 0 vertex 3.78678 1.92946 0 vertex 4.28864 2.57051 0 endloop endfacet facet normal 0 0 -1 outer loop vertex 3.43832 2.49809 0 vertex 4.28864 2.57051 0 vertex 3.78678 1.92946 0 endloop endfacet facet normal -0 0 -1 outer loop vertex 4.28864 2.57051 0 vertex 3.43832 2.49809 0 vertex 4.15735 2.77785 0 endloop endfacet facet normal -0 0 -1 outer loop vertex 4.15735 2.77785 0 vertex 3.43832 2.49809 0 vertex 4.01604 2.9785 0 endloop endfacet facet normal -0 0 -1 outer loop vertex 4.01604 2.9785 0 vertex 3.43832 2.49809 0 vertex 3.86505 3.17197 0 endloop endfacet facet normal 0 0 -1 outer loop vertex 3.0052 3.0052 0 vertex 3.86505 3.17197 0 vertex 3.43832 2.49809 0 endloop endfacet facet normal -0 0 -1 outer loop vertex 3.86505 3.17197 0 vertex 3.0052 3.0052 0 vertex 3.70475 3.35779 0 endloop endfacet facet normal -0 0 -1 outer loop vertex 3.70475 3.35779 0 vertex 3.0052 3.0052 0 vertex 3.53553 3.53553 0 endloop endfacet facet normal -0 0 -1 outer loop vertex 3.53553 3.53553 0 vertex 3.0052 3.0052 0 vertex 3.35779 3.70475 0 endloop endfacet facet normal -0 0 -1 outer loop vertex 3.35779 3.70475 0 vertex 3.0052 3.0052 0 vertex 3.17197 3.86505 0 endloop endfacet facet normal 0 0 -1 outer loop vertex 2.49809 3.43832 0 vertex 3.17197 3.86505 0 vertex 3.0052 3.0052 0 endloop endfacet facet normal -0 0 -1 outer loop vertex 3.17197 3.86505 0 vertex 2.49809 3.43832 0 vertex 2.9785 4.01604 0 endloop endfacet facet normal -0 0 -1 outer loop vertex 2.9785 4.01604 0 vertex 2.49809 3.43832 0 vertex 2.77785 4.15735 0 endloop endfacet facet normal -0 0 -1 outer loop vertex 2.77785 4.15735 0 vertex 2.49809 3.43832 0 vertex 2.57051 4.28864 0 endloop endfacet facet normal 0 0 -1 outer loop vertex 1.92946 3.78678 0 vertex 2.57051 4.28864 0 vertex 2.49809 3.43832 0 endloop endfacet facet normal -0 0 -1 outer loop vertex 2.57051 4.28864 0 vertex 1.92946 3.78678 0 vertex 2.35698 4.40961 0 endloop endfacet facet normal -0 0 -1 outer loop vertex 2.35698 4.40961 0 vertex 1.92946 3.78678 0 vertex 2.13778 4.51995 0 endloop endfacet facet normal 0 0 -1 outer loop vertex 1.92946 3.78678 0 vertex 1.91342 4.6194 0 vertex 2.13778 4.51995 0 endloop endfacet facet normal 0 0 -1 outer loop vertex 1.31332 4.04199 0 vertex 1.91342 4.6194 0 vertex 1.92946 3.78678 0 endloop endfacet facet normal -0 0 -1 outer loop vertex 1.91342 4.6194 0 vertex 1.31332 4.04199 0 vertex 1.68445 4.70772 0 endloop endfacet facet normal -0 0 -1 outer loop vertex 1.68445 4.70772 0 vertex 1.31332 4.04199 0 vertex 1.45142 4.7847 0 endloop endfacet facet normal 0 0 -1 outer loop vertex 1.31332 4.04199 0 vertex 1.2149 4.85016 0 vertex 1.45142 4.7847 0 endloop endfacet facet normal 0 0 -1 outer loop vertex 0.664846 4.19767 0 vertex 1.2149 4.85016 0 vertex 1.31332 4.04199 0 endloop endfacet facet normal -0 0 -1 outer loop vertex 1.2149 4.85016 0 vertex 0.664846 4.19767 0 vertex 0.975451 4.90393 0 endloop endfacet facet normal -0 0 -1 outer loop vertex 0.975451 4.90393 0 vertex 0.664846 4.19767 0 vertex 0.733652 4.94588 0 endloop endfacet facet normal 0 0 -1 outer loop vertex 0.664846 4.19767 0 vertex 0.490086 4.97592 0 vertex 0.733652 4.94588 0 endloop endfacet facet normal 0 0 -1 outer loop vertex 0.664846 4.19767 0 vertex 0.245337 4.99398 0 vertex 0.490086 4.97592 0 endloop endfacet facet normal 0 0 -1 outer loop vertex 0.0755345 4.11977 0 vertex 0.245337 4.99398 0 vertex 0.664846 4.19767 0 endloop endfacet facet normal 0 0 -1 outer loop vertex 0 5 0 vertex 0.0755345 4.11977 0 vertex 0 4.105 0 endloop endfacet facet normal 0 0 -1 outer loop vertex 0.0755345 4.11977 0 vertex 0 5 0 vertex 0.245337 4.99398 0 endloop endfacet facet normal 0 0 -1 outer loop vertex 0 4.105 0 vertex -0.245337 4.99398 0 vertex 0 5 0 endloop endfacet facet normal 0 0 -1 outer loop vertex -0.490086 4.97592 0 vertex 0 4.105 0 vertex -0.474891 3.96405 0 endloop endfacet facet normal 0 0 -1 outer loop vertex 0 4.105 0 vertex -0.490086 4.97592 0 vertex -0.245337 4.99398 0 endloop endfacet facet normal 0 0 -1 outer loop vertex -0.733652 4.94588 0 vertex -0.474891 3.96405 0 vertex -0.61948 3.91125 0 endloop endfacet facet normal 0 0 -1 outer loop vertex -0.474891 3.96405 0 vertex -0.733652 4.94588 0 vertex -0.490086 4.97592 0 endloop endfacet facet normal 0 0 -1 outer loop vertex -0.61948 3.91125 0 vertex -0.975451 4.90393 0 vertex -0.733652 4.94588 0 endloop endfacet facet normal 0 0 -1 outer loop vertex -1.2149 4.85016 0 vertex -0.61948 3.91125 0 vertex -0.977076 3.74045 0 endloop endfacet facet normal 0 0 -1 outer loop vertex -1.45142 4.7847 0 vertex -0.977076 3.74045 0 vertex -1.1789 3.62828 0 endloop endfacet facet normal 0 0 -1 outer loop vertex -0.61948 3.91125 0 vertex -1.2149 4.85016 0 vertex -0.975451 4.90393 0 endloop endfacet facet normal 0 0 -1 outer loop vertex -1.91342 4.6194 0 vertex -1.1789 3.62828 0 vertex -1.42375 3.4598 0 endloop endfacet facet normal 0 0 -1 outer loop vertex -0.977076 3.74045 0 vertex -1.45142 4.7847 0 vertex -1.2149 4.85016 0 endloop endfacet facet normal 0 0 -1 outer loop vertex -2.13778 4.51995 0 vertex -1.42375 3.4598 0 vertex -1.66614 3.26999 0 endloop endfacet facet normal 0 0 -1 outer loop vertex -1.1789 3.62828 0 vertex -1.68445 4.70772 0 vertex -1.45142 4.7847 0 endloop endfacet facet normal 0 0 -1 outer loop vertex -2.57051 4.28864 0 vertex -1.66614 3.26999 0 vertex -1.8098 3.13352 0 endloop endfacet facet normal 0 0 -1 outer loop vertex -1.1789 3.62828 0 vertex -1.91342 4.6194 0 vertex -1.68445 4.70772 0 endloop endfacet facet normal 0 0 -1 outer loop vertex -2.9785 4.01604 0 vertex -1.8098 3.13352 0 vertex -2.07194 2.85178 0 endloop endfacet facet normal 0 0 -1 outer loop vertex -2.22038 2.70554 0 vertex -2.07194 2.85178 0 vertex -2.12994 2.77611 0 endloop endfacet facet normal 0 0 -1 outer loop vertex -1.42375 3.4598 0 vertex -2.13778 4.51995 0 vertex -1.91342 4.6194 0 endloop endfacet facet normal -0 0 -1 outer loop vertex -2.07194 2.85178 0 vertex -2.22038 2.70554 0 vertex -3.17197 3.86505 0 endloop endfacet facet normal 0 0 -1 outer loop vertex -3.17197 3.86505 0 vertex -2.22038 2.70554 0 vertex -2.35046 2.59333 0 endloop endfacet facet normal 0 0 -1 outer loop vertex -1.66614 3.26999 0 vertex -2.35698 4.40961 0 vertex -2.13778 4.51995 0 endloop endfacet facet normal 0 0 -1 outer loop vertex -3.35779 3.70475 0 vertex -2.35046 2.59333 0 vertex -2.47487 2.47487 0 endloop endfacet facet normal 0 0 -1 outer loop vertex -1.66614 3.26999 0 vertex -2.57051 4.28864 0 vertex -2.35698 4.40961 0 endloop endfacet facet normal 0 0 -1 outer loop vertex -3.53553 3.53553 0 vertex -2.47487 2.47487 0 vertex -2.59333 2.35046 0 endloop endfacet facet normal 0 0 -1 outer loop vertex -3.70475 3.35779 0 vertex -2.59333 2.35046 0 vertex -2.70554 2.22038 0 endloop endfacet facet normal 0 0 -1 outer loop vertex -1.8098 3.13352 0 vertex -2.77785 4.15735 0 vertex -2.57051 4.28864 0 endloop endfacet facet normal 0 0 -1 outer loop vertex -3.86505 3.17197 0 vertex -2.70554 2.22038 0 vertex -2.81123 2.08495 0 endloop endfacet facet normal 0 0 -1 outer loop vertex -4.01604 2.9785 0 vertex -2.81123 2.08495 0 vertex -2.91014 1.9445 0 endloop endfacet facet normal 0 0 -1 outer loop vertex -1.8098 3.13352 0 vertex -2.9785 4.01604 0 vertex -2.77785 4.15735 0 endloop endfacet facet normal 0 0 -1 outer loop vertex -4.15735 2.77785 0 vertex -2.91014 1.9445 0 vertex -3.00205 1.79936 0 endloop endfacet facet normal 0 0 -1 outer loop vertex -4.28864 2.57051 0 vertex -3.00205 1.79936 0 vertex -3.08672 1.64989 0 endloop endfacet facet normal 0 0 -1 outer loop vertex -4.40961 2.35698 0 vertex -3.08672 1.64989 0 vertex -3.16396 1.49644 0 endloop endfacet facet normal 0 0 -1 outer loop vertex -2.07194 2.85178 0 vertex -3.17197 3.86505 0 vertex -2.9785 4.01604 0 endloop endfacet facet normal 0 0 -1 outer loop vertex -4.51995 2.13778 0 vertex -3.16396 1.49644 0 vertex -3.23358 1.33939 0 endloop endfacet facet normal 0 0 -1 outer loop vertex -4.6194 1.91342 0 vertex -3.23358 1.33939 0 vertex -3.2954 1.17911 0 endloop endfacet facet normal 0 0 -1 outer loop vertex -4.70772 1.68445 0 vertex -3.2954 1.17911 0 vertex -3.34929 1.016 0 endloop endfacet facet normal 0 0 -1 outer loop vertex -2.35046 2.59333 0 vertex -3.35779 3.70475 0 vertex -3.17197 3.86505 0 endloop endfacet facet normal 0 0 -1 outer loop vertex -4.7847 1.45142 0 vertex -3.34929 1.016 0 vertex -3.39511 0.85043 0 endloop endfacet facet normal 0 0 -1 outer loop vertex -4.85016 1.2149 0 vertex -3.39511 0.85043 0 vertex -3.43275 0.682816 0 endloop endfacet facet normal 0 0 -1 outer loop vertex -4.90393 0.975451 0 vertex -3.43275 0.682816 0 vertex -3.46212 0.513556 0 endloop endfacet facet normal 0 0 -1 outer loop vertex -4.94588 0.733652 0 vertex -3.46212 0.513556 0 vertex -3.48315 0.34306 0 endloop endfacet facet normal 0 0 -1 outer loop vertex -4.97592 0.490086 0 vertex -3.48315 0.34306 0 vertex -3.49578 0.171737 0 endloop endfacet facet normal 0 0 -1 outer loop vertex -2.47487 2.47487 0 vertex -3.53553 3.53553 0 vertex -3.35779 3.70475 0 endloop endfacet facet normal 0 0 -1 outer loop vertex -4.99398 0.245337 0 vertex -3.49578 0.171737 0 vertex -3.5 0 0 endloop endfacet facet normal -0 0 -1 outer loop vertex -3.23358 -1.33939 0 vertex -4.6194 -1.91342 0 vertex -3.2954 -1.17911 0 endloop endfacet facet normal 0 0 -1 outer loop vertex -4.70772 -1.68445 0 vertex -3.2954 -1.17911 0 vertex -4.6194 -1.91342 0 endloop endfacet facet normal 0 0 -1 outer loop vertex -2.59333 2.35046 0 vertex -3.70475 3.35779 0 vertex -3.53553 3.53553 0 endloop endfacet facet normal -0 0 -1 outer loop vertex -3.2954 -1.17911 0 vertex -4.70772 -1.68445 0 vertex -3.34929 -1.016 0 endloop endfacet facet normal 0 0 -1 outer loop vertex -2.70554 2.22038 0 vertex -3.86505 3.17197 0 vertex -3.70475 3.35779 0 endloop endfacet facet normal 0 0 -1 outer loop vertex -4.7847 -1.45142 0 vertex -3.34929 -1.016 0 vertex -4.70772 -1.68445 0 endloop endfacet facet normal 0 0 -1 outer loop vertex -2.81123 2.08495 0 vertex -4.01604 2.9785 0 vertex -3.86505 3.17197 0 endloop endfacet facet normal -0 0 -1 outer loop vertex -3.34929 -1.016 0 vertex -4.7847 -1.45142 0 vertex -3.39511 -0.85043 0 endloop endfacet facet normal 0 0 -1 outer loop vertex -2.91014 1.9445 0 vertex -4.15735 2.77785 0 vertex -4.01604 2.9785 0 endloop endfacet facet normal 0 0 -1 outer loop vertex -4.85016 -1.2149 0 vertex -3.39511 -0.85043 0 vertex -4.7847 -1.45142 0 endloop endfacet facet normal 0 0 -1 outer loop vertex -3.00205 1.79936 0 vertex -4.28864 2.57051 0 vertex -4.15735 2.77785 0 endloop endfacet facet normal -0 0 -1 outer loop vertex -3.39511 -0.85043 0 vertex -4.85016 -1.2149 0 vertex -3.43275 -0.682816 0 endloop endfacet facet normal 0 0 -1 outer loop vertex -3.08672 1.64989 0 vertex -4.40961 2.35698 0 vertex -4.28864 2.57051 0 endloop endfacet facet normal 0 0 -1 outer loop vertex -4.90393 -0.975451 0 vertex -3.43275 -0.682816 0 vertex -4.85016 -1.2149 0 endloop endfacet facet normal 0 0 -1 outer loop vertex -3.16396 1.49644 0 vertex -4.51995 2.13778 0 vertex -4.40961 2.35698 0 endloop endfacet facet normal -0 0 -1 outer loop vertex -3.43275 -0.682816 0 vertex -4.90393 -0.975451 0 vertex -3.46212 -0.513556 0 endloop endfacet facet normal 0 0 -1 outer loop vertex -3.23358 1.33939 0 vertex -4.6194 1.91342 0 vertex -4.51995 2.13778 0 endloop endfacet facet normal 0 0 -1 outer loop vertex -4.94588 -0.733652 0 vertex -3.46212 -0.513556 0 vertex -4.90393 -0.975451 0 endloop endfacet facet normal 0 0 -1 outer loop vertex -3.2954 1.17911 0 vertex -4.70772 1.68445 0 vertex -4.6194 1.91342 0 endloop endfacet facet normal -0 0 -1 outer loop vertex -3.46212 -0.513556 0 vertex -4.94588 -0.733652 0 vertex -3.48315 -0.34306 0 endloop endfacet facet normal 0 0 -1 outer loop vertex -3.34929 1.016 0 vertex -4.7847 1.45142 0 vertex -4.70772 1.68445 0 endloop endfacet facet normal 0 0 -1 outer loop vertex -4.97592 -0.490086 0 vertex -3.48315 -0.34306 0 vertex -4.94588 -0.733652 0 endloop endfacet facet normal 0 0 -1 outer loop vertex -3.39511 0.85043 0 vertex -4.85016 1.2149 0 vertex -4.7847 1.45142 0 endloop endfacet facet normal -0 0 -1 outer loop vertex -3.48315 -0.34306 0 vertex -4.97592 -0.490086 0 vertex -3.49578 -0.171737 0 endloop endfacet facet normal 0 0 -1 outer loop vertex -3.43275 0.682816 0 vertex -4.90393 0.975451 0 vertex -4.85016 1.2149 0 endloop endfacet facet normal 0 0 -1 outer loop vertex -4.99398 -0.245337 0 vertex -3.49578 -0.171737 0 vertex -4.97592 -0.490086 0 endloop endfacet facet normal 0 0 -1 outer loop vertex -3.46212 0.513556 0 vertex -4.94588 0.733652 0 vertex -4.90393 0.975451 0 endloop endfacet facet normal -0 0 -1 outer loop vertex -3.49578 -0.171737 0 vertex -4.99398 -0.245337 0 vertex -3.5 0 0 endloop endfacet facet normal 0 0 -1 outer loop vertex -3.48315 0.34306 0 vertex -4.97592 0.490086 0 vertex -4.94588 0.733652 0 endloop endfacet facet normal 0 0 -1 outer loop vertex -5 0 0 vertex -3.5 0 0 vertex -4.99398 -0.245337 0 endloop endfacet facet normal 0 0 -1 outer loop vertex -3.49578 0.171737 0 vertex -4.99398 0.245337 0 vertex -4.97592 0.490086 0 endloop endfacet facet normal 0 0 -1 outer loop vertex -3.5 0 0 vertex -5 0 0 vertex -4.99398 0.245337 0 endloop endfacet facet normal 0.212563 -0.946588 -0.242464 outer loop vertex 1.33639 -5.33517 2 vertex 0.975451 -4.90393 0 vertex 1.2149 -4.85016 0 endloop endfacet facet normal -0.962861 0.118775 -0.24247 outer loop vertex -4.97592 0.490086 0 vertex -5.47352 0.539094 2 vertex -5.44047 0.807017 2 endloop endfacet facet normal 0.118754 0.962864 -0.242468 outer loop vertex 0.733652 4.94588 0 vertex 0.490086 4.97592 0 vertex 0.807017 5.44047 2 endloop endfacet facet normal 0.633706 0.734593 -0.242466 outer loop vertex 3.35779 3.70475 0 vertex 3.17197 3.86505 0 vertex 3.48916 4.25156 2 endloop endfacet facet normal -0.0238269 0.969867 -0.242467 outer loop vertex 0 5 0 vertex -0.269872 5.49337 2 vertex 0 5.5 2 endloop endfacet facet normal 0.0238269 0.969867 -0.242467 outer loop vertex 0.269872 5.49337 2 vertex 0 5 0 vertex 0 5.5 2 endloop endfacet facet normal 0.764813 0.596884 -0.242467 outer loop vertex 4.01604 2.9785 0 vertex 3.86505 3.17197 0 vertex 4.25156 3.48916 2 endloop endfacet facet normal -0.478195 0.84412 -0.242469 outer loop vertex -2.57051 4.28864 0 vertex -2.82756 4.71751 2 vertex -2.59268 4.85057 2 endloop endfacet facet normal -0.844112 0.47821 -0.242467 outer loop vertex -4.40961 2.35698 0 vertex -4.85057 2.59268 2 vertex -4.28864 2.57051 0 endloop endfacet facet normal -0.84412 0.478195 -0.242469 outer loop vertex -4.28864 2.57051 0 vertex -4.85057 2.59268 2 vertex -4.71751 2.82756 2 endloop endfacet facet normal 0.946588 0.212563 -0.242464 outer loop vertex 4.90393 0.975451 0 vertex 4.85016 1.2149 0 vertex 5.33517 1.33639 2 endloop endfacet facet normal 0.0713371 0.967533 -0.24247 outer loop vertex 0.490086 4.97592 0 vertex 0.269872 5.49337 2 vertex 0.539094 5.47352 2 endloop endfacet facet normal -0.967533 0.0713371 -0.24247 outer loop vertex -4.97592 0.490086 0 vertex -5.49337 0.269872 2 vertex -5.47352 0.539094 2 endloop endfacet facet normal -0.689577 0.724213 0 outer loop vertex 2.47487 -2.47487 0.45862 vertex 2.35046 -2.59333 1.02835 vertex 2.47487 -2.47487 1.04138 endloop endfacet facet normal -0.6896 0.724191 -9.59476e-06 outer loop vertex 2.40557 -2.54086 0.44964 vertex 2.35046 -2.59333 1.02835 vertex 2.47487 -2.47487 0.45862 endloop endfacet facet normal -0.689547 0.724241 0 outer loop vertex 2.35046 -2.59333 1.02835 vertex 2.40557 -2.54086 0.44964 vertex 2.35046 -2.59333 0.441086 endloop endfacet facet normal -0.689577 0.724213 0 outer loop vertex 2.47487 -2.47487 2.45862 vertex 2.35046 -2.59333 3.02835 vertex 2.47487 -2.47487 3.04138 endloop endfacet facet normal -0.6896 0.724191 -9.59476e-06 outer loop vertex 2.40557 -2.54086 2.44964 vertex 2.35046 -2.59333 3.02835 vertex 2.47487 -2.47487 2.45862 endloop endfacet facet normal -0.689547 0.724241 0 outer loop vertex 2.35046 -2.59333 3.02835 vertex 2.40557 -2.54086 2.44964 vertex 2.35046 -2.59333 2.44109 endloop endfacet facet normal -0.689577 0.724213 0 outer loop vertex 2.47487 -2.47487 4.45862 vertex 2.35046 -2.59333 5.02835 vertex 2.47487 -2.47487 5.04138 endloop endfacet facet normal -0.6896 0.724191 -9.59476e-06 outer loop vertex 2.40557 -2.54086 4.44964 vertex 2.35046 -2.59333 5.02835 vertex 2.47487 -2.47487 4.45862 endloop endfacet facet normal -0.689547 0.724241 0 outer loop vertex 2.35046 -2.59333 5.02835 vertex 2.40557 -2.54086 4.44964 vertex 2.35046 -2.59333 4.44109 endloop endfacet facet normal -0.99249 -0.122325 0 outer loop vertex 3.46963 0.452623 0.749609 vertex 3.46212 0.513556 1.339 vertex 3.46212 0.513556 0.755162 endloop endfacet facet normal -0.992472 -0.12247 -0 outer loop vertex 3.48315 0.34306 1.32539 vertex 3.46963 0.452623 0.749609 vertex 3.48315 0.34306 0.737563 endloop endfacet facet normal -0.992479 -0.122419 9.91916e-06 outer loop vertex 3.46963 0.452623 0.749609 vertex 3.48315 0.34306 1.32539 vertex 3.46212 0.513556 1.339 endloop endfacet facet normal -0.99249 -0.122325 0 outer loop vertex 3.46963 0.452623 2.74961 vertex 3.46212 0.513556 3.339 vertex 3.46212 0.513556 2.75516 endloop endfacet facet normal -0.992472 -0.12247 -0 outer loop vertex 3.48315 0.34306 3.32539 vertex 3.46963 0.452623 2.74961 vertex 3.48315 0.34306 2.73756 endloop endfacet facet normal -0.992479 -0.122419 9.91917e-06 outer loop vertex 3.46963 0.452623 2.74961 vertex 3.48315 0.34306 3.32539 vertex 3.46212 0.513556 3.339 endloop endfacet facet normal -0.99249 -0.122325 0 outer loop vertex 3.46963 0.452623 4.74961 vertex 3.46212 0.513556 5.339 vertex 3.46212 0.513556 4.75516 endloop endfacet facet normal -0.992472 -0.12247 -0 outer loop vertex 3.48315 0.34306 5.32539 vertex 3.46963 0.452623 4.74961 vertex 3.48315 0.34306 4.73756 endloop endfacet facet normal -0.992479 -0.122419 9.91917e-06 outer loop vertex 3.46963 0.452623 4.74961 vertex 3.48315 0.34306 5.32539 vertex 3.46212 0.513556 5.339 endloop endfacet facet normal 0.963735 -0.266861 0 outer loop vertex -3.35659 0.989637 0.200559 vertex -3.34929 1.016 0 vertex -3.34929 1.016 0.198179 endloop endfacet facet normal 0.963783 -0.266689 0 outer loop vertex -3.39511 0.85043 0 vertex -3.35659 0.989637 0.200559 vertex -3.39511 0.85043 0.215847 endloop endfacet facet normal 0.963775 -0.266716 2.05586e-05 outer loop vertex -3.35659 0.989637 0.200559 vertex -3.39511 0.85043 0 vertex -3.34929 1.016 0 endloop endfacet facet normal 0.963735 -0.266861 0 outer loop vertex -3.35659 0.989637 2.20056 vertex -3.34929 1.016 1.61349 vertex -3.34929 1.016 2.19818 endloop endfacet facet normal 0.963783 -0.266689 0 outer loop vertex -3.39511 0.85043 1.62767 vertex -3.35659 0.989637 2.20056 vertex -3.39511 0.85043 2.21585 endloop endfacet facet normal 0.963775 -0.266715 7.05049e-06 outer loop vertex -3.35659 0.989637 2.20056 vertex -3.39511 0.85043 1.62767 vertex -3.34929 1.016 1.61349 endloop endfacet facet normal 0.963735 -0.266861 0 outer loop vertex -3.35659 0.989637 4.20056 vertex -3.34929 1.016 3.61349 vertex -3.34929 1.016 4.19818 endloop endfacet facet normal 0.963783 -0.266689 0 outer loop vertex -3.39511 0.85043 3.62767 vertex -3.35659 0.989637 4.20056 vertex -3.39511 0.85043 4.21585 endloop endfacet facet normal 0.963775 -0.266715 7.05049e-06 outer loop vertex -3.35659 0.989637 4.20056 vertex -3.39511 0.85043 3.62767 vertex -3.34929 1.016 3.61349 endloop endfacet facet normal -0.65318 0.757202 0 outer loop vertex 2.35046 -2.59333 0.441086 vertex 2.22038 -2.70554 1.01244 vertex 2.35046 -2.59333 1.02835 endloop endfacet facet normal -0.65318 0.757202 0 outer loop vertex 2.22038 -2.70554 1.01244 vertex 2.35046 -2.59333 0.441086 vertex 2.22038 -2.70554 0.424607 endloop endfacet facet normal -0.65318 0.757202 0 outer loop vertex 2.35046 -2.59333 2.44109 vertex 2.22038 -2.70554 3.01244 vertex 2.35046 -2.59333 3.02835 endloop endfacet facet normal -0.65318 0.757202 0 outer loop vertex 2.22038 -2.70554 3.01244 vertex 2.35046 -2.59333 2.44109 vertex 2.22038 -2.70554 2.42461 endloop endfacet facet normal -0.65318 0.757202 0 outer loop vertex 2.35046 -2.59333 4.44109 vertex 2.22038 -2.70554 5.01244 vertex 2.35046 -2.59333 5.02835 endloop endfacet facet normal -0.65318 0.757202 0 outer loop vertex 2.22038 -2.70554 5.01244 vertex 2.35046 -2.59333 4.44109 vertex 2.22038 -2.70554 4.42461 endloop endfacet facet normal -0.492985 -0.870038 0 outer loop vertex 1.67368 3.07324 1.04944 vertex 1.64989 3.08672 1.63651 vertex 1.64989 3.08672 1.05182 endloop endfacet facet normal -0.492881 -0.870096 5.53739e-06 outer loop vertex 1.64989 3.08672 1.63651 vertex 1.67368 3.07324 1.04944 vertex 1.79936 3.00205 1.62233 endloop endfacet facet normal -0.492862 -0.870107 -0 outer loop vertex 1.79936 3.00205 1.62233 vertex 1.67368 3.07324 1.04944 vertex 1.79936 3.00205 1.03415 endloop endfacet facet normal -0.492985 -0.870038 0 outer loop vertex 1.67368 3.07324 3.04944 vertex 1.64989 3.08672 3.63651 vertex 1.64989 3.08672 3.05182 endloop endfacet facet normal -0.492881 -0.870096 5.53739e-06 outer loop vertex 1.64989 3.08672 3.63651 vertex 1.67368 3.07324 3.04944 vertex 1.79936 3.00205 3.62233 endloop endfacet facet normal -0.492862 -0.870107 -0 outer loop vertex 1.79936 3.00205 3.62233 vertex 1.67368 3.07324 3.04944 vertex 1.79936 3.00205 3.03415 endloop endfacet facet normal -0.492985 -0.870038 0 outer loop vertex 1.67368 3.07324 5.04944 vertex 1.64989 3.08672 5.4 vertex 1.64989 3.08672 5.05182 endloop endfacet facet normal -0.492882 -0.870096 9.23762e-06 outer loop vertex 1.64989 3.08672 5.4 vertex 1.67368 3.07324 5.04944 vertex 1.79936 3.00205 5.4 endloop endfacet facet normal -0.492862 -0.870107 -0 outer loop vertex 1.79936 3.00205 5.4 vertex 1.67368 3.07324 5.04944 vertex 1.79936 3.00205 5.03415 endloop endfacet facet normal 0.689547 0.724241 -0 outer loop vertex -2.35046 -2.59333 0 vertex -2.40557 -2.54086 0.55036 vertex -2.35046 -2.59333 0.558913 endloop endfacet facet normal 0.6896 0.724191 1.00827e-05 outer loop vertex -2.35046 -2.59333 0 vertex -2.47487 -2.47487 0.541379 vertex -2.40557 -2.54086 0.55036 endloop endfacet facet normal 0.689577 0.724213 0 outer loop vertex -2.47487 -2.47487 0.541379 vertex -2.35046 -2.59333 0 vertex -2.47487 -2.47487 0 endloop endfacet facet normal 0.689547 0.724241 -0 outer loop vertex -2.35046 -2.59333 1.97165 vertex -2.40557 -2.54086 2.55036 vertex -2.35046 -2.59333 2.55891 endloop endfacet facet normal 0.6896 0.724191 9.59476e-06 outer loop vertex -2.35046 -2.59333 1.97165 vertex -2.47487 -2.47487 2.54138 vertex -2.40557 -2.54086 2.55036 endloop endfacet facet normal 0.689577 0.724213 0 outer loop vertex -2.47487 -2.47487 2.54138 vertex -2.35046 -2.59333 1.97165 vertex -2.47487 -2.47487 1.95862 endloop endfacet facet normal 0.689547 0.724241 -0 outer loop vertex -2.35046 -2.59333 3.97165 vertex -2.40557 -2.54086 4.55036 vertex -2.35046 -2.59333 4.55891 endloop endfacet facet normal 0.6896 0.724191 9.59476e-06 outer loop vertex -2.35046 -2.59333 3.97165 vertex -2.47487 -2.47487 4.54138 vertex -2.40557 -2.54086 4.55036 endloop endfacet facet normal 0.689577 0.724213 0 outer loop vertex -2.47487 -2.47487 4.54138 vertex -2.35046 -2.59333 3.97165 vertex -2.47487 -2.47487 3.95862 endloop endfacet facet normal -0.94913 -0.314884 0 outer loop vertex 3.2954 1.17911 0.816093 vertex 3.29751 1.17275 1.40073 vertex 3.2954 1.17911 1.40153 endloop endfacet facet normal -0.949524 -0.313694 -0 outer loop vertex 3.32773 1.08125 1.39103 vertex 3.2954 1.17911 0.816093 vertex 3.32773 1.08125 0.808969 endloop endfacet facet normal -0.949551 -0.313613 1.53507e-05 outer loop vertex 3.2954 1.17911 0.816093 vertex 3.32773 1.08125 1.39103 vertex 3.29751 1.17275 1.40073 endloop endfacet facet normal -0.949509 -0.313738 -0 outer loop vertex 3.34929 1.016 1.38651 vertex 3.32773 1.08125 0.808969 vertex 3.34929 1.016 0.80182 endloop endfacet facet normal -0.949509 -0.313738 0 outer loop vertex 3.32773 1.08125 0.808969 vertex 3.34929 1.016 1.38651 vertex 3.32773 1.08125 1.39103 endloop endfacet facet normal -0.94913 -0.314884 0 outer loop vertex 3.2954 1.17911 2.81609 vertex 3.29751 1.17275 3.40073 vertex 3.2954 1.17911 3.40153 endloop endfacet facet normal -0.949524 -0.313694 -0 outer loop vertex 3.32773 1.08125 3.39103 vertex 3.2954 1.17911 2.81609 vertex 3.32773 1.08125 2.80897 endloop endfacet facet normal -0.949551 -0.313613 1.53506e-05 outer loop vertex 3.2954 1.17911 2.81609 vertex 3.32773 1.08125 3.39103 vertex 3.29751 1.17275 3.40073 endloop endfacet facet normal -0.949509 -0.313738 -0 outer loop vertex 3.34929 1.016 3.38651 vertex 3.32773 1.08125 2.80897 vertex 3.34929 1.016 2.80182 endloop endfacet facet normal -0.949509 -0.313738 0 outer loop vertex 3.32773 1.08125 2.80897 vertex 3.34929 1.016 3.38651 vertex 3.32773 1.08125 3.39103 endloop endfacet facet normal -0.949398 -0.314076 0 outer loop vertex 3.2954 1.17911 4.81609 vertex 3.29978 1.16587 5.4 vertex 3.2954 1.17911 5.4 endloop endfacet facet normal -0.949524 -0.313694 -0 outer loop vertex 3.32773 1.08125 5.39103 vertex 3.2954 1.17911 4.81609 vertex 3.32773 1.08125 4.80897 endloop endfacet facet normal -0.949543 -0.313636 1.10734e-05 outer loop vertex 3.2954 1.17911 4.81609 vertex 3.32773 1.08125 5.39103 vertex 3.29978 1.16587 5.4 endloop endfacet facet normal -0.949509 -0.313738 -0 outer loop vertex 3.34929 1.016 5.38651 vertex 3.32773 1.08125 4.80897 vertex 3.34929 1.016 4.80182 endloop endfacet facet normal -0.949509 -0.313738 0 outer loop vertex 3.32773 1.08125 4.80897 vertex 3.34929 1.016 5.38651 vertex 3.32773 1.08125 5.39103 endloop endfacet facet normal 0.999698 0.0245582 0 outer loop vertex -3.49765 -0.0956623 0.30036 vertex -3.5 0 0 vertex -3.5 0 0.291379 endloop endfacet facet normal 0.999698 0.0245737 -0 outer loop vertex -3.49578 -0.171737 0 vertex -3.49765 -0.0956623 0.30036 vertex -3.49578 -0.171737 0.308913 endloop endfacet facet normal 0.999698 0.024565 2.18913e-06 outer loop vertex -3.49765 -0.0956623 0.30036 vertex -3.49578 -0.171737 0 vertex -3.5 0 0 endloop endfacet facet normal 0.999698 0.0245584 2.01488e-06 outer loop vertex -3.49578 -0.171737 1.72165 vertex -3.5 0 2.29138 vertex -3.49765 -0.0956623 2.30036 endloop endfacet facet normal 0.999698 0.0245737 -0 outer loop vertex -3.49578 -0.171737 1.72165 vertex -3.49765 -0.0956623 2.30036 vertex -3.49578 -0.171737 2.30891 endloop endfacet facet normal 0.999698 0.024565 0 outer loop vertex -3.5 0 2.29138 vertex -3.49578 -0.171737 1.72165 vertex -3.5 0 1.70862 endloop endfacet facet normal 0.999698 0.0245584 2.01488e-06 outer loop vertex -3.49578 -0.171737 3.72165 vertex -3.5 0 4.29138 vertex -3.49765 -0.0956623 4.30036 endloop endfacet facet normal 0.999698 0.0245737 -0 outer loop vertex -3.49578 -0.171737 3.72165 vertex -3.49765 -0.0956623 4.30036 vertex -3.49578 -0.171737 4.30891 endloop endfacet facet normal 0.999698 0.024565 0 outer loop vertex -3.5 0 4.29138 vertex -3.49578 -0.171737 3.72165 vertex -3.5 0 3.70862 endloop endfacet facet normal 0.992472 0.12247 0 outer loop vertex -3.48315 -0.34306 2.32539 vertex -3.46963 -0.452623 1.74961 vertex -3.48315 -0.34306 1.73756 endloop endfacet facet normal 0.992479 0.122419 9.91917e-06 outer loop vertex -3.46212 -0.513556 2.339 vertex -3.46963 -0.452623 1.74961 vertex -3.48315 -0.34306 2.32539 endloop endfacet facet normal 0.99249 0.122325 0 outer loop vertex -3.46963 -0.452623 1.74961 vertex -3.46212 -0.513556 2.339 vertex -3.46212 -0.513556 1.75516 endloop endfacet facet normal 0.992479 0.122418 -0 outer loop vertex -3.46212 -0.513556 0 vertex -3.48315 -0.34306 0.325393 vertex -3.46212 -0.513556 0.339004 endloop endfacet facet normal 0.992479 0.122418 0 outer loop vertex -3.48315 -0.34306 0.325393 vertex -3.46212 -0.513556 0 vertex -3.48315 -0.34306 0 endloop endfacet facet normal 0.992472 0.12247 0 outer loop vertex -3.48315 -0.34306 4.32539 vertex -3.46963 -0.452623 3.74961 vertex -3.48315 -0.34306 3.73756 endloop endfacet facet normal 0.992479 0.122419 9.91917e-06 outer loop vertex -3.46212 -0.513556 4.339 vertex -3.46963 -0.452623 3.74961 vertex -3.48315 -0.34306 4.32539 endloop endfacet facet normal 0.99249 0.122325 0 outer loop vertex -3.46963 -0.452623 3.74961 vertex -3.46212 -0.513556 4.339 vertex -3.46212 -0.513556 3.75516 endloop endfacet facet normal -0.35986 -0.933006 0 outer loop vertex 1.17911 3.2954 1.09847 vertex 1.33939 3.23358 1.66914 vertex 1.17911 3.2954 1.68391 endloop endfacet facet normal -0.35986 -0.933006 -0 outer loop vertex 1.33939 3.23358 1.66914 vertex 1.17911 3.2954 1.09847 vertex 1.33939 3.23358 1.08086 endloop endfacet facet normal -0.35986 -0.933006 0 outer loop vertex 1.17911 3.2954 3.09847 vertex 1.33939 3.23358 3.66914 vertex 1.17911 3.2954 3.68391 endloop endfacet facet normal -0.35986 -0.933006 -0 outer loop vertex 1.33939 3.23358 3.66914 vertex 1.17911 3.2954 3.09847 vertex 1.33939 3.23358 3.08086 endloop endfacet facet normal -0.35986 -0.933006 0 outer loop vertex 1.17911 3.2954 5.09847 vertex 1.33939 3.23358 5.4 vertex 1.17911 3.2954 5.4 endloop endfacet facet normal -0.35986 -0.933006 -0 outer loop vertex 1.33939 3.23358 5.4 vertex 1.17911 3.2954 5.09847 vertex 1.33939 3.23358 5.08086 endloop endfacet facet normal 0.313738 0.949509 -0 outer loop vertex -1.016 -3.34929 0.113486 vertex -1.08125 -3.32773 0.69103 vertex -1.016 -3.34929 0.698179 endloop endfacet facet normal 0.313738 0.949509 -0 outer loop vertex -1.08125 -3.32773 0.108969 vertex -1.08125 -3.32773 0.69103 vertex -1.016 -3.34929 0.113486 endloop endfacet facet normal 0.313694 0.949524 0 outer loop vertex -1.08125 -3.32773 0.69103 vertex -1.08125 -3.32773 0.108969 vertex -1.17911 -3.2954 0.683906 endloop endfacet facet normal 0.313613 0.949551 -1.53507e-05 outer loop vertex -1.17275 -3.29751 0.0992704 vertex -1.17911 -3.2954 0.683906 vertex -1.08125 -3.32773 0.108969 endloop endfacet facet normal 0.314884 0.94913 0 outer loop vertex -1.17911 -3.2954 0.683906 vertex -1.17275 -3.29751 0.0992704 vertex -1.17911 -3.2954 0.098473 endloop endfacet facet normal 0.313738 0.949509 -0 outer loop vertex -1.016 -3.34929 2.11349 vertex -1.08125 -3.32773 2.69103 vertex -1.016 -3.34929 2.69818 endloop endfacet facet normal 0.313738 0.949509 -0 outer loop vertex -1.08125 -3.32773 2.10897 vertex -1.08125 -3.32773 2.69103 vertex -1.016 -3.34929 2.11349 endloop endfacet facet normal 0.313694 0.949524 0 outer loop vertex -1.08125 -3.32773 2.69103 vertex -1.08125 -3.32773 2.10897 vertex -1.17911 -3.2954 2.68391 endloop endfacet facet normal 0.313613 0.949551 -1.53506e-05 outer loop vertex -1.17275 -3.29751 2.09927 vertex -1.17911 -3.2954 2.68391 vertex -1.08125 -3.32773 2.10897 endloop endfacet facet normal 0.314884 0.94913 0 outer loop vertex -1.17911 -3.2954 2.68391 vertex -1.17275 -3.29751 2.09927 vertex -1.17911 -3.2954 2.09847 endloop endfacet facet normal 0.313738 0.949509 -0 outer loop vertex -1.016 -3.34929 4.11349 vertex -1.08125 -3.32773 4.69103 vertex -1.016 -3.34929 4.69818 endloop endfacet facet normal 0.313738 0.949509 -0 outer loop vertex -1.08125 -3.32773 4.10897 vertex -1.08125 -3.32773 4.69103 vertex -1.016 -3.34929 4.11349 endloop endfacet facet normal 0.313694 0.949524 0 outer loop vertex -1.08125 -3.32773 4.69103 vertex -1.08125 -3.32773 4.10897 vertex -1.17911 -3.2954 4.68391 endloop endfacet facet normal 0.313613 0.949551 -1.53506e-05 outer loop vertex -1.17275 -3.29751 4.09927 vertex -1.17911 -3.2954 4.68391 vertex -1.08125 -3.32773 4.10897 endloop endfacet facet normal 0.314884 0.94913 0 outer loop vertex -1.17911 -3.2954 4.68391 vertex -1.17275 -3.29751 4.09927 vertex -1.17911 -3.2954 4.09847 endloop endfacet facet normal -0.997294 0.0735209 0 outer loop vertex 3.48315 -0.34306 1.26244 vertex 3.49578 -0.171737 0.691086 vertex 3.48315 -0.34306 0.674607 endloop endfacet facet normal -0.997294 0.0735209 0 outer loop vertex 3.49578 -0.171737 0.691086 vertex 3.48315 -0.34306 1.26244 vertex 3.49578 -0.171737 1.27835 endloop endfacet facet normal -0.997294 0.0735209 0 outer loop vertex 3.48315 -0.34306 3.26244 vertex 3.49578 -0.171737 2.69109 vertex 3.48315 -0.34306 2.67461 endloop endfacet facet normal -0.997294 0.0735209 0 outer loop vertex 3.49578 -0.171737 2.69109 vertex 3.48315 -0.34306 3.26244 vertex 3.49578 -0.171737 3.27835 endloop endfacet facet normal -0.997294 0.0735209 0 outer loop vertex 3.48315 -0.34306 5.26244 vertex 3.49578 -0.171737 4.69109 vertex 3.48315 -0.34306 4.67461 endloop endfacet facet normal -0.997294 0.0735209 0 outer loop vertex 3.49578 -0.171737 4.69109 vertex 3.48315 -0.34306 5.26244 vertex 3.49578 -0.171737 5.27835 endloop endfacet facet normal -0.963783 0.266689 0 outer loop vertex 3.39511 -0.85043 0.627674 vertex 3.35659 -0.989637 1.20056 vertex 3.39511 -0.85043 1.21585 endloop endfacet facet normal -0.963775 0.266715 7.05046e-06 outer loop vertex 3.34929 -1.016 0.613486 vertex 3.35659 -0.989637 1.20056 vertex 3.39511 -0.85043 0.627674 endloop endfacet facet normal -0.963735 0.266861 0 outer loop vertex 3.35659 -0.989637 1.20056 vertex 3.34929 -1.016 0.613486 vertex 3.34929 -1.016 1.19818 endloop endfacet facet normal -0.963783 0.266689 0 outer loop vertex 3.39511 -0.85043 2.62767 vertex 3.35659 -0.989637 3.20056 vertex 3.39511 -0.85043 3.21585 endloop endfacet facet normal -0.963775 0.266715 7.05049e-06 outer loop vertex 3.34929 -1.016 2.61349 vertex 3.35659 -0.989637 3.20056 vertex 3.39511 -0.85043 2.62767 endloop endfacet facet normal -0.963735 0.266861 0 outer loop vertex 3.35659 -0.989637 3.20056 vertex 3.34929 -1.016 2.61349 vertex 3.34929 -1.016 3.19818 endloop endfacet facet normal -0.963783 0.266689 0 outer loop vertex 3.39511 -0.85043 4.62767 vertex 3.35659 -0.989637 5.20056 vertex 3.39511 -0.85043 5.21585 endloop endfacet facet normal -0.963775 0.266715 7.05049e-06 outer loop vertex 3.34929 -1.016 4.61349 vertex 3.35659 -0.989637 5.20056 vertex 3.39511 -0.85043 4.62767 endloop endfacet facet normal -0.963735 0.266861 0 outer loop vertex 3.35659 -0.989637 5.20056 vertex 3.34929 -1.016 4.61349 vertex 3.34929 -1.016 5.19818 endloop endfacet facet normal -0.724191 -0.6896 -9.59476e-06 outer loop vertex 2.59333 2.35046 1.52835 vertex 2.47487 2.47487 0.95862 vertex 2.54086 2.40557 0.94964 endloop endfacet facet normal -0.724241 -0.689547 -0 outer loop vertex 2.59333 2.35046 1.52835 vertex 2.54086 2.40557 0.94964 vertex 2.59333 2.35046 0.941086 endloop endfacet facet normal -0.724213 -0.689577 0 outer loop vertex 2.47487 2.47487 0.95862 vertex 2.59333 2.35046 1.52835 vertex 2.47487 2.47487 1.54138 endloop endfacet facet normal -0.724191 -0.6896 -9.59476e-06 outer loop vertex 2.59333 2.35046 3.52835 vertex 2.47487 2.47487 2.95862 vertex 2.54086 2.40557 2.94964 endloop endfacet facet normal -0.724241 -0.689547 -0 outer loop vertex 2.59333 2.35046 3.52835 vertex 2.54086 2.40557 2.94964 vertex 2.59333 2.35046 2.94109 endloop endfacet facet normal -0.724213 -0.689577 0 outer loop vertex 2.47487 2.47487 2.95862 vertex 2.59333 2.35046 3.52835 vertex 2.47487 2.47487 3.54138 endloop endfacet facet normal -0.72419 -0.6896 0 outer loop vertex 2.54086 2.40557 4.94964 vertex 2.47487 2.47487 5.4 vertex 2.47487 2.47487 4.95862 endloop endfacet facet normal -0.724241 -0.689547 -0 outer loop vertex 2.59333 2.35046 5.4 vertex 2.54086 2.40557 4.94964 vertex 2.59333 2.35046 4.94109 endloop endfacet facet normal -0.724213 -0.689577 -6.95269e-06 outer loop vertex 2.54086 2.40557 4.94964 vertex 2.59333 2.35046 5.4 vertex 2.47487 2.47487 5.4 endloop endfacet facet normal 0.933006 -0.35986 0 outer loop vertex -3.2954 1.17911 0 vertex -3.23358 1.33939 0.169143 vertex -3.2954 1.17911 0.183906 endloop endfacet facet normal 0.933006 -0.35986 0 outer loop vertex -3.23358 1.33939 0.169143 vertex -3.2954 1.17911 0 vertex -3.23358 1.33939 0 endloop endfacet facet normal 0.933006 -0.35986 0 outer loop vertex -3.2954 1.17911 1.59847 vertex -3.23358 1.33939 2.16914 vertex -3.2954 1.17911 2.18391 endloop endfacet facet normal 0.933006 -0.35986 0 outer loop vertex -3.23358 1.33939 2.16914 vertex -3.2954 1.17911 1.59847 vertex -3.23358 1.33939 1.58086 endloop endfacet facet normal 0.933006 -0.35986 0 outer loop vertex -3.2954 1.17911 3.59847 vertex -3.23358 1.33939 4.16914 vertex -3.2954 1.17911 4.18391 endloop endfacet facet normal 0.933006 -0.35986 0 outer loop vertex -3.23358 1.33939 4.16914 vertex -3.2954 1.17911 3.59847 vertex -3.23358 1.33939 3.58086 endloop endfacet facet normal -0.997294 -0.0735209 -0 outer loop vertex 3.49578 0.171737 1.30891 vertex 3.48315 0.34306 0.737563 vertex 3.49578 0.171737 0.721653 endloop endfacet facet normal -0.997294 -0.0735209 0 outer loop vertex 3.48315 0.34306 0.737563 vertex 3.49578 0.171737 1.30891 vertex 3.48315 0.34306 1.32539 endloop endfacet facet normal -0.997294 -0.0735209 -0 outer loop vertex 3.49578 0.171737 3.30891 vertex 3.48315 0.34306 2.73756 vertex 3.49578 0.171737 2.72165 endloop endfacet facet normal -0.997294 -0.0735209 0 outer loop vertex 3.48315 0.34306 2.73756 vertex 3.49578 0.171737 3.30891 vertex 3.48315 0.34306 3.32539 endloop endfacet facet normal -0.997294 -0.0735209 -0 outer loop vertex 3.49578 0.171737 5.30891 vertex 3.48315 0.34306 4.73756 vertex 3.49578 0.171737 4.72165 endloop endfacet facet normal -0.997294 -0.0735209 0 outer loop vertex 3.48315 0.34306 4.73756 vertex 3.49578 0.171737 5.30891 vertex 3.48315 0.34306 5.32539 endloop endfacet facet normal -0.975701 -0.219107 -0 outer loop vertex 3.43275 0.682816 1.35528 vertex 3.39511 0.85043 0.784152 vertex 3.43275 0.682816 0.768815 endloop endfacet facet normal -0.975701 -0.219107 0 outer loop vertex 3.39511 0.85043 0.784152 vertex 3.43275 0.682816 1.35528 vertex 3.39511 0.85043 1.37233 endloop endfacet facet normal -0.975701 -0.219107 -0 outer loop vertex 3.43275 0.682816 3.35528 vertex 3.39511 0.85043 2.78415 vertex 3.43275 0.682816 2.76882 endloop endfacet facet normal -0.975701 -0.219107 0 outer loop vertex 3.39511 0.85043 2.78415 vertex 3.43275 0.682816 3.35528 vertex 3.39511 0.85043 3.37233 endloop endfacet facet normal -0.975701 -0.219107 -0 outer loop vertex 3.43275 0.682816 5.35528 vertex 3.39511 0.85043 4.78415 vertex 3.43275 0.682816 4.76882 endloop endfacet facet normal -0.975701 -0.219107 0 outer loop vertex 3.39511 0.85043 4.78415 vertex 3.43275 0.682816 5.35528 vertex 3.39511 0.85043 5.37233 endloop endfacet facet normal -0.535002 -0.844851 0 outer loop vertex 1.79936 3.00205 1.03415 vertex 1.9445 2.91014 1.60528 vertex 1.79936 3.00205 1.62233 endloop endfacet facet normal -0.535002 -0.844851 -0 outer loop vertex 1.9445 2.91014 1.60528 vertex 1.79936 3.00205 1.03415 vertex 1.9445 2.91014 1.01882 endloop endfacet facet normal -0.535002 -0.844851 0 outer loop vertex 1.79936 3.00205 3.03415 vertex 1.9445 2.91014 3.60528 vertex 1.79936 3.00205 3.62233 endloop endfacet facet normal -0.535002 -0.844851 -0 outer loop vertex 1.9445 2.91014 3.60528 vertex 1.79936 3.00205 3.03415 vertex 1.9445 2.91014 3.01882 endloop endfacet facet normal -0.535002 -0.844851 0 outer loop vertex 1.79936 3.00205 5.03415 vertex 1.9445 2.91014 5.4 vertex 1.79936 3.00205 5.4 endloop endfacet facet normal -0.535002 -0.844851 -0 outer loop vertex 1.9445 2.91014 5.4 vertex 1.79936 3.00205 5.03415 vertex 1.9445 2.91014 5.01882 endloop endfacet facet normal -0.266861 0.963735 0 outer loop vertex 0.989637 -3.35659 0.29944 vertex 1.016 -3.34929 0.886513 vertex 1.016 -3.34929 0.30182 endloop endfacet facet normal -0.266715 0.963775 -7.05047e-06 outer loop vertex 1.016 -3.34929 0.886513 vertex 0.989637 -3.35659 0.29944 vertex 0.85043 -3.39511 0.872325 endloop endfacet facet normal -0.266689 0.963783 0 outer loop vertex 0.85043 -3.39511 0.872325 vertex 0.989637 -3.35659 0.29944 vertex 0.85043 -3.39511 0.284152 endloop endfacet facet normal -0.266861 0.963735 0 outer loop vertex 0.989637 -3.35659 2.29944 vertex 1.016 -3.34929 2.88651 vertex 1.016 -3.34929 2.30182 endloop endfacet facet normal -0.266715 0.963775 -7.05049e-06 outer loop vertex 1.016 -3.34929 2.88651 vertex 0.989637 -3.35659 2.29944 vertex 0.85043 -3.39511 2.87233 endloop endfacet facet normal -0.266689 0.963783 0 outer loop vertex 0.85043 -3.39511 2.87233 vertex 0.989637 -3.35659 2.29944 vertex 0.85043 -3.39511 2.28415 endloop endfacet facet normal -0.266861 0.963735 0 outer loop vertex 0.989637 -3.35659 4.29944 vertex 1.016 -3.34929 4.88651 vertex 1.016 -3.34929 4.30182 endloop endfacet facet normal -0.266715 0.963775 -7.05049e-06 outer loop vertex 1.016 -3.34929 4.88651 vertex 0.989637 -3.35659 4.29944 vertex 0.85043 -3.39511 4.87233 endloop endfacet facet normal -0.266689 0.963783 0 outer loop vertex 0.85043 -3.39511 4.87233 vertex 0.989637 -3.35659 4.29944 vertex 0.85043 -3.39511 4.28415 endloop endfacet facet normal -0.870038 0.492985 0 outer loop vertex 3.07324 -1.67368 0.54944 vertex 3.08672 -1.64989 1.13651 vertex 3.08672 -1.64989 0.55182 endloop endfacet facet normal -0.870107 0.492862 0 outer loop vertex 3.00205 -1.79936 1.12233 vertex 3.07324 -1.67368 0.54944 vertex 3.00205 -1.79936 0.534152 endloop endfacet facet normal -0.870096 0.492881 5.53739e-06 outer loop vertex 3.07324 -1.67368 0.54944 vertex 3.00205 -1.79936 1.12233 vertex 3.08672 -1.64989 1.13651 endloop endfacet facet normal -0.870038 0.492985 0 outer loop vertex 3.07324 -1.67368 2.54944 vertex 3.08672 -1.64989 3.13651 vertex 3.08672 -1.64989 2.55182 endloop endfacet facet normal -0.870107 0.492862 0 outer loop vertex 3.00205 -1.79936 3.12233 vertex 3.07324 -1.67368 2.54944 vertex 3.00205 -1.79936 2.53415 endloop endfacet facet normal -0.870096 0.492881 5.53739e-06 outer loop vertex 3.07324 -1.67368 2.54944 vertex 3.00205 -1.79936 3.12233 vertex 3.08672 -1.64989 3.13651 endloop endfacet facet normal -0.870038 0.492985 0 outer loop vertex 3.07324 -1.67368 4.54944 vertex 3.08672 -1.64989 5.13651 vertex 3.08672 -1.64989 4.55182 endloop endfacet facet normal -0.870107 0.492862 0 outer loop vertex 3.00205 -1.79936 5.12232 vertex 3.07324 -1.67368 4.54944 vertex 3.00205 -1.79936 4.53415 endloop endfacet facet normal -0.870096 0.492881 5.53741e-06 outer loop vertex 3.07324 -1.67368 4.54944 vertex 3.00205 -1.79936 5.12232 vertex 3.08672 -1.64989 5.13651 endloop endfacet facet normal 0.615182 -0.788385 0 outer loop vertex -2.22038 2.70554 0 vertex -2.13335 2.77345 0.000390595 vertex -2.22038 2.70554 0.0124376 endloop endfacet facet normal 0.615176 -0.788388 0.0016359 outer loop vertex -2.13335 2.77345 0.000390595 vertex -2.22038 2.70554 0 vertex -2.12994 2.77611 0 endloop endfacet facet normal 0.615182 -0.788385 0 outer loop vertex -2.22038 2.70554 1.42461 vertex -2.13335 2.77345 2.00039 vertex -2.22038 2.70554 2.01244 endloop endfacet facet normal 0.615313 -0.788283 -3.19587e-05 outer loop vertex -2.22038 2.70554 1.42461 vertex -2.08495 2.81123 1.99484 vertex -2.13335 2.77345 2.00039 endloop endfacet facet normal 0.615229 -0.788348 0 outer loop vertex -2.08495 2.81123 1.99484 vertex -2.22038 2.70554 1.42461 vertex -2.08495 2.81123 1.411 endloop endfacet facet normal 0.615182 -0.788385 0 outer loop vertex -2.22038 2.70554 3.42461 vertex -2.13335 2.77345 4.00039 vertex -2.22038 2.70554 4.01244 endloop endfacet facet normal 0.615313 -0.788283 -3.19587e-05 outer loop vertex -2.22038 2.70554 3.42461 vertex -2.08495 2.81123 3.99484 vertex -2.13335 2.77345 4.00039 endloop endfacet facet normal 0.615229 -0.788348 0 outer loop vertex -2.08495 2.81123 3.99484 vertex -2.22038 2.70554 3.42461 vertex -2.08495 2.81123 3.411 endloop endfacet facet normal -0.89353 0.449003 0 outer loop vertex 3.16396 -1.49644 0.566093 vertex 3.16095 -1.50243 1.15073 vertex 3.16396 -1.49644 1.15153 endloop endfacet facet normal -0.89324 0.449579 0 outer loop vertex 3.11762 -1.58851 1.14103 vertex 3.16396 -1.49644 0.566093 vertex 3.11762 -1.58851 0.558969 endloop endfacet facet normal -0.893221 0.449619 7.90508e-06 outer loop vertex 3.16396 -1.49644 0.566093 vertex 3.11762 -1.58851 1.14103 vertex 3.16095 -1.50243 1.15073 endloop endfacet facet normal -0.893201 0.449657 0 outer loop vertex 3.08672 -1.64989 1.13651 vertex 3.11762 -1.58851 0.558969 vertex 3.08672 -1.64989 0.55182 endloop endfacet facet normal -0.893201 0.449657 0 outer loop vertex 3.11762 -1.58851 0.558969 vertex 3.08672 -1.64989 1.13651 vertex 3.11762 -1.58851 1.14103 endloop endfacet facet normal -0.89353 0.449003 0 outer loop vertex 3.16396 -1.49644 2.56609 vertex 3.16095 -1.50243 3.15073 vertex 3.16396 -1.49644 3.15153 endloop endfacet facet normal -0.89324 0.449579 0 outer loop vertex 3.11762 -1.58851 3.14103 vertex 3.16396 -1.49644 2.56609 vertex 3.11762 -1.58851 2.55897 endloop endfacet facet normal -0.893221 0.449619 7.90504e-06 outer loop vertex 3.16396 -1.49644 2.56609 vertex 3.11762 -1.58851 3.14103 vertex 3.16095 -1.50243 3.15073 endloop endfacet facet normal -0.893201 0.449657 0 outer loop vertex 3.08672 -1.64989 3.13651 vertex 3.11762 -1.58851 2.55897 vertex 3.08672 -1.64989 2.55182 endloop endfacet facet normal -0.893201 0.449657 0 outer loop vertex 3.11762 -1.58851 2.55897 vertex 3.08672 -1.64989 3.13651 vertex 3.11762 -1.58851 3.14103 endloop endfacet facet normal -0.89353 0.449003 0 outer loop vertex 3.16396 -1.49644 4.56609 vertex 3.16095 -1.50243 5.15073 vertex 3.16396 -1.49644 5.15153 endloop endfacet facet normal -0.89324 0.449579 0 outer loop vertex 3.11762 -1.58851 5.14103 vertex 3.16396 -1.49644 4.56609 vertex 3.11762 -1.58851 4.55897 endloop endfacet facet normal -0.893221 0.449619 7.90504e-06 outer loop vertex 3.16396 -1.49644 4.56609 vertex 3.11762 -1.58851 5.14103 vertex 3.16095 -1.50243 5.15073 endloop endfacet facet normal -0.893201 0.449657 0 outer loop vertex 3.08672 -1.64989 5.13651 vertex 3.11762 -1.58851 4.55897 vertex 3.08672 -1.64989 4.55182 endloop endfacet facet normal -0.893201 0.449657 0 outer loop vertex 3.11762 -1.58851 4.55897 vertex 3.08672 -1.64989 5.13651 vertex 3.11762 -1.58851 5.14103 endloop endfacet facet normal 0.724213 0.689577 -0 outer loop vertex -2.47487 -2.47487 0 vertex -2.59333 -2.35046 0.528346 vertex -2.47487 -2.47487 0.541379 endloop endfacet facet normal 0.724213 0.689577 0 outer loop vertex -2.59333 -2.35046 0.528346 vertex -2.47487 -2.47487 0 vertex -2.59333 -2.35046 0 endloop endfacet facet normal 0.724241 0.689547 0 outer loop vertex -2.59333 -2.35046 2.52835 vertex -2.54086 -2.40557 1.94964 vertex -2.59333 -2.35046 1.94109 endloop endfacet facet normal 0.724213 0.689577 -0 outer loop vertex -2.47487 -2.47487 1.95862 vertex -2.59333 -2.35046 2.52835 vertex -2.47487 -2.47487 2.54138 endloop endfacet facet normal 0.724191 0.6896 -9.59476e-06 outer loop vertex -2.59333 -2.35046 2.52835 vertex -2.47487 -2.47487 1.95862 vertex -2.54086 -2.40557 1.94964 endloop endfacet facet normal 0.724241 0.689547 0 outer loop vertex -2.59333 -2.35046 4.52835 vertex -2.54086 -2.40557 3.94964 vertex -2.59333 -2.35046 3.94109 endloop endfacet facet normal 0.724213 0.689577 -0 outer loop vertex -2.47487 -2.47487 3.95862 vertex -2.59333 -2.35046 4.52835 vertex -2.47487 -2.47487 4.54138 endloop endfacet facet normal 0.724191 0.6896 -9.59476e-06 outer loop vertex -2.59333 -2.35046 4.52835 vertex -2.47487 -2.47487 3.95862 vertex -2.54086 -2.40557 3.94964 endloop endfacet facet normal 0.405263 -0.9142 0 outer loop vertex -1.49644 3.16396 1.34847 vertex -1.33939 3.23358 1.91914 vertex -1.49644 3.16396 1.93391 endloop endfacet facet normal 0.405263 -0.9142 0 outer loop vertex -1.33939 3.23358 1.91914 vertex -1.49644 3.16396 1.34847 vertex -1.33939 3.23358 1.33086 endloop endfacet facet normal 0.405263 -0.9142 0 outer loop vertex -1.49644 3.16396 3.34847 vertex -1.33939 3.23358 3.91914 vertex -1.49644 3.16396 3.93391 endloop endfacet facet normal 0.405263 -0.9142 0 outer loop vertex -1.33939 3.23358 3.91914 vertex -1.49644 3.16396 3.34847 vertex -1.33939 3.23358 3.33086 endloop endfacet facet normal 0.405263 -0.9142 0 outer loop vertex -1.49644 3.16396 5.34847 vertex -1.33939 3.23358 5.4 vertex -1.49644 3.16396 5.4 endloop endfacet facet normal 0.405263 -0.9142 0 outer loop vertex -1.33939 3.23358 5.4 vertex -1.49644 3.16396 5.34847 vertex -1.33939 3.23358 5.33086 endloop endfacet facet normal 0.0735209 -0.997294 0 outer loop vertex -0.34306 3.48315 1.23756 vertex -0.171737 3.49578 1.80891 vertex -0.34306 3.48315 1.82539 endloop endfacet facet normal 0.0735209 -0.997294 0 outer loop vertex -0.171737 3.49578 1.80891 vertex -0.34306 3.48315 1.23756 vertex -0.171737 3.49578 1.22165 endloop endfacet facet normal 0.0735209 -0.997294 0 outer loop vertex -0.34306 3.48315 3.23756 vertex -0.171737 3.49578 3.80891 vertex -0.34306 3.48315 3.82539 endloop endfacet facet normal 0.0735209 -0.997294 0 outer loop vertex -0.171737 3.49578 3.80891 vertex -0.34306 3.48315 3.23756 vertex -0.171737 3.49578 3.22165 endloop endfacet facet normal 0.0735209 -0.997294 0 outer loop vertex -0.34306 3.48315 5.23756 vertex -0.171737 3.49578 5.4 vertex -0.34306 3.48315 5.4 endloop endfacet facet normal 0.0735209 -0.997294 0 outer loop vertex -0.171737 3.49578 5.4 vertex -0.34306 3.48315 5.23756 vertex -0.171737 3.49578 5.22165 endloop endfacet facet normal -0.963735 -0.266861 0 outer loop vertex 3.35659 0.989637 0.79944 vertex 3.34929 1.016 1.38651 vertex 3.34929 1.016 0.80182 endloop endfacet facet normal -0.963783 -0.266689 -0 outer loop vertex 3.39511 0.85043 1.37233 vertex 3.35659 0.989637 0.79944 vertex 3.39511 0.85043 0.784152 endloop endfacet facet normal -0.963775 -0.266715 -7.05049e-06 outer loop vertex 3.35659 0.989637 0.79944 vertex 3.39511 0.85043 1.37233 vertex 3.34929 1.016 1.38651 endloop endfacet facet normal -0.963735 -0.266861 0 outer loop vertex 3.35659 0.989637 2.79944 vertex 3.34929 1.016 3.38651 vertex 3.34929 1.016 2.80182 endloop endfacet facet normal -0.963783 -0.266689 -0 outer loop vertex 3.39511 0.85043 3.37233 vertex 3.35659 0.989637 2.79944 vertex 3.39511 0.85043 2.78415 endloop endfacet facet normal -0.963775 -0.266715 -7.05049e-06 outer loop vertex 3.35659 0.989637 2.79944 vertex 3.39511 0.85043 3.37233 vertex 3.34929 1.016 3.38651 endloop endfacet facet normal -0.963735 -0.266861 0 outer loop vertex 3.35659 0.989637 4.79944 vertex 3.34929 1.016 5.38651 vertex 3.34929 1.016 4.80182 endloop endfacet facet normal -0.963783 -0.266689 -0 outer loop vertex 3.39511 0.85043 5.37233 vertex 3.35659 0.989637 4.79944 vertex 3.39511 0.85043 4.78415 endloop endfacet facet normal -0.963775 -0.266715 -7.05049e-06 outer loop vertex 3.35659 0.989637 4.79944 vertex 3.39511 0.85043 5.37233 vertex 3.34929 1.016 5.38651 endloop endfacet facet normal 0.949524 -0.313694 0 outer loop vertex -3.32773 1.08125 0.19103 vertex -3.2954 1.17911 0 vertex -3.2954 1.17911 0.183906 endloop endfacet facet normal 0.949509 -0.313738 0 outer loop vertex -3.34929 1.016 0 vertex -3.32773 1.08125 0.19103 vertex -3.34929 1.016 0.198179 endloop endfacet facet normal 0.949518 -0.313712 -1.00288e-05 outer loop vertex -3.32773 1.08125 0.19103 vertex -3.34929 1.016 0 vertex -3.2954 1.17911 0 endloop endfacet facet normal 0.94913 -0.314884 0 outer loop vertex -3.2954 1.17911 2.18391 vertex -3.29751 1.17275 1.59927 vertex -3.2954 1.17911 1.59847 endloop endfacet facet normal 0.949524 -0.313694 0 outer loop vertex -3.32773 1.08125 1.60897 vertex -3.2954 1.17911 2.18391 vertex -3.32773 1.08125 2.19103 endloop endfacet facet normal 0.949551 -0.313613 -1.53506e-05 outer loop vertex -3.2954 1.17911 2.18391 vertex -3.32773 1.08125 1.60897 vertex -3.29751 1.17275 1.59927 endloop endfacet facet normal 0.949509 -0.313738 0 outer loop vertex -3.34929 1.016 1.61349 vertex -3.32773 1.08125 2.19103 vertex -3.34929 1.016 2.19818 endloop endfacet facet normal 0.949509 -0.313738 0 outer loop vertex -3.32773 1.08125 2.19103 vertex -3.34929 1.016 1.61349 vertex -3.32773 1.08125 1.60897 endloop endfacet facet normal 0.94913 -0.314884 0 outer loop vertex -3.2954 1.17911 4.18391 vertex -3.29751 1.17275 3.59927 vertex -3.2954 1.17911 3.59847 endloop endfacet facet normal 0.949524 -0.313694 0 outer loop vertex -3.32773 1.08125 3.60897 vertex -3.2954 1.17911 4.18391 vertex -3.32773 1.08125 4.19103 endloop endfacet facet normal 0.949551 -0.313613 -1.53506e-05 outer loop vertex -3.2954 1.17911 4.18391 vertex -3.32773 1.08125 3.60897 vertex -3.29751 1.17275 3.59927 endloop endfacet facet normal 0.949509 -0.313738 0 outer loop vertex -3.34929 1.016 3.61349 vertex -3.32773 1.08125 4.19103 vertex -3.34929 1.016 4.19818 endloop endfacet facet normal 0.949509 -0.313738 0 outer loop vertex -3.32773 1.08125 4.19103 vertex -3.34929 1.016 3.61349 vertex -3.32773 1.08125 3.60897 endloop endfacet facet normal -0.12247 -0.992472 0 outer loop vertex 0.34306 3.48315 1.17461 vertex 0.452623 3.46963 1.75039 vertex 0.34306 3.48315 1.76244 endloop endfacet facet normal -0.122419 -0.992479 -9.91917e-06 outer loop vertex 0.513556 3.46212 1.161 vertex 0.452623 3.46963 1.75039 vertex 0.34306 3.48315 1.17461 endloop endfacet facet normal -0.122325 -0.99249 0 outer loop vertex 0.452623 3.46963 1.75039 vertex 0.513556 3.46212 1.161 vertex 0.513556 3.46212 1.74484 endloop endfacet facet normal -0.12247 -0.992472 0 outer loop vertex 0.34306 3.48315 3.17461 vertex 0.452623 3.46963 3.75039 vertex 0.34306 3.48315 3.76244 endloop endfacet facet normal -0.122419 -0.992479 -9.91917e-06 outer loop vertex 0.513556 3.46212 3.161 vertex 0.452623 3.46963 3.75039 vertex 0.34306 3.48315 3.17461 endloop endfacet facet normal -0.122325 -0.99249 0 outer loop vertex 0.452623 3.46963 3.75039 vertex 0.513556 3.46212 3.161 vertex 0.513556 3.46212 3.74484 endloop endfacet facet normal -0.122418 -0.992479 0 outer loop vertex 0.34306 3.48315 5.17461 vertex 0.513556 3.46212 5.4 vertex 0.34306 3.48315 5.4 endloop endfacet facet normal -0.122418 -0.992479 -0 outer loop vertex 0.513556 3.46212 5.4 vertex 0.34306 3.48315 5.17461 vertex 0.513556 3.46212 5.161 endloop endfacet facet normal 0.99249 -0.122325 0 outer loop vertex -3.46963 0.452623 0.25039 vertex -3.46212 0.513556 0 vertex -3.46212 0.513556 0.244837 endloop endfacet facet normal 0.992472 -0.12247 0 outer loop vertex -3.48315 0.34306 0 vertex -3.46963 0.452623 0.25039 vertex -3.48315 0.34306 0.262437 endloop endfacet facet normal 0.992479 -0.122418 -2.31559e-05 outer loop vertex -3.46963 0.452623 0.25039 vertex -3.48315 0.34306 0 vertex -3.46212 0.513556 0 endloop endfacet facet normal 0.99249 -0.122325 0 outer loop vertex -3.46963 0.452623 2.25039 vertex -3.46212 0.513556 1.661 vertex -3.46212 0.513556 2.24484 endloop endfacet facet normal 0.992472 -0.12247 0 outer loop vertex -3.48315 0.34306 1.67461 vertex -3.46963 0.452623 2.25039 vertex -3.48315 0.34306 2.26244 endloop endfacet facet normal 0.992479 -0.122419 -9.91917e-06 outer loop vertex -3.46963 0.452623 2.25039 vertex -3.48315 0.34306 1.67461 vertex -3.46212 0.513556 1.661 endloop endfacet facet normal 0.99249 -0.122325 0 outer loop vertex -3.46963 0.452623 4.25039 vertex -3.46212 0.513556 3.661 vertex -3.46212 0.513556 4.24484 endloop endfacet facet normal 0.992472 -0.12247 0 outer loop vertex -3.48315 0.34306 3.67461 vertex -3.46963 0.452623 4.25039 vertex -3.48315 0.34306 4.26244 endloop endfacet facet normal 0.992479 -0.122419 -9.91917e-06 outer loop vertex -3.46963 0.452623 4.25039 vertex -3.48315 0.34306 3.67461 vertex -3.46212 0.513556 3.661 endloop endfacet facet normal 0.122325 -0.99249 0 outer loop vertex -0.452623 3.46963 1.24961 vertex -0.513556 3.46212 1.839 vertex -0.513556 3.46212 1.25516 endloop endfacet facet normal 0.122419 -0.992479 9.91917e-06 outer loop vertex -0.513556 3.46212 1.839 vertex -0.452623 3.46963 1.24961 vertex -0.34306 3.48315 1.82539 endloop endfacet facet normal 0.12247 -0.992472 0 outer loop vertex -0.34306 3.48315 1.82539 vertex -0.452623 3.46963 1.24961 vertex -0.34306 3.48315 1.23756 endloop endfacet facet normal 0.122325 -0.99249 0 outer loop vertex -0.452623 3.46963 3.24961 vertex -0.513556 3.46212 3.839 vertex -0.513556 3.46212 3.25516 endloop endfacet facet normal 0.122419 -0.992479 9.91917e-06 outer loop vertex -0.513556 3.46212 3.839 vertex -0.452623 3.46963 3.24961 vertex -0.34306 3.48315 3.82539 endloop endfacet facet normal 0.12247 -0.992472 0 outer loop vertex -0.34306 3.48315 3.82539 vertex -0.452623 3.46963 3.24961 vertex -0.34306 3.48315 3.23756 endloop endfacet facet normal 0.122325 -0.99249 0 outer loop vertex -0.452623 3.46963 5.24961 vertex -0.513556 3.46212 5.4 vertex -0.513556 3.46212 5.25516 endloop endfacet facet normal 0.122418 -0.992479 3.85532e-05 outer loop vertex -0.513556 3.46212 5.4 vertex -0.452623 3.46963 5.24961 vertex -0.34306 3.48315 5.4 endloop endfacet facet normal 0.12247 -0.992472 0 outer loop vertex -0.34306 3.48315 5.4 vertex -0.452623 3.46963 5.24961 vertex -0.34306 3.48315 5.23756 endloop endfacet facet normal 0.757202 0.65318 -0 outer loop vertex -2.59333 -2.35046 0 vertex -2.70554 -2.22038 0.512437 vertex -2.59333 -2.35046 0.528346 endloop endfacet facet normal 0.757202 0.65318 0 outer loop vertex -2.70554 -2.22038 0.512437 vertex -2.59333 -2.35046 0 vertex -2.70554 -2.22038 0 endloop endfacet facet normal 0.757202 0.65318 -0 outer loop vertex -2.59333 -2.35046 1.94109 vertex -2.70554 -2.22038 2.51244 vertex -2.59333 -2.35046 2.52835 endloop endfacet facet normal 0.757202 0.65318 0 outer loop vertex -2.70554 -2.22038 2.51244 vertex -2.59333 -2.35046 1.94109 vertex -2.70554 -2.22038 1.92461 endloop endfacet facet normal 0.757202 0.65318 -0 outer loop vertex -2.59333 -2.35046 3.94109 vertex -2.70554 -2.22038 4.51244 vertex -2.59333 -2.35046 4.52835 endloop endfacet facet normal 0.757202 0.65318 0 outer loop vertex -2.70554 -2.22038 4.51244 vertex -2.59333 -2.35046 3.94109 vertex -2.70554 -2.22038 3.92461 endloop endfacet facet normal 0.266689 0.963783 -0 outer loop vertex -0.85043 -3.39511 0.127674 vertex -0.989637 -3.35659 0.700559 vertex -0.85043 -3.39511 0.715847 endloop endfacet facet normal 0.266715 0.963775 7.05047e-06 outer loop vertex -1.016 -3.34929 0.113486 vertex -0.989637 -3.35659 0.700559 vertex -0.85043 -3.39511 0.127674 endloop endfacet facet normal 0.266861 0.963735 0 outer loop vertex -0.989637 -3.35659 0.700559 vertex -1.016 -3.34929 0.113486 vertex -1.016 -3.34929 0.698179 endloop endfacet facet normal 0.266689 0.963783 -0 outer loop vertex -0.85043 -3.39511 2.12767 vertex -0.989637 -3.35659 2.70056 vertex -0.85043 -3.39511 2.71585 endloop endfacet facet normal 0.266715 0.963775 7.05049e-06 outer loop vertex -1.016 -3.34929 2.11349 vertex -0.989637 -3.35659 2.70056 vertex -0.85043 -3.39511 2.12767 endloop endfacet facet normal 0.266861 0.963735 0 outer loop vertex -0.989637 -3.35659 2.70056 vertex -1.016 -3.34929 2.11349 vertex -1.016 -3.34929 2.69818 endloop endfacet facet normal 0.266689 0.963783 -0 outer loop vertex -0.85043 -3.39511 4.12767 vertex -0.989637 -3.35659 4.70056 vertex -0.85043 -3.39511 4.71585 endloop endfacet facet normal 0.266715 0.963775 7.05049e-06 outer loop vertex -1.016 -3.34929 4.11349 vertex -0.989637 -3.35659 4.70056 vertex -0.85043 -3.39511 4.12767 endloop endfacet facet normal 0.266861 0.963735 0 outer loop vertex -0.989637 -3.35659 4.70056 vertex -1.016 -3.34929 4.11349 vertex -1.016 -3.34929 4.69818 endloop endfacet facet normal -0.615182 0.788385 0 outer loop vertex 2.22038 -2.70554 0.424607 vertex 2.13335 -2.77345 1.00039 vertex 2.22038 -2.70554 1.01244 endloop endfacet facet normal -0.615313 0.788283 -3.19582e-05 outer loop vertex 2.22038 -2.70554 0.424607 vertex 2.08495 -2.81123 0.994837 vertex 2.13335 -2.77345 1.00039 endloop endfacet facet normal -0.615229 0.788348 0 outer loop vertex 2.08495 -2.81123 0.994837 vertex 2.22038 -2.70554 0.424607 vertex 2.08495 -2.81123 0.410995 endloop endfacet facet normal -0.615182 0.788385 0 outer loop vertex 2.22038 -2.70554 2.42461 vertex 2.13335 -2.77345 3.00039 vertex 2.22038 -2.70554 3.01244 endloop endfacet facet normal -0.615313 0.788283 -3.19587e-05 outer loop vertex 2.22038 -2.70554 2.42461 vertex 2.08495 -2.81123 2.99484 vertex 2.13335 -2.77345 3.00039 endloop endfacet facet normal -0.615229 0.788348 0 outer loop vertex 2.08495 -2.81123 2.99484 vertex 2.22038 -2.70554 2.42461 vertex 2.08495 -2.81123 2.411 endloop endfacet facet normal -0.615182 0.788385 0 outer loop vertex 2.22038 -2.70554 4.42461 vertex 2.13335 -2.77345 5.00039 vertex 2.22038 -2.70554 5.01244 endloop endfacet facet normal -0.615313 0.788283 -3.19587e-05 outer loop vertex 2.22038 -2.70554 4.42461 vertex 2.08495 -2.81123 4.99484 vertex 2.13335 -2.77345 5.00039 endloop endfacet facet normal -0.615229 0.788348 0 outer loop vertex 2.08495 -2.81123 4.99484 vertex 2.22038 -2.70554 4.42461 vertex 2.08495 -2.81123 4.411 endloop endfacet facet normal -0.985253 0.171105 0 outer loop vertex 3.45624 -0.547414 1.24115 vertex 3.46212 -0.513556 0.660995 vertex 3.45624 -0.547414 0.658853 endloop endfacet facet normal -0.985253 0.171105 0 outer loop vertex 3.46212 -0.513556 0.660995 vertex 3.45624 -0.547414 1.24115 vertex 3.46212 -0.513556 1.24484 endloop endfacet facet normal -0.985282 0.170935 1.21103e-06 outer loop vertex 3.43275 -0.682816 1.23118 vertex 3.45624 -0.547414 0.658853 vertex 3.43985 -0.641887 0.649528 endloop endfacet facet normal -0.985285 0.170919 0 outer loop vertex 3.43275 -0.682816 1.23118 vertex 3.43985 -0.641887 0.649528 vertex 3.43275 -0.682816 0.644723 endloop endfacet facet normal -0.985283 0.17093 0 outer loop vertex 3.45624 -0.547414 0.658853 vertex 3.43275 -0.682816 1.23118 vertex 3.45624 -0.547414 1.24115 endloop endfacet facet normal -0.985253 0.171105 0 outer loop vertex 3.45624 -0.547414 3.24115 vertex 3.46212 -0.513556 2.661 vertex 3.45624 -0.547414 2.65885 endloop endfacet facet normal -0.985253 0.171105 0 outer loop vertex 3.46212 -0.513556 2.661 vertex 3.45624 -0.547414 3.24115 vertex 3.46212 -0.513556 3.24484 endloop endfacet facet normal -0.985282 0.170935 1.21104e-06 outer loop vertex 3.43275 -0.682816 3.23118 vertex 3.45624 -0.547414 2.65885 vertex 3.43985 -0.641887 2.64953 endloop endfacet facet normal -0.985285 0.170919 0 outer loop vertex 3.43275 -0.682816 3.23118 vertex 3.43985 -0.641887 2.64953 vertex 3.43275 -0.682816 2.64472 endloop endfacet facet normal -0.985283 0.17093 0 outer loop vertex 3.45624 -0.547414 2.65885 vertex 3.43275 -0.682816 3.23118 vertex 3.45624 -0.547414 3.24115 endloop endfacet facet normal -0.985253 0.171105 0 outer loop vertex 3.45624 -0.547414 5.24115 vertex 3.46212 -0.513556 4.661 vertex 3.45624 -0.547414 4.65885 endloop endfacet facet normal -0.985253 0.171105 0 outer loop vertex 3.46212 -0.513556 4.661 vertex 3.45624 -0.547414 5.24115 vertex 3.46212 -0.513556 5.24484 endloop endfacet facet normal -0.985282 0.170935 1.21104e-06 outer loop vertex 3.43275 -0.682816 5.23118 vertex 3.45624 -0.547414 4.65885 vertex 3.43985 -0.641887 4.64953 endloop endfacet facet normal -0.985285 0.170919 0 outer loop vertex 3.43275 -0.682816 5.23118 vertex 3.43985 -0.641887 4.64953 vertex 3.43275 -0.682816 4.64472 endloop endfacet facet normal -0.985283 0.17093 0 outer loop vertex 3.45624 -0.547414 4.65885 vertex 3.43275 -0.682816 5.23118 vertex 3.45624 -0.547414 5.24115 endloop endfacet facet normal -0.999698 -0.0245737 0 outer loop vertex 3.49578 0.171737 0.721653 vertex 3.49765 0.0956623 1.30036 vertex 3.49578 0.171737 1.30891 endloop endfacet facet normal -0.999698 -0.024565 -0 outer loop vertex 3.5 0 1.29138 vertex 3.49578 0.171737 0.721653 vertex 3.5 0 0.70862 endloop endfacet facet normal -0.999698 -0.0245584 2.01489e-06 outer loop vertex 3.49578 0.171737 0.721653 vertex 3.5 0 1.29138 vertex 3.49765 0.0956623 1.30036 endloop endfacet facet normal -0.999698 -0.0245737 0 outer loop vertex 3.49578 0.171737 2.72165 vertex 3.49765 0.0956623 3.30036 vertex 3.49578 0.171737 3.30891 endloop endfacet facet normal -0.999698 -0.024565 -0 outer loop vertex 3.5 0 3.29138 vertex 3.49578 0.171737 2.72165 vertex 3.5 0 2.70862 endloop endfacet facet normal -0.999698 -0.0245584 2.01488e-06 outer loop vertex 3.49578 0.171737 2.72165 vertex 3.5 0 3.29138 vertex 3.49765 0.0956623 3.30036 endloop endfacet facet normal -0.999698 -0.0245737 0 outer loop vertex 3.49578 0.171737 4.72165 vertex 3.49765 0.0956623 5.30036 vertex 3.49578 0.171737 5.30891 endloop endfacet facet normal -0.999698 -0.024565 -0 outer loop vertex 3.5 0 5.29138 vertex 3.49578 0.171737 4.72165 vertex 3.5 0 4.70862 endloop endfacet facet normal -0.999698 -0.0245584 2.01488e-06 outer loop vertex 3.49578 0.171737 4.72165 vertex 3.5 0 5.29138 vertex 3.49765 0.0956623 5.30036 endloop endfacet facet normal 0.788348 -0.615229 0 outer loop vertex -2.81123 2.08495 0 vertex -2.70554 2.22038 0.0753929 vertex -2.81123 2.08495 0.0890037 endloop endfacet facet normal 0.788348 -0.615229 0 outer loop vertex -2.70554 2.22038 0.0753929 vertex -2.81123 2.08495 0 vertex -2.70554 2.22038 0 endloop endfacet facet normal 0.788385 -0.615182 0 outer loop vertex -2.70554 2.22038 2.07539 vertex -2.77345 2.13335 1.49961 vertex -2.70554 2.22038 1.48756 endloop endfacet facet normal 0.788348 -0.615229 0 outer loop vertex -2.81123 2.08495 1.50516 vertex -2.70554 2.22038 2.07539 vertex -2.81123 2.08495 2.089 endloop endfacet facet normal 0.788283 -0.615313 3.19587e-05 outer loop vertex -2.70554 2.22038 2.07539 vertex -2.81123 2.08495 1.50516 vertex -2.77345 2.13335 1.49961 endloop endfacet facet normal 0.788385 -0.615182 0 outer loop vertex -2.70554 2.22038 4.07539 vertex -2.77345 2.13335 3.49961 vertex -2.70554 2.22038 3.48756 endloop endfacet facet normal 0.788348 -0.615229 0 outer loop vertex -2.81123 2.08495 3.50516 vertex -2.70554 2.22038 4.07539 vertex -2.81123 2.08495 4.089 endloop endfacet facet normal 0.788283 -0.615313 3.19587e-05 outer loop vertex -2.70554 2.22038 4.07539 vertex -2.81123 2.08495 3.50516 vertex -2.77345 2.13335 3.49961 endloop endfacet facet normal -0.999698 0.0245584 -2.01488e-06 outer loop vertex 3.49578 -0.171737 1.27835 vertex 3.5 0 0.70862 vertex 3.49765 -0.0956623 0.69964 endloop endfacet facet normal -0.999698 0.0245737 0 outer loop vertex 3.49578 -0.171737 1.27835 vertex 3.49765 -0.0956623 0.69964 vertex 3.49578 -0.171737 0.691086 endloop endfacet facet normal -0.999698 0.024565 0 outer loop vertex 3.5 0 0.70862 vertex 3.49578 -0.171737 1.27835 vertex 3.5 0 1.29138 endloop endfacet facet normal -0.999698 0.0245584 -2.01488e-06 outer loop vertex 3.49578 -0.171737 3.27835 vertex 3.5 0 2.70862 vertex 3.49765 -0.0956623 2.69964 endloop endfacet facet normal -0.999698 0.0245737 0 outer loop vertex 3.49578 -0.171737 3.27835 vertex 3.49765 -0.0956623 2.69964 vertex 3.49578 -0.171737 2.69109 endloop endfacet facet normal -0.999698 0.024565 0 outer loop vertex 3.5 0 2.70862 vertex 3.49578 -0.171737 3.27835 vertex 3.5 0 3.29138 endloop endfacet facet normal -0.999698 0.0245584 -2.01488e-06 outer loop vertex 3.49578 -0.171737 5.27835 vertex 3.5 0 4.70862 vertex 3.49765 -0.0956623 4.69964 endloop endfacet facet normal -0.999698 0.0245737 0 outer loop vertex 3.49578 -0.171737 5.27835 vertex 3.49765 -0.0956623 4.69964 vertex 3.49578 -0.171737 4.69109 endloop endfacet facet normal -0.999698 0.024565 0 outer loop vertex 3.5 0 4.70862 vertex 3.49578 -0.171737 5.27835 vertex 3.5 0 5.29138 endloop endfacet facet normal -0.689547 -0.724241 0 outer loop vertex 2.35046 2.59333 0.971653 vertex 2.40557 2.54086 1.55036 vertex 2.35046 2.59333 1.55891 endloop endfacet facet normal -0.6896 -0.724191 9.5948e-06 outer loop vertex 2.35046 2.59333 0.971653 vertex 2.47487 2.47487 1.54138 vertex 2.40557 2.54086 1.55036 endloop endfacet facet normal -0.689577 -0.724213 -0 outer loop vertex 2.47487 2.47487 1.54138 vertex 2.35046 2.59333 0.971653 vertex 2.47487 2.47487 0.95862 endloop endfacet facet normal -0.689547 -0.724241 0 outer loop vertex 2.35046 2.59333 2.97165 vertex 2.40557 2.54086 3.55036 vertex 2.35046 2.59333 3.55891 endloop endfacet facet normal -0.6896 -0.724191 9.59476e-06 outer loop vertex 2.35046 2.59333 2.97165 vertex 2.47487 2.47487 3.54138 vertex 2.40557 2.54086 3.55036 endloop endfacet facet normal -0.689577 -0.724213 -0 outer loop vertex 2.47487 2.47487 3.54138 vertex 2.35046 2.59333 2.97165 vertex 2.47487 2.47487 2.95862 endloop endfacet facet normal -0.689577 -0.724213 0 outer loop vertex 2.35046 2.59333 4.97165 vertex 2.47487 2.47487 5.4 vertex 2.35046 2.59333 5.4 endloop endfacet facet normal -0.689577 -0.724213 -0 outer loop vertex 2.47487 2.47487 5.4 vertex 2.35046 2.59333 4.97165 vertex 2.47487 2.47487 4.95862 endloop endfacet facet normal -0.314884 0.94913 0 outer loop vertex 1.17911 -3.2954 0.316093 vertex 1.17275 -3.29751 0.900729 vertex 1.17911 -3.2954 0.901526 endloop endfacet facet normal -0.313613 0.949551 1.53507e-05 outer loop vertex 1.17911 -3.2954 0.316093 vertex 1.08125 -3.32773 0.89103 vertex 1.17275 -3.29751 0.900729 endloop endfacet facet normal -0.313694 0.949524 0 outer loop vertex 1.08125 -3.32773 0.308969 vertex 1.08125 -3.32773 0.89103 vertex 1.17911 -3.2954 0.316093 endloop endfacet facet normal -0.313738 0.949509 0 outer loop vertex 1.08125 -3.32773 0.89103 vertex 1.08125 -3.32773 0.308969 vertex 1.016 -3.34929 0.886513 endloop endfacet facet normal -0.313738 0.949509 0 outer loop vertex 1.016 -3.34929 0.886513 vertex 1.08125 -3.32773 0.308969 vertex 1.016 -3.34929 0.30182 endloop endfacet facet normal -0.314884 0.94913 0 outer loop vertex 1.17911 -3.2954 2.31609 vertex 1.17275 -3.29751 2.90073 vertex 1.17911 -3.2954 2.90153 endloop endfacet facet normal -0.313613 0.949551 1.53506e-05 outer loop vertex 1.17911 -3.2954 2.31609 vertex 1.08125 -3.32773 2.89103 vertex 1.17275 -3.29751 2.90073 endloop endfacet facet normal -0.313694 0.949524 0 outer loop vertex 1.08125 -3.32773 2.30897 vertex 1.08125 -3.32773 2.89103 vertex 1.17911 -3.2954 2.31609 endloop endfacet facet normal -0.313738 0.949509 0 outer loop vertex 1.08125 -3.32773 2.89103 vertex 1.08125 -3.32773 2.30897 vertex 1.016 -3.34929 2.88651 endloop endfacet facet normal -0.313738 0.949509 0 outer loop vertex 1.016 -3.34929 2.88651 vertex 1.08125 -3.32773 2.30897 vertex 1.016 -3.34929 2.30182 endloop endfacet facet normal -0.314884 0.94913 0 outer loop vertex 1.17911 -3.2954 4.31609 vertex 1.17275 -3.29751 4.90073 vertex 1.17911 -3.2954 4.90153 endloop endfacet facet normal -0.313613 0.949551 1.53506e-05 outer loop vertex 1.17911 -3.2954 4.31609 vertex 1.08125 -3.32773 4.89103 vertex 1.17275 -3.29751 4.90073 endloop endfacet facet normal -0.313694 0.949524 0 outer loop vertex 1.08125 -3.32773 4.30897 vertex 1.08125 -3.32773 4.89103 vertex 1.17911 -3.2954 4.31609 endloop endfacet facet normal -0.313738 0.949509 0 outer loop vertex 1.08125 -3.32773 4.89103 vertex 1.08125 -3.32773 4.30897 vertex 1.016 -3.34929 4.88651 endloop endfacet facet normal -0.313738 0.949509 0 outer loop vertex 1.016 -3.34929 4.88651 vertex 1.08125 -3.32773 4.30897 vertex 1.016 -3.34929 4.30182 endloop endfacet facet normal -0.0245737 0.999698 0 outer loop vertex 0.171737 -3.49578 0.221654 vertex 0.0956623 -3.49765 0.80036 vertex 0.171737 -3.49578 0.808913 endloop endfacet facet normal -0.0245584 0.999698 2.0149e-06 outer loop vertex 0.171737 -3.49578 0.221654 vertex 0 -3.5 0.791379 vertex 0.0956623 -3.49765 0.80036 endloop endfacet facet normal -0.024565 0.999698 0 outer loop vertex 0 -3.5 0.791379 vertex 0.171737 -3.49578 0.221654 vertex 0 -3.5 0.208621 endloop endfacet facet normal -0.0245737 0.999698 0 outer loop vertex 0.171737 -3.49578 2.22165 vertex 0.0956623 -3.49765 2.80036 vertex 0.171737 -3.49578 2.80891 endloop endfacet facet normal -0.0245584 0.999698 2.01488e-06 outer loop vertex 0.171737 -3.49578 2.22165 vertex 0 -3.5 2.79138 vertex 0.0956623 -3.49765 2.80036 endloop endfacet facet normal -0.024565 0.999698 0 outer loop vertex 0 -3.5 2.79138 vertex 0.171737 -3.49578 2.22165 vertex 0 -3.5 2.20862 endloop endfacet facet normal -0.0245737 0.999698 0 outer loop vertex 0.171737 -3.49578 4.22165 vertex 0.0956623 -3.49765 4.80036 vertex 0.171737 -3.49578 4.80891 endloop endfacet facet normal -0.0245584 0.999698 2.01488e-06 outer loop vertex 0.171737 -3.49578 4.22165 vertex 0 -3.5 4.79138 vertex 0.0956623 -3.49765 4.80036 endloop endfacet facet normal -0.024565 0.999698 0 outer loop vertex 0 -3.5 4.79138 vertex 0.171737 -3.49578 4.22165 vertex 0 -3.5 4.20862 endloop endfacet facet normal -0.615229 -0.788348 0 outer loop vertex 2.08495 2.81123 1.00516 vertex 2.22038 2.70554 1.57539 vertex 2.08495 2.81123 1.589 endloop endfacet facet normal -0.615313 -0.788283 3.19585e-05 outer loop vertex 2.13335 2.77345 0.999609 vertex 2.22038 2.70554 1.57539 vertex 2.08495 2.81123 1.00516 endloop endfacet facet normal -0.615182 -0.788385 -0 outer loop vertex 2.22038 2.70554 1.57539 vertex 2.13335 2.77345 0.999609 vertex 2.22038 2.70554 0.987562 endloop endfacet facet normal -0.615229 -0.788348 0 outer loop vertex 2.08495 2.81123 3.00516 vertex 2.22038 2.70554 3.57539 vertex 2.08495 2.81123 3.589 endloop endfacet facet normal -0.615313 -0.788283 3.19587e-05 outer loop vertex 2.13335 2.77345 2.99961 vertex 2.22038 2.70554 3.57539 vertex 2.08495 2.81123 3.00516 endloop endfacet facet normal -0.615182 -0.788385 -0 outer loop vertex 2.22038 2.70554 3.57539 vertex 2.13335 2.77345 2.99961 vertex 2.22038 2.70554 2.98756 endloop endfacet facet normal -0.615315 -0.788281 0 outer loop vertex 2.13335 2.77345 4.99961 vertex 2.08495 2.81123 5.4 vertex 2.08495 2.81123 5.00516 endloop endfacet facet normal -0.615229 -0.788348 1.67106e-05 outer loop vertex 2.08495 2.81123 5.4 vertex 2.13335 2.77345 4.99961 vertex 2.22038 2.70554 5.4 endloop endfacet facet normal -0.615182 -0.788385 -0 outer loop vertex 2.22038 2.70554 5.4 vertex 2.13335 2.77345 4.99961 vertex 2.22038 2.70554 4.98756 endloop endfacet facet normal -0.405263 -0.9142 0 outer loop vertex 1.33939 3.23358 1.08086 vertex 1.49644 3.16396 1.65153 vertex 1.33939 3.23358 1.66914 endloop endfacet facet normal -0.405263 -0.9142 -0 outer loop vertex 1.49644 3.16396 1.65153 vertex 1.33939 3.23358 1.08086 vertex 1.49644 3.16396 1.06609 endloop endfacet facet normal -0.405263 -0.9142 0 outer loop vertex 1.33939 3.23358 3.08086 vertex 1.49644 3.16396 3.65153 vertex 1.33939 3.23358 3.66914 endloop endfacet facet normal -0.405263 -0.9142 -0 outer loop vertex 1.49644 3.16396 3.65153 vertex 1.33939 3.23358 3.08086 vertex 1.49644 3.16396 3.06609 endloop endfacet facet normal -0.405263 -0.9142 0 outer loop vertex 1.33939 3.23358 5.08086 vertex 1.49644 3.16396 5.4 vertex 1.33939 3.23358 5.4 endloop endfacet facet normal -0.405263 -0.9142 -0 outer loop vertex 1.49644 3.16396 5.4 vertex 1.33939 3.23358 5.08086 vertex 1.49644 3.16396 5.06609 endloop endfacet facet normal -0.575851 -0.817555 0 outer loop vertex 1.9445 2.91014 1.01882 vertex 1.97846 2.88622 1.60047 vertex 1.9445 2.91014 1.60528 endloop endfacet facet normal -0.575819 -0.817577 -2.79933e-06 outer loop vertex 1.9445 2.91014 1.01882 vertex 2.05685 2.83101 1.59115 vertex 1.97846 2.88622 1.60047 endloop endfacet facet normal -0.575829 -0.81757 0 outer loop vertex 2.05685 2.83101 1.00885 vertex 2.05685 2.83101 1.59115 vertex 1.9445 2.91014 1.01882 endloop endfacet facet normal -0.575609 -0.817725 -0 outer loop vertex 2.05685 2.83101 1.59115 vertex 2.05685 2.83101 1.00885 vertex 2.08495 2.81123 1.589 endloop endfacet facet normal -0.575609 -0.817725 -0 outer loop vertex 2.08495 2.81123 1.589 vertex 2.05685 2.83101 1.00885 vertex 2.08495 2.81123 1.00516 endloop endfacet facet normal -0.575851 -0.817555 0 outer loop vertex 1.9445 2.91014 3.01882 vertex 1.97846 2.88622 3.60047 vertex 1.9445 2.91014 3.60528 endloop endfacet facet normal -0.575819 -0.817577 -2.79933e-06 outer loop vertex 1.9445 2.91014 3.01882 vertex 2.05685 2.83101 3.59115 vertex 1.97846 2.88622 3.60047 endloop endfacet facet normal -0.575829 -0.81757 0 outer loop vertex 2.05685 2.83101 3.00885 vertex 2.05685 2.83101 3.59115 vertex 1.9445 2.91014 3.01882 endloop endfacet facet normal -0.575609 -0.817725 -0 outer loop vertex 2.05685 2.83101 3.59115 vertex 2.05685 2.83101 3.00885 vertex 2.08495 2.81123 3.589 endloop endfacet facet normal -0.575609 -0.817725 -0 outer loop vertex 2.08495 2.81123 3.589 vertex 2.05685 2.83101 3.00885 vertex 2.08495 2.81123 3.00516 endloop endfacet facet normal -0.575785 -0.817601 0 outer loop vertex 1.9445 2.91014 5.01882 vertex 2.08495 2.81123 5.4 vertex 1.9445 2.91014 5.4 endloop endfacet facet normal -0.575827 -0.817571 2.34776e-05 outer loop vertex 2.05685 2.83101 5.00885 vertex 2.08495 2.81123 5.4 vertex 1.9445 2.91014 5.01882 endloop endfacet facet normal -0.575609 -0.817725 -0 outer loop vertex 2.08495 2.81123 5.4 vertex 2.05685 2.83101 5.00885 vertex 2.08495 2.81123 5.00516 endloop endfacet facet normal 0.492862 -0.870107 0 outer loop vertex -1.79936 3.00205 1.37767 vertex -1.67368 3.07324 1.95056 vertex -1.79936 3.00205 1.96585 endloop endfacet facet normal 0.492881 -0.870096 -5.53739e-06 outer loop vertex -1.64989 3.08672 1.36349 vertex -1.67368 3.07324 1.95056 vertex -1.79936 3.00205 1.37767 endloop endfacet facet normal 0.492985 -0.870038 0 outer loop vertex -1.67368 3.07324 1.95056 vertex -1.64989 3.08672 1.36349 vertex -1.64989 3.08672 1.94818 endloop endfacet facet normal 0.492862 -0.870107 0 outer loop vertex -1.79936 3.00205 3.37767 vertex -1.67368 3.07324 3.95056 vertex -1.79936 3.00205 3.96585 endloop endfacet facet normal 0.492881 -0.870096 -5.53739e-06 outer loop vertex -1.64989 3.08672 3.36349 vertex -1.67368 3.07324 3.95056 vertex -1.79936 3.00205 3.37767 endloop endfacet facet normal 0.492985 -0.870038 0 outer loop vertex -1.67368 3.07324 3.95056 vertex -1.64989 3.08672 3.36349 vertex -1.64989 3.08672 3.94818 endloop endfacet facet normal 0.492882 -0.870096 0 outer loop vertex -1.79936 3.00205 5.37767 vertex -1.64989 3.08672 5.4 vertex -1.79936 3.00205 5.4 endloop endfacet facet normal 0.492882 -0.870096 0 outer loop vertex -1.64989 3.08672 5.4 vertex -1.79936 3.00205 5.37767 vertex -1.64989 3.08672 5.36349 endloop endfacet facet normal 0.65318 0.757202 -0 outer loop vertex -2.22038 -2.70554 1.98756 vertex -2.35046 -2.59333 2.55891 vertex -2.22038 -2.70554 2.57539 endloop endfacet facet normal 0.65318 0.757202 0 outer loop vertex -2.35046 -2.59333 2.55891 vertex -2.22038 -2.70554 1.98756 vertex -2.35046 -2.59333 1.97165 endloop endfacet facet normal 0.65318 0.757202 -0 outer loop vertex -2.22038 -2.70554 0 vertex -2.35046 -2.59333 0.558913 vertex -2.22038 -2.70554 0.575393 endloop endfacet facet normal 0.65318 0.757202 0 outer loop vertex -2.35046 -2.59333 0.558913 vertex -2.22038 -2.70554 0 vertex -2.35046 -2.59333 0 endloop endfacet facet normal 0.65318 0.757202 -0 outer loop vertex -2.22038 -2.70554 3.98756 vertex -2.35046 -2.59333 4.55891 vertex -2.22038 -2.70554 4.57539 endloop endfacet facet normal 0.65318 0.757202 0 outer loop vertex -2.35046 -2.59333 4.55891 vertex -2.22038 -2.70554 3.98756 vertex -2.35046 -2.59333 3.97165 endloop endfacet facet normal -0.870107 -0.492862 0 outer loop vertex 3.00205 1.79936 0.877674 vertex 3.07324 1.67368 1.45056 vertex 3.00205 1.79936 1.46585 endloop endfacet facet normal -0.870096 -0.492881 -5.53737e-06 outer loop vertex 3.08672 1.64989 0.863486 vertex 3.07324 1.67368 1.45056 vertex 3.00205 1.79936 0.877674 endloop endfacet facet normal -0.870038 -0.492985 0 outer loop vertex 3.07324 1.67368 1.45056 vertex 3.08672 1.64989 0.863486 vertex 3.08672 1.64989 1.44818 endloop endfacet facet normal -0.870107 -0.492862 0 outer loop vertex 3.00205 1.79936 2.87767 vertex 3.07324 1.67368 3.45056 vertex 3.00205 1.79936 3.46585 endloop endfacet facet normal -0.870096 -0.492881 -5.53739e-06 outer loop vertex 3.08672 1.64989 2.86349 vertex 3.07324 1.67368 3.45056 vertex 3.00205 1.79936 2.87767 endloop endfacet facet normal -0.870038 -0.492985 0 outer loop vertex 3.07324 1.67368 3.45056 vertex 3.08672 1.64989 2.86349 vertex 3.08672 1.64989 3.44818 endloop endfacet facet normal -0.870096 -0.492882 -0 outer loop vertex 3.08672 1.64989 5.4 vertex 3.00205 1.79936 4.87767 vertex 3.08672 1.64989 4.86349 endloop endfacet facet normal -0.870096 -0.492882 0 outer loop vertex 3.00205 1.79936 4.87767 vertex 3.08672 1.64989 5.4 vertex 3.00205 1.79936 5.4 endloop endfacet facet normal -0.724241 0.689547 0 outer loop vertex 2.59333 -2.35046 0.471653 vertex 2.54086 -2.40557 1.05036 vertex 2.59333 -2.35046 1.05891 endloop endfacet facet normal -0.724213 0.689577 0 outer loop vertex 2.47487 -2.47487 1.04138 vertex 2.59333 -2.35046 0.471653 vertex 2.47487 -2.47487 0.45862 endloop endfacet facet normal -0.724191 0.6896 9.5948e-06 outer loop vertex 2.59333 -2.35046 0.471653 vertex 2.47487 -2.47487 1.04138 vertex 2.54086 -2.40557 1.05036 endloop endfacet facet normal -0.724241 0.689547 0 outer loop vertex 2.59333 -2.35046 2.47165 vertex 2.54086 -2.40557 3.05036 vertex 2.59333 -2.35046 3.05891 endloop endfacet facet normal -0.724213 0.689577 0 outer loop vertex 2.47487 -2.47487 3.04138 vertex 2.59333 -2.35046 2.47165 vertex 2.47487 -2.47487 2.45862 endloop endfacet facet normal -0.724191 0.6896 9.59476e-06 outer loop vertex 2.59333 -2.35046 2.47165 vertex 2.47487 -2.47487 3.04138 vertex 2.54086 -2.40557 3.05036 endloop endfacet facet normal -0.724241 0.689547 0 outer loop vertex 2.59333 -2.35046 4.47165 vertex 2.54086 -2.40557 5.05036 vertex 2.59333 -2.35046 5.05891 endloop endfacet facet normal -0.724213 0.689577 0 outer loop vertex 2.47487 -2.47487 5.04138 vertex 2.59333 -2.35046 4.47165 vertex 2.47487 -2.47487 4.45862 endloop endfacet facet normal -0.724191 0.6896 9.59476e-06 outer loop vertex 2.59333 -2.35046 4.47165 vertex 2.47487 -2.47487 5.04138 vertex 2.54086 -2.40557 5.05036 endloop endfacet facet normal 0.999698 -0.024565 0 outer loop vertex -3.5 0 0 vertex -3.49578 0.171737 0.278346 vertex -3.5 0 0.291379 endloop endfacet facet normal 0.999698 -0.024565 0 outer loop vertex -3.49578 0.171737 0.278346 vertex -3.5 0 0 vertex -3.49578 0.171737 0 endloop endfacet facet normal 0.999698 -0.0245737 0 outer loop vertex -3.49578 0.171737 2.27835 vertex -3.49765 0.0956623 1.69964 vertex -3.49578 0.171737 1.69109 endloop endfacet facet normal 0.999698 -0.024565 0 outer loop vertex -3.5 0 1.70862 vertex -3.49578 0.171737 2.27835 vertex -3.5 0 2.29138 endloop endfacet facet normal 0.999698 -0.0245584 -2.01488e-06 outer loop vertex -3.49578 0.171737 2.27835 vertex -3.5 0 1.70862 vertex -3.49765 0.0956623 1.69964 endloop endfacet facet normal 0.999698 -0.0245737 0 outer loop vertex -3.49578 0.171737 4.27835 vertex -3.49765 0.0956623 3.69964 vertex -3.49578 0.171737 3.69109 endloop endfacet facet normal 0.999698 -0.024565 0 outer loop vertex -3.5 0 3.70862 vertex -3.49578 0.171737 4.27835 vertex -3.5 0 4.29138 endloop endfacet facet normal 0.999698 -0.0245584 -2.01488e-06 outer loop vertex -3.49578 0.171737 4.27835 vertex -3.5 0 3.70862 vertex -3.49765 0.0956623 3.69964 endloop endfacet facet normal -0.35986 0.933006 0 outer loop vertex 1.33939 -3.23358 0.330856 vertex 1.17911 -3.2954 0.901526 vertex 1.33939 -3.23358 0.919143 endloop endfacet facet normal -0.35986 0.933006 0 outer loop vertex 1.17911 -3.2954 0.901526 vertex 1.33939 -3.23358 0.330856 vertex 1.17911 -3.2954 0.316093 endloop endfacet facet normal -0.35986 0.933006 0 outer loop vertex 1.33939 -3.23358 2.33086 vertex 1.17911 -3.2954 2.90153 vertex 1.33939 -3.23358 2.91914 endloop endfacet facet normal -0.35986 0.933006 0 outer loop vertex 1.17911 -3.2954 2.90153 vertex 1.33939 -3.23358 2.33086 vertex 1.17911 -3.2954 2.31609 endloop endfacet facet normal -0.35986 0.933006 0 outer loop vertex 1.33939 -3.23358 4.33086 vertex 1.17911 -3.2954 4.90153 vertex 1.33939 -3.23358 4.91914 endloop endfacet facet normal -0.35986 0.933006 0 outer loop vertex 1.17911 -3.2954 4.90153 vertex 1.33939 -3.23358 4.33086 vertex 1.17911 -3.2954 4.31609 endloop endfacet facet normal -0.449003 -0.89353 0 outer loop vertex 1.49644 3.16396 1.06609 vertex 1.50243 3.16095 1.65073 vertex 1.49644 3.16396 1.65153 endloop endfacet facet normal -0.449619 -0.893221 7.90504e-06 outer loop vertex 1.49644 3.16396 1.06609 vertex 1.58851 3.11762 1.64103 vertex 1.50243 3.16095 1.65073 endloop endfacet facet normal -0.449579 -0.89324 0 outer loop vertex 1.58851 3.11762 1.05897 vertex 1.58851 3.11762 1.64103 vertex 1.49644 3.16396 1.06609 endloop endfacet facet normal -0.449657 -0.893201 -0 outer loop vertex 1.58851 3.11762 1.64103 vertex 1.58851 3.11762 1.05897 vertex 1.64989 3.08672 1.63651 endloop endfacet facet normal -0.449657 -0.893201 -0 outer loop vertex 1.64989 3.08672 1.63651 vertex 1.58851 3.11762 1.05897 vertex 1.64989 3.08672 1.05182 endloop endfacet facet normal -0.449003 -0.89353 0 outer loop vertex 1.49644 3.16396 3.06609 vertex 1.50243 3.16095 3.65073 vertex 1.49644 3.16396 3.65153 endloop endfacet facet normal -0.449619 -0.893221 7.90504e-06 outer loop vertex 1.49644 3.16396 3.06609 vertex 1.58851 3.11762 3.64103 vertex 1.50243 3.16095 3.65073 endloop endfacet facet normal -0.449579 -0.89324 0 outer loop vertex 1.58851 3.11762 3.05897 vertex 1.58851 3.11762 3.64103 vertex 1.49644 3.16396 3.06609 endloop endfacet facet normal -0.449657 -0.893201 -0 outer loop vertex 1.58851 3.11762 3.64103 vertex 1.58851 3.11762 3.05897 vertex 1.64989 3.08672 3.63651 endloop endfacet facet normal -0.449657 -0.893201 -0 outer loop vertex 1.64989 3.08672 3.63651 vertex 1.58851 3.11762 3.05897 vertex 1.64989 3.08672 3.05182 endloop endfacet facet normal -0.449579 -0.89324 0 outer loop vertex 1.58851 3.11762 5.05897 vertex 1.49644 3.16396 5.4 vertex 1.49644 3.16396 5.06609 endloop endfacet facet normal -0.44961 -0.893225 -1.04768e-05 outer loop vertex 1.49644 3.16396 5.4 vertex 1.58851 3.11762 5.05897 vertex 1.64989 3.08672 5.4 endloop endfacet facet normal -0.449657 -0.893201 -0 outer loop vertex 1.64989 3.08672 5.4 vertex 1.58851 3.11762 5.05897 vertex 1.64989 3.08672 5.05182 endloop endfacet facet normal -0.122325 0.99249 0 outer loop vertex 0.452623 -3.46963 0.24961 vertex 0.513556 -3.46212 0.839004 vertex 0.513556 -3.46212 0.255162 endloop endfacet facet normal -0.122419 0.992479 9.91911e-06 outer loop vertex 0.513556 -3.46212 0.839004 vertex 0.452623 -3.46963 0.24961 vertex 0.34306 -3.48315 0.825393 endloop endfacet facet normal -0.12247 0.992472 0 outer loop vertex 0.34306 -3.48315 0.825393 vertex 0.452623 -3.46963 0.24961 vertex 0.34306 -3.48315 0.237563 endloop endfacet facet normal -0.122325 0.99249 0 outer loop vertex 0.452623 -3.46963 2.24961 vertex 0.513556 -3.46212 2.839 vertex 0.513556 -3.46212 2.25516 endloop endfacet facet normal -0.122419 0.992479 9.91917e-06 outer loop vertex 0.513556 -3.46212 2.839 vertex 0.452623 -3.46963 2.24961 vertex 0.34306 -3.48315 2.82539 endloop endfacet facet normal -0.12247 0.992472 0 outer loop vertex 0.34306 -3.48315 2.82539 vertex 0.452623 -3.46963 2.24961 vertex 0.34306 -3.48315 2.23756 endloop endfacet facet normal -0.122325 0.99249 0 outer loop vertex 0.452623 -3.46963 4.24961 vertex 0.513556 -3.46212 4.839 vertex 0.513556 -3.46212 4.25516 endloop endfacet facet normal -0.122419 0.992479 9.91917e-06 outer loop vertex 0.513556 -3.46212 4.839 vertex 0.452623 -3.46963 4.24961 vertex 0.34306 -3.48315 4.82539 endloop endfacet facet normal -0.12247 0.992472 0 outer loop vertex 0.34306 -3.48315 4.82539 vertex 0.452623 -3.46963 4.24961 vertex 0.34306 -3.48315 4.23756 endloop endfacet facet normal 0.997294 -0.0735209 0 outer loop vertex -3.49578 0.171737 0 vertex -3.48315 0.34306 0.262437 vertex -3.49578 0.171737 0.278346 endloop endfacet facet normal 0.997294 -0.0735209 0 outer loop vertex -3.48315 0.34306 0.262437 vertex -3.49578 0.171737 0 vertex -3.48315 0.34306 0 endloop endfacet facet normal 0.997294 -0.0735209 0 outer loop vertex -3.49578 0.171737 1.69109 vertex -3.48315 0.34306 2.26244 vertex -3.49578 0.171737 2.27835 endloop endfacet facet normal 0.997294 -0.0735209 0 outer loop vertex -3.48315 0.34306 2.26244 vertex -3.49578 0.171737 1.69109 vertex -3.48315 0.34306 1.67461 endloop endfacet facet normal 0.997294 -0.0735209 0 outer loop vertex -3.49578 0.171737 3.69109 vertex -3.48315 0.34306 4.26244 vertex -3.49578 0.171737 4.27835 endloop endfacet facet normal 0.997294 -0.0735209 0 outer loop vertex -3.48315 0.34306 4.26244 vertex -3.49578 0.171737 3.69109 vertex -3.48315 0.34306 3.67461 endloop endfacet facet normal -0.65318 -0.757202 0 outer loop vertex 2.22038 2.70554 0.987562 vertex 2.35046 2.59333 1.55891 vertex 2.22038 2.70554 1.57539 endloop endfacet facet normal -0.65318 -0.757202 -0 outer loop vertex 2.35046 2.59333 1.55891 vertex 2.22038 2.70554 0.987562 vertex 2.35046 2.59333 0.971653 endloop endfacet facet normal -0.65318 -0.757202 0 outer loop vertex 2.22038 2.70554 2.98756 vertex 2.35046 2.59333 3.55891 vertex 2.22038 2.70554 3.57539 endloop endfacet facet normal -0.65318 -0.757202 -0 outer loop vertex 2.35046 2.59333 3.55891 vertex 2.22038 2.70554 2.98756 vertex 2.35046 2.59333 2.97165 endloop endfacet facet normal -0.65318 -0.757202 0 outer loop vertex 2.22038 2.70554 4.98756 vertex 2.35046 2.59333 5.4 vertex 2.22038 2.70554 5.4 endloop endfacet facet normal -0.65318 -0.757202 -0 outer loop vertex 2.35046 2.59333 5.4 vertex 2.22038 2.70554 4.98756 vertex 2.35046 2.59333 4.97165 endloop endfacet facet normal 0.170919 -0.985285 0 outer loop vertex -0.682816 3.43275 1.26882 vertex -0.641887 3.43985 1.85047 vertex -0.682816 3.43275 1.85528 endloop endfacet facet normal 0.170935 -0.985282 -1.21104e-06 outer loop vertex -0.682816 3.43275 1.26882 vertex -0.547414 3.45624 1.84115 vertex -0.641887 3.43985 1.85047 endloop endfacet facet normal 0.17093 -0.985283 0 outer loop vertex -0.547414 3.45624 1.25885 vertex -0.547414 3.45624 1.84115 vertex -0.682816 3.43275 1.26882 endloop endfacet facet normal 0.171105 -0.985253 0 outer loop vertex -0.547414 3.45624 1.84115 vertex -0.547414 3.45624 1.25885 vertex -0.513556 3.46212 1.839 endloop endfacet facet normal 0.171105 -0.985253 0 outer loop vertex -0.513556 3.46212 1.839 vertex -0.547414 3.45624 1.25885 vertex -0.513556 3.46212 1.25516 endloop endfacet facet normal 0.170919 -0.985285 0 outer loop vertex -0.682816 3.43275 3.26882 vertex -0.641887 3.43985 3.85047 vertex -0.682816 3.43275 3.85528 endloop endfacet facet normal 0.170935 -0.985282 -1.21104e-06 outer loop vertex -0.682816 3.43275 3.26882 vertex -0.547414 3.45624 3.84115 vertex -0.641887 3.43985 3.85047 endloop endfacet facet normal 0.17093 -0.985283 0 outer loop vertex -0.547414 3.45624 3.25885 vertex -0.547414 3.45624 3.84115 vertex -0.682816 3.43275 3.26882 endloop endfacet facet normal 0.171105 -0.985253 0 outer loop vertex -0.547414 3.45624 3.84115 vertex -0.547414 3.45624 3.25885 vertex -0.513556 3.46212 3.839 endloop endfacet facet normal 0.171105 -0.985253 0 outer loop vertex -0.513556 3.46212 3.839 vertex -0.547414 3.45624 3.25885 vertex -0.513556 3.46212 3.25516 endloop endfacet facet normal 0.17093 -0.985283 0 outer loop vertex -0.547414 3.45624 5.25885 vertex -0.682816 3.43275 5.4 vertex -0.682816 3.43275 5.26882 endloop endfacet facet normal 0.170965 -0.985277 3.46147e-05 outer loop vertex -0.682816 3.43275 5.4 vertex -0.547414 3.45624 5.25885 vertex -0.513556 3.46212 5.4 endloop endfacet facet normal 0.171105 -0.985253 0 outer loop vertex -0.513556 3.46212 5.4 vertex -0.547414 3.45624 5.25885 vertex -0.513556 3.46212 5.25516 endloop endfacet facet normal -0.844851 -0.535002 -0 outer loop vertex 3.00205 1.79936 1.46585 vertex 2.91014 1.9445 0.894723 vertex 3.00205 1.79936 0.877674 endloop endfacet facet normal -0.844851 -0.535002 0 outer loop vertex 2.91014 1.9445 0.894723 vertex 3.00205 1.79936 1.46585 vertex 2.91014 1.9445 1.48118 endloop endfacet facet normal -0.844851 -0.535002 -0 outer loop vertex 3.00205 1.79936 3.46585 vertex 2.91014 1.9445 2.89472 vertex 3.00205 1.79936 2.87767 endloop endfacet facet normal -0.844851 -0.535002 0 outer loop vertex 2.91014 1.9445 2.89472 vertex 3.00205 1.79936 3.46585 vertex 2.91014 1.9445 3.48118 endloop endfacet facet normal -0.844851 -0.535002 -0 outer loop vertex 3.00205 1.79936 5.4 vertex 2.91014 1.9445 4.89472 vertex 3.00205 1.79936 4.87767 endloop endfacet facet normal -0.844851 -0.535002 0 outer loop vertex 2.91014 1.9445 4.89472 vertex 3.00205 1.79936 5.4 vertex 2.91014 1.9445 5.4 endloop endfacet facet normal -0.313738 -0.949509 0 outer loop vertex 1.016 3.34929 1.11349 vertex 1.08125 3.32773 1.69103 vertex 1.016 3.34929 1.69818 endloop endfacet facet normal -0.313738 -0.949509 0 outer loop vertex 1.08125 3.32773 1.10897 vertex 1.08125 3.32773 1.69103 vertex 1.016 3.34929 1.11349 endloop endfacet facet normal -0.313694 -0.949524 -0 outer loop vertex 1.08125 3.32773 1.69103 vertex 1.08125 3.32773 1.10897 vertex 1.17911 3.2954 1.68391 endloop endfacet facet normal -0.313613 -0.949551 -1.53506e-05 outer loop vertex 1.17275 3.29751 1.09927 vertex 1.17911 3.2954 1.68391 vertex 1.08125 3.32773 1.10897 endloop endfacet facet normal -0.314884 -0.94913 -0 outer loop vertex 1.17911 3.2954 1.68391 vertex 1.17275 3.29751 1.09927 vertex 1.17911 3.2954 1.09847 endloop endfacet facet normal -0.313738 -0.949509 0 outer loop vertex 1.016 3.34929 3.11349 vertex 1.08125 3.32773 3.69103 vertex 1.016 3.34929 3.69818 endloop endfacet facet normal -0.313738 -0.949509 0 outer loop vertex 1.08125 3.32773 3.10897 vertex 1.08125 3.32773 3.69103 vertex 1.016 3.34929 3.11349 endloop endfacet facet normal -0.313694 -0.949524 -0 outer loop vertex 1.08125 3.32773 3.69103 vertex 1.08125 3.32773 3.10897 vertex 1.17911 3.2954 3.68391 endloop endfacet facet normal -0.313613 -0.949551 -1.53506e-05 outer loop vertex 1.17275 3.29751 3.09927 vertex 1.17911 3.2954 3.68391 vertex 1.08125 3.32773 3.10897 endloop endfacet facet normal -0.314884 -0.94913 -0 outer loop vertex 1.17911 3.2954 3.68391 vertex 1.17275 3.29751 3.09927 vertex 1.17911 3.2954 3.09847 endloop endfacet facet normal -0.313738 -0.949509 0 outer loop vertex 1.08125 3.32773 5.10897 vertex 1.016 3.34929 5.4 vertex 1.016 3.34929 5.11349 endloop endfacet facet normal -0.313712 -0.949518 6.58283e-06 outer loop vertex 1.016 3.34929 5.4 vertex 1.08125 3.32773 5.10897 vertex 1.17911 3.2954 5.4 endloop endfacet facet normal -0.313614 -0.94955 -2.98102e-05 outer loop vertex 1.17275 3.29751 5.09927 vertex 1.17911 3.2954 5.4 vertex 1.08125 3.32773 5.10897 endloop endfacet facet normal -0.314884 -0.94913 -0 outer loop vertex 1.17911 3.2954 5.4 vertex 1.17275 3.29751 5.09927 vertex 1.17911 3.2954 5.09847 endloop endfacet facet normal 0.9142 -0.405263 0 outer loop vertex -3.23358 1.33939 0 vertex -3.16396 1.49644 0.151526 vertex -3.23358 1.33939 0.169143 endloop endfacet facet normal 0.9142 -0.405263 0 outer loop vertex -3.16396 1.49644 0.151526 vertex -3.23358 1.33939 0 vertex -3.16396 1.49644 0 endloop endfacet facet normal 0.9142 -0.405263 0 outer loop vertex -3.23358 1.33939 1.58086 vertex -3.16396 1.49644 2.15153 vertex -3.23358 1.33939 2.16914 endloop endfacet facet normal 0.9142 -0.405263 0 outer loop vertex -3.16396 1.49644 2.15153 vertex -3.23358 1.33939 1.58086 vertex -3.16396 1.49644 1.56609 endloop endfacet facet normal 0.9142 -0.405263 0 outer loop vertex -3.23358 1.33939 3.58086 vertex -3.16396 1.49644 4.15153 vertex -3.23358 1.33939 4.16914 endloop endfacet facet normal 0.9142 -0.405263 0 outer loop vertex -3.16396 1.49644 4.15153 vertex -3.23358 1.33939 3.58086 vertex -3.16396 1.49644 3.56609 endloop endfacet facet normal 0.65318 -0.757202 0 outer loop vertex -2.35046 2.59333 0 vertex -2.22038 2.70554 0.0124376 vertex -2.35046 2.59333 0.0283466 endloop endfacet facet normal 0.65318 -0.757202 0 outer loop vertex -2.22038 2.70554 0.0124376 vertex -2.35046 2.59333 0 vertex -2.22038 2.70554 0 endloop endfacet facet normal 0.65318 -0.757202 0 outer loop vertex -2.35046 2.59333 1.44109 vertex -2.22038 2.70554 2.01244 vertex -2.35046 2.59333 2.02835 endloop endfacet facet normal 0.65318 -0.757202 0 outer loop vertex -2.22038 2.70554 2.01244 vertex -2.35046 2.59333 1.44109 vertex -2.22038 2.70554 1.42461 endloop endfacet facet normal 0.65318 -0.757202 0 outer loop vertex -2.35046 2.59333 3.44109 vertex -2.22038 2.70554 4.01244 vertex -2.35046 2.59333 4.02835 endloop endfacet facet normal 0.65318 -0.757202 0 outer loop vertex -2.22038 2.70554 4.01244 vertex -2.35046 2.59333 3.44109 vertex -2.22038 2.70554 3.42461 endloop endfacet facet normal 0.0245737 -0.999698 0 outer loop vertex -0.171737 3.49578 1.22165 vertex -0.0956623 3.49765 1.80036 vertex -0.171737 3.49578 1.80891 endloop endfacet facet normal 0.0245584 -0.999698 2.01488e-06 outer loop vertex -0.171737 3.49578 1.22165 vertex 0 3.5 1.79138 vertex -0.0956623 3.49765 1.80036 endloop endfacet facet normal 0.024565 -0.999698 0 outer loop vertex 0 3.5 1.79138 vertex -0.171737 3.49578 1.22165 vertex 0 3.5 1.20862 endloop endfacet facet normal 0.0245737 -0.999698 0 outer loop vertex -0.171737 3.49578 3.22165 vertex -0.0956623 3.49765 3.80036 vertex -0.171737 3.49578 3.80891 endloop endfacet facet normal 0.0245584 -0.999698 2.01488e-06 outer loop vertex -0.171737 3.49578 3.22165 vertex 0 3.5 3.79138 vertex -0.0956623 3.49765 3.80036 endloop endfacet facet normal 0.024565 -0.999698 0 outer loop vertex 0 3.5 3.79138 vertex -0.171737 3.49578 3.22165 vertex 0 3.5 3.20862 endloop endfacet facet normal 0.024565 -0.999698 0 outer loop vertex -0.171737 3.49578 5.22165 vertex 0 3.5 5.4 vertex -0.171737 3.49578 5.4 endloop endfacet facet normal 0.024565 -0.999698 0 outer loop vertex 0 3.5 5.4 vertex -0.171737 3.49578 5.22165 vertex 0 3.5 5.20862 endloop endfacet facet normal -0.893201 -0.449657 -0 outer loop vertex 3.11762 1.58851 1.44103 vertex 3.08672 1.64989 0.863486 vertex 3.11762 1.58851 0.858969 endloop endfacet facet normal -0.893201 -0.449657 0 outer loop vertex 3.08672 1.64989 0.863486 vertex 3.11762 1.58851 1.44103 vertex 3.08672 1.64989 1.44818 endloop endfacet facet normal -0.893221 -0.449619 -7.90505e-06 outer loop vertex 3.16396 1.49644 1.43391 vertex 3.11762 1.58851 0.858969 vertex 3.16095 1.50243 0.84927 endloop endfacet facet normal -0.89353 -0.449003 -0 outer loop vertex 3.16396 1.49644 1.43391 vertex 3.16095 1.50243 0.84927 vertex 3.16396 1.49644 0.848473 endloop endfacet facet normal -0.89324 -0.449579 0 outer loop vertex 3.11762 1.58851 0.858969 vertex 3.16396 1.49644 1.43391 vertex 3.11762 1.58851 1.44103 endloop endfacet facet normal -0.893201 -0.449657 -0 outer loop vertex 3.11762 1.58851 3.44103 vertex 3.08672 1.64989 2.86349 vertex 3.11762 1.58851 2.85897 endloop endfacet facet normal -0.893201 -0.449657 0 outer loop vertex 3.08672 1.64989 2.86349 vertex 3.11762 1.58851 3.44103 vertex 3.08672 1.64989 3.44818 endloop endfacet facet normal -0.893221 -0.449619 -7.90504e-06 outer loop vertex 3.16396 1.49644 3.43391 vertex 3.11762 1.58851 2.85897 vertex 3.16095 1.50243 2.84927 endloop endfacet facet normal -0.89353 -0.449003 -0 outer loop vertex 3.16396 1.49644 3.43391 vertex 3.16095 1.50243 2.84927 vertex 3.16396 1.49644 2.84847 endloop endfacet facet normal -0.89324 -0.449579 0 outer loop vertex 3.11762 1.58851 2.85897 vertex 3.16396 1.49644 3.43391 vertex 3.11762 1.58851 3.44103 endloop endfacet facet normal -0.893201 -0.449657 0 outer loop vertex 3.11762 1.58851 4.85897 vertex 3.08672 1.64989 5.4 vertex 3.08672 1.64989 4.86349 endloop endfacet facet normal -0.893221 -0.449619 -8.39118e-06 outer loop vertex 3.16396 1.49644 5.4 vertex 3.11762 1.58851 4.85897 vertex 3.16095 1.50243 4.84927 endloop endfacet facet normal -0.89353 -0.449003 -0 outer loop vertex 3.16396 1.49644 5.4 vertex 3.16095 1.50243 4.84927 vertex 3.16396 1.49644 4.84847 endloop endfacet facet normal -0.893225 -0.44961 -6.60388e-06 outer loop vertex 3.11762 1.58851 4.85897 vertex 3.16396 1.49644 5.4 vertex 3.08672 1.64989 5.4 endloop endfacet facet normal -0.9142 0.405263 0 outer loop vertex 3.16396 -1.49644 1.15153 vertex 3.23358 -1.33939 0.580856 vertex 3.16396 -1.49644 0.566093 endloop endfacet facet normal -0.9142 0.405263 0 outer loop vertex 3.23358 -1.33939 0.580856 vertex 3.16396 -1.49644 1.15153 vertex 3.23358 -1.33939 1.16914 endloop endfacet facet normal -0.9142 0.405263 0 outer loop vertex 3.16396 -1.49644 3.15153 vertex 3.23358 -1.33939 2.58086 vertex 3.16396 -1.49644 2.56609 endloop endfacet facet normal -0.9142 0.405263 0 outer loop vertex 3.23358 -1.33939 2.58086 vertex 3.16396 -1.49644 3.15153 vertex 3.23358 -1.33939 3.16914 endloop endfacet facet normal -0.9142 0.405263 0 outer loop vertex 3.16396 -1.49644 5.15153 vertex 3.23358 -1.33939 4.58086 vertex 3.16396 -1.49644 4.56609 endloop endfacet facet normal -0.9142 0.405263 0 outer loop vertex 3.23358 -1.33939 4.58086 vertex 3.16396 -1.49644 5.15153 vertex 3.23358 -1.33939 5.16914 endloop endfacet facet normal -0.449657 0.893201 0 outer loop vertex 1.64989 -3.08672 0.363486 vertex 1.58851 -3.11762 0.94103 vertex 1.64989 -3.08672 0.948179 endloop endfacet facet normal -0.449657 0.893201 0 outer loop vertex 1.58851 -3.11762 0.358969 vertex 1.58851 -3.11762 0.94103 vertex 1.64989 -3.08672 0.363486 endloop endfacet facet normal -0.449579 0.89324 0 outer loop vertex 1.58851 -3.11762 0.94103 vertex 1.58851 -3.11762 0.358969 vertex 1.49644 -3.16396 0.933906 endloop endfacet facet normal -0.449619 0.893221 -7.9051e-06 outer loop vertex 1.50243 -3.16095 0.34927 vertex 1.49644 -3.16396 0.933906 vertex 1.58851 -3.11762 0.358969 endloop endfacet facet normal -0.449003 0.89353 0 outer loop vertex 1.49644 -3.16396 0.933906 vertex 1.50243 -3.16095 0.34927 vertex 1.49644 -3.16396 0.348473 endloop endfacet facet normal -0.449657 0.893201 0 outer loop vertex 1.64989 -3.08672 2.36349 vertex 1.58851 -3.11762 2.94103 vertex 1.64989 -3.08672 2.94818 endloop endfacet facet normal -0.449657 0.893201 0 outer loop vertex 1.58851 -3.11762 2.35897 vertex 1.58851 -3.11762 2.94103 vertex 1.64989 -3.08672 2.36349 endloop endfacet facet normal -0.449579 0.89324 0 outer loop vertex 1.58851 -3.11762 2.94103 vertex 1.58851 -3.11762 2.35897 vertex 1.49644 -3.16396 2.93391 endloop endfacet facet normal -0.449619 0.893221 -7.90504e-06 outer loop vertex 1.50243 -3.16095 2.34927 vertex 1.49644 -3.16396 2.93391 vertex 1.58851 -3.11762 2.35897 endloop endfacet facet normal -0.449003 0.89353 0 outer loop vertex 1.49644 -3.16396 2.93391 vertex 1.50243 -3.16095 2.34927 vertex 1.49644 -3.16396 2.34847 endloop endfacet facet normal -0.449657 0.893201 0 outer loop vertex 1.64989 -3.08672 4.36349 vertex 1.58851 -3.11762 4.94103 vertex 1.64989 -3.08672 4.94818 endloop endfacet facet normal -0.449657 0.893201 0 outer loop vertex 1.58851 -3.11762 4.35897 vertex 1.58851 -3.11762 4.94103 vertex 1.64989 -3.08672 4.36349 endloop endfacet facet normal -0.449579 0.89324 0 outer loop vertex 1.58851 -3.11762 4.94103 vertex 1.58851 -3.11762 4.35897 vertex 1.49644 -3.16396 4.93391 endloop endfacet facet normal -0.449619 0.893221 -7.90504e-06 outer loop vertex 1.50243 -3.16095 4.34927 vertex 1.49644 -3.16396 4.93391 vertex 1.58851 -3.11762 4.35897 endloop endfacet facet normal -0.449003 0.89353 0 outer loop vertex 1.49644 -3.16396 4.93391 vertex 1.50243 -3.16095 4.34927 vertex 1.49644 -3.16396 4.34847 endloop endfacet facet normal 0.35986 0.933006 -0 outer loop vertex -1.17911 -3.2954 0.098473 vertex -1.33939 -3.23358 0.669143 vertex -1.17911 -3.2954 0.683906 endloop endfacet facet normal 0.35986 0.933006 0 outer loop vertex -1.33939 -3.23358 0.669143 vertex -1.17911 -3.2954 0.098473 vertex -1.33939 -3.23358 0.080856 endloop endfacet facet normal 0.35986 0.933006 -0 outer loop vertex -1.17911 -3.2954 2.09847 vertex -1.33939 -3.23358 2.66914 vertex -1.17911 -3.2954 2.68391 endloop endfacet facet normal 0.35986 0.933006 0 outer loop vertex -1.33939 -3.23358 2.66914 vertex -1.17911 -3.2954 2.09847 vertex -1.33939 -3.23358 2.08086 endloop endfacet facet normal 0.35986 0.933006 -0 outer loop vertex -1.17911 -3.2954 4.09847 vertex -1.33939 -3.23358 4.66914 vertex -1.17911 -3.2954 4.68391 endloop endfacet facet normal 0.35986 0.933006 0 outer loop vertex -1.33939 -3.23358 4.66914 vertex -1.17911 -3.2954 4.09847 vertex -1.33939 -3.23358 4.08086 endloop endfacet facet normal 0.314884 -0.94913 0 outer loop vertex -1.17911 3.2954 1.31609 vertex -1.17275 3.29751 1.90073 vertex -1.17911 3.2954 1.90153 endloop endfacet facet normal 0.313613 -0.949551 1.53506e-05 outer loop vertex -1.17911 3.2954 1.31609 vertex -1.08125 3.32773 1.89103 vertex -1.17275 3.29751 1.90073 endloop endfacet facet normal 0.313694 -0.949524 0 outer loop vertex -1.08125 3.32773 1.30897 vertex -1.08125 3.32773 1.89103 vertex -1.17911 3.2954 1.31609 endloop endfacet facet normal 0.313738 -0.949509 0 outer loop vertex -1.08125 3.32773 1.89103 vertex -1.08125 3.32773 1.30897 vertex -1.016 3.34929 1.88651 endloop endfacet facet normal 0.313738 -0.949509 0 outer loop vertex -1.016 3.34929 1.88651 vertex -1.08125 3.32773 1.30897 vertex -1.016 3.34929 1.30182 endloop endfacet facet normal 0.314884 -0.94913 0 outer loop vertex -1.17911 3.2954 3.31609 vertex -1.17275 3.29751 3.90073 vertex -1.17911 3.2954 3.90153 endloop endfacet facet normal 0.313613 -0.949551 1.53506e-05 outer loop vertex -1.17911 3.2954 3.31609 vertex -1.08125 3.32773 3.89103 vertex -1.17275 3.29751 3.90073 endloop endfacet facet normal 0.313694 -0.949524 0 outer loop vertex -1.08125 3.32773 3.30897 vertex -1.08125 3.32773 3.89103 vertex -1.17911 3.2954 3.31609 endloop endfacet facet normal 0.313738 -0.949509 0 outer loop vertex -1.08125 3.32773 3.89103 vertex -1.08125 3.32773 3.30897 vertex -1.016 3.34929 3.88651 endloop endfacet facet normal 0.313738 -0.949509 0 outer loop vertex -1.016 3.34929 3.88651 vertex -1.08125 3.32773 3.30897 vertex -1.016 3.34929 3.30182 endloop endfacet facet normal 0.313694 -0.949524 0 outer loop vertex -1.08125 3.32773 5.30897 vertex -1.17911 3.2954 5.4 vertex -1.17911 3.2954 5.31609 endloop endfacet facet normal 0.313712 -0.949518 2.10458e-05 outer loop vertex -1.17911 3.2954 5.4 vertex -1.08125 3.32773 5.30897 vertex -1.016 3.34929 5.4 endloop endfacet facet normal 0.313738 -0.949509 0 outer loop vertex -1.016 3.34929 5.4 vertex -1.08125 3.32773 5.30897 vertex -1.016 3.34929 5.30182 endloop endfacet facet normal -0.405263 0.9142 0 outer loop vertex 1.49644 -3.16396 0.348473 vertex 1.33939 -3.23358 0.919143 vertex 1.49644 -3.16396 0.933906 endloop endfacet facet normal -0.405263 0.9142 0 outer loop vertex 1.33939 -3.23358 0.919143 vertex 1.49644 -3.16396 0.348473 vertex 1.33939 -3.23358 0.330856 endloop endfacet facet normal -0.405263 0.9142 0 outer loop vertex 1.49644 -3.16396 2.34847 vertex 1.33939 -3.23358 2.91914 vertex 1.49644 -3.16396 2.93391 endloop endfacet facet normal -0.405263 0.9142 0 outer loop vertex 1.33939 -3.23358 2.91914 vertex 1.49644 -3.16396 2.34847 vertex 1.33939 -3.23358 2.33086 endloop endfacet facet normal -0.405263 0.9142 0 outer loop vertex 1.49644 -3.16396 4.34847 vertex 1.33939 -3.23358 4.91914 vertex 1.49644 -3.16396 4.93391 endloop endfacet facet normal -0.405263 0.9142 0 outer loop vertex 1.33939 -3.23358 4.91914 vertex 1.49644 -3.16396 4.34847 vertex 1.33939 -3.23358 4.33086 endloop endfacet facet normal -0.171105 -0.985253 0 outer loop vertex 0.513556 3.46212 1.161 vertex 0.547414 3.45624 1.74115 vertex 0.513556 3.46212 1.74484 endloop endfacet facet normal -0.171105 -0.985253 0 outer loop vertex 0.547414 3.45624 1.15885 vertex 0.547414 3.45624 1.74115 vertex 0.513556 3.46212 1.161 endloop endfacet facet normal -0.17093 -0.985283 -0 outer loop vertex 0.547414 3.45624 1.74115 vertex 0.547414 3.45624 1.15885 vertex 0.682816 3.43275 1.73118 endloop endfacet facet normal -0.170935 -0.985282 1.21104e-06 outer loop vertex 0.641887 3.43985 1.14953 vertex 0.682816 3.43275 1.73118 vertex 0.547414 3.45624 1.15885 endloop endfacet facet normal -0.170919 -0.985285 -0 outer loop vertex 0.682816 3.43275 1.73118 vertex 0.641887 3.43985 1.14953 vertex 0.682816 3.43275 1.14472 endloop endfacet facet normal -0.171105 -0.985253 0 outer loop vertex 0.513556 3.46212 3.161 vertex 0.547414 3.45624 3.74115 vertex 0.513556 3.46212 3.74484 endloop endfacet facet normal -0.171105 -0.985253 0 outer loop vertex 0.547414 3.45624 3.15885 vertex 0.547414 3.45624 3.74115 vertex 0.513556 3.46212 3.161 endloop endfacet facet normal -0.17093 -0.985283 -0 outer loop vertex 0.547414 3.45624 3.74115 vertex 0.547414 3.45624 3.15885 vertex 0.682816 3.43275 3.73118 endloop endfacet facet normal -0.170935 -0.985282 1.21104e-06 outer loop vertex 0.641887 3.43985 3.14953 vertex 0.682816 3.43275 3.73118 vertex 0.547414 3.45624 3.15885 endloop endfacet facet normal -0.170919 -0.985285 -0 outer loop vertex 0.682816 3.43275 3.73118 vertex 0.641887 3.43985 3.14953 vertex 0.682816 3.43275 3.14472 endloop endfacet facet normal -0.171105 -0.985253 0 outer loop vertex 0.547414 3.45624 5.15885 vertex 0.513556 3.46212 5.4 vertex 0.513556 3.46212 5.161 endloop endfacet facet normal -0.170965 -0.985277 2.02607e-05 outer loop vertex 0.513556 3.46212 5.4 vertex 0.547414 3.45624 5.15885 vertex 0.682816 3.43275 5.4 endloop endfacet facet normal -0.170935 -0.985282 2.78692e-06 outer loop vertex 0.641887 3.43985 5.14953 vertex 0.682816 3.43275 5.4 vertex 0.547414 3.45624 5.15885 endloop endfacet facet normal -0.170919 -0.985285 -0 outer loop vertex 0.682816 3.43275 5.4 vertex 0.641887 3.43985 5.14953 vertex 0.682816 3.43275 5.14472 endloop endfacet facet normal -0.757202 0.65318 0 outer loop vertex 2.59333 -2.35046 1.05891 vertex 2.70554 -2.22038 0.487562 vertex 2.59333 -2.35046 0.471653 endloop endfacet facet normal -0.757202 0.65318 0 outer loop vertex 2.70554 -2.22038 0.487562 vertex 2.59333 -2.35046 1.05891 vertex 2.70554 -2.22038 1.07539 endloop endfacet facet normal -0.757202 0.65318 0 outer loop vertex 2.59333 -2.35046 3.05891 vertex 2.70554 -2.22038 2.48756 vertex 2.59333 -2.35046 2.47165 endloop endfacet facet normal -0.757202 0.65318 0 outer loop vertex 2.70554 -2.22038 2.48756 vertex 2.59333 -2.35046 3.05891 vertex 2.70554 -2.22038 3.07539 endloop endfacet facet normal -0.757202 0.65318 0 outer loop vertex 2.59333 -2.35046 5.05891 vertex 2.70554 -2.22038 4.48756 vertex 2.59333 -2.35046 4.47165 endloop endfacet facet normal -0.757202 0.65318 0 outer loop vertex 2.70554 -2.22038 4.48756 vertex 2.59333 -2.35046 5.05891 vertex 2.70554 -2.22038 5.07539 endloop endfacet facet normal -0.985285 -0.170919 0 outer loop vertex 3.43275 0.682816 0.768815 vertex 3.43985 0.641887 1.35047 vertex 3.43275 0.682816 1.35528 endloop endfacet facet normal -0.985283 -0.17093 -0 outer loop vertex 3.45624 0.547414 1.34115 vertex 3.43275 0.682816 0.768815 vertex 3.45624 0.547414 0.758853 endloop endfacet facet normal -0.985282 -0.170935 -1.21103e-06 outer loop vertex 3.43275 0.682816 0.768815 vertex 3.45624 0.547414 1.34115 vertex 3.43985 0.641887 1.35047 endloop endfacet facet normal -0.985253 -0.171105 -0 outer loop vertex 3.46212 0.513556 1.339 vertex 3.45624 0.547414 0.758853 vertex 3.46212 0.513556 0.755162 endloop endfacet facet normal -0.985253 -0.171105 0 outer loop vertex 3.45624 0.547414 0.758853 vertex 3.46212 0.513556 1.339 vertex 3.45624 0.547414 1.34115 endloop endfacet facet normal -0.985285 -0.170919 0 outer loop vertex 3.43275 0.682816 2.76882 vertex 3.43985 0.641887 3.35047 vertex 3.43275 0.682816 3.35528 endloop endfacet facet normal -0.985283 -0.17093 -0 outer loop vertex 3.45624 0.547414 3.34115 vertex 3.43275 0.682816 2.76882 vertex 3.45624 0.547414 2.75885 endloop endfacet facet normal -0.985282 -0.170935 -1.21104e-06 outer loop vertex 3.43275 0.682816 2.76882 vertex 3.45624 0.547414 3.34115 vertex 3.43985 0.641887 3.35047 endloop endfacet facet normal -0.985253 -0.171105 -0 outer loop vertex 3.46212 0.513556 3.339 vertex 3.45624 0.547414 2.75885 vertex 3.46212 0.513556 2.75516 endloop endfacet facet normal -0.985253 -0.171105 0 outer loop vertex 3.45624 0.547414 2.75885 vertex 3.46212 0.513556 3.339 vertex 3.45624 0.547414 3.34115 endloop endfacet facet normal -0.985285 -0.170919 0 outer loop vertex 3.43275 0.682816 4.76882 vertex 3.43985 0.641887 5.35047 vertex 3.43275 0.682816 5.35528 endloop endfacet facet normal -0.985283 -0.17093 -0 outer loop vertex 3.45624 0.547414 5.34115 vertex 3.43275 0.682816 4.76882 vertex 3.45624 0.547414 4.75885 endloop endfacet facet normal -0.985282 -0.170935 -1.21104e-06 outer loop vertex 3.43275 0.682816 4.76882 vertex 3.45624 0.547414 5.34115 vertex 3.43985 0.641887 5.35047 endloop endfacet facet normal -0.985253 -0.171105 -0 outer loop vertex 3.46212 0.513556 5.339 vertex 3.45624 0.547414 4.75885 vertex 3.46212 0.513556 4.75516 endloop endfacet facet normal -0.985253 -0.171105 0 outer loop vertex 3.45624 0.547414 4.75885 vertex 3.46212 0.513556 5.339 vertex 3.45624 0.547414 5.34115 endloop endfacet facet normal 0.985283 -0.17093 0 outer loop vertex -3.45624 0.547414 0.241146 vertex -3.43275 0.682816 0 vertex -3.43275 0.682816 0.231184 endloop endfacet facet normal 0.985253 -0.171105 0 outer loop vertex -3.46212 0.513556 0 vertex -3.45624 0.547414 0.241146 vertex -3.46212 0.513556 0.244837 endloop endfacet facet normal 0.985277 -0.170965 -2.0261e-05 outer loop vertex -3.45624 0.547414 0.241146 vertex -3.46212 0.513556 0 vertex -3.43275 0.682816 0 endloop endfacet facet normal 0.985285 -0.170919 0 outer loop vertex -3.43275 0.682816 2.23118 vertex -3.43985 0.641887 1.64953 vertex -3.43275 0.682816 1.64472 endloop endfacet facet normal 0.985283 -0.17093 0 outer loop vertex -3.45624 0.547414 1.65885 vertex -3.43275 0.682816 2.23118 vertex -3.45624 0.547414 2.24115 endloop endfacet facet normal 0.985282 -0.170935 1.21104e-06 outer loop vertex -3.43275 0.682816 2.23118 vertex -3.45624 0.547414 1.65885 vertex -3.43985 0.641887 1.64953 endloop endfacet facet normal 0.985253 -0.171105 0 outer loop vertex -3.46212 0.513556 1.661 vertex -3.45624 0.547414 2.24115 vertex -3.46212 0.513556 2.24484 endloop endfacet facet normal 0.985253 -0.171105 0 outer loop vertex -3.45624 0.547414 2.24115 vertex -3.46212 0.513556 1.661 vertex -3.45624 0.547414 1.65885 endloop endfacet facet normal 0.985285 -0.170919 0 outer loop vertex -3.43275 0.682816 4.23118 vertex -3.43985 0.641887 3.64953 vertex -3.43275 0.682816 3.64472 endloop endfacet facet normal 0.985283 -0.17093 0 outer loop vertex -3.45624 0.547414 3.65885 vertex -3.43275 0.682816 4.23118 vertex -3.45624 0.547414 4.24115 endloop endfacet facet normal 0.985282 -0.170935 1.21104e-06 outer loop vertex -3.43275 0.682816 4.23118 vertex -3.45624 0.547414 3.65885 vertex -3.43985 0.641887 3.64953 endloop endfacet facet normal 0.985253 -0.171105 0 outer loop vertex -3.46212 0.513556 3.661 vertex -3.45624 0.547414 4.24115 vertex -3.46212 0.513556 4.24484 endloop endfacet facet normal 0.985253 -0.171105 0 outer loop vertex -3.45624 0.547414 4.24115 vertex -3.46212 0.513556 3.661 vertex -3.45624 0.547414 3.65885 endloop endfacet facet normal 0.870096 -0.492882 0 outer loop vertex -3.08672 1.64989 0 vertex -3.00205 1.79936 0.122325 vertex -3.08672 1.64989 0.136513 endloop endfacet facet normal 0.870096 -0.492882 0 outer loop vertex -3.00205 1.79936 0.122325 vertex -3.08672 1.64989 0 vertex -3.00205 1.79936 0 endloop endfacet facet normal 0.870107 -0.492862 0 outer loop vertex -3.00205 1.79936 2.12233 vertex -3.07324 1.67368 1.54944 vertex -3.00205 1.79936 1.53415 endloop endfacet facet normal 0.870096 -0.492881 5.53739e-06 outer loop vertex -3.08672 1.64989 2.13651 vertex -3.07324 1.67368 1.54944 vertex -3.00205 1.79936 2.12233 endloop endfacet facet normal 0.870038 -0.492985 0 outer loop vertex -3.07324 1.67368 1.54944 vertex -3.08672 1.64989 2.13651 vertex -3.08672 1.64989 1.55182 endloop endfacet facet normal 0.870107 -0.492862 0 outer loop vertex -3.00205 1.79936 4.12232 vertex -3.07324 1.67368 3.54944 vertex -3.00205 1.79936 3.53415 endloop endfacet facet normal 0.870096 -0.492881 5.53741e-06 outer loop vertex -3.08672 1.64989 4.13651 vertex -3.07324 1.67368 3.54944 vertex -3.00205 1.79936 4.12232 endloop endfacet facet normal 0.870038 -0.492985 0 outer loop vertex -3.07324 1.67368 3.54944 vertex -3.08672 1.64989 4.13651 vertex -3.08672 1.64989 3.55182 endloop endfacet facet normal -0.024565 -0.999698 0 outer loop vertex 0 3.5 1.20862 vertex 0.171737 3.49578 1.77835 vertex 0 3.5 1.79138 endloop endfacet facet normal -0.0245584 -0.999698 -2.01488e-06 outer loop vertex 0.0956623 3.49765 1.19964 vertex 0.171737 3.49578 1.77835 vertex 0 3.5 1.20862 endloop endfacet facet normal -0.0245737 -0.999698 -0 outer loop vertex 0.171737 3.49578 1.77835 vertex 0.0956623 3.49765 1.19964 vertex 0.171737 3.49578 1.19109 endloop endfacet facet normal -0.024565 -0.999698 0 outer loop vertex 0 3.5 3.20862 vertex 0.171737 3.49578 3.77835 vertex 0 3.5 3.79138 endloop endfacet facet normal -0.0245584 -0.999698 -2.01488e-06 outer loop vertex 0.0956623 3.49765 3.19964 vertex 0.171737 3.49578 3.77835 vertex 0 3.5 3.20862 endloop endfacet facet normal -0.0245737 -0.999698 -0 outer loop vertex 0.171737 3.49578 3.77835 vertex 0.0956623 3.49765 3.19964 vertex 0.171737 3.49578 3.19109 endloop endfacet facet normal -0.0245582 -0.999698 0 outer loop vertex 0.0956623 3.49765 5.19964 vertex 0 3.5 5.4 vertex 0 3.5 5.20862 endloop endfacet facet normal -0.024565 -0.999698 -3.28173e-06 outer loop vertex 0 3.5 5.4 vertex 0.0956623 3.49765 5.19964 vertex 0.171737 3.49578 5.4 endloop endfacet facet normal -0.0245737 -0.999698 -0 outer loop vertex 0.171737 3.49578 5.4 vertex 0.0956623 3.49765 5.19964 vertex 0.171737 3.49578 5.19109 endloop endfacet facet normal 0.933006 0.35986 -0 outer loop vertex -3.23358 -1.33939 1.83086 vertex -3.2954 -1.17911 2.40153 vertex -3.23358 -1.33939 2.41914 endloop endfacet facet normal 0.933006 0.35986 0 outer loop vertex -3.2954 -1.17911 2.40153 vertex -3.23358 -1.33939 1.83086 vertex -3.2954 -1.17911 1.81609 endloop endfacet facet normal 0.933006 0.35986 -0 outer loop vertex -3.23358 -1.33939 0 vertex -3.2954 -1.17911 0.401526 vertex -3.23358 -1.33939 0.419143 endloop endfacet facet normal 0.933006 0.35986 0 outer loop vertex -3.2954 -1.17911 0.401526 vertex -3.23358 -1.33939 0 vertex -3.2954 -1.17911 0 endloop endfacet facet normal 0.933006 0.35986 -0 outer loop vertex -3.23358 -1.33939 3.83086 vertex -3.2954 -1.17911 4.40153 vertex -3.23358 -1.33939 4.41914 endloop endfacet facet normal 0.933006 0.35986 0 outer loop vertex -3.2954 -1.17911 4.40153 vertex -3.23358 -1.33939 3.83086 vertex -3.2954 -1.17911 3.81609 endloop endfacet facet normal 0.757202 -0.65318 0 outer loop vertex -2.70554 2.22038 0 vertex -2.59333 2.35046 0.0589133 vertex -2.70554 2.22038 0.0753929 endloop endfacet facet normal 0.757202 -0.65318 0 outer loop vertex -2.59333 2.35046 0.0589133 vertex -2.70554 2.22038 0 vertex -2.59333 2.35046 0 endloop endfacet facet normal 0.757202 -0.65318 0 outer loop vertex -2.70554 2.22038 1.48756 vertex -2.59333 2.35046 2.05891 vertex -2.70554 2.22038 2.07539 endloop endfacet facet normal 0.757202 -0.65318 0 outer loop vertex -2.59333 2.35046 2.05891 vertex -2.70554 2.22038 1.48756 vertex -2.59333 2.35046 1.47165 endloop endfacet facet normal 0.757202 -0.65318 0 outer loop vertex -2.70554 2.22038 3.48756 vertex -2.59333 2.35046 4.05891 vertex -2.70554 2.22038 4.07539 endloop endfacet facet normal 0.757202 -0.65318 0 outer loop vertex -2.59333 2.35046 4.05891 vertex -2.70554 2.22038 3.48756 vertex -2.59333 2.35046 3.47165 endloop endfacet facet normal -0.0735209 -0.997294 0 outer loop vertex 0.171737 3.49578 1.19109 vertex 0.34306 3.48315 1.76244 vertex 0.171737 3.49578 1.77835 endloop endfacet facet normal -0.0735209 -0.997294 -0 outer loop vertex 0.34306 3.48315 1.76244 vertex 0.171737 3.49578 1.19109 vertex 0.34306 3.48315 1.17461 endloop endfacet facet normal -0.0735209 -0.997294 0 outer loop vertex 0.171737 3.49578 3.19109 vertex 0.34306 3.48315 3.76244 vertex 0.171737 3.49578 3.77835 endloop endfacet facet normal -0.0735209 -0.997294 -0 outer loop vertex 0.34306 3.48315 3.76244 vertex 0.171737 3.49578 3.19109 vertex 0.34306 3.48315 3.17461 endloop endfacet facet normal -0.0735209 -0.997294 0 outer loop vertex 0.171737 3.49578 5.19109 vertex 0.34306 3.48315 5.4 vertex 0.171737 3.49578 5.4 endloop endfacet facet normal -0.0735209 -0.997294 -0 outer loop vertex 0.34306 3.48315 5.4 vertex 0.171737 3.49578 5.19109 vertex 0.34306 3.48315 5.17461 endloop endfacet facet normal -0.933006 0.35986 0 outer loop vertex 3.23358 -1.33939 1.16914 vertex 3.2954 -1.17911 0.598473 vertex 3.23358 -1.33939 0.580856 endloop endfacet facet normal -0.933006 0.35986 0 outer loop vertex 3.2954 -1.17911 0.598473 vertex 3.23358 -1.33939 1.16914 vertex 3.2954 -1.17911 1.18391 endloop endfacet facet normal -0.933006 0.35986 0 outer loop vertex 3.23358 -1.33939 3.16914 vertex 3.2954 -1.17911 2.59847 vertex 3.23358 -1.33939 2.58086 endloop endfacet facet normal -0.933006 0.35986 0 outer loop vertex 3.2954 -1.17911 2.59847 vertex 3.23358 -1.33939 3.16914 vertex 3.2954 -1.17911 3.18391 endloop endfacet facet normal -0.933006 0.35986 0 outer loop vertex 3.23358 -1.33939 5.16914 vertex 3.2954 -1.17911 4.59847 vertex 3.23358 -1.33939 4.58086 endloop endfacet facet normal -0.933006 0.35986 0 outer loop vertex 3.2954 -1.17911 4.59847 vertex 3.23358 -1.33939 5.16914 vertex 3.2954 -1.17911 5.18391 endloop endfacet facet normal -0.9142 -0.405263 -0 outer loop vertex 3.23358 1.33939 1.41914 vertex 3.16396 1.49644 0.848473 vertex 3.23358 1.33939 0.830856 endloop endfacet facet normal -0.9142 -0.405263 0 outer loop vertex 3.16396 1.49644 0.848473 vertex 3.23358 1.33939 1.41914 vertex 3.16396 1.49644 1.43391 endloop endfacet facet normal -0.9142 -0.405263 -0 outer loop vertex 3.23358 1.33939 3.41914 vertex 3.16396 1.49644 2.84847 vertex 3.23358 1.33939 2.83086 endloop endfacet facet normal -0.9142 -0.405263 0 outer loop vertex 3.16396 1.49644 2.84847 vertex 3.23358 1.33939 3.41914 vertex 3.16396 1.49644 3.43391 endloop endfacet facet normal -0.9142 -0.405263 -0 outer loop vertex 3.23358 1.33939 5.4 vertex 3.16396 1.49644 4.84847 vertex 3.23358 1.33939 4.83086 endloop endfacet facet normal -0.9142 -0.405263 0 outer loop vertex 3.16396 1.49644 4.84847 vertex 3.23358 1.33939 5.4 vertex 3.16396 1.49644 5.4 endloop endfacet facet normal 0.689577 -0.724213 0 outer loop vertex -2.47487 2.47487 0 vertex -2.35046 2.59333 0.0283466 vertex -2.47487 2.47487 0.0413794 endloop endfacet facet normal 0.689577 -0.724213 0 outer loop vertex -2.35046 2.59333 0.0283466 vertex -2.47487 2.47487 0 vertex -2.35046 2.59333 0 endloop endfacet facet normal 0.689577 -0.724213 0 outer loop vertex -2.47487 2.47487 1.45862 vertex -2.35046 2.59333 2.02835 vertex -2.47487 2.47487 2.04138 endloop endfacet facet normal 0.6896 -0.724191 -9.59476e-06 outer loop vertex -2.40557 2.54086 1.44964 vertex -2.35046 2.59333 2.02835 vertex -2.47487 2.47487 1.45862 endloop endfacet facet normal 0.689547 -0.724241 0 outer loop vertex -2.35046 2.59333 2.02835 vertex -2.40557 2.54086 1.44964 vertex -2.35046 2.59333 1.44109 endloop endfacet facet normal 0.689577 -0.724213 0 outer loop vertex -2.47487 2.47487 3.45862 vertex -2.35046 2.59333 4.02835 vertex -2.47487 2.47487 4.04138 endloop endfacet facet normal 0.6896 -0.724191 -9.59476e-06 outer loop vertex -2.40557 2.54086 3.44964 vertex -2.35046 2.59333 4.02835 vertex -2.47487 2.47487 3.45862 endloop endfacet facet normal 0.689547 -0.724241 0 outer loop vertex -2.35046 2.59333 4.02835 vertex -2.40557 2.54086 3.44964 vertex -2.35046 2.59333 3.44109 endloop endfacet facet normal -0.788283 0.615313 3.19583e-05 outer loop vertex 2.70554 -2.22038 1.07539 vertex 2.81123 -2.08495 0.505162 vertex 2.77345 -2.13335 0.499609 endloop endfacet facet normal -0.788385 0.615182 0 outer loop vertex 2.70554 -2.22038 1.07539 vertex 2.77345 -2.13335 0.499609 vertex 2.70554 -2.22038 0.487562 endloop endfacet facet normal -0.788348 0.615229 0 outer loop vertex 2.81123 -2.08495 0.505162 vertex 2.70554 -2.22038 1.07539 vertex 2.81123 -2.08495 1.089 endloop endfacet facet normal -0.788283 0.615313 3.19587e-05 outer loop vertex 2.70554 -2.22038 3.07539 vertex 2.81123 -2.08495 2.50516 vertex 2.77345 -2.13335 2.49961 endloop endfacet facet normal -0.788385 0.615182 0 outer loop vertex 2.70554 -2.22038 3.07539 vertex 2.77345 -2.13335 2.49961 vertex 2.70554 -2.22038 2.48756 endloop endfacet facet normal -0.788348 0.615229 0 outer loop vertex 2.81123 -2.08495 2.50516 vertex 2.70554 -2.22038 3.07539 vertex 2.81123 -2.08495 3.089 endloop endfacet facet normal -0.788283 0.615313 3.19587e-05 outer loop vertex 2.70554 -2.22038 5.07539 vertex 2.81123 -2.08495 4.50516 vertex 2.77345 -2.13335 4.49961 endloop endfacet facet normal -0.788385 0.615182 0 outer loop vertex 2.70554 -2.22038 5.07539 vertex 2.77345 -2.13335 4.49961 vertex 2.70554 -2.22038 4.48756 endloop endfacet facet normal -0.788348 0.615229 0 outer loop vertex 2.81123 -2.08495 4.50516 vertex 2.70554 -2.22038 5.07539 vertex 2.81123 -2.08495 5.089 endloop endfacet facet normal -0.170919 0.985285 0 outer loop vertex 0.682816 -3.43275 0.268815 vertex 0.641887 -3.43985 0.850471 vertex 0.682816 -3.43275 0.855276 endloop endfacet facet normal -0.170935 0.985282 -1.21103e-06 outer loop vertex 0.682816 -3.43275 0.268815 vertex 0.547414 -3.45624 0.841146 vertex 0.641887 -3.43985 0.850471 endloop endfacet facet normal -0.17093 0.985283 0 outer loop vertex 0.547414 -3.45624 0.258853 vertex 0.547414 -3.45624 0.841146 vertex 0.682816 -3.43275 0.268815 endloop endfacet facet normal -0.171105 0.985253 0 outer loop vertex 0.547414 -3.45624 0.841146 vertex 0.547414 -3.45624 0.258853 vertex 0.513556 -3.46212 0.839004 endloop endfacet facet normal -0.171105 0.985253 0 outer loop vertex 0.513556 -3.46212 0.839004 vertex 0.547414 -3.45624 0.258853 vertex 0.513556 -3.46212 0.255162 endloop endfacet facet normal -0.170919 0.985285 0 outer loop vertex 0.682816 -3.43275 2.26882 vertex 0.641887 -3.43985 2.85047 vertex 0.682816 -3.43275 2.85528 endloop endfacet facet normal -0.170935 0.985282 -1.21104e-06 outer loop vertex 0.682816 -3.43275 2.26882 vertex 0.547414 -3.45624 2.84115 vertex 0.641887 -3.43985 2.85047 endloop endfacet facet normal -0.17093 0.985283 0 outer loop vertex 0.547414 -3.45624 2.25885 vertex 0.547414 -3.45624 2.84115 vertex 0.682816 -3.43275 2.26882 endloop endfacet facet normal -0.171105 0.985253 0 outer loop vertex 0.547414 -3.45624 2.84115 vertex 0.547414 -3.45624 2.25885 vertex 0.513556 -3.46212 2.839 endloop endfacet facet normal -0.171105 0.985253 0 outer loop vertex 0.513556 -3.46212 2.839 vertex 0.547414 -3.45624 2.25885 vertex 0.513556 -3.46212 2.25516 endloop endfacet facet normal -0.170919 0.985285 0 outer loop vertex 0.682816 -3.43275 4.26882 vertex 0.641887 -3.43985 4.85047 vertex 0.682816 -3.43275 4.85528 endloop endfacet facet normal -0.170935 0.985282 -1.21104e-06 outer loop vertex 0.682816 -3.43275 4.26882 vertex 0.547414 -3.45624 4.84115 vertex 0.641887 -3.43985 4.85047 endloop endfacet facet normal -0.17093 0.985283 0 outer loop vertex 0.547414 -3.45624 4.25885 vertex 0.547414 -3.45624 4.84115 vertex 0.682816 -3.43275 4.26882 endloop endfacet facet normal -0.171105 0.985253 0 outer loop vertex 0.547414 -3.45624 4.84115 vertex 0.547414 -3.45624 4.25885 vertex 0.513556 -3.46212 4.839 endloop endfacet facet normal -0.171105 0.985253 0 outer loop vertex 0.513556 -3.46212 4.839 vertex 0.547414 -3.45624 4.25885 vertex 0.513556 -3.46212 4.25516 endloop endfacet facet normal -0.933006 -0.35986 -0 outer loop vertex 3.2954 1.17911 1.40153 vertex 3.23358 1.33939 0.830856 vertex 3.2954 1.17911 0.816093 endloop endfacet facet normal -0.933006 -0.35986 0 outer loop vertex 3.23358 1.33939 0.830856 vertex 3.2954 1.17911 1.40153 vertex 3.23358 1.33939 1.41914 endloop endfacet facet normal -0.933006 -0.35986 -0 outer loop vertex 3.2954 1.17911 3.40153 vertex 3.23358 1.33939 2.83086 vertex 3.2954 1.17911 2.81609 endloop endfacet facet normal -0.933006 -0.35986 0 outer loop vertex 3.23358 1.33939 2.83086 vertex 3.2954 1.17911 3.40153 vertex 3.23358 1.33939 3.41914 endloop endfacet facet normal -0.933006 -0.35986 -0 outer loop vertex 3.2954 1.17911 5.4 vertex 3.23358 1.33939 4.83086 vertex 3.2954 1.17911 4.81609 endloop endfacet facet normal -0.933006 -0.35986 0 outer loop vertex 3.23358 1.33939 4.83086 vertex 3.2954 1.17911 5.4 vertex 3.23358 1.33939 5.4 endloop endfacet facet normal -0.219107 -0.975701 0 outer loop vertex 0.682816 3.43275 1.14472 vertex 0.85043 3.39511 1.71585 vertex 0.682816 3.43275 1.73118 endloop endfacet facet normal -0.219107 -0.975701 -0 outer loop vertex 0.85043 3.39511 1.71585 vertex 0.682816 3.43275 1.14472 vertex 0.85043 3.39511 1.12767 endloop endfacet facet normal -0.219107 -0.975701 0 outer loop vertex 0.682816 3.43275 3.14472 vertex 0.85043 3.39511 3.71585 vertex 0.682816 3.43275 3.73118 endloop endfacet facet normal -0.219107 -0.975701 -0 outer loop vertex 0.85043 3.39511 3.71585 vertex 0.682816 3.43275 3.14472 vertex 0.85043 3.39511 3.12767 endloop endfacet facet normal -0.219107 -0.975701 0 outer loop vertex 0.682816 3.43275 5.14472 vertex 0.85043 3.39511 5.4 vertex 0.682816 3.43275 5.4 endloop endfacet facet normal -0.219107 -0.975701 -0 outer loop vertex 0.85043 3.39511 5.4 vertex 0.682816 3.43275 5.14472 vertex 0.85043 3.39511 5.12767 endloop endfacet facet normal 0.844851 0.535002 -0 outer loop vertex -2.91014 -1.9445 1.89472 vertex -3.00205 -1.79936 2.46585 vertex -2.91014 -1.9445 2.48118 endloop endfacet facet normal 0.844851 0.535002 0 outer loop vertex -3.00205 -1.79936 2.46585 vertex -2.91014 -1.9445 1.89472 vertex -3.00205 -1.79936 1.87767 endloop endfacet facet normal 0.844851 0.535002 -0 outer loop vertex -2.91014 -1.9445 0 vertex -3.00205 -1.79936 0.465847 vertex -2.91014 -1.9445 0.481184 endloop endfacet facet normal 0.844851 0.535002 0 outer loop vertex -3.00205 -1.79936 0.465847 vertex -2.91014 -1.9445 0 vertex -3.00205 -1.79936 0 endloop endfacet facet normal 0.844851 0.535002 -0 outer loop vertex -2.91014 -1.9445 3.89472 vertex -3.00205 -1.79936 4.46585 vertex -2.91014 -1.9445 4.48118 endloop endfacet facet normal 0.844851 0.535002 0 outer loop vertex -3.00205 -1.79936 4.46585 vertex -2.91014 -1.9445 3.89472 vertex -3.00205 -1.79936 3.87767 endloop endfacet facet normal -0.975701 0.219107 0 outer loop vertex 3.39511 -0.85043 1.21585 vertex 3.43275 -0.682816 0.644723 vertex 3.39511 -0.85043 0.627674 endloop endfacet facet normal -0.975701 0.219107 0 outer loop vertex 3.43275 -0.682816 0.644723 vertex 3.39511 -0.85043 1.21585 vertex 3.43275 -0.682816 1.23118 endloop endfacet facet normal -0.975701 0.219107 0 outer loop vertex 3.39511 -0.85043 3.21585 vertex 3.43275 -0.682816 2.64472 vertex 3.39511 -0.85043 2.62767 endloop endfacet facet normal -0.975701 0.219107 0 outer loop vertex 3.43275 -0.682816 2.64472 vertex 3.39511 -0.85043 3.21585 vertex 3.43275 -0.682816 3.23118 endloop endfacet facet normal -0.975701 0.219107 0 outer loop vertex 3.39511 -0.85043 5.21585 vertex 3.43275 -0.682816 4.64472 vertex 3.39511 -0.85043 4.62767 endloop endfacet facet normal -0.975701 0.219107 0 outer loop vertex 3.43275 -0.682816 4.64472 vertex 3.39511 -0.85043 5.21585 vertex 3.43275 -0.682816 5.23118 endloop endfacet facet normal 0.9142 0.405263 -0 outer loop vertex -3.16396 -1.49644 1.84847 vertex -3.23358 -1.33939 2.41914 vertex -3.16396 -1.49644 2.43391 endloop endfacet facet normal 0.9142 0.405263 0 outer loop vertex -3.23358 -1.33939 2.41914 vertex -3.16396 -1.49644 1.84847 vertex -3.23358 -1.33939 1.83086 endloop endfacet facet normal 0.9142 0.405263 -0 outer loop vertex -3.16396 -1.49644 0 vertex -3.23358 -1.33939 0.419143 vertex -3.16396 -1.49644 0.433906 endloop endfacet facet normal 0.9142 0.405263 0 outer loop vertex -3.23358 -1.33939 0.419143 vertex -3.16396 -1.49644 0 vertex -3.23358 -1.33939 0 endloop endfacet facet normal 0.9142 0.405263 -0 outer loop vertex -3.16396 -1.49644 3.84847 vertex -3.23358 -1.33939 4.41914 vertex -3.16396 -1.49644 4.43391 endloop endfacet facet normal 0.9142 0.405263 0 outer loop vertex -3.23358 -1.33939 4.41914 vertex -3.16396 -1.49644 3.84847 vertex -3.23358 -1.33939 3.83086 endloop endfacet facet normal 0.949509 0.313738 -0 outer loop vertex -3.32773 -1.08125 1.80897 vertex -3.34929 -1.016 2.38651 vertex -3.32773 -1.08125 2.39103 endloop endfacet facet normal 0.949509 0.313738 0 outer loop vertex -3.34929 -1.016 2.38651 vertex -3.32773 -1.08125 1.80897 vertex -3.34929 -1.016 1.80182 endloop endfacet facet normal 0.949551 0.313613 1.53506e-05 outer loop vertex -3.2954 -1.17911 1.81609 vertex -3.32773 -1.08125 2.39103 vertex -3.29751 -1.17275 2.40073 endloop endfacet facet normal 0.94913 0.314884 -0 outer loop vertex -3.2954 -1.17911 1.81609 vertex -3.29751 -1.17275 2.40073 vertex -3.2954 -1.17911 2.40153 endloop endfacet facet normal 0.949524 0.313694 0 outer loop vertex -3.32773 -1.08125 2.39103 vertex -3.2954 -1.17911 1.81609 vertex -3.32773 -1.08125 1.80897 endloop endfacet facet normal 0.949509 0.313738 0 outer loop vertex -3.32773 -1.08125 0.39103 vertex -3.34929 -1.016 0 vertex -3.34929 -1.016 0.386513 endloop endfacet facet normal 0.949551 0.313614 2.23838e-05 outer loop vertex -3.2954 -1.17911 0 vertex -3.32773 -1.08125 0.39103 vertex -3.29751 -1.17275 0.400729 endloop endfacet facet normal 0.94913 0.314884 -0 outer loop vertex -3.2954 -1.17911 0 vertex -3.29751 -1.17275 0.400729 vertex -3.2954 -1.17911 0.401526 endloop endfacet facet normal 0.949518 0.313712 -4.89937e-06 outer loop vertex -3.32773 -1.08125 0.39103 vertex -3.2954 -1.17911 0 vertex -3.34929 -1.016 0 endloop endfacet facet normal 0.949509 0.313738 -0 outer loop vertex -3.32773 -1.08125 3.80897 vertex -3.34929 -1.016 4.38651 vertex -3.32773 -1.08125 4.39103 endloop endfacet facet normal 0.949509 0.313738 0 outer loop vertex -3.34929 -1.016 4.38651 vertex -3.32773 -1.08125 3.80897 vertex -3.34929 -1.016 3.80182 endloop endfacet facet normal 0.949551 0.313613 1.53506e-05 outer loop vertex -3.2954 -1.17911 3.81609 vertex -3.32773 -1.08125 4.39103 vertex -3.29751 -1.17275 4.40073 endloop endfacet facet normal 0.94913 0.314884 -0 outer loop vertex -3.2954 -1.17911 3.81609 vertex -3.29751 -1.17275 4.40073 vertex -3.2954 -1.17911 4.40153 endloop endfacet facet normal 0.949524 0.313694 0 outer loop vertex -3.32773 -1.08125 4.39103 vertex -3.2954 -1.17911 3.81609 vertex -3.32773 -1.08125 3.80897 endloop endfacet facet normal 0.975701 -0.219107 0 outer loop vertex -3.43275 0.682816 0 vertex -3.39511 0.85043 0.215847 vertex -3.43275 0.682816 0.231184 endloop endfacet facet normal 0.975701 -0.219107 0 outer loop vertex -3.39511 0.85043 0.215847 vertex -3.43275 0.682816 0 vertex -3.39511 0.85043 0 endloop endfacet facet normal 0.975701 -0.219107 0 outer loop vertex -3.43275 0.682816 1.64472 vertex -3.39511 0.85043 2.21585 vertex -3.43275 0.682816 2.23118 endloop endfacet facet normal 0.975701 -0.219107 0 outer loop vertex -3.39511 0.85043 2.21585 vertex -3.43275 0.682816 1.64472 vertex -3.39511 0.85043 1.62767 endloop endfacet facet normal 0.975701 -0.219107 0 outer loop vertex -3.43275 0.682816 3.64472 vertex -3.39511 0.85043 4.21585 vertex -3.43275 0.682816 4.23118 endloop endfacet facet normal 0.975701 -0.219107 0 outer loop vertex -3.39511 0.85043 4.21585 vertex -3.43275 0.682816 3.64472 vertex -3.39511 0.85043 3.62767 endloop endfacet facet normal 0.219107 -0.975701 0 outer loop vertex -0.85043 3.39511 1.28415 vertex -0.682816 3.43275 1.85528 vertex -0.85043 3.39511 1.87233 endloop endfacet facet normal 0.219107 -0.975701 0 outer loop vertex -0.682816 3.43275 1.85528 vertex -0.85043 3.39511 1.28415 vertex -0.682816 3.43275 1.26882 endloop endfacet facet normal 0.219107 -0.975701 0 outer loop vertex -0.85043 3.39511 3.28415 vertex -0.682816 3.43275 3.85528 vertex -0.85043 3.39511 3.87233 endloop endfacet facet normal 0.219107 -0.975701 0 outer loop vertex -0.682816 3.43275 3.85528 vertex -0.85043 3.39511 3.28415 vertex -0.682816 3.43275 3.26882 endloop endfacet facet normal 0.219107 -0.975701 0 outer loop vertex -0.85043 3.39511 5.28415 vertex -0.682816 3.43275 5.4 vertex -0.85043 3.39511 5.4 endloop endfacet facet normal 0.219107 -0.975701 0 outer loop vertex -0.682816 3.43275 5.4 vertex -0.85043 3.39511 5.28415 vertex -0.682816 3.43275 5.26882 endloop endfacet facet normal -0.817725 -0.575609 -0 outer loop vertex 2.83101 2.05685 1.49115 vertex 2.81123 2.08495 0.910995 vertex 2.83101 2.05685 0.908853 endloop endfacet facet normal -0.817725 -0.575609 0 outer loop vertex 2.81123 2.08495 0.910995 vertex 2.83101 2.05685 1.49115 vertex 2.81123 2.08495 1.49484 endloop endfacet facet normal -0.817577 -0.575819 2.79931e-06 outer loop vertex 2.91014 1.9445 1.48118 vertex 2.83101 2.05685 0.908853 vertex 2.88622 1.97846 0.899528 endloop endfacet facet normal -0.817555 -0.575851 -0 outer loop vertex 2.91014 1.9445 1.48118 vertex 2.88622 1.97846 0.899528 vertex 2.91014 1.9445 0.894723 endloop endfacet facet normal -0.81757 -0.575829 0 outer loop vertex 2.83101 2.05685 0.908853 vertex 2.91014 1.9445 1.48118 vertex 2.83101 2.05685 1.49115 endloop endfacet facet normal -0.817725 -0.575609 -0 outer loop vertex 2.83101 2.05685 3.49115 vertex 2.81123 2.08495 2.911 vertex 2.83101 2.05685 2.90885 endloop endfacet facet normal -0.817725 -0.575609 0 outer loop vertex 2.81123 2.08495 2.911 vertex 2.83101 2.05685 3.49115 vertex 2.81123 2.08495 3.49484 endloop endfacet facet normal -0.817577 -0.575819 2.79933e-06 outer loop vertex 2.91014 1.9445 3.48118 vertex 2.83101 2.05685 2.90885 vertex 2.88622 1.97846 2.89953 endloop endfacet facet normal -0.817555 -0.575851 -0 outer loop vertex 2.91014 1.9445 3.48118 vertex 2.88622 1.97846 2.89953 vertex 2.91014 1.9445 2.89472 endloop endfacet facet normal -0.81757 -0.575829 0 outer loop vertex 2.83101 2.05685 2.90885 vertex 2.91014 1.9445 3.48118 vertex 2.83101 2.05685 3.49115 endloop endfacet facet normal -0.817725 -0.575609 0 outer loop vertex 2.83101 2.05685 4.90885 vertex 2.81123 2.08495 5.4 vertex 2.81123 2.08495 4.911 endloop endfacet facet normal -0.817577 -0.575819 3.24977e-06 outer loop vertex 2.91014 1.9445 5.4 vertex 2.83101 2.05685 4.90885 vertex 2.88622 1.97846 4.89953 endloop endfacet facet normal -0.817555 -0.575851 -0 outer loop vertex 2.91014 1.9445 5.4 vertex 2.88622 1.97846 4.89953 vertex 2.91014 1.9445 4.89472 endloop endfacet facet normal -0.817601 -0.575785 1.50525e-05 outer loop vertex 2.83101 2.05685 4.90885 vertex 2.91014 1.9445 5.4 vertex 2.81123 2.08495 5.4 endloop endfacet facet normal 0.997294 0.0735209 -0 outer loop vertex -3.48315 -0.34306 1.73756 vertex -3.49578 -0.171737 2.30891 vertex -3.48315 -0.34306 2.32539 endloop endfacet facet normal 0.997294 0.0735209 0 outer loop vertex -3.49578 -0.171737 2.30891 vertex -3.48315 -0.34306 1.73756 vertex -3.49578 -0.171737 1.72165 endloop endfacet facet normal 0.997294 0.0735209 -0 outer loop vertex -3.48315 -0.34306 0 vertex -3.49578 -0.171737 0.308913 vertex -3.48315 -0.34306 0.325393 endloop endfacet facet normal 0.997294 0.0735209 0 outer loop vertex -3.49578 -0.171737 0.308913 vertex -3.48315 -0.34306 0 vertex -3.49578 -0.171737 0 endloop endfacet facet normal 0.997294 0.0735209 -0 outer loop vertex -3.48315 -0.34306 3.73756 vertex -3.49578 -0.171737 4.30891 vertex -3.48315 -0.34306 4.32539 endloop endfacet facet normal 0.997294 0.0735209 0 outer loop vertex -3.49578 -0.171737 4.30891 vertex -3.48315 -0.34306 3.73756 vertex -3.49578 -0.171737 3.72165 endloop endfacet facet normal 0.870038 0.492985 0 outer loop vertex -3.07324 -1.67368 0.450559 vertex -3.08672 -1.64989 0 vertex -3.08672 -1.64989 0.448179 endloop endfacet facet normal 0.870107 0.492862 -0 outer loop vertex -3.00205 -1.79936 0 vertex -3.07324 -1.67368 0.450559 vertex -3.00205 -1.79936 0.465847 endloop endfacet facet normal 0.870096 0.492882 -7.18738e-06 outer loop vertex -3.07324 -1.67368 0.450559 vertex -3.00205 -1.79936 0 vertex -3.08672 -1.64989 0 endloop endfacet facet normal 0.870038 0.492985 0 outer loop vertex -3.07324 -1.67368 2.45056 vertex -3.08672 -1.64989 1.86349 vertex -3.08672 -1.64989 2.44818 endloop endfacet facet normal 0.870107 0.492862 -0 outer loop vertex -3.00205 -1.79936 1.87767 vertex -3.07324 -1.67368 2.45056 vertex -3.00205 -1.79936 2.46585 endloop endfacet facet normal 0.870096 0.492881 -5.53739e-06 outer loop vertex -3.07324 -1.67368 2.45056 vertex -3.00205 -1.79936 1.87767 vertex -3.08672 -1.64989 1.86349 endloop endfacet facet normal 0.870038 0.492985 0 outer loop vertex -3.07324 -1.67368 4.45056 vertex -3.08672 -1.64989 3.86349 vertex -3.08672 -1.64989 4.44818 endloop endfacet facet normal 0.870107 0.492862 -0 outer loop vertex -3.00205 -1.79936 3.87767 vertex -3.07324 -1.67368 4.45056 vertex -3.00205 -1.79936 4.46585 endloop endfacet facet normal 0.870096 0.492881 -5.53739e-06 outer loop vertex -3.07324 -1.67368 4.45056 vertex -3.00205 -1.79936 3.87767 vertex -3.08672 -1.64989 3.86349 endloop endfacet facet normal 0.35986 -0.933006 0 outer loop vertex -1.33939 3.23358 1.33086 vertex -1.17911 3.2954 1.90153 vertex -1.33939 3.23358 1.91914 endloop endfacet facet normal 0.35986 -0.933006 0 outer loop vertex -1.17911 3.2954 1.90153 vertex -1.33939 3.23358 1.33086 vertex -1.17911 3.2954 1.31609 endloop endfacet facet normal 0.35986 -0.933006 0 outer loop vertex -1.33939 3.23358 3.33086 vertex -1.17911 3.2954 3.90153 vertex -1.33939 3.23358 3.91914 endloop endfacet facet normal 0.35986 -0.933006 0 outer loop vertex -1.17911 3.2954 3.90153 vertex -1.33939 3.23358 3.33086 vertex -1.17911 3.2954 3.31609 endloop endfacet facet normal 0.35986 -0.933006 0 outer loop vertex -1.33939 3.23358 5.33086 vertex -1.17911 3.2954 5.4 vertex -1.33939 3.23358 5.4 endloop endfacet facet normal 0.35986 -0.933006 0 outer loop vertex -1.17911 3.2954 5.4 vertex -1.33939 3.23358 5.33086 vertex -1.17911 3.2954 5.31609 endloop endfacet facet normal 0.575609 -0.817725 0 outer loop vertex -2.08495 2.81123 1.411 vertex -2.05685 2.83101 1.99115 vertex -2.08495 2.81123 1.99484 endloop endfacet facet normal 0.575609 -0.817725 0 outer loop vertex -2.05685 2.83101 1.40885 vertex -2.05685 2.83101 1.99115 vertex -2.08495 2.81123 1.411 endloop endfacet facet normal 0.575829 -0.81757 0 outer loop vertex -2.05685 2.83101 1.99115 vertex -2.05685 2.83101 1.40885 vertex -1.9445 2.91014 1.98118 endloop endfacet facet normal 0.575819 -0.817577 2.79933e-06 outer loop vertex -1.97846 2.88622 1.39953 vertex -1.9445 2.91014 1.98118 vertex -2.05685 2.83101 1.40885 endloop endfacet facet normal 0.575851 -0.817555 0 outer loop vertex -1.9445 2.91014 1.98118 vertex -1.97846 2.88622 1.39953 vertex -1.9445 2.91014 1.39472 endloop endfacet facet normal 0.575609 -0.817725 0 outer loop vertex -2.08495 2.81123 3.411 vertex -2.05685 2.83101 3.99115 vertex -2.08495 2.81123 3.99484 endloop endfacet facet normal 0.575609 -0.817725 0 outer loop vertex -2.05685 2.83101 3.40885 vertex -2.05685 2.83101 3.99115 vertex -2.08495 2.81123 3.411 endloop endfacet facet normal 0.575829 -0.81757 0 outer loop vertex -2.05685 2.83101 3.99115 vertex -2.05685 2.83101 3.40885 vertex -1.9445 2.91014 3.98118 endloop endfacet facet normal 0.575819 -0.817577 2.79933e-06 outer loop vertex -1.97846 2.88622 3.39953 vertex -1.9445 2.91014 3.98118 vertex -2.05685 2.83101 3.40885 endloop endfacet facet normal 0.575851 -0.817555 0 outer loop vertex -1.9445 2.91014 3.98118 vertex -1.97846 2.88622 3.39953 vertex -1.9445 2.91014 3.39472 endloop endfacet facet normal 0.575861 -0.817546 -0.00115597 outer loop vertex -1.97846 2.88622 5.39953 vertex -1.9445 2.91014 5.4 vertex -1.98242 2.88343 5.4 endloop endfacet facet normal 0.575851 -0.817555 0 outer loop vertex -1.9445 2.91014 5.4 vertex -1.97846 2.88622 5.39953 vertex -1.9445 2.91014 5.39472 endloop endfacet facet normal -0.535002 0.844851 0 outer loop vertex 1.9445 -2.91014 0.394723 vertex 1.79936 -3.00205 0.965847 vertex 1.9445 -2.91014 0.981184 endloop endfacet facet normal -0.535002 0.844851 0 outer loop vertex 1.79936 -3.00205 0.965847 vertex 1.9445 -2.91014 0.394723 vertex 1.79936 -3.00205 0.377674 endloop endfacet facet normal -0.535002 0.844851 0 outer loop vertex 1.9445 -2.91014 2.39472 vertex 1.79936 -3.00205 2.96585 vertex 1.9445 -2.91014 2.98118 endloop endfacet facet normal -0.535002 0.844851 0 outer loop vertex 1.79936 -3.00205 2.96585 vertex 1.9445 -2.91014 2.39472 vertex 1.79936 -3.00205 2.37767 endloop endfacet facet normal -0.535002 0.844851 0 outer loop vertex 1.9445 -2.91014 4.39472 vertex 1.79936 -3.00205 4.96585 vertex 1.9445 -2.91014 4.98118 endloop endfacet facet normal -0.535002 0.844851 0 outer loop vertex 1.79936 -3.00205 4.96585 vertex 1.9445 -2.91014 4.39472 vertex 1.79936 -3.00205 4.37767 endloop endfacet facet normal -0.949509 0.313738 0 outer loop vertex 3.32773 -1.08125 1.19103 vertex 3.34929 -1.016 0.613486 vertex 3.32773 -1.08125 0.608969 endloop endfacet facet normal -0.949509 0.313738 0 outer loop vertex 3.34929 -1.016 0.613486 vertex 3.32773 -1.08125 1.19103 vertex 3.34929 -1.016 1.19818 endloop endfacet facet normal -0.949551 0.313613 -1.53506e-05 outer loop vertex 3.2954 -1.17911 1.18391 vertex 3.32773 -1.08125 0.608969 vertex 3.29751 -1.17275 0.59927 endloop endfacet facet normal -0.94913 0.314884 0 outer loop vertex 3.2954 -1.17911 1.18391 vertex 3.29751 -1.17275 0.59927 vertex 3.2954 -1.17911 0.598473 endloop endfacet facet normal -0.949524 0.313694 0 outer loop vertex 3.32773 -1.08125 0.608969 vertex 3.2954 -1.17911 1.18391 vertex 3.32773 -1.08125 1.19103 endloop endfacet facet normal -0.949509 0.313738 0 outer loop vertex 3.32773 -1.08125 3.19103 vertex 3.34929 -1.016 2.61349 vertex 3.32773 -1.08125 2.60897 endloop endfacet facet normal -0.949509 0.313738 0 outer loop vertex 3.34929 -1.016 2.61349 vertex 3.32773 -1.08125 3.19103 vertex 3.34929 -1.016 3.19818 endloop endfacet facet normal -0.949551 0.313613 -1.53506e-05 outer loop vertex 3.2954 -1.17911 3.18391 vertex 3.32773 -1.08125 2.60897 vertex 3.29751 -1.17275 2.59927 endloop endfacet facet normal -0.94913 0.314884 0 outer loop vertex 3.2954 -1.17911 3.18391 vertex 3.29751 -1.17275 2.59927 vertex 3.2954 -1.17911 2.59847 endloop endfacet facet normal -0.949524 0.313694 0 outer loop vertex 3.32773 -1.08125 2.60897 vertex 3.2954 -1.17911 3.18391 vertex 3.32773 -1.08125 3.19103 endloop endfacet facet normal -0.949509 0.313738 0 outer loop vertex 3.32773 -1.08125 5.19103 vertex 3.34929 -1.016 4.61349 vertex 3.32773 -1.08125 4.60897 endloop endfacet facet normal -0.949509 0.313738 0 outer loop vertex 3.34929 -1.016 4.61349 vertex 3.32773 -1.08125 5.19103 vertex 3.34929 -1.016 5.19818 endloop endfacet facet normal -0.949551 0.313613 -1.53506e-05 outer loop vertex 3.2954 -1.17911 5.18391 vertex 3.32773 -1.08125 4.60897 vertex 3.29751 -1.17275 4.59927 endloop endfacet facet normal -0.94913 0.314884 0 outer loop vertex 3.2954 -1.17911 5.18391 vertex 3.29751 -1.17275 4.59927 vertex 3.2954 -1.17911 4.59847 endloop endfacet facet normal -0.949524 0.313694 0 outer loop vertex 3.32773 -1.08125 4.60897 vertex 3.2954 -1.17911 5.18391 vertex 3.32773 -1.08125 5.19103 endloop endfacet facet normal -0.492862 0.870107 0 outer loop vertex 1.79936 -3.00205 0.377674 vertex 1.67368 -3.07324 0.950559 vertex 1.79936 -3.00205 0.965847 endloop endfacet facet normal -0.492881 0.870096 -5.53738e-06 outer loop vertex 1.64989 -3.08672 0.363486 vertex 1.67368 -3.07324 0.950559 vertex 1.79936 -3.00205 0.377674 endloop endfacet facet normal -0.492985 0.870038 0 outer loop vertex 1.67368 -3.07324 0.950559 vertex 1.64989 -3.08672 0.363486 vertex 1.64989 -3.08672 0.948179 endloop endfacet facet normal -0.492862 0.870107 0 outer loop vertex 1.79936 -3.00205 2.37767 vertex 1.67368 -3.07324 2.95056 vertex 1.79936 -3.00205 2.96585 endloop endfacet facet normal -0.492881 0.870096 -5.53739e-06 outer loop vertex 1.64989 -3.08672 2.36349 vertex 1.67368 -3.07324 2.95056 vertex 1.79936 -3.00205 2.37767 endloop endfacet facet normal -0.492985 0.870038 0 outer loop vertex 1.67368 -3.07324 2.95056 vertex 1.64989 -3.08672 2.36349 vertex 1.64989 -3.08672 2.94818 endloop endfacet facet normal -0.492862 0.870107 0 outer loop vertex 1.79936 -3.00205 4.37767 vertex 1.67368 -3.07324 4.95056 vertex 1.79936 -3.00205 4.96585 endloop endfacet facet normal -0.492881 0.870096 -5.53739e-06 outer loop vertex 1.64989 -3.08672 4.36349 vertex 1.67368 -3.07324 4.95056 vertex 1.79936 -3.00205 4.37767 endloop endfacet facet normal -0.492985 0.870038 0 outer loop vertex 1.67368 -3.07324 4.95056 vertex 1.64989 -3.08672 4.36349 vertex 1.64989 -3.08672 4.94818 endloop endfacet facet normal 0.788281 0.615315 0 outer loop vertex -2.77345 -2.13335 0.50039 vertex -2.81123 -2.08495 0 vertex -2.81123 -2.08495 0.494837 endloop endfacet facet normal 0.788385 0.615182 -0 outer loop vertex -2.70554 -2.22038 0 vertex -2.77345 -2.13335 0.50039 vertex -2.70554 -2.22038 0.512437 endloop endfacet facet normal 0.788348 0.615229 -1.33711e-05 outer loop vertex -2.77345 -2.13335 0.50039 vertex -2.70554 -2.22038 0 vertex -2.81123 -2.08495 0 endloop endfacet facet normal 0.788283 0.615313 -3.19587e-05 outer loop vertex -2.70554 -2.22038 1.92461 vertex -2.81123 -2.08495 2.49484 vertex -2.77345 -2.13335 2.50039 endloop endfacet facet normal 0.788385 0.615182 -0 outer loop vertex -2.70554 -2.22038 1.92461 vertex -2.77345 -2.13335 2.50039 vertex -2.70554 -2.22038 2.51244 endloop endfacet facet normal 0.788348 0.615229 0 outer loop vertex -2.81123 -2.08495 2.49484 vertex -2.70554 -2.22038 1.92461 vertex -2.81123 -2.08495 1.911 endloop endfacet facet normal 0.788283 0.615313 -3.19587e-05 outer loop vertex -2.70554 -2.22038 3.92461 vertex -2.81123 -2.08495 4.49484 vertex -2.77345 -2.13335 4.50039 endloop endfacet facet normal 0.788385 0.615182 -0 outer loop vertex -2.70554 -2.22038 3.92461 vertex -2.77345 -2.13335 4.50039 vertex -2.70554 -2.22038 4.51244 endloop endfacet facet normal 0.788348 0.615229 0 outer loop vertex -2.81123 -2.08495 4.49484 vertex -2.70554 -2.22038 3.92461 vertex -2.81123 -2.08495 3.911 endloop endfacet facet normal 0.0735209 0.997294 -0 outer loop vertex -0.171737 -3.49578 0.191086 vertex -0.34306 -3.48315 0.762437 vertex -0.171737 -3.49578 0.778346 endloop endfacet facet normal 0.0735209 0.997294 0 outer loop vertex -0.34306 -3.48315 0.762437 vertex -0.171737 -3.49578 0.191086 vertex -0.34306 -3.48315 0.174607 endloop endfacet facet normal 0.0735209 0.997294 -0 outer loop vertex -0.171737 -3.49578 2.19109 vertex -0.34306 -3.48315 2.76244 vertex -0.171737 -3.49578 2.77835 endloop endfacet facet normal 0.0735209 0.997294 0 outer loop vertex -0.34306 -3.48315 2.76244 vertex -0.171737 -3.49578 2.19109 vertex -0.34306 -3.48315 2.17461 endloop endfacet facet normal 0.0735209 0.997294 -0 outer loop vertex -0.171737 -3.49578 4.19109 vertex -0.34306 -3.48315 4.76244 vertex -0.171737 -3.49578 4.77835 endloop endfacet facet normal 0.0735209 0.997294 0 outer loop vertex -0.34306 -3.48315 4.76244 vertex -0.171737 -3.49578 4.19109 vertex -0.34306 -3.48315 4.17461 endloop endfacet facet normal -0.844851 0.535002 0 outer loop vertex 2.91014 -1.9445 1.10528 vertex 3.00205 -1.79936 0.534152 vertex 2.91014 -1.9445 0.518815 endloop endfacet facet normal -0.844851 0.535002 0 outer loop vertex 3.00205 -1.79936 0.534152 vertex 2.91014 -1.9445 1.10528 vertex 3.00205 -1.79936 1.12233 endloop endfacet facet normal -0.844851 0.535002 0 outer loop vertex 2.91014 -1.9445 3.10528 vertex 3.00205 -1.79936 2.53415 vertex 2.91014 -1.9445 2.51882 endloop endfacet facet normal -0.844851 0.535002 0 outer loop vertex 3.00205 -1.79936 2.53415 vertex 2.91014 -1.9445 3.10528 vertex 3.00205 -1.79936 3.12233 endloop endfacet facet normal -0.844851 0.535002 0 outer loop vertex 2.91014 -1.9445 5.10528 vertex 3.00205 -1.79936 4.53415 vertex 2.91014 -1.9445 4.51882 endloop endfacet facet normal -0.844851 0.535002 0 outer loop vertex 3.00205 -1.79936 4.53415 vertex 2.91014 -1.9445 5.10528 vertex 3.00205 -1.79936 5.12232 endloop endfacet facet normal 0.449657 -0.893201 0 outer loop vertex -1.64989 3.08672 1.36349 vertex -1.58851 3.11762 1.94103 vertex -1.64989 3.08672 1.94818 endloop endfacet facet normal 0.449657 -0.893201 0 outer loop vertex -1.58851 3.11762 1.35897 vertex -1.58851 3.11762 1.94103 vertex -1.64989 3.08672 1.36349 endloop endfacet facet normal 0.449579 -0.89324 0 outer loop vertex -1.58851 3.11762 1.94103 vertex -1.58851 3.11762 1.35897 vertex -1.49644 3.16396 1.93391 endloop endfacet facet normal 0.449619 -0.893221 -7.90504e-06 outer loop vertex -1.50243 3.16095 1.34927 vertex -1.49644 3.16396 1.93391 vertex -1.58851 3.11762 1.35897 endloop endfacet facet normal 0.449003 -0.89353 0 outer loop vertex -1.49644 3.16396 1.93391 vertex -1.50243 3.16095 1.34927 vertex -1.49644 3.16396 1.34847 endloop endfacet facet normal 0.449657 -0.893201 0 outer loop vertex -1.64989 3.08672 3.36349 vertex -1.58851 3.11762 3.94103 vertex -1.64989 3.08672 3.94818 endloop endfacet facet normal 0.449657 -0.893201 0 outer loop vertex -1.58851 3.11762 3.35897 vertex -1.58851 3.11762 3.94103 vertex -1.64989 3.08672 3.36349 endloop endfacet facet normal 0.449579 -0.89324 0 outer loop vertex -1.58851 3.11762 3.94103 vertex -1.58851 3.11762 3.35897 vertex -1.49644 3.16396 3.93391 endloop endfacet facet normal 0.449619 -0.893221 -7.90504e-06 outer loop vertex -1.50243 3.16095 3.34927 vertex -1.49644 3.16396 3.93391 vertex -1.58851 3.11762 3.35897 endloop endfacet facet normal 0.449003 -0.89353 0 outer loop vertex -1.49644 3.16396 3.93391 vertex -1.50243 3.16095 3.34927 vertex -1.49644 3.16396 3.34847 endloop endfacet facet normal 0.449657 -0.893201 0 outer loop vertex -1.58851 3.11762 5.35897 vertex -1.64989 3.08672 5.4 vertex -1.64989 3.08672 5.36349 endloop endfacet facet normal 0.44961 -0.893225 -8.70802e-05 outer loop vertex -1.64989 3.08672 5.4 vertex -1.58851 3.11762 5.35897 vertex -1.49644 3.16396 5.4 endloop endfacet facet normal 0.449611 -0.893224 -9.00099e-05 outer loop vertex -1.50243 3.16095 5.34927 vertex -1.49644 3.16396 5.4 vertex -1.58851 3.11762 5.35897 endloop endfacet facet normal 0.449003 -0.89353 0 outer loop vertex -1.49644 3.16396 5.4 vertex -1.50243 3.16095 5.34927 vertex -1.49644 3.16396 5.34847 endloop endfacet facet normal 0.985253 0.171105 -0 outer loop vertex -3.45624 -0.547414 1.75885 vertex -3.46212 -0.513556 2.339 vertex -3.45624 -0.547414 2.34115 endloop endfacet facet normal 0.985253 0.171105 0 outer loop vertex -3.46212 -0.513556 2.339 vertex -3.45624 -0.547414 1.75885 vertex -3.46212 -0.513556 1.75516 endloop endfacet facet normal 0.985282 0.170935 -1.21104e-06 outer loop vertex -3.43275 -0.682816 1.76882 vertex -3.45624 -0.547414 2.34115 vertex -3.43985 -0.641887 2.35047 endloop endfacet facet normal 0.985285 0.170919 -0 outer loop vertex -3.43275 -0.682816 1.76882 vertex -3.43985 -0.641887 2.35047 vertex -3.43275 -0.682816 2.35528 endloop endfacet facet normal 0.985283 0.17093 0 outer loop vertex -3.45624 -0.547414 2.34115 vertex -3.43275 -0.682816 1.76882 vertex -3.45624 -0.547414 1.75885 endloop endfacet facet normal 0.985253 0.171105 0 outer loop vertex -3.45624 -0.547414 0.341146 vertex -3.46212 -0.513556 0 vertex -3.46212 -0.513556 0.339004 endloop endfacet facet normal 0.985282 0.170935 -2.00077e-06 outer loop vertex -3.43275 -0.682816 0 vertex -3.45624 -0.547414 0.341146 vertex -3.43985 -0.641887 0.350471 endloop endfacet facet normal 0.985285 0.170919 -0 outer loop vertex -3.43275 -0.682816 0 vertex -3.43985 -0.641887 0.350471 vertex -3.43275 -0.682816 0.355276 endloop endfacet facet normal 0.985277 0.170965 -1.43219e-05 outer loop vertex -3.45624 -0.547414 0.341146 vertex -3.43275 -0.682816 0 vertex -3.46212 -0.513556 0 endloop endfacet facet normal 0.985253 0.171105 -0 outer loop vertex -3.45624 -0.547414 3.75885 vertex -3.46212 -0.513556 4.339 vertex -3.45624 -0.547414 4.34115 endloop endfacet facet normal 0.985253 0.171105 0 outer loop vertex -3.46212 -0.513556 4.339 vertex -3.45624 -0.547414 3.75885 vertex -3.46212 -0.513556 3.75516 endloop endfacet facet normal 0.985282 0.170935 -1.21104e-06 outer loop vertex -3.43275 -0.682816 3.76882 vertex -3.45624 -0.547414 4.34115 vertex -3.43985 -0.641887 4.35047 endloop endfacet facet normal 0.985285 0.170919 -0 outer loop vertex -3.43275 -0.682816 3.76882 vertex -3.43985 -0.641887 4.35047 vertex -3.43275 -0.682816 4.35528 endloop endfacet facet normal 0.985283 0.17093 0 outer loop vertex -3.45624 -0.547414 4.34115 vertex -3.43275 -0.682816 3.76882 vertex -3.45624 -0.547414 3.75885 endloop endfacet facet normal -0.757202 -0.65318 -0 outer loop vertex 2.70554 2.22038 1.51244 vertex 2.59333 2.35046 0.941086 vertex 2.70554 2.22038 0.924607 endloop endfacet facet normal -0.757202 -0.65318 0 outer loop vertex 2.59333 2.35046 0.941086 vertex 2.70554 2.22038 1.51244 vertex 2.59333 2.35046 1.52835 endloop endfacet facet normal -0.757202 -0.65318 -0 outer loop vertex 2.70554 2.22038 3.51244 vertex 2.59333 2.35046 2.94109 vertex 2.70554 2.22038 2.92461 endloop endfacet facet normal -0.757202 -0.65318 0 outer loop vertex 2.59333 2.35046 2.94109 vertex 2.70554 2.22038 3.51244 vertex 2.59333 2.35046 3.52835 endloop endfacet facet normal -0.757202 -0.65318 -0 outer loop vertex 2.70554 2.22038 5.4 vertex 2.59333 2.35046 4.94109 vertex 2.70554 2.22038 4.92461 endloop endfacet facet normal -0.757202 -0.65318 0 outer loop vertex 2.59333 2.35046 4.94109 vertex 2.70554 2.22038 5.4 vertex 2.59333 2.35046 5.4 endloop endfacet facet normal -0.219107 0.975701 0 outer loop vertex 0.85043 -3.39511 0.284152 vertex 0.682816 -3.43275 0.855276 vertex 0.85043 -3.39511 0.872325 endloop endfacet facet normal -0.219107 0.975701 0 outer loop vertex 0.682816 -3.43275 0.855276 vertex 0.85043 -3.39511 0.284152 vertex 0.682816 -3.43275 0.268815 endloop endfacet facet normal -0.219107 0.975701 0 outer loop vertex 0.85043 -3.39511 2.28415 vertex 0.682816 -3.43275 2.85528 vertex 0.85043 -3.39511 2.87233 endloop endfacet facet normal -0.219107 0.975701 0 outer loop vertex 0.682816 -3.43275 2.85528 vertex 0.85043 -3.39511 2.28415 vertex 0.682816 -3.43275 2.26882 endloop endfacet facet normal -0.219107 0.975701 0 outer loop vertex 0.85043 -3.39511 4.28415 vertex 0.682816 -3.43275 4.85528 vertex 0.85043 -3.39511 4.87233 endloop endfacet facet normal -0.219107 0.975701 0 outer loop vertex 0.682816 -3.43275 4.85528 vertex 0.85043 -3.39511 4.28415 vertex 0.682816 -3.43275 4.26882 endloop endfacet facet normal 0.535002 0.844851 -0 outer loop vertex -1.79936 -3.00205 0.0341522 vertex -1.9445 -2.91014 0.605276 vertex -1.79936 -3.00205 0.622325 endloop endfacet facet normal 0.535002 0.844851 0 outer loop vertex -1.9445 -2.91014 0.605276 vertex -1.79936 -3.00205 0.0341522 vertex -1.9445 -2.91014 0.0188154 endloop endfacet facet normal 0.535002 0.844851 -0 outer loop vertex -1.79936 -3.00205 2.03415 vertex -1.9445 -2.91014 2.60528 vertex -1.79936 -3.00205 2.62233 endloop endfacet facet normal 0.535002 0.844851 0 outer loop vertex -1.9445 -2.91014 2.60528 vertex -1.79936 -3.00205 2.03415 vertex -1.9445 -2.91014 2.01882 endloop endfacet facet normal 0.535002 0.844851 -0 outer loop vertex -1.79936 -3.00205 4.03415 vertex -1.9445 -2.91014 4.60528 vertex -1.79936 -3.00205 4.62232 endloop endfacet facet normal 0.535002 0.844851 0 outer loop vertex -1.9445 -2.91014 4.60528 vertex -1.79936 -3.00205 4.03415 vertex -1.9445 -2.91014 4.01882 endloop endfacet facet normal 0.817725 -0.575609 0 outer loop vertex -2.83101 2.05685 0.0911458 vertex -2.81123 2.08495 0 vertex -2.81123 2.08495 0.0890037 endloop endfacet facet normal 0.817576 -0.57582 -1.56877e-05 outer loop vertex -2.91014 1.9445 0 vertex -2.83101 2.05685 0.0911458 vertex -2.88622 1.97846 0.100471 endloop endfacet facet normal 0.817555 -0.575851 0 outer loop vertex -2.91014 1.9445 0 vertex -2.88622 1.97846 0.100471 vertex -2.91014 1.9445 0.105276 endloop endfacet facet normal 0.817601 -0.575785 -8.11123e-05 outer loop vertex -2.83101 2.05685 0.0911458 vertex -2.91014 1.9445 0 vertex -2.81123 2.08495 0 endloop endfacet facet normal 0.817725 -0.575609 0 outer loop vertex -2.83101 2.05685 1.50885 vertex -2.81123 2.08495 2.089 vertex -2.83101 2.05685 2.09115 endloop endfacet facet normal 0.817725 -0.575609 0 outer loop vertex -2.81123 2.08495 2.089 vertex -2.83101 2.05685 1.50885 vertex -2.81123 2.08495 1.50516 endloop endfacet facet normal 0.817577 -0.575819 -2.79933e-06 outer loop vertex -2.91014 1.9445 1.51882 vertex -2.83101 2.05685 2.09115 vertex -2.88622 1.97846 2.10047 endloop endfacet facet normal 0.817555 -0.575851 0 outer loop vertex -2.91014 1.9445 1.51882 vertex -2.88622 1.97846 2.10047 vertex -2.91014 1.9445 2.10528 endloop endfacet facet normal 0.81757 -0.575829 0 outer loop vertex -2.83101 2.05685 2.09115 vertex -2.91014 1.9445 1.51882 vertex -2.83101 2.05685 1.50885 endloop endfacet facet normal 0.817725 -0.575609 0 outer loop vertex -2.83101 2.05685 3.50885 vertex -2.81123 2.08495 4.089 vertex -2.83101 2.05685 4.09115 endloop endfacet facet normal 0.817725 -0.575609 0 outer loop vertex -2.81123 2.08495 4.089 vertex -2.83101 2.05685 3.50885 vertex -2.81123 2.08495 3.50516 endloop endfacet facet normal 0.817577 -0.575819 -2.79933e-06 outer loop vertex -2.91014 1.9445 3.51882 vertex -2.83101 2.05685 4.09115 vertex -2.88622 1.97846 4.10047 endloop endfacet facet normal 0.817555 -0.575851 0 outer loop vertex -2.91014 1.9445 3.51882 vertex -2.88622 1.97846 4.10047 vertex -2.91014 1.9445 4.10528 endloop endfacet facet normal 0.81757 -0.575829 0 outer loop vertex -2.83101 2.05685 4.09115 vertex -2.91014 1.9445 3.51882 vertex -2.83101 2.05685 3.50885 endloop endfacet facet normal -0.0735209 0.997294 0 outer loop vertex 0.34306 -3.48315 0.237563 vertex 0.171737 -3.49578 0.808913 vertex 0.34306 -3.48315 0.825393 endloop endfacet facet normal -0.0735209 0.997294 0 outer loop vertex 0.171737 -3.49578 0.808913 vertex 0.34306 -3.48315 0.237563 vertex 0.171737 -3.49578 0.221654 endloop endfacet facet normal -0.0735209 0.997294 0 outer loop vertex 0.34306 -3.48315 2.23756 vertex 0.171737 -3.49578 2.80891 vertex 0.34306 -3.48315 2.82539 endloop endfacet facet normal -0.0735209 0.997294 0 outer loop vertex 0.171737 -3.49578 2.80891 vertex 0.34306 -3.48315 2.23756 vertex 0.171737 -3.49578 2.22165 endloop endfacet facet normal -0.0735209 0.997294 0 outer loop vertex 0.34306 -3.48315 4.23756 vertex 0.171737 -3.49578 4.80891 vertex 0.34306 -3.48315 4.82539 endloop endfacet facet normal -0.0735209 0.997294 0 outer loop vertex 0.171737 -3.49578 4.80891 vertex 0.34306 -3.48315 4.23756 vertex 0.171737 -3.49578 4.22165 endloop endfacet facet normal 0.535002 -0.844851 0 outer loop vertex -1.9445 2.91014 1.39472 vertex -1.79936 3.00205 1.96585 vertex -1.9445 2.91014 1.98118 endloop endfacet facet normal 0.535002 -0.844851 0 outer loop vertex -1.79936 3.00205 1.96585 vertex -1.9445 2.91014 1.39472 vertex -1.79936 3.00205 1.37767 endloop endfacet facet normal 0.535002 -0.844851 0 outer loop vertex -1.9445 2.91014 3.39472 vertex -1.79936 3.00205 3.96585 vertex -1.9445 2.91014 3.98118 endloop endfacet facet normal 0.535002 -0.844851 0 outer loop vertex -1.79936 3.00205 3.96585 vertex -1.9445 2.91014 3.39472 vertex -1.79936 3.00205 3.37767 endloop endfacet facet normal 0.535002 -0.844851 0 outer loop vertex -1.9445 2.91014 5.39472 vertex -1.79936 3.00205 5.4 vertex -1.9445 2.91014 5.4 endloop endfacet facet normal 0.535002 -0.844851 0 outer loop vertex -1.79936 3.00205 5.4 vertex -1.9445 2.91014 5.39472 vertex -1.79936 3.00205 5.37767 endloop endfacet facet normal -0.817555 0.575851 0 outer loop vertex 2.91014 -1.9445 0.518815 vertex 2.88622 -1.97846 1.10047 vertex 2.91014 -1.9445 1.10528 endloop endfacet facet normal -0.81757 0.575829 0 outer loop vertex 2.83101 -2.05685 1.09115 vertex 2.91014 -1.9445 0.518815 vertex 2.83101 -2.05685 0.508853 endloop endfacet facet normal -0.817577 0.575819 -2.79931e-06 outer loop vertex 2.91014 -1.9445 0.518815 vertex 2.83101 -2.05685 1.09115 vertex 2.88622 -1.97846 1.10047 endloop endfacet facet normal -0.817725 0.575609 0 outer loop vertex 2.81123 -2.08495 1.089 vertex 2.83101 -2.05685 0.508853 vertex 2.81123 -2.08495 0.505162 endloop endfacet facet normal -0.817725 0.575609 0 outer loop vertex 2.83101 -2.05685 0.508853 vertex 2.81123 -2.08495 1.089 vertex 2.83101 -2.05685 1.09115 endloop endfacet facet normal -0.817555 0.575851 0 outer loop vertex 2.91014 -1.9445 2.51882 vertex 2.88622 -1.97846 3.10047 vertex 2.91014 -1.9445 3.10528 endloop endfacet facet normal -0.81757 0.575829 0 outer loop vertex 2.83101 -2.05685 3.09115 vertex 2.91014 -1.9445 2.51882 vertex 2.83101 -2.05685 2.50885 endloop endfacet facet normal -0.817577 0.575819 -2.79933e-06 outer loop vertex 2.91014 -1.9445 2.51882 vertex 2.83101 -2.05685 3.09115 vertex 2.88622 -1.97846 3.10047 endloop endfacet facet normal -0.817725 0.575609 0 outer loop vertex 2.81123 -2.08495 3.089 vertex 2.83101 -2.05685 2.50885 vertex 2.81123 -2.08495 2.50516 endloop endfacet facet normal -0.817725 0.575609 0 outer loop vertex 2.83101 -2.05685 2.50885 vertex 2.81123 -2.08495 3.089 vertex 2.83101 -2.05685 3.09115 endloop endfacet facet normal -0.817555 0.575851 0 outer loop vertex 2.91014 -1.9445 4.51882 vertex 2.88622 -1.97846 5.10047 vertex 2.91014 -1.9445 5.10528 endloop endfacet facet normal -0.81757 0.575829 0 outer loop vertex 2.83101 -2.05685 5.09115 vertex 2.91014 -1.9445 4.51882 vertex 2.83101 -2.05685 4.50885 endloop endfacet facet normal -0.817577 0.575819 -2.79933e-06 outer loop vertex 2.91014 -1.9445 4.51882 vertex 2.83101 -2.05685 5.09115 vertex 2.88622 -1.97846 5.10047 endloop endfacet facet normal -0.817725 0.575609 0 outer loop vertex 2.81123 -2.08495 5.089 vertex 2.83101 -2.05685 4.50885 vertex 2.81123 -2.08495 4.50516 endloop endfacet facet normal -0.817725 0.575609 0 outer loop vertex 2.83101 -2.05685 4.50885 vertex 2.81123 -2.08495 5.089 vertex 2.83101 -2.05685 5.09115 endloop endfacet facet normal 0.219107 0.975701 -0 outer loop vertex -0.682816 -3.43275 0.144723 vertex -0.85043 -3.39511 0.715847 vertex -0.682816 -3.43275 0.731184 endloop endfacet facet normal 0.219107 0.975701 0 outer loop vertex -0.85043 -3.39511 0.715847 vertex -0.682816 -3.43275 0.144723 vertex -0.85043 -3.39511 0.127674 endloop endfacet facet normal 0.219107 0.975701 -0 outer loop vertex -0.682816 -3.43275 2.14472 vertex -0.85043 -3.39511 2.71585 vertex -0.682816 -3.43275 2.73118 endloop endfacet facet normal 0.219107 0.975701 0 outer loop vertex -0.85043 -3.39511 2.71585 vertex -0.682816 -3.43275 2.14472 vertex -0.85043 -3.39511 2.12767 endloop endfacet facet normal 0.219107 0.975701 -0 outer loop vertex -0.682816 -3.43275 4.14472 vertex -0.85043 -3.39511 4.71585 vertex -0.682816 -3.43275 4.73118 endloop endfacet facet normal 0.219107 0.975701 0 outer loop vertex -0.85043 -3.39511 4.71585 vertex -0.682816 -3.43275 4.14472 vertex -0.85043 -3.39511 4.12767 endloop endfacet facet normal -0.992472 0.12247 0 outer loop vertex 3.48315 -0.34306 0.674607 vertex 3.46963 -0.452623 1.25039 vertex 3.48315 -0.34306 1.26244 endloop endfacet facet normal -0.992479 0.122419 -9.9191e-06 outer loop vertex 3.46212 -0.513556 0.660995 vertex 3.46963 -0.452623 1.25039 vertex 3.48315 -0.34306 0.674607 endloop endfacet facet normal -0.99249 0.122325 0 outer loop vertex 3.46963 -0.452623 1.25039 vertex 3.46212 -0.513556 0.660995 vertex 3.46212 -0.513556 1.24484 endloop endfacet facet normal -0.992472 0.12247 0 outer loop vertex 3.48315 -0.34306 2.67461 vertex 3.46963 -0.452623 3.25039 vertex 3.48315 -0.34306 3.26244 endloop endfacet facet normal -0.992479 0.122419 -9.91917e-06 outer loop vertex 3.46212 -0.513556 2.661 vertex 3.46963 -0.452623 3.25039 vertex 3.48315 -0.34306 2.67461 endloop endfacet facet normal -0.99249 0.122325 0 outer loop vertex 3.46963 -0.452623 3.25039 vertex 3.46212 -0.513556 2.661 vertex 3.46212 -0.513556 3.24484 endloop endfacet facet normal -0.992472 0.12247 0 outer loop vertex 3.48315 -0.34306 4.67461 vertex 3.46963 -0.452623 5.25039 vertex 3.48315 -0.34306 5.26244 endloop endfacet facet normal -0.992479 0.122419 -9.91917e-06 outer loop vertex 3.46212 -0.513556 4.661 vertex 3.46963 -0.452623 5.25039 vertex 3.48315 -0.34306 4.67461 endloop endfacet facet normal -0.99249 0.122325 0 outer loop vertex 3.46963 -0.452623 5.25039 vertex 3.46212 -0.513556 4.661 vertex 3.46212 -0.513556 5.24484 endloop endfacet facet normal 0.171105 0.985253 -0 outer loop vertex -0.513556 -3.46212 0.160996 vertex -0.547414 -3.45624 0.741146 vertex -0.513556 -3.46212 0.744837 endloop endfacet facet normal 0.171105 0.985253 -0 outer loop vertex -0.547414 -3.45624 0.158853 vertex -0.547414 -3.45624 0.741146 vertex -0.513556 -3.46212 0.160996 endloop endfacet facet normal 0.17093 0.985283 0 outer loop vertex -0.547414 -3.45624 0.741146 vertex -0.547414 -3.45624 0.158853 vertex -0.682816 -3.43275 0.731184 endloop endfacet facet normal 0.170935 0.985282 1.21103e-06 outer loop vertex -0.641887 -3.43985 0.149528 vertex -0.682816 -3.43275 0.731184 vertex -0.547414 -3.45624 0.158853 endloop endfacet facet normal 0.170919 0.985285 0 outer loop vertex -0.682816 -3.43275 0.731184 vertex -0.641887 -3.43985 0.149528 vertex -0.682816 -3.43275 0.144723 endloop endfacet facet normal 0.171105 0.985253 -0 outer loop vertex -0.513556 -3.46212 2.161 vertex -0.547414 -3.45624 2.74115 vertex -0.513556 -3.46212 2.74484 endloop endfacet facet normal 0.171105 0.985253 -0 outer loop vertex -0.547414 -3.45624 2.15885 vertex -0.547414 -3.45624 2.74115 vertex -0.513556 -3.46212 2.161 endloop endfacet facet normal 0.17093 0.985283 0 outer loop vertex -0.547414 -3.45624 2.74115 vertex -0.547414 -3.45624 2.15885 vertex -0.682816 -3.43275 2.73118 endloop endfacet facet normal 0.170935 0.985282 1.21104e-06 outer loop vertex -0.641887 -3.43985 2.14953 vertex -0.682816 -3.43275 2.73118 vertex -0.547414 -3.45624 2.15885 endloop endfacet facet normal 0.170919 0.985285 0 outer loop vertex -0.682816 -3.43275 2.73118 vertex -0.641887 -3.43985 2.14953 vertex -0.682816 -3.43275 2.14472 endloop endfacet facet normal 0.171105 0.985253 -0 outer loop vertex -0.513556 -3.46212 4.161 vertex -0.547414 -3.45624 4.74115 vertex -0.513556 -3.46212 4.74484 endloop endfacet facet normal 0.171105 0.985253 -0 outer loop vertex -0.547414 -3.45624 4.15885 vertex -0.547414 -3.45624 4.74115 vertex -0.513556 -3.46212 4.161 endloop endfacet facet normal 0.17093 0.985283 0 outer loop vertex -0.547414 -3.45624 4.74115 vertex -0.547414 -3.45624 4.15885 vertex -0.682816 -3.43275 4.73118 endloop endfacet facet normal 0.170935 0.985282 1.21104e-06 outer loop vertex -0.641887 -3.43985 4.14953 vertex -0.682816 -3.43275 4.73118 vertex -0.547414 -3.45624 4.15885 endloop endfacet facet normal 0.170919 0.985285 0 outer loop vertex -0.682816 -3.43275 4.73118 vertex -0.641887 -3.43985 4.14953 vertex -0.682816 -3.43275 4.14472 endloop endfacet facet normal -0.788385 -0.615182 0 outer loop vertex 2.70554 2.22038 0.924607 vertex 2.77345 2.13335 1.50039 vertex 2.70554 2.22038 1.51244 endloop endfacet facet normal -0.788348 -0.615229 -0 outer loop vertex 2.81123 2.08495 1.49484 vertex 2.70554 2.22038 0.924607 vertex 2.81123 2.08495 0.910995 endloop endfacet facet normal -0.788283 -0.615313 -3.19585e-05 outer loop vertex 2.70554 2.22038 0.924607 vertex 2.81123 2.08495 1.49484 vertex 2.77345 2.13335 1.50039 endloop endfacet facet normal -0.788385 -0.615182 0 outer loop vertex 2.70554 2.22038 2.92461 vertex 2.77345 2.13335 3.50039 vertex 2.70554 2.22038 3.51244 endloop endfacet facet normal -0.788348 -0.615229 -0 outer loop vertex 2.81123 2.08495 3.49484 vertex 2.70554 2.22038 2.92461 vertex 2.81123 2.08495 2.911 endloop endfacet facet normal -0.788283 -0.615313 -3.19587e-05 outer loop vertex 2.70554 2.22038 2.92461 vertex 2.81123 2.08495 3.49484 vertex 2.77345 2.13335 3.50039 endloop endfacet facet normal -0.788348 -0.615229 -0 outer loop vertex 2.81123 2.08495 5.4 vertex 2.70554 2.22038 4.92461 vertex 2.81123 2.08495 4.911 endloop endfacet facet normal -0.788348 -0.615229 0 outer loop vertex 2.70554 2.22038 4.92461 vertex 2.81123 2.08495 5.4 vertex 2.70554 2.22038 5.4 endloop endfacet facet normal 0.405263 0.9142 -0 outer loop vertex -1.33939 -3.23358 0.080856 vertex -1.49644 -3.16396 0.651526 vertex -1.33939 -3.23358 0.669143 endloop endfacet facet normal 0.405263 0.9142 0 outer loop vertex -1.49644 -3.16396 0.651526 vertex -1.33939 -3.23358 0.080856 vertex -1.49644 -3.16396 0.0660929 endloop endfacet facet normal 0.405263 0.9142 -0 outer loop vertex -1.33939 -3.23358 2.08086 vertex -1.49644 -3.16396 2.65153 vertex -1.33939 -3.23358 2.66914 endloop endfacet facet normal 0.405263 0.9142 0 outer loop vertex -1.49644 -3.16396 2.65153 vertex -1.33939 -3.23358 2.08086 vertex -1.49644 -3.16396 2.06609 endloop endfacet facet normal 0.405263 0.9142 -0 outer loop vertex -1.33939 -3.23358 4.08086 vertex -1.49644 -3.16396 4.65153 vertex -1.33939 -3.23358 4.66914 endloop endfacet facet normal 0.405263 0.9142 0 outer loop vertex -1.49644 -3.16396 4.65153 vertex -1.33939 -3.23358 4.08086 vertex -1.49644 -3.16396 4.06609 endloop endfacet facet normal 0.89353 0.449003 0 outer loop vertex -3.16396 -1.49644 2.43391 vertex -3.16095 -1.50243 1.84927 vertex -3.16396 -1.49644 1.84847 endloop endfacet facet normal 0.89324 0.449579 -0 outer loop vertex -3.11762 -1.58851 1.85897 vertex -3.16396 -1.49644 2.43391 vertex -3.11762 -1.58851 2.44103 endloop endfacet facet normal 0.893221 0.449619 -7.90504e-06 outer loop vertex -3.16396 -1.49644 2.43391 vertex -3.11762 -1.58851 1.85897 vertex -3.16095 -1.50243 1.84927 endloop endfacet facet normal 0.893201 0.449657 -0 outer loop vertex -3.08672 -1.64989 1.86349 vertex -3.11762 -1.58851 2.44103 vertex -3.08672 -1.64989 2.44818 endloop endfacet facet normal 0.893201 0.449657 0 outer loop vertex -3.11762 -1.58851 2.44103 vertex -3.08672 -1.64989 1.86349 vertex -3.11762 -1.58851 1.85897 endloop endfacet facet normal 0.89324 0.449579 0 outer loop vertex -3.11762 -1.58851 0.44103 vertex -3.16396 -1.49644 0 vertex -3.16396 -1.49644 0.433906 endloop endfacet facet normal 0.893201 0.449657 -0 outer loop vertex -3.08672 -1.64989 0 vertex -3.11762 -1.58851 0.44103 vertex -3.08672 -1.64989 0.448179 endloop endfacet facet normal 0.893225 0.44961 8.10126e-06 outer loop vertex -3.11762 -1.58851 0.44103 vertex -3.08672 -1.64989 0 vertex -3.16396 -1.49644 0 endloop endfacet facet normal 0.89353 0.449003 0 outer loop vertex -3.16396 -1.49644 4.43391 vertex -3.16095 -1.50243 3.84927 vertex -3.16396 -1.49644 3.84847 endloop endfacet facet normal 0.89324 0.449579 -0 outer loop vertex -3.11762 -1.58851 3.85897 vertex -3.16396 -1.49644 4.43391 vertex -3.11762 -1.58851 4.44103 endloop endfacet facet normal 0.893221 0.449619 -7.90504e-06 outer loop vertex -3.16396 -1.49644 4.43391 vertex -3.11762 -1.58851 3.85897 vertex -3.16095 -1.50243 3.84927 endloop endfacet facet normal 0.893201 0.449657 -0 outer loop vertex -3.08672 -1.64989 3.86349 vertex -3.11762 -1.58851 4.44103 vertex -3.08672 -1.64989 4.44818 endloop endfacet facet normal 0.893201 0.449657 0 outer loop vertex -3.11762 -1.58851 4.44103 vertex -3.08672 -1.64989 3.86349 vertex -3.11762 -1.58851 3.85897 endloop endfacet facet normal 0.12247 0.992472 -0 outer loop vertex -0.34306 -3.48315 0.174607 vertex -0.452623 -3.46963 0.75039 vertex -0.34306 -3.48315 0.762437 endloop endfacet facet normal 0.122419 0.992479 -9.91911e-06 outer loop vertex -0.513556 -3.46212 0.160996 vertex -0.452623 -3.46963 0.75039 vertex -0.34306 -3.48315 0.174607 endloop endfacet facet normal 0.122325 0.99249 0 outer loop vertex -0.452623 -3.46963 0.75039 vertex -0.513556 -3.46212 0.160996 vertex -0.513556 -3.46212 0.744837 endloop endfacet facet normal 0.12247 0.992472 -0 outer loop vertex -0.34306 -3.48315 2.17461 vertex -0.452623 -3.46963 2.75039 vertex -0.34306 -3.48315 2.76244 endloop endfacet facet normal 0.122419 0.992479 -9.91917e-06 outer loop vertex -0.513556 -3.46212 2.161 vertex -0.452623 -3.46963 2.75039 vertex -0.34306 -3.48315 2.17461 endloop endfacet facet normal 0.122325 0.99249 0 outer loop vertex -0.452623 -3.46963 2.75039 vertex -0.513556 -3.46212 2.161 vertex -0.513556 -3.46212 2.74484 endloop endfacet facet normal 0.12247 0.992472 -0 outer loop vertex -0.34306 -3.48315 4.17461 vertex -0.452623 -3.46963 4.75039 vertex -0.34306 -3.48315 4.76244 endloop endfacet facet normal 0.122419 0.992479 -9.91917e-06 outer loop vertex -0.513556 -3.46212 4.161 vertex -0.452623 -3.46963 4.75039 vertex -0.34306 -3.48315 4.17461 endloop endfacet facet normal 0.122325 0.99249 0 outer loop vertex -0.452623 -3.46963 4.75039 vertex -0.513556 -3.46212 4.161 vertex -0.513556 -3.46212 4.74484 endloop endfacet facet normal 0.975701 0.219107 -0 outer loop vertex -3.39511 -0.85043 1.78415 vertex -3.43275 -0.682816 2.35528 vertex -3.39511 -0.85043 2.37233 endloop endfacet facet normal 0.975701 0.219107 0 outer loop vertex -3.43275 -0.682816 2.35528 vertex -3.39511 -0.85043 1.78415 vertex -3.43275 -0.682816 1.76882 endloop endfacet facet normal 0.975701 0.219107 -0 outer loop vertex -3.39511 -0.85043 0 vertex -3.43275 -0.682816 0.355276 vertex -3.39511 -0.85043 0.372325 endloop endfacet facet normal 0.975701 0.219107 0 outer loop vertex -3.43275 -0.682816 0.355276 vertex -3.39511 -0.85043 0 vertex -3.43275 -0.682816 0 endloop endfacet facet normal 0.975701 0.219107 -0 outer loop vertex -3.39511 -0.85043 3.78415 vertex -3.43275 -0.682816 4.35528 vertex -3.39511 -0.85043 4.37233 endloop endfacet facet normal 0.975701 0.219107 0 outer loop vertex -3.43275 -0.682816 4.35528 vertex -3.39511 -0.85043 3.78415 vertex -3.43275 -0.682816 3.76882 endloop endfacet facet normal 0.024565 0.999698 -0 outer loop vertex 0 -3.5 0.208621 vertex -0.171737 -3.49578 0.778346 vertex 0 -3.5 0.791379 endloop endfacet facet normal 0.0245584 0.999698 -2.0149e-06 outer loop vertex -0.0956623 -3.49765 0.19964 vertex -0.171737 -3.49578 0.778346 vertex 0 -3.5 0.208621 endloop endfacet facet normal 0.0245737 0.999698 0 outer loop vertex -0.171737 -3.49578 0.778346 vertex -0.0956623 -3.49765 0.19964 vertex -0.171737 -3.49578 0.191086 endloop endfacet facet normal 0.024565 0.999698 -0 outer loop vertex 0 -3.5 2.20862 vertex -0.171737 -3.49578 2.77835 vertex 0 -3.5 2.79138 endloop endfacet facet normal 0.0245584 0.999698 -2.01488e-06 outer loop vertex -0.0956623 -3.49765 2.19964 vertex -0.171737 -3.49578 2.77835 vertex 0 -3.5 2.20862 endloop endfacet facet normal 0.0245737 0.999698 0 outer loop vertex -0.171737 -3.49578 2.77835 vertex -0.0956623 -3.49765 2.19964 vertex -0.171737 -3.49578 2.19109 endloop endfacet facet normal 0.024565 0.999698 -0 outer loop vertex 0 -3.5 4.20862 vertex -0.171737 -3.49578 4.77835 vertex 0 -3.5 4.79138 endloop endfacet facet normal 0.0245584 0.999698 -2.01488e-06 outer loop vertex -0.0956623 -3.49765 4.19964 vertex -0.171737 -3.49578 4.77835 vertex 0 -3.5 4.20862 endloop endfacet facet normal 0.0245737 0.999698 0 outer loop vertex -0.171737 -3.49578 4.77835 vertex -0.0956623 -3.49765 4.19964 vertex -0.171737 -3.49578 4.19109 endloop endfacet facet normal -0.266689 -0.963783 0 outer loop vertex 0.85043 3.39511 1.12767 vertex 0.989637 3.35659 1.70056 vertex 0.85043 3.39511 1.71585 endloop endfacet facet normal -0.266715 -0.963775 7.05049e-06 outer loop vertex 1.016 3.34929 1.11349 vertex 0.989637 3.35659 1.70056 vertex 0.85043 3.39511 1.12767 endloop endfacet facet normal -0.266861 -0.963735 0 outer loop vertex 0.989637 3.35659 1.70056 vertex 1.016 3.34929 1.11349 vertex 1.016 3.34929 1.69818 endloop endfacet facet normal -0.266689 -0.963783 0 outer loop vertex 0.85043 3.39511 3.12767 vertex 0.989637 3.35659 3.70056 vertex 0.85043 3.39511 3.71585 endloop endfacet facet normal -0.266715 -0.963775 7.05049e-06 outer loop vertex 1.016 3.34929 3.11349 vertex 0.989637 3.35659 3.70056 vertex 0.85043 3.39511 3.12767 endloop endfacet facet normal -0.266861 -0.963735 0 outer loop vertex 0.989637 3.35659 3.70056 vertex 1.016 3.34929 3.11349 vertex 1.016 3.34929 3.69818 endloop endfacet facet normal -0.266716 -0.963775 0 outer loop vertex 0.85043 3.39511 5.12767 vertex 1.016 3.34929 5.4 vertex 0.85043 3.39511 5.4 endloop endfacet facet normal -0.266716 -0.963775 -0 outer loop vertex 1.016 3.34929 5.4 vertex 0.85043 3.39511 5.12767 vertex 1.016 3.34929 5.11349 endloop endfacet facet normal 0.266861 -0.963735 0 outer loop vertex -0.989637 3.35659 1.29944 vertex -1.016 3.34929 1.88651 vertex -1.016 3.34929 1.30182 endloop endfacet facet normal 0.266715 -0.963775 -7.05049e-06 outer loop vertex -1.016 3.34929 1.88651 vertex -0.989637 3.35659 1.29944 vertex -0.85043 3.39511 1.87233 endloop endfacet facet normal 0.266689 -0.963783 0 outer loop vertex -0.85043 3.39511 1.87233 vertex -0.989637 3.35659 1.29944 vertex -0.85043 3.39511 1.28415 endloop endfacet facet normal 0.266861 -0.963735 0 outer loop vertex -0.989637 3.35659 3.29944 vertex -1.016 3.34929 3.88651 vertex -1.016 3.34929 3.30182 endloop endfacet facet normal 0.266715 -0.963775 -7.05049e-06 outer loop vertex -1.016 3.34929 3.88651 vertex -0.989637 3.35659 3.29944 vertex -0.85043 3.39511 3.87233 endloop endfacet facet normal 0.266689 -0.963783 0 outer loop vertex -0.85043 3.39511 3.87233 vertex -0.989637 3.35659 3.29944 vertex -0.85043 3.39511 3.28415 endloop endfacet facet normal 0.266861 -0.963735 0 outer loop vertex -0.989637 3.35659 5.29944 vertex -1.016 3.34929 5.4 vertex -1.016 3.34929 5.30182 endloop endfacet facet normal 0.266716 -0.963775 -4.10025e-05 outer loop vertex -1.016 3.34929 5.4 vertex -0.989637 3.35659 5.29944 vertex -0.85043 3.39511 5.4 endloop endfacet facet normal 0.266689 -0.963783 0 outer loop vertex -0.85043 3.39511 5.4 vertex -0.989637 3.35659 5.29944 vertex -0.85043 3.39511 5.28415 endloop endfacet facet normal 0.817555 0.575851 0 outer loop vertex -2.91014 -1.9445 2.48118 vertex -2.88622 -1.97846 1.89953 vertex -2.91014 -1.9445 1.89472 endloop endfacet facet normal 0.81757 0.575829 -0 outer loop vertex -2.83101 -2.05685 1.90885 vertex -2.91014 -1.9445 2.48118 vertex -2.83101 -2.05685 2.49115 endloop endfacet facet normal 0.817577 0.575819 2.79933e-06 outer loop vertex -2.91014 -1.9445 2.48118 vertex -2.83101 -2.05685 1.90885 vertex -2.88622 -1.97846 1.89953 endloop endfacet facet normal 0.817725 0.575609 -0 outer loop vertex -2.81123 -2.08495 1.911 vertex -2.83101 -2.05685 2.49115 vertex -2.81123 -2.08495 2.49484 endloop endfacet facet normal 0.817725 0.575609 0 outer loop vertex -2.83101 -2.05685 2.49115 vertex -2.81123 -2.08495 1.911 vertex -2.83101 -2.05685 1.90885 endloop endfacet facet normal 0.817571 0.575828 -1.87218e-05 outer loop vertex -2.81123 -2.08495 0 vertex -2.91014 -1.9445 0.481184 vertex -2.83101 -2.05685 0.491146 endloop endfacet facet normal 0.817725 0.575609 -0 outer loop vertex -2.81123 -2.08495 0 vertex -2.83101 -2.05685 0.491146 vertex -2.81123 -2.08495 0.494837 endloop endfacet facet normal 0.817601 0.575785 0 outer loop vertex -2.91014 -1.9445 0.481184 vertex -2.81123 -2.08495 0 vertex -2.91014 -1.9445 0 endloop endfacet facet normal 0.817555 0.575851 0 outer loop vertex -2.91014 -1.9445 4.48118 vertex -2.88622 -1.97846 3.89953 vertex -2.91014 -1.9445 3.89472 endloop endfacet facet normal 0.81757 0.575829 -0 outer loop vertex -2.83101 -2.05685 3.90885 vertex -2.91014 -1.9445 4.48118 vertex -2.83101 -2.05685 4.49115 endloop endfacet facet normal 0.817577 0.575819 2.79933e-06 outer loop vertex -2.91014 -1.9445 4.48118 vertex -2.83101 -2.05685 3.90885 vertex -2.88622 -1.97846 3.89953 endloop endfacet facet normal 0.817725 0.575609 -0 outer loop vertex -2.81123 -2.08495 3.911 vertex -2.83101 -2.05685 4.49115 vertex -2.81123 -2.08495 4.49484 endloop endfacet facet normal 0.817725 0.575609 0 outer loop vertex -2.83101 -2.05685 4.49115 vertex -2.81123 -2.08495 3.911 vertex -2.83101 -2.05685 3.90885 endloop endfacet facet normal 0.963783 0.266689 0 outer loop vertex -3.39511 -0.85043 2.37233 vertex -3.35659 -0.989637 1.79944 vertex -3.39511 -0.85043 1.78415 endloop endfacet facet normal 0.963775 0.266715 -7.05049e-06 outer loop vertex -3.34929 -1.016 2.38651 vertex -3.35659 -0.989637 1.79944 vertex -3.39511 -0.85043 2.37233 endloop endfacet facet normal 0.963735 0.266861 0 outer loop vertex -3.35659 -0.989637 1.79944 vertex -3.34929 -1.016 2.38651 vertex -3.34929 -1.016 1.80182 endloop endfacet facet normal 0.963775 0.266716 -0 outer loop vertex -3.34929 -1.016 0 vertex -3.39511 -0.85043 0.372325 vertex -3.34929 -1.016 0.386513 endloop endfacet facet normal 0.963775 0.266716 0 outer loop vertex -3.39511 -0.85043 0.372325 vertex -3.34929 -1.016 0 vertex -3.39511 -0.85043 0 endloop endfacet facet normal 0.963783 0.266689 0 outer loop vertex -3.39511 -0.85043 4.37233 vertex -3.35659 -0.989637 3.79944 vertex -3.39511 -0.85043 3.78415 endloop endfacet facet normal 0.963775 0.266715 -7.05049e-06 outer loop vertex -3.34929 -1.016 4.38651 vertex -3.35659 -0.989637 3.79944 vertex -3.39511 -0.85043 4.37233 endloop endfacet facet normal 0.963735 0.266861 0 outer loop vertex -3.35659 -0.989637 3.79944 vertex -3.34929 -1.016 4.38651 vertex -3.34929 -1.016 3.80182 endloop endfacet facet normal 0.893201 -0.449657 0 outer loop vertex -3.11762 1.58851 0.14103 vertex -3.08672 1.64989 0 vertex -3.08672 1.64989 0.136513 endloop endfacet facet normal 0.893222 -0.449617 3.05603e-05 outer loop vertex -3.16396 1.49644 0 vertex -3.11762 1.58851 0.14103 vertex -3.16095 1.50243 0.150729 endloop endfacet facet normal 0.89353 -0.449003 0 outer loop vertex -3.16396 1.49644 0 vertex -3.16095 1.50243 0.150729 vertex -3.16396 1.49644 0.151526 endloop endfacet facet normal 0.893225 -0.44961 2.53343e-05 outer loop vertex -3.11762 1.58851 0.14103 vertex -3.16396 1.49644 0 vertex -3.08672 1.64989 0 endloop endfacet facet normal 0.893201 -0.449657 0 outer loop vertex -3.11762 1.58851 1.55897 vertex -3.08672 1.64989 2.13651 vertex -3.11762 1.58851 2.14103 endloop endfacet facet normal 0.893201 -0.449657 0 outer loop vertex -3.08672 1.64989 2.13651 vertex -3.11762 1.58851 1.55897 vertex -3.08672 1.64989 1.55182 endloop endfacet facet normal 0.893221 -0.449619 7.90504e-06 outer loop vertex -3.16396 1.49644 1.56609 vertex -3.11762 1.58851 2.14103 vertex -3.16095 1.50243 2.15073 endloop endfacet facet normal 0.89353 -0.449003 0 outer loop vertex -3.16396 1.49644 1.56609 vertex -3.16095 1.50243 2.15073 vertex -3.16396 1.49644 2.15153 endloop endfacet facet normal 0.89324 -0.449579 0 outer loop vertex -3.11762 1.58851 2.14103 vertex -3.16396 1.49644 1.56609 vertex -3.11762 1.58851 1.55897 endloop endfacet facet normal 0.893201 -0.449657 0 outer loop vertex -3.11762 1.58851 3.55897 vertex -3.08672 1.64989 4.13651 vertex -3.11762 1.58851 4.14103 endloop endfacet facet normal 0.893201 -0.449657 0 outer loop vertex -3.08672 1.64989 4.13651 vertex -3.11762 1.58851 3.55897 vertex -3.08672 1.64989 3.55182 endloop endfacet facet normal 0.893221 -0.449619 7.90504e-06 outer loop vertex -3.16396 1.49644 3.56609 vertex -3.11762 1.58851 4.14103 vertex -3.16095 1.50243 4.15073 endloop endfacet facet normal 0.89353 -0.449003 0 outer loop vertex -3.16396 1.49644 3.56609 vertex -3.16095 1.50243 4.15073 vertex -3.16396 1.49644 4.15153 endloop endfacet facet normal 0.89324 -0.449579 0 outer loop vertex -3.11762 1.58851 4.14103 vertex -3.16396 1.49644 3.56609 vertex -3.11762 1.58851 3.55897 endloop endfacet facet normal 0.492985 0.870038 0 outer loop vertex -1.67368 -3.07324 0.0494401 vertex -1.64989 -3.08672 0.636513 vertex -1.64989 -3.08672 0.05182 endloop endfacet facet normal 0.492881 0.870096 5.53738e-06 outer loop vertex -1.64989 -3.08672 0.636513 vertex -1.67368 -3.07324 0.0494401 vertex -1.79936 -3.00205 0.622325 endloop endfacet facet normal 0.492862 0.870107 0 outer loop vertex -1.79936 -3.00205 0.622325 vertex -1.67368 -3.07324 0.0494401 vertex -1.79936 -3.00205 0.0341522 endloop endfacet facet normal 0.492985 0.870038 0 outer loop vertex -1.67368 -3.07324 2.04944 vertex -1.64989 -3.08672 2.63651 vertex -1.64989 -3.08672 2.05182 endloop endfacet facet normal 0.492881 0.870096 5.53739e-06 outer loop vertex -1.64989 -3.08672 2.63651 vertex -1.67368 -3.07324 2.04944 vertex -1.79936 -3.00205 2.62233 endloop endfacet facet normal 0.492862 0.870107 0 outer loop vertex -1.79936 -3.00205 2.62233 vertex -1.67368 -3.07324 2.04944 vertex -1.79936 -3.00205 2.03415 endloop endfacet facet normal 0.492985 0.870038 0 outer loop vertex -1.67368 -3.07324 4.04944 vertex -1.64989 -3.08672 4.63651 vertex -1.64989 -3.08672 4.05182 endloop endfacet facet normal 0.492881 0.870096 5.53741e-06 outer loop vertex -1.64989 -3.08672 4.63651 vertex -1.67368 -3.07324 4.04944 vertex -1.79936 -3.00205 4.62232 endloop endfacet facet normal 0.492862 0.870107 0 outer loop vertex -1.79936 -3.00205 4.62232 vertex -1.67368 -3.07324 4.04944 vertex -1.79936 -3.00205 4.03415 endloop endfacet facet normal 0.72419 -0.6896 0 outer loop vertex -2.54086 2.40557 0.05036 vertex -2.47487 2.47487 0 vertex -2.47487 2.47487 0.0413794 endloop endfacet facet normal 0.724241 -0.689547 0 outer loop vertex -2.59333 2.35046 0 vertex -2.54086 2.40557 0.05036 vertex -2.59333 2.35046 0.0589133 endloop endfacet facet normal 0.724213 -0.689577 6.21766e-05 outer loop vertex -2.54086 2.40557 0.05036 vertex -2.59333 2.35046 0 vertex -2.47487 2.47487 0 endloop endfacet facet normal 0.724191 -0.6896 9.59476e-06 outer loop vertex -2.59333 2.35046 1.47165 vertex -2.47487 2.47487 2.04138 vertex -2.54086 2.40557 2.05036 endloop endfacet facet normal 0.724241 -0.689547 0 outer loop vertex -2.59333 2.35046 1.47165 vertex -2.54086 2.40557 2.05036 vertex -2.59333 2.35046 2.05891 endloop endfacet facet normal 0.724213 -0.689577 0 outer loop vertex -2.47487 2.47487 2.04138 vertex -2.59333 2.35046 1.47165 vertex -2.47487 2.47487 1.45862 endloop endfacet facet normal 0.724191 -0.6896 9.59476e-06 outer loop vertex -2.59333 2.35046 3.47165 vertex -2.47487 2.47487 4.04138 vertex -2.54086 2.40557 4.05036 endloop endfacet facet normal 0.724241 -0.689547 0 outer loop vertex -2.59333 2.35046 3.47165 vertex -2.54086 2.40557 4.05036 vertex -2.59333 2.35046 4.05891 endloop endfacet facet normal 0.724213 -0.689577 0 outer loop vertex -2.47487 2.47487 4.04138 vertex -2.59333 2.35046 3.47165 vertex -2.47487 2.47487 3.45862 endloop endfacet facet normal 0.449003 0.89353 -0 outer loop vertex -1.49644 -3.16396 0.0660929 vertex -1.50243 -3.16095 0.650729 vertex -1.49644 -3.16396 0.651526 endloop endfacet facet normal 0.449619 0.893221 7.9051e-06 outer loop vertex -1.49644 -3.16396 0.0660929 vertex -1.58851 -3.11762 0.64103 vertex -1.50243 -3.16095 0.650729 endloop endfacet facet normal 0.449579 0.89324 -0 outer loop vertex -1.58851 -3.11762 0.0589691 vertex -1.58851 -3.11762 0.64103 vertex -1.49644 -3.16396 0.0660929 endloop endfacet facet normal 0.449657 0.893201 0 outer loop vertex -1.58851 -3.11762 0.64103 vertex -1.58851 -3.11762 0.0589691 vertex -1.64989 -3.08672 0.636513 endloop endfacet facet normal 0.449657 0.893201 0 outer loop vertex -1.64989 -3.08672 0.636513 vertex -1.58851 -3.11762 0.0589691 vertex -1.64989 -3.08672 0.05182 endloop endfacet facet normal 0.449003 0.89353 -0 outer loop vertex -1.49644 -3.16396 2.06609 vertex -1.50243 -3.16095 2.65073 vertex -1.49644 -3.16396 2.65153 endloop endfacet facet normal 0.449619 0.893221 7.90504e-06 outer loop vertex -1.49644 -3.16396 2.06609 vertex -1.58851 -3.11762 2.64103 vertex -1.50243 -3.16095 2.65073 endloop endfacet facet normal 0.449579 0.89324 -0 outer loop vertex -1.58851 -3.11762 2.05897 vertex -1.58851 -3.11762 2.64103 vertex -1.49644 -3.16396 2.06609 endloop endfacet facet normal 0.449657 0.893201 0 outer loop vertex -1.58851 -3.11762 2.64103 vertex -1.58851 -3.11762 2.05897 vertex -1.64989 -3.08672 2.63651 endloop endfacet facet normal 0.449657 0.893201 0 outer loop vertex -1.64989 -3.08672 2.63651 vertex -1.58851 -3.11762 2.05897 vertex -1.64989 -3.08672 2.05182 endloop endfacet facet normal 0.449003 0.89353 -0 outer loop vertex -1.49644 -3.16396 4.06609 vertex -1.50243 -3.16095 4.65073 vertex -1.49644 -3.16396 4.65153 endloop endfacet facet normal 0.449619 0.893221 7.90504e-06 outer loop vertex -1.49644 -3.16396 4.06609 vertex -1.58851 -3.11762 4.64103 vertex -1.50243 -3.16095 4.65073 endloop endfacet facet normal 0.449579 0.89324 -0 outer loop vertex -1.58851 -3.11762 4.05897 vertex -1.58851 -3.11762 4.64103 vertex -1.49644 -3.16396 4.06609 endloop endfacet facet normal 0.449657 0.893201 0 outer loop vertex -1.58851 -3.11762 4.64103 vertex -1.58851 -3.11762 4.05897 vertex -1.64989 -3.08672 4.63651 endloop endfacet facet normal 0.449657 0.893201 0 outer loop vertex -1.64989 -3.08672 4.63651 vertex -1.58851 -3.11762 4.05897 vertex -1.64989 -3.08672 4.05182 endloop endfacet facet normal 0.615229 0.788348 -0 outer loop vertex -2.08495 -2.81123 0.00516172 vertex -2.22038 -2.70554 0.575393 vertex -2.08495 -2.81123 0.589004 endloop endfacet facet normal 0.615332 0.788268 3.91386e-05 outer loop vertex -2.12994 -2.77611 0 vertex -2.22038 -2.70554 0.575393 vertex -2.08495 -2.81123 0.00516172 endloop endfacet facet normal 0.615177 0.788389 0 outer loop vertex -2.22038 -2.70554 0.575393 vertex -2.12994 -2.77611 0 vertex -2.22038 -2.70554 0 endloop endfacet facet normal 0.615229 0.788348 -0 outer loop vertex -2.08495 -2.81123 2.00516 vertex -2.22038 -2.70554 2.57539 vertex -2.08495 -2.81123 2.589 endloop endfacet facet normal 0.615313 0.788283 3.19587e-05 outer loop vertex -2.13335 -2.77345 1.99961 vertex -2.22038 -2.70554 2.57539 vertex -2.08495 -2.81123 2.00516 endloop endfacet facet normal 0.615182 0.788385 0 outer loop vertex -2.22038 -2.70554 2.57539 vertex -2.13335 -2.77345 1.99961 vertex -2.22038 -2.70554 1.98756 endloop endfacet facet normal 0.615229 0.788348 -0 outer loop vertex -2.08495 -2.81123 4.00516 vertex -2.22038 -2.70554 4.57539 vertex -2.08495 -2.81123 4.589 endloop endfacet facet normal 0.615313 0.788283 3.19587e-05 outer loop vertex -2.13335 -2.77345 3.99961 vertex -2.22038 -2.70554 4.57539 vertex -2.08495 -2.81123 4.00516 endloop endfacet facet normal 0.615182 0.788385 0 outer loop vertex -2.22038 -2.70554 4.57539 vertex -2.13335 -2.77345 3.99961 vertex -2.22038 -2.70554 3.98756 endloop endfacet facet normal 0.575851 0.817555 -0 outer loop vertex -1.9445 -2.91014 0.0188154 vertex -1.97846 -2.88622 0.600471 vertex -1.9445 -2.91014 0.605276 endloop endfacet facet normal 0.575819 0.817577 -2.7993e-06 outer loop vertex -1.9445 -2.91014 0.0188154 vertex -2.05685 -2.83101 0.591146 vertex -1.97846 -2.88622 0.600471 endloop endfacet facet normal 0.575829 0.81757 -0 outer loop vertex -2.05685 -2.83101 0.00885277 vertex -2.05685 -2.83101 0.591146 vertex -1.9445 -2.91014 0.0188154 endloop endfacet facet normal 0.575609 0.817725 0 outer loop vertex -2.05685 -2.83101 0.591146 vertex -2.05685 -2.83101 0.00885277 vertex -2.08495 -2.81123 0.589004 endloop endfacet facet normal 0.575609 0.817725 0 outer loop vertex -2.08495 -2.81123 0.589004 vertex -2.05685 -2.83101 0.00885277 vertex -2.08495 -2.81123 0.00516172 endloop endfacet facet normal 0.575851 0.817555 -0 outer loop vertex -1.9445 -2.91014 2.01882 vertex -1.97846 -2.88622 2.60047 vertex -1.9445 -2.91014 2.60528 endloop endfacet facet normal 0.575819 0.817577 -2.79933e-06 outer loop vertex -1.9445 -2.91014 2.01882 vertex -2.05685 -2.83101 2.59115 vertex -1.97846 -2.88622 2.60047 endloop endfacet facet normal 0.575829 0.81757 -0 outer loop vertex -2.05685 -2.83101 2.00885 vertex -2.05685 -2.83101 2.59115 vertex -1.9445 -2.91014 2.01882 endloop endfacet facet normal 0.575609 0.817725 0 outer loop vertex -2.05685 -2.83101 2.59115 vertex -2.05685 -2.83101 2.00885 vertex -2.08495 -2.81123 2.589 endloop endfacet facet normal 0.575609 0.817725 0 outer loop vertex -2.08495 -2.81123 2.589 vertex -2.05685 -2.83101 2.00885 vertex -2.08495 -2.81123 2.00516 endloop endfacet facet normal 0.575851 0.817555 -0 outer loop vertex -1.9445 -2.91014 4.01882 vertex -1.97846 -2.88622 4.60047 vertex -1.9445 -2.91014 4.60528 endloop endfacet facet normal 0.575819 0.817577 -2.79933e-06 outer loop vertex -1.9445 -2.91014 4.01882 vertex -2.05685 -2.83101 4.59115 vertex -1.97846 -2.88622 4.60047 endloop endfacet facet normal 0.575829 0.81757 -0 outer loop vertex -2.05685 -2.83101 4.00885 vertex -2.05685 -2.83101 4.59115 vertex -1.9445 -2.91014 4.01882 endloop endfacet facet normal 0.575609 0.817725 0 outer loop vertex -2.05685 -2.83101 4.59115 vertex -2.05685 -2.83101 4.00885 vertex -2.08495 -2.81123 4.589 endloop endfacet facet normal 0.575609 0.817725 0 outer loop vertex -2.08495 -2.81123 4.589 vertex -2.05685 -2.83101 4.00885 vertex -2.08495 -2.81123 4.00516 endloop endfacet facet normal -0.575609 0.817725 0 outer loop vertex 2.08495 -2.81123 0.410995 vertex 2.05685 -2.83101 0.991146 vertex 2.08495 -2.81123 0.994837 endloop endfacet facet normal -0.575609 0.817725 0 outer loop vertex 2.05685 -2.83101 0.408853 vertex 2.05685 -2.83101 0.991146 vertex 2.08495 -2.81123 0.410995 endloop endfacet facet normal -0.575829 0.81757 0 outer loop vertex 2.05685 -2.83101 0.991146 vertex 2.05685 -2.83101 0.408853 vertex 1.9445 -2.91014 0.981184 endloop endfacet facet normal -0.575819 0.817577 2.79929e-06 outer loop vertex 1.97846 -2.88622 0.399528 vertex 1.9445 -2.91014 0.981184 vertex 2.05685 -2.83101 0.408853 endloop endfacet facet normal -0.575851 0.817555 0 outer loop vertex 1.9445 -2.91014 0.981184 vertex 1.97846 -2.88622 0.399528 vertex 1.9445 -2.91014 0.394723 endloop endfacet facet normal -0.575609 0.817725 0 outer loop vertex 2.08495 -2.81123 2.411 vertex 2.05685 -2.83101 2.99115 vertex 2.08495 -2.81123 2.99484 endloop endfacet facet normal -0.575609 0.817725 0 outer loop vertex 2.05685 -2.83101 2.40885 vertex 2.05685 -2.83101 2.99115 vertex 2.08495 -2.81123 2.411 endloop endfacet facet normal -0.575829 0.81757 0 outer loop vertex 2.05685 -2.83101 2.99115 vertex 2.05685 -2.83101 2.40885 vertex 1.9445 -2.91014 2.98118 endloop endfacet facet normal -0.575819 0.817577 2.79933e-06 outer loop vertex 1.97846 -2.88622 2.39953 vertex 1.9445 -2.91014 2.98118 vertex 2.05685 -2.83101 2.40885 endloop endfacet facet normal -0.575851 0.817555 0 outer loop vertex 1.9445 -2.91014 2.98118 vertex 1.97846 -2.88622 2.39953 vertex 1.9445 -2.91014 2.39472 endloop endfacet facet normal -0.575609 0.817725 0 outer loop vertex 2.08495 -2.81123 4.411 vertex 2.05685 -2.83101 4.99115 vertex 2.08495 -2.81123 4.99484 endloop endfacet facet normal -0.575609 0.817725 0 outer loop vertex 2.05685 -2.83101 4.40885 vertex 2.05685 -2.83101 4.99115 vertex 2.08495 -2.81123 4.411 endloop endfacet facet normal -0.575829 0.81757 0 outer loop vertex 2.05685 -2.83101 4.99115 vertex 2.05685 -2.83101 4.40885 vertex 1.9445 -2.91014 4.98118 endloop endfacet facet normal -0.575819 0.817577 2.79933e-06 outer loop vertex 1.97846 -2.88622 4.39953 vertex 1.9445 -2.91014 4.98118 vertex 2.05685 -2.83101 4.40885 endloop endfacet facet normal -0.575851 0.817555 0 outer loop vertex 1.9445 -2.91014 4.98118 vertex 1.97846 -2.88622 4.39953 vertex 1.9445 -2.91014 4.39472 endloop endfacet facet normal 0.844851 -0.535002 0 outer loop vertex -3.00205 1.79936 0 vertex -2.91014 1.9445 0.105276 vertex -3.00205 1.79936 0.122325 endloop endfacet facet normal 0.844851 -0.535002 0 outer loop vertex -2.91014 1.9445 0.105276 vertex -3.00205 1.79936 0 vertex -2.91014 1.9445 0 endloop endfacet facet normal 0.844851 -0.535002 0 outer loop vertex -3.00205 1.79936 1.53415 vertex -2.91014 1.9445 2.10528 vertex -3.00205 1.79936 2.12233 endloop endfacet facet normal 0.844851 -0.535002 0 outer loop vertex -2.91014 1.9445 2.10528 vertex -3.00205 1.79936 1.53415 vertex -2.91014 1.9445 1.51882 endloop endfacet facet normal 0.844851 -0.535002 0 outer loop vertex -3.00205 1.79936 3.53415 vertex -2.91014 1.9445 4.10528 vertex -3.00205 1.79936 4.12232 endloop endfacet facet normal 0.844851 -0.535002 0 outer loop vertex -2.91014 1.9445 4.10528 vertex -3.00205 1.79936 3.53415 vertex -2.91014 1.9445 3.51882 endloop endfacet facet normal 0.268573 0.205949 -0.940985 outer loop vertex -2.07194 -2.85178 0 vertex -2.08495 -2.81123 0.00516172 vertex -2.05685 -2.83101 0.00885277 endloop endfacet facet normal 0.26876 0.206001 -0.940921 outer loop vertex -2.08495 -2.81123 0.00516172 vertex -2.07194 -2.85178 0 vertex -2.12994 -2.77611 0 endloop endfacet facet normal 0.233133 0.245391 -0.940974 outer loop vertex -1.66614 -3.26999 0 vertex -1.64989 -3.08672 0.05182 vertex -1.58851 -3.11762 0.0589691 endloop endfacet facet normal 0.233113 0.245394 -0.940978 outer loop vertex -1.8098 -3.13352 0 vertex -1.64989 -3.08672 0.05182 vertex -1.66614 -3.26999 0 endloop endfacet facet normal 0.233139 0.245319 -0.940991 outer loop vertex -1.64989 -3.08672 0.05182 vertex -1.8098 -3.13352 0 vertex -1.67368 -3.07324 0.0494401 endloop endfacet facet normal 0.242674 0.225814 -0.94346 outer loop vertex -1.8098 -3.13352 0 vertex -1.79936 -3.00205 0.0341522 vertex -1.67368 -3.07324 0.0494401 endloop endfacet facet normal 0.242689 0.225812 -0.943457 outer loop vertex -1.8098 -3.13352 0 vertex -1.9445 -2.91014 0.0188154 vertex -1.79936 -3.00205 0.0341522 endloop endfacet facet normal 0.242705 0.22582 -0.943451 outer loop vertex -2.07194 -2.85178 0 vertex -1.9445 -2.91014 0.0188154 vertex -1.8098 -3.13352 0 endloop endfacet facet normal 0.242697 0.225802 -0.943457 outer loop vertex -1.9445 -2.91014 0.0188154 vertex -2.07194 -2.85178 0 vertex -2.05685 -2.83101 0.00885277 endloop endfacet facet normal 0.191833 0.27884 -0.940983 outer loop vertex -1.1789 -3.62828 0 vertex -1.17275 -3.29751 0.0992704 vertex -1.08125 -3.32773 0.108969 endloop endfacet facet normal 0.191867 0.278838 -0.940976 outer loop vertex -1.17275 -3.29751 0.0992704 vertex -1.1789 -3.62828 0 vertex -1.42375 -3.4598 0 endloop endfacet facet normal 0.204722 0.260509 -0.943517 outer loop vertex -1.42375 -3.4598 0 vertex -1.17911 -3.2954 0.098473 vertex -1.17275 -3.29751 0.0992704 endloop endfacet facet normal 0.204367 0.261002 -0.943458 outer loop vertex -1.42375 -3.4598 0 vertex -1.33939 -3.23358 0.080856 vertex -1.17911 -3.2954 0.098473 endloop endfacet facet normal 0.204385 0.260994 -0.943456 outer loop vertex -1.42375 -3.4598 0 vertex -1.49644 -3.16396 0.0660929 vertex -1.33939 -3.23358 0.080856 endloop endfacet facet normal 0.204377 0.260993 -0.943458 outer loop vertex -1.66614 -3.26999 0 vertex -1.49644 -3.16396 0.0660929 vertex -1.42375 -3.4598 0 endloop endfacet facet normal 0.204367 0.261008 -0.943456 outer loop vertex -1.49644 -3.16396 0.0660929 vertex -1.66614 -3.26999 0 vertex -1.58851 -3.11762 0.0589691 endloop endfacet facet normal 0.145866 0.305413 -0.940982 outer loop vertex -0.61948 -3.91125 0 vertex -0.641887 -3.43985 0.149528 vertex -0.547414 -3.45624 0.158853 endloop endfacet facet normal 0.145875 0.305413 -0.94098 outer loop vertex -0.641887 -3.43985 0.149528 vertex -0.61948 -3.91125 0 vertex -0.977076 -3.74045 0 endloop endfacet facet normal 0.161024 0.289753 -0.943459 outer loop vertex -0.977076 -3.74045 0 vertex -0.682816 -3.43275 0.144723 vertex -0.641887 -3.43985 0.149528 endloop endfacet facet normal 0.161031 0.289747 -0.943459 outer loop vertex -0.977076 -3.74045 0 vertex -0.85043 -3.39511 0.127674 vertex -0.682816 -3.43275 0.144723 endloop endfacet facet normal 0.161032 0.289747 -0.943459 outer loop vertex -0.977076 -3.74045 0 vertex -1.016 -3.34929 0.113486 vertex -0.85043 -3.39511 0.127674 endloop endfacet facet normal 0.161036 0.289747 -0.943459 outer loop vertex -1.1789 -3.62828 0 vertex -1.016 -3.34929 0.113486 vertex -0.977076 -3.74045 0 endloop endfacet facet normal 0.161048 0.28974 -0.943459 outer loop vertex -1.016 -3.34929 0.113486 vertex -1.1789 -3.62828 0 vertex -1.08125 -3.32773 0.108969 endloop endfacet facet normal 0.0963121 0.324476 -0.940978 outer loop vertex 0 -4.105 0 vertex -0.0956623 -3.49765 0.19964 vertex 0 -3.5 0.208621 endloop endfacet facet normal 0.0963058 0.324475 -0.940979 outer loop vertex -0.0956623 -3.49765 0.19964 vertex 0 -4.105 0 vertex -0.474891 -3.96405 0 endloop endfacet facet normal 0.113738 0.311363 -0.94346 outer loop vertex -0.474891 -3.96405 0 vertex -0.171737 -3.49578 0.191086 vertex -0.0956623 -3.49765 0.19964 endloop endfacet facet normal 0.113703 0.311384 -0.943457 outer loop vertex -0.474891 -3.96405 0 vertex -0.34306 -3.48315 0.174607 vertex -0.171737 -3.49578 0.191086 endloop endfacet facet normal 0.113725 0.311378 -0.943457 outer loop vertex -0.474891 -3.96405 0 vertex -0.513556 -3.46212 0.160996 vertex -0.34306 -3.48315 0.174607 endloop endfacet facet normal 0.113707 0.311377 -0.943459 outer loop vertex -0.61948 -3.91125 0 vertex -0.513556 -3.46212 0.160996 vertex -0.474891 -3.96405 0 endloop endfacet facet normal 0.113787 0.311357 -0.943456 outer loop vertex -0.513556 -3.46212 0.160996 vertex -0.61948 -3.91125 0 vertex -0.547414 -3.45624 0.158853 endloop endfacet facet normal 0.0443084 0.33554 -0.940983 outer loop vertex 0.664846 -4.19767 0 vertex 0.513556 -3.46212 0.255162 vertex 0.547414 -3.45624 0.258853 endloop endfacet facet normal 0.0443815 0.335553 -0.940975 outer loop vertex 0.664846 -4.19767 0 vertex 0.452623 -3.46963 0.24961 vertex 0.513556 -3.46212 0.255162 endloop endfacet facet normal 0.0443552 0.335546 -0.940979 outer loop vertex 0.452623 -3.46963 0.24961 vertex 0.664846 -4.19767 0 vertex 0.0755345 -4.11977 0 endloop endfacet facet normal 0.063591 0.32534 -0.943456 outer loop vertex 0.0755345 -4.11977 0 vertex 0.34306 -3.48315 0.237563 vertex 0.452623 -3.46963 0.24961 endloop endfacet facet normal 0.0636261 0.325326 -0.943459 outer loop vertex 0.0755345 -4.11977 0 vertex 0.171737 -3.49578 0.221654 vertex 0.34306 -3.48315 0.237563 endloop endfacet facet normal 0.0636146 0.325328 -0.943459 outer loop vertex 0 -4.105 0 vertex 0.171737 -3.49578 0.221654 vertex 0.0755345 -4.11977 0 endloop endfacet facet normal 0.0636042 0.325331 -0.943459 outer loop vertex 0.171737 -3.49578 0.221654 vertex 0 -4.105 0 vertex 0 -3.5 0.208621 endloop endfacet facet normal -0.233439 0.972372 0 outer loop vertex 1.31332 -4.04199 0 vertex 0.664846 -4.19767 0 vertex 1.31332 -4.04199 0.0499992 endloop endfacet facet normal -0.00869974 0.338346 -0.940982 outer loop vertex 1.31332 -4.04199 0.0499992 vertex 1.016 -3.34929 0.30182 vertex 1.08125 -3.32773 0.308969 endloop endfacet facet normal -0.00873493 0.338332 -0.940986 outer loop vertex 1.31332 -4.04199 0.0499992 vertex 0.989637 -3.35659 0.29944 vertex 1.016 -3.34929 0.30182 endloop endfacet facet normal -0.00867758 0.338356 -0.940978 outer loop vertex 0.989637 -3.35659 0.29944 vertex 1.31332 -4.04199 0.0499992 vertex 0.664846 -4.19767 0 endloop endfacet facet normal 0.0119451 0.331276 -0.943458 outer loop vertex 0.664846 -4.19767 0 vertex 0.85043 -3.39511 0.284152 vertex 0.989637 -3.35659 0.29944 endloop endfacet facet normal 0.0119352 0.331278 -0.943458 outer loop vertex 0.664846 -4.19767 0 vertex 0.682816 -3.43275 0.268815 vertex 0.85043 -3.39511 0.284152 endloop endfacet facet normal 0.0119423 0.331278 -0.943458 outer loop vertex 0.682816 -3.43275 0.268815 vertex 0.664846 -4.19767 0 vertex 0.547414 -3.45624 0.258853 endloop endfacet facet normal -0.382679 0.923881 0 outer loop vertex 1.92946 -3.78678 0 vertex 1.31332 -4.04199 0.0499992 vertex 1.92946 -3.78678 0.0999994 endloop endfacet facet normal -0.382679 0.923881 0 outer loop vertex 1.31332 -4.04199 0.0499992 vertex 1.92946 -3.78678 0 vertex 1.31332 -4.04199 0 endloop endfacet facet normal -0.0615098 0.332825 -0.94098 outer loop vertex 1.92946 -3.78678 0.0999994 vertex 1.50243 -3.16095 0.34927 vertex 1.58851 -3.11762 0.358969 endloop endfacet facet normal -0.0615003 0.332831 -0.940979 outer loop vertex 1.50243 -3.16095 0.34927 vertex 1.92946 -3.78678 0.0999994 vertex 1.31332 -4.04199 0.0499992 endloop endfacet facet normal -0.0398009 0.329024 -0.943482 outer loop vertex 1.31332 -4.04199 0.0499992 vertex 1.49644 -3.16396 0.348473 vertex 1.50243 -3.16095 0.34927 endloop endfacet facet normal -0.0400426 0.329066 -0.943458 outer loop vertex 1.31332 -4.04199 0.0499992 vertex 1.33939 -3.23358 0.330856 vertex 1.49644 -3.16396 0.348473 endloop endfacet facet normal -0.040021 0.329066 -0.943459 outer loop vertex 1.31332 -4.04199 0.0499992 vertex 1.17911 -3.2954 0.316093 vertex 1.33939 -3.23358 0.330856 endloop endfacet facet normal -0.0400311 0.329064 -0.943459 outer loop vertex 1.17911 -3.2954 0.316093 vertex 1.31332 -4.04199 0.0499992 vertex 1.08125 -3.32773 0.308969 endloop endfacet facet normal -0.522502 0.852638 0 outer loop vertex 2.49809 -3.43832 0 vertex 1.92946 -3.78678 0.0999994 vertex 2.49809 -3.43832 0.15 endloop endfacet facet normal -0.522502 0.852638 0 outer loop vertex 1.92946 -3.78678 0.0999994 vertex 2.49809 -3.43832 0 vertex 1.92946 -3.78678 0 endloop endfacet facet normal -0.112812 0.319109 -0.94098 outer loop vertex 2.49809 -3.43832 0.15 vertex 1.97846 -2.88622 0.399528 vertex 2.05685 -2.83101 0.408853 endloop endfacet facet normal -0.112811 0.31911 -0.940979 outer loop vertex 1.97846 -2.88622 0.399528 vertex 2.49809 -3.43832 0.15 vertex 1.92946 -3.78678 0.0999994 endloop endfacet facet normal -0.0910238 0.318749 -0.943458 outer loop vertex 1.92946 -3.78678 0.0999994 vertex 1.9445 -2.91014 0.394723 vertex 1.97846 -2.88622 0.399528 endloop endfacet facet normal -0.0910241 0.318749 -0.943458 outer loop vertex 1.92946 -3.78678 0.0999994 vertex 1.79936 -3.00205 0.377674 vertex 1.9445 -2.91014 0.394723 endloop endfacet facet normal -0.0910079 0.318752 -0.943459 outer loop vertex 1.92946 -3.78678 0.0999994 vertex 1.64989 -3.08672 0.363486 vertex 1.79936 -3.00205 0.377674 endloop endfacet facet normal -0.0910321 0.318743 -0.94346 outer loop vertex 1.64989 -3.08672 0.363486 vertex 1.92946 -3.78678 0.0999994 vertex 1.58851 -3.11762 0.358969 endloop endfacet facet normal -0.649454 0.760401 0 outer loop vertex 3.0052 -3.0052 0 vertex 2.49809 -3.43832 0.15 vertex 3.0052 -3.0052 0.2 endloop endfacet facet normal -0.649454 0.760401 0 outer loop vertex 2.49809 -3.43832 0.15 vertex 3.0052 -3.0052 0 vertex 2.49809 -3.43832 0 endloop endfacet facet normal -0.161346 0.297536 -0.940978 outer loop vertex 2.40557 -2.54086 0.44964 vertex 3.0052 -3.0052 0.2 vertex 2.49809 -3.43832 0.15 endloop endfacet facet normal -0.161367 0.297511 -0.940982 outer loop vertex 3.0052 -3.0052 0.2 vertex 2.40557 -2.54086 0.44964 vertex 2.47487 -2.47487 0.45862 endloop endfacet facet normal -0.139751 0.300591 -0.943459 outer loop vertex 2.49809 -3.43832 0.15 vertex 2.35046 -2.59333 0.441086 vertex 2.40557 -2.54086 0.44964 endloop endfacet facet normal -0.139772 0.300587 -0.943457 outer loop vertex 2.49809 -3.43832 0.15 vertex 2.22038 -2.70554 0.424607 vertex 2.35046 -2.59333 0.441086 endloop endfacet facet normal -0.139757 0.300592 -0.943458 outer loop vertex 2.49809 -3.43832 0.15 vertex 2.08495 -2.81123 0.410995 vertex 2.22038 -2.70554 0.424607 endloop endfacet facet normal -0.1397 0.300629 -0.943454 outer loop vertex 2.08495 -2.81123 0.410995 vertex 2.49809 -3.43832 0.15 vertex 2.05685 -2.83101 0.408853 endloop endfacet facet normal -0.760401 0.649454 0 outer loop vertex 3.0052 -3.0052 0.2 vertex 3.43832 -2.49809 0 vertex 3.0052 -3.0052 0 endloop endfacet facet normal -0.760401 0.649454 0 outer loop vertex 3.43832 -2.49809 0 vertex 3.0052 -3.0052 0.2 vertex 3.43832 -2.49809 0.25 endloop endfacet facet normal -0.205898 0.268635 -0.940979 outer loop vertex 2.77345 -2.13335 0.499609 vertex 3.43832 -2.49809 0.25 vertex 3.0052 -3.0052 0.2 endloop endfacet facet normal -0.205947 0.26857 -0.940987 outer loop vertex 3.43832 -2.49809 0.25 vertex 2.81123 -2.08495 0.505162 vertex 2.83101 -2.05685 0.508853 endloop endfacet facet normal -0.205879 0.268664 -0.940975 outer loop vertex 3.43832 -2.49809 0.25 vertex 2.77345 -2.13335 0.499609 vertex 2.81123 -2.08495 0.505162 endloop endfacet facet normal -0.185084 0.275018 -0.943456 outer loop vertex 3.0052 -3.0052 0.2 vertex 2.70554 -2.22038 0.487562 vertex 2.77345 -2.13335 0.499609 endloop endfacet facet normal -0.185064 0.275027 -0.943457 outer loop vertex 3.0052 -3.0052 0.2 vertex 2.59333 -2.35046 0.471653 vertex 2.70554 -2.22038 0.487562 endloop endfacet facet normal -0.18505 0.275035 -0.943458 outer loop vertex 2.59333 -2.35046 0.471653 vertex 3.0052 -3.0052 0.2 vertex 2.47487 -2.47487 0.45862 endloop endfacet facet normal -0.852638 0.522502 0 outer loop vertex 3.43832 -2.49809 0.25 vertex 3.78678 -1.92946 0 vertex 3.43832 -2.49809 0 endloop endfacet facet normal -0.852638 0.522502 0 outer loop vertex 3.78678 -1.92946 0 vertex 3.43832 -2.49809 0.25 vertex 3.78678 -1.92946 0.299999 endloop endfacet facet normal -0.245387 0.233114 -0.94098 outer loop vertex 3.07324 -1.67368 0.54944 vertex 3.78678 -1.92946 0.299999 vertex 3.43832 -2.49809 0.25 endloop endfacet facet normal -0.245382 0.233128 -0.940978 outer loop vertex 3.78678 -1.92946 0.299999 vertex 3.08672 -1.64989 0.55182 vertex 3.11762 -1.58851 0.558969 endloop endfacet facet normal -0.245365 0.233167 -0.940973 outer loop vertex 3.78678 -1.92946 0.299999 vertex 3.07324 -1.67368 0.54944 vertex 3.08672 -1.64989 0.55182 endloop endfacet facet normal -0.225821 0.242678 -0.943458 outer loop vertex 3.43832 -2.49809 0.25 vertex 3.00205 -1.79936 0.534152 vertex 3.07324 -1.67368 0.54944 endloop endfacet facet normal -0.225806 0.242688 -0.943459 outer loop vertex 3.43832 -2.49809 0.25 vertex 2.91014 -1.9445 0.518815 vertex 3.00205 -1.79936 0.534152 endloop endfacet facet normal -0.225802 0.242692 -0.943459 outer loop vertex 2.91014 -1.9445 0.518815 vertex 3.43832 -2.49809 0.25 vertex 2.83101 -2.05685 0.508853 endloop endfacet facet normal -0.923881 0.382679 0 outer loop vertex 3.78678 -1.92946 0.299999 vertex 4.04199 -1.31332 0 vertex 3.78678 -1.92946 0 endloop endfacet facet normal -0.923881 0.382679 0 outer loop vertex 4.04199 -1.31332 0 vertex 3.78678 -1.92946 0.299999 vertex 4.04199 -1.31332 0.349999 endloop endfacet facet normal -0.278838 0.191858 -0.940978 outer loop vertex 3.29751 -1.17275 0.59927 vertex 4.04199 -1.31332 0.349999 vertex 3.78678 -1.92946 0.299999 endloop endfacet facet normal -0.278842 0.191838 -0.940981 outer loop vertex 4.04199 -1.31332 0.349999 vertex 3.29751 -1.17275 0.59927 vertex 3.32773 -1.08125 0.608969 endloop endfacet facet normal -0.260558 0.204679 -0.943513 outer loop vertex 3.78678 -1.92946 0.299999 vertex 3.2954 -1.17911 0.598473 vertex 3.29751 -1.17275 0.59927 endloop endfacet facet normal -0.261001 0.204367 -0.943458 outer loop vertex 3.78678 -1.92946 0.299999 vertex 3.23358 -1.33939 0.580856 vertex 3.2954 -1.17911 0.598473 endloop endfacet facet normal -0.260986 0.204382 -0.943459 outer loop vertex 3.78678 -1.92946 0.299999 vertex 3.16396 -1.49644 0.566093 vertex 3.23358 -1.33939 0.580856 endloop endfacet facet normal -0.260998 0.204365 -0.943459 outer loop vertex 3.16396 -1.49644 0.566093 vertex 3.78678 -1.92946 0.299999 vertex 3.11762 -1.58851 0.558969 endloop endfacet facet normal -0.972372 0.233439 0 outer loop vertex 4.04199 -1.31332 0.349999 vertex 4.19767 -0.664846 0 vertex 4.04199 -1.31332 0 endloop endfacet facet normal -0.972372 0.233439 0 outer loop vertex 4.19767 -0.664846 0 vertex 4.04199 -1.31332 0.349999 vertex 4.19767 -0.664846 0.4 endloop endfacet facet normal -0.305417 0.145877 -0.940978 outer loop vertex 3.43985 -0.641887 0.649528 vertex 4.19767 -0.664846 0.4 vertex 4.04199 -1.31332 0.349999 endloop endfacet facet normal -0.305418 0.145866 -0.94098 outer loop vertex 4.19767 -0.664846 0.4 vertex 3.43985 -0.641887 0.649528 vertex 3.45624 -0.547414 0.658853 endloop endfacet facet normal -0.289758 0.161025 -0.943457 outer loop vertex 4.04199 -1.31332 0.349999 vertex 3.43275 -0.682816 0.644723 vertex 3.43985 -0.641887 0.649528 endloop endfacet facet normal -0.289751 0.161032 -0.943458 outer loop vertex 4.04199 -1.31332 0.349999 vertex 3.39511 -0.85043 0.627674 vertex 3.43275 -0.682816 0.644723 endloop endfacet facet normal -0.289751 0.161033 -0.943458 outer loop vertex 4.04199 -1.31332 0.349999 vertex 3.34929 -1.016 0.613486 vertex 3.39511 -0.85043 0.627674 endloop endfacet facet normal -0.289744 0.161049 -0.943457 outer loop vertex 3.34929 -1.016 0.613486 vertex 4.04199 -1.31332 0.349999 vertex 3.32773 -1.08125 0.608969 endloop endfacet facet normal -0.996917 0.0784673 0 outer loop vertex 4.19767 -0.664846 0.4 vertex 4.25 0 0 vertex 4.19767 -0.664846 0 endloop endfacet facet normal -0.996917 0.0784673 0 outer loop vertex 4.25 0 0 vertex 4.19767 -0.664846 0.4 vertex 4.25 0 0.45 endloop endfacet facet normal -0.324475 0.0963061 -0.940979 outer loop vertex 3.49765 -0.0956623 0.69964 vertex 4.25 0 0.45 vertex 4.19767 -0.664846 0.4 endloop endfacet facet normal -0.324475 0.0963024 -0.940979 outer loop vertex 4.25 0 0.45 vertex 3.49765 -0.0956623 0.69964 vertex 3.5 0 0.70862 endloop endfacet facet normal -0.311363 0.113738 -0.94346 outer loop vertex 4.19767 -0.664846 0.4 vertex 3.49578 -0.171737 0.691086 vertex 3.49765 -0.0956623 0.69964 endloop endfacet facet normal -0.311386 0.113704 -0.943457 outer loop vertex 4.19767 -0.664846 0.4 vertex 3.48315 -0.34306 0.674607 vertex 3.49578 -0.171737 0.691086 endloop endfacet facet normal -0.311374 0.11373 -0.943457 outer loop vertex 4.19767 -0.664846 0.4 vertex 3.46212 -0.513556 0.660995 vertex 3.48315 -0.34306 0.674607 endloop endfacet facet normal -0.311367 0.113761 -0.943456 outer loop vertex 3.46212 -0.513556 0.660995 vertex 4.19767 -0.664846 0.4 vertex 3.45624 -0.547414 0.658853 endloop endfacet facet normal -0.996917 -0.0784673 -0 outer loop vertex 4.25 0 0.45 vertex 4.19767 0.664846 0 vertex 4.25 0 0 endloop endfacet facet normal -0.996917 -0.0784673 0 outer loop vertex 4.19767 0.664846 0 vertex 4.25 0 0.45 vertex 4.19767 0.664846 0.5 endloop endfacet facet normal -0.335545 0.044356 -0.940979 outer loop vertex 3.46963 0.452623 0.749609 vertex 4.19767 0.664846 0.5 vertex 4.25 0 0.45 endloop endfacet facet normal -0.335555 0.0443965 -0.940974 outer loop vertex 3.46212 0.513556 0.755162 vertex 4.19767 0.664846 0.5 vertex 3.46963 0.452623 0.749609 endloop endfacet facet normal -0.33554 0.0443084 -0.940983 outer loop vertex 4.19767 0.664846 0.5 vertex 3.46212 0.513556 0.755162 vertex 3.45624 0.547414 0.758853 endloop endfacet facet normal -0.32533 0.0636043 -0.943459 outer loop vertex 3.49578 0.171737 0.721653 vertex 4.25 0 0.45 vertex 3.5 0 0.70862 endloop endfacet facet normal -0.325324 0.0636319 -0.943459 outer loop vertex 3.48315 0.34306 0.737563 vertex 4.25 0 0.45 vertex 3.49578 0.171737 0.721653 endloop endfacet facet normal -0.325345 0.0635817 -0.943455 outer loop vertex 4.25 0 0.45 vertex 3.48315 0.34306 0.737563 vertex 3.46963 0.452623 0.749609 endloop endfacet facet normal -0.972372 -0.233439 -0 outer loop vertex 4.19767 0.664846 0.5 vertex 4.04199 1.31332 0 vertex 4.19767 0.664846 0 endloop endfacet facet normal -0.972372 -0.233439 0 outer loop vertex 4.04199 1.31332 0 vertex 4.19767 0.664846 0.5 vertex 4.04199 1.31332 0.549999 endloop endfacet facet normal -0.338357 -0.0086779 -0.940978 outer loop vertex 3.35659 0.989637 0.79944 vertex 4.04199 1.31332 0.549999 vertex 4.19767 0.664846 0.5 endloop endfacet facet normal -0.338333 -0.008735 -0.940986 outer loop vertex 3.34929 1.016 0.80182 vertex 4.04199 1.31332 0.549999 vertex 3.35659 0.989637 0.79944 endloop endfacet facet normal -0.338346 -0.00869982 -0.940982 outer loop vertex 4.04199 1.31332 0.549999 vertex 3.34929 1.016 0.80182 vertex 3.32773 1.08125 0.808969 endloop endfacet facet normal -0.331278 0.0119423 -0.943458 outer loop vertex 3.43275 0.682816 0.768815 vertex 4.19767 0.664846 0.5 vertex 3.45624 0.547414 0.758853 endloop endfacet facet normal -0.331278 0.0119352 -0.943458 outer loop vertex 3.39511 0.85043 0.784152 vertex 4.19767 0.664846 0.5 vertex 3.43275 0.682816 0.768815 endloop endfacet facet normal -0.331276 0.0119451 -0.943458 outer loop vertex 4.19767 0.664846 0.5 vertex 3.39511 0.85043 0.784152 vertex 3.35659 0.989637 0.79944 endloop endfacet facet normal -0.923881 -0.382679 -0 outer loop vertex 4.04199 1.31332 0.549999 vertex 3.78678 1.92946 0 vertex 4.04199 1.31332 0 endloop endfacet facet normal -0.923881 -0.382679 0 outer loop vertex 3.78678 1.92946 0 vertex 4.04199 1.31332 0.549999 vertex 3.78678 1.92946 0.599999 endloop endfacet facet normal -0.332832 -0.0615007 -0.940979 outer loop vertex 3.16095 1.50243 0.84927 vertex 3.78678 1.92946 0.599999 vertex 4.04199 1.31332 0.549999 endloop endfacet facet normal -0.332826 -0.06151 -0.94098 outer loop vertex 3.78678 1.92946 0.599999 vertex 3.16095 1.50243 0.84927 vertex 3.11762 1.58851 0.858969 endloop endfacet facet normal -0.329064 -0.0400312 -0.943459 outer loop vertex 3.2954 1.17911 0.816093 vertex 4.04199 1.31332 0.549999 vertex 3.32773 1.08125 0.808969 endloop endfacet facet normal -0.329066 -0.0400211 -0.943458 outer loop vertex 3.23358 1.33939 0.830856 vertex 4.04199 1.31332 0.549999 vertex 3.2954 1.17911 0.816093 endloop endfacet facet normal -0.329066 -0.0400427 -0.943457 outer loop vertex 3.16396 1.49644 0.848473 vertex 4.04199 1.31332 0.549999 vertex 3.23358 1.33939 0.830856 endloop endfacet facet normal -0.329024 -0.039801 -0.943482 outer loop vertex 4.04199 1.31332 0.549999 vertex 3.16396 1.49644 0.848473 vertex 3.16095 1.50243 0.84927 endloop endfacet facet normal -0.852638 -0.522502 -0 outer loop vertex 3.78678 1.92946 0.599999 vertex 3.43832 2.49809 0 vertex 3.78678 1.92946 0 endloop endfacet facet normal -0.852638 -0.522502 0 outer loop vertex 3.43832 2.49809 0 vertex 3.78678 1.92946 0.599999 vertex 3.43832 2.49809 0.65 endloop endfacet facet normal -0.319111 -0.11281 -0.940979 outer loop vertex 2.88622 1.97846 0.899528 vertex 3.43832 2.49809 0.65 vertex 3.78678 1.92946 0.599999 endloop endfacet facet normal -0.319109 -0.112812 -0.94098 outer loop vertex 3.43832 2.49809 0.65 vertex 2.88622 1.97846 0.899528 vertex 2.83101 2.05685 0.908853 endloop endfacet facet normal -0.318743 -0.0910323 -0.94346 outer loop vertex 3.08672 1.64989 0.863486 vertex 3.78678 1.92946 0.599999 vertex 3.11762 1.58851 0.858969 endloop endfacet facet normal -0.318753 -0.0910082 -0.943459 outer loop vertex 3.00205 1.79936 0.877674 vertex 3.78678 1.92946 0.599999 vertex 3.08672 1.64989 0.863486 endloop endfacet facet normal -0.31875 -0.0910243 -0.943458 outer loop vertex 2.91014 1.9445 0.894723 vertex 3.78678 1.92946 0.599999 vertex 3.00205 1.79936 0.877674 endloop endfacet facet normal -0.31875 -0.0910241 -0.943458 outer loop vertex 3.78678 1.92946 0.599999 vertex 2.91014 1.9445 0.894723 vertex 2.88622 1.97846 0.899528 endloop endfacet facet normal -0.760401 -0.649454 -0 outer loop vertex 3.43832 2.49809 0.65 vertex 3.0052 3.0052 0 vertex 3.43832 2.49809 0 endloop endfacet facet normal -0.760401 -0.649454 0 outer loop vertex 3.0052 3.0052 0 vertex 3.43832 2.49809 0.65 vertex 3.0052 3.0052 0.7 endloop endfacet facet normal -0.297536 -0.161346 -0.940978 outer loop vertex 2.54086 2.40557 0.94964 vertex 3.0052 3.0052 0.7 vertex 3.43832 2.49809 0.65 endloop endfacet facet normal -0.297511 -0.161367 -0.940982 outer loop vertex 3.0052 3.0052 0.7 vertex 2.54086 2.40557 0.94964 vertex 2.47487 2.47487 0.95862 endloop endfacet facet normal -0.300629 -0.1397 -0.943454 outer loop vertex 2.81123 2.08495 0.910995 vertex 3.43832 2.49809 0.65 vertex 2.83101 2.05685 0.908853 endloop endfacet facet normal -0.300592 -0.139757 -0.943458 outer loop vertex 2.70554 2.22038 0.924607 vertex 3.43832 2.49809 0.65 vertex 2.81123 2.08495 0.910995 endloop endfacet facet normal -0.300587 -0.139772 -0.943457 outer loop vertex 2.59333 2.35046 0.941086 vertex 3.43832 2.49809 0.65 vertex 2.70554 2.22038 0.924607 endloop endfacet facet normal -0.300591 -0.139751 -0.943459 outer loop vertex 3.43832 2.49809 0.65 vertex 2.59333 2.35046 0.941086 vertex 2.54086 2.40557 0.94964 endloop endfacet facet normal -0.649454 -0.760401 0 outer loop vertex 2.49809 3.43832 0 vertex 3.0052 3.0052 0.7 vertex 2.49809 3.43832 0.75 endloop endfacet facet normal -0.649454 -0.760401 -0 outer loop vertex 3.0052 3.0052 0.7 vertex 2.49809 3.43832 0 vertex 3.0052 3.0052 0 endloop endfacet facet normal -0.268635 -0.205898 -0.940979 outer loop vertex 2.13335 2.77345 0.999609 vertex 2.49809 3.43832 0.75 vertex 3.0052 3.0052 0.7 endloop endfacet facet normal -0.268638 -0.205895 -0.940979 outer loop vertex 2.08495 2.81123 1.00516 vertex 2.49809 3.43832 0.75 vertex 2.13335 2.77345 0.999609 endloop endfacet facet normal -0.268546 -0.205961 -0.94099 outer loop vertex 2.49809 3.43832 0.75 vertex 2.08495 2.81123 1.00516 vertex 2.05685 2.83101 1.00885 endloop endfacet facet normal -0.275035 -0.18505 -0.943458 outer loop vertex 2.35046 2.59333 0.971653 vertex 3.0052 3.0052 0.7 vertex 2.47487 2.47487 0.95862 endloop endfacet facet normal -0.275027 -0.185064 -0.943457 outer loop vertex 2.22038 2.70554 0.987562 vertex 3.0052 3.0052 0.7 vertex 2.35046 2.59333 0.971653 endloop endfacet facet normal -0.275018 -0.185084 -0.943456 outer loop vertex 3.0052 3.0052 0.7 vertex 2.22038 2.70554 0.987562 vertex 2.13335 2.77345 0.999609 endloop endfacet facet normal -0.522502 -0.852638 0 outer loop vertex 1.92946 3.78678 0 vertex 2.49809 3.43832 0.75 vertex 1.92946 3.78678 0.799999 endloop endfacet facet normal -0.522502 -0.852638 -0 outer loop vertex 2.49809 3.43832 0.75 vertex 1.92946 3.78678 0 vertex 2.49809 3.43832 0 endloop endfacet facet normal -0.233114 -0.245387 -0.94098 outer loop vertex 1.67368 3.07324 1.04944 vertex 1.92946 3.78678 0.799999 vertex 2.49809 3.43832 0.75 endloop endfacet facet normal -0.233167 -0.245365 -0.940973 outer loop vertex 1.64989 3.08672 1.05182 vertex 1.92946 3.78678 0.799999 vertex 1.67368 3.07324 1.04944 endloop endfacet facet normal -0.23314 -0.245377 -0.940976 outer loop vertex 1.92946 3.78678 0.799999 vertex 1.64989 3.08672 1.05182 vertex 1.58851 3.11762 1.05897 endloop endfacet facet normal -0.242734 -0.225766 -0.943456 outer loop vertex 1.9445 2.91014 1.01882 vertex 2.49809 3.43832 0.75 vertex 2.05685 2.83101 1.00885 endloop endfacet facet normal -0.242663 -0.22584 -0.943457 outer loop vertex 1.79936 3.00205 1.03415 vertex 2.49809 3.43832 0.75 vertex 1.9445 2.91014 1.01882 endloop endfacet facet normal -0.242685 -0.225807 -0.943459 outer loop vertex 2.49809 3.43832 0.75 vertex 1.79936 3.00205 1.03415 vertex 1.67368 3.07324 1.04944 endloop endfacet facet normal -0.382679 -0.923881 0 outer loop vertex 1.31332 4.04199 0 vertex 1.92946 3.78678 0.799999 vertex 1.31332 4.04199 0.849999 endloop endfacet facet normal -0.382679 -0.923881 -0 outer loop vertex 1.92946 3.78678 0.799999 vertex 1.31332 4.04199 0 vertex 1.92946 3.78678 0 endloop endfacet facet normal -0.191858 -0.278838 -0.940978 outer loop vertex 1.17275 3.29751 1.09927 vertex 1.31332 4.04199 0.849999 vertex 1.92946 3.78678 0.799999 endloop endfacet facet normal -0.191848 -0.27884 -0.94098 outer loop vertex 1.31332 4.04199 0.849999 vertex 1.17275 3.29751 1.09927 vertex 1.08125 3.32773 1.10897 endloop endfacet facet normal -0.204333 -0.261016 -0.943461 outer loop vertex 1.49644 3.16396 1.06609 vertex 1.92946 3.78678 0.799999 vertex 1.58851 3.11762 1.05897 endloop endfacet facet normal -0.204412 -0.26096 -0.943459 outer loop vertex 1.33939 3.23358 1.08086 vertex 1.92946 3.78678 0.799999 vertex 1.49644 3.16396 1.06609 endloop endfacet facet normal -0.204339 -0.261036 -0.943454 outer loop vertex 1.17911 3.2954 1.09847 vertex 1.92946 3.78678 0.799999 vertex 1.33939 3.23358 1.08086 endloop endfacet facet normal -0.204985 -0.260119 -0.943567 outer loop vertex 1.92946 3.78678 0.799999 vertex 1.17911 3.2954 1.09847 vertex 1.17275 3.29751 1.09927 endloop endfacet facet normal -0.233439 -0.972372 0 outer loop vertex 0.664846 4.19767 0 vertex 1.31332 4.04199 0.849999 vertex 0.664846 4.19767 0.9 endloop endfacet facet normal -0.233439 -0.972372 -0 outer loop vertex 1.31332 4.04199 0.849999 vertex 0.664846 4.19767 0 vertex 1.31332 4.04199 0 endloop endfacet facet normal -0.145877 -0.305419 -0.940978 outer loop vertex 0.641887 3.43985 1.14953 vertex 0.664846 4.19767 0.9 vertex 1.31332 4.04199 0.849999 endloop endfacet facet normal -0.145818 -0.305424 -0.940985 outer loop vertex 0.664846 4.19767 0.9 vertex 0.641887 3.43985 1.14953 vertex 0.547414 3.45624 1.15885 endloop endfacet facet normal -0.161088 -0.289731 -0.943454 outer loop vertex 1.016 3.34929 1.11349 vertex 1.31332 4.04199 0.849999 vertex 1.08125 3.32773 1.10897 endloop endfacet facet normal -0.160993 -0.289774 -0.943458 outer loop vertex 0.85043 3.39511 1.12767 vertex 1.31332 4.04199 0.849999 vertex 1.016 3.34929 1.11349 endloop endfacet facet normal -0.161036 -0.289744 -0.94346 outer loop vertex 0.682816 3.43275 1.14472 vertex 1.31332 4.04199 0.849999 vertex 0.85043 3.39511 1.12767 endloop endfacet facet normal -0.161124 -0.289658 -0.943471 outer loop vertex 1.31332 4.04199 0.849999 vertex 0.682816 3.43275 1.14472 vertex 0.641887 3.43985 1.14953 endloop endfacet facet normal 0.0636141 -0.325326 0.94346 outer loop vertex 0 4.25 0.0499992 vertex 0 4.105 0 vertex 0.0755345 4.11977 0 endloop endfacet facet normal 0.044355 -0.335544 0.94098 outer loop vertex 0.664846 4.19767 0 vertex 0 4.25 0.0499992 vertex 0.0755345 4.11977 0 endloop endfacet facet normal -0.0784673 -0.996917 0 outer loop vertex 0 4.25 0.0499992 vertex 0.664846 4.19767 0.9 vertex 0 4.25 0.95 endloop endfacet facet normal -0.0784673 -0.996917 -0 outer loop vertex 0.664846 4.19767 0.9 vertex 0 4.25 0.0499992 vertex 0.664846 4.19767 0 endloop endfacet facet normal -0.0963024 -0.324475 -0.940979 outer loop vertex 0 4.25 0.95 vertex 0.0956623 3.49765 1.19964 vertex 0 3.5 1.20862 endloop endfacet facet normal -0.0963061 -0.324475 -0.940979 outer loop vertex 0.0956623 3.49765 1.19964 vertex 0 4.25 0.95 vertex 0.664846 4.19767 0.9 endloop endfacet facet normal -0.113976 -0.311325 -0.943444 outer loop vertex 0.513556 3.46212 1.161 vertex 0.664846 4.19767 0.9 vertex 0.547414 3.45624 1.15885 endloop endfacet facet normal -0.11372 -0.311382 -0.943456 outer loop vertex 0.34306 3.48315 1.17461 vertex 0.664846 4.19767 0.9 vertex 0.513556 3.46212 1.161 endloop endfacet facet normal -0.113709 -0.311387 -0.943456 outer loop vertex 0.171737 3.49578 1.19109 vertex 0.664846 4.19767 0.9 vertex 0.34306 3.48315 1.17461 endloop endfacet facet normal -0.113689 -0.3114 -0.943454 outer loop vertex 0.664846 4.19767 0.9 vertex 0.171737 3.49578 1.19109 vertex 0.0956623 3.49765 1.19964 endloop endfacet facet normal 0.113709 -0.311384 0.943457 outer loop vertex -0.474891 3.96405 0 vertex -0.664846 4.19767 0.0999994 vertex -0.61948 3.91125 0 endloop endfacet facet normal 0.0963045 -0.324471 0.94098 outer loop vertex 0 4.25 0.0499992 vertex -0.474891 3.96405 0 vertex 0 4.105 0 endloop endfacet facet normal 0.0963063 -0.324474 0.940979 outer loop vertex -0.474891 3.96405 0 vertex 0 4.25 0.0499992 vertex -0.664846 4.19767 0.0999994 endloop endfacet facet normal 0.0784673 -0.996917 0 outer loop vertex -0.664846 4.19767 0.0999994 vertex 0 4.25 0.95 vertex -0.664846 4.19767 1 endloop endfacet facet normal 0.0784673 -0.996917 0 outer loop vertex 0 4.25 0.95 vertex -0.664846 4.19767 0.0999994 vertex 0 4.25 0.0499992 endloop endfacet facet normal -0.0443518 -0.335545 -0.940979 outer loop vertex -0.664846 4.19767 1 vertex -0.452623 3.46963 1.24961 vertex -0.513556 3.46212 1.25516 endloop endfacet facet normal -0.0442821 -0.335533 -0.940987 outer loop vertex -0.664846 4.19767 1 vertex -0.513556 3.46212 1.25516 vertex -0.547414 3.45624 1.25885 endloop endfacet facet normal -0.0443559 -0.335546 -0.940979 outer loop vertex -0.452623 3.46963 1.24961 vertex -0.664846 4.19767 1 vertex 0 4.25 0.95 endloop endfacet facet normal -0.0635879 -0.32533 -0.94346 outer loop vertex -0.171737 3.49578 1.22165 vertex 0 4.25 0.95 vertex 0 3.5 1.20862 endloop endfacet facet normal -0.0636322 -0.32532 -0.94346 outer loop vertex -0.34306 3.48315 1.23756 vertex 0 4.25 0.95 vertex -0.171737 3.49578 1.22165 endloop endfacet facet normal -0.0636189 -0.325326 -0.943459 outer loop vertex 0 4.25 0.95 vertex -0.34306 3.48315 1.23756 vertex -0.452623 3.46963 1.24961 endloop endfacet facet normal 0.161037 -0.289749 0.943458 outer loop vertex -0.977076 3.74045 0 vertex -1.31332 4.04199 0.15 vertex -1.1789 3.62828 0 endloop endfacet facet normal 0.14588 -0.305422 0.940976 outer loop vertex -0.664846 4.19767 0.0999994 vertex -0.977076 3.74045 0 vertex -0.61948 3.91125 0 endloop endfacet facet normal 0.145877 -0.30542 0.940977 outer loop vertex -0.977076 3.74045 0 vertex -0.664846 4.19767 0.0999994 vertex -1.31332 4.04199 0.15 endloop endfacet facet normal 0.233439 -0.972372 0 outer loop vertex -1.31332 4.04199 0.15 vertex -0.664846 4.19767 1 vertex -1.31332 4.04199 1.05 endloop endfacet facet normal 0.233439 -0.972372 0 outer loop vertex -0.664846 4.19767 1 vertex -1.31332 4.04199 0.15 vertex -0.664846 4.19767 0.0999994 endloop endfacet facet normal 0.00873467 -0.338331 -0.940986 outer loop vertex -1.31332 4.04199 1.05 vertex -0.989637 3.35659 1.29944 vertex -1.016 3.34929 1.30182 endloop endfacet facet normal 0.00868678 -0.33835 -0.94098 outer loop vertex -1.31332 4.04199 1.05 vertex -1.016 3.34929 1.30182 vertex -1.08125 3.32773 1.30897 endloop endfacet facet normal 0.0086763 -0.338356 -0.940978 outer loop vertex -0.989637 3.35659 1.29944 vertex -1.31332 4.04199 1.05 vertex -0.664846 4.19767 1 endloop endfacet facet normal -0.0119972 -0.331282 -0.943456 outer loop vertex -0.682816 3.43275 1.26882 vertex -0.664846 4.19767 1 vertex -0.547414 3.45624 1.25885 endloop endfacet facet normal -0.0118942 -0.331284 -0.943456 outer loop vertex -0.85043 3.39511 1.28415 vertex -0.664846 4.19767 1 vertex -0.682816 3.43275 1.26882 endloop endfacet facet normal -0.0119603 -0.331271 -0.94346 outer loop vertex -0.664846 4.19767 1 vertex -0.85043 3.39511 1.28415 vertex -0.989637 3.35659 1.29944 endloop endfacet facet normal 0.204374 -0.260988 0.94346 outer loop vertex -1.42375 3.4598 0 vertex -1.92946 3.78678 0.2 vertex -1.66614 3.26999 0 endloop endfacet facet normal 0.191864 -0.278834 0.940978 outer loop vertex -1.31332 4.04199 0.15 vertex -1.42375 3.4598 0 vertex -1.1789 3.62828 0 endloop endfacet facet normal 0.191856 -0.278833 0.94098 outer loop vertex -1.42375 3.4598 0 vertex -1.31332 4.04199 0.15 vertex -1.92946 3.78678 0.2 endloop endfacet facet normal 0.382679 -0.923881 0 outer loop vertex -1.92946 3.78678 0.2 vertex -1.31332 4.04199 1.05 vertex -1.92946 3.78678 1.1 endloop endfacet facet normal 0.382679 -0.923881 0 outer loop vertex -1.31332 4.04199 1.05 vertex -1.92946 3.78678 0.2 vertex -1.31332 4.04199 0.15 endloop endfacet facet normal 0.0615012 -0.33283 -0.940979 outer loop vertex -1.92946 3.78678 1.1 vertex -1.50243 3.16095 1.34927 vertex -1.58851 3.11762 1.35897 endloop endfacet facet normal 0.0615002 -0.332831 -0.940979 outer loop vertex -1.50243 3.16095 1.34927 vertex -1.92946 3.78678 1.1 vertex -1.31332 4.04199 1.05 endloop endfacet facet normal 0.0400661 -0.329054 -0.943461 outer loop vertex -1.17911 3.2954 1.31609 vertex -1.31332 4.04199 1.05 vertex -1.08125 3.32773 1.30897 endloop endfacet facet normal 0.0399808 -0.329069 -0.943459 outer loop vertex -1.33939 3.23358 1.33086 vertex -1.31332 4.04199 1.05 vertex -1.17911 3.2954 1.31609 endloop endfacet facet normal 0.0400868 -0.32907 -0.943454 outer loop vertex -1.49644 3.16396 1.34847 vertex -1.31332 4.04199 1.05 vertex -1.33939 3.23358 1.33086 endloop endfacet facet normal 0.0392731 -0.328929 -0.943538 outer loop vertex -1.31332 4.04199 1.05 vertex -1.49644 3.16396 1.34847 vertex -1.50243 3.16095 1.34927 endloop endfacet facet normal 0.242688 -0.225805 0.943459 outer loop vertex -1.8098 3.13352 0 vertex -2.49809 3.43832 0.25 vertex -2.07194 2.85178 0 endloop endfacet facet normal 0.233107 -0.245389 0.940981 outer loop vertex -1.92946 3.78678 0.2 vertex -1.8098 3.13352 0 vertex -1.66614 3.26999 0 endloop endfacet facet normal 0.233115 -0.245387 0.94098 outer loop vertex -1.8098 3.13352 0 vertex -1.92946 3.78678 0.2 vertex -2.49809 3.43832 0.25 endloop endfacet facet normal 0.522502 -0.852638 0 outer loop vertex -2.49809 3.43832 0.25 vertex -1.92946 3.78678 1.1 vertex -2.49809 3.43832 1.15 endloop endfacet facet normal 0.522502 -0.852638 0 outer loop vertex -1.92946 3.78678 1.1 vertex -2.49809 3.43832 0.25 vertex -1.92946 3.78678 0.2 endloop endfacet facet normal 0.112851 -0.319079 -0.940985 outer loop vertex -2.49809 3.43832 1.15 vertex -1.97846 2.88622 1.39953 vertex -2.05685 2.83101 1.40885 endloop endfacet facet normal 0.112813 -0.319112 -0.940979 outer loop vertex -1.97846 2.88622 1.39953 vertex -2.49809 3.43832 1.15 vertex -1.92946 3.78678 1.1 endloop endfacet facet normal 0.0909953 -0.318761 -0.943457 outer loop vertex -1.64989 3.08672 1.36349 vertex -1.92946 3.78678 1.1 vertex -1.58851 3.11762 1.35897 endloop endfacet facet normal 0.0910512 -0.31874 -0.943459 outer loop vertex -1.79936 3.00205 1.37767 vertex -1.92946 3.78678 1.1 vertex -1.64989 3.08672 1.36349 endloop endfacet facet normal 0.0910152 -0.318746 -0.94346 outer loop vertex -1.9445 2.91014 1.39472 vertex -1.92946 3.78678 1.1 vertex -1.79936 3.00205 1.37767 endloop endfacet facet normal 0.0908818 -0.318748 -0.943472 outer loop vertex -1.92946 3.78678 1.1 vertex -1.9445 2.91014 1.39472 vertex -1.97846 2.88622 1.39953 endloop endfacet facet normal 0.275034 -0.185051 0.943458 outer loop vertex -2.35046 2.59333 0.0283466 vertex -3.0052 3.0052 0.299999 vertex -2.47487 2.47487 0.0413794 endloop endfacet facet normal 0.275026 -0.185063 0.943458 outer loop vertex -2.22038 2.70554 0.0124376 vertex -3.0052 3.0052 0.299999 vertex -2.35046 2.59333 0.0283466 endloop endfacet facet normal 0.275018 -0.185083 0.943456 outer loop vertex -3.0052 3.0052 0.299999 vertex -2.22038 2.70554 0.0124376 vertex -2.13335 2.77345 0.000390595 endloop endfacet facet normal 0.26812 -0.20551 0.94121 outer loop vertex -2.07194 2.85178 0 vertex -2.13335 2.77345 0.000390595 vertex -2.12994 2.77611 0 endloop endfacet facet normal 0.268623 -0.205905 0.940981 outer loop vertex -2.49809 3.43832 0.25 vertex -2.13335 2.77345 0.000390595 vertex -2.07194 2.85178 0 endloop endfacet facet normal 0.268634 -0.205899 0.940979 outer loop vertex -2.13335 2.77345 0.000390595 vertex -2.49809 3.43832 0.25 vertex -3.0052 3.0052 0.299999 endloop endfacet facet normal 0.649454 -0.760401 0 outer loop vertex -3.0052 3.0052 0.299999 vertex -2.49809 3.43832 1.15 vertex -3.0052 3.0052 1.2 endloop endfacet facet normal 0.649454 -0.760401 0 outer loop vertex -2.49809 3.43832 1.15 vertex -3.0052 3.0052 0.299999 vertex -2.49809 3.43832 0.25 endloop endfacet facet normal 0.161367 -0.297511 -0.940982 outer loop vertex -3.0052 3.0052 1.2 vertex -2.40557 2.54086 1.44964 vertex -2.47487 2.47487 1.45862 endloop endfacet facet normal 0.161346 -0.297536 -0.940978 outer loop vertex -2.40557 2.54086 1.44964 vertex -3.0052 3.0052 1.2 vertex -2.49809 3.43832 1.15 endloop endfacet facet normal 0.139518 -0.300751 -0.943442 outer loop vertex -2.08495 2.81123 1.411 vertex -2.49809 3.43832 1.15 vertex -2.05685 2.83101 1.40885 endloop endfacet facet normal 0.13977 -0.300591 -0.943456 outer loop vertex -2.22038 2.70554 1.42461 vertex -2.49809 3.43832 1.15 vertex -2.08495 2.81123 1.411 endloop endfacet facet normal 0.139769 -0.300591 -0.943456 outer loop vertex -2.35046 2.59333 1.44109 vertex -2.49809 3.43832 1.15 vertex -2.22038 2.70554 1.42461 endloop endfacet facet normal 0.139812 -0.300582 -0.943453 outer loop vertex -2.49809 3.43832 1.15 vertex -2.35046 2.59333 1.44109 vertex -2.40557 2.54086 1.44964 endloop endfacet facet normal 0.300631 -0.139698 0.943454 outer loop vertex -2.81123 2.08495 0.0890037 vertex -3.43832 2.49809 0.349999 vertex -2.83101 2.05685 0.0911458 endloop endfacet facet normal 0.300589 -0.139763 0.943458 outer loop vertex -2.70554 2.22038 0.0753929 vertex -3.43832 2.49809 0.349999 vertex -2.81123 2.08495 0.0890037 endloop endfacet facet normal 0.300587 -0.139768 0.943458 outer loop vertex -2.59333 2.35046 0.0589133 vertex -3.43832 2.49809 0.349999 vertex -2.70554 2.22038 0.0753929 endloop endfacet facet normal 0.300589 -0.139761 0.943458 outer loop vertex -3.43832 2.49809 0.349999 vertex -2.59333 2.35046 0.0589133 vertex -2.54086 2.40557 0.05036 endloop endfacet facet normal 0.297515 -0.161362 0.940982 outer loop vertex -3.0052 3.0052 0.299999 vertex -2.54086 2.40557 0.05036 vertex -2.47487 2.47487 0.0413794 endloop endfacet facet normal 0.297535 -0.161345 0.940978 outer loop vertex -2.54086 2.40557 0.05036 vertex -3.0052 3.0052 0.299999 vertex -3.43832 2.49809 0.349999 endloop endfacet facet normal 0.760401 -0.649454 0 outer loop vertex -3.43832 2.49809 0.349999 vertex -3.0052 3.0052 1.2 vertex -3.43832 2.49809 1.25 endloop endfacet facet normal 0.760401 -0.649454 0 outer loop vertex -3.0052 3.0052 1.2 vertex -3.43832 2.49809 0.349999 vertex -3.0052 3.0052 0.299999 endloop endfacet facet normal 0.205904 -0.268626 -0.94098 outer loop vertex -3.43832 2.49809 1.25 vertex -2.77345 2.13335 1.49961 vertex -2.81123 2.08495 1.50516 endloop endfacet facet normal 0.205961 -0.268546 -0.94099 outer loop vertex -3.43832 2.49809 1.25 vertex -2.81123 2.08495 1.50516 vertex -2.83101 2.05685 1.50885 endloop endfacet facet normal 0.205898 -0.268635 -0.940979 outer loop vertex -2.77345 2.13335 1.49961 vertex -3.43832 2.49809 1.25 vertex -3.0052 3.0052 1.2 endloop endfacet facet normal 0.185062 -0.275024 -0.943459 outer loop vertex -2.59333 2.35046 1.47165 vertex -3.0052 3.0052 1.2 vertex -2.47487 2.47487 1.45862 endloop endfacet facet normal 0.185056 -0.275027 -0.943459 outer loop vertex -2.70554 2.22038 1.48756 vertex -3.0052 3.0052 1.2 vertex -2.59333 2.35046 1.47165 endloop endfacet facet normal 0.185054 -0.275028 -0.943459 outer loop vertex -3.0052 3.0052 1.2 vertex -2.70554 2.22038 1.48756 vertex -2.77345 2.13335 1.49961 endloop endfacet facet normal 0.318743 -0.0910323 0.94346 outer loop vertex -3.08672 1.64989 0.136513 vertex -3.78678 1.92946 0.4 vertex -3.11762 1.58851 0.14103 endloop endfacet facet normal 0.318753 -0.0910082 0.943459 outer loop vertex -3.00205 1.79936 0.122325 vertex -3.78678 1.92946 0.4 vertex -3.08672 1.64989 0.136513 endloop endfacet facet normal 0.31875 -0.0910243 0.943458 outer loop vertex -2.91014 1.9445 0.105276 vertex -3.78678 1.92946 0.4 vertex -3.00205 1.79936 0.122325 endloop endfacet facet normal 0.31875 -0.0910241 0.943458 outer loop vertex -3.78678 1.92946 0.4 vertex -2.91014 1.9445 0.105276 vertex -2.88622 1.97846 0.100471 endloop endfacet facet normal 0.31911 -0.112811 0.940979 outer loop vertex -3.43832 2.49809 0.349999 vertex -2.88622 1.97846 0.100471 vertex -2.83101 2.05685 0.0911458 endloop endfacet facet normal 0.319111 -0.11281 0.940979 outer loop vertex -2.88622 1.97846 0.100471 vertex -3.43832 2.49809 0.349999 vertex -3.78678 1.92946 0.4 endloop endfacet facet normal 0.852638 -0.522502 0 outer loop vertex -3.78678 1.92946 0.4 vertex -3.43832 2.49809 1.25 vertex -3.78678 1.92946 1.3 endloop endfacet facet normal 0.852638 -0.522502 0 outer loop vertex -3.43832 2.49809 1.25 vertex -3.78678 1.92946 0.4 vertex -3.43832 2.49809 0.349999 endloop endfacet facet normal 0.245364 -0.233166 -0.940973 outer loop vertex -3.78678 1.92946 1.3 vertex -3.07324 1.67368 1.54944 vertex -3.08672 1.64989 1.55182 endloop endfacet facet normal 0.245376 -0.233139 -0.940976 outer loop vertex -3.78678 1.92946 1.3 vertex -3.08672 1.64989 1.55182 vertex -3.11762 1.58851 1.55897 endloop endfacet facet normal 0.245385 -0.233115 -0.94098 outer loop vertex -3.07324 1.67368 1.54944 vertex -3.78678 1.92946 1.3 vertex -3.43832 2.49809 1.25 endloop endfacet facet normal 0.225766 -0.242734 -0.943456 outer loop vertex -2.91014 1.9445 1.51882 vertex -3.43832 2.49809 1.25 vertex -2.83101 2.05685 1.50885 endloop endfacet facet normal 0.22584 -0.242663 -0.943457 outer loop vertex -3.00205 1.79936 1.53415 vertex -3.43832 2.49809 1.25 vertex -2.91014 1.9445 1.51882 endloop endfacet facet normal 0.225807 -0.242685 -0.943459 outer loop vertex -3.43832 2.49809 1.25 vertex -3.00205 1.79936 1.53415 vertex -3.07324 1.67368 1.54944 endloop endfacet facet normal 0.329064 -0.0400312 0.943459 outer loop vertex -3.2954 1.17911 0.183906 vertex -4.04199 1.31332 0.45 vertex -3.32773 1.08125 0.19103 endloop endfacet facet normal 0.329066 -0.0400211 0.943458 outer loop vertex -3.23358 1.33939 0.169143 vertex -4.04199 1.31332 0.45 vertex -3.2954 1.17911 0.183906 endloop endfacet facet normal 0.329066 -0.0400427 0.943457 outer loop vertex -3.16396 1.49644 0.151526 vertex -4.04199 1.31332 0.45 vertex -3.23358 1.33939 0.169143 endloop endfacet facet normal 0.329024 -0.039801 0.943482 outer loop vertex -4.04199 1.31332 0.45 vertex -3.16396 1.49644 0.151526 vertex -3.16095 1.50243 0.150729 endloop endfacet facet normal 0.332826 -0.06151 0.94098 outer loop vertex -3.78678 1.92946 0.4 vertex -3.16095 1.50243 0.150729 vertex -3.11762 1.58851 0.14103 endloop endfacet facet normal 0.332832 -0.0615007 0.940979 outer loop vertex -3.16095 1.50243 0.150729 vertex -3.78678 1.92946 0.4 vertex -4.04199 1.31332 0.45 endloop endfacet facet normal 0.923881 -0.382679 0 outer loop vertex -4.04199 1.31332 0.45 vertex -3.78678 1.92946 1.3 vertex -4.04199 1.31332 1.35 endloop endfacet facet normal 0.923881 -0.382679 0 outer loop vertex -3.78678 1.92946 1.3 vertex -4.04199 1.31332 0.45 vertex -3.78678 1.92946 0.4 endloop endfacet facet normal 0.278839 -0.191847 -0.94098 outer loop vertex -4.04199 1.31332 1.35 vertex -3.29751 1.17275 1.59927 vertex -3.32773 1.08125 1.60897 endloop endfacet facet normal 0.278837 -0.191857 -0.940979 outer loop vertex -3.29751 1.17275 1.59927 vertex -4.04199 1.31332 1.35 vertex -3.78678 1.92946 1.3 endloop endfacet facet normal 0.261015 -0.204333 -0.943461 outer loop vertex -3.16396 1.49644 1.56609 vertex -3.78678 1.92946 1.3 vertex -3.11762 1.58851 1.55897 endloop endfacet facet normal 0.260959 -0.204412 -0.94346 outer loop vertex -3.23358 1.33939 1.58086 vertex -3.78678 1.92946 1.3 vertex -3.16396 1.49644 1.56609 endloop endfacet facet normal 0.261035 -0.204339 -0.943455 outer loop vertex -3.2954 1.17911 1.59847 vertex -3.78678 1.92946 1.3 vertex -3.23358 1.33939 1.58086 endloop endfacet facet normal 0.260117 -0.204985 -0.943568 outer loop vertex -3.78678 1.92946 1.3 vertex -3.2954 1.17911 1.59847 vertex -3.29751 1.17275 1.59927 endloop endfacet facet normal 0.331279 0.0119421 0.943457 outer loop vertex -3.43275 0.682816 0.231184 vertex -4.19767 0.664846 0.5 vertex -3.45624 0.547414 0.241146 endloop endfacet facet normal 0.331279 0.0119349 0.943457 outer loop vertex -3.39511 0.85043 0.215847 vertex -4.19767 0.664846 0.5 vertex -3.43275 0.682816 0.231184 endloop endfacet facet normal 0.331277 0.0119448 0.943458 outer loop vertex -4.19767 0.664846 0.5 vertex -3.39511 0.85043 0.215847 vertex -3.35659 0.989637 0.200559 endloop endfacet facet normal 0.338346 -0.00869982 0.940982 outer loop vertex -4.04199 1.31332 0.45 vertex -3.34929 1.016 0.198179 vertex -3.32773 1.08125 0.19103 endloop endfacet facet normal 0.338333 -0.008735 0.940986 outer loop vertex -4.04199 1.31332 0.45 vertex -3.35659 0.989637 0.200559 vertex -3.34929 1.016 0.198179 endloop endfacet facet normal 0.338357 -0.0086766 0.940978 outer loop vertex -3.35659 0.989637 0.200559 vertex -4.04199 1.31332 0.45 vertex -4.19767 0.664846 0.5 endloop endfacet facet normal 0.972372 -0.233439 0 outer loop vertex -4.19767 0.664846 0.5 vertex -4.04199 1.31332 1.35 vertex -4.19767 0.664846 1.4 endloop endfacet facet normal 0.972372 -0.233439 0 outer loop vertex -4.04199 1.31332 1.35 vertex -4.19767 0.664846 0.5 vertex -4.04199 1.31332 0.45 endloop endfacet facet normal 0.305424 -0.145818 -0.940985 outer loop vertex -4.19767 0.664846 1.4 vertex -3.43985 0.641887 1.64953 vertex -3.45624 0.547414 1.65885 endloop endfacet facet normal 0.30542 -0.145876 -0.940978 outer loop vertex -3.43985 0.641887 1.64953 vertex -4.19767 0.664846 1.4 vertex -4.04199 1.31332 1.35 endloop endfacet facet normal 0.28973 -0.161088 -0.943455 outer loop vertex -3.34929 1.016 1.61349 vertex -4.04199 1.31332 1.35 vertex -3.32773 1.08125 1.60897 endloop endfacet facet normal 0.289772 -0.160993 -0.943458 outer loop vertex -3.39511 0.85043 1.62767 vertex -4.04199 1.31332 1.35 vertex -3.34929 1.016 1.61349 endloop endfacet facet normal 0.289742 -0.161036 -0.94346 outer loop vertex -3.43275 0.682816 1.64472 vertex -4.04199 1.31332 1.35 vertex -3.39511 0.85043 1.62767 endloop endfacet facet normal 0.289656 -0.161124 -0.943471 outer loop vertex -4.04199 1.31332 1.35 vertex -3.43275 0.682816 1.64472 vertex -3.43985 0.641887 1.64953 endloop endfacet facet normal 0.32533 0.0636043 0.943459 outer loop vertex -3.49578 0.171737 0.278346 vertex -4.25 0 0.549999 vertex -3.5 0 0.291379 endloop endfacet facet normal 0.325325 0.0636262 0.943459 outer loop vertex -3.48315 0.34306 0.262437 vertex -4.25 0 0.549999 vertex -3.49578 0.171737 0.278346 endloop endfacet facet normal 0.32534 0.0635911 0.943457 outer loop vertex -4.25 0 0.549999 vertex -3.48315 0.34306 0.262437 vertex -3.46963 0.452623 0.25039 endloop endfacet facet normal 0.335541 0.0443081 0.940983 outer loop vertex -4.19767 0.664846 0.5 vertex -3.46212 0.513556 0.244837 vertex -3.45624 0.547414 0.241146 endloop endfacet facet normal 0.335556 0.0443963 0.940973 outer loop vertex -4.19767 0.664846 0.5 vertex -3.46963 0.452623 0.25039 vertex -3.46212 0.513556 0.244837 endloop endfacet facet normal 0.335546 0.0443545 0.940979 outer loop vertex -3.46963 0.452623 0.25039 vertex -4.19767 0.664846 0.5 vertex -4.25 0 0.549999 endloop endfacet facet normal 0.996917 -0.0784673 0 outer loop vertex -4.25 0 0.549999 vertex -4.19767 0.664846 1.4 vertex -4.25 0 1.45 endloop endfacet facet normal 0.996917 -0.0784673 0 outer loop vertex -4.19767 0.664846 1.4 vertex -4.25 0 0.549999 vertex -4.19767 0.664846 0.5 endloop endfacet facet normal 0.324475 -0.0963024 -0.940979 outer loop vertex -4.25 0 1.45 vertex -3.49765 0.0956623 1.69964 vertex -3.5 0 1.70862 endloop endfacet facet normal 0.324475 -0.0963061 -0.940979 outer loop vertex -3.49765 0.0956623 1.69964 vertex -4.25 0 1.45 vertex -4.19767 0.664846 1.4 endloop endfacet facet normal 0.311325 -0.113976 -0.943444 outer loop vertex -3.46212 0.513556 1.661 vertex -4.19767 0.664846 1.4 vertex -3.45624 0.547414 1.65885 endloop endfacet facet normal 0.311382 -0.11372 -0.943456 outer loop vertex -3.48315 0.34306 1.67461 vertex -4.19767 0.664846 1.4 vertex -3.46212 0.513556 1.661 endloop endfacet facet normal 0.311387 -0.113709 -0.943456 outer loop vertex -3.49578 0.171737 1.69109 vertex -4.19767 0.664846 1.4 vertex -3.48315 0.34306 1.67461 endloop endfacet facet normal 0.3114 -0.113689 -0.943454 outer loop vertex -4.19767 0.664846 1.4 vertex -3.49578 0.171737 1.69109 vertex -3.49765 0.0956623 1.69964 endloop endfacet facet normal 0.311367 0.113761 0.943456 outer loop vertex -3.46212 -0.513556 0.339004 vertex -4.19767 -0.664846 0.599999 vertex -3.45624 -0.547414 0.341146 endloop endfacet facet normal 0.311376 0.113725 0.943457 outer loop vertex -3.48315 -0.34306 0.325393 vertex -4.19767 -0.664846 0.599999 vertex -3.46212 -0.513556 0.339004 endloop endfacet facet normal 0.311383 0.113709 0.943457 outer loop vertex -3.49578 -0.171737 0.308913 vertex -4.19767 -0.664846 0.599999 vertex -3.48315 -0.34306 0.325393 endloop endfacet facet normal 0.311371 0.113726 0.943459 outer loop vertex -4.19767 -0.664846 0.599999 vertex -3.49578 -0.171737 0.308913 vertex -3.49765 -0.0956623 0.30036 endloop endfacet facet normal 0.324474 0.0963121 0.940978 outer loop vertex -4.25 0 0.549999 vertex -3.49765 -0.0956623 0.30036 vertex -3.5 0 0.291379 endloop endfacet facet normal 0.324474 0.096306 0.940979 outer loop vertex -3.49765 -0.0956623 0.30036 vertex -4.25 0 0.549999 vertex -4.19767 -0.664846 0.599999 endloop endfacet facet normal 0.996917 0.0784673 -0 outer loop vertex -4.19767 -0.664846 0.599999 vertex -4.25 0 1.45 vertex -4.19767 -0.664846 1.5 endloop endfacet facet normal 0.996917 0.0784673 0 outer loop vertex -4.25 0 1.45 vertex -4.19767 -0.664846 0.599999 vertex -4.25 0 0.549999 endloop endfacet facet normal 0.335533 -0.0442821 -0.940987 outer loop vertex -4.19767 -0.664846 1.5 vertex -3.46212 -0.513556 1.75516 vertex -3.45624 -0.547414 1.75885 endloop endfacet facet normal 0.335545 -0.0443518 -0.940979 outer loop vertex -4.19767 -0.664846 1.5 vertex -3.46963 -0.452623 1.74961 vertex -3.46212 -0.513556 1.75516 endloop endfacet facet normal 0.335546 -0.0443559 -0.940979 outer loop vertex -3.46963 -0.452623 1.74961 vertex -4.19767 -0.664846 1.5 vertex -4.25 0 1.45 endloop endfacet facet normal 0.32533 -0.0635879 -0.94346 outer loop vertex -3.49578 -0.171737 1.72165 vertex -4.25 0 1.45 vertex -3.5 0 1.70862 endloop endfacet facet normal 0.32532 -0.0636322 -0.94346 outer loop vertex -3.48315 -0.34306 1.73756 vertex -4.25 0 1.45 vertex -3.49578 -0.171737 1.72165 endloop endfacet facet normal 0.325326 -0.0636189 -0.943459 outer loop vertex -4.25 0 1.45 vertex -3.48315 -0.34306 1.73756 vertex -3.46963 -0.452623 1.74961 endloop endfacet facet normal 0.289744 0.161049 0.943457 outer loop vertex -3.34929 -1.016 0.386513 vertex -4.04199 -1.31332 0.65 vertex -3.32773 -1.08125 0.39103 endloop endfacet facet normal 0.289751 0.161033 0.943458 outer loop vertex -3.39511 -0.85043 0.372325 vertex -4.04199 -1.31332 0.65 vertex -3.34929 -1.016 0.386513 endloop endfacet facet normal 0.289751 0.161032 0.943458 outer loop vertex -3.43275 -0.682816 0.355276 vertex -4.04199 -1.31332 0.65 vertex -3.39511 -0.85043 0.372325 endloop endfacet facet normal 0.289758 0.161025 0.943457 outer loop vertex -4.04199 -1.31332 0.65 vertex -3.43275 -0.682816 0.355276 vertex -3.43985 -0.641887 0.350471 endloop endfacet facet normal 0.305418 0.145866 0.94098 outer loop vertex -4.19767 -0.664846 0.599999 vertex -3.43985 -0.641887 0.350471 vertex -3.45624 -0.547414 0.341146 endloop endfacet facet normal 0.305417 0.145877 0.940978 outer loop vertex -3.43985 -0.641887 0.350471 vertex -4.19767 -0.664846 0.599999 vertex -4.04199 -1.31332 0.65 endloop endfacet facet normal 0.972372 0.233439 -0 outer loop vertex -4.04199 -1.31332 0.65 vertex -4.19767 -0.664846 1.5 vertex -4.04199 -1.31332 1.55 endloop endfacet facet normal 0.972372 0.233439 0 outer loop vertex -4.19767 -0.664846 1.5 vertex -4.04199 -1.31332 0.65 vertex -4.19767 -0.664846 0.599999 endloop endfacet facet normal 0.33835 0.00868678 -0.94098 outer loop vertex -4.04199 -1.31332 1.55 vertex -3.34929 -1.016 1.80182 vertex -3.32773 -1.08125 1.80897 endloop endfacet facet normal 0.338331 0.00873467 -0.940986 outer loop vertex -4.04199 -1.31332 1.55 vertex -3.35659 -0.989637 1.79944 vertex -3.34929 -1.016 1.80182 endloop endfacet facet normal 0.338356 0.0086763 -0.940978 outer loop vertex -3.35659 -0.989637 1.79944 vertex -4.04199 -1.31332 1.55 vertex -4.19767 -0.664846 1.5 endloop endfacet facet normal 0.331282 -0.0119972 -0.943456 outer loop vertex -3.43275 -0.682816 1.76882 vertex -4.19767 -0.664846 1.5 vertex -3.45624 -0.547414 1.75885 endloop endfacet facet normal 0.331284 -0.0118942 -0.943456 outer loop vertex -3.39511 -0.85043 1.78415 vertex -4.19767 -0.664846 1.5 vertex -3.43275 -0.682816 1.76882 endloop endfacet facet normal 0.331271 -0.0119603 -0.94346 outer loop vertex -4.19767 -0.664846 1.5 vertex -3.39511 -0.85043 1.78415 vertex -3.35659 -0.989637 1.79944 endloop endfacet facet normal 0.260998 0.204365 0.943459 outer loop vertex -3.16396 -1.49644 0.433906 vertex -3.78678 -1.92946 0.7 vertex -3.11762 -1.58851 0.44103 endloop endfacet facet normal 0.260986 0.204382 0.943459 outer loop vertex -3.23358 -1.33939 0.419143 vertex -3.78678 -1.92946 0.7 vertex -3.16396 -1.49644 0.433906 endloop endfacet facet normal 0.261001 0.204367 0.943458 outer loop vertex -3.2954 -1.17911 0.401526 vertex -3.78678 -1.92946 0.7 vertex -3.23358 -1.33939 0.419143 endloop endfacet facet normal 0.260558 0.204679 0.943513 outer loop vertex -3.78678 -1.92946 0.7 vertex -3.2954 -1.17911 0.401526 vertex -3.29751 -1.17275 0.400729 endloop endfacet facet normal 0.278842 0.191838 0.940981 outer loop vertex -4.04199 -1.31332 0.65 vertex -3.29751 -1.17275 0.400729 vertex -3.32773 -1.08125 0.39103 endloop endfacet facet normal 0.278838 0.191858 0.940978 outer loop vertex -3.29751 -1.17275 0.400729 vertex -4.04199 -1.31332 0.65 vertex -3.78678 -1.92946 0.7 endloop endfacet facet normal 0.923881 0.382679 -0 outer loop vertex -3.78678 -1.92946 0.7 vertex -4.04199 -1.31332 1.55 vertex -3.78678 -1.92946 1.6 endloop endfacet facet normal 0.923881 0.382679 0 outer loop vertex -4.04199 -1.31332 1.55 vertex -3.78678 -1.92946 0.7 vertex -4.04199 -1.31332 0.65 endloop endfacet facet normal 0.33283 0.0615012 -0.940979 outer loop vertex -3.78678 -1.92946 1.6 vertex -3.16095 -1.50243 1.84927 vertex -3.11762 -1.58851 1.85897 endloop endfacet facet normal 0.332831 0.0615002 -0.940979 outer loop vertex -3.16095 -1.50243 1.84927 vertex -3.78678 -1.92946 1.6 vertex -4.04199 -1.31332 1.55 endloop endfacet facet normal 0.329054 0.0400661 -0.943461 outer loop vertex -3.2954 -1.17911 1.81609 vertex -4.04199 -1.31332 1.55 vertex -3.32773 -1.08125 1.80897 endloop endfacet facet normal 0.329069 0.0399808 -0.943459 outer loop vertex -3.23358 -1.33939 1.83086 vertex -4.04199 -1.31332 1.55 vertex -3.2954 -1.17911 1.81609 endloop endfacet facet normal 0.32907 0.0400868 -0.943454 outer loop vertex -3.16396 -1.49644 1.84847 vertex -4.04199 -1.31332 1.55 vertex -3.23358 -1.33939 1.83086 endloop endfacet facet normal 0.328929 0.0392731 -0.943538 outer loop vertex -4.04199 -1.31332 1.55 vertex -3.16396 -1.49644 1.84847 vertex -3.16095 -1.50243 1.84927 endloop endfacet facet normal 0.225803 0.242693 0.943458 outer loop vertex -2.91014 -1.9445 0.481184 vertex -3.43832 -2.49809 0.75 vertex -2.83101 -2.05685 0.491146 endloop endfacet facet normal 0.225807 0.242688 0.943458 outer loop vertex -3.00205 -1.79936 0.465847 vertex -3.43832 -2.49809 0.75 vertex -2.91014 -1.9445 0.481184 endloop endfacet facet normal 0.225822 0.242679 0.943457 outer loop vertex -3.43832 -2.49809 0.75 vertex -3.00205 -1.79936 0.465847 vertex -3.07324 -1.67368 0.450559 endloop endfacet facet normal 0.245365 0.233167 0.940973 outer loop vertex -3.78678 -1.92946 0.7 vertex -3.07324 -1.67368 0.450559 vertex -3.08672 -1.64989 0.448179 endloop endfacet facet normal 0.245382 0.233128 0.940978 outer loop vertex -3.78678 -1.92946 0.7 vertex -3.08672 -1.64989 0.448179 vertex -3.11762 -1.58851 0.44103 endloop endfacet facet normal 0.245386 0.233115 0.94098 outer loop vertex -3.07324 -1.67368 0.450559 vertex -3.78678 -1.92946 0.7 vertex -3.43832 -2.49809 0.75 endloop endfacet facet normal 0.852638 0.522502 -0 outer loop vertex -3.43832 -2.49809 0.75 vertex -3.78678 -1.92946 1.6 vertex -3.43832 -2.49809 1.65 endloop endfacet facet normal 0.852638 0.522502 0 outer loop vertex -3.78678 -1.92946 1.6 vertex -3.43832 -2.49809 0.75 vertex -3.78678 -1.92946 0.7 endloop endfacet facet normal 0.319079 0.112851 -0.940985 outer loop vertex -3.43832 -2.49809 1.65 vertex -2.88622 -1.97846 1.89953 vertex -2.83101 -2.05685 1.90885 endloop endfacet facet normal 0.319112 0.112813 -0.940979 outer loop vertex -2.88622 -1.97846 1.89953 vertex -3.43832 -2.49809 1.65 vertex -3.78678 -1.92946 1.6 endloop endfacet facet normal 0.318761 0.0909953 -0.943457 outer loop vertex -3.08672 -1.64989 1.86349 vertex -3.78678 -1.92946 1.6 vertex -3.11762 -1.58851 1.85897 endloop endfacet facet normal 0.31874 0.0910512 -0.943459 outer loop vertex -3.00205 -1.79936 1.87767 vertex -3.78678 -1.92946 1.6 vertex -3.08672 -1.64989 1.86349 endloop endfacet facet normal 0.318746 0.0910152 -0.94346 outer loop vertex -2.91014 -1.9445 1.89472 vertex -3.78678 -1.92946 1.6 vertex -3.00205 -1.79936 1.87767 endloop endfacet facet normal 0.318748 0.0908818 -0.943472 outer loop vertex -3.78678 -1.92946 1.6 vertex -2.91014 -1.9445 1.89472 vertex -2.88622 -1.97846 1.89953 endloop endfacet facet normal 0.18505 0.275035 0.943458 outer loop vertex -2.59333 -2.35046 0.528346 vertex -3.0052 -3.0052 0.799999 vertex -2.47487 -2.47487 0.541379 endloop endfacet facet normal 0.185064 0.275027 0.943457 outer loop vertex -2.70554 -2.22038 0.512437 vertex -3.0052 -3.0052 0.799999 vertex -2.59333 -2.35046 0.528346 endloop endfacet facet normal 0.185084 0.275018 0.943456 outer loop vertex -3.0052 -3.0052 0.799999 vertex -2.70554 -2.22038 0.512437 vertex -2.77345 -2.13335 0.50039 endloop endfacet facet normal 0.20588 0.268665 0.940974 outer loop vertex -3.43832 -2.49809 0.75 vertex -2.77345 -2.13335 0.50039 vertex -2.81123 -2.08495 0.494837 endloop endfacet facet normal 0.205948 0.26857 0.940986 outer loop vertex -3.43832 -2.49809 0.75 vertex -2.81123 -2.08495 0.494837 vertex -2.83101 -2.05685 0.491146 endloop endfacet facet normal 0.205899 0.268634 0.940979 outer loop vertex -2.77345 -2.13335 0.50039 vertex -3.43832 -2.49809 0.75 vertex -3.0052 -3.0052 0.799999 endloop endfacet facet normal 0.760401 0.649454 -0 outer loop vertex -3.0052 -3.0052 0.799999 vertex -3.43832 -2.49809 1.65 vertex -3.0052 -3.0052 1.7 endloop endfacet facet normal 0.760401 0.649454 0 outer loop vertex -3.43832 -2.49809 1.65 vertex -3.0052 -3.0052 0.799999 vertex -3.43832 -2.49809 0.75 endloop endfacet facet normal 0.297511 0.161367 -0.940982 outer loop vertex -3.0052 -3.0052 1.7 vertex -2.54086 -2.40557 1.94964 vertex -2.47487 -2.47487 1.95862 endloop endfacet facet normal 0.297536 0.161346 -0.940978 outer loop vertex -2.54086 -2.40557 1.94964 vertex -3.0052 -3.0052 1.7 vertex -3.43832 -2.49809 1.65 endloop endfacet facet normal 0.300751 0.139518 -0.943442 outer loop vertex -2.81123 -2.08495 1.911 vertex -3.43832 -2.49809 1.65 vertex -2.83101 -2.05685 1.90885 endloop endfacet facet normal 0.300591 0.13977 -0.943456 outer loop vertex -2.70554 -2.22038 1.92461 vertex -3.43832 -2.49809 1.65 vertex -2.81123 -2.08495 1.911 endloop endfacet facet normal 0.300591 0.139769 -0.943456 outer loop vertex -2.59333 -2.35046 1.94109 vertex -3.43832 -2.49809 1.65 vertex -2.70554 -2.22038 1.92461 endloop endfacet facet normal 0.300582 0.139812 -0.943453 outer loop vertex -3.43832 -2.49809 1.65 vertex -2.59333 -2.35046 1.94109 vertex -2.54086 -2.40557 1.94964 endloop endfacet facet normal 0.1397 0.300629 0.943454 outer loop vertex -2.08495 -2.81123 0.589004 vertex -2.49809 -3.43832 0.849999 vertex -2.05685 -2.83101 0.591146 endloop endfacet facet normal 0.139762 0.30059 0.943458 outer loop vertex -2.22038 -2.70554 0.575393 vertex -2.49809 -3.43832 0.849999 vertex -2.08495 -2.81123 0.589004 endloop endfacet facet normal 0.139766 0.300588 0.943458 outer loop vertex -2.35046 -2.59333 0.558913 vertex -2.49809 -3.43832 0.849999 vertex -2.22038 -2.70554 0.575393 endloop endfacet facet normal 0.139765 0.300588 0.943458 outer loop vertex -2.49809 -3.43832 0.849999 vertex -2.35046 -2.59333 0.558913 vertex -2.40557 -2.54086 0.55036 endloop endfacet facet normal 0.16136 0.297518 0.940981 outer loop vertex -3.0052 -3.0052 0.799999 vertex -2.40557 -2.54086 0.55036 vertex -2.47487 -2.47487 0.541379 endloop endfacet facet normal 0.161345 0.297535 0.940978 outer loop vertex -2.40557 -2.54086 0.55036 vertex -3.0052 -3.0052 0.799999 vertex -2.49809 -3.43832 0.849999 endloop endfacet facet normal 0.649454 0.760401 -0 outer loop vertex -2.49809 -3.43832 0.849999 vertex -3.0052 -3.0052 1.7 vertex -2.49809 -3.43832 1.75 endloop endfacet facet normal 0.649454 0.760401 0 outer loop vertex -3.0052 -3.0052 1.7 vertex -2.49809 -3.43832 0.849999 vertex -3.0052 -3.0052 0.799999 endloop endfacet facet normal 0.268546 0.205961 -0.94099 outer loop vertex -2.49809 -3.43832 1.75 vertex -2.08495 -2.81123 2.00516 vertex -2.05685 -2.83101 2.00885 endloop endfacet facet normal 0.268626 0.205904 -0.94098 outer loop vertex -2.49809 -3.43832 1.75 vertex -2.13335 -2.77345 1.99961 vertex -2.08495 -2.81123 2.00516 endloop endfacet facet normal 0.268635 0.205898 -0.940979 outer loop vertex -2.13335 -2.77345 1.99961 vertex -2.49809 -3.43832 1.75 vertex -3.0052 -3.0052 1.7 endloop endfacet facet normal 0.275024 0.185062 -0.943459 outer loop vertex -2.35046 -2.59333 1.97165 vertex -3.0052 -3.0052 1.7 vertex -2.47487 -2.47487 1.95862 endloop endfacet facet normal 0.275027 0.185056 -0.943459 outer loop vertex -2.22038 -2.70554 1.98756 vertex -3.0052 -3.0052 1.7 vertex -2.35046 -2.59333 1.97165 endloop endfacet facet normal 0.275028 0.185054 -0.943459 outer loop vertex -3.0052 -3.0052 1.7 vertex -2.22038 -2.70554 1.98756 vertex -2.13335 -2.77345 1.99961 endloop endfacet facet normal 0.0910323 0.318743 0.94346 outer loop vertex -1.64989 -3.08672 0.636513 vertex -1.92946 -3.78678 0.9 vertex -1.58851 -3.11762 0.64103 endloop endfacet facet normal 0.0910082 0.318753 0.943459 outer loop vertex -1.79936 -3.00205 0.622325 vertex -1.92946 -3.78678 0.9 vertex -1.64989 -3.08672 0.636513 endloop endfacet facet normal 0.0910243 0.31875 0.943458 outer loop vertex -1.9445 -2.91014 0.605276 vertex -1.92946 -3.78678 0.9 vertex -1.79936 -3.00205 0.622325 endloop endfacet facet normal 0.0910241 0.31875 0.943458 outer loop vertex -1.92946 -3.78678 0.9 vertex -1.9445 -2.91014 0.605276 vertex -1.97846 -2.88622 0.600471 endloop endfacet facet normal 0.112812 0.319109 0.94098 outer loop vertex -2.49809 -3.43832 0.849999 vertex -1.97846 -2.88622 0.600471 vertex -2.05685 -2.83101 0.591146 endloop endfacet facet normal 0.11281 0.319111 0.940979 outer loop vertex -1.97846 -2.88622 0.600471 vertex -2.49809 -3.43832 0.849999 vertex -1.92946 -3.78678 0.9 endloop endfacet facet normal 0.522502 0.852638 -0 outer loop vertex -1.92946 -3.78678 0.9 vertex -2.49809 -3.43832 1.75 vertex -1.92946 -3.78678 1.8 endloop endfacet facet normal 0.522502 0.852638 0 outer loop vertex -2.49809 -3.43832 1.75 vertex -1.92946 -3.78678 0.9 vertex -2.49809 -3.43832 0.849999 endloop endfacet facet normal 0.233139 0.245376 -0.940976 outer loop vertex -1.92946 -3.78678 1.8 vertex -1.64989 -3.08672 2.05182 vertex -1.58851 -3.11762 2.05897 endloop endfacet facet normal 0.233166 0.245364 -0.940973 outer loop vertex -1.92946 -3.78678 1.8 vertex -1.67368 -3.07324 2.04944 vertex -1.64989 -3.08672 2.05182 endloop endfacet facet normal 0.233115 0.245385 -0.94098 outer loop vertex -1.67368 -3.07324 2.04944 vertex -1.92946 -3.78678 1.8 vertex -2.49809 -3.43832 1.75 endloop endfacet facet normal 0.242734 0.225766 -0.943456 outer loop vertex -1.9445 -2.91014 2.01882 vertex -2.49809 -3.43832 1.75 vertex -2.05685 -2.83101 2.00885 endloop endfacet facet normal 0.242663 0.22584 -0.943457 outer loop vertex -1.79936 -3.00205 2.03415 vertex -2.49809 -3.43832 1.75 vertex -1.9445 -2.91014 2.01882 endloop endfacet facet normal 0.242685 0.225807 -0.943459 outer loop vertex -2.49809 -3.43832 1.75 vertex -1.79936 -3.00205 2.03415 vertex -1.67368 -3.07324 2.04944 endloop endfacet facet normal 0.0400312 0.329064 0.943459 outer loop vertex -1.17911 -3.2954 0.683906 vertex -1.31332 -4.04199 0.95 vertex -1.08125 -3.32773 0.69103 endloop endfacet facet normal 0.0400211 0.329066 0.943458 outer loop vertex -1.33939 -3.23358 0.669143 vertex -1.31332 -4.04199 0.95 vertex -1.17911 -3.2954 0.683906 endloop endfacet facet normal 0.0400427 0.329066 0.943457 outer loop vertex -1.49644 -3.16396 0.651526 vertex -1.31332 -4.04199 0.95 vertex -1.33939 -3.23358 0.669143 endloop endfacet facet normal 0.039801 0.329024 0.943482 outer loop vertex -1.31332 -4.04199 0.95 vertex -1.49644 -3.16396 0.651526 vertex -1.50243 -3.16095 0.650729 endloop endfacet facet normal 0.06151 0.332826 0.94098 outer loop vertex -1.92946 -3.78678 0.9 vertex -1.50243 -3.16095 0.650729 vertex -1.58851 -3.11762 0.64103 endloop endfacet facet normal 0.0615007 0.332832 0.940979 outer loop vertex -1.50243 -3.16095 0.650729 vertex -1.92946 -3.78678 0.9 vertex -1.31332 -4.04199 0.95 endloop endfacet facet normal 0.382679 0.923881 -0 outer loop vertex -1.31332 -4.04199 0.95 vertex -1.92946 -3.78678 1.8 vertex -1.31332 -4.04199 1.85 endloop endfacet facet normal 0.382679 0.923881 0 outer loop vertex -1.92946 -3.78678 1.8 vertex -1.31332 -4.04199 0.95 vertex -1.92946 -3.78678 0.9 endloop endfacet facet normal 0.191847 0.278839 -0.94098 outer loop vertex -1.31332 -4.04199 1.85 vertex -1.17275 -3.29751 2.09927 vertex -1.08125 -3.32773 2.10897 endloop endfacet facet normal 0.191857 0.278837 -0.940979 outer loop vertex -1.17275 -3.29751 2.09927 vertex -1.31332 -4.04199 1.85 vertex -1.92946 -3.78678 1.8 endloop endfacet facet normal 0.204333 0.261015 -0.943461 outer loop vertex -1.49644 -3.16396 2.06609 vertex -1.92946 -3.78678 1.8 vertex -1.58851 -3.11762 2.05897 endloop endfacet facet normal 0.204412 0.260959 -0.94346 outer loop vertex -1.33939 -3.23358 2.08086 vertex -1.92946 -3.78678 1.8 vertex -1.49644 -3.16396 2.06609 endloop endfacet facet normal 0.204339 0.261035 -0.943455 outer loop vertex -1.17911 -3.2954 2.09847 vertex -1.92946 -3.78678 1.8 vertex -1.33939 -3.23358 2.08086 endloop endfacet facet normal 0.204985 0.260117 -0.943568 outer loop vertex -1.92946 -3.78678 1.8 vertex -1.17911 -3.2954 2.09847 vertex -1.17275 -3.29751 2.09927 endloop endfacet facet normal -0.0119421 0.331279 0.943457 outer loop vertex -0.682816 -3.43275 0.731184 vertex -0.664846 -4.19767 1 vertex -0.547414 -3.45624 0.741146 endloop endfacet facet normal -0.0119349 0.331279 0.943457 outer loop vertex -0.85043 -3.39511 0.715847 vertex -0.664846 -4.19767 1 vertex -0.682816 -3.43275 0.731184 endloop endfacet facet normal -0.0119448 0.331277 0.943458 outer loop vertex -0.664846 -4.19767 1 vertex -0.85043 -3.39511 0.715847 vertex -0.989637 -3.35659 0.700559 endloop endfacet facet normal 0.008735 0.338333 0.940986 outer loop vertex -1.31332 -4.04199 0.95 vertex -0.989637 -3.35659 0.700559 vertex -1.016 -3.34929 0.698179 endloop endfacet facet normal 0.00869982 0.338346 0.940982 outer loop vertex -1.31332 -4.04199 0.95 vertex -1.016 -3.34929 0.698179 vertex -1.08125 -3.32773 0.69103 endloop endfacet facet normal 0.0086766 0.338357 0.940978 outer loop vertex -0.989637 -3.35659 0.700559 vertex -1.31332 -4.04199 0.95 vertex -0.664846 -4.19767 1 endloop endfacet facet normal 0.233439 0.972372 -0 outer loop vertex -0.664846 -4.19767 1 vertex -1.31332 -4.04199 1.85 vertex -0.664846 -4.19767 1.9 endloop endfacet facet normal 0.233439 0.972372 0 outer loop vertex -1.31332 -4.04199 1.85 vertex -0.664846 -4.19767 1 vertex -1.31332 -4.04199 0.95 endloop endfacet facet normal 0.145818 0.305424 -0.940985 outer loop vertex -0.664846 -4.19767 1.9 vertex -0.641887 -3.43985 2.14953 vertex -0.547414 -3.45624 2.15885 endloop endfacet facet normal 0.145876 0.30542 -0.940978 outer loop vertex -0.641887 -3.43985 2.14953 vertex -0.664846 -4.19767 1.9 vertex -1.31332 -4.04199 1.85 endloop endfacet facet normal 0.161088 0.28973 -0.943455 outer loop vertex -1.016 -3.34929 2.11349 vertex -1.31332 -4.04199 1.85 vertex -1.08125 -3.32773 2.10897 endloop endfacet facet normal 0.160993 0.289772 -0.943458 outer loop vertex -0.85043 -3.39511 2.12767 vertex -1.31332 -4.04199 1.85 vertex -1.016 -3.34929 2.11349 endloop endfacet facet normal 0.161036 0.289742 -0.94346 outer loop vertex -0.682816 -3.43275 2.14472 vertex -1.31332 -4.04199 1.85 vertex -0.85043 -3.39511 2.12767 endloop endfacet facet normal 0.161124 0.289656 -0.943471 outer loop vertex -1.31332 -4.04199 1.85 vertex -0.682816 -3.43275 2.14472 vertex -0.641887 -3.43985 2.14953 endloop endfacet facet normal -0.0636042 0.325331 0.943459 outer loop vertex -0.171737 -3.49578 0.778346 vertex 0 -4.25 1.05 vertex 0 -3.5 0.791379 endloop endfacet facet normal -0.0636261 0.325326 0.943459 outer loop vertex -0.34306 -3.48315 0.762437 vertex 0 -4.25 1.05 vertex -0.171737 -3.49578 0.778346 endloop endfacet facet normal -0.0635909 0.325341 0.943456 outer loop vertex 0 -4.25 1.05 vertex -0.34306 -3.48315 0.762437 vertex -0.452623 -3.46963 0.75039 endloop endfacet facet normal -0.0443963 0.335556 0.940973 outer loop vertex -0.664846 -4.19767 1 vertex -0.452623 -3.46963 0.75039 vertex -0.513556 -3.46212 0.744837 endloop endfacet facet normal -0.0443081 0.335541 0.940983 outer loop vertex -0.664846 -4.19767 1 vertex -0.513556 -3.46212 0.744837 vertex -0.547414 -3.45624 0.741146 endloop endfacet facet normal -0.0443559 0.335546 0.940979 outer loop vertex -0.452623 -3.46963 0.75039 vertex -0.664846 -4.19767 1 vertex 0 -4.25 1.05 endloop endfacet facet normal 0.0784673 0.996917 -0 outer loop vertex 0 -4.25 1.05 vertex -0.664846 -4.19767 1.9 vertex 0 -4.25 1.95 endloop endfacet facet normal 0.0784673 0.996917 0 outer loop vertex -0.664846 -4.19767 1.9 vertex 0 -4.25 1.05 vertex -0.664846 -4.19767 1 endloop endfacet facet normal 0.0963024 0.324475 -0.940979 outer loop vertex 0 -4.25 1.95 vertex -0.0956623 -3.49765 2.19964 vertex 0 -3.5 2.20862 endloop endfacet facet normal 0.0963061 0.324475 -0.940979 outer loop vertex -0.0956623 -3.49765 2.19964 vertex 0 -4.25 1.95 vertex -0.664846 -4.19767 1.9 endloop endfacet facet normal 0.113976 0.311325 -0.943444 outer loop vertex -0.513556 -3.46212 2.161 vertex -0.664846 -4.19767 1.9 vertex -0.547414 -3.45624 2.15885 endloop endfacet facet normal 0.11372 0.311382 -0.943456 outer loop vertex -0.34306 -3.48315 2.17461 vertex -0.664846 -4.19767 1.9 vertex -0.513556 -3.46212 2.161 endloop endfacet facet normal 0.113709 0.311387 -0.943456 outer loop vertex -0.171737 -3.49578 2.19109 vertex -0.664846 -4.19767 1.9 vertex -0.34306 -3.48315 2.17461 endloop endfacet facet normal 0.113689 0.3114 -0.943454 outer loop vertex -0.664846 -4.19767 1.9 vertex -0.171737 -3.49578 2.19109 vertex -0.0956623 -3.49765 2.19964 endloop endfacet facet normal -0.113761 0.311369 0.943455 outer loop vertex 0.513556 -3.46212 0.839004 vertex 0.664846 -4.19767 1.1 vertex 0.547414 -3.45624 0.841146 endloop endfacet facet normal -0.113725 0.311377 0.943457 outer loop vertex 0.34306 -3.48315 0.825393 vertex 0.664846 -4.19767 1.1 vertex 0.513556 -3.46212 0.839004 endloop endfacet facet normal -0.113709 0.311384 0.943457 outer loop vertex 0.171737 -3.49578 0.808913 vertex 0.664846 -4.19767 1.1 vertex 0.34306 -3.48315 0.825393 endloop endfacet facet normal -0.113726 0.311372 0.943458 outer loop vertex 0.664846 -4.19767 1.1 vertex 0.171737 -3.49578 0.808913 vertex 0.0956623 -3.49765 0.80036 endloop endfacet facet normal -0.0963121 0.324476 0.940978 outer loop vertex 0 -4.25 1.05 vertex 0.0956623 -3.49765 0.80036 vertex 0 -3.5 0.791379 endloop endfacet facet normal -0.0963061 0.324475 0.940979 outer loop vertex 0.0956623 -3.49765 0.80036 vertex 0 -4.25 1.05 vertex 0.664846 -4.19767 1.1 endloop endfacet facet normal -0.0784673 0.996917 0 outer loop vertex 0.664846 -4.19767 1.1 vertex 0 -4.25 1.95 vertex 0.664846 -4.19767 2 endloop endfacet facet normal -0.0784673 0.996917 0 outer loop vertex 0 -4.25 1.95 vertex 0.664846 -4.19767 1.1 vertex 0 -4.25 1.05 endloop endfacet facet normal 0.0442821 0.335533 -0.940987 outer loop vertex 0.664846 -4.19767 2 vertex 0.513556 -3.46212 2.25516 vertex 0.547414 -3.45624 2.25885 endloop endfacet facet normal 0.0443518 0.335545 -0.940979 outer loop vertex 0.664846 -4.19767 2 vertex 0.452623 -3.46963 2.24961 vertex 0.513556 -3.46212 2.25516 endloop endfacet facet normal 0.0443559 0.335546 -0.940979 outer loop vertex 0.452623 -3.46963 2.24961 vertex 0.664846 -4.19767 2 vertex 0 -4.25 1.95 endloop endfacet facet normal 0.0636189 0.325326 -0.943459 outer loop vertex 0 -4.25 1.95 vertex 0.34306 -3.48315 2.23756 vertex 0.452623 -3.46963 2.24961 endloop endfacet facet normal 0.0636322 0.32532 -0.94346 outer loop vertex 0 -4.25 1.95 vertex 0.171737 -3.49578 2.22165 vertex 0.34306 -3.48315 2.23756 endloop endfacet facet normal 0.0635879 0.32533 -0.94346 outer loop vertex 0.171737 -3.49578 2.22165 vertex 0 -4.25 1.95 vertex 0 -3.5 2.20862 endloop endfacet facet normal -0.161049 0.289744 0.943457 outer loop vertex 1.016 -3.34929 0.886513 vertex 1.31332 -4.04199 1.15 vertex 1.08125 -3.32773 0.89103 endloop endfacet facet normal -0.161033 0.289751 0.943458 outer loop vertex 0.85043 -3.39511 0.872325 vertex 1.31332 -4.04199 1.15 vertex 1.016 -3.34929 0.886513 endloop endfacet facet normal -0.161032 0.289751 0.943458 outer loop vertex 0.682816 -3.43275 0.855276 vertex 1.31332 -4.04199 1.15 vertex 0.85043 -3.39511 0.872325 endloop endfacet facet normal -0.161025 0.289758 0.943457 outer loop vertex 1.31332 -4.04199 1.15 vertex 0.682816 -3.43275 0.855276 vertex 0.641887 -3.43985 0.850471 endloop endfacet facet normal -0.145875 0.305418 0.940978 outer loop vertex 0.641887 -3.43985 0.850471 vertex 0.664846 -4.19767 1.1 vertex 1.31332 -4.04199 1.15 endloop endfacet facet normal -0.145867 0.305419 0.940979 outer loop vertex 0.664846 -4.19767 1.1 vertex 0.641887 -3.43985 0.850471 vertex 0.547414 -3.45624 0.841146 endloop endfacet facet normal -0.233439 0.972372 0 outer loop vertex 1.31332 -4.04199 1.15 vertex 0.664846 -4.19767 2 vertex 1.31332 -4.04199 2.05 endloop endfacet facet normal -0.233439 0.972372 0 outer loop vertex 0.664846 -4.19767 2 vertex 1.31332 -4.04199 1.15 vertex 0.664846 -4.19767 1.1 endloop endfacet facet normal -0.00868678 0.33835 -0.94098 outer loop vertex 1.31332 -4.04199 2.05 vertex 1.016 -3.34929 2.30182 vertex 1.08125 -3.32773 2.30897 endloop endfacet facet normal -0.00873467 0.338331 -0.940986 outer loop vertex 1.31332 -4.04199 2.05 vertex 0.989637 -3.35659 2.29944 vertex 1.016 -3.34929 2.30182 endloop endfacet facet normal -0.0086763 0.338356 -0.940978 outer loop vertex 0.989637 -3.35659 2.29944 vertex 1.31332 -4.04199 2.05 vertex 0.664846 -4.19767 2 endloop endfacet facet normal 0.0119603 0.331271 -0.94346 outer loop vertex 0.664846 -4.19767 2 vertex 0.85043 -3.39511 2.28415 vertex 0.989637 -3.35659 2.29944 endloop endfacet facet normal 0.0118942 0.331284 -0.943456 outer loop vertex 0.664846 -4.19767 2 vertex 0.682816 -3.43275 2.26882 vertex 0.85043 -3.39511 2.28415 endloop endfacet facet normal 0.0119972 0.331282 -0.943456 outer loop vertex 0.682816 -3.43275 2.26882 vertex 0.664846 -4.19767 2 vertex 0.547414 -3.45624 2.25885 endloop endfacet facet normal -0.204365 0.260998 0.943459 outer loop vertex 1.49644 -3.16396 0.933906 vertex 1.92946 -3.78678 1.2 vertex 1.58851 -3.11762 0.94103 endloop endfacet facet normal -0.204382 0.260986 0.943459 outer loop vertex 1.33939 -3.23358 0.919143 vertex 1.92946 -3.78678 1.2 vertex 1.49644 -3.16396 0.933906 endloop endfacet facet normal -0.204367 0.261001 0.943458 outer loop vertex 1.17911 -3.2954 0.901526 vertex 1.92946 -3.78678 1.2 vertex 1.33939 -3.23358 0.919143 endloop endfacet facet normal -0.204679 0.260558 0.943513 outer loop vertex 1.92946 -3.78678 1.2 vertex 1.17911 -3.2954 0.901526 vertex 1.17275 -3.29751 0.900729 endloop endfacet facet normal -0.191858 0.278838 0.940978 outer loop vertex 1.17275 -3.29751 0.900729 vertex 1.31332 -4.04199 1.15 vertex 1.92946 -3.78678 1.2 endloop endfacet facet normal -0.191838 0.278842 0.940981 outer loop vertex 1.31332 -4.04199 1.15 vertex 1.17275 -3.29751 0.900729 vertex 1.08125 -3.32773 0.89103 endloop endfacet facet normal -0.382679 0.923881 0 outer loop vertex 1.92946 -3.78678 1.2 vertex 1.31332 -4.04199 2.05 vertex 1.92946 -3.78678 2.1 endloop endfacet facet normal -0.382679 0.923881 0 outer loop vertex 1.31332 -4.04199 2.05 vertex 1.92946 -3.78678 1.2 vertex 1.31332 -4.04199 1.15 endloop endfacet facet normal -0.0615012 0.33283 -0.940979 outer loop vertex 1.92946 -3.78678 2.1 vertex 1.50243 -3.16095 2.34927 vertex 1.58851 -3.11762 2.35897 endloop endfacet facet normal -0.0615002 0.332831 -0.940979 outer loop vertex 1.50243 -3.16095 2.34927 vertex 1.92946 -3.78678 2.1 vertex 1.31332 -4.04199 2.05 endloop endfacet facet normal -0.0392731 0.328929 -0.943538 outer loop vertex 1.31332 -4.04199 2.05 vertex 1.49644 -3.16396 2.34847 vertex 1.50243 -3.16095 2.34927 endloop endfacet facet normal -0.0400868 0.32907 -0.943454 outer loop vertex 1.31332 -4.04199 2.05 vertex 1.33939 -3.23358 2.33086 vertex 1.49644 -3.16396 2.34847 endloop endfacet facet normal -0.0399808 0.329069 -0.943459 outer loop vertex 1.31332 -4.04199 2.05 vertex 1.17911 -3.2954 2.31609 vertex 1.33939 -3.23358 2.33086 endloop endfacet facet normal -0.0400661 0.329054 -0.943461 outer loop vertex 1.17911 -3.2954 2.31609 vertex 1.31332 -4.04199 2.05 vertex 1.08125 -3.32773 2.30897 endloop endfacet facet normal -0.242693 0.225803 0.943458 outer loop vertex 1.9445 -2.91014 0.981184 vertex 2.49809 -3.43832 1.25 vertex 2.05685 -2.83101 0.991146 endloop endfacet facet normal -0.242688 0.225807 0.943458 outer loop vertex 1.79936 -3.00205 0.965847 vertex 2.49809 -3.43832 1.25 vertex 1.9445 -2.91014 0.981184 endloop endfacet facet normal -0.242679 0.225822 0.943457 outer loop vertex 2.49809 -3.43832 1.25 vertex 1.79936 -3.00205 0.965847 vertex 1.67368 -3.07324 0.950559 endloop endfacet facet normal -0.233115 0.245386 0.94098 outer loop vertex 1.67368 -3.07324 0.950559 vertex 1.92946 -3.78678 1.2 vertex 2.49809 -3.43832 1.25 endloop endfacet facet normal -0.233167 0.245365 0.940973 outer loop vertex 1.64989 -3.08672 0.948179 vertex 1.92946 -3.78678 1.2 vertex 1.67368 -3.07324 0.950559 endloop endfacet facet normal -0.233128 0.245382 0.940978 outer loop vertex 1.92946 -3.78678 1.2 vertex 1.64989 -3.08672 0.948179 vertex 1.58851 -3.11762 0.94103 endloop endfacet facet normal -0.522502 0.852638 0 outer loop vertex 2.49809 -3.43832 1.25 vertex 1.92946 -3.78678 2.1 vertex 2.49809 -3.43832 2.15 endloop endfacet facet normal -0.522502 0.852638 0 outer loop vertex 1.92946 -3.78678 2.1 vertex 2.49809 -3.43832 1.25 vertex 1.92946 -3.78678 1.2 endloop endfacet facet normal -0.112851 0.319079 -0.940985 outer loop vertex 2.49809 -3.43832 2.15 vertex 1.97846 -2.88622 2.39953 vertex 2.05685 -2.83101 2.40885 endloop endfacet facet normal -0.112813 0.319112 -0.940979 outer loop vertex 1.97846 -2.88622 2.39953 vertex 2.49809 -3.43832 2.15 vertex 1.92946 -3.78678 2.1 endloop endfacet facet normal -0.0908818 0.318748 -0.943472 outer loop vertex 1.92946 -3.78678 2.1 vertex 1.9445 -2.91014 2.39472 vertex 1.97846 -2.88622 2.39953 endloop endfacet facet normal -0.0910152 0.318746 -0.94346 outer loop vertex 1.92946 -3.78678 2.1 vertex 1.79936 -3.00205 2.37767 vertex 1.9445 -2.91014 2.39472 endloop endfacet facet normal -0.0910512 0.31874 -0.943459 outer loop vertex 1.92946 -3.78678 2.1 vertex 1.64989 -3.08672 2.36349 vertex 1.79936 -3.00205 2.37767 endloop endfacet facet normal -0.0909953 0.318761 -0.943457 outer loop vertex 1.64989 -3.08672 2.36349 vertex 1.92946 -3.78678 2.1 vertex 1.58851 -3.11762 2.35897 endloop endfacet facet normal -0.275024 0.185062 0.943459 outer loop vertex 2.35046 -2.59333 1.02835 vertex 3.0052 -3.0052 1.3 vertex 2.47487 -2.47487 1.04138 endloop endfacet facet normal -0.275027 0.185056 0.943459 outer loop vertex 2.22038 -2.70554 1.01244 vertex 3.0052 -3.0052 1.3 vertex 2.35046 -2.59333 1.02835 endloop endfacet facet normal -0.275028 0.185054 0.943459 outer loop vertex 3.0052 -3.0052 1.3 vertex 2.22038 -2.70554 1.01244 vertex 2.13335 -2.77345 1.00039 endloop endfacet facet normal -0.268635 0.205898 0.940979 outer loop vertex 2.13335 -2.77345 1.00039 vertex 2.49809 -3.43832 1.25 vertex 3.0052 -3.0052 1.3 endloop endfacet facet normal -0.268665 0.20588 0.940974 outer loop vertex 2.08495 -2.81123 0.994837 vertex 2.49809 -3.43832 1.25 vertex 2.13335 -2.77345 1.00039 endloop endfacet facet normal -0.26857 0.205948 0.940986 outer loop vertex 2.49809 -3.43832 1.25 vertex 2.08495 -2.81123 0.994837 vertex 2.05685 -2.83101 0.991146 endloop endfacet facet normal -0.649454 0.760401 0 outer loop vertex 3.0052 -3.0052 1.3 vertex 2.49809 -3.43832 2.15 vertex 3.0052 -3.0052 2.2 endloop endfacet facet normal -0.649454 0.760401 0 outer loop vertex 2.49809 -3.43832 2.15 vertex 3.0052 -3.0052 1.3 vertex 2.49809 -3.43832 1.25 endloop endfacet facet normal -0.161346 0.297536 -0.940978 outer loop vertex 2.40557 -2.54086 2.44964 vertex 3.0052 -3.0052 2.2 vertex 2.49809 -3.43832 2.15 endloop endfacet facet normal -0.161367 0.297511 -0.940982 outer loop vertex 3.0052 -3.0052 2.2 vertex 2.40557 -2.54086 2.44964 vertex 2.47487 -2.47487 2.45862 endloop endfacet facet normal -0.139812 0.300582 -0.943453 outer loop vertex 2.49809 -3.43832 2.15 vertex 2.35046 -2.59333 2.44109 vertex 2.40557 -2.54086 2.44964 endloop endfacet facet normal -0.139769 0.300591 -0.943456 outer loop vertex 2.49809 -3.43832 2.15 vertex 2.22038 -2.70554 2.42461 vertex 2.35046 -2.59333 2.44109 endloop endfacet facet normal -0.13977 0.300591 -0.943456 outer loop vertex 2.49809 -3.43832 2.15 vertex 2.08495 -2.81123 2.411 vertex 2.22038 -2.70554 2.42461 endloop endfacet facet normal -0.139518 0.300751 -0.943442 outer loop vertex 2.08495 -2.81123 2.411 vertex 2.49809 -3.43832 2.15 vertex 2.05685 -2.83101 2.40885 endloop endfacet facet normal -0.300751 0.139518 0.943442 outer loop vertex 2.81123 -2.08495 1.089 vertex 3.43832 -2.49809 1.35 vertex 2.83101 -2.05685 1.09115 endloop endfacet facet normal -0.300591 0.13977 0.943456 outer loop vertex 2.70554 -2.22038 1.07539 vertex 3.43832 -2.49809 1.35 vertex 2.81123 -2.08495 1.089 endloop endfacet facet normal -0.300591 0.139769 0.943456 outer loop vertex 2.59333 -2.35046 1.05891 vertex 3.43832 -2.49809 1.35 vertex 2.70554 -2.22038 1.07539 endloop endfacet facet normal -0.300582 0.139812 0.943453 outer loop vertex 3.43832 -2.49809 1.35 vertex 2.59333 -2.35046 1.05891 vertex 2.54086 -2.40557 1.05036 endloop endfacet facet normal -0.297536 0.161346 0.940978 outer loop vertex 2.54086 -2.40557 1.05036 vertex 3.0052 -3.0052 1.3 vertex 3.43832 -2.49809 1.35 endloop endfacet facet normal -0.297511 0.161367 0.940982 outer loop vertex 3.0052 -3.0052 1.3 vertex 2.54086 -2.40557 1.05036 vertex 2.47487 -2.47487 1.04138 endloop endfacet facet normal -0.760401 0.649454 0 outer loop vertex 3.0052 -3.0052 2.2 vertex 3.43832 -2.49809 1.35 vertex 3.0052 -3.0052 1.3 endloop endfacet facet normal -0.760401 0.649454 0 outer loop vertex 3.43832 -2.49809 1.35 vertex 3.0052 -3.0052 2.2 vertex 3.43832 -2.49809 2.25 endloop endfacet facet normal -0.205898 0.268635 -0.940979 outer loop vertex 2.77345 -2.13335 2.49961 vertex 3.43832 -2.49809 2.25 vertex 3.0052 -3.0052 2.2 endloop endfacet facet normal -0.205961 0.268546 -0.94099 outer loop vertex 3.43832 -2.49809 2.25 vertex 2.81123 -2.08495 2.50516 vertex 2.83101 -2.05685 2.50885 endloop endfacet facet normal -0.205904 0.268626 -0.94098 outer loop vertex 3.43832 -2.49809 2.25 vertex 2.77345 -2.13335 2.49961 vertex 2.81123 -2.08495 2.50516 endloop endfacet facet normal -0.185054 0.275028 -0.943459 outer loop vertex 3.0052 -3.0052 2.2 vertex 2.70554 -2.22038 2.48756 vertex 2.77345 -2.13335 2.49961 endloop endfacet facet normal -0.185056 0.275027 -0.943459 outer loop vertex 3.0052 -3.0052 2.2 vertex 2.59333 -2.35046 2.47165 vertex 2.70554 -2.22038 2.48756 endloop endfacet facet normal -0.185062 0.275024 -0.943459 outer loop vertex 2.59333 -2.35046 2.47165 vertex 3.0052 -3.0052 2.2 vertex 2.47487 -2.47487 2.45862 endloop endfacet facet normal -0.318761 0.0909953 0.943457 outer loop vertex 3.08672 -1.64989 1.13651 vertex 3.78678 -1.92946 1.4 vertex 3.11762 -1.58851 1.14103 endloop endfacet facet normal -0.31874 0.0910512 0.943459 outer loop vertex 3.00205 -1.79936 1.12233 vertex 3.78678 -1.92946 1.4 vertex 3.08672 -1.64989 1.13651 endloop endfacet facet normal -0.318746 0.0910152 0.94346 outer loop vertex 2.91014 -1.9445 1.10528 vertex 3.78678 -1.92946 1.4 vertex 3.00205 -1.79936 1.12233 endloop endfacet facet normal -0.318748 0.0908818 0.943472 outer loop vertex 3.78678 -1.92946 1.4 vertex 2.91014 -1.9445 1.10528 vertex 2.88622 -1.97846 1.10047 endloop endfacet facet normal -0.319112 0.112813 0.940979 outer loop vertex 2.88622 -1.97846 1.10047 vertex 3.43832 -2.49809 1.35 vertex 3.78678 -1.92946 1.4 endloop endfacet facet normal -0.319079 0.112851 0.940985 outer loop vertex 3.43832 -2.49809 1.35 vertex 2.88622 -1.97846 1.10047 vertex 2.83101 -2.05685 1.09115 endloop endfacet facet normal -0.852638 0.522502 0 outer loop vertex 3.43832 -2.49809 2.25 vertex 3.78678 -1.92946 1.4 vertex 3.43832 -2.49809 1.35 endloop endfacet facet normal -0.852638 0.522502 0 outer loop vertex 3.78678 -1.92946 1.4 vertex 3.43832 -2.49809 2.25 vertex 3.78678 -1.92946 2.3 endloop endfacet facet normal -0.245385 0.233115 -0.94098 outer loop vertex 3.07324 -1.67368 2.54944 vertex 3.78678 -1.92946 2.3 vertex 3.43832 -2.49809 2.25 endloop endfacet facet normal -0.245376 0.233139 -0.940976 outer loop vertex 3.78678 -1.92946 2.3 vertex 3.08672 -1.64989 2.55182 vertex 3.11762 -1.58851 2.55897 endloop endfacet facet normal -0.245364 0.233166 -0.940973 outer loop vertex 3.78678 -1.92946 2.3 vertex 3.07324 -1.67368 2.54944 vertex 3.08672 -1.64989 2.55182 endloop endfacet facet normal -0.225807 0.242685 -0.943459 outer loop vertex 3.43832 -2.49809 2.25 vertex 3.00205 -1.79936 2.53415 vertex 3.07324 -1.67368 2.54944 endloop endfacet facet normal -0.22584 0.242663 -0.943457 outer loop vertex 3.43832 -2.49809 2.25 vertex 2.91014 -1.9445 2.51882 vertex 3.00205 -1.79936 2.53415 endloop endfacet facet normal -0.225766 0.242734 -0.943456 outer loop vertex 2.91014 -1.9445 2.51882 vertex 3.43832 -2.49809 2.25 vertex 2.83101 -2.05685 2.50885 endloop endfacet facet normal -0.329054 0.0400661 0.943461 outer loop vertex 3.2954 -1.17911 1.18391 vertex 4.04199 -1.31332 1.45 vertex 3.32773 -1.08125 1.19103 endloop endfacet facet normal -0.329069 0.0399808 0.943459 outer loop vertex 3.23358 -1.33939 1.16914 vertex 4.04199 -1.31332 1.45 vertex 3.2954 -1.17911 1.18391 endloop endfacet facet normal -0.32907 0.0400868 0.943454 outer loop vertex 3.16396 -1.49644 1.15153 vertex 4.04199 -1.31332 1.45 vertex 3.23358 -1.33939 1.16914 endloop endfacet facet normal -0.328929 0.0392731 0.943538 outer loop vertex 4.04199 -1.31332 1.45 vertex 3.16396 -1.49644 1.15153 vertex 3.16095 -1.50243 1.15073 endloop endfacet facet normal -0.332831 0.0615002 0.940979 outer loop vertex 3.16095 -1.50243 1.15073 vertex 3.78678 -1.92946 1.4 vertex 4.04199 -1.31332 1.45 endloop endfacet facet normal -0.33283 0.0615012 0.940979 outer loop vertex 3.78678 -1.92946 1.4 vertex 3.16095 -1.50243 1.15073 vertex 3.11762 -1.58851 1.14103 endloop endfacet facet normal -0.923881 0.382679 0 outer loop vertex 3.78678 -1.92946 2.3 vertex 4.04199 -1.31332 1.45 vertex 3.78678 -1.92946 1.4 endloop endfacet facet normal -0.923881 0.382679 0 outer loop vertex 4.04199 -1.31332 1.45 vertex 3.78678 -1.92946 2.3 vertex 4.04199 -1.31332 2.35 endloop endfacet facet normal -0.278837 0.191857 -0.940979 outer loop vertex 3.29751 -1.17275 2.59927 vertex 4.04199 -1.31332 2.35 vertex 3.78678 -1.92946 2.3 endloop endfacet facet normal -0.278839 0.191847 -0.94098 outer loop vertex 4.04199 -1.31332 2.35 vertex 3.29751 -1.17275 2.59927 vertex 3.32773 -1.08125 2.60897 endloop endfacet facet normal -0.260117 0.204985 -0.943568 outer loop vertex 3.78678 -1.92946 2.3 vertex 3.2954 -1.17911 2.59847 vertex 3.29751 -1.17275 2.59927 endloop endfacet facet normal -0.261035 0.204339 -0.943455 outer loop vertex 3.78678 -1.92946 2.3 vertex 3.23358 -1.33939 2.58086 vertex 3.2954 -1.17911 2.59847 endloop endfacet facet normal -0.260959 0.204412 -0.94346 outer loop vertex 3.78678 -1.92946 2.3 vertex 3.16396 -1.49644 2.56609 vertex 3.23358 -1.33939 2.58086 endloop endfacet facet normal -0.261015 0.204333 -0.943461 outer loop vertex 3.16396 -1.49644 2.56609 vertex 3.78678 -1.92946 2.3 vertex 3.11762 -1.58851 2.55897 endloop endfacet facet normal -0.331282 -0.0119972 0.943456 outer loop vertex 3.43275 -0.682816 1.23118 vertex 4.19767 -0.664846 1.5 vertex 3.45624 -0.547414 1.24115 endloop endfacet facet normal -0.331284 -0.0118942 0.943456 outer loop vertex 3.39511 -0.85043 1.21585 vertex 4.19767 -0.664846 1.5 vertex 3.43275 -0.682816 1.23118 endloop endfacet facet normal -0.331271 -0.0119603 0.94346 outer loop vertex 4.19767 -0.664846 1.5 vertex 3.39511 -0.85043 1.21585 vertex 3.35659 -0.989637 1.20056 endloop endfacet facet normal -0.338356 0.0086763 0.940978 outer loop vertex 3.35659 -0.989637 1.20056 vertex 4.04199 -1.31332 1.45 vertex 4.19767 -0.664846 1.5 endloop endfacet facet normal -0.338331 0.00873467 0.940986 outer loop vertex 3.34929 -1.016 1.19818 vertex 4.04199 -1.31332 1.45 vertex 3.35659 -0.989637 1.20056 endloop endfacet facet normal -0.33835 0.00868678 0.94098 outer loop vertex 4.04199 -1.31332 1.45 vertex 3.34929 -1.016 1.19818 vertex 3.32773 -1.08125 1.19103 endloop endfacet facet normal -0.972372 0.233439 0 outer loop vertex 4.04199 -1.31332 2.35 vertex 4.19767 -0.664846 1.5 vertex 4.04199 -1.31332 1.45 endloop endfacet facet normal -0.972372 0.233439 0 outer loop vertex 4.19767 -0.664846 1.5 vertex 4.04199 -1.31332 2.35 vertex 4.19767 -0.664846 2.4 endloop endfacet facet normal -0.30542 0.145876 -0.940978 outer loop vertex 3.43985 -0.641887 2.64953 vertex 4.19767 -0.664846 2.4 vertex 4.04199 -1.31332 2.35 endloop endfacet facet normal -0.305424 0.145818 -0.940985 outer loop vertex 4.19767 -0.664846 2.4 vertex 3.43985 -0.641887 2.64953 vertex 3.45624 -0.547414 2.65885 endloop endfacet facet normal -0.289656 0.161124 -0.943471 outer loop vertex 4.04199 -1.31332 2.35 vertex 3.43275 -0.682816 2.64472 vertex 3.43985 -0.641887 2.64953 endloop endfacet facet normal -0.289742 0.161036 -0.94346 outer loop vertex 4.04199 -1.31332 2.35 vertex 3.39511 -0.85043 2.62767 vertex 3.43275 -0.682816 2.64472 endloop endfacet facet normal -0.289772 0.160993 -0.943458 outer loop vertex 4.04199 -1.31332 2.35 vertex 3.34929 -1.016 2.61349 vertex 3.39511 -0.85043 2.62767 endloop endfacet facet normal -0.28973 0.161088 -0.943455 outer loop vertex 3.34929 -1.016 2.61349 vertex 4.04199 -1.31332 2.35 vertex 3.32773 -1.08125 2.60897 endloop endfacet facet normal -0.32533 -0.0635879 0.94346 outer loop vertex 3.49578 -0.171737 1.27835 vertex 4.25 0 1.55 vertex 3.5 0 1.29138 endloop endfacet facet normal -0.32532 -0.0636322 0.94346 outer loop vertex 3.48315 -0.34306 1.26244 vertex 4.25 0 1.55 vertex 3.49578 -0.171737 1.27835 endloop endfacet facet normal -0.325326 -0.0636189 0.943459 outer loop vertex 4.25 0 1.55 vertex 3.48315 -0.34306 1.26244 vertex 3.46963 -0.452623 1.25039 endloop endfacet facet normal -0.335546 -0.0443559 0.940979 outer loop vertex 3.46963 -0.452623 1.25039 vertex 4.19767 -0.664846 1.5 vertex 4.25 0 1.55 endloop endfacet facet normal -0.335545 -0.0443518 0.940979 outer loop vertex 3.46212 -0.513556 1.24484 vertex 4.19767 -0.664846 1.5 vertex 3.46963 -0.452623 1.25039 endloop endfacet facet normal -0.335533 -0.0442821 0.940987 outer loop vertex 4.19767 -0.664846 1.5 vertex 3.46212 -0.513556 1.24484 vertex 3.45624 -0.547414 1.24115 endloop endfacet facet normal -0.996917 0.0784673 0 outer loop vertex 4.19767 -0.664846 2.4 vertex 4.25 0 1.55 vertex 4.19767 -0.664846 1.5 endloop endfacet facet normal -0.996917 0.0784673 0 outer loop vertex 4.25 0 1.55 vertex 4.19767 -0.664846 2.4 vertex 4.25 0 2.45 endloop endfacet facet normal -0.324475 0.0963061 -0.940979 outer loop vertex 3.49765 -0.0956623 2.69964 vertex 4.25 0 2.45 vertex 4.19767 -0.664846 2.4 endloop endfacet facet normal -0.324475 0.0963024 -0.940979 outer loop vertex 4.25 0 2.45 vertex 3.49765 -0.0956623 2.69964 vertex 3.5 0 2.70862 endloop endfacet facet normal -0.3114 0.113689 -0.943454 outer loop vertex 4.19767 -0.664846 2.4 vertex 3.49578 -0.171737 2.69109 vertex 3.49765 -0.0956623 2.69964 endloop endfacet facet normal -0.311387 0.113709 -0.943456 outer loop vertex 4.19767 -0.664846 2.4 vertex 3.48315 -0.34306 2.67461 vertex 3.49578 -0.171737 2.69109 endloop endfacet facet normal -0.311382 0.11372 -0.943456 outer loop vertex 4.19767 -0.664846 2.4 vertex 3.46212 -0.513556 2.661 vertex 3.48315 -0.34306 2.67461 endloop endfacet facet normal -0.311325 0.113976 -0.943444 outer loop vertex 3.46212 -0.513556 2.661 vertex 4.19767 -0.664846 2.4 vertex 3.45624 -0.547414 2.65885 endloop endfacet facet normal -0.3114 -0.113689 0.943454 outer loop vertex 4.19767 0.664846 1.6 vertex 3.49578 0.171737 1.30891 vertex 3.49765 0.0956623 1.30036 endloop endfacet facet normal -0.311387 -0.113709 0.943456 outer loop vertex 4.19767 0.664846 1.6 vertex 3.48315 0.34306 1.32539 vertex 3.49578 0.171737 1.30891 endloop endfacet facet normal -0.311382 -0.11372 0.943456 outer loop vertex 4.19767 0.664846 1.6 vertex 3.46212 0.513556 1.339 vertex 3.48315 0.34306 1.32539 endloop endfacet facet normal -0.311325 -0.113976 0.943444 outer loop vertex 3.46212 0.513556 1.339 vertex 4.19767 0.664846 1.6 vertex 3.45624 0.547414 1.34115 endloop endfacet facet normal -0.324475 -0.0963061 0.940979 outer loop vertex 3.49765 0.0956623 1.30036 vertex 4.25 0 1.55 vertex 4.19767 0.664846 1.6 endloop endfacet facet normal -0.324475 -0.0963024 0.940979 outer loop vertex 4.25 0 1.55 vertex 3.49765 0.0956623 1.30036 vertex 3.5 0 1.29138 endloop endfacet facet normal -0.996917 -0.0784673 -0 outer loop vertex 4.25 0 2.45 vertex 4.19767 0.664846 1.6 vertex 4.25 0 1.55 endloop endfacet facet normal -0.996917 -0.0784673 0 outer loop vertex 4.19767 0.664846 1.6 vertex 4.25 0 2.45 vertex 4.19767 0.664846 2.5 endloop endfacet facet normal -0.335546 0.0443559 -0.940979 outer loop vertex 3.46963 0.452623 2.74961 vertex 4.19767 0.664846 2.5 vertex 4.25 0 2.45 endloop endfacet facet normal -0.335545 0.0443518 -0.940979 outer loop vertex 3.46212 0.513556 2.75516 vertex 4.19767 0.664846 2.5 vertex 3.46963 0.452623 2.74961 endloop endfacet facet normal -0.335533 0.0442821 -0.940987 outer loop vertex 4.19767 0.664846 2.5 vertex 3.46212 0.513556 2.75516 vertex 3.45624 0.547414 2.75885 endloop endfacet facet normal -0.32533 0.0635879 -0.94346 outer loop vertex 3.49578 0.171737 2.72165 vertex 4.25 0 2.45 vertex 3.5 0 2.70862 endloop endfacet facet normal -0.32532 0.0636322 -0.94346 outer loop vertex 3.48315 0.34306 2.73756 vertex 4.25 0 2.45 vertex 3.49578 0.171737 2.72165 endloop endfacet facet normal -0.325326 0.0636189 -0.943459 outer loop vertex 4.25 0 2.45 vertex 3.48315 0.34306 2.73756 vertex 3.46963 0.452623 2.74961 endloop endfacet facet normal -0.289656 -0.161124 0.943471 outer loop vertex 4.04199 1.31332 1.65 vertex 3.43275 0.682816 1.35528 vertex 3.43985 0.641887 1.35047 endloop endfacet facet normal -0.289742 -0.161036 0.94346 outer loop vertex 4.04199 1.31332 1.65 vertex 3.39511 0.85043 1.37233 vertex 3.43275 0.682816 1.35528 endloop endfacet facet normal -0.289772 -0.160993 0.943458 outer loop vertex 4.04199 1.31332 1.65 vertex 3.34929 1.016 1.38651 vertex 3.39511 0.85043 1.37233 endloop endfacet facet normal -0.28973 -0.161088 0.943455 outer loop vertex 3.34929 1.016 1.38651 vertex 4.04199 1.31332 1.65 vertex 3.32773 1.08125 1.39103 endloop endfacet facet normal -0.30542 -0.145876 0.940978 outer loop vertex 3.43985 0.641887 1.35047 vertex 4.19767 0.664846 1.6 vertex 4.04199 1.31332 1.65 endloop endfacet facet normal -0.305424 -0.145818 0.940985 outer loop vertex 4.19767 0.664846 1.6 vertex 3.43985 0.641887 1.35047 vertex 3.45624 0.547414 1.34115 endloop endfacet facet normal -0.972372 -0.233439 -0 outer loop vertex 4.19767 0.664846 2.5 vertex 4.04199 1.31332 1.65 vertex 4.19767 0.664846 1.6 endloop endfacet facet normal -0.972372 -0.233439 0 outer loop vertex 4.04199 1.31332 1.65 vertex 4.19767 0.664846 2.5 vertex 4.04199 1.31332 2.55 endloop endfacet facet normal -0.338356 -0.0086763 -0.940978 outer loop vertex 3.35659 0.989637 2.79944 vertex 4.04199 1.31332 2.55 vertex 4.19767 0.664846 2.5 endloop endfacet facet normal -0.338331 -0.00873467 -0.940986 outer loop vertex 3.34929 1.016 2.80182 vertex 4.04199 1.31332 2.55 vertex 3.35659 0.989637 2.79944 endloop endfacet facet normal -0.33835 -0.00868678 -0.94098 outer loop vertex 4.04199 1.31332 2.55 vertex 3.34929 1.016 2.80182 vertex 3.32773 1.08125 2.80897 endloop endfacet facet normal -0.331282 0.0119972 -0.943456 outer loop vertex 3.43275 0.682816 2.76882 vertex 4.19767 0.664846 2.5 vertex 3.45624 0.547414 2.75885 endloop endfacet facet normal -0.331284 0.0118942 -0.943456 outer loop vertex 3.39511 0.85043 2.78415 vertex 4.19767 0.664846 2.5 vertex 3.43275 0.682816 2.76882 endloop endfacet facet normal -0.331271 0.0119603 -0.94346 outer loop vertex 4.19767 0.664846 2.5 vertex 3.39511 0.85043 2.78415 vertex 3.35659 0.989637 2.79944 endloop endfacet facet normal -0.260117 -0.204985 0.943568 outer loop vertex 3.78678 1.92946 1.7 vertex 3.2954 1.17911 1.40153 vertex 3.29751 1.17275 1.40073 endloop endfacet facet normal -0.261035 -0.204339 0.943455 outer loop vertex 3.78678 1.92946 1.7 vertex 3.23358 1.33939 1.41914 vertex 3.2954 1.17911 1.40153 endloop endfacet facet normal -0.260959 -0.204412 0.94346 outer loop vertex 3.78678 1.92946 1.7 vertex 3.16396 1.49644 1.43391 vertex 3.23358 1.33939 1.41914 endloop endfacet facet normal -0.261015 -0.204333 0.943461 outer loop vertex 3.16396 1.49644 1.43391 vertex 3.78678 1.92946 1.7 vertex 3.11762 1.58851 1.44103 endloop endfacet facet normal -0.278837 -0.191857 0.940979 outer loop vertex 3.29751 1.17275 1.40073 vertex 4.04199 1.31332 1.65 vertex 3.78678 1.92946 1.7 endloop endfacet facet normal -0.278839 -0.191847 0.94098 outer loop vertex 4.04199 1.31332 1.65 vertex 3.29751 1.17275 1.40073 vertex 3.32773 1.08125 1.39103 endloop endfacet facet normal -0.923881 -0.382679 -0 outer loop vertex 4.04199 1.31332 2.55 vertex 3.78678 1.92946 1.7 vertex 4.04199 1.31332 1.65 endloop endfacet facet normal -0.923881 -0.382679 0 outer loop vertex 3.78678 1.92946 1.7 vertex 4.04199 1.31332 2.55 vertex 3.78678 1.92946 2.6 endloop endfacet facet normal -0.332831 -0.0615002 -0.940979 outer loop vertex 3.16095 1.50243 2.84927 vertex 3.78678 1.92946 2.6 vertex 4.04199 1.31332 2.55 endloop endfacet facet normal -0.33283 -0.0615012 -0.940979 outer loop vertex 3.78678 1.92946 2.6 vertex 3.16095 1.50243 2.84927 vertex 3.11762 1.58851 2.85897 endloop endfacet facet normal -0.329054 -0.0400661 -0.943461 outer loop vertex 3.2954 1.17911 2.81609 vertex 4.04199 1.31332 2.55 vertex 3.32773 1.08125 2.80897 endloop endfacet facet normal -0.329069 -0.0399808 -0.943459 outer loop vertex 3.23358 1.33939 2.83086 vertex 4.04199 1.31332 2.55 vertex 3.2954 1.17911 2.81609 endloop endfacet facet normal -0.32907 -0.0400868 -0.943454 outer loop vertex 3.16396 1.49644 2.84847 vertex 4.04199 1.31332 2.55 vertex 3.23358 1.33939 2.83086 endloop endfacet facet normal -0.328929 -0.0392731 -0.943538 outer loop vertex 4.04199 1.31332 2.55 vertex 3.16396 1.49644 2.84847 vertex 3.16095 1.50243 2.84927 endloop endfacet facet normal -0.225807 -0.242685 0.943459 outer loop vertex 3.43832 2.49809 1.75 vertex 3.00205 1.79936 1.46585 vertex 3.07324 1.67368 1.45056 endloop endfacet facet normal -0.22584 -0.242663 0.943457 outer loop vertex 3.43832 2.49809 1.75 vertex 2.91014 1.9445 1.48118 vertex 3.00205 1.79936 1.46585 endloop endfacet facet normal -0.225766 -0.242734 0.943456 outer loop vertex 2.91014 1.9445 1.48118 vertex 3.43832 2.49809 1.75 vertex 2.83101 2.05685 1.49115 endloop endfacet facet normal -0.245385 -0.233115 0.94098 outer loop vertex 3.07324 1.67368 1.45056 vertex 3.78678 1.92946 1.7 vertex 3.43832 2.49809 1.75 endloop endfacet facet normal -0.245376 -0.233139 0.940976 outer loop vertex 3.78678 1.92946 1.7 vertex 3.08672 1.64989 1.44818 vertex 3.11762 1.58851 1.44103 endloop endfacet facet normal -0.245364 -0.233166 0.940973 outer loop vertex 3.78678 1.92946 1.7 vertex 3.07324 1.67368 1.45056 vertex 3.08672 1.64989 1.44818 endloop endfacet facet normal -0.852638 -0.522502 -0 outer loop vertex 3.78678 1.92946 2.6 vertex 3.43832 2.49809 1.75 vertex 3.78678 1.92946 1.7 endloop endfacet facet normal -0.852638 -0.522502 0 outer loop vertex 3.43832 2.49809 1.75 vertex 3.78678 1.92946 2.6 vertex 3.43832 2.49809 2.65 endloop endfacet facet normal -0.319112 -0.112813 -0.940979 outer loop vertex 2.88622 1.97846 2.89953 vertex 3.43832 2.49809 2.65 vertex 3.78678 1.92946 2.6 endloop endfacet facet normal -0.319079 -0.112851 -0.940985 outer loop vertex 3.43832 2.49809 2.65 vertex 2.88622 1.97846 2.89953 vertex 2.83101 2.05685 2.90885 endloop endfacet facet normal -0.318761 -0.0909953 -0.943457 outer loop vertex 3.08672 1.64989 2.86349 vertex 3.78678 1.92946 2.6 vertex 3.11762 1.58851 2.85897 endloop endfacet facet normal -0.31874 -0.0910512 -0.943459 outer loop vertex 3.00205 1.79936 2.87767 vertex 3.78678 1.92946 2.6 vertex 3.08672 1.64989 2.86349 endloop endfacet facet normal -0.318746 -0.0910152 -0.94346 outer loop vertex 2.91014 1.9445 2.89472 vertex 3.78678 1.92946 2.6 vertex 3.00205 1.79936 2.87767 endloop endfacet facet normal -0.318748 -0.0908818 -0.943472 outer loop vertex 3.78678 1.92946 2.6 vertex 2.91014 1.9445 2.89472 vertex 2.88622 1.97846 2.89953 endloop endfacet facet normal -0.185054 -0.275028 0.943459 outer loop vertex 3.0052 3.0052 1.8 vertex 2.70554 2.22038 1.51244 vertex 2.77345 2.13335 1.50039 endloop endfacet facet normal -0.185056 -0.275027 0.943459 outer loop vertex 3.0052 3.0052 1.8 vertex 2.59333 2.35046 1.52835 vertex 2.70554 2.22038 1.51244 endloop endfacet facet normal -0.185062 -0.275024 0.943459 outer loop vertex 2.59333 2.35046 1.52835 vertex 3.0052 3.0052 1.8 vertex 2.47487 2.47487 1.54138 endloop endfacet facet normal -0.205898 -0.268635 0.940979 outer loop vertex 2.77345 2.13335 1.50039 vertex 3.43832 2.49809 1.75 vertex 3.0052 3.0052 1.8 endloop endfacet facet normal -0.205961 -0.268546 0.94099 outer loop vertex 3.43832 2.49809 1.75 vertex 2.81123 2.08495 1.49484 vertex 2.83101 2.05685 1.49115 endloop endfacet facet normal -0.205904 -0.268626 0.94098 outer loop vertex 3.43832 2.49809 1.75 vertex 2.77345 2.13335 1.50039 vertex 2.81123 2.08495 1.49484 endloop endfacet facet normal -0.760401 -0.649454 -0 outer loop vertex 3.43832 2.49809 2.65 vertex 3.0052 3.0052 1.8 vertex 3.43832 2.49809 1.75 endloop endfacet facet normal -0.760401 -0.649454 0 outer loop vertex 3.0052 3.0052 1.8 vertex 3.43832 2.49809 2.65 vertex 3.0052 3.0052 2.7 endloop endfacet facet normal -0.297536 -0.161346 -0.940978 outer loop vertex 2.54086 2.40557 2.94964 vertex 3.0052 3.0052 2.7 vertex 3.43832 2.49809 2.65 endloop endfacet facet normal -0.297511 -0.161367 -0.940982 outer loop vertex 3.0052 3.0052 2.7 vertex 2.54086 2.40557 2.94964 vertex 2.47487 2.47487 2.95862 endloop endfacet facet normal -0.300751 -0.139518 -0.943442 outer loop vertex 2.81123 2.08495 2.911 vertex 3.43832 2.49809 2.65 vertex 2.83101 2.05685 2.90885 endloop endfacet facet normal -0.300591 -0.13977 -0.943456 outer loop vertex 2.70554 2.22038 2.92461 vertex 3.43832 2.49809 2.65 vertex 2.81123 2.08495 2.911 endloop endfacet facet normal -0.300591 -0.139769 -0.943456 outer loop vertex 2.59333 2.35046 2.94109 vertex 3.43832 2.49809 2.65 vertex 2.70554 2.22038 2.92461 endloop endfacet facet normal -0.300582 -0.139812 -0.943453 outer loop vertex 3.43832 2.49809 2.65 vertex 2.59333 2.35046 2.94109 vertex 2.54086 2.40557 2.94964 endloop endfacet facet normal -0.139812 -0.300582 0.943453 outer loop vertex 2.49809 3.43832 1.85 vertex 2.35046 2.59333 1.55891 vertex 2.40557 2.54086 1.55036 endloop endfacet facet normal -0.139769 -0.300591 0.943456 outer loop vertex 2.49809 3.43832 1.85 vertex 2.22038 2.70554 1.57539 vertex 2.35046 2.59333 1.55891 endloop endfacet facet normal -0.13977 -0.300591 0.943456 outer loop vertex 2.49809 3.43832 1.85 vertex 2.08495 2.81123 1.589 vertex 2.22038 2.70554 1.57539 endloop endfacet facet normal -0.139518 -0.300751 0.943442 outer loop vertex 2.08495 2.81123 1.589 vertex 2.49809 3.43832 1.85 vertex 2.05685 2.83101 1.59115 endloop endfacet facet normal -0.161346 -0.297536 0.940978 outer loop vertex 2.40557 2.54086 1.55036 vertex 3.0052 3.0052 1.8 vertex 2.49809 3.43832 1.85 endloop endfacet facet normal -0.161367 -0.297511 0.940982 outer loop vertex 3.0052 3.0052 1.8 vertex 2.40557 2.54086 1.55036 vertex 2.47487 2.47487 1.54138 endloop endfacet facet normal -0.649454 -0.760401 0 outer loop vertex 2.49809 3.43832 1.85 vertex 3.0052 3.0052 2.7 vertex 2.49809 3.43832 2.75 endloop endfacet facet normal -0.649454 -0.760401 -0 outer loop vertex 3.0052 3.0052 2.7 vertex 2.49809 3.43832 1.85 vertex 3.0052 3.0052 1.8 endloop endfacet facet normal -0.268635 -0.205898 -0.940979 outer loop vertex 2.13335 2.77345 2.99961 vertex 2.49809 3.43832 2.75 vertex 3.0052 3.0052 2.7 endloop endfacet facet normal -0.268626 -0.205904 -0.94098 outer loop vertex 2.08495 2.81123 3.00516 vertex 2.49809 3.43832 2.75 vertex 2.13335 2.77345 2.99961 endloop endfacet facet normal -0.268546 -0.205961 -0.94099 outer loop vertex 2.49809 3.43832 2.75 vertex 2.08495 2.81123 3.00516 vertex 2.05685 2.83101 3.00885 endloop endfacet facet normal -0.275024 -0.185062 -0.943459 outer loop vertex 2.35046 2.59333 2.97165 vertex 3.0052 3.0052 2.7 vertex 2.47487 2.47487 2.95862 endloop endfacet facet normal -0.275027 -0.185056 -0.943459 outer loop vertex 2.22038 2.70554 2.98756 vertex 3.0052 3.0052 2.7 vertex 2.35046 2.59333 2.97165 endloop endfacet facet normal -0.275028 -0.185054 -0.943459 outer loop vertex 3.0052 3.0052 2.7 vertex 2.22038 2.70554 2.98756 vertex 2.13335 2.77345 2.99961 endloop endfacet facet normal -0.0908818 -0.318748 0.943472 outer loop vertex 1.92946 3.78678 1.9 vertex 1.9445 2.91014 1.60528 vertex 1.97846 2.88622 1.60047 endloop endfacet facet normal -0.0910152 -0.318746 0.94346 outer loop vertex 1.92946 3.78678 1.9 vertex 1.79936 3.00205 1.62233 vertex 1.9445 2.91014 1.60528 endloop endfacet facet normal -0.0910512 -0.31874 0.943459 outer loop vertex 1.92946 3.78678 1.9 vertex 1.64989 3.08672 1.63651 vertex 1.79936 3.00205 1.62233 endloop endfacet facet normal -0.0909953 -0.318761 0.943457 outer loop vertex 1.64989 3.08672 1.63651 vertex 1.92946 3.78678 1.9 vertex 1.58851 3.11762 1.64103 endloop endfacet facet normal -0.112851 -0.319079 0.940985 outer loop vertex 2.49809 3.43832 1.85 vertex 1.97846 2.88622 1.60047 vertex 2.05685 2.83101 1.59115 endloop endfacet facet normal -0.112813 -0.319112 0.940979 outer loop vertex 1.97846 2.88622 1.60047 vertex 2.49809 3.43832 1.85 vertex 1.92946 3.78678 1.9 endloop endfacet facet normal -0.522502 -0.852638 0 outer loop vertex 1.92946 3.78678 1.9 vertex 2.49809 3.43832 2.75 vertex 1.92946 3.78678 2.8 endloop endfacet facet normal -0.522502 -0.852638 -0 outer loop vertex 2.49809 3.43832 2.75 vertex 1.92946 3.78678 1.9 vertex 2.49809 3.43832 1.85 endloop endfacet facet normal -0.233115 -0.245385 -0.94098 outer loop vertex 1.67368 3.07324 3.04944 vertex 1.92946 3.78678 2.8 vertex 2.49809 3.43832 2.75 endloop endfacet facet normal -0.233166 -0.245364 -0.940973 outer loop vertex 1.64989 3.08672 3.05182 vertex 1.92946 3.78678 2.8 vertex 1.67368 3.07324 3.04944 endloop endfacet facet normal -0.233139 -0.245376 -0.940976 outer loop vertex 1.92946 3.78678 2.8 vertex 1.64989 3.08672 3.05182 vertex 1.58851 3.11762 3.05897 endloop endfacet facet normal -0.242734 -0.225766 -0.943456 outer loop vertex 1.9445 2.91014 3.01882 vertex 2.49809 3.43832 2.75 vertex 2.05685 2.83101 3.00885 endloop endfacet facet normal -0.242663 -0.22584 -0.943457 outer loop vertex 1.79936 3.00205 3.03415 vertex 2.49809 3.43832 2.75 vertex 1.9445 2.91014 3.01882 endloop endfacet facet normal -0.242685 -0.225807 -0.943459 outer loop vertex 2.49809 3.43832 2.75 vertex 1.79936 3.00205 3.03415 vertex 1.67368 3.07324 3.04944 endloop endfacet facet normal -0.0392731 -0.328929 0.943538 outer loop vertex 1.31332 4.04199 1.95 vertex 1.49644 3.16396 1.65153 vertex 1.50243 3.16095 1.65073 endloop endfacet facet normal -0.0400868 -0.32907 0.943454 outer loop vertex 1.31332 4.04199 1.95 vertex 1.33939 3.23358 1.66914 vertex 1.49644 3.16396 1.65153 endloop endfacet facet normal -0.0399808 -0.329069 0.943459 outer loop vertex 1.31332 4.04199 1.95 vertex 1.17911 3.2954 1.68391 vertex 1.33939 3.23358 1.66914 endloop endfacet facet normal -0.0400661 -0.329054 0.943461 outer loop vertex 1.17911 3.2954 1.68391 vertex 1.31332 4.04199 1.95 vertex 1.08125 3.32773 1.69103 endloop endfacet facet normal -0.0615012 -0.33283 0.940979 outer loop vertex 1.92946 3.78678 1.9 vertex 1.50243 3.16095 1.65073 vertex 1.58851 3.11762 1.64103 endloop endfacet facet normal -0.0615002 -0.332831 0.940979 outer loop vertex 1.50243 3.16095 1.65073 vertex 1.92946 3.78678 1.9 vertex 1.31332 4.04199 1.95 endloop endfacet facet normal -0.382679 -0.923881 0 outer loop vertex 1.31332 4.04199 1.95 vertex 1.92946 3.78678 2.8 vertex 1.31332 4.04199 2.85 endloop endfacet facet normal -0.382679 -0.923881 -0 outer loop vertex 1.92946 3.78678 2.8 vertex 1.31332 4.04199 1.95 vertex 1.92946 3.78678 1.9 endloop endfacet facet normal -0.191857 -0.278837 -0.940979 outer loop vertex 1.17275 3.29751 3.09927 vertex 1.31332 4.04199 2.85 vertex 1.92946 3.78678 2.8 endloop endfacet facet normal -0.191847 -0.278839 -0.94098 outer loop vertex 1.31332 4.04199 2.85 vertex 1.17275 3.29751 3.09927 vertex 1.08125 3.32773 3.10897 endloop endfacet facet normal -0.204333 -0.261015 -0.943461 outer loop vertex 1.49644 3.16396 3.06609 vertex 1.92946 3.78678 2.8 vertex 1.58851 3.11762 3.05897 endloop endfacet facet normal -0.204412 -0.260959 -0.94346 outer loop vertex 1.33939 3.23358 3.08086 vertex 1.92946 3.78678 2.8 vertex 1.49644 3.16396 3.06609 endloop endfacet facet normal -0.204339 -0.261035 -0.943455 outer loop vertex 1.17911 3.2954 3.09847 vertex 1.92946 3.78678 2.8 vertex 1.33939 3.23358 3.08086 endloop endfacet facet normal -0.204985 -0.260117 -0.943568 outer loop vertex 1.92946 3.78678 2.8 vertex 1.17911 3.2954 3.09847 vertex 1.17275 3.29751 3.09927 endloop endfacet facet normal 0.0119603 -0.331271 0.94346 outer loop vertex 0.664846 4.19767 2 vertex 0.85043 3.39511 1.71585 vertex 0.989637 3.35659 1.70056 endloop endfacet facet normal 0.0118942 -0.331284 0.943456 outer loop vertex 0.664846 4.19767 2 vertex 0.682816 3.43275 1.73118 vertex 0.85043 3.39511 1.71585 endloop endfacet facet normal 0.0119972 -0.331282 0.943456 outer loop vertex 0.682816 3.43275 1.73118 vertex 0.664846 4.19767 2 vertex 0.547414 3.45624 1.74115 endloop endfacet facet normal -0.00868678 -0.33835 0.94098 outer loop vertex 1.31332 4.04199 1.95 vertex 1.016 3.34929 1.69818 vertex 1.08125 3.32773 1.69103 endloop endfacet facet normal -0.00873467 -0.338331 0.940986 outer loop vertex 1.31332 4.04199 1.95 vertex 0.989637 3.35659 1.70056 vertex 1.016 3.34929 1.69818 endloop endfacet facet normal -0.0086763 -0.338356 0.940978 outer loop vertex 0.989637 3.35659 1.70056 vertex 1.31332 4.04199 1.95 vertex 0.664846 4.19767 2 endloop endfacet facet normal -0.233439 -0.972372 0 outer loop vertex 0.664846 4.19767 2 vertex 1.31332 4.04199 2.85 vertex 0.664846 4.19767 2.9 endloop endfacet facet normal -0.233439 -0.972372 -0 outer loop vertex 1.31332 4.04199 2.85 vertex 0.664846 4.19767 2 vertex 1.31332 4.04199 1.95 endloop endfacet facet normal -0.145876 -0.30542 -0.940978 outer loop vertex 0.641887 3.43985 3.14953 vertex 0.664846 4.19767 2.9 vertex 1.31332 4.04199 2.85 endloop endfacet facet normal -0.145818 -0.305424 -0.940985 outer loop vertex 0.664846 4.19767 2.9 vertex 0.641887 3.43985 3.14953 vertex 0.547414 3.45624 3.15885 endloop endfacet facet normal -0.161088 -0.28973 -0.943455 outer loop vertex 1.016 3.34929 3.11349 vertex 1.31332 4.04199 2.85 vertex 1.08125 3.32773 3.10897 endloop endfacet facet normal -0.160993 -0.289772 -0.943458 outer loop vertex 0.85043 3.39511 3.12767 vertex 1.31332 4.04199 2.85 vertex 1.016 3.34929 3.11349 endloop endfacet facet normal -0.161036 -0.289742 -0.94346 outer loop vertex 0.682816 3.43275 3.14472 vertex 1.31332 4.04199 2.85 vertex 0.85043 3.39511 3.12767 endloop endfacet facet normal -0.161124 -0.289656 -0.943471 outer loop vertex 1.31332 4.04199 2.85 vertex 0.682816 3.43275 3.14472 vertex 0.641887 3.43985 3.14953 endloop endfacet facet normal 0.0636189 -0.325326 0.943459 outer loop vertex 0 4.25 2.05 vertex 0.34306 3.48315 1.76244 vertex 0.452623 3.46963 1.75039 endloop endfacet facet normal 0.0636322 -0.32532 0.94346 outer loop vertex 0 4.25 2.05 vertex 0.171737 3.49578 1.77835 vertex 0.34306 3.48315 1.76244 endloop endfacet facet normal 0.0635879 -0.32533 0.94346 outer loop vertex 0.171737 3.49578 1.77835 vertex 0 4.25 2.05 vertex 0 3.5 1.79138 endloop endfacet facet normal 0.0442821 -0.335533 0.940987 outer loop vertex 0.664846 4.19767 2 vertex 0.513556 3.46212 1.74484 vertex 0.547414 3.45624 1.74115 endloop endfacet facet normal 0.0443518 -0.335545 0.940979 outer loop vertex 0.664846 4.19767 2 vertex 0.452623 3.46963 1.75039 vertex 0.513556 3.46212 1.74484 endloop endfacet facet normal 0.0443559 -0.335546 0.940979 outer loop vertex 0.452623 3.46963 1.75039 vertex 0.664846 4.19767 2 vertex 0 4.25 2.05 endloop endfacet facet normal -0.0784673 -0.996917 0 outer loop vertex 0 4.25 2.05 vertex 0.664846 4.19767 2.9 vertex 0 4.25 2.95 endloop endfacet facet normal -0.0784673 -0.996917 -0 outer loop vertex 0.664846 4.19767 2.9 vertex 0 4.25 2.05 vertex 0.664846 4.19767 2 endloop endfacet facet normal -0.0963024 -0.324475 -0.940979 outer loop vertex 0 4.25 2.95 vertex 0.0956623 3.49765 3.19964 vertex 0 3.5 3.20862 endloop endfacet facet normal -0.0963061 -0.324475 -0.940979 outer loop vertex 0.0956623 3.49765 3.19964 vertex 0 4.25 2.95 vertex 0.664846 4.19767 2.9 endloop endfacet facet normal -0.113976 -0.311325 -0.943444 outer loop vertex 0.513556 3.46212 3.161 vertex 0.664846 4.19767 2.9 vertex 0.547414 3.45624 3.15885 endloop endfacet facet normal -0.11372 -0.311382 -0.943456 outer loop vertex 0.34306 3.48315 3.17461 vertex 0.664846 4.19767 2.9 vertex 0.513556 3.46212 3.161 endloop endfacet facet normal -0.113709 -0.311387 -0.943456 outer loop vertex 0.171737 3.49578 3.19109 vertex 0.664846 4.19767 2.9 vertex 0.34306 3.48315 3.17461 endloop endfacet facet normal -0.113689 -0.3114 -0.943454 outer loop vertex 0.664846 4.19767 2.9 vertex 0.171737 3.49578 3.19109 vertex 0.0956623 3.49765 3.19964 endloop endfacet facet normal 0.113976 -0.311325 0.943444 outer loop vertex -0.513556 3.46212 1.839 vertex -0.664846 4.19767 2.1 vertex -0.547414 3.45624 1.84115 endloop endfacet facet normal 0.11372 -0.311382 0.943456 outer loop vertex -0.34306 3.48315 1.82539 vertex -0.664846 4.19767 2.1 vertex -0.513556 3.46212 1.839 endloop endfacet facet normal 0.113709 -0.311387 0.943456 outer loop vertex -0.171737 3.49578 1.80891 vertex -0.664846 4.19767 2.1 vertex -0.34306 3.48315 1.82539 endloop endfacet facet normal 0.113689 -0.3114 0.943454 outer loop vertex -0.664846 4.19767 2.1 vertex -0.171737 3.49578 1.80891 vertex -0.0956623 3.49765 1.80036 endloop endfacet facet normal 0.0963024 -0.324475 0.940979 outer loop vertex 0 4.25 2.05 vertex -0.0956623 3.49765 1.80036 vertex 0 3.5 1.79138 endloop endfacet facet normal 0.0963061 -0.324475 0.940979 outer loop vertex -0.0956623 3.49765 1.80036 vertex 0 4.25 2.05 vertex -0.664846 4.19767 2.1 endloop endfacet facet normal 0.0784673 -0.996917 0 outer loop vertex -0.664846 4.19767 2.1 vertex 0 4.25 2.95 vertex -0.664846 4.19767 3 endloop endfacet facet normal 0.0784673 -0.996917 0 outer loop vertex 0 4.25 2.95 vertex -0.664846 4.19767 2.1 vertex 0 4.25 2.05 endloop endfacet facet normal -0.0443518 -0.335545 -0.940979 outer loop vertex -0.664846 4.19767 3 vertex -0.452623 3.46963 3.24961 vertex -0.513556 3.46212 3.25516 endloop endfacet facet normal -0.0442821 -0.335533 -0.940987 outer loop vertex -0.664846 4.19767 3 vertex -0.513556 3.46212 3.25516 vertex -0.547414 3.45624 3.25885 endloop endfacet facet normal -0.0443559 -0.335546 -0.940979 outer loop vertex -0.452623 3.46963 3.24961 vertex -0.664846 4.19767 3 vertex 0 4.25 2.95 endloop endfacet facet normal -0.0635879 -0.32533 -0.94346 outer loop vertex -0.171737 3.49578 3.22165 vertex 0 4.25 2.95 vertex 0 3.5 3.20862 endloop endfacet facet normal -0.0636322 -0.32532 -0.94346 outer loop vertex -0.34306 3.48315 3.23756 vertex 0 4.25 2.95 vertex -0.171737 3.49578 3.22165 endloop endfacet facet normal -0.0636189 -0.325326 -0.943459 outer loop vertex 0 4.25 2.95 vertex -0.34306 3.48315 3.23756 vertex -0.452623 3.46963 3.24961 endloop endfacet facet normal 0.161088 -0.28973 0.943455 outer loop vertex -1.016 3.34929 1.88651 vertex -1.31332 4.04199 2.15 vertex -1.08125 3.32773 1.89103 endloop endfacet facet normal 0.160993 -0.289772 0.943458 outer loop vertex -0.85043 3.39511 1.87233 vertex -1.31332 4.04199 2.15 vertex -1.016 3.34929 1.88651 endloop endfacet facet normal 0.161036 -0.289742 0.94346 outer loop vertex -0.682816 3.43275 1.85528 vertex -1.31332 4.04199 2.15 vertex -0.85043 3.39511 1.87233 endloop endfacet facet normal 0.161124 -0.289656 0.943471 outer loop vertex -1.31332 4.04199 2.15 vertex -0.682816 3.43275 1.85528 vertex -0.641887 3.43985 1.85047 endloop endfacet facet normal 0.145818 -0.305424 0.940985 outer loop vertex -0.664846 4.19767 2.1 vertex -0.641887 3.43985 1.85047 vertex -0.547414 3.45624 1.84115 endloop endfacet facet normal 0.145876 -0.30542 0.940978 outer loop vertex -0.641887 3.43985 1.85047 vertex -0.664846 4.19767 2.1 vertex -1.31332 4.04199 2.15 endloop endfacet facet normal 0.233439 -0.972372 0 outer loop vertex -1.31332 4.04199 2.15 vertex -0.664846 4.19767 3 vertex -1.31332 4.04199 3.05 endloop endfacet facet normal 0.233439 -0.972372 0 outer loop vertex -0.664846 4.19767 3 vertex -1.31332 4.04199 2.15 vertex -0.664846 4.19767 2.1 endloop endfacet facet normal 0.00873467 -0.338331 -0.940986 outer loop vertex -1.31332 4.04199 3.05 vertex -0.989637 3.35659 3.29944 vertex -1.016 3.34929 3.30182 endloop endfacet facet normal 0.00868678 -0.33835 -0.94098 outer loop vertex -1.31332 4.04199 3.05 vertex -1.016 3.34929 3.30182 vertex -1.08125 3.32773 3.30897 endloop endfacet facet normal 0.0086763 -0.338356 -0.940978 outer loop vertex -0.989637 3.35659 3.29944 vertex -1.31332 4.04199 3.05 vertex -0.664846 4.19767 3 endloop endfacet facet normal -0.0119972 -0.331282 -0.943456 outer loop vertex -0.682816 3.43275 3.26882 vertex -0.664846 4.19767 3 vertex -0.547414 3.45624 3.25885 endloop endfacet facet normal -0.0118942 -0.331284 -0.943456 outer loop vertex -0.85043 3.39511 3.28415 vertex -0.664846 4.19767 3 vertex -0.682816 3.43275 3.26882 endloop endfacet facet normal -0.0119603 -0.331271 -0.94346 outer loop vertex -0.664846 4.19767 3 vertex -0.85043 3.39511 3.28415 vertex -0.989637 3.35659 3.29944 endloop endfacet facet normal 0.204333 -0.261015 0.943461 outer loop vertex -1.49644 3.16396 1.93391 vertex -1.92946 3.78678 2.2 vertex -1.58851 3.11762 1.94103 endloop endfacet facet normal 0.204412 -0.260959 0.94346 outer loop vertex -1.33939 3.23358 1.91914 vertex -1.92946 3.78678 2.2 vertex -1.49644 3.16396 1.93391 endloop endfacet facet normal 0.204339 -0.261035 0.943455 outer loop vertex -1.17911 3.2954 1.90153 vertex -1.92946 3.78678 2.2 vertex -1.33939 3.23358 1.91914 endloop endfacet facet normal 0.204985 -0.260117 0.943568 outer loop vertex -1.92946 3.78678 2.2 vertex -1.17911 3.2954 1.90153 vertex -1.17275 3.29751 1.90073 endloop endfacet facet normal 0.191847 -0.278839 0.94098 outer loop vertex -1.31332 4.04199 2.15 vertex -1.17275 3.29751 1.90073 vertex -1.08125 3.32773 1.89103 endloop endfacet facet normal 0.191857 -0.278837 0.940979 outer loop vertex -1.17275 3.29751 1.90073 vertex -1.31332 4.04199 2.15 vertex -1.92946 3.78678 2.2 endloop endfacet facet normal 0.382679 -0.923881 0 outer loop vertex -1.92946 3.78678 2.2 vertex -1.31332 4.04199 3.05 vertex -1.92946 3.78678 3.1 endloop endfacet facet normal 0.382679 -0.923881 0 outer loop vertex -1.31332 4.04199 3.05 vertex -1.92946 3.78678 2.2 vertex -1.31332 4.04199 2.15 endloop endfacet facet normal 0.0615012 -0.33283 -0.940979 outer loop vertex -1.92946 3.78678 3.1 vertex -1.50243 3.16095 3.34927 vertex -1.58851 3.11762 3.35897 endloop endfacet facet normal 0.0615002 -0.332831 -0.940979 outer loop vertex -1.50243 3.16095 3.34927 vertex -1.92946 3.78678 3.1 vertex -1.31332 4.04199 3.05 endloop endfacet facet normal 0.0400661 -0.329054 -0.943461 outer loop vertex -1.17911 3.2954 3.31609 vertex -1.31332 4.04199 3.05 vertex -1.08125 3.32773 3.30897 endloop endfacet facet normal 0.0399808 -0.329069 -0.943459 outer loop vertex -1.33939 3.23358 3.33086 vertex -1.31332 4.04199 3.05 vertex -1.17911 3.2954 3.31609 endloop endfacet facet normal 0.0400868 -0.32907 -0.943454 outer loop vertex -1.49644 3.16396 3.34847 vertex -1.31332 4.04199 3.05 vertex -1.33939 3.23358 3.33086 endloop endfacet facet normal 0.0392731 -0.328929 -0.943538 outer loop vertex -1.31332 4.04199 3.05 vertex -1.49644 3.16396 3.34847 vertex -1.50243 3.16095 3.34927 endloop endfacet facet normal 0.242734 -0.225766 0.943456 outer loop vertex -1.9445 2.91014 1.98118 vertex -2.49809 3.43832 2.25 vertex -2.05685 2.83101 1.99115 endloop endfacet facet normal 0.242663 -0.22584 0.943457 outer loop vertex -1.79936 3.00205 1.96585 vertex -2.49809 3.43832 2.25 vertex -1.9445 2.91014 1.98118 endloop endfacet facet normal 0.242685 -0.225807 0.943459 outer loop vertex -2.49809 3.43832 2.25 vertex -1.79936 3.00205 1.96585 vertex -1.67368 3.07324 1.95056 endloop endfacet facet normal 0.233139 -0.245376 0.940976 outer loop vertex -1.92946 3.78678 2.2 vertex -1.64989 3.08672 1.94818 vertex -1.58851 3.11762 1.94103 endloop endfacet facet normal 0.233166 -0.245364 0.940973 outer loop vertex -1.92946 3.78678 2.2 vertex -1.67368 3.07324 1.95056 vertex -1.64989 3.08672 1.94818 endloop endfacet facet normal 0.233115 -0.245385 0.94098 outer loop vertex -1.67368 3.07324 1.95056 vertex -1.92946 3.78678 2.2 vertex -2.49809 3.43832 2.25 endloop endfacet facet normal 0.522502 -0.852638 0 outer loop vertex -2.49809 3.43832 2.25 vertex -1.92946 3.78678 3.1 vertex -2.49809 3.43832 3.15 endloop endfacet facet normal 0.522502 -0.852638 0 outer loop vertex -1.92946 3.78678 3.1 vertex -2.49809 3.43832 2.25 vertex -1.92946 3.78678 2.2 endloop endfacet facet normal 0.112851 -0.319079 -0.940985 outer loop vertex -2.49809 3.43832 3.15 vertex -1.97846 2.88622 3.39953 vertex -2.05685 2.83101 3.40885 endloop endfacet facet normal 0.112813 -0.319112 -0.940979 outer loop vertex -1.97846 2.88622 3.39953 vertex -2.49809 3.43832 3.15 vertex -1.92946 3.78678 3.1 endloop endfacet facet normal 0.0909953 -0.318761 -0.943457 outer loop vertex -1.64989 3.08672 3.36349 vertex -1.92946 3.78678 3.1 vertex -1.58851 3.11762 3.35897 endloop endfacet facet normal 0.0910512 -0.31874 -0.943459 outer loop vertex -1.79936 3.00205 3.37767 vertex -1.92946 3.78678 3.1 vertex -1.64989 3.08672 3.36349 endloop endfacet facet normal 0.0910152 -0.318746 -0.94346 outer loop vertex -1.9445 2.91014 3.39472 vertex -1.92946 3.78678 3.1 vertex -1.79936 3.00205 3.37767 endloop endfacet facet normal 0.0908818 -0.318748 -0.943472 outer loop vertex -1.92946 3.78678 3.1 vertex -1.9445 2.91014 3.39472 vertex -1.97846 2.88622 3.39953 endloop endfacet facet normal 0.275024 -0.185062 0.943459 outer loop vertex -2.35046 2.59333 2.02835 vertex -3.0052 3.0052 2.3 vertex -2.47487 2.47487 2.04138 endloop endfacet facet normal 0.275027 -0.185056 0.943459 outer loop vertex -2.22038 2.70554 2.01244 vertex -3.0052 3.0052 2.3 vertex -2.35046 2.59333 2.02835 endloop endfacet facet normal 0.275028 -0.185054 0.943459 outer loop vertex -3.0052 3.0052 2.3 vertex -2.22038 2.70554 2.01244 vertex -2.13335 2.77345 2.00039 endloop endfacet facet normal 0.268546 -0.205961 0.94099 outer loop vertex -2.49809 3.43832 2.25 vertex -2.08495 2.81123 1.99484 vertex -2.05685 2.83101 1.99115 endloop endfacet facet normal 0.268626 -0.205904 0.94098 outer loop vertex -2.49809 3.43832 2.25 vertex -2.13335 2.77345 2.00039 vertex -2.08495 2.81123 1.99484 endloop endfacet facet normal 0.268635 -0.205898 0.940979 outer loop vertex -2.13335 2.77345 2.00039 vertex -2.49809 3.43832 2.25 vertex -3.0052 3.0052 2.3 endloop endfacet facet normal 0.649454 -0.760401 0 outer loop vertex -3.0052 3.0052 2.3 vertex -2.49809 3.43832 3.15 vertex -3.0052 3.0052 3.2 endloop endfacet facet normal 0.649454 -0.760401 0 outer loop vertex -2.49809 3.43832 3.15 vertex -3.0052 3.0052 2.3 vertex -2.49809 3.43832 2.25 endloop endfacet facet normal 0.161367 -0.297511 -0.940982 outer loop vertex -3.0052 3.0052 3.2 vertex -2.40557 2.54086 3.44964 vertex -2.47487 2.47487 3.45862 endloop endfacet facet normal 0.161346 -0.297536 -0.940978 outer loop vertex -2.40557 2.54086 3.44964 vertex -3.0052 3.0052 3.2 vertex -2.49809 3.43832 3.15 endloop endfacet facet normal 0.139518 -0.300751 -0.943442 outer loop vertex -2.08495 2.81123 3.411 vertex -2.49809 3.43832 3.15 vertex -2.05685 2.83101 3.40885 endloop endfacet facet normal 0.13977 -0.300591 -0.943456 outer loop vertex -2.22038 2.70554 3.42461 vertex -2.49809 3.43832 3.15 vertex -2.08495 2.81123 3.411 endloop endfacet facet normal 0.139769 -0.300591 -0.943456 outer loop vertex -2.35046 2.59333 3.44109 vertex -2.49809 3.43832 3.15 vertex -2.22038 2.70554 3.42461 endloop endfacet facet normal 0.139812 -0.300582 -0.943453 outer loop vertex -2.49809 3.43832 3.15 vertex -2.35046 2.59333 3.44109 vertex -2.40557 2.54086 3.44964 endloop endfacet facet normal 0.300751 -0.139518 0.943442 outer loop vertex -2.81123 2.08495 2.089 vertex -3.43832 2.49809 2.35 vertex -2.83101 2.05685 2.09115 endloop endfacet facet normal 0.300591 -0.13977 0.943456 outer loop vertex -2.70554 2.22038 2.07539 vertex -3.43832 2.49809 2.35 vertex -2.81123 2.08495 2.089 endloop endfacet facet normal 0.300591 -0.139769 0.943456 outer loop vertex -2.59333 2.35046 2.05891 vertex -3.43832 2.49809 2.35 vertex -2.70554 2.22038 2.07539 endloop endfacet facet normal 0.300582 -0.139812 0.943453 outer loop vertex -3.43832 2.49809 2.35 vertex -2.59333 2.35046 2.05891 vertex -2.54086 2.40557 2.05036 endloop endfacet facet normal 0.297511 -0.161367 0.940982 outer loop vertex -3.0052 3.0052 2.3 vertex -2.54086 2.40557 2.05036 vertex -2.47487 2.47487 2.04138 endloop endfacet facet normal 0.297536 -0.161346 0.940978 outer loop vertex -2.54086 2.40557 2.05036 vertex -3.0052 3.0052 2.3 vertex -3.43832 2.49809 2.35 endloop endfacet facet normal 0.760401 -0.649454 0 outer loop vertex -3.43832 2.49809 2.35 vertex -3.0052 3.0052 3.2 vertex -3.43832 2.49809 3.25 endloop endfacet facet normal 0.760401 -0.649454 0 outer loop vertex -3.0052 3.0052 3.2 vertex -3.43832 2.49809 2.35 vertex -3.0052 3.0052 2.3 endloop endfacet facet normal 0.205904 -0.268626 -0.94098 outer loop vertex -3.43832 2.49809 3.25 vertex -2.77345 2.13335 3.49961 vertex -2.81123 2.08495 3.50516 endloop endfacet facet normal 0.205961 -0.268546 -0.94099 outer loop vertex -3.43832 2.49809 3.25 vertex -2.81123 2.08495 3.50516 vertex -2.83101 2.05685 3.50885 endloop endfacet facet normal 0.205898 -0.268635 -0.940979 outer loop vertex -2.77345 2.13335 3.49961 vertex -3.43832 2.49809 3.25 vertex -3.0052 3.0052 3.2 endloop endfacet facet normal 0.185062 -0.275024 -0.943459 outer loop vertex -2.59333 2.35046 3.47165 vertex -3.0052 3.0052 3.2 vertex -2.47487 2.47487 3.45862 endloop endfacet facet normal 0.185056 -0.275027 -0.943459 outer loop vertex -2.70554 2.22038 3.48756 vertex -3.0052 3.0052 3.2 vertex -2.59333 2.35046 3.47165 endloop endfacet facet normal 0.185054 -0.275028 -0.943459 outer loop vertex -3.0052 3.0052 3.2 vertex -2.70554 2.22038 3.48756 vertex -2.77345 2.13335 3.49961 endloop endfacet facet normal 0.318761 -0.0909953 0.943457 outer loop vertex -3.08672 1.64989 2.13651 vertex -3.78678 1.92946 2.4 vertex -3.11762 1.58851 2.14103 endloop endfacet facet normal 0.31874 -0.0910512 0.943459 outer loop vertex -3.00205 1.79936 2.12233 vertex -3.78678 1.92946 2.4 vertex -3.08672 1.64989 2.13651 endloop endfacet facet normal 0.318746 -0.0910152 0.94346 outer loop vertex -2.91014 1.9445 2.10528 vertex -3.78678 1.92946 2.4 vertex -3.00205 1.79936 2.12233 endloop endfacet facet normal 0.318748 -0.0908818 0.943472 outer loop vertex -3.78678 1.92946 2.4 vertex -2.91014 1.9445 2.10528 vertex -2.88622 1.97846 2.10047 endloop endfacet facet normal 0.319079 -0.112851 0.940985 outer loop vertex -3.43832 2.49809 2.35 vertex -2.88622 1.97846 2.10047 vertex -2.83101 2.05685 2.09115 endloop endfacet facet normal 0.319112 -0.112813 0.940979 outer loop vertex -2.88622 1.97846 2.10047 vertex -3.43832 2.49809 2.35 vertex -3.78678 1.92946 2.4 endloop endfacet facet normal 0.852638 -0.522502 0 outer loop vertex -3.78678 1.92946 2.4 vertex -3.43832 2.49809 3.25 vertex -3.78678 1.92946 3.3 endloop endfacet facet normal 0.852638 -0.522502 0 outer loop vertex -3.43832 2.49809 3.25 vertex -3.78678 1.92946 2.4 vertex -3.43832 2.49809 2.35 endloop endfacet facet normal 0.245364 -0.233166 -0.940973 outer loop vertex -3.78678 1.92946 3.3 vertex -3.07324 1.67368 3.54944 vertex -3.08672 1.64989 3.55182 endloop endfacet facet normal 0.245376 -0.233139 -0.940976 outer loop vertex -3.78678 1.92946 3.3 vertex -3.08672 1.64989 3.55182 vertex -3.11762 1.58851 3.55897 endloop endfacet facet normal 0.245385 -0.233115 -0.94098 outer loop vertex -3.07324 1.67368 3.54944 vertex -3.78678 1.92946 3.3 vertex -3.43832 2.49809 3.25 endloop endfacet facet normal 0.225766 -0.242734 -0.943456 outer loop vertex -2.91014 1.9445 3.51882 vertex -3.43832 2.49809 3.25 vertex -2.83101 2.05685 3.50885 endloop endfacet facet normal 0.22584 -0.242663 -0.943457 outer loop vertex -3.00205 1.79936 3.53415 vertex -3.43832 2.49809 3.25 vertex -2.91014 1.9445 3.51882 endloop endfacet facet normal 0.225807 -0.242685 -0.943459 outer loop vertex -3.43832 2.49809 3.25 vertex -3.00205 1.79936 3.53415 vertex -3.07324 1.67368 3.54944 endloop endfacet facet normal 0.329054 -0.0400661 0.943461 outer loop vertex -3.2954 1.17911 2.18391 vertex -4.04199 1.31332 2.45 vertex -3.32773 1.08125 2.19103 endloop endfacet facet normal 0.329069 -0.0399808 0.943459 outer loop vertex -3.23358 1.33939 2.16914 vertex -4.04199 1.31332 2.45 vertex -3.2954 1.17911 2.18391 endloop endfacet facet normal 0.32907 -0.0400868 0.943454 outer loop vertex -3.16396 1.49644 2.15153 vertex -4.04199 1.31332 2.45 vertex -3.23358 1.33939 2.16914 endloop endfacet facet normal 0.328929 -0.0392731 0.943538 outer loop vertex -4.04199 1.31332 2.45 vertex -3.16396 1.49644 2.15153 vertex -3.16095 1.50243 2.15073 endloop endfacet facet normal 0.33283 -0.0615012 0.940979 outer loop vertex -3.78678 1.92946 2.4 vertex -3.16095 1.50243 2.15073 vertex -3.11762 1.58851 2.14103 endloop endfacet facet normal 0.332831 -0.0615002 0.940979 outer loop vertex -3.16095 1.50243 2.15073 vertex -3.78678 1.92946 2.4 vertex -4.04199 1.31332 2.45 endloop endfacet facet normal 0.923881 -0.382679 0 outer loop vertex -4.04199 1.31332 2.45 vertex -3.78678 1.92946 3.3 vertex -4.04199 1.31332 3.35 endloop endfacet facet normal 0.923881 -0.382679 0 outer loop vertex -3.78678 1.92946 3.3 vertex -4.04199 1.31332 2.45 vertex -3.78678 1.92946 2.4 endloop endfacet facet normal 0.278839 -0.191847 -0.94098 outer loop vertex -4.04199 1.31332 3.35 vertex -3.29751 1.17275 3.59927 vertex -3.32773 1.08125 3.60897 endloop endfacet facet normal 0.278837 -0.191857 -0.940979 outer loop vertex -3.29751 1.17275 3.59927 vertex -4.04199 1.31332 3.35 vertex -3.78678 1.92946 3.3 endloop endfacet facet normal 0.261015 -0.204333 -0.943461 outer loop vertex -3.16396 1.49644 3.56609 vertex -3.78678 1.92946 3.3 vertex -3.11762 1.58851 3.55897 endloop endfacet facet normal 0.260959 -0.204412 -0.94346 outer loop vertex -3.23358 1.33939 3.58086 vertex -3.78678 1.92946 3.3 vertex -3.16396 1.49644 3.56609 endloop endfacet facet normal 0.261035 -0.204339 -0.943455 outer loop vertex -3.2954 1.17911 3.59847 vertex -3.78678 1.92946 3.3 vertex -3.23358 1.33939 3.58086 endloop endfacet facet normal 0.260117 -0.204985 -0.943568 outer loop vertex -3.78678 1.92946 3.3 vertex -3.2954 1.17911 3.59847 vertex -3.29751 1.17275 3.59927 endloop endfacet facet normal 0.331282 0.0119972 0.943456 outer loop vertex -3.43275 0.682816 2.23118 vertex -4.19767 0.664846 2.5 vertex -3.45624 0.547414 2.24115 endloop endfacet facet normal 0.331284 0.0118942 0.943456 outer loop vertex -3.39511 0.85043 2.21585 vertex -4.19767 0.664846 2.5 vertex -3.43275 0.682816 2.23118 endloop endfacet facet normal 0.331271 0.0119603 0.94346 outer loop vertex -4.19767 0.664846 2.5 vertex -3.39511 0.85043 2.21585 vertex -3.35659 0.989637 2.20056 endloop endfacet facet normal 0.33835 -0.00868678 0.94098 outer loop vertex -4.04199 1.31332 2.45 vertex -3.34929 1.016 2.19818 vertex -3.32773 1.08125 2.19103 endloop endfacet facet normal 0.338331 -0.00873467 0.940986 outer loop vertex -4.04199 1.31332 2.45 vertex -3.35659 0.989637 2.20056 vertex -3.34929 1.016 2.19818 endloop endfacet facet normal 0.338356 -0.0086763 0.940978 outer loop vertex -3.35659 0.989637 2.20056 vertex -4.04199 1.31332 2.45 vertex -4.19767 0.664846 2.5 endloop endfacet facet normal 0.972372 -0.233439 0 outer loop vertex -4.19767 0.664846 2.5 vertex -4.04199 1.31332 3.35 vertex -4.19767 0.664846 3.4 endloop endfacet facet normal 0.972372 -0.233439 0 outer loop vertex -4.04199 1.31332 3.35 vertex -4.19767 0.664846 2.5 vertex -4.04199 1.31332 2.45 endloop endfacet facet normal 0.305424 -0.145818 -0.940985 outer loop vertex -4.19767 0.664846 3.4 vertex -3.43985 0.641887 3.64953 vertex -3.45624 0.547414 3.65885 endloop endfacet facet normal 0.30542 -0.145876 -0.940978 outer loop vertex -3.43985 0.641887 3.64953 vertex -4.19767 0.664846 3.4 vertex -4.04199 1.31332 3.35 endloop endfacet facet normal 0.28973 -0.161088 -0.943455 outer loop vertex -3.34929 1.016 3.61349 vertex -4.04199 1.31332 3.35 vertex -3.32773 1.08125 3.60897 endloop endfacet facet normal 0.289772 -0.160993 -0.943458 outer loop vertex -3.39511 0.85043 3.62767 vertex -4.04199 1.31332 3.35 vertex -3.34929 1.016 3.61349 endloop endfacet facet normal 0.289742 -0.161036 -0.94346 outer loop vertex -3.43275 0.682816 3.64472 vertex -4.04199 1.31332 3.35 vertex -3.39511 0.85043 3.62767 endloop endfacet facet normal 0.289656 -0.161124 -0.943471 outer loop vertex -4.04199 1.31332 3.35 vertex -3.43275 0.682816 3.64472 vertex -3.43985 0.641887 3.64953 endloop endfacet facet normal 0.32533 0.0635879 0.94346 outer loop vertex -3.49578 0.171737 2.27835 vertex -4.25 0 2.55 vertex -3.5 0 2.29138 endloop endfacet facet normal 0.32532 0.0636322 0.94346 outer loop vertex -3.48315 0.34306 2.26244 vertex -4.25 0 2.55 vertex -3.49578 0.171737 2.27835 endloop endfacet facet normal 0.325326 0.0636189 0.943459 outer loop vertex -4.25 0 2.55 vertex -3.48315 0.34306 2.26244 vertex -3.46963 0.452623 2.25039 endloop endfacet facet normal 0.335533 0.0442821 0.940987 outer loop vertex -4.19767 0.664846 2.5 vertex -3.46212 0.513556 2.24484 vertex -3.45624 0.547414 2.24115 endloop endfacet facet normal 0.335545 0.0443518 0.940979 outer loop vertex -4.19767 0.664846 2.5 vertex -3.46963 0.452623 2.25039 vertex -3.46212 0.513556 2.24484 endloop endfacet facet normal 0.335546 0.0443559 0.940979 outer loop vertex -3.46963 0.452623 2.25039 vertex -4.19767 0.664846 2.5 vertex -4.25 0 2.55 endloop endfacet facet normal 0.996917 -0.0784673 0 outer loop vertex -4.25 0 2.55 vertex -4.19767 0.664846 3.4 vertex -4.25 0 3.45 endloop endfacet facet normal 0.996917 -0.0784673 0 outer loop vertex -4.19767 0.664846 3.4 vertex -4.25 0 2.55 vertex -4.19767 0.664846 2.5 endloop endfacet facet normal 0.324475 -0.0963024 -0.940979 outer loop vertex -4.25 0 3.45 vertex -3.49765 0.0956623 3.69964 vertex -3.5 0 3.70862 endloop endfacet facet normal 0.324475 -0.0963061 -0.940979 outer loop vertex -3.49765 0.0956623 3.69964 vertex -4.25 0 3.45 vertex -4.19767 0.664846 3.4 endloop endfacet facet normal 0.311325 -0.113976 -0.943444 outer loop vertex -3.46212 0.513556 3.661 vertex -4.19767 0.664846 3.4 vertex -3.45624 0.547414 3.65885 endloop endfacet facet normal 0.311382 -0.11372 -0.943456 outer loop vertex -3.48315 0.34306 3.67461 vertex -4.19767 0.664846 3.4 vertex -3.46212 0.513556 3.661 endloop endfacet facet normal 0.311387 -0.113709 -0.943456 outer loop vertex -3.49578 0.171737 3.69109 vertex -4.19767 0.664846 3.4 vertex -3.48315 0.34306 3.67461 endloop endfacet facet normal 0.3114 -0.113689 -0.943454 outer loop vertex -4.19767 0.664846 3.4 vertex -3.49578 0.171737 3.69109 vertex -3.49765 0.0956623 3.69964 endloop endfacet facet normal 0.311325 0.113976 0.943444 outer loop vertex -3.46212 -0.513556 2.339 vertex -4.19767 -0.664846 2.6 vertex -3.45624 -0.547414 2.34115 endloop endfacet facet normal 0.311382 0.11372 0.943456 outer loop vertex -3.48315 -0.34306 2.32539 vertex -4.19767 -0.664846 2.6 vertex -3.46212 -0.513556 2.339 endloop endfacet facet normal 0.311387 0.113709 0.943456 outer loop vertex -3.49578 -0.171737 2.30891 vertex -4.19767 -0.664846 2.6 vertex -3.48315 -0.34306 2.32539 endloop endfacet facet normal 0.3114 0.113689 0.943454 outer loop vertex -4.19767 -0.664846 2.6 vertex -3.49578 -0.171737 2.30891 vertex -3.49765 -0.0956623 2.30036 endloop endfacet facet normal 0.324475 0.0963024 0.940979 outer loop vertex -4.25 0 2.55 vertex -3.49765 -0.0956623 2.30036 vertex -3.5 0 2.29138 endloop endfacet facet normal 0.324475 0.0963061 0.940979 outer loop vertex -3.49765 -0.0956623 2.30036 vertex -4.25 0 2.55 vertex -4.19767 -0.664846 2.6 endloop endfacet facet normal 0.996917 0.0784673 -0 outer loop vertex -4.19767 -0.664846 2.6 vertex -4.25 0 3.45 vertex -4.19767 -0.664846 3.5 endloop endfacet facet normal 0.996917 0.0784673 0 outer loop vertex -4.25 0 3.45 vertex -4.19767 -0.664846 2.6 vertex -4.25 0 2.55 endloop endfacet facet normal 0.335533 -0.0442821 -0.940987 outer loop vertex -4.19767 -0.664846 3.5 vertex -3.46212 -0.513556 3.75516 vertex -3.45624 -0.547414 3.75885 endloop endfacet facet normal 0.335545 -0.0443518 -0.940979 outer loop vertex -4.19767 -0.664846 3.5 vertex -3.46963 -0.452623 3.74961 vertex -3.46212 -0.513556 3.75516 endloop endfacet facet normal 0.335546 -0.0443559 -0.940979 outer loop vertex -3.46963 -0.452623 3.74961 vertex -4.19767 -0.664846 3.5 vertex -4.25 0 3.45 endloop endfacet facet normal 0.32533 -0.0635879 -0.94346 outer loop vertex -3.49578 -0.171737 3.72165 vertex -4.25 0 3.45 vertex -3.5 0 3.70862 endloop endfacet facet normal 0.32532 -0.0636322 -0.94346 outer loop vertex -3.48315 -0.34306 3.73756 vertex -4.25 0 3.45 vertex -3.49578 -0.171737 3.72165 endloop endfacet facet normal 0.325326 -0.0636189 -0.943459 outer loop vertex -4.25 0 3.45 vertex -3.48315 -0.34306 3.73756 vertex -3.46963 -0.452623 3.74961 endloop endfacet facet normal 0.28973 0.161088 0.943455 outer loop vertex -3.34929 -1.016 2.38651 vertex -4.04199 -1.31332 2.65 vertex -3.32773 -1.08125 2.39103 endloop endfacet facet normal 0.289772 0.160993 0.943458 outer loop vertex -3.39511 -0.85043 2.37233 vertex -4.04199 -1.31332 2.65 vertex -3.34929 -1.016 2.38651 endloop endfacet facet normal 0.289742 0.161036 0.94346 outer loop vertex -3.43275 -0.682816 2.35528 vertex -4.04199 -1.31332 2.65 vertex -3.39511 -0.85043 2.37233 endloop endfacet facet normal 0.289656 0.161124 0.943471 outer loop vertex -4.04199 -1.31332 2.65 vertex -3.43275 -0.682816 2.35528 vertex -3.43985 -0.641887 2.35047 endloop endfacet facet normal 0.305424 0.145818 0.940985 outer loop vertex -4.19767 -0.664846 2.6 vertex -3.43985 -0.641887 2.35047 vertex -3.45624 -0.547414 2.34115 endloop endfacet facet normal 0.30542 0.145876 0.940978 outer loop vertex -3.43985 -0.641887 2.35047 vertex -4.19767 -0.664846 2.6 vertex -4.04199 -1.31332 2.65 endloop endfacet facet normal 0.972372 0.233439 -0 outer loop vertex -4.04199 -1.31332 2.65 vertex -4.19767 -0.664846 3.5 vertex -4.04199 -1.31332 3.55 endloop endfacet facet normal 0.972372 0.233439 0 outer loop vertex -4.19767 -0.664846 3.5 vertex -4.04199 -1.31332 2.65 vertex -4.19767 -0.664846 2.6 endloop endfacet facet normal 0.33835 0.00868678 -0.94098 outer loop vertex -4.04199 -1.31332 3.55 vertex -3.34929 -1.016 3.80182 vertex -3.32773 -1.08125 3.80897 endloop endfacet facet normal 0.338331 0.00873467 -0.940986 outer loop vertex -4.04199 -1.31332 3.55 vertex -3.35659 -0.989637 3.79944 vertex -3.34929 -1.016 3.80182 endloop endfacet facet normal 0.338356 0.0086763 -0.940978 outer loop vertex -3.35659 -0.989637 3.79944 vertex -4.04199 -1.31332 3.55 vertex -4.19767 -0.664846 3.5 endloop endfacet facet normal 0.331282 -0.0119972 -0.943456 outer loop vertex -3.43275 -0.682816 3.76882 vertex -4.19767 -0.664846 3.5 vertex -3.45624 -0.547414 3.75885 endloop endfacet facet normal 0.331284 -0.0118942 -0.943456 outer loop vertex -3.39511 -0.85043 3.78415 vertex -4.19767 -0.664846 3.5 vertex -3.43275 -0.682816 3.76882 endloop endfacet facet normal 0.331271 -0.0119603 -0.94346 outer loop vertex -4.19767 -0.664846 3.5 vertex -3.39511 -0.85043 3.78415 vertex -3.35659 -0.989637 3.79944 endloop endfacet facet normal 0.261015 0.204333 0.943461 outer loop vertex -3.16396 -1.49644 2.43391 vertex -3.78678 -1.92946 2.7 vertex -3.11762 -1.58851 2.44103 endloop endfacet facet normal 0.260959 0.204412 0.94346 outer loop vertex -3.23358 -1.33939 2.41914 vertex -3.78678 -1.92946 2.7 vertex -3.16396 -1.49644 2.43391 endloop endfacet facet normal 0.261035 0.204339 0.943455 outer loop vertex -3.2954 -1.17911 2.40153 vertex -3.78678 -1.92946 2.7 vertex -3.23358 -1.33939 2.41914 endloop endfacet facet normal 0.260117 0.204985 0.943568 outer loop vertex -3.78678 -1.92946 2.7 vertex -3.2954 -1.17911 2.40153 vertex -3.29751 -1.17275 2.40073 endloop endfacet facet normal 0.278839 0.191847 0.94098 outer loop vertex -4.04199 -1.31332 2.65 vertex -3.29751 -1.17275 2.40073 vertex -3.32773 -1.08125 2.39103 endloop endfacet facet normal 0.278837 0.191857 0.940979 outer loop vertex -3.29751 -1.17275 2.40073 vertex -4.04199 -1.31332 2.65 vertex -3.78678 -1.92946 2.7 endloop endfacet facet normal 0.923881 0.382679 -0 outer loop vertex -3.78678 -1.92946 2.7 vertex -4.04199 -1.31332 3.55 vertex -3.78678 -1.92946 3.6 endloop endfacet facet normal 0.923881 0.382679 0 outer loop vertex -4.04199 -1.31332 3.55 vertex -3.78678 -1.92946 2.7 vertex -4.04199 -1.31332 2.65 endloop endfacet facet normal 0.33283 0.0615012 -0.940979 outer loop vertex -3.78678 -1.92946 3.6 vertex -3.16095 -1.50243 3.84927 vertex -3.11762 -1.58851 3.85897 endloop endfacet facet normal 0.332831 0.0615002 -0.940979 outer loop vertex -3.16095 -1.50243 3.84927 vertex -3.78678 -1.92946 3.6 vertex -4.04199 -1.31332 3.55 endloop endfacet facet normal 0.329054 0.0400661 -0.943461 outer loop vertex -3.2954 -1.17911 3.81609 vertex -4.04199 -1.31332 3.55 vertex -3.32773 -1.08125 3.80897 endloop endfacet facet normal 0.329069 0.0399808 -0.943459 outer loop vertex -3.23358 -1.33939 3.83086 vertex -4.04199 -1.31332 3.55 vertex -3.2954 -1.17911 3.81609 endloop endfacet facet normal 0.32907 0.0400868 -0.943454 outer loop vertex -3.16396 -1.49644 3.84847 vertex -4.04199 -1.31332 3.55 vertex -3.23358 -1.33939 3.83086 endloop endfacet facet normal 0.328929 0.0392731 -0.943538 outer loop vertex -4.04199 -1.31332 3.55 vertex -3.16396 -1.49644 3.84847 vertex -3.16095 -1.50243 3.84927 endloop endfacet facet normal 0.225766 0.242734 0.943456 outer loop vertex -2.91014 -1.9445 2.48118 vertex -3.43832 -2.49809 2.75 vertex -2.83101 -2.05685 2.49115 endloop endfacet facet normal 0.22584 0.242663 0.943457 outer loop vertex -3.00205 -1.79936 2.46585 vertex -3.43832 -2.49809 2.75 vertex -2.91014 -1.9445 2.48118 endloop endfacet facet normal 0.225807 0.242685 0.943459 outer loop vertex -3.43832 -2.49809 2.75 vertex -3.00205 -1.79936 2.46585 vertex -3.07324 -1.67368 2.45056 endloop endfacet facet normal 0.245364 0.233166 0.940973 outer loop vertex -3.78678 -1.92946 2.7 vertex -3.07324 -1.67368 2.45056 vertex -3.08672 -1.64989 2.44818 endloop endfacet facet normal 0.245376 0.233139 0.940976 outer loop vertex -3.78678 -1.92946 2.7 vertex -3.08672 -1.64989 2.44818 vertex -3.11762 -1.58851 2.44103 endloop endfacet facet normal 0.245385 0.233115 0.94098 outer loop vertex -3.07324 -1.67368 2.45056 vertex -3.78678 -1.92946 2.7 vertex -3.43832 -2.49809 2.75 endloop endfacet facet normal 0.852638 0.522502 -0 outer loop vertex -3.43832 -2.49809 2.75 vertex -3.78678 -1.92946 3.6 vertex -3.43832 -2.49809 3.65 endloop endfacet facet normal 0.852638 0.522502 0 outer loop vertex -3.78678 -1.92946 3.6 vertex -3.43832 -2.49809 2.75 vertex -3.78678 -1.92946 2.7 endloop endfacet facet normal 0.319079 0.112851 -0.940985 outer loop vertex -3.43832 -2.49809 3.65 vertex -2.88622 -1.97846 3.89953 vertex -2.83101 -2.05685 3.90885 endloop endfacet facet normal 0.319112 0.112813 -0.940979 outer loop vertex -2.88622 -1.97846 3.89953 vertex -3.43832 -2.49809 3.65 vertex -3.78678 -1.92946 3.6 endloop endfacet facet normal 0.318761 0.0909953 -0.943457 outer loop vertex -3.08672 -1.64989 3.86349 vertex -3.78678 -1.92946 3.6 vertex -3.11762 -1.58851 3.85897 endloop endfacet facet normal 0.31874 0.0910512 -0.943459 outer loop vertex -3.00205 -1.79936 3.87767 vertex -3.78678 -1.92946 3.6 vertex -3.08672 -1.64989 3.86349 endloop endfacet facet normal 0.318746 0.0910152 -0.94346 outer loop vertex -2.91014 -1.9445 3.89472 vertex -3.78678 -1.92946 3.6 vertex -3.00205 -1.79936 3.87767 endloop endfacet facet normal 0.318748 0.0908818 -0.943472 outer loop vertex -3.78678 -1.92946 3.6 vertex -2.91014 -1.9445 3.89472 vertex -2.88622 -1.97846 3.89953 endloop endfacet facet normal 0.185062 0.275024 0.943459 outer loop vertex -2.59333 -2.35046 2.52835 vertex -3.0052 -3.0052 2.8 vertex -2.47487 -2.47487 2.54138 endloop endfacet facet normal 0.185056 0.275027 0.943459 outer loop vertex -2.70554 -2.22038 2.51244 vertex -3.0052 -3.0052 2.8 vertex -2.59333 -2.35046 2.52835 endloop endfacet facet normal 0.185054 0.275028 0.943459 outer loop vertex -3.0052 -3.0052 2.8 vertex -2.70554 -2.22038 2.51244 vertex -2.77345 -2.13335 2.50039 endloop endfacet facet normal 0.205904 0.268626 0.94098 outer loop vertex -3.43832 -2.49809 2.75 vertex -2.77345 -2.13335 2.50039 vertex -2.81123 -2.08495 2.49484 endloop endfacet facet normal 0.205961 0.268546 0.94099 outer loop vertex -3.43832 -2.49809 2.75 vertex -2.81123 -2.08495 2.49484 vertex -2.83101 -2.05685 2.49115 endloop endfacet facet normal 0.205898 0.268635 0.940979 outer loop vertex -2.77345 -2.13335 2.50039 vertex -3.43832 -2.49809 2.75 vertex -3.0052 -3.0052 2.8 endloop endfacet facet normal 0.760401 0.649454 -0 outer loop vertex -3.0052 -3.0052 2.8 vertex -3.43832 -2.49809 3.65 vertex -3.0052 -3.0052 3.7 endloop endfacet facet normal 0.760401 0.649454 0 outer loop vertex -3.43832 -2.49809 3.65 vertex -3.0052 -3.0052 2.8 vertex -3.43832 -2.49809 2.75 endloop endfacet facet normal 0.297511 0.161367 -0.940982 outer loop vertex -3.0052 -3.0052 3.7 vertex -2.54086 -2.40557 3.94964 vertex -2.47487 -2.47487 3.95862 endloop endfacet facet normal 0.297536 0.161346 -0.940978 outer loop vertex -2.54086 -2.40557 3.94964 vertex -3.0052 -3.0052 3.7 vertex -3.43832 -2.49809 3.65 endloop endfacet facet normal 0.300751 0.139518 -0.943442 outer loop vertex -2.81123 -2.08495 3.911 vertex -3.43832 -2.49809 3.65 vertex -2.83101 -2.05685 3.90885 endloop endfacet facet normal 0.300591 0.13977 -0.943456 outer loop vertex -2.70554 -2.22038 3.92461 vertex -3.43832 -2.49809 3.65 vertex -2.81123 -2.08495 3.911 endloop endfacet facet normal 0.300591 0.139769 -0.943456 outer loop vertex -2.59333 -2.35046 3.94109 vertex -3.43832 -2.49809 3.65 vertex -2.70554 -2.22038 3.92461 endloop endfacet facet normal 0.300582 0.139812 -0.943453 outer loop vertex -3.43832 -2.49809 3.65 vertex -2.59333 -2.35046 3.94109 vertex -2.54086 -2.40557 3.94964 endloop endfacet facet normal 0.139518 0.300751 0.943442 outer loop vertex -2.08495 -2.81123 2.589 vertex -2.49809 -3.43832 2.85 vertex -2.05685 -2.83101 2.59115 endloop endfacet facet normal 0.13977 0.300591 0.943456 outer loop vertex -2.22038 -2.70554 2.57539 vertex -2.49809 -3.43832 2.85 vertex -2.08495 -2.81123 2.589 endloop endfacet facet normal 0.139769 0.300591 0.943456 outer loop vertex -2.35046 -2.59333 2.55891 vertex -2.49809 -3.43832 2.85 vertex -2.22038 -2.70554 2.57539 endloop endfacet facet normal 0.139812 0.300582 0.943453 outer loop vertex -2.49809 -3.43832 2.85 vertex -2.35046 -2.59333 2.55891 vertex -2.40557 -2.54086 2.55036 endloop endfacet facet normal 0.161367 0.297511 0.940982 outer loop vertex -3.0052 -3.0052 2.8 vertex -2.40557 -2.54086 2.55036 vertex -2.47487 -2.47487 2.54138 endloop endfacet facet normal 0.161346 0.297536 0.940978 outer loop vertex -2.40557 -2.54086 2.55036 vertex -3.0052 -3.0052 2.8 vertex -2.49809 -3.43832 2.85 endloop endfacet facet normal 0.649454 0.760401 -0 outer loop vertex -2.49809 -3.43832 2.85 vertex -3.0052 -3.0052 3.7 vertex -2.49809 -3.43832 3.75 endloop endfacet facet normal 0.649454 0.760401 0 outer loop vertex -3.0052 -3.0052 3.7 vertex -2.49809 -3.43832 2.85 vertex -3.0052 -3.0052 2.8 endloop endfacet facet normal 0.268546 0.205961 -0.94099 outer loop vertex -2.49809 -3.43832 3.75 vertex -2.08495 -2.81123 4.00516 vertex -2.05685 -2.83101 4.00885 endloop endfacet facet normal 0.268626 0.205904 -0.94098 outer loop vertex -2.49809 -3.43832 3.75 vertex -2.13335 -2.77345 3.99961 vertex -2.08495 -2.81123 4.00516 endloop endfacet facet normal 0.268635 0.205898 -0.940979 outer loop vertex -2.13335 -2.77345 3.99961 vertex -2.49809 -3.43832 3.75 vertex -3.0052 -3.0052 3.7 endloop endfacet facet normal 0.275024 0.185062 -0.943459 outer loop vertex -2.35046 -2.59333 3.97165 vertex -3.0052 -3.0052 3.7 vertex -2.47487 -2.47487 3.95862 endloop endfacet facet normal 0.275027 0.185056 -0.943459 outer loop vertex -2.22038 -2.70554 3.98756 vertex -3.0052 -3.0052 3.7 vertex -2.35046 -2.59333 3.97165 endloop endfacet facet normal 0.275028 0.185054 -0.943459 outer loop vertex -3.0052 -3.0052 3.7 vertex -2.22038 -2.70554 3.98756 vertex -2.13335 -2.77345 3.99961 endloop endfacet facet normal 0.0909953 0.318761 0.943457 outer loop vertex -1.64989 -3.08672 2.63651 vertex -1.92946 -3.78678 2.9 vertex -1.58851 -3.11762 2.64103 endloop endfacet facet normal 0.0910512 0.31874 0.943459 outer loop vertex -1.79936 -3.00205 2.62233 vertex -1.92946 -3.78678 2.9 vertex -1.64989 -3.08672 2.63651 endloop endfacet facet normal 0.0910152 0.318746 0.94346 outer loop vertex -1.9445 -2.91014 2.60528 vertex -1.92946 -3.78678 2.9 vertex -1.79936 -3.00205 2.62233 endloop endfacet facet normal 0.0908818 0.318748 0.943472 outer loop vertex -1.92946 -3.78678 2.9 vertex -1.9445 -2.91014 2.60528 vertex -1.97846 -2.88622 2.60047 endloop endfacet facet normal 0.112851 0.319079 0.940985 outer loop vertex -2.49809 -3.43832 2.85 vertex -1.97846 -2.88622 2.60047 vertex -2.05685 -2.83101 2.59115 endloop endfacet facet normal 0.112813 0.319112 0.940979 outer loop vertex -1.97846 -2.88622 2.60047 vertex -2.49809 -3.43832 2.85 vertex -1.92946 -3.78678 2.9 endloop endfacet facet normal 0.522502 0.852638 -0 outer loop vertex -1.92946 -3.78678 2.9 vertex -2.49809 -3.43832 3.75 vertex -1.92946 -3.78678 3.8 endloop endfacet facet normal 0.522502 0.852638 0 outer loop vertex -2.49809 -3.43832 3.75 vertex -1.92946 -3.78678 2.9 vertex -2.49809 -3.43832 2.85 endloop endfacet facet normal 0.233139 0.245376 -0.940976 outer loop vertex -1.92946 -3.78678 3.8 vertex -1.64989 -3.08672 4.05182 vertex -1.58851 -3.11762 4.05897 endloop endfacet facet normal 0.233166 0.245364 -0.940973 outer loop vertex -1.92946 -3.78678 3.8 vertex -1.67368 -3.07324 4.04944 vertex -1.64989 -3.08672 4.05182 endloop endfacet facet normal 0.233115 0.245385 -0.94098 outer loop vertex -1.67368 -3.07324 4.04944 vertex -1.92946 -3.78678 3.8 vertex -2.49809 -3.43832 3.75 endloop endfacet facet normal 0.242734 0.225766 -0.943456 outer loop vertex -1.9445 -2.91014 4.01882 vertex -2.49809 -3.43832 3.75 vertex -2.05685 -2.83101 4.00885 endloop endfacet facet normal 0.242663 0.22584 -0.943457 outer loop vertex -1.79936 -3.00205 4.03415 vertex -2.49809 -3.43832 3.75 vertex -1.9445 -2.91014 4.01882 endloop endfacet facet normal 0.242685 0.225807 -0.943459 outer loop vertex -2.49809 -3.43832 3.75 vertex -1.79936 -3.00205 4.03415 vertex -1.67368 -3.07324 4.04944 endloop endfacet facet normal 0.0400661 0.329054 0.943461 outer loop vertex -1.17911 -3.2954 2.68391 vertex -1.31332 -4.04199 2.95 vertex -1.08125 -3.32773 2.69103 endloop endfacet facet normal 0.0399808 0.329069 0.943459 outer loop vertex -1.33939 -3.23358 2.66914 vertex -1.31332 -4.04199 2.95 vertex -1.17911 -3.2954 2.68391 endloop endfacet facet normal 0.0400868 0.32907 0.943454 outer loop vertex -1.49644 -3.16396 2.65153 vertex -1.31332 -4.04199 2.95 vertex -1.33939 -3.23358 2.66914 endloop endfacet facet normal 0.0392731 0.328929 0.943538 outer loop vertex -1.31332 -4.04199 2.95 vertex -1.49644 -3.16396 2.65153 vertex -1.50243 -3.16095 2.65073 endloop endfacet facet normal 0.0615012 0.33283 0.940979 outer loop vertex -1.92946 -3.78678 2.9 vertex -1.50243 -3.16095 2.65073 vertex -1.58851 -3.11762 2.64103 endloop endfacet facet normal 0.0615002 0.332831 0.940979 outer loop vertex -1.50243 -3.16095 2.65073 vertex -1.92946 -3.78678 2.9 vertex -1.31332 -4.04199 2.95 endloop endfacet facet normal 0.382679 0.923881 -0 outer loop vertex -1.31332 -4.04199 2.95 vertex -1.92946 -3.78678 3.8 vertex -1.31332 -4.04199 3.85 endloop endfacet facet normal 0.382679 0.923881 0 outer loop vertex -1.92946 -3.78678 3.8 vertex -1.31332 -4.04199 2.95 vertex -1.92946 -3.78678 2.9 endloop endfacet facet normal 0.191847 0.278839 -0.94098 outer loop vertex -1.31332 -4.04199 3.85 vertex -1.17275 -3.29751 4.09927 vertex -1.08125 -3.32773 4.10897 endloop endfacet facet normal 0.191857 0.278837 -0.940979 outer loop vertex -1.17275 -3.29751 4.09927 vertex -1.31332 -4.04199 3.85 vertex -1.92946 -3.78678 3.8 endloop endfacet facet normal 0.204333 0.261015 -0.943461 outer loop vertex -1.49644 -3.16396 4.06609 vertex -1.92946 -3.78678 3.8 vertex -1.58851 -3.11762 4.05897 endloop endfacet facet normal 0.204412 0.260959 -0.94346 outer loop vertex -1.33939 -3.23358 4.08086 vertex -1.92946 -3.78678 3.8 vertex -1.49644 -3.16396 4.06609 endloop endfacet facet normal 0.204339 0.261035 -0.943455 outer loop vertex -1.17911 -3.2954 4.09847 vertex -1.92946 -3.78678 3.8 vertex -1.33939 -3.23358 4.08086 endloop endfacet facet normal 0.204985 0.260117 -0.943568 outer loop vertex -1.92946 -3.78678 3.8 vertex -1.17911 -3.2954 4.09847 vertex -1.17275 -3.29751 4.09927 endloop endfacet facet normal -0.0119972 0.331282 0.943456 outer loop vertex -0.682816 -3.43275 2.73118 vertex -0.664846 -4.19767 3 vertex -0.547414 -3.45624 2.74115 endloop endfacet facet normal -0.0118942 0.331284 0.943456 outer loop vertex -0.85043 -3.39511 2.71585 vertex -0.664846 -4.19767 3 vertex -0.682816 -3.43275 2.73118 endloop endfacet facet normal -0.0119603 0.331271 0.94346 outer loop vertex -0.664846 -4.19767 3 vertex -0.85043 -3.39511 2.71585 vertex -0.989637 -3.35659 2.70056 endloop endfacet facet normal 0.00873467 0.338331 0.940986 outer loop vertex -1.31332 -4.04199 2.95 vertex -0.989637 -3.35659 2.70056 vertex -1.016 -3.34929 2.69818 endloop endfacet facet normal 0.00868678 0.33835 0.94098 outer loop vertex -1.31332 -4.04199 2.95 vertex -1.016 -3.34929 2.69818 vertex -1.08125 -3.32773 2.69103 endloop endfacet facet normal 0.0086763 0.338356 0.940978 outer loop vertex -0.989637 -3.35659 2.70056 vertex -1.31332 -4.04199 2.95 vertex -0.664846 -4.19767 3 endloop endfacet facet normal 0.233439 0.972372 -0 outer loop vertex -0.664846 -4.19767 3 vertex -1.31332 -4.04199 3.85 vertex -0.664846 -4.19767 3.9 endloop endfacet facet normal 0.233439 0.972372 0 outer loop vertex -1.31332 -4.04199 3.85 vertex -0.664846 -4.19767 3 vertex -1.31332 -4.04199 2.95 endloop endfacet facet normal 0.145818 0.305424 -0.940985 outer loop vertex -0.664846 -4.19767 3.9 vertex -0.641887 -3.43985 4.14953 vertex -0.547414 -3.45624 4.15885 endloop endfacet facet normal 0.145876 0.30542 -0.940978 outer loop vertex -0.641887 -3.43985 4.14953 vertex -0.664846 -4.19767 3.9 vertex -1.31332 -4.04199 3.85 endloop endfacet facet normal 0.161088 0.28973 -0.943455 outer loop vertex -1.016 -3.34929 4.11349 vertex -1.31332 -4.04199 3.85 vertex -1.08125 -3.32773 4.10897 endloop endfacet facet normal 0.160993 0.289772 -0.943458 outer loop vertex -0.85043 -3.39511 4.12767 vertex -1.31332 -4.04199 3.85 vertex -1.016 -3.34929 4.11349 endloop endfacet facet normal 0.161036 0.289742 -0.94346 outer loop vertex -0.682816 -3.43275 4.14472 vertex -1.31332 -4.04199 3.85 vertex -0.85043 -3.39511 4.12767 endloop endfacet facet normal 0.161124 0.289656 -0.943471 outer loop vertex -1.31332 -4.04199 3.85 vertex -0.682816 -3.43275 4.14472 vertex -0.641887 -3.43985 4.14953 endloop endfacet facet normal -0.0635879 0.32533 0.94346 outer loop vertex -0.171737 -3.49578 2.77835 vertex 0 -4.25 3.05 vertex 0 -3.5 2.79138 endloop endfacet facet normal -0.0636322 0.32532 0.94346 outer loop vertex -0.34306 -3.48315 2.76244 vertex 0 -4.25 3.05 vertex -0.171737 -3.49578 2.77835 endloop endfacet facet normal -0.0636189 0.325326 0.943459 outer loop vertex 0 -4.25 3.05 vertex -0.34306 -3.48315 2.76244 vertex -0.452623 -3.46963 2.75039 endloop endfacet facet normal -0.0443518 0.335545 0.940979 outer loop vertex -0.664846 -4.19767 3 vertex -0.452623 -3.46963 2.75039 vertex -0.513556 -3.46212 2.74484 endloop endfacet facet normal -0.0442821 0.335533 0.940987 outer loop vertex -0.664846 -4.19767 3 vertex -0.513556 -3.46212 2.74484 vertex -0.547414 -3.45624 2.74115 endloop endfacet facet normal -0.0443559 0.335546 0.940979 outer loop vertex -0.452623 -3.46963 2.75039 vertex -0.664846 -4.19767 3 vertex 0 -4.25 3.05 endloop endfacet facet normal 0.0784673 0.996917 -0 outer loop vertex 0 -4.25 3.05 vertex -0.664846 -4.19767 3.9 vertex 0 -4.25 3.95 endloop endfacet facet normal 0.0784673 0.996917 0 outer loop vertex -0.664846 -4.19767 3.9 vertex 0 -4.25 3.05 vertex -0.664846 -4.19767 3 endloop endfacet facet normal 0.0963024 0.324475 -0.940979 outer loop vertex 0 -4.25 3.95 vertex -0.0956623 -3.49765 4.19964 vertex 0 -3.5 4.20862 endloop endfacet facet normal 0.0963061 0.324475 -0.940979 outer loop vertex -0.0956623 -3.49765 4.19964 vertex 0 -4.25 3.95 vertex -0.664846 -4.19767 3.9 endloop endfacet facet normal 0.113976 0.311325 -0.943444 outer loop vertex -0.513556 -3.46212 4.161 vertex -0.664846 -4.19767 3.9 vertex -0.547414 -3.45624 4.15885 endloop endfacet facet normal 0.11372 0.311382 -0.943456 outer loop vertex -0.34306 -3.48315 4.17461 vertex -0.664846 -4.19767 3.9 vertex -0.513556 -3.46212 4.161 endloop endfacet facet normal 0.113709 0.311387 -0.943456 outer loop vertex -0.171737 -3.49578 4.19109 vertex -0.664846 -4.19767 3.9 vertex -0.34306 -3.48315 4.17461 endloop endfacet facet normal 0.113689 0.3114 -0.943454 outer loop vertex -0.664846 -4.19767 3.9 vertex -0.171737 -3.49578 4.19109 vertex -0.0956623 -3.49765 4.19964 endloop endfacet facet normal -0.113976 0.311325 0.943444 outer loop vertex 0.513556 -3.46212 2.839 vertex 0.664846 -4.19767 3.1 vertex 0.547414 -3.45624 2.84115 endloop endfacet facet normal -0.11372 0.311382 0.943456 outer loop vertex 0.34306 -3.48315 2.82539 vertex 0.664846 -4.19767 3.1 vertex 0.513556 -3.46212 2.839 endloop endfacet facet normal -0.113709 0.311387 0.943456 outer loop vertex 0.171737 -3.49578 2.80891 vertex 0.664846 -4.19767 3.1 vertex 0.34306 -3.48315 2.82539 endloop endfacet facet normal -0.113689 0.3114 0.943454 outer loop vertex 0.664846 -4.19767 3.1 vertex 0.171737 -3.49578 2.80891 vertex 0.0956623 -3.49765 2.80036 endloop endfacet facet normal -0.0963024 0.324475 0.940979 outer loop vertex 0 -4.25 3.05 vertex 0.0956623 -3.49765 2.80036 vertex 0 -3.5 2.79138 endloop endfacet facet normal -0.0963061 0.324475 0.940979 outer loop vertex 0.0956623 -3.49765 2.80036 vertex 0 -4.25 3.05 vertex 0.664846 -4.19767 3.1 endloop endfacet facet normal -0.0784673 0.996917 0 outer loop vertex 0.664846 -4.19767 3.1 vertex 0 -4.25 3.95 vertex 0.664846 -4.19767 4 endloop endfacet facet normal -0.0784673 0.996917 0 outer loop vertex 0 -4.25 3.95 vertex 0.664846 -4.19767 3.1 vertex 0 -4.25 3.05 endloop endfacet facet normal 0.0442821 0.335533 -0.940987 outer loop vertex 0.664846 -4.19767 4 vertex 0.513556 -3.46212 4.25516 vertex 0.547414 -3.45624 4.25885 endloop endfacet facet normal 0.0443518 0.335545 -0.940979 outer loop vertex 0.664846 -4.19767 4 vertex 0.452623 -3.46963 4.24961 vertex 0.513556 -3.46212 4.25516 endloop endfacet facet normal 0.0443559 0.335546 -0.940979 outer loop vertex 0.452623 -3.46963 4.24961 vertex 0.664846 -4.19767 4 vertex 0 -4.25 3.95 endloop endfacet facet normal 0.0636189 0.325326 -0.943459 outer loop vertex 0 -4.25 3.95 vertex 0.34306 -3.48315 4.23756 vertex 0.452623 -3.46963 4.24961 endloop endfacet facet normal 0.0636322 0.32532 -0.94346 outer loop vertex 0 -4.25 3.95 vertex 0.171737 -3.49578 4.22165 vertex 0.34306 -3.48315 4.23756 endloop endfacet facet normal 0.0635879 0.32533 -0.94346 outer loop vertex 0.171737 -3.49578 4.22165 vertex 0 -4.25 3.95 vertex 0 -3.5 4.20862 endloop endfacet facet normal -0.161088 0.28973 0.943455 outer loop vertex 1.016 -3.34929 2.88651 vertex 1.31332 -4.04199 3.15 vertex 1.08125 -3.32773 2.89103 endloop endfacet facet normal -0.160993 0.289772 0.943458 outer loop vertex 0.85043 -3.39511 2.87233 vertex 1.31332 -4.04199 3.15 vertex 1.016 -3.34929 2.88651 endloop endfacet facet normal -0.161036 0.289742 0.94346 outer loop vertex 0.682816 -3.43275 2.85528 vertex 1.31332 -4.04199 3.15 vertex 0.85043 -3.39511 2.87233 endloop endfacet facet normal -0.161124 0.289656 0.943471 outer loop vertex 1.31332 -4.04199 3.15 vertex 0.682816 -3.43275 2.85528 vertex 0.641887 -3.43985 2.85047 endloop endfacet facet normal -0.145876 0.30542 0.940978 outer loop vertex 0.641887 -3.43985 2.85047 vertex 0.664846 -4.19767 3.1 vertex 1.31332 -4.04199 3.15 endloop endfacet facet normal -0.145818 0.305424 0.940985 outer loop vertex 0.664846 -4.19767 3.1 vertex 0.641887 -3.43985 2.85047 vertex 0.547414 -3.45624 2.84115 endloop endfacet facet normal -0.233439 0.972372 0 outer loop vertex 1.31332 -4.04199 3.15 vertex 0.664846 -4.19767 4 vertex 1.31332 -4.04199 4.05 endloop endfacet facet normal -0.233439 0.972372 0 outer loop vertex 0.664846 -4.19767 4 vertex 1.31332 -4.04199 3.15 vertex 0.664846 -4.19767 3.1 endloop endfacet facet normal -0.00868678 0.33835 -0.94098 outer loop vertex 1.31332 -4.04199 4.05 vertex 1.016 -3.34929 4.30182 vertex 1.08125 -3.32773 4.30897 endloop endfacet facet normal -0.00873467 0.338331 -0.940986 outer loop vertex 1.31332 -4.04199 4.05 vertex 0.989637 -3.35659 4.29944 vertex 1.016 -3.34929 4.30182 endloop endfacet facet normal -0.0086763 0.338356 -0.940978 outer loop vertex 0.989637 -3.35659 4.29944 vertex 1.31332 -4.04199 4.05 vertex 0.664846 -4.19767 4 endloop endfacet facet normal 0.0119603 0.331271 -0.94346 outer loop vertex 0.664846 -4.19767 4 vertex 0.85043 -3.39511 4.28415 vertex 0.989637 -3.35659 4.29944 endloop endfacet facet normal 0.0118942 0.331284 -0.943456 outer loop vertex 0.664846 -4.19767 4 vertex 0.682816 -3.43275 4.26882 vertex 0.85043 -3.39511 4.28415 endloop endfacet facet normal 0.0119972 0.331282 -0.943456 outer loop vertex 0.682816 -3.43275 4.26882 vertex 0.664846 -4.19767 4 vertex 0.547414 -3.45624 4.25885 endloop endfacet facet normal -0.204333 0.261015 0.943461 outer loop vertex 1.49644 -3.16396 2.93391 vertex 1.92946 -3.78678 3.2 vertex 1.58851 -3.11762 2.94103 endloop endfacet facet normal -0.204412 0.260959 0.94346 outer loop vertex 1.33939 -3.23358 2.91914 vertex 1.92946 -3.78678 3.2 vertex 1.49644 -3.16396 2.93391 endloop endfacet facet normal -0.204339 0.261035 0.943455 outer loop vertex 1.17911 -3.2954 2.90153 vertex 1.92946 -3.78678 3.2 vertex 1.33939 -3.23358 2.91914 endloop endfacet facet normal -0.204985 0.260117 0.943568 outer loop vertex 1.92946 -3.78678 3.2 vertex 1.17911 -3.2954 2.90153 vertex 1.17275 -3.29751 2.90073 endloop endfacet facet normal -0.191857 0.278837 0.940979 outer loop vertex 1.17275 -3.29751 2.90073 vertex 1.31332 -4.04199 3.15 vertex 1.92946 -3.78678 3.2 endloop endfacet facet normal -0.191847 0.278839 0.94098 outer loop vertex 1.31332 -4.04199 3.15 vertex 1.17275 -3.29751 2.90073 vertex 1.08125 -3.32773 2.89103 endloop endfacet facet normal -0.382679 0.923881 0 outer loop vertex 1.92946 -3.78678 3.2 vertex 1.31332 -4.04199 4.05 vertex 1.92946 -3.78678 4.1 endloop endfacet facet normal -0.382679 0.923881 0 outer loop vertex 1.31332 -4.04199 4.05 vertex 1.92946 -3.78678 3.2 vertex 1.31332 -4.04199 3.15 endloop endfacet facet normal -0.0615012 0.33283 -0.940979 outer loop vertex 1.92946 -3.78678 4.1 vertex 1.50243 -3.16095 4.34927 vertex 1.58851 -3.11762 4.35897 endloop endfacet facet normal -0.0615002 0.332831 -0.940979 outer loop vertex 1.50243 -3.16095 4.34927 vertex 1.92946 -3.78678 4.1 vertex 1.31332 -4.04199 4.05 endloop endfacet facet normal -0.0392731 0.328929 -0.943538 outer loop vertex 1.31332 -4.04199 4.05 vertex 1.49644 -3.16396 4.34847 vertex 1.50243 -3.16095 4.34927 endloop endfacet facet normal -0.0400868 0.32907 -0.943454 outer loop vertex 1.31332 -4.04199 4.05 vertex 1.33939 -3.23358 4.33086 vertex 1.49644 -3.16396 4.34847 endloop endfacet facet normal -0.0399808 0.329069 -0.943459 outer loop vertex 1.31332 -4.04199 4.05 vertex 1.17911 -3.2954 4.31609 vertex 1.33939 -3.23358 4.33086 endloop endfacet facet normal -0.0400661 0.329054 -0.943461 outer loop vertex 1.17911 -3.2954 4.31609 vertex 1.31332 -4.04199 4.05 vertex 1.08125 -3.32773 4.30897 endloop endfacet facet normal -0.242734 0.225766 0.943456 outer loop vertex 1.9445 -2.91014 2.98118 vertex 2.49809 -3.43832 3.25 vertex 2.05685 -2.83101 2.99115 endloop endfacet facet normal -0.242663 0.22584 0.943457 outer loop vertex 1.79936 -3.00205 2.96585 vertex 2.49809 -3.43832 3.25 vertex 1.9445 -2.91014 2.98118 endloop endfacet facet normal -0.242685 0.225807 0.943459 outer loop vertex 2.49809 -3.43832 3.25 vertex 1.79936 -3.00205 2.96585 vertex 1.67368 -3.07324 2.95056 endloop endfacet facet normal -0.233115 0.245385 0.94098 outer loop vertex 1.67368 -3.07324 2.95056 vertex 1.92946 -3.78678 3.2 vertex 2.49809 -3.43832 3.25 endloop endfacet facet normal -0.233166 0.245364 0.940973 outer loop vertex 1.64989 -3.08672 2.94818 vertex 1.92946 -3.78678 3.2 vertex 1.67368 -3.07324 2.95056 endloop endfacet facet normal -0.233139 0.245376 0.940976 outer loop vertex 1.92946 -3.78678 3.2 vertex 1.64989 -3.08672 2.94818 vertex 1.58851 -3.11762 2.94103 endloop endfacet facet normal -0.522502 0.852638 0 outer loop vertex 2.49809 -3.43832 3.25 vertex 1.92946 -3.78678 4.1 vertex 2.49809 -3.43832 4.15 endloop endfacet facet normal -0.522502 0.852638 0 outer loop vertex 1.92946 -3.78678 4.1 vertex 2.49809 -3.43832 3.25 vertex 1.92946 -3.78678 3.2 endloop endfacet facet normal -0.112851 0.319079 -0.940985 outer loop vertex 2.49809 -3.43832 4.15 vertex 1.97846 -2.88622 4.39953 vertex 2.05685 -2.83101 4.40885 endloop endfacet facet normal -0.112813 0.319112 -0.940979 outer loop vertex 1.97846 -2.88622 4.39953 vertex 2.49809 -3.43832 4.15 vertex 1.92946 -3.78678 4.1 endloop endfacet facet normal -0.0908818 0.318748 -0.943472 outer loop vertex 1.92946 -3.78678 4.1 vertex 1.9445 -2.91014 4.39472 vertex 1.97846 -2.88622 4.39953 endloop endfacet facet normal -0.0910152 0.318746 -0.94346 outer loop vertex 1.92946 -3.78678 4.1 vertex 1.79936 -3.00205 4.37767 vertex 1.9445 -2.91014 4.39472 endloop endfacet facet normal -0.0910512 0.31874 -0.943459 outer loop vertex 1.92946 -3.78678 4.1 vertex 1.64989 -3.08672 4.36349 vertex 1.79936 -3.00205 4.37767 endloop endfacet facet normal -0.0909953 0.318761 -0.943457 outer loop vertex 1.64989 -3.08672 4.36349 vertex 1.92946 -3.78678 4.1 vertex 1.58851 -3.11762 4.35897 endloop endfacet facet normal -0.275024 0.185062 0.943459 outer loop vertex 2.35046 -2.59333 3.02835 vertex 3.0052 -3.0052 3.3 vertex 2.47487 -2.47487 3.04138 endloop endfacet facet normal -0.275027 0.185056 0.943459 outer loop vertex 2.22038 -2.70554 3.01244 vertex 3.0052 -3.0052 3.3 vertex 2.35046 -2.59333 3.02835 endloop endfacet facet normal -0.275028 0.185054 0.943459 outer loop vertex 3.0052 -3.0052 3.3 vertex 2.22038 -2.70554 3.01244 vertex 2.13335 -2.77345 3.00039 endloop endfacet facet normal -0.268635 0.205898 0.940979 outer loop vertex 2.13335 -2.77345 3.00039 vertex 2.49809 -3.43832 3.25 vertex 3.0052 -3.0052 3.3 endloop endfacet facet normal -0.268626 0.205904 0.94098 outer loop vertex 2.08495 -2.81123 2.99484 vertex 2.49809 -3.43832 3.25 vertex 2.13335 -2.77345 3.00039 endloop endfacet facet normal -0.268546 0.205961 0.94099 outer loop vertex 2.49809 -3.43832 3.25 vertex 2.08495 -2.81123 2.99484 vertex 2.05685 -2.83101 2.99115 endloop endfacet facet normal -0.649454 0.760401 0 outer loop vertex 3.0052 -3.0052 3.3 vertex 2.49809 -3.43832 4.15 vertex 3.0052 -3.0052 4.2 endloop endfacet facet normal -0.649454 0.760401 0 outer loop vertex 2.49809 -3.43832 4.15 vertex 3.0052 -3.0052 3.3 vertex 2.49809 -3.43832 3.25 endloop endfacet facet normal -0.161346 0.297536 -0.940978 outer loop vertex 2.40557 -2.54086 4.44964 vertex 3.0052 -3.0052 4.2 vertex 2.49809 -3.43832 4.15 endloop endfacet facet normal -0.161367 0.297511 -0.940982 outer loop vertex 3.0052 -3.0052 4.2 vertex 2.40557 -2.54086 4.44964 vertex 2.47487 -2.47487 4.45862 endloop endfacet facet normal -0.139812 0.300582 -0.943453 outer loop vertex 2.49809 -3.43832 4.15 vertex 2.35046 -2.59333 4.44109 vertex 2.40557 -2.54086 4.44964 endloop endfacet facet normal -0.139769 0.300591 -0.943456 outer loop vertex 2.49809 -3.43832 4.15 vertex 2.22038 -2.70554 4.42461 vertex 2.35046 -2.59333 4.44109 endloop endfacet facet normal -0.13977 0.300591 -0.943456 outer loop vertex 2.49809 -3.43832 4.15 vertex 2.08495 -2.81123 4.411 vertex 2.22038 -2.70554 4.42461 endloop endfacet facet normal -0.139518 0.300751 -0.943442 outer loop vertex 2.08495 -2.81123 4.411 vertex 2.49809 -3.43832 4.15 vertex 2.05685 -2.83101 4.40885 endloop endfacet facet normal -0.300751 0.139518 0.943442 outer loop vertex 2.81123 -2.08495 3.089 vertex 3.43832 -2.49809 3.35 vertex 2.83101 -2.05685 3.09115 endloop endfacet facet normal -0.300591 0.13977 0.943456 outer loop vertex 2.70554 -2.22038 3.07539 vertex 3.43832 -2.49809 3.35 vertex 2.81123 -2.08495 3.089 endloop endfacet facet normal -0.300591 0.139769 0.943456 outer loop vertex 2.59333 -2.35046 3.05891 vertex 3.43832 -2.49809 3.35 vertex 2.70554 -2.22038 3.07539 endloop endfacet facet normal -0.300582 0.139812 0.943453 outer loop vertex 3.43832 -2.49809 3.35 vertex 2.59333 -2.35046 3.05891 vertex 2.54086 -2.40557 3.05036 endloop endfacet facet normal -0.297536 0.161346 0.940978 outer loop vertex 2.54086 -2.40557 3.05036 vertex 3.0052 -3.0052 3.3 vertex 3.43832 -2.49809 3.35 endloop endfacet facet normal -0.297511 0.161367 0.940982 outer loop vertex 3.0052 -3.0052 3.3 vertex 2.54086 -2.40557 3.05036 vertex 2.47487 -2.47487 3.04138 endloop endfacet facet normal -0.760401 0.649454 0 outer loop vertex 3.0052 -3.0052 4.2 vertex 3.43832 -2.49809 3.35 vertex 3.0052 -3.0052 3.3 endloop endfacet facet normal -0.760401 0.649454 0 outer loop vertex 3.43832 -2.49809 3.35 vertex 3.0052 -3.0052 4.2 vertex 3.43832 -2.49809 4.25 endloop endfacet facet normal -0.205898 0.268635 -0.940979 outer loop vertex 2.77345 -2.13335 4.49961 vertex 3.43832 -2.49809 4.25 vertex 3.0052 -3.0052 4.2 endloop endfacet facet normal -0.205961 0.268546 -0.94099 outer loop vertex 3.43832 -2.49809 4.25 vertex 2.81123 -2.08495 4.50516 vertex 2.83101 -2.05685 4.50885 endloop endfacet facet normal -0.205904 0.268626 -0.94098 outer loop vertex 3.43832 -2.49809 4.25 vertex 2.77345 -2.13335 4.49961 vertex 2.81123 -2.08495 4.50516 endloop endfacet facet normal -0.185054 0.275028 -0.943459 outer loop vertex 3.0052 -3.0052 4.2 vertex 2.70554 -2.22038 4.48756 vertex 2.77345 -2.13335 4.49961 endloop endfacet facet normal -0.185056 0.275027 -0.943459 outer loop vertex 3.0052 -3.0052 4.2 vertex 2.59333 -2.35046 4.47165 vertex 2.70554 -2.22038 4.48756 endloop endfacet facet normal -0.185062 0.275024 -0.943459 outer loop vertex 2.59333 -2.35046 4.47165 vertex 3.0052 -3.0052 4.2 vertex 2.47487 -2.47487 4.45862 endloop endfacet facet normal -0.318761 0.0909953 0.943457 outer loop vertex 3.08672 -1.64989 3.13651 vertex 3.78678 -1.92946 3.4 vertex 3.11762 -1.58851 3.14103 endloop endfacet facet normal -0.31874 0.0910512 0.943459 outer loop vertex 3.00205 -1.79936 3.12233 vertex 3.78678 -1.92946 3.4 vertex 3.08672 -1.64989 3.13651 endloop endfacet facet normal -0.318746 0.0910152 0.94346 outer loop vertex 2.91014 -1.9445 3.10528 vertex 3.78678 -1.92946 3.4 vertex 3.00205 -1.79936 3.12233 endloop endfacet facet normal -0.318748 0.0908818 0.943472 outer loop vertex 3.78678 -1.92946 3.4 vertex 2.91014 -1.9445 3.10528 vertex 2.88622 -1.97846 3.10047 endloop endfacet facet normal -0.319112 0.112813 0.940979 outer loop vertex 2.88622 -1.97846 3.10047 vertex 3.43832 -2.49809 3.35 vertex 3.78678 -1.92946 3.4 endloop endfacet facet normal -0.319079 0.112851 0.940985 outer loop vertex 3.43832 -2.49809 3.35 vertex 2.88622 -1.97846 3.10047 vertex 2.83101 -2.05685 3.09115 endloop endfacet facet normal -0.852638 0.522502 0 outer loop vertex 3.43832 -2.49809 4.25 vertex 3.78678 -1.92946 3.4 vertex 3.43832 -2.49809 3.35 endloop endfacet facet normal -0.852638 0.522502 0 outer loop vertex 3.78678 -1.92946 3.4 vertex 3.43832 -2.49809 4.25 vertex 3.78678 -1.92946 4.3 endloop endfacet facet normal -0.245385 0.233115 -0.94098 outer loop vertex 3.07324 -1.67368 4.54944 vertex 3.78678 -1.92946 4.3 vertex 3.43832 -2.49809 4.25 endloop endfacet facet normal -0.245376 0.233139 -0.940976 outer loop vertex 3.78678 -1.92946 4.3 vertex 3.08672 -1.64989 4.55182 vertex 3.11762 -1.58851 4.55897 endloop endfacet facet normal -0.245364 0.233166 -0.940973 outer loop vertex 3.78678 -1.92946 4.3 vertex 3.07324 -1.67368 4.54944 vertex 3.08672 -1.64989 4.55182 endloop endfacet facet normal -0.225807 0.242685 -0.943459 outer loop vertex 3.43832 -2.49809 4.25 vertex 3.00205 -1.79936 4.53415 vertex 3.07324 -1.67368 4.54944 endloop endfacet facet normal -0.22584 0.242663 -0.943457 outer loop vertex 3.43832 -2.49809 4.25 vertex 2.91014 -1.9445 4.51882 vertex 3.00205 -1.79936 4.53415 endloop endfacet facet normal -0.225766 0.242734 -0.943456 outer loop vertex 2.91014 -1.9445 4.51882 vertex 3.43832 -2.49809 4.25 vertex 2.83101 -2.05685 4.50885 endloop endfacet facet normal -0.329054 0.0400661 0.943461 outer loop vertex 3.2954 -1.17911 3.18391 vertex 4.04199 -1.31332 3.45 vertex 3.32773 -1.08125 3.19103 endloop endfacet facet normal -0.329069 0.0399808 0.943459 outer loop vertex 3.23358 -1.33939 3.16914 vertex 4.04199 -1.31332 3.45 vertex 3.2954 -1.17911 3.18391 endloop endfacet facet normal -0.32907 0.0400868 0.943454 outer loop vertex 3.16396 -1.49644 3.15153 vertex 4.04199 -1.31332 3.45 vertex 3.23358 -1.33939 3.16914 endloop endfacet facet normal -0.328929 0.0392731 0.943538 outer loop vertex 4.04199 -1.31332 3.45 vertex 3.16396 -1.49644 3.15153 vertex 3.16095 -1.50243 3.15073 endloop endfacet facet normal -0.332831 0.0615002 0.940979 outer loop vertex 3.16095 -1.50243 3.15073 vertex 3.78678 -1.92946 3.4 vertex 4.04199 -1.31332 3.45 endloop endfacet facet normal -0.33283 0.0615012 0.940979 outer loop vertex 3.78678 -1.92946 3.4 vertex 3.16095 -1.50243 3.15073 vertex 3.11762 -1.58851 3.14103 endloop endfacet facet normal -0.923881 0.382679 0 outer loop vertex 3.78678 -1.92946 4.3 vertex 4.04199 -1.31332 3.45 vertex 3.78678 -1.92946 3.4 endloop endfacet facet normal -0.923881 0.382679 0 outer loop vertex 4.04199 -1.31332 3.45 vertex 3.78678 -1.92946 4.3 vertex 4.04199 -1.31332 4.35 endloop endfacet facet normal -0.278837 0.191857 -0.940979 outer loop vertex 3.29751 -1.17275 4.59927 vertex 4.04199 -1.31332 4.35 vertex 3.78678 -1.92946 4.3 endloop endfacet facet normal -0.278839 0.191847 -0.94098 outer loop vertex 4.04199 -1.31332 4.35 vertex 3.29751 -1.17275 4.59927 vertex 3.32773 -1.08125 4.60897 endloop endfacet facet normal -0.260117 0.204985 -0.943568 outer loop vertex 3.78678 -1.92946 4.3 vertex 3.2954 -1.17911 4.59847 vertex 3.29751 -1.17275 4.59927 endloop endfacet facet normal -0.261035 0.204339 -0.943455 outer loop vertex 3.78678 -1.92946 4.3 vertex 3.23358 -1.33939 4.58086 vertex 3.2954 -1.17911 4.59847 endloop endfacet facet normal -0.260959 0.204412 -0.94346 outer loop vertex 3.78678 -1.92946 4.3 vertex 3.16396 -1.49644 4.56609 vertex 3.23358 -1.33939 4.58086 endloop endfacet facet normal -0.261015 0.204333 -0.943461 outer loop vertex 3.16396 -1.49644 4.56609 vertex 3.78678 -1.92946 4.3 vertex 3.11762 -1.58851 4.55897 endloop endfacet facet normal -0.331282 -0.0119972 0.943456 outer loop vertex 3.43275 -0.682816 3.23118 vertex 4.19767 -0.664846 3.5 vertex 3.45624 -0.547414 3.24115 endloop endfacet facet normal -0.331284 -0.0118942 0.943456 outer loop vertex 3.39511 -0.85043 3.21585 vertex 4.19767 -0.664846 3.5 vertex 3.43275 -0.682816 3.23118 endloop endfacet facet normal -0.331271 -0.0119603 0.94346 outer loop vertex 4.19767 -0.664846 3.5 vertex 3.39511 -0.85043 3.21585 vertex 3.35659 -0.989637 3.20056 endloop endfacet facet normal -0.338356 0.0086763 0.940978 outer loop vertex 3.35659 -0.989637 3.20056 vertex 4.04199 -1.31332 3.45 vertex 4.19767 -0.664846 3.5 endloop endfacet facet normal -0.338331 0.00873467 0.940986 outer loop vertex 3.34929 -1.016 3.19818 vertex 4.04199 -1.31332 3.45 vertex 3.35659 -0.989637 3.20056 endloop endfacet facet normal -0.33835 0.00868678 0.94098 outer loop vertex 4.04199 -1.31332 3.45 vertex 3.34929 -1.016 3.19818 vertex 3.32773 -1.08125 3.19103 endloop endfacet facet normal -0.972372 0.233439 0 outer loop vertex 4.04199 -1.31332 4.35 vertex 4.19767 -0.664846 3.5 vertex 4.04199 -1.31332 3.45 endloop endfacet facet normal -0.972372 0.233439 0 outer loop vertex 4.19767 -0.664846 3.5 vertex 4.04199 -1.31332 4.35 vertex 4.19767 -0.664846 4.4 endloop endfacet facet normal -0.30542 0.145876 -0.940978 outer loop vertex 3.43985 -0.641887 4.64953 vertex 4.19767 -0.664846 4.4 vertex 4.04199 -1.31332 4.35 endloop endfacet facet normal -0.305424 0.145818 -0.940985 outer loop vertex 4.19767 -0.664846 4.4 vertex 3.43985 -0.641887 4.64953 vertex 3.45624 -0.547414 4.65885 endloop endfacet facet normal -0.289656 0.161124 -0.943471 outer loop vertex 4.04199 -1.31332 4.35 vertex 3.43275 -0.682816 4.64472 vertex 3.43985 -0.641887 4.64953 endloop endfacet facet normal -0.289742 0.161036 -0.94346 outer loop vertex 4.04199 -1.31332 4.35 vertex 3.39511 -0.85043 4.62767 vertex 3.43275 -0.682816 4.64472 endloop endfacet facet normal -0.289772 0.160993 -0.943458 outer loop vertex 4.04199 -1.31332 4.35 vertex 3.34929 -1.016 4.61349 vertex 3.39511 -0.85043 4.62767 endloop endfacet facet normal -0.28973 0.161088 -0.943455 outer loop vertex 3.34929 -1.016 4.61349 vertex 4.04199 -1.31332 4.35 vertex 3.32773 -1.08125 4.60897 endloop endfacet facet normal -0.32533 -0.0635879 0.94346 outer loop vertex 3.49578 -0.171737 3.27835 vertex 4.25 0 3.55 vertex 3.5 0 3.29138 endloop endfacet facet normal -0.32532 -0.0636322 0.94346 outer loop vertex 3.48315 -0.34306 3.26244 vertex 4.25 0 3.55 vertex 3.49578 -0.171737 3.27835 endloop endfacet facet normal -0.325326 -0.0636189 0.943459 outer loop vertex 4.25 0 3.55 vertex 3.48315 -0.34306 3.26244 vertex 3.46963 -0.452623 3.25039 endloop endfacet facet normal -0.335546 -0.0443559 0.940979 outer loop vertex 3.46963 -0.452623 3.25039 vertex 4.19767 -0.664846 3.5 vertex 4.25 0 3.55 endloop endfacet facet normal -0.335545 -0.0443518 0.940979 outer loop vertex 3.46212 -0.513556 3.24484 vertex 4.19767 -0.664846 3.5 vertex 3.46963 -0.452623 3.25039 endloop endfacet facet normal -0.335533 -0.0442821 0.940987 outer loop vertex 4.19767 -0.664846 3.5 vertex 3.46212 -0.513556 3.24484 vertex 3.45624 -0.547414 3.24115 endloop endfacet facet normal -0.996917 0.0784673 0 outer loop vertex 4.19767 -0.664846 4.4 vertex 4.25 0 3.55 vertex 4.19767 -0.664846 3.5 endloop endfacet facet normal -0.996917 0.0784673 0 outer loop vertex 4.25 0 3.55 vertex 4.19767 -0.664846 4.4 vertex 4.25 0 4.45 endloop endfacet facet normal -0.324475 0.0963061 -0.940979 outer loop vertex 3.49765 -0.0956623 4.69964 vertex 4.25 0 4.45 vertex 4.19767 -0.664846 4.4 endloop endfacet facet normal -0.324475 0.0963024 -0.940979 outer loop vertex 4.25 0 4.45 vertex 3.49765 -0.0956623 4.69964 vertex 3.5 0 4.70862 endloop endfacet facet normal -0.3114 0.113689 -0.943454 outer loop vertex 4.19767 -0.664846 4.4 vertex 3.49578 -0.171737 4.69109 vertex 3.49765 -0.0956623 4.69964 endloop endfacet facet normal -0.311387 0.113709 -0.943456 outer loop vertex 4.19767 -0.664846 4.4 vertex 3.48315 -0.34306 4.67461 vertex 3.49578 -0.171737 4.69109 endloop endfacet facet normal -0.311382 0.11372 -0.943456 outer loop vertex 4.19767 -0.664846 4.4 vertex 3.46212 -0.513556 4.661 vertex 3.48315 -0.34306 4.67461 endloop endfacet facet normal -0.311325 0.113976 -0.943444 outer loop vertex 3.46212 -0.513556 4.661 vertex 4.19767 -0.664846 4.4 vertex 3.45624 -0.547414 4.65885 endloop endfacet facet normal -0.3114 -0.113689 0.943454 outer loop vertex 4.19767 0.664846 3.6 vertex 3.49578 0.171737 3.30891 vertex 3.49765 0.0956623 3.30036 endloop endfacet facet normal -0.311387 -0.113709 0.943456 outer loop vertex 4.19767 0.664846 3.6 vertex 3.48315 0.34306 3.32539 vertex 3.49578 0.171737 3.30891 endloop endfacet facet normal -0.311382 -0.11372 0.943456 outer loop vertex 4.19767 0.664846 3.6 vertex 3.46212 0.513556 3.339 vertex 3.48315 0.34306 3.32539 endloop endfacet facet normal -0.311325 -0.113976 0.943444 outer loop vertex 3.46212 0.513556 3.339 vertex 4.19767 0.664846 3.6 vertex 3.45624 0.547414 3.34115 endloop endfacet facet normal -0.324475 -0.0963061 0.940979 outer loop vertex 3.49765 0.0956623 3.30036 vertex 4.25 0 3.55 vertex 4.19767 0.664846 3.6 endloop endfacet facet normal -0.324475 -0.0963024 0.940979 outer loop vertex 4.25 0 3.55 vertex 3.49765 0.0956623 3.30036 vertex 3.5 0 3.29138 endloop endfacet facet normal -0.996917 -0.0784673 -0 outer loop vertex 4.25 0 4.45 vertex 4.19767 0.664846 3.6 vertex 4.25 0 3.55 endloop endfacet facet normal -0.996917 -0.0784673 0 outer loop vertex 4.19767 0.664846 3.6 vertex 4.25 0 4.45 vertex 4.19767 0.664846 4.5 endloop endfacet facet normal -0.335546 0.0443559 -0.940979 outer loop vertex 3.46963 0.452623 4.74961 vertex 4.19767 0.664846 4.5 vertex 4.25 0 4.45 endloop endfacet facet normal -0.335545 0.0443518 -0.940979 outer loop vertex 3.46212 0.513556 4.75516 vertex 4.19767 0.664846 4.5 vertex 3.46963 0.452623 4.74961 endloop endfacet facet normal -0.335533 0.0442821 -0.940987 outer loop vertex 4.19767 0.664846 4.5 vertex 3.46212 0.513556 4.75516 vertex 3.45624 0.547414 4.75885 endloop endfacet facet normal -0.32533 0.0635879 -0.94346 outer loop vertex 3.49578 0.171737 4.72165 vertex 4.25 0 4.45 vertex 3.5 0 4.70862 endloop endfacet facet normal -0.32532 0.0636322 -0.94346 outer loop vertex 3.48315 0.34306 4.73756 vertex 4.25 0 4.45 vertex 3.49578 0.171737 4.72165 endloop endfacet facet normal -0.325326 0.0636189 -0.943459 outer loop vertex 4.25 0 4.45 vertex 3.48315 0.34306 4.73756 vertex 3.46963 0.452623 4.74961 endloop endfacet facet normal -0.289656 -0.161124 0.943471 outer loop vertex 4.04199 1.31332 3.65 vertex 3.43275 0.682816 3.35528 vertex 3.43985 0.641887 3.35047 endloop endfacet facet normal -0.289742 -0.161036 0.94346 outer loop vertex 4.04199 1.31332 3.65 vertex 3.39511 0.85043 3.37233 vertex 3.43275 0.682816 3.35528 endloop endfacet facet normal -0.289772 -0.160993 0.943458 outer loop vertex 4.04199 1.31332 3.65 vertex 3.34929 1.016 3.38651 vertex 3.39511 0.85043 3.37233 endloop endfacet facet normal -0.28973 -0.161088 0.943455 outer loop vertex 3.34929 1.016 3.38651 vertex 4.04199 1.31332 3.65 vertex 3.32773 1.08125 3.39103 endloop endfacet facet normal -0.30542 -0.145876 0.940978 outer loop vertex 3.43985 0.641887 3.35047 vertex 4.19767 0.664846 3.6 vertex 4.04199 1.31332 3.65 endloop endfacet facet normal -0.305424 -0.145818 0.940985 outer loop vertex 4.19767 0.664846 3.6 vertex 3.43985 0.641887 3.35047 vertex 3.45624 0.547414 3.34115 endloop endfacet facet normal -0.972372 -0.233439 -0 outer loop vertex 4.19767 0.664846 4.5 vertex 4.04199 1.31332 3.65 vertex 4.19767 0.664846 3.6 endloop endfacet facet normal -0.972372 -0.233439 0 outer loop vertex 4.04199 1.31332 3.65 vertex 4.19767 0.664846 4.5 vertex 4.04199 1.31332 4.55 endloop endfacet facet normal -0.338356 -0.0086763 -0.940978 outer loop vertex 3.35659 0.989637 4.79944 vertex 4.04199 1.31332 4.55 vertex 4.19767 0.664846 4.5 endloop endfacet facet normal -0.338331 -0.00873467 -0.940986 outer loop vertex 3.34929 1.016 4.80182 vertex 4.04199 1.31332 4.55 vertex 3.35659 0.989637 4.79944 endloop endfacet facet normal -0.33835 -0.00868678 -0.94098 outer loop vertex 4.04199 1.31332 4.55 vertex 3.34929 1.016 4.80182 vertex 3.32773 1.08125 4.80897 endloop endfacet facet normal -0.331282 0.0119972 -0.943456 outer loop vertex 3.43275 0.682816 4.76882 vertex 4.19767 0.664846 4.5 vertex 3.45624 0.547414 4.75885 endloop endfacet facet normal -0.331284 0.0118942 -0.943456 outer loop vertex 3.39511 0.85043 4.78415 vertex 4.19767 0.664846 4.5 vertex 3.43275 0.682816 4.76882 endloop endfacet facet normal -0.331271 0.0119603 -0.94346 outer loop vertex 4.19767 0.664846 4.5 vertex 3.39511 0.85043 4.78415 vertex 3.35659 0.989637 4.79944 endloop endfacet facet normal -0.260117 -0.204985 0.943568 outer loop vertex 3.78678 1.92946 3.7 vertex 3.2954 1.17911 3.40153 vertex 3.29751 1.17275 3.40073 endloop endfacet facet normal -0.261035 -0.204339 0.943455 outer loop vertex 3.78678 1.92946 3.7 vertex 3.23358 1.33939 3.41914 vertex 3.2954 1.17911 3.40153 endloop endfacet facet normal -0.260959 -0.204412 0.94346 outer loop vertex 3.78678 1.92946 3.7 vertex 3.16396 1.49644 3.43391 vertex 3.23358 1.33939 3.41914 endloop endfacet facet normal -0.261015 -0.204333 0.943461 outer loop vertex 3.16396 1.49644 3.43391 vertex 3.78678 1.92946 3.7 vertex 3.11762 1.58851 3.44103 endloop endfacet facet normal -0.278837 -0.191857 0.940979 outer loop vertex 3.29751 1.17275 3.40073 vertex 4.04199 1.31332 3.65 vertex 3.78678 1.92946 3.7 endloop endfacet facet normal -0.278839 -0.191847 0.94098 outer loop vertex 4.04199 1.31332 3.65 vertex 3.29751 1.17275 3.40073 vertex 3.32773 1.08125 3.39103 endloop endfacet facet normal -0.923881 -0.382679 -0 outer loop vertex 4.04199 1.31332 4.55 vertex 3.78678 1.92946 3.7 vertex 4.04199 1.31332 3.65 endloop endfacet facet normal -0.923881 -0.382679 0 outer loop vertex 3.78678 1.92946 3.7 vertex 4.04199 1.31332 4.55 vertex 3.78678 1.92946 4.6 endloop endfacet facet normal -0.332831 -0.0615002 -0.940979 outer loop vertex 3.16095 1.50243 4.84927 vertex 3.78678 1.92946 4.6 vertex 4.04199 1.31332 4.55 endloop endfacet facet normal -0.33283 -0.0615012 -0.940979 outer loop vertex 3.78678 1.92946 4.6 vertex 3.16095 1.50243 4.84927 vertex 3.11762 1.58851 4.85897 endloop endfacet facet normal -0.329054 -0.0400661 -0.943461 outer loop vertex 3.2954 1.17911 4.81609 vertex 4.04199 1.31332 4.55 vertex 3.32773 1.08125 4.80897 endloop endfacet facet normal -0.329069 -0.0399808 -0.943459 outer loop vertex 3.23358 1.33939 4.83086 vertex 4.04199 1.31332 4.55 vertex 3.2954 1.17911 4.81609 endloop endfacet facet normal -0.32907 -0.0400868 -0.943454 outer loop vertex 3.16396 1.49644 4.84847 vertex 4.04199 1.31332 4.55 vertex 3.23358 1.33939 4.83086 endloop endfacet facet normal -0.328929 -0.0392731 -0.943538 outer loop vertex 4.04199 1.31332 4.55 vertex 3.16396 1.49644 4.84847 vertex 3.16095 1.50243 4.84927 endloop endfacet facet normal -0.225807 -0.242685 0.943459 outer loop vertex 3.43832 2.49809 3.75 vertex 3.00205 1.79936 3.46585 vertex 3.07324 1.67368 3.45056 endloop endfacet facet normal -0.22584 -0.242663 0.943457 outer loop vertex 3.43832 2.49809 3.75 vertex 2.91014 1.9445 3.48118 vertex 3.00205 1.79936 3.46585 endloop endfacet facet normal -0.225766 -0.242734 0.943456 outer loop vertex 2.91014 1.9445 3.48118 vertex 3.43832 2.49809 3.75 vertex 2.83101 2.05685 3.49115 endloop endfacet facet normal -0.245385 -0.233115 0.94098 outer loop vertex 3.07324 1.67368 3.45056 vertex 3.78678 1.92946 3.7 vertex 3.43832 2.49809 3.75 endloop endfacet facet normal -0.245376 -0.233139 0.940976 outer loop vertex 3.78678 1.92946 3.7 vertex 3.08672 1.64989 3.44818 vertex 3.11762 1.58851 3.44103 endloop endfacet facet normal -0.245364 -0.233166 0.940973 outer loop vertex 3.78678 1.92946 3.7 vertex 3.07324 1.67368 3.45056 vertex 3.08672 1.64989 3.44818 endloop endfacet facet normal -0.852638 -0.522502 -0 outer loop vertex 3.78678 1.92946 4.6 vertex 3.43832 2.49809 3.75 vertex 3.78678 1.92946 3.7 endloop endfacet facet normal -0.852638 -0.522502 0 outer loop vertex 3.43832 2.49809 3.75 vertex 3.78678 1.92946 4.6 vertex 3.43832 2.49809 4.65 endloop endfacet facet normal -0.319112 -0.112813 -0.940979 outer loop vertex 2.88622 1.97846 4.89953 vertex 3.43832 2.49809 4.65 vertex 3.78678 1.92946 4.6 endloop endfacet facet normal -0.319079 -0.112851 -0.940985 outer loop vertex 3.43832 2.49809 4.65 vertex 2.88622 1.97846 4.89953 vertex 2.83101 2.05685 4.90885 endloop endfacet facet normal -0.318761 -0.0909953 -0.943457 outer loop vertex 3.08672 1.64989 4.86349 vertex 3.78678 1.92946 4.6 vertex 3.11762 1.58851 4.85897 endloop endfacet facet normal -0.31874 -0.0910512 -0.943459 outer loop vertex 3.00205 1.79936 4.87767 vertex 3.78678 1.92946 4.6 vertex 3.08672 1.64989 4.86349 endloop endfacet facet normal -0.318746 -0.0910152 -0.94346 outer loop vertex 2.91014 1.9445 4.89472 vertex 3.78678 1.92946 4.6 vertex 3.00205 1.79936 4.87767 endloop endfacet facet normal -0.318748 -0.0908818 -0.943472 outer loop vertex 3.78678 1.92946 4.6 vertex 2.91014 1.9445 4.89472 vertex 2.88622 1.97846 4.89953 endloop endfacet facet normal -0.185054 -0.275028 0.943459 outer loop vertex 3.0052 3.0052 3.8 vertex 2.70554 2.22038 3.51244 vertex 2.77345 2.13335 3.50039 endloop endfacet facet normal -0.185056 -0.275027 0.943459 outer loop vertex 3.0052 3.0052 3.8 vertex 2.59333 2.35046 3.52835 vertex 2.70554 2.22038 3.51244 endloop endfacet facet normal -0.185062 -0.275024 0.943459 outer loop vertex 2.59333 2.35046 3.52835 vertex 3.0052 3.0052 3.8 vertex 2.47487 2.47487 3.54138 endloop endfacet facet normal -0.205898 -0.268635 0.940979 outer loop vertex 2.77345 2.13335 3.50039 vertex 3.43832 2.49809 3.75 vertex 3.0052 3.0052 3.8 endloop endfacet facet normal -0.205961 -0.268546 0.94099 outer loop vertex 3.43832 2.49809 3.75 vertex 2.81123 2.08495 3.49484 vertex 2.83101 2.05685 3.49115 endloop endfacet facet normal -0.205904 -0.268626 0.94098 outer loop vertex 3.43832 2.49809 3.75 vertex 2.77345 2.13335 3.50039 vertex 2.81123 2.08495 3.49484 endloop endfacet facet normal -0.760401 -0.649454 -0 outer loop vertex 3.43832 2.49809 4.65 vertex 3.0052 3.0052 3.8 vertex 3.43832 2.49809 3.75 endloop endfacet facet normal -0.760401 -0.649454 0 outer loop vertex 3.0052 3.0052 3.8 vertex 3.43832 2.49809 4.65 vertex 3.0052 3.0052 4.7 endloop endfacet facet normal -0.297536 -0.161346 -0.940978 outer loop vertex 2.54086 2.40557 4.94964 vertex 3.0052 3.0052 4.7 vertex 3.43832 2.49809 4.65 endloop endfacet facet normal -0.297511 -0.161367 -0.940982 outer loop vertex 3.0052 3.0052 4.7 vertex 2.54086 2.40557 4.94964 vertex 2.47487 2.47487 4.95862 endloop endfacet facet normal -0.300751 -0.139518 -0.943442 outer loop vertex 2.81123 2.08495 4.911 vertex 3.43832 2.49809 4.65 vertex 2.83101 2.05685 4.90885 endloop endfacet facet normal -0.300591 -0.13977 -0.943456 outer loop vertex 2.70554 2.22038 4.92461 vertex 3.43832 2.49809 4.65 vertex 2.81123 2.08495 4.911 endloop endfacet facet normal -0.300591 -0.139769 -0.943456 outer loop vertex 2.59333 2.35046 4.94109 vertex 3.43832 2.49809 4.65 vertex 2.70554 2.22038 4.92461 endloop endfacet facet normal -0.300582 -0.139812 -0.943453 outer loop vertex 3.43832 2.49809 4.65 vertex 2.59333 2.35046 4.94109 vertex 2.54086 2.40557 4.94964 endloop endfacet facet normal -0.139812 -0.300582 0.943453 outer loop vertex 2.49809 3.43832 3.85 vertex 2.35046 2.59333 3.55891 vertex 2.40557 2.54086 3.55036 endloop endfacet facet normal -0.139769 -0.300591 0.943456 outer loop vertex 2.49809 3.43832 3.85 vertex 2.22038 2.70554 3.57539 vertex 2.35046 2.59333 3.55891 endloop endfacet facet normal -0.13977 -0.300591 0.943456 outer loop vertex 2.49809 3.43832 3.85 vertex 2.08495 2.81123 3.589 vertex 2.22038 2.70554 3.57539 endloop endfacet facet normal -0.139518 -0.300751 0.943442 outer loop vertex 2.08495 2.81123 3.589 vertex 2.49809 3.43832 3.85 vertex 2.05685 2.83101 3.59115 endloop endfacet facet normal -0.161346 -0.297536 0.940978 outer loop vertex 2.40557 2.54086 3.55036 vertex 3.0052 3.0052 3.8 vertex 2.49809 3.43832 3.85 endloop endfacet facet normal -0.161367 -0.297511 0.940982 outer loop vertex 3.0052 3.0052 3.8 vertex 2.40557 2.54086 3.55036 vertex 2.47487 2.47487 3.54138 endloop endfacet facet normal -0.649454 -0.760401 0 outer loop vertex 2.49809 3.43832 3.85 vertex 3.0052 3.0052 4.7 vertex 2.49809 3.43832 4.75 endloop endfacet facet normal -0.649454 -0.760401 -0 outer loop vertex 3.0052 3.0052 4.7 vertex 2.49809 3.43832 3.85 vertex 3.0052 3.0052 3.8 endloop endfacet facet normal -0.268635 -0.205898 -0.940979 outer loop vertex 2.13335 2.77345 4.99961 vertex 2.49809 3.43832 4.75 vertex 3.0052 3.0052 4.7 endloop endfacet facet normal -0.268626 -0.205904 -0.94098 outer loop vertex 2.08495 2.81123 5.00516 vertex 2.49809 3.43832 4.75 vertex 2.13335 2.77345 4.99961 endloop endfacet facet normal -0.268546 -0.205961 -0.94099 outer loop vertex 2.49809 3.43832 4.75 vertex 2.08495 2.81123 5.00516 vertex 2.05685 2.83101 5.00885 endloop endfacet facet normal -0.275024 -0.185062 -0.943459 outer loop vertex 2.35046 2.59333 4.97165 vertex 3.0052 3.0052 4.7 vertex 2.47487 2.47487 4.95862 endloop endfacet facet normal -0.275027 -0.185056 -0.943459 outer loop vertex 2.22038 2.70554 4.98756 vertex 3.0052 3.0052 4.7 vertex 2.35046 2.59333 4.97165 endloop endfacet facet normal -0.275028 -0.185054 -0.943459 outer loop vertex 3.0052 3.0052 4.7 vertex 2.22038 2.70554 4.98756 vertex 2.13335 2.77345 4.99961 endloop endfacet facet normal -0.0908818 -0.318748 0.943472 outer loop vertex 1.92946 3.78678 3.9 vertex 1.9445 2.91014 3.60528 vertex 1.97846 2.88622 3.60047 endloop endfacet facet normal -0.0910152 -0.318746 0.94346 outer loop vertex 1.92946 3.78678 3.9 vertex 1.79936 3.00205 3.62233 vertex 1.9445 2.91014 3.60528 endloop endfacet facet normal -0.0910512 -0.31874 0.943459 outer loop vertex 1.92946 3.78678 3.9 vertex 1.64989 3.08672 3.63651 vertex 1.79936 3.00205 3.62233 endloop endfacet facet normal -0.0909953 -0.318761 0.943457 outer loop vertex 1.64989 3.08672 3.63651 vertex 1.92946 3.78678 3.9 vertex 1.58851 3.11762 3.64103 endloop endfacet facet normal -0.112851 -0.319079 0.940985 outer loop vertex 2.49809 3.43832 3.85 vertex 1.97846 2.88622 3.60047 vertex 2.05685 2.83101 3.59115 endloop endfacet facet normal -0.112813 -0.319112 0.940979 outer loop vertex 1.97846 2.88622 3.60047 vertex 2.49809 3.43832 3.85 vertex 1.92946 3.78678 3.9 endloop endfacet facet normal -0.522502 -0.852638 0 outer loop vertex 1.92946 3.78678 3.9 vertex 2.49809 3.43832 4.75 vertex 1.92946 3.78678 4.8 endloop endfacet facet normal -0.522502 -0.852638 -0 outer loop vertex 2.49809 3.43832 4.75 vertex 1.92946 3.78678 3.9 vertex 2.49809 3.43832 3.85 endloop endfacet facet normal -0.233115 -0.245385 -0.94098 outer loop vertex 1.67368 3.07324 5.04944 vertex 1.92946 3.78678 4.8 vertex 2.49809 3.43832 4.75 endloop endfacet facet normal -0.233166 -0.245364 -0.940973 outer loop vertex 1.64989 3.08672 5.05182 vertex 1.92946 3.78678 4.8 vertex 1.67368 3.07324 5.04944 endloop endfacet facet normal -0.233139 -0.245376 -0.940976 outer loop vertex 1.92946 3.78678 4.8 vertex 1.64989 3.08672 5.05182 vertex 1.58851 3.11762 5.05897 endloop endfacet facet normal -0.242734 -0.225766 -0.943456 outer loop vertex 1.9445 2.91014 5.01882 vertex 2.49809 3.43832 4.75 vertex 2.05685 2.83101 5.00885 endloop endfacet facet normal -0.242663 -0.22584 -0.943457 outer loop vertex 1.79936 3.00205 5.03415 vertex 2.49809 3.43832 4.75 vertex 1.9445 2.91014 5.01882 endloop endfacet facet normal -0.242685 -0.225807 -0.943459 outer loop vertex 2.49809 3.43832 4.75 vertex 1.79936 3.00205 5.03415 vertex 1.67368 3.07324 5.04944 endloop endfacet facet normal -0.0392731 -0.328929 0.943538 outer loop vertex 1.31332 4.04199 3.95 vertex 1.49644 3.16396 3.65153 vertex 1.50243 3.16095 3.65073 endloop endfacet facet normal -0.0400868 -0.32907 0.943454 outer loop vertex 1.31332 4.04199 3.95 vertex 1.33939 3.23358 3.66914 vertex 1.49644 3.16396 3.65153 endloop endfacet facet normal -0.0399808 -0.329069 0.943459 outer loop vertex 1.31332 4.04199 3.95 vertex 1.17911 3.2954 3.68391 vertex 1.33939 3.23358 3.66914 endloop endfacet facet normal -0.0400661 -0.329054 0.943461 outer loop vertex 1.17911 3.2954 3.68391 vertex 1.31332 4.04199 3.95 vertex 1.08125 3.32773 3.69103 endloop endfacet facet normal -0.0615012 -0.33283 0.940979 outer loop vertex 1.92946 3.78678 3.9 vertex 1.50243 3.16095 3.65073 vertex 1.58851 3.11762 3.64103 endloop endfacet facet normal -0.0615002 -0.332831 0.940979 outer loop vertex 1.50243 3.16095 3.65073 vertex 1.92946 3.78678 3.9 vertex 1.31332 4.04199 3.95 endloop endfacet facet normal -0.382679 -0.923881 0 outer loop vertex 1.31332 4.04199 3.95 vertex 1.92946 3.78678 4.8 vertex 1.31332 4.04199 4.85 endloop endfacet facet normal -0.382679 -0.923881 -0 outer loop vertex 1.92946 3.78678 4.8 vertex 1.31332 4.04199 3.95 vertex 1.92946 3.78678 3.9 endloop endfacet facet normal -0.191857 -0.278837 -0.940979 outer loop vertex 1.17275 3.29751 5.09927 vertex 1.31332 4.04199 4.85 vertex 1.92946 3.78678 4.8 endloop endfacet facet normal -0.191847 -0.278839 -0.94098 outer loop vertex 1.31332 4.04199 4.85 vertex 1.17275 3.29751 5.09927 vertex 1.08125 3.32773 5.10897 endloop endfacet facet normal -0.204333 -0.261015 -0.943461 outer loop vertex 1.49644 3.16396 5.06609 vertex 1.92946 3.78678 4.8 vertex 1.58851 3.11762 5.05897 endloop endfacet facet normal -0.204412 -0.260959 -0.94346 outer loop vertex 1.33939 3.23358 5.08086 vertex 1.92946 3.78678 4.8 vertex 1.49644 3.16396 5.06609 endloop endfacet facet normal -0.204339 -0.261035 -0.943455 outer loop vertex 1.17911 3.2954 5.09847 vertex 1.92946 3.78678 4.8 vertex 1.33939 3.23358 5.08086 endloop endfacet facet normal -0.204985 -0.260117 -0.943568 outer loop vertex 1.92946 3.78678 4.8 vertex 1.17911 3.2954 5.09847 vertex 1.17275 3.29751 5.09927 endloop endfacet facet normal 0.0119603 -0.331271 0.94346 outer loop vertex 0.664846 4.19767 4 vertex 0.85043 3.39511 3.71585 vertex 0.989637 3.35659 3.70056 endloop endfacet facet normal 0.0118942 -0.331284 0.943456 outer loop vertex 0.664846 4.19767 4 vertex 0.682816 3.43275 3.73118 vertex 0.85043 3.39511 3.71585 endloop endfacet facet normal 0.0119972 -0.331282 0.943456 outer loop vertex 0.682816 3.43275 3.73118 vertex 0.664846 4.19767 4 vertex 0.547414 3.45624 3.74115 endloop endfacet facet normal -0.00868678 -0.33835 0.94098 outer loop vertex 1.31332 4.04199 3.95 vertex 1.016 3.34929 3.69818 vertex 1.08125 3.32773 3.69103 endloop endfacet facet normal -0.00873467 -0.338331 0.940986 outer loop vertex 1.31332 4.04199 3.95 vertex 0.989637 3.35659 3.70056 vertex 1.016 3.34929 3.69818 endloop endfacet facet normal -0.0086763 -0.338356 0.940978 outer loop vertex 0.989637 3.35659 3.70056 vertex 1.31332 4.04199 3.95 vertex 0.664846 4.19767 4 endloop endfacet facet normal -0.233439 -0.972372 0 outer loop vertex 0.664846 4.19767 4 vertex 1.31332 4.04199 4.85 vertex 0.664846 4.19767 4.9 endloop endfacet facet normal -0.233439 -0.972372 -0 outer loop vertex 1.31332 4.04199 4.85 vertex 0.664846 4.19767 4 vertex 1.31332 4.04199 3.95 endloop endfacet facet normal -0.145876 -0.30542 -0.940978 outer loop vertex 0.641887 3.43985 5.14953 vertex 0.664846 4.19767 4.9 vertex 1.31332 4.04199 4.85 endloop endfacet facet normal -0.145818 -0.305424 -0.940985 outer loop vertex 0.664846 4.19767 4.9 vertex 0.641887 3.43985 5.14953 vertex 0.547414 3.45624 5.15885 endloop endfacet facet normal -0.161088 -0.28973 -0.943455 outer loop vertex 1.016 3.34929 5.11349 vertex 1.31332 4.04199 4.85 vertex 1.08125 3.32773 5.10897 endloop endfacet facet normal -0.160993 -0.289772 -0.943458 outer loop vertex 0.85043 3.39511 5.12767 vertex 1.31332 4.04199 4.85 vertex 1.016 3.34929 5.11349 endloop endfacet facet normal -0.161036 -0.289742 -0.94346 outer loop vertex 0.682816 3.43275 5.14472 vertex 1.31332 4.04199 4.85 vertex 0.85043 3.39511 5.12767 endloop endfacet facet normal -0.161124 -0.289656 -0.943471 outer loop vertex 1.31332 4.04199 4.85 vertex 0.682816 3.43275 5.14472 vertex 0.641887 3.43985 5.14953 endloop endfacet facet normal 0.0636189 -0.325326 0.943459 outer loop vertex 0 4.25 4.05 vertex 0.34306 3.48315 3.76244 vertex 0.452623 3.46963 3.75039 endloop endfacet facet normal 0.0636322 -0.32532 0.94346 outer loop vertex 0 4.25 4.05 vertex 0.171737 3.49578 3.77835 vertex 0.34306 3.48315 3.76244 endloop endfacet facet normal 0.0635879 -0.32533 0.94346 outer loop vertex 0.171737 3.49578 3.77835 vertex 0 4.25 4.05 vertex 0 3.5 3.79138 endloop endfacet facet normal 0.0442821 -0.335533 0.940987 outer loop vertex 0.664846 4.19767 4 vertex 0.513556 3.46212 3.74484 vertex 0.547414 3.45624 3.74115 endloop endfacet facet normal 0.0443518 -0.335545 0.940979 outer loop vertex 0.664846 4.19767 4 vertex 0.452623 3.46963 3.75039 vertex 0.513556 3.46212 3.74484 endloop endfacet facet normal 0.0443559 -0.335546 0.940979 outer loop vertex 0.452623 3.46963 3.75039 vertex 0.664846 4.19767 4 vertex 0 4.25 4.05 endloop endfacet facet normal -0.0784673 -0.996917 0 outer loop vertex 0 4.25 4.05 vertex 0.664846 4.19767 4.9 vertex 0 4.25 4.95 endloop endfacet facet normal -0.0784673 -0.996917 -0 outer loop vertex 0.664846 4.19767 4.9 vertex 0 4.25 4.05 vertex 0.664846 4.19767 4 endloop endfacet facet normal -0.0963024 -0.324475 -0.940979 outer loop vertex 0 4.25 4.95 vertex 0.0956623 3.49765 5.19964 vertex 0 3.5 5.20862 endloop endfacet facet normal -0.0963061 -0.324475 -0.940979 outer loop vertex 0.0956623 3.49765 5.19964 vertex 0 4.25 4.95 vertex 0.664846 4.19767 4.9 endloop endfacet facet normal -0.113976 -0.311325 -0.943444 outer loop vertex 0.513556 3.46212 5.161 vertex 0.664846 4.19767 4.9 vertex 0.547414 3.45624 5.15885 endloop endfacet facet normal -0.11372 -0.311382 -0.943456 outer loop vertex 0.34306 3.48315 5.17461 vertex 0.664846 4.19767 4.9 vertex 0.513556 3.46212 5.161 endloop endfacet facet normal -0.113709 -0.311387 -0.943456 outer loop vertex 0.171737 3.49578 5.19109 vertex 0.664846 4.19767 4.9 vertex 0.34306 3.48315 5.17461 endloop endfacet facet normal -0.113689 -0.3114 -0.943454 outer loop vertex 0.664846 4.19767 4.9 vertex 0.171737 3.49578 5.19109 vertex 0.0956623 3.49765 5.19964 endloop endfacet facet normal 0.113976 -0.311325 0.943444 outer loop vertex -0.513556 3.46212 3.839 vertex -0.664846 4.19767 4.1 vertex -0.547414 3.45624 3.84115 endloop endfacet facet normal 0.11372 -0.311382 0.943456 outer loop vertex -0.34306 3.48315 3.82539 vertex -0.664846 4.19767 4.1 vertex -0.513556 3.46212 3.839 endloop endfacet facet normal 0.113709 -0.311387 0.943456 outer loop vertex -0.171737 3.49578 3.80891 vertex -0.664846 4.19767 4.1 vertex -0.34306 3.48315 3.82539 endloop endfacet facet normal 0.113689 -0.3114 0.943454 outer loop vertex -0.664846 4.19767 4.1 vertex -0.171737 3.49578 3.80891 vertex -0.0956623 3.49765 3.80036 endloop endfacet facet normal 0.0963024 -0.324475 0.940979 outer loop vertex 0 4.25 4.05 vertex -0.0956623 3.49765 3.80036 vertex 0 3.5 3.79138 endloop endfacet facet normal 0.0963061 -0.324475 0.940979 outer loop vertex -0.0956623 3.49765 3.80036 vertex 0 4.25 4.05 vertex -0.664846 4.19767 4.1 endloop endfacet facet normal 0.0784673 -0.996917 0 outer loop vertex -0.664846 4.19767 4.1 vertex 0 4.25 4.95 vertex -0.664846 4.19767 5 endloop endfacet facet normal 0.0784673 -0.996917 0 outer loop vertex 0 4.25 4.95 vertex -0.664846 4.19767 4.1 vertex 0 4.25 4.05 endloop endfacet facet normal -0.0443518 -0.335545 -0.940979 outer loop vertex -0.664846 4.19767 5 vertex -0.452623 3.46963 5.24961 vertex -0.513556 3.46212 5.25516 endloop endfacet facet normal -0.0442821 -0.335533 -0.940987 outer loop vertex -0.664846 4.19767 5 vertex -0.513556 3.46212 5.25516 vertex -0.547414 3.45624 5.25885 endloop endfacet facet normal -0.0443559 -0.335546 -0.940979 outer loop vertex -0.452623 3.46963 5.24961 vertex -0.664846 4.19767 5 vertex 0 4.25 4.95 endloop endfacet facet normal -0.0635879 -0.32533 -0.94346 outer loop vertex -0.171737 3.49578 5.22165 vertex 0 4.25 4.95 vertex 0 3.5 5.20862 endloop endfacet facet normal -0.0636322 -0.32532 -0.94346 outer loop vertex -0.34306 3.48315 5.23756 vertex 0 4.25 4.95 vertex -0.171737 3.49578 5.22165 endloop endfacet facet normal -0.0636189 -0.325326 -0.943459 outer loop vertex 0 4.25 4.95 vertex -0.34306 3.48315 5.23756 vertex -0.452623 3.46963 5.24961 endloop endfacet facet normal 0.161088 -0.28973 0.943455 outer loop vertex -1.016 3.34929 3.88651 vertex -1.31332 4.04199 4.15 vertex -1.08125 3.32773 3.89103 endloop endfacet facet normal 0.160993 -0.289772 0.943458 outer loop vertex -0.85043 3.39511 3.87233 vertex -1.31332 4.04199 4.15 vertex -1.016 3.34929 3.88651 endloop endfacet facet normal 0.161036 -0.289742 0.94346 outer loop vertex -0.682816 3.43275 3.85528 vertex -1.31332 4.04199 4.15 vertex -0.85043 3.39511 3.87233 endloop endfacet facet normal 0.161124 -0.289656 0.943471 outer loop vertex -1.31332 4.04199 4.15 vertex -0.682816 3.43275 3.85528 vertex -0.641887 3.43985 3.85047 endloop endfacet facet normal 0.145818 -0.305424 0.940985 outer loop vertex -0.664846 4.19767 4.1 vertex -0.641887 3.43985 3.85047 vertex -0.547414 3.45624 3.84115 endloop endfacet facet normal 0.145876 -0.30542 0.940978 outer loop vertex -0.641887 3.43985 3.85047 vertex -0.664846 4.19767 4.1 vertex -1.31332 4.04199 4.15 endloop endfacet facet normal 0.233439 -0.972372 0 outer loop vertex -1.31332 4.04199 4.15 vertex -0.664846 4.19767 5 vertex -1.31332 4.04199 5.05 endloop endfacet facet normal 0.233439 -0.972372 0 outer loop vertex -0.664846 4.19767 5 vertex -1.31332 4.04199 4.15 vertex -0.664846 4.19767 4.1 endloop endfacet facet normal 0.00873467 -0.338331 -0.940986 outer loop vertex -1.31332 4.04199 5.05 vertex -0.989637 3.35659 5.29944 vertex -1.016 3.34929 5.30182 endloop endfacet facet normal 0.00868678 -0.33835 -0.94098 outer loop vertex -1.31332 4.04199 5.05 vertex -1.016 3.34929 5.30182 vertex -1.08125 3.32773 5.30897 endloop endfacet facet normal 0.0086763 -0.338356 -0.940978 outer loop vertex -0.989637 3.35659 5.29944 vertex -1.31332 4.04199 5.05 vertex -0.664846 4.19767 5 endloop endfacet facet normal -0.0119972 -0.331282 -0.943456 outer loop vertex -0.682816 3.43275 5.26882 vertex -0.664846 4.19767 5 vertex -0.547414 3.45624 5.25885 endloop endfacet facet normal -0.0118942 -0.331284 -0.943456 outer loop vertex -0.85043 3.39511 5.28415 vertex -0.664846 4.19767 5 vertex -0.682816 3.43275 5.26882 endloop endfacet facet normal -0.0119603 -0.331271 -0.94346 outer loop vertex -0.664846 4.19767 5 vertex -0.85043 3.39511 5.28415 vertex -0.989637 3.35659 5.29944 endloop endfacet facet normal 0.204333 -0.261015 0.943461 outer loop vertex -1.49644 3.16396 3.93391 vertex -1.92946 3.78678 4.2 vertex -1.58851 3.11762 3.94103 endloop endfacet facet normal 0.204412 -0.260959 0.94346 outer loop vertex -1.33939 3.23358 3.91914 vertex -1.92946 3.78678 4.2 vertex -1.49644 3.16396 3.93391 endloop endfacet facet normal 0.204339 -0.261035 0.943455 outer loop vertex -1.17911 3.2954 3.90153 vertex -1.92946 3.78678 4.2 vertex -1.33939 3.23358 3.91914 endloop endfacet facet normal 0.204985 -0.260117 0.943568 outer loop vertex -1.92946 3.78678 4.2 vertex -1.17911 3.2954 3.90153 vertex -1.17275 3.29751 3.90073 endloop endfacet facet normal 0.191847 -0.278839 0.94098 outer loop vertex -1.31332 4.04199 4.15 vertex -1.17275 3.29751 3.90073 vertex -1.08125 3.32773 3.89103 endloop endfacet facet normal 0.191857 -0.278837 0.940979 outer loop vertex -1.17275 3.29751 3.90073 vertex -1.31332 4.04199 4.15 vertex -1.92946 3.78678 4.2 endloop endfacet facet normal 0.382679 -0.923881 0 outer loop vertex -1.92946 3.78678 4.2 vertex -1.31332 4.04199 5.05 vertex -1.92946 3.78678 5.1 endloop endfacet facet normal 0.382679 -0.923881 0 outer loop vertex -1.31332 4.04199 5.05 vertex -1.92946 3.78678 4.2 vertex -1.31332 4.04199 4.15 endloop endfacet facet normal 0.0615012 -0.33283 -0.940979 outer loop vertex -1.92946 3.78678 5.1 vertex -1.50243 3.16095 5.34927 vertex -1.58851 3.11762 5.35897 endloop endfacet facet normal 0.0615002 -0.332831 -0.940979 outer loop vertex -1.50243 3.16095 5.34927 vertex -1.92946 3.78678 5.1 vertex -1.31332 4.04199 5.05 endloop endfacet facet normal 0.0400661 -0.329054 -0.943461 outer loop vertex -1.17911 3.2954 5.31609 vertex -1.31332 4.04199 5.05 vertex -1.08125 3.32773 5.30897 endloop endfacet facet normal 0.0399808 -0.329069 -0.943459 outer loop vertex -1.33939 3.23358 5.33086 vertex -1.31332 4.04199 5.05 vertex -1.17911 3.2954 5.31609 endloop endfacet facet normal 0.0400868 -0.32907 -0.943454 outer loop vertex -1.49644 3.16396 5.34847 vertex -1.31332 4.04199 5.05 vertex -1.33939 3.23358 5.33086 endloop endfacet facet normal 0.0392731 -0.328929 -0.943538 outer loop vertex -1.31332 4.04199 5.05 vertex -1.49644 3.16396 5.34847 vertex -1.50243 3.16095 5.34927 endloop endfacet facet normal 0.242734 -0.225766 0.943456 outer loop vertex -1.9445 2.91014 3.98118 vertex -2.49809 3.43832 4.25 vertex -2.05685 2.83101 3.99115 endloop endfacet facet normal 0.242663 -0.22584 0.943457 outer loop vertex -1.79936 3.00205 3.96585 vertex -2.49809 3.43832 4.25 vertex -1.9445 2.91014 3.98118 endloop endfacet facet normal 0.242685 -0.225807 0.943459 outer loop vertex -2.49809 3.43832 4.25 vertex -1.79936 3.00205 3.96585 vertex -1.67368 3.07324 3.95056 endloop endfacet facet normal 0.233139 -0.245376 0.940976 outer loop vertex -1.92946 3.78678 4.2 vertex -1.64989 3.08672 3.94818 vertex -1.58851 3.11762 3.94103 endloop endfacet facet normal 0.233166 -0.245364 0.940973 outer loop vertex -1.92946 3.78678 4.2 vertex -1.67368 3.07324 3.95056 vertex -1.64989 3.08672 3.94818 endloop endfacet facet normal 0.233115 -0.245385 0.94098 outer loop vertex -1.67368 3.07324 3.95056 vertex -1.92946 3.78678 4.2 vertex -2.49809 3.43832 4.25 endloop endfacet facet normal 0.522502 -0.852638 0 outer loop vertex -2.49809 3.43832 4.25 vertex -1.92946 3.78678 5.1 vertex -2.49809 3.43832 5.15 endloop endfacet facet normal 0.522502 -0.852638 0 outer loop vertex -1.92946 3.78678 5.1 vertex -2.49809 3.43832 4.25 vertex -1.92946 3.78678 4.2 endloop endfacet facet normal 0.112533 -0.318293 -0.941289 outer loop vertex -2.07194 2.85178 5.4 vertex -1.97846 2.88622 5.39953 vertex -1.98242 2.88343 5.4 endloop endfacet facet normal 0.112831 -0.319096 -0.940982 outer loop vertex -1.97846 2.88622 5.39953 vertex -2.07194 2.85178 5.4 vertex -2.49809 3.43832 5.15 endloop endfacet facet normal 0.112813 -0.319112 -0.940979 outer loop vertex -1.97846 2.88622 5.39953 vertex -2.49809 3.43832 5.15 vertex -1.92946 3.78678 5.1 endloop endfacet facet normal 0.0909953 -0.318761 -0.943457 outer loop vertex -1.64989 3.08672 5.36349 vertex -1.92946 3.78678 5.1 vertex -1.58851 3.11762 5.35897 endloop endfacet facet normal 0.0910512 -0.31874 -0.943459 outer loop vertex -1.79936 3.00205 5.37767 vertex -1.92946 3.78678 5.1 vertex -1.64989 3.08672 5.36349 endloop endfacet facet normal 0.0910152 -0.318746 -0.94346 outer loop vertex -1.9445 2.91014 5.39472 vertex -1.92946 3.78678 5.1 vertex -1.79936 3.00205 5.37767 endloop endfacet facet normal 0.0908818 -0.318748 -0.943472 outer loop vertex -1.92946 3.78678 5.1 vertex -1.9445 2.91014 5.39472 vertex -1.97846 2.88622 5.39953 endloop endfacet facet normal 0.275024 -0.185062 0.943459 outer loop vertex -2.35046 2.59333 4.02835 vertex -3.0052 3.0052 4.3 vertex -2.47487 2.47487 4.04138 endloop endfacet facet normal 0.275027 -0.185056 0.943459 outer loop vertex -2.22038 2.70554 4.01244 vertex -3.0052 3.0052 4.3 vertex -2.35046 2.59333 4.02835 endloop endfacet facet normal 0.275028 -0.185054 0.943459 outer loop vertex -3.0052 3.0052 4.3 vertex -2.22038 2.70554 4.01244 vertex -2.13335 2.77345 4.00039 endloop endfacet facet normal 0.268546 -0.205961 0.94099 outer loop vertex -2.49809 3.43832 4.25 vertex -2.08495 2.81123 3.99484 vertex -2.05685 2.83101 3.99115 endloop endfacet facet normal 0.268626 -0.205904 0.94098 outer loop vertex -2.49809 3.43832 4.25 vertex -2.13335 2.77345 4.00039 vertex -2.08495 2.81123 3.99484 endloop endfacet facet normal 0.268635 -0.205898 0.940979 outer loop vertex -2.13335 2.77345 4.00039 vertex -2.49809 3.43832 4.25 vertex -3.0052 3.0052 4.3 endloop endfacet facet normal 0.649454 -0.760401 0 outer loop vertex -3.0052 3.0052 4.3 vertex -2.49809 3.43832 5.15 vertex -3.0052 3.0052 5.2 endloop endfacet facet normal 0.649454 -0.760401 0 outer loop vertex -2.49809 3.43832 5.15 vertex -3.0052 3.0052 4.3 vertex -2.49809 3.43832 4.25 endloop endfacet facet normal 0.161353 -0.297527 -0.94098 outer loop vertex -3.0052 3.0052 5.2 vertex -2.4209 2.68954 5.4 vertex -2.59508 2.59508 5.4 endloop endfacet facet normal 0.161347 -0.297537 -0.940978 outer loop vertex -2.4209 2.68954 5.4 vertex -3.0052 3.0052 5.2 vertex -2.49809 3.43832 5.15 endloop endfacet facet normal 0.139752 -0.300592 -0.943458 outer loop vertex -2.4209 2.68954 5.4 vertex -2.49809 3.43832 5.15 vertex -2.07194 2.85178 5.4 endloop endfacet facet normal 0.300751 -0.139518 0.943442 outer loop vertex -2.81123 2.08495 4.089 vertex -3.43832 2.49809 4.35 vertex -2.83101 2.05685 4.09115 endloop endfacet facet normal 0.300591 -0.13977 0.943456 outer loop vertex -2.70554 2.22038 4.07539 vertex -3.43832 2.49809 4.35 vertex -2.81123 2.08495 4.089 endloop endfacet facet normal 0.300591 -0.139769 0.943456 outer loop vertex -2.59333 2.35046 4.05891 vertex -3.43832 2.49809 4.35 vertex -2.70554 2.22038 4.07539 endloop endfacet facet normal 0.300582 -0.139812 0.943453 outer loop vertex -3.43832 2.49809 4.35 vertex -2.59333 2.35046 4.05891 vertex -2.54086 2.40557 4.05036 endloop endfacet facet normal 0.297511 -0.161367 0.940982 outer loop vertex -3.0052 3.0052 4.3 vertex -2.54086 2.40557 4.05036 vertex -2.47487 2.47487 4.04138 endloop endfacet facet normal 0.297536 -0.161346 0.940978 outer loop vertex -2.54086 2.40557 4.05036 vertex -3.0052 3.0052 4.3 vertex -3.43832 2.49809 4.35 endloop endfacet facet normal 0.760401 -0.649454 0 outer loop vertex -3.43832 2.49809 4.35 vertex -3.0052 3.0052 5.2 vertex -3.43832 2.49809 5.25 endloop endfacet facet normal 0.760401 -0.649454 0 outer loop vertex -3.0052 3.0052 5.2 vertex -3.43832 2.49809 4.35 vertex -3.0052 3.0052 4.3 endloop endfacet facet normal 0.205899 -0.268633 -0.940979 outer loop vertex -3.43832 2.49809 5.25 vertex -2.8505 2.42321 5.4 vertex -3.0864 2.2424 5.4 endloop endfacet facet normal 0.205899 -0.268636 -0.940979 outer loop vertex -2.8505 2.42321 5.4 vertex -3.43832 2.49809 5.25 vertex -3.0052 3.0052 5.2 endloop endfacet facet normal 0.185063 -0.275026 -0.943458 outer loop vertex -2.8505 2.42321 5.4 vertex -3.0052 3.0052 5.2 vertex -2.59508 2.59508 5.4 endloop endfacet facet normal 0.318761 -0.0909953 0.943457 outer loop vertex -3.08672 1.64989 4.13651 vertex -3.78678 1.92946 4.4 vertex -3.11762 1.58851 4.14103 endloop endfacet facet normal 0.31876 -0.0909996 0.943457 outer loop vertex -3.00205 1.79936 4.12232 vertex -3.78678 1.92946 4.4 vertex -3.08672 1.64989 4.13651 endloop endfacet facet normal 0.318745 -0.0910803 0.943454 outer loop vertex -2.91014 1.9445 4.10528 vertex -3.78678 1.92946 4.4 vertex -3.00205 1.79936 4.12232 endloop endfacet facet normal 0.318748 -0.0908818 0.943472 outer loop vertex -3.78678 1.92946 4.4 vertex -2.91014 1.9445 4.10528 vertex -2.88622 1.97846 4.10047 endloop endfacet facet normal 0.319079 -0.112851 0.940985 outer loop vertex -3.43832 2.49809 4.35 vertex -2.88622 1.97846 4.10047 vertex -2.83101 2.05685 4.09115 endloop endfacet facet normal 0.319112 -0.112813 0.940979 outer loop vertex -2.88622 1.97846 4.10047 vertex -3.43832 2.49809 4.35 vertex -3.78678 1.92946 4.4 endloop endfacet facet normal 0.852638 -0.522502 0 outer loop vertex -3.78678 1.92946 4.4 vertex -3.43832 2.49809 5.25 vertex -3.78678 1.92946 5.3 endloop endfacet facet normal 0.852638 -0.522502 0 outer loop vertex -3.43832 2.49809 5.25 vertex -3.78678 1.92946 4.4 vertex -3.43832 2.49809 4.35 endloop endfacet facet normal 0.245386 -0.233105 -0.940982 outer loop vertex -3.78678 1.92946 5.3 vertex -3.25544 2.08512 5.4 vertex -3.52838 1.7978 5.4 endloop endfacet facet normal 0.245389 -0.233117 -0.940979 outer loop vertex -3.25544 2.08512 5.4 vertex -3.78678 1.92946 5.3 vertex -3.43832 2.49809 5.25 endloop endfacet facet normal 0.225806 -0.242689 -0.943458 outer loop vertex -3.25544 2.08512 5.4 vertex -3.43832 2.49809 5.25 vertex -3.0864 2.2424 5.4 endloop endfacet facet normal 0.329054 -0.0400661 0.943461 outer loop vertex -3.2954 1.17911 4.18391 vertex -4.04199 1.31332 4.45 vertex -3.32773 1.08125 4.19103 endloop endfacet facet normal 0.329069 -0.0399808 0.943459 outer loop vertex -3.23358 1.33939 4.16914 vertex -4.04199 1.31332 4.45 vertex -3.2954 1.17911 4.18391 endloop endfacet facet normal 0.32907 -0.0400868 0.943454 outer loop vertex -3.16396 1.49644 4.15153 vertex -4.04199 1.31332 4.45 vertex -3.23358 1.33939 4.16914 endloop endfacet facet normal 0.328929 -0.0392731 0.943538 outer loop vertex -4.04199 1.31332 4.45 vertex -3.16396 1.49644 4.15153 vertex -3.16095 1.50243 4.15073 endloop endfacet facet normal 0.33283 -0.0615012 0.940979 outer loop vertex -3.78678 1.92946 4.4 vertex -3.16095 1.50243 4.15073 vertex -3.11762 1.58851 4.14103 endloop endfacet facet normal 0.332831 -0.0615002 0.940979 outer loop vertex -3.16095 1.50243 4.15073 vertex -3.78678 1.92946 4.4 vertex -4.04199 1.31332 4.45 endloop endfacet facet normal 0.923881 -0.382679 0 outer loop vertex -4.04199 1.31332 4.45 vertex -3.78678 1.92946 5.3 vertex -4.04199 1.31332 5.35 endloop endfacet facet normal 0.923881 -0.382679 0 outer loop vertex -3.78678 1.92946 5.3 vertex -4.04199 1.31332 4.45 vertex -3.78678 1.92946 4.4 endloop endfacet facet normal 0.278838 -0.191859 -0.940978 outer loop vertex -4.04199 1.31332 5.35 vertex -3.62329 1.67661 5.4 vertex -3.90409 1.26851 5.4 endloop endfacet facet normal 0.278836 -0.191857 -0.940979 outer loop vertex -3.62329 1.67661 5.4 vertex -4.04199 1.31332 5.35 vertex -3.78678 1.92946 5.3 endloop endfacet facet normal 0.260978 -0.204385 -0.94346 outer loop vertex -3.62329 1.67661 5.4 vertex -3.78678 1.92946 5.3 vertex -3.52838 1.7978 5.4 endloop endfacet facet normal 0.331282 0.0119972 0.943456 outer loop vertex -3.43275 0.682816 4.23118 vertex -4.19767 0.664846 4.5 vertex -3.45624 0.547414 4.24115 endloop endfacet facet normal 0.331284 0.0118942 0.943456 outer loop vertex -3.39511 0.85043 4.21585 vertex -4.19767 0.664846 4.5 vertex -3.43275 0.682816 4.23118 endloop endfacet facet normal 0.331271 0.0119603 0.94346 outer loop vertex -4.19767 0.664846 4.5 vertex -3.39511 0.85043 4.21585 vertex -3.35659 0.989637 4.20056 endloop endfacet facet normal 0.33835 -0.00868678 0.94098 outer loop vertex -4.04199 1.31332 4.45 vertex -3.34929 1.016 4.19818 vertex -3.32773 1.08125 4.19103 endloop endfacet facet normal 0.338331 -0.00873467 0.940986 outer loop vertex -4.04199 1.31332 4.45 vertex -3.35659 0.989637 4.20056 vertex -3.34929 1.016 4.19818 endloop endfacet facet normal 0.338356 -0.0086763 0.940978 outer loop vertex -3.35659 0.989637 4.20056 vertex -4.04199 1.31332 4.45 vertex -4.19767 0.664846 4.5 endloop endfacet facet normal 0.972372 -0.233439 0 outer loop vertex -4.19767 0.664846 4.5 vertex -4.04199 1.31332 5.35 vertex -4.19767 0.664846 5.4 endloop endfacet facet normal 0.972372 -0.233439 0 outer loop vertex -4.04199 1.31332 5.35 vertex -4.19767 0.664846 4.5 vertex -4.04199 1.31332 4.45 endloop endfacet facet normal 0.305408 -0.145873 -0.940982 outer loop vertex -3.94147 1.20124 5.4 vertex -4.19767 0.664846 5.4 vertex -4.04199 1.31332 5.35 endloop endfacet facet normal 0.289761 -0.161012 -0.943459 outer loop vertex -3.94147 1.20124 5.4 vertex -4.04199 1.31332 5.35 vertex -3.90409 1.26851 5.4 endloop endfacet facet normal 0.32533 0.0635879 0.94346 outer loop vertex -3.49578 0.171737 4.27835 vertex -4.25 0 4.55 vertex -3.5 0 4.29138 endloop endfacet facet normal 0.32532 0.0636322 0.94346 outer loop vertex -3.48315 0.34306 4.26244 vertex -4.25 0 4.55 vertex -3.49578 0.171737 4.27835 endloop endfacet facet normal 0.325326 0.0636189 0.943459 outer loop vertex -4.25 0 4.55 vertex -3.48315 0.34306 4.26244 vertex -3.46963 0.452623 4.25039 endloop endfacet facet normal 0.335533 0.0442821 0.940987 outer loop vertex -4.19767 0.664846 4.5 vertex -3.46212 0.513556 4.24484 vertex -3.45624 0.547414 4.24115 endloop endfacet facet normal 0.335545 0.0443518 0.940979 outer loop vertex -4.19767 0.664846 4.5 vertex -3.46963 0.452623 4.25039 vertex -3.46212 0.513556 4.24484 endloop endfacet facet normal 0.335546 0.0443559 0.940979 outer loop vertex -3.46963 0.452623 4.25039 vertex -4.19767 0.664846 4.5 vertex -4.25 0 4.55 endloop endfacet facet normal 0.996917 -0.0784673 0 outer loop vertex -4.25 0 4.55 vertex -4.19767 0.664846 5.4 vertex -4.25 0 5.4 endloop endfacet facet normal 0.996917 -0.0784673 0 outer loop vertex -4.19767 0.664846 5.4 vertex -4.25 0 4.55 vertex -4.19767 0.664846 4.5 endloop endfacet facet normal 0.311325 0.113976 0.943444 outer loop vertex -3.46212 -0.513556 4.339 vertex -4.19767 -0.664846 4.6 vertex -3.45624 -0.547414 4.34115 endloop endfacet facet normal 0.311382 0.11372 0.943456 outer loop vertex -3.48315 -0.34306 4.32539 vertex -4.19767 -0.664846 4.6 vertex -3.46212 -0.513556 4.339 endloop endfacet facet normal 0.311387 0.113709 0.943456 outer loop vertex -3.49578 -0.171737 4.30891 vertex -4.19767 -0.664846 4.6 vertex -3.48315 -0.34306 4.32539 endloop endfacet facet normal 0.3114 0.113689 0.943454 outer loop vertex -4.19767 -0.664846 4.6 vertex -3.49578 -0.171737 4.30891 vertex -3.49765 -0.0956623 4.30036 endloop endfacet facet normal 0.324475 0.0963024 0.940979 outer loop vertex -4.25 0 4.55 vertex -3.49765 -0.0956623 4.30036 vertex -3.5 0 4.29138 endloop endfacet facet normal 0.324475 0.0963061 0.940979 outer loop vertex -3.49765 -0.0956623 4.30036 vertex -4.25 0 4.55 vertex -4.19767 -0.664846 4.6 endloop endfacet facet normal 0.996917 0.0784673 -0 outer loop vertex -4.19767 -0.664846 4.6 vertex -4.25 0 5.4 vertex -4.19767 -0.664846 5.4 endloop endfacet facet normal 0.996917 0.0784673 0 outer loop vertex -4.25 0 5.4 vertex -4.19767 -0.664846 4.6 vertex -4.25 0 4.55 endloop endfacet facet normal 0.28973 0.161088 0.943455 outer loop vertex -3.34929 -1.016 4.38651 vertex -4.04199 -1.31332 4.65 vertex -3.32773 -1.08125 4.39103 endloop endfacet facet normal 0.289772 0.160993 0.943458 outer loop vertex -3.39511 -0.85043 4.37233 vertex -4.04199 -1.31332 4.65 vertex -3.34929 -1.016 4.38651 endloop endfacet facet normal 0.289742 0.161036 0.94346 outer loop vertex -3.43275 -0.682816 4.35528 vertex -4.04199 -1.31332 4.65 vertex -3.39511 -0.85043 4.37233 endloop endfacet facet normal 0.289656 0.161124 0.943471 outer loop vertex -4.04199 -1.31332 4.65 vertex -3.43275 -0.682816 4.35528 vertex -3.43985 -0.641887 4.35047 endloop endfacet facet normal 0.305424 0.145818 0.940985 outer loop vertex -4.19767 -0.664846 4.6 vertex -3.43985 -0.641887 4.35047 vertex -3.45624 -0.547414 4.34115 endloop endfacet facet normal 0.30542 0.145876 0.940978 outer loop vertex -3.43985 -0.641887 4.35047 vertex -4.19767 -0.664846 4.6 vertex -4.04199 -1.31332 4.65 endloop endfacet facet normal 0.972372 0.233439 -0 outer loop vertex -4.04199 -1.31332 4.65 vertex -4.19767 -0.664846 5.4 vertex -4.04199 -1.31332 5.4 endloop endfacet facet normal 0.972372 0.233439 0 outer loop vertex -4.19767 -0.664846 5.4 vertex -4.04199 -1.31332 4.65 vertex -4.19767 -0.664846 4.6 endloop endfacet facet normal 0.261015 0.204333 0.943461 outer loop vertex -3.16396 -1.49644 4.43391 vertex -3.78678 -1.92946 4.7 vertex -3.11762 -1.58851 4.44103 endloop endfacet facet normal 0.260959 0.204412 0.94346 outer loop vertex -3.23358 -1.33939 4.41914 vertex -3.78678 -1.92946 4.7 vertex -3.16396 -1.49644 4.43391 endloop endfacet facet normal 0.261035 0.204339 0.943455 outer loop vertex -3.2954 -1.17911 4.40153 vertex -3.78678 -1.92946 4.7 vertex -3.23358 -1.33939 4.41914 endloop endfacet facet normal 0.260117 0.204985 0.943568 outer loop vertex -3.78678 -1.92946 4.7 vertex -3.2954 -1.17911 4.40153 vertex -3.29751 -1.17275 4.40073 endloop endfacet facet normal 0.278839 0.191847 0.94098 outer loop vertex -4.04199 -1.31332 4.65 vertex -3.29751 -1.17275 4.40073 vertex -3.32773 -1.08125 4.39103 endloop endfacet facet normal 0.278837 0.191857 0.940979 outer loop vertex -3.29751 -1.17275 4.40073 vertex -4.04199 -1.31332 4.65 vertex -3.78678 -1.92946 4.7 endloop endfacet facet normal 0.923881 0.382679 -0 outer loop vertex -3.78678 -1.92946 4.7 vertex -4.04199 -1.31332 5.4 vertex -3.78678 -1.92946 5.4 endloop endfacet facet normal 0.923881 0.382679 0 outer loop vertex -4.04199 -1.31332 5.4 vertex -3.78678 -1.92946 4.7 vertex -4.04199 -1.31332 4.65 endloop endfacet facet normal 0.225766 0.242734 0.943456 outer loop vertex -2.91014 -1.9445 4.48118 vertex -3.43832 -2.49809 4.75 vertex -2.83101 -2.05685 4.49115 endloop endfacet facet normal 0.22584 0.242663 0.943457 outer loop vertex -3.00205 -1.79936 4.46585 vertex -3.43832 -2.49809 4.75 vertex -2.91014 -1.9445 4.48118 endloop endfacet facet normal 0.225807 0.242685 0.943459 outer loop vertex -3.43832 -2.49809 4.75 vertex -3.00205 -1.79936 4.46585 vertex -3.07324 -1.67368 4.45056 endloop endfacet facet normal 0.245364 0.233166 0.940973 outer loop vertex -3.78678 -1.92946 4.7 vertex -3.07324 -1.67368 4.45056 vertex -3.08672 -1.64989 4.44818 endloop endfacet facet normal 0.245376 0.233139 0.940976 outer loop vertex -3.78678 -1.92946 4.7 vertex -3.08672 -1.64989 4.44818 vertex -3.11762 -1.58851 4.44103 endloop endfacet facet normal 0.245385 0.233115 0.94098 outer loop vertex -3.07324 -1.67368 4.45056 vertex -3.78678 -1.92946 4.7 vertex -3.43832 -2.49809 4.75 endloop endfacet facet normal 0.852638 0.522502 -0 outer loop vertex -3.43832 -2.49809 4.75 vertex -3.78678 -1.92946 5.4 vertex -3.43832 -2.49809 5.4 endloop endfacet facet normal 0.852638 0.522502 0 outer loop vertex -3.78678 -1.92946 5.4 vertex -3.43832 -2.49809 4.75 vertex -3.78678 -1.92946 4.7 endloop endfacet facet normal 0.185062 0.275024 0.943459 outer loop vertex -2.59333 -2.35046 4.52835 vertex -3.0052 -3.0052 4.8 vertex -2.47487 -2.47487 4.54138 endloop endfacet facet normal 0.185056 0.275027 0.943459 outer loop vertex -2.70554 -2.22038 4.51244 vertex -3.0052 -3.0052 4.8 vertex -2.59333 -2.35046 4.52835 endloop endfacet facet normal 0.185054 0.275028 0.943459 outer loop vertex -3.0052 -3.0052 4.8 vertex -2.70554 -2.22038 4.51244 vertex -2.77345 -2.13335 4.50039 endloop endfacet facet normal 0.205904 0.268626 0.94098 outer loop vertex -3.43832 -2.49809 4.75 vertex -2.77345 -2.13335 4.50039 vertex -2.81123 -2.08495 4.49484 endloop endfacet facet normal 0.205961 0.268546 0.94099 outer loop vertex -3.43832 -2.49809 4.75 vertex -2.81123 -2.08495 4.49484 vertex -2.83101 -2.05685 4.49115 endloop endfacet facet normal 0.205898 0.268635 0.940979 outer loop vertex -2.77345 -2.13335 4.50039 vertex -3.43832 -2.49809 4.75 vertex -3.0052 -3.0052 4.8 endloop endfacet facet normal 0.760401 0.649454 -0 outer loop vertex -3.0052 -3.0052 4.8 vertex -3.43832 -2.49809 5.4 vertex -3.0052 -3.0052 5.4 endloop endfacet facet normal 0.760401 0.649454 0 outer loop vertex -3.43832 -2.49809 5.4 vertex -3.0052 -3.0052 4.8 vertex -3.43832 -2.49809 4.75 endloop endfacet facet normal 0.139518 0.300751 0.943442 outer loop vertex -2.08495 -2.81123 4.589 vertex -2.49809 -3.43832 4.85 vertex -2.05685 -2.83101 4.59115 endloop endfacet facet normal 0.13977 0.300591 0.943456 outer loop vertex -2.22038 -2.70554 4.57539 vertex -2.49809 -3.43832 4.85 vertex -2.08495 -2.81123 4.589 endloop endfacet facet normal 0.139769 0.300591 0.943456 outer loop vertex -2.35046 -2.59333 4.55891 vertex -2.49809 -3.43832 4.85 vertex -2.22038 -2.70554 4.57539 endloop endfacet facet normal 0.139812 0.300582 0.943453 outer loop vertex -2.49809 -3.43832 4.85 vertex -2.35046 -2.59333 4.55891 vertex -2.40557 -2.54086 4.55036 endloop endfacet facet normal 0.161367 0.297511 0.940982 outer loop vertex -3.0052 -3.0052 4.8 vertex -2.40557 -2.54086 4.55036 vertex -2.47487 -2.47487 4.54138 endloop endfacet facet normal 0.161346 0.297536 0.940978 outer loop vertex -2.40557 -2.54086 4.55036 vertex -3.0052 -3.0052 4.8 vertex -2.49809 -3.43832 4.85 endloop endfacet facet normal 0.649454 0.760401 -0 outer loop vertex -2.49809 -3.43832 4.85 vertex -3.0052 -3.0052 5.4 vertex -2.49809 -3.43832 5.4 endloop endfacet facet normal 0.649454 0.760401 0 outer loop vertex -3.0052 -3.0052 5.4 vertex -2.49809 -3.43832 4.85 vertex -3.0052 -3.0052 4.8 endloop endfacet facet normal 0.0909953 0.318761 0.943457 outer loop vertex -1.64989 -3.08672 4.63651 vertex -1.92946 -3.78678 4.9 vertex -1.58851 -3.11762 4.64103 endloop endfacet facet normal 0.0909996 0.31876 0.943457 outer loop vertex -1.79936 -3.00205 4.62232 vertex -1.92946 -3.78678 4.9 vertex -1.64989 -3.08672 4.63651 endloop endfacet facet normal 0.0910803 0.318745 0.943454 outer loop vertex -1.9445 -2.91014 4.60528 vertex -1.92946 -3.78678 4.9 vertex -1.79936 -3.00205 4.62232 endloop endfacet facet normal 0.0908818 0.318748 0.943472 outer loop vertex -1.92946 -3.78678 4.9 vertex -1.9445 -2.91014 4.60528 vertex -1.97846 -2.88622 4.60047 endloop endfacet facet normal 0.112851 0.319079 0.940985 outer loop vertex -2.49809 -3.43832 4.85 vertex -1.97846 -2.88622 4.60047 vertex -2.05685 -2.83101 4.59115 endloop endfacet facet normal 0.112813 0.319112 0.940979 outer loop vertex -1.97846 -2.88622 4.60047 vertex -2.49809 -3.43832 4.85 vertex -1.92946 -3.78678 4.9 endloop endfacet facet normal 0.522502 0.852638 -0 outer loop vertex -1.92946 -3.78678 4.9 vertex -2.49809 -3.43832 5.4 vertex -1.92946 -3.78678 5.4 endloop endfacet facet normal 0.522502 0.852638 0 outer loop vertex -2.49809 -3.43832 5.4 vertex -1.92946 -3.78678 4.9 vertex -2.49809 -3.43832 4.85 endloop endfacet facet normal 0.0400661 0.329054 0.943461 outer loop vertex -1.17911 -3.2954 4.68391 vertex -1.31332 -4.04199 4.95 vertex -1.08125 -3.32773 4.69103 endloop endfacet facet normal 0.0399808 0.329069 0.943459 outer loop vertex -1.33939 -3.23358 4.66914 vertex -1.31332 -4.04199 4.95 vertex -1.17911 -3.2954 4.68391 endloop endfacet facet normal 0.0400868 0.32907 0.943454 outer loop vertex -1.49644 -3.16396 4.65153 vertex -1.31332 -4.04199 4.95 vertex -1.33939 -3.23358 4.66914 endloop endfacet facet normal 0.0392731 0.328929 0.943538 outer loop vertex -1.31332 -4.04199 4.95 vertex -1.49644 -3.16396 4.65153 vertex -1.50243 -3.16095 4.65073 endloop endfacet facet normal 0.0615012 0.33283 0.940979 outer loop vertex -1.92946 -3.78678 4.9 vertex -1.50243 -3.16095 4.65073 vertex -1.58851 -3.11762 4.64103 endloop endfacet facet normal 0.0615002 0.332831 0.940979 outer loop vertex -1.50243 -3.16095 4.65073 vertex -1.92946 -3.78678 4.9 vertex -1.31332 -4.04199 4.95 endloop endfacet facet normal 0.382679 0.923881 -0 outer loop vertex -1.31332 -4.04199 4.95 vertex -1.92946 -3.78678 5.4 vertex -1.31332 -4.04199 5.4 endloop endfacet facet normal 0.382679 0.923881 0 outer loop vertex -1.92946 -3.78678 5.4 vertex -1.31332 -4.04199 4.95 vertex -1.92946 -3.78678 4.9 endloop endfacet facet normal -0.0119972 0.331282 0.943456 outer loop vertex -0.682816 -3.43275 4.73118 vertex -0.664846 -4.19767 5 vertex -0.547414 -3.45624 4.74115 endloop endfacet facet normal -0.0118942 0.331284 0.943456 outer loop vertex -0.85043 -3.39511 4.71585 vertex -0.664846 -4.19767 5 vertex -0.682816 -3.43275 4.73118 endloop endfacet facet normal -0.0119603 0.331271 0.94346 outer loop vertex -0.664846 -4.19767 5 vertex -0.85043 -3.39511 4.71585 vertex -0.989637 -3.35659 4.70056 endloop endfacet facet normal 0.00873467 0.338331 0.940986 outer loop vertex -1.31332 -4.04199 4.95 vertex -0.989637 -3.35659 4.70056 vertex -1.016 -3.34929 4.69818 endloop endfacet facet normal 0.00868678 0.33835 0.94098 outer loop vertex -1.31332 -4.04199 4.95 vertex -1.016 -3.34929 4.69818 vertex -1.08125 -3.32773 4.69103 endloop endfacet facet normal 0.0086763 0.338356 0.940978 outer loop vertex -0.989637 -3.35659 4.70056 vertex -1.31332 -4.04199 4.95 vertex -0.664846 -4.19767 5 endloop endfacet facet normal 0.233439 0.972372 -0 outer loop vertex -0.664846 -4.19767 5 vertex -1.31332 -4.04199 5.4 vertex -0.664846 -4.19767 5.4 endloop endfacet facet normal 0.233439 0.972372 0 outer loop vertex -1.31332 -4.04199 5.4 vertex -0.664846 -4.19767 5 vertex -1.31332 -4.04199 4.95 endloop endfacet facet normal -0.0635879 0.32533 0.94346 outer loop vertex -0.171737 -3.49578 4.77835 vertex 0 -4.25 5.05 vertex 0 -3.5 4.79138 endloop endfacet facet normal -0.0636322 0.32532 0.94346 outer loop vertex -0.34306 -3.48315 4.76244 vertex 0 -4.25 5.05 vertex -0.171737 -3.49578 4.77835 endloop endfacet facet normal -0.0636189 0.325326 0.943459 outer loop vertex 0 -4.25 5.05 vertex -0.34306 -3.48315 4.76244 vertex -0.452623 -3.46963 4.75039 endloop endfacet facet normal -0.0443518 0.335545 0.940979 outer loop vertex -0.664846 -4.19767 5 vertex -0.452623 -3.46963 4.75039 vertex -0.513556 -3.46212 4.74484 endloop endfacet facet normal -0.0442821 0.335533 0.940987 outer loop vertex -0.664846 -4.19767 5 vertex -0.513556 -3.46212 4.74484 vertex -0.547414 -3.45624 4.74115 endloop endfacet facet normal -0.0443559 0.335546 0.940979 outer loop vertex -0.452623 -3.46963 4.75039 vertex -0.664846 -4.19767 5 vertex 0 -4.25 5.05 endloop endfacet facet normal 0.0784673 0.996917 -0 outer loop vertex 0 -4.25 5.05 vertex -0.664846 -4.19767 5.4 vertex 0 -4.25 5.4 endloop endfacet facet normal 0.0784673 0.996917 0 outer loop vertex -0.664846 -4.19767 5.4 vertex 0 -4.25 5.05 vertex -0.664846 -4.19767 5 endloop endfacet facet normal -0.113976 0.311325 0.943444 outer loop vertex 0.513556 -3.46212 4.839 vertex 0.664846 -4.19767 5.1 vertex 0.547414 -3.45624 4.84115 endloop endfacet facet normal -0.11372 0.311382 0.943456 outer loop vertex 0.34306 -3.48315 4.82539 vertex 0.664846 -4.19767 5.1 vertex 0.513556 -3.46212 4.839 endloop endfacet facet normal -0.113709 0.311387 0.943456 outer loop vertex 0.171737 -3.49578 4.80891 vertex 0.664846 -4.19767 5.1 vertex 0.34306 -3.48315 4.82539 endloop endfacet facet normal -0.113689 0.3114 0.943454 outer loop vertex 0.664846 -4.19767 5.1 vertex 0.171737 -3.49578 4.80891 vertex 0.0956623 -3.49765 4.80036 endloop endfacet facet normal -0.0963024 0.324475 0.940979 outer loop vertex 0 -4.25 5.05 vertex 0.0956623 -3.49765 4.80036 vertex 0 -3.5 4.79138 endloop endfacet facet normal -0.0963061 0.324475 0.940979 outer loop vertex 0.0956623 -3.49765 4.80036 vertex 0 -4.25 5.05 vertex 0.664846 -4.19767 5.1 endloop endfacet facet normal -0.0784673 0.996917 0 outer loop vertex 0.664846 -4.19767 5.1 vertex 0 -4.25 5.4 vertex 0.664846 -4.19767 5.4 endloop endfacet facet normal -0.0784673 0.996917 0 outer loop vertex 0 -4.25 5.4 vertex 0.664846 -4.19767 5.1 vertex 0 -4.25 5.05 endloop endfacet facet normal -0.161088 0.28973 0.943455 outer loop vertex 1.016 -3.34929 4.88651 vertex 1.31332 -4.04199 5.15 vertex 1.08125 -3.32773 4.89103 endloop endfacet facet normal -0.160993 0.289772 0.943458 outer loop vertex 0.85043 -3.39511 4.87233 vertex 1.31332 -4.04199 5.15 vertex 1.016 -3.34929 4.88651 endloop endfacet facet normal -0.161036 0.289742 0.94346 outer loop vertex 0.682816 -3.43275 4.85528 vertex 1.31332 -4.04199 5.15 vertex 0.85043 -3.39511 4.87233 endloop endfacet facet normal -0.161124 0.289656 0.943471 outer loop vertex 1.31332 -4.04199 5.15 vertex 0.682816 -3.43275 4.85528 vertex 0.641887 -3.43985 4.85047 endloop endfacet facet normal -0.145876 0.30542 0.940978 outer loop vertex 0.641887 -3.43985 4.85047 vertex 0.664846 -4.19767 5.1 vertex 1.31332 -4.04199 5.15 endloop endfacet facet normal -0.145818 0.305424 0.940985 outer loop vertex 0.664846 -4.19767 5.1 vertex 0.641887 -3.43985 4.85047 vertex 0.547414 -3.45624 4.84115 endloop endfacet facet normal -0.233439 0.972372 0 outer loop vertex 1.31332 -4.04199 5.15 vertex 0.664846 -4.19767 5.4 vertex 1.31332 -4.04199 5.4 endloop endfacet facet normal -0.233439 0.972372 0 outer loop vertex 0.664846 -4.19767 5.4 vertex 1.31332 -4.04199 5.15 vertex 0.664846 -4.19767 5.1 endloop endfacet facet normal -0.204333 0.261015 0.943461 outer loop vertex 1.49644 -3.16396 4.93391 vertex 1.92946 -3.78678 5.2 vertex 1.58851 -3.11762 4.94103 endloop endfacet facet normal -0.204412 0.260959 0.94346 outer loop vertex 1.33939 -3.23358 4.91914 vertex 1.92946 -3.78678 5.2 vertex 1.49644 -3.16396 4.93391 endloop endfacet facet normal -0.204339 0.261035 0.943455 outer loop vertex 1.17911 -3.2954 4.90153 vertex 1.92946 -3.78678 5.2 vertex 1.33939 -3.23358 4.91914 endloop endfacet facet normal -0.204985 0.260117 0.943568 outer loop vertex 1.92946 -3.78678 5.2 vertex 1.17911 -3.2954 4.90153 vertex 1.17275 -3.29751 4.90073 endloop endfacet facet normal -0.191857 0.278837 0.940979 outer loop vertex 1.17275 -3.29751 4.90073 vertex 1.31332 -4.04199 5.15 vertex 1.92946 -3.78678 5.2 endloop endfacet facet normal -0.191847 0.278839 0.94098 outer loop vertex 1.31332 -4.04199 5.15 vertex 1.17275 -3.29751 4.90073 vertex 1.08125 -3.32773 4.89103 endloop endfacet facet normal -0.382679 0.923881 0 outer loop vertex 1.92946 -3.78678 5.2 vertex 1.31332 -4.04199 5.4 vertex 1.92946 -3.78678 5.4 endloop endfacet facet normal -0.382679 0.923881 0 outer loop vertex 1.31332 -4.04199 5.4 vertex 1.92946 -3.78678 5.2 vertex 1.31332 -4.04199 5.15 endloop endfacet facet normal -0.242734 0.225766 0.943456 outer loop vertex 1.9445 -2.91014 4.98118 vertex 2.49809 -3.43832 5.25 vertex 2.05685 -2.83101 4.99115 endloop endfacet facet normal -0.242663 0.22584 0.943457 outer loop vertex 1.79936 -3.00205 4.96585 vertex 2.49809 -3.43832 5.25 vertex 1.9445 -2.91014 4.98118 endloop endfacet facet normal -0.242685 0.225807 0.943459 outer loop vertex 2.49809 -3.43832 5.25 vertex 1.79936 -3.00205 4.96585 vertex 1.67368 -3.07324 4.95056 endloop endfacet facet normal -0.233115 0.245385 0.94098 outer loop vertex 1.67368 -3.07324 4.95056 vertex 1.92946 -3.78678 5.2 vertex 2.49809 -3.43832 5.25 endloop endfacet facet normal -0.233166 0.245364 0.940973 outer loop vertex 1.64989 -3.08672 4.94818 vertex 1.92946 -3.78678 5.2 vertex 1.67368 -3.07324 4.95056 endloop endfacet facet normal -0.233139 0.245376 0.940976 outer loop vertex 1.92946 -3.78678 5.2 vertex 1.64989 -3.08672 4.94818 vertex 1.58851 -3.11762 4.94103 endloop endfacet facet normal -0.522502 0.852638 0 outer loop vertex 2.49809 -3.43832 5.25 vertex 1.92946 -3.78678 5.4 vertex 2.49809 -3.43832 5.4 endloop endfacet facet normal -0.522502 0.852638 0 outer loop vertex 1.92946 -3.78678 5.4 vertex 2.49809 -3.43832 5.25 vertex 1.92946 -3.78678 5.2 endloop endfacet facet normal -0.275024 0.185062 0.943459 outer loop vertex 2.35046 -2.59333 5.02835 vertex 3.0052 -3.0052 5.3 vertex 2.47487 -2.47487 5.04138 endloop endfacet facet normal -0.275027 0.185056 0.943459 outer loop vertex 2.22038 -2.70554 5.01244 vertex 3.0052 -3.0052 5.3 vertex 2.35046 -2.59333 5.02835 endloop endfacet facet normal -0.275028 0.185054 0.943459 outer loop vertex 3.0052 -3.0052 5.3 vertex 2.22038 -2.70554 5.01244 vertex 2.13335 -2.77345 5.00039 endloop endfacet facet normal -0.268635 0.205898 0.940979 outer loop vertex 2.13335 -2.77345 5.00039 vertex 2.49809 -3.43832 5.25 vertex 3.0052 -3.0052 5.3 endloop endfacet facet normal -0.268626 0.205904 0.94098 outer loop vertex 2.08495 -2.81123 4.99484 vertex 2.49809 -3.43832 5.25 vertex 2.13335 -2.77345 5.00039 endloop endfacet facet normal -0.268546 0.205961 0.94099 outer loop vertex 2.49809 -3.43832 5.25 vertex 2.08495 -2.81123 4.99484 vertex 2.05685 -2.83101 4.99115 endloop endfacet facet normal -0.649454 0.760401 0 outer loop vertex 3.0052 -3.0052 5.3 vertex 2.49809 -3.43832 5.4 vertex 3.0052 -3.0052 5.4 endloop endfacet facet normal -0.649454 0.760401 0 outer loop vertex 2.49809 -3.43832 5.4 vertex 3.0052 -3.0052 5.3 vertex 2.49809 -3.43832 5.25 endloop endfacet facet normal -0.300751 0.139518 0.943442 outer loop vertex 2.81123 -2.08495 5.089 vertex 3.43832 -2.49809 5.35 vertex 2.83101 -2.05685 5.09115 endloop endfacet facet normal -0.300591 0.13977 0.943456 outer loop vertex 2.70554 -2.22038 5.07539 vertex 3.43832 -2.49809 5.35 vertex 2.81123 -2.08495 5.089 endloop endfacet facet normal -0.300591 0.139769 0.943456 outer loop vertex 2.59333 -2.35046 5.05891 vertex 3.43832 -2.49809 5.35 vertex 2.70554 -2.22038 5.07539 endloop endfacet facet normal -0.300582 0.139812 0.943453 outer loop vertex 3.43832 -2.49809 5.35 vertex 2.59333 -2.35046 5.05891 vertex 2.54086 -2.40557 5.05036 endloop endfacet facet normal -0.297536 0.161346 0.940978 outer loop vertex 2.54086 -2.40557 5.05036 vertex 3.0052 -3.0052 5.3 vertex 3.43832 -2.49809 5.35 endloop endfacet facet normal -0.297511 0.161367 0.940982 outer loop vertex 3.0052 -3.0052 5.3 vertex 2.54086 -2.40557 5.05036 vertex 2.47487 -2.47487 5.04138 endloop endfacet facet normal -0.760401 0.649454 0 outer loop vertex 3.0052 -3.0052 5.4 vertex 3.43832 -2.49809 5.35 vertex 3.0052 -3.0052 5.3 endloop endfacet facet normal -0.760401 0.649454 0 outer loop vertex 3.43832 -2.49809 5.35 vertex 3.0052 -3.0052 5.4 vertex 3.43832 -2.49809 5.4 endloop endfacet facet normal -0.318761 0.0909953 0.943457 outer loop vertex 3.08672 -1.64989 5.13651 vertex 3.78678 -1.92946 5.4 vertex 3.11762 -1.58851 5.14103 endloop endfacet facet normal -0.31876 0.0909996 0.943457 outer loop vertex 3.00205 -1.79936 5.12232 vertex 3.78678 -1.92946 5.4 vertex 3.08672 -1.64989 5.13651 endloop endfacet facet normal -0.318745 0.0910803 0.943454 outer loop vertex 2.91014 -1.9445 5.10528 vertex 3.78678 -1.92946 5.4 vertex 3.00205 -1.79936 5.12232 endloop endfacet facet normal -0.318748 0.0908818 0.943472 outer loop vertex 3.78678 -1.92946 5.4 vertex 2.91014 -1.9445 5.10528 vertex 2.88622 -1.97846 5.10047 endloop endfacet facet normal -0.319112 0.112813 0.940979 outer loop vertex 2.88622 -1.97846 5.10047 vertex 3.43832 -2.49809 5.35 vertex 3.78678 -1.92946 5.4 endloop endfacet facet normal -0.319079 0.112851 0.940985 outer loop vertex 3.43832 -2.49809 5.35 vertex 2.88622 -1.97846 5.10047 vertex 2.83101 -2.05685 5.09115 endloop endfacet facet normal -0.852638 0.522502 0 outer loop vertex 3.78678 -1.92946 5.4 vertex 3.43832 -2.49809 5.35 vertex 3.43832 -2.49809 5.4 endloop endfacet facet normal -0.329052 0.0400655 0.943461 outer loop vertex 3.2954 -1.17911 5.18391 vertex 3.90409 -1.26851 5.4 vertex 3.32773 -1.08125 5.19103 endloop endfacet facet normal -0.329054 0.0400498 0.943461 outer loop vertex 3.90409 -1.26851 5.4 vertex 3.2954 -1.17911 5.18391 vertex 3.89479 -1.34492 5.4 endloop endfacet facet normal -0.329072 0.0399822 0.943458 outer loop vertex 3.23358 -1.33939 5.16914 vertex 3.89479 -1.34492 5.4 vertex 3.2954 -1.17911 5.18391 endloop endfacet facet normal -0.32907 0.0400866 0.943454 outer loop vertex 3.16396 -1.49644 5.15153 vertex 3.89479 -1.34492 5.4 vertex 3.23358 -1.33939 5.16914 endloop endfacet facet normal -0.328929 0.0392734 0.943538 outer loop vertex 3.89479 -1.34492 5.4 vertex 3.16396 -1.49644 5.15153 vertex 3.16095 -1.50243 5.15073 endloop endfacet facet normal -0.332831 0.0614998 0.940979 outer loop vertex 3.16095 -1.50243 5.15073 vertex 3.78678 -1.92946 5.4 vertex 3.89479 -1.34492 5.4 endloop endfacet facet normal -0.33283 0.0615012 0.940979 outer loop vertex 3.78678 -1.92946 5.4 vertex 3.16095 -1.50243 5.15073 vertex 3.11762 -1.58851 5.14103 endloop endfacet facet normal -0.33128 -0.0119975 0.943456 outer loop vertex 3.43275 -0.682816 5.23118 vertex 3.91124 -0.61948 5.4 vertex 3.45624 -0.547414 5.24115 endloop endfacet facet normal -0.331286 -0.0119522 0.943455 outer loop vertex 3.91124 -0.61948 5.4 vertex 3.43275 -0.682816 5.23118 vertex 3.91679 -0.773312 5.4 endloop endfacet facet normal -0.331277 -0.0118961 0.943459 outer loop vertex 3.39511 -0.85043 5.21585 vertex 3.91679 -0.773312 5.4 vertex 3.43275 -0.682816 5.23118 endloop endfacet facet normal -0.331268 -0.0119611 0.943461 outer loop vertex 3.91679 -0.773312 5.4 vertex 3.39511 -0.85043 5.21585 vertex 3.35659 -0.989637 5.20056 endloop endfacet facet normal -0.338354 0.00867753 0.940979 outer loop vertex 3.35659 -0.989637 5.20056 vertex 3.90409 -1.26851 5.4 vertex 3.91679 -0.773312 5.4 endloop endfacet facet normal -0.338329 0.00873379 0.940987 outer loop vertex 3.34929 -1.016 5.19818 vertex 3.90409 -1.26851 5.4 vertex 3.35659 -0.989637 5.20056 endloop endfacet facet normal -0.338348 0.0086861 0.940981 outer loop vertex 3.90409 -1.26851 5.4 vertex 3.34929 -1.016 5.19818 vertex 3.32773 -1.08125 5.19103 endloop endfacet facet normal -0.325329 -0.0635879 0.94346 outer loop vertex 3.49578 -0.171737 5.27835 vertex 3.815 0 5.4 vertex 3.5 0 5.29138 endloop endfacet facet normal -0.325317 -0.0636118 0.943463 outer loop vertex 3.815 0 5.4 vertex 3.49578 -0.171737 5.27835 vertex 3.85931 -0.226606 5.4 endloop endfacet facet normal -0.32532 -0.0636323 0.943461 outer loop vertex 3.48315 -0.34306 5.26244 vertex 3.85931 -0.226606 5.4 vertex 3.49578 -0.171737 5.27835 endloop endfacet facet normal -0.325323 -0.0636193 0.94346 outer loop vertex 3.85931 -0.226606 5.4 vertex 3.48315 -0.34306 5.26244 vertex 3.46963 -0.452623 5.25039 endloop endfacet facet normal -0.335546 -0.0443524 0.940979 outer loop vertex 3.46963 -0.452623 5.25039 vertex 3.91124 -0.61948 5.4 vertex 3.85931 -0.226606 5.4 endloop endfacet facet normal -0.335546 -0.0443518 0.940979 outer loop vertex 3.46212 -0.513556 5.24484 vertex 3.91124 -0.61948 5.4 vertex 3.46963 -0.452623 5.25039 endloop endfacet facet normal -0.335532 -0.0442824 0.940987 outer loop vertex 3.91124 -0.61948 5.4 vertex 3.46212 -0.513556 5.24484 vertex 3.45624 -0.547414 5.24115 endloop endfacet facet normal -0.311393 -0.113722 0.943452 outer loop vertex 3.48315 0.34306 5.32539 vertex 3.73043 0.284934 5.4 vertex 3.62482 0.574114 5.4 endloop endfacet facet normal -0.3114 -0.113689 0.943454 outer loop vertex 3.73043 0.284934 5.4 vertex 3.49578 0.171737 5.30891 vertex 3.49765 0.0956623 5.30036 endloop endfacet facet normal -0.31139 -0.113709 0.943454 outer loop vertex 3.73043 0.284934 5.4 vertex 3.48315 0.34306 5.32539 vertex 3.49578 0.171737 5.30891 endloop endfacet facet normal -0.311394 -0.113721 0.943452 outer loop vertex 3.62482 0.574114 5.4 vertex 3.46212 0.513556 5.339 vertex 3.48315 0.34306 5.32539 endloop endfacet facet normal -0.311301 -0.113972 0.943452 outer loop vertex 3.46212 0.513556 5.339 vertex 3.62482 0.574114 5.4 vertex 3.45624 0.547414 5.34115 endloop endfacet facet normal -0.324475 -0.0963058 0.940979 outer loop vertex 3.49765 0.0956623 5.30036 vertex 3.815 0 5.4 vertex 3.73043 0.284934 5.4 endloop endfacet facet normal -0.324474 -0.0963024 0.94098 outer loop vertex 3.815 0 5.4 vertex 3.49765 0.0956623 5.30036 vertex 3.5 0 5.29138 endloop endfacet facet normal -0.289658 -0.161125 0.943471 outer loop vertex 3.53942 0.752912 5.4 vertex 3.43275 0.682816 5.35528 vertex 3.43985 0.641887 5.35047 endloop endfacet facet normal -0.289718 -0.161031 0.943468 outer loop vertex 3.53942 0.752912 5.4 vertex 3.39511 0.85043 5.37233 vertex 3.43275 0.682816 5.35528 endloop endfacet facet normal -0.289847 -0.161094 0.943418 outer loop vertex 3.34929 1.016 5.38651 vertex 3.53942 0.752912 5.4 vertex 3.35247 1.08928 5.4 endloop endfacet facet normal -0.289681 -0.16097 0.94349 outer loop vertex 3.53942 0.752912 5.4 vertex 3.34929 1.016 5.38651 vertex 3.39511 0.85043 5.37233 endloop endfacet facet normal -0.289774 -0.161101 0.943439 outer loop vertex 3.34929 1.016 5.38651 vertex 3.35247 1.08928 5.4 vertex 3.32773 1.08125 5.39103 endloop endfacet facet normal -0.305418 -0.145878 0.940978 outer loop vertex 3.43985 0.641887 5.35047 vertex 3.62482 0.574114 5.4 vertex 3.53942 0.752912 5.4 endloop endfacet facet normal -0.305399 -0.145815 0.940994 outer loop vertex 3.62482 0.574114 5.4 vertex 3.43985 0.641887 5.35047 vertex 3.45624 0.547414 5.34115 endloop endfacet facet normal -0.278891 -0.191863 0.940961 outer loop vertex 3.35247 1.08928 5.4 vertex 3.29978 1.16587 5.4 vertex 3.32773 1.08125 5.39103 endloop endfacet endsolid OpenSCAD_Model