solid OpenSCAD_Model
  facet normal 0.195148 0.980774 5.56148e-06
    outer loop
      vertex 0.88516 3.30347 0
      vertex 0.755752 3.32921 1.53658
      vertex 0.863505 3.30777 1.54534
    endloop
  endfacet
  facet normal 0.194766 0.98085 -0
    outer loop
      vertex 0.88516 3.30347 0
      vertex 0.863505 3.30777 1.54534
      vertex 0.88516 3.30347 1.54746
    endloop
  endfacet
  facet normal 0.195078 0.980788 -5.56768e-07
    outer loop
      vertex 0.755752 3.32921 1.53658
      vertex 0.88516 3.30347 0
      vertex 0.446399 3.39074 1.50747
    endloop
  endfacet
  facet normal 0.19508 0.980787 0
    outer loop
      vertex 0.446399 3.39074 1.50747
      vertex 0.88516 3.30347 0
      vertex 0.446399 3.39074 0
    endloop
  endfacet
  facet normal 0.19501 0.980801 0
    outer loop
      vertex 0.824303 3.31557 3.61352
      vertex 0.88516 3.30347 4.5
      vertex 0.88516 3.30347 3.61828
    endloop
  endfacet
  facet normal 0.19508 0.980787 -4.99856e-06
    outer loop
      vertex 0.88516 3.30347 4.5
      vertex 0.824303 3.31557 3.61352
      vertex 0.446399 3.39074 4.5
    endloop
  endfacet
  facet normal 0.195091 0.980785 0
    outer loop
      vertex 0.446399 3.39074 4.5
      vertex 0.824303 3.31557 3.61352
      vertex 0.446399 3.39074 3.57651
    endloop
  endfacet
  facet normal 0.195095 0.980784 5.11174e-06
    outer loop
      vertex 0.88516 3.30347 1.61868
      vertex 0.498166 3.38044 3.51219
      vertex 0.59871 3.36044 3.52016
    endloop
  endfacet
  facet normal 0.195062 0.980791 -0
    outer loop
      vertex 0.88516 3.30347 1.61868
      vertex 0.59871 3.36044 3.52016
      vertex 0.88516 3.30347 3.54823
    endloop
  endfacet
  facet normal 0.195079 0.980787 1.77355e-06
    outer loop
      vertex 0.446399 3.39074 1.57598
      vertex 0.498166 3.38044 3.51219
      vertex 0.88516 3.30347 1.61868
    endloop
  endfacet
  facet normal 0.195143 0.980775 0
    outer loop
      vertex 0.498166 3.38044 3.51219
      vertex 0.446399 3.39074 1.57598
      vertex 0.446399 3.39074 3.50745
    endloop
  endfacet
  facet normal 0.980787 0.19508 -0
    outer loop
      vertex 3.39074 0.446399 0
      vertex 3.30347 0.88516 1.88092
      vertex 3.39074 0.446399 1.92379
    endloop
  endfacet
  facet normal 0.980787 0.19508 0
    outer loop
      vertex 3.30347 0.88516 1.88092
      vertex 3.39074 0.446399 0
      vertex 3.30347 0.88516 0
    endloop
  endfacet
  facet normal 0.981208 0.192954 0
    outer loop
      vertex 3.30347 0.88516 4.5
      vertex 3.30401 0.882414 3.95122
      vertex 3.30347 0.88516 3.95099
    endloop
  endfacet
  facet normal 0.980787 0.19508 -0
    outer loop
      vertex 3.39074 0.446399 3.99268
      vertex 3.30347 0.88516 4.5
      vertex 3.39074 0.446399 4.5
    endloop
  endfacet
  facet normal 0.980785 0.195092 -1.11131e-05
    outer loop
      vertex 3.30347 0.88516 4.5
      vertex 3.39074 0.446399 3.99268
      vertex 3.30401 0.882414 3.95122
    endloop
  endfacet
  facet normal 0.98079 0.195066 0
    outer loop
      vertex 3.30347 0.88516 3.88168
      vertex 3.33497 0.726778 1.96766
      vertex 3.30347 0.88516 1.95214
    endloop
  endfacet
  facet normal 0.980777 0.195132 -5.72258e-06
    outer loop
      vertex 3.30347 0.88516 3.88168
      vertex 3.35466 0.627812 1.97561
      vertex 3.33497 0.726778 1.96766
    endloop
  endfacet
  facet normal 0.980787 0.19508 -0
    outer loop
      vertex 3.39074 0.446399 1.99248
      vertex 3.30347 0.88516 3.88168
      vertex 3.39074 0.446399 3.92415
    endloop
  endfacet
  facet normal 0.980791 0.195063 3.96552e-06
    outer loop
      vertex 3.30347 0.88516 3.88168
      vertex 3.39074 0.446399 1.99248
      vertex 3.35466 0.627812 1.97561
    endloop
  endfacet
  facet normal 0.99786 0.0653855 0
    outer loop
      vertex 3.39074 0.446399 1.92379
      vertex 3.39584 0.368567 0
      vertex 3.39074 0.446399 0
    endloop
  endfacet
  facet normal 0.997859 0.0654064 -0
    outer loop
      vertex 3.42 0 0.0342492
      vertex 3.39074 0.446399 1.92379
      vertex 3.42 0 1.96582
    endloop
  endfacet
  facet normal 0.997858 0.0654107 -1.02269e-06
    outer loop
      vertex 3.39074 0.446399 1.92379
      vertex 3.42 0 0.0342492
      vertex 3.39584 0.368567 0
    endloop
  endfacet
  facet normal 0.997859 0.0654064 -0
    outer loop
      vertex 3.42 0 4.03541
      vertex 3.39074 0.446399 4.5
      vertex 3.42 0 4.5
    endloop
  endfacet
  facet normal 0.997859 0.0654064 0
    outer loop
      vertex 3.39074 0.446399 4.5
      vertex 3.42 0 4.03541
      vertex 3.39074 0.446399 3.99268
    endloop
  endfacet
  facet normal 0.99786 0.0653908 3.69886e-06
    outer loop
      vertex 3.42 0 2.03471
      vertex 3.39074 0.446399 3.92415
      vertex 3.40995 0.153254 3.95122
    endloop
  endfacet
  facet normal 0.997856 0.0654499 -1.04859e-06
    outer loop
      vertex 3.42 0 2.03471
      vertex 3.40995 0.153254 3.95122
      vertex 3.41699 0.0459216 3.95977
    endloop
  endfacet
  facet normal 0.997859 0.0654061 -0
    outer loop
      vertex 3.42 0 2.03471
      vertex 3.41699 0.0459216 3.95977
      vertex 3.42 0 3.96419
    endloop
  endfacet
  facet normal 0.997859 0.0654064 0
    outer loop
      vertex 3.39074 0.446399 3.92415
      vertex 3.42 0 2.03471
      vertex 3.39074 0.446399 1.99248
    endloop
  endfacet
  facet normal 0.946934 0.321427 0
    outer loop
      vertex 3.24713 1.05112 1.86585
      vertex 3.15967 1.30878 0
      vertex 3.15967 1.30878 1.84083
    endloop
  endfacet
  facet normal 0.94694 0.321411 4.93485e-06
    outer loop
      vertex 3.30347 0.88516 0
      vertex 3.24713 1.05112 1.86585
      vertex 3.28107 0.951126 1.87424
    endloop
  endfacet
  facet normal 0.946897 0.321537 -0
    outer loop
      vertex 3.30347 0.88516 0
      vertex 3.28107 0.951126 1.87424
      vertex 3.30347 0.88516 1.88092
    endloop
  endfacet
  facet normal 0.94693 0.32144 2.03999e-06
    outer loop
      vertex 3.24713 1.05112 1.86585
      vertex 3.30347 0.88516 0
      vertex 3.15967 1.30878 0
    endloop
  endfacet
  facet normal 0.946935 0.321424 0
    outer loop
      vertex 3.15967 1.30878 4.5
      vertex 3.27034 0.982739 3.94304
      vertex 3.15967 1.30878 3.90995
    endloop
  endfacet
  facet normal 0.94693 0.32144 -1.07175e-05
    outer loop
      vertex 3.30347 0.88516 4.5
      vertex 3.27034 0.982739 3.94304
      vertex 3.15967 1.30878 4.5
    endloop
  endfacet
  facet normal 0.946911 0.321495 0
    outer loop
      vertex 3.27034 0.982739 3.94304
      vertex 3.30347 0.88516 4.5
      vertex 3.30347 0.88516 3.95099
    endloop
  endfacet
  facet normal 0.947097 0.320947 0
    outer loop
      vertex 3.16232 1.30096 3.84146
      vertex 3.15967 1.30878 1.90938
      vertex 3.15967 1.30878 3.84072
    endloop
  endfacet
  facet normal 0.946929 0.321444 1.31284e-06
    outer loop
      vertex 3.30347 0.88516 1.95214
      vertex 3.16232 1.30096 3.84146
      vertex 3.19612 1.20139 3.84959
    endloop
  endfacet
  facet normal 0.946926 0.321451 -0
    outer loop
      vertex 3.30347 0.88516 1.95214
      vertex 3.19612 1.20139 3.84959
      vertex 3.30347 0.88516 3.88168
    endloop
  endfacet
  facet normal 0.94693 0.32144 2.22573e-06
    outer loop
      vertex 3.16232 1.30096 3.84146
      vertex 3.30347 0.88516 1.95214
      vertex 3.15967 1.30878 1.90938
    endloop
  endfacet
  facet normal 0.831453 0.555596 0
    outer loop
      vertex 2.76479 2.00486 1.76433
      vertex 2.71327 2.08196 0
      vertex 2.71327 2.08196 1.75718
    endloop
  endfacet
  facet normal 0.831469 0.555572 -0
    outer loop
      vertex 2.96181 1.71 0
      vertex 2.76479 2.00486 1.76433
      vertex 2.96181 1.71 1.79841
    endloop
  endfacet
  facet normal 0.831465 0.555577 -1.19754e-06
    outer loop
      vertex 2.76479 2.00486 1.76433
      vertex 2.96181 1.71 0
      vertex 2.71327 2.08196 0
    endloop
  endfacet
  facet normal 0.831492 0.555537 0
    outer loop
      vertex 2.71327 2.08196 4.5
      vertex 2.74542 2.03384 3.833
      vertex 2.71327 2.08196 3.82744
    endloop
  endfacet
  facet normal 0.831458 0.555588 -5.25235e-06
    outer loop
      vertex 2.71327 2.08196 4.5
      vertex 2.80461 1.94526 3.84146
      vertex 2.74542 2.03384 3.833
    endloop
  endfacet
  facet normal 0.831465 0.555577 -2.00814e-06
    outer loop
      vertex 2.96181 1.71 4.5
      vertex 2.80461 1.94526 3.84146
      vertex 2.71327 2.08196 4.5
    endloop
  endfacet
  facet normal 0.831463 0.555581 0
    outer loop
      vertex 2.80461 1.94526 3.84146
      vertex 2.96181 1.71 4.5
      vertex 2.96181 1.71 3.86751
    endloop
  endfacet
  facet normal 0.831474 0.555563 0
    outer loop
      vertex 2.71327 2.08196 3.75622
      vertex 2.89302 1.81294 1.85777
      vertex 2.71327 2.08196 1.82668
    endloop
  endfacet
  facet normal 0.831461 0.555584 -4.28282e-06
    outer loop
      vertex 2.71327 2.08196 3.75622
      vertex 2.95102 1.72614 1.86585
      vertex 2.89302 1.81294 1.85777
    endloop
  endfacet
  facet normal 0.831465 0.555577 -0
    outer loop
      vertex 2.96181 1.71 1.86759
      vertex 2.71327 2.08196 3.75622
      vertex 2.96181 1.71 3.79897
    endloop
  endfacet
  facet normal 0.831339 0.555766 -5.37531e-05
    outer loop
      vertex 2.71327 2.08196 3.75622
      vertex 2.96181 1.71 1.86759
      vertex 2.95102 1.72614 1.86585
    endloop
  endfacet
  facet normal 0.32144 0.94693 -0
    outer loop
      vertex 1.30878 3.15967 0
      vertex 0.88516 3.30347 1.54746
      vertex 1.30878 3.15967 1.59036
    endloop
  endfacet
  facet normal 0.32144 0.94693 0
    outer loop
      vertex 0.88516 3.30347 1.54746
      vertex 1.30878 3.15967 0
      vertex 0.88516 3.30347 0
    endloop
  endfacet
  facet normal 0.32144 0.94693 -0
    outer loop
      vertex 1.30878 3.15967 3.65929
      vertex 0.88516 3.30347 4.5
      vertex 1.30878 3.15967 4.5
    endloop
  endfacet
  facet normal 0.321439 0.94693 -6.84614e-07
    outer loop
      vertex 0.928463 3.28877 3.62195
      vertex 0.88516 3.30347 4.5
      vertex 1.30878 3.15967 3.65929
    endloop
  endfacet
  facet normal 0.321451 0.946926 0
    outer loop
      vertex 0.88516 3.30347 4.5
      vertex 0.928463 3.28877 3.62195
      vertex 0.88516 3.30347 3.61828
    endloop
  endfacet
  facet normal 0.32144 0.94693 -0
    outer loop
      vertex 1.30878 3.15967 1.65916
      vertex 0.88516 3.30347 3.54823
      vertex 1.30878 3.15967 3.59078
    endloop
  endfacet
  facet normal 0.32141 0.94694 -7.44961e-06
    outer loop
      vertex 1.17514 3.20503 1.64634
      vertex 0.88516 3.30347 3.54823
      vertex 1.30878 3.15967 1.65916
    endloop
  endfacet
  facet normal 0.321426 0.946935 -4.80977e-06
    outer loop
      vertex 1.08013 3.23728 1.63848
      vertex 0.88516 3.30347 3.54823
      vertex 1.17514 3.20503 1.64634
    endloop
  endfacet
  facet normal 0.321468 0.94692 0
    outer loop
      vertex 0.88516 3.30347 3.54823
      vertex 1.08013 3.23728 1.63848
      vertex 0.88516 3.30347 1.61868
    endloop
  endfacet
  facet normal -0.980788 -0.195078 0
    outer loop
      vertex -3.32921 -0.755752 2.96341
      vertex -3.39074 -0.446399 4.5
      vertex -3.39074 -0.446399 2.99253
    endloop
  endfacet
  facet normal -0.980774 -0.195148 -5.56149e-06
    outer loop
      vertex -3.30347 -0.88516 4.5
      vertex -3.32921 -0.755752 2.96341
      vertex -3.30777 -0.863505 2.95466
    endloop
  endfacet
  facet normal -0.98085 -0.194766 -0
    outer loop
      vertex -3.30347 -0.88516 4.5
      vertex -3.30777 -0.863505 2.95466
      vertex -3.30347 -0.88516 2.95254
    endloop
  endfacet
  facet normal -0.980787 -0.19508 3.95663e-07
    outer loop
      vertex -3.32921 -0.755752 2.96341
      vertex -3.30347 -0.88516 4.5
      vertex -3.39074 -0.446399 4.5
    endloop
  endfacet
  facet normal -0.980785 -0.195091 0
    outer loop
      vertex -3.39074 -0.446399 0
      vertex -3.31557 -0.824303 0.886483
      vertex -3.39074 -0.446399 0.923491
    endloop
  endfacet
  facet normal -0.980787 -0.19508 4.99855e-06
    outer loop
      vertex -3.30347 -0.88516 0
      vertex -3.31557 -0.824303 0.886483
      vertex -3.39074 -0.446399 0
    endloop
  endfacet
  facet normal -0.980801 -0.19501 0
    outer loop
      vertex -3.31557 -0.824303 0.886483
      vertex -3.30347 -0.88516 0
      vertex -3.30347 -0.88516 0.881717
    endloop
  endfacet
  facet normal -0.980775 -0.195143 0
    outer loop
      vertex -3.38044 -0.498166 0.987804
      vertex -3.39074 -0.446399 2.92401
      vertex -3.39074 -0.446399 0.992554
    endloop
  endfacet
  facet normal -0.980784 -0.195095 -5.1118e-06
    outer loop
      vertex -3.30347 -0.88516 2.88132
      vertex -3.38044 -0.498166 0.987804
      vertex -3.36044 -0.59871 0.979842
    endloop
  endfacet
  facet normal -0.980791 -0.195062 -0
    outer loop
      vertex -3.30347 -0.88516 2.88132
      vertex -3.36044 -0.59871 0.979842
      vertex -3.30347 -0.88516 0.951767
    endloop
  endfacet
  facet normal -0.980787 -0.195079 -1.77356e-06
    outer loop
      vertex -3.38044 -0.498166 0.987804
      vertex -3.30347 -0.88516 2.88132
      vertex -3.39074 -0.446399 2.92401
    endloop
  endfacet
  facet normal 0.997859 -0.0653949 0
    outer loop
      vertex 3.42 0 4.5
      vertex 3.40798 -0.183413 4.05308
      vertex 3.42 0 4.03541
    endloop
  endfacet
  facet normal 0.99786 -0.0653864 -3.49212e-06
    outer loop
      vertex 3.42 0 4.5
      vertex 3.40141 -0.283678 4.06098
      vertex 3.40798 -0.183413 4.05308
    endloop
  endfacet
  facet normal 0.997859 -0.0654064 9.47496e-06
    outer loop
      vertex 3.39074 -0.446399 4.5
      vertex 3.40141 -0.283678 4.06098
      vertex 3.42 0 4.5
    endloop
  endfacet
  facet normal 0.997857 -0.0654318 0
    outer loop
      vertex 3.40141 -0.283678 4.06098
      vertex 3.39074 -0.446399 4.5
      vertex 3.39074 -0.446399 4.07582
    endloop
  endfacet
  facet normal 0.99786 -0.0653855 0
    outer loop
      vertex 3.39074 -0.446399 0.00624283
      vertex 3.39074 -0.446399 0
      vertex 3.39584 -0.368567 0
    endloop
  endfacet
  facet normal 0.997859 -0.0654027 0
    outer loop
      vertex 3.41293 -0.107868 1.97561
      vertex 3.42 0 0.0342492
      vertex 3.42 0 1.96582
    endloop
  endfacet
  facet normal 0.997861 -0.0653715 -6.45969e-06
    outer loop
      vertex 3.39074 -0.446399 0.0768584
      vertex 3.41293 -0.107868 1.97561
      vertex 3.40635 -0.208309 1.98347
    endloop
  endfacet
  facet normal 0.997858 -0.065423 0
    outer loop
      vertex 3.39074 -0.446399 0.0768584
      vertex 3.40635 -0.208309 1.98347
      vertex 3.39074 -0.446399 2.00641
    endloop
  endfacet
  facet normal 0.997859 -0.0654064 -2.04601e-07
    outer loop
      vertex 3.41293 -0.107868 1.97561
      vertex 3.39074 -0.446399 0.0768584
      vertex 3.42 0 0.0342492
    endloop
  endfacet
  facet normal 0.997859 -0.0653984 0
    outer loop
      vertex 3.42 0 3.96419
      vertex 3.39151 -0.434705 2.07652
      vertex 3.42 0 2.03471
    endloop
  endfacet
  facet normal 0.997859 -0.0654062 1.80826e-06
    outer loop
      vertex 3.39074 -0.446399 4.00708
      vertex 3.39151 -0.434705 2.07652
      vertex 3.42 0 3.96419
    endloop
  endfacet
  facet normal 0.997839 -0.0657035 0
    outer loop
      vertex 3.39151 -0.434705 2.07652
      vertex 3.39074 -0.446399 4.00708
      vertex 3.39074 -0.446399 2.07741
    endloop
  endfacet
  facet normal -0.997859 -0.0654064 -0
    outer loop
      vertex -3.39074 -0.446399 4.5
      vertex -3.42 0 3.03504
      vertex -3.39074 -0.446399 2.99253
    endloop
  endfacet
  facet normal -0.997859 -0.0654064 0
    outer loop
      vertex -3.42 0 3.03504
      vertex -3.39074 -0.446399 4.5
      vertex -3.42 0 4.5
    endloop
  endfacet
  facet normal -0.997859 -0.0654064 -0
    outer loop
      vertex -3.39074 -0.446399 0.923491
      vertex -3.42 0 0
      vertex -3.39074 -0.446399 0
    endloop
  endfacet
  facet normal -0.997859 -0.0654064 0
    outer loop
      vertex -3.42 0 0
      vertex -3.39074 -0.446399 0.923491
      vertex -3.42 0 0.965845
    endloop
  endfacet
  facet normal -0.997848 -0.0655649 0
    outer loop
      vertex -3.42 0 1.03444
      vertex -3.41841 -0.0241986 2.96341
      vertex -3.42 0 2.96536
    endloop
  endfacet
  facet normal -0.997859 -0.0654064 -0
    outer loop
      vertex -3.39074 -0.446399 2.92401
      vertex -3.42 0 1.03444
      vertex -3.39074 -0.446399 0.992554
    endloop
  endfacet
  facet normal -0.997859 -0.0653975 2.1091e-06
    outer loop
      vertex -3.42 0 1.03444
      vertex -3.39074 -0.446399 2.92401
      vertex -3.41841 -0.0241986 2.96341
    endloop
  endfacet
  facet normal -0.32144 -0.94693 0
    outer loop
      vertex -1.30878 -3.15967 2.65917
      vertex -0.88516 -3.30347 4.5
      vertex -1.30878 -3.15967 4.5
    endloop
  endfacet
  facet normal -0.321427 -0.946934 -3.32525e-06
    outer loop
      vertex -1.05112 -3.24713 2.63415
      vertex -0.88516 -3.30347 4.5
      vertex -1.30878 -3.15967 2.65917
    endloop
  endfacet
  facet normal -0.321411 -0.94694 -4.93485e-06
    outer loop
      vertex -0.951126 -3.28107 2.62576
      vertex -0.88516 -3.30347 4.5
      vertex -1.05112 -3.24713 2.63415
    endloop
  endfacet
  facet normal -0.321537 -0.946897 -0
    outer loop
      vertex -0.88516 -3.30347 4.5
      vertex -0.951126 -3.28107 2.62576
      vertex -0.88516 -3.30347 2.61907
    endloop
  endfacet
  facet normal -0.321424 -0.946935 0
    outer loop
      vertex -1.30878 -3.15967 0
      vertex -0.982739 -3.27034 0.55696
      vertex -1.30878 -3.15967 0.590046
    endloop
  endfacet
  facet normal -0.32144 -0.94693 1.07175e-05
    outer loop
      vertex -0.88516 -3.30347 0
      vertex -0.982739 -3.27034 0.55696
      vertex -1.30878 -3.15967 0
    endloop
  endfacet
  facet normal -0.321495 -0.946911 0
    outer loop
      vertex -0.982739 -3.27034 0.55696
      vertex -0.88516 -3.30347 0
      vertex -0.88516 -3.30347 0.549006
    endloop
  endfacet
  facet normal -0.320947 -0.947097 0
    outer loop
      vertex -1.30096 -3.16232 0.658536
      vertex -1.30878 -3.15967 2.59061
      vertex -1.30878 -3.15967 0.659275
    endloop
  endfacet
  facet normal -0.32144 -0.94693 -2.22574e-06
    outer loop
      vertex -1.30878 -3.15967 2.59061
      vertex -1.30096 -3.16232 0.658536
      vertex -0.88516 -3.30347 2.54786
    endloop
  endfacet
  facet normal -0.321444 -0.946929 -1.31285e-06
    outer loop
      vertex -1.20139 -3.19612 0.650409
      vertex -0.88516 -3.30347 2.54786
      vertex -1.30096 -3.16232 0.658536
    endloop
  endfacet
  facet normal -0.321451 -0.946926 -0
    outer loop
      vertex -0.88516 -3.30347 2.54786
      vertex -1.20139 -3.19612 0.650409
      vertex -0.88516 -3.30347 0.618316
    endloop
  endfacet
  facet normal 0.896873 0.442289 -0
    outer loop
      vertex 3.15967 1.30878 0
      vertex 2.96181 1.71 1.79841
      vertex 3.15967 1.30878 1.84083
    endloop
  endfacet
  facet normal 0.896873 0.442289 0
    outer loop
      vertex 2.96181 1.71 1.79841
      vertex 3.15967 1.30878 0
      vertex 2.96181 1.71 0
    endloop
  endfacet
  facet normal 0.896873 0.442289 -0
    outer loop
      vertex 3.15967 1.30878 3.90995
      vertex 2.96181 1.71 4.5
      vertex 3.15967 1.30878 4.5
    endloop
  endfacet
  facet normal 0.896873 0.442289 0
    outer loop
      vertex 2.96181 1.71 4.5
      vertex 3.15967 1.30878 3.90995
      vertex 2.96181 1.71 3.86751
    endloop
  endfacet
  facet normal 0.896873 0.442289 -0
    outer loop
      vertex 3.15967 1.30878 1.90938
      vertex 2.96181 1.71 3.79897
      vertex 3.15967 1.30878 3.84072
    endloop
  endfacet
  facet normal 0.896873 0.442289 0
    outer loop
      vertex 2.96181 1.71 3.79897
      vertex 3.15967 1.30878 1.90938
      vertex 2.96181 1.71 1.86759
    endloop
  endfacet
  facet normal 0.751832 0.659354 4.03855e-07
    outer loop
      vertex 2.71327 2.08196 0
      vertex 2.4183 2.4183 1.71567
      vertex 2.70435 2.09213 1.7561
    endloop
  endfacet
  facet normal 0.751798 0.659394 -0
    outer loop
      vertex 2.71327 2.08196 0
      vertex 2.70435 2.09213 1.7561
      vertex 2.71327 2.08196 1.75718
    endloop
  endfacet
  facet normal 0.751831 0.659356 0
    outer loop
      vertex 2.4183 2.4183 1.71567
      vertex 2.71327 2.08196 0
      vertex 2.4183 2.4183 0
    endloop
  endfacet
  facet normal 0.751831 0.659356 -0
    outer loop
      vertex 2.71327 2.08196 3.82744
      vertex 2.4183 2.4183 4.5
      vertex 2.71327 2.08196 4.5
    endloop
  endfacet
  facet normal 0.751831 0.659356 0
    outer loop
      vertex 2.4183 2.4183 4.5
      vertex 2.71327 2.08196 3.82744
      vertex 2.4183 2.4183 3.78457
    endloop
  endfacet
  facet normal 0.751797 0.659394 -1.21776e-05
    outer loop
      vertex 2.71327 2.08196 1.82668
      vertex 2.4183 2.4183 3.71585
      vertex 2.53305 2.28747 3.73171
    endloop
  endfacet
  facet normal 0.751838 0.659348 -3.34721e-06
    outer loop
      vertex 2.71327 2.08196 1.82668
      vertex 2.53305 2.28747 3.73171
      vertex 2.59942 2.21179 3.73962
    endloop
  endfacet
  facet normal 0.751862 0.65932 -0
    outer loop
      vertex 2.71327 2.08196 1.82668
      vertex 2.59942 2.21179 3.73962
      vertex 2.71327 2.08196 3.75622
    endloop
  endfacet
  facet normal 0.751831 0.659356 0
    outer loop
      vertex 2.4183 2.4183 3.71585
      vertex 2.71327 2.08196 1.82668
      vertex 2.4183 2.4183 1.78419
    endloop
  endfacet
  facet normal 0.94693 -0.32144 0
    outer loop
      vertex 3.15967 -1.30878 4.16091
      vertex 3.30347 -0.88516 4.5
      vertex 3.15967 -1.30878 4.5
    endloop
  endfacet
  facet normal 0.94693 -0.32144 0
    outer loop
      vertex 3.30347 -0.88516 4.5
      vertex 3.15967 -1.30878 4.16091
      vertex 3.30347 -0.88516 4.11799
    endloop
  endfacet
  facet normal 0.94693 -0.32144 0
    outer loop
      vertex 3.15967 -1.30878 0
      vertex 3.30347 -0.88516 0.0485708
      vertex 3.15967 -1.30878 0.0908514
    endloop
  endfacet
  facet normal 0.94693 -0.32144 0
    outer loop
      vertex 3.30347 -0.88516 0.0485708
      vertex 3.15967 -1.30878 0
      vertex 3.30347 -0.88516 0
    endloop
  endfacet
  facet normal 0.946927 -0.321449 2.27994e-06
    outer loop
      vertex 3.15967 -1.30878 0.159501
      vertex 3.30347 -0.88516 2.04906
      vertex 3.17782 -1.2553 2.08537
    endloop
  endfacet
  facet normal 0.946952 -0.321376 0
    outer loop
      vertex 3.15967 -1.30878 0.159501
      vertex 3.17782 -1.2553 2.08537
      vertex 3.15967 -1.30878 2.08989
    endloop
  endfacet
  facet normal 0.94693 -0.32144 0
    outer loop
      vertex 3.30347 -0.88516 2.04906
      vertex 3.15967 -1.30878 0.159501
      vertex 3.30347 -0.88516 0.117523
    endloop
  endfacet
  facet normal 0.946925 -0.321456 3.93711e-06
    outer loop
      vertex 3.15967 -1.30878 2.16013
      vertex 3.30347 -0.88516 4.04917
      vertex 3.26164 -1.00838 4.06098
    endloop
  endfacet
  facet normal 0.946916 -0.321482 8.58533e-06
    outer loop
      vertex 3.15967 -1.30878 2.16013
      vertex 3.26164 -1.00838 4.06098
      vertex 3.22937 -1.10343 4.06883
    endloop
  endfacet
  facet normal 0.94694 -0.321411 0
    outer loop
      vertex 3.15967 -1.30878 2.16013
      vertex 3.22937 -1.10343 4.06883
      vertex 3.15967 -1.30878 4.08968
    endloop
  endfacet
  facet normal 0.94693 -0.32144 0
    outer loop
      vertex 3.30347 -0.88516 4.04917
      vertex 3.15967 -1.30878 2.16013
      vertex 3.30347 -0.88516 2.11756
    endloop
  endfacet
  facet normal -0.751831 -0.659356 -0
    outer loop
      vertex -2.4183 -2.4183 4.5
      vertex -2.71327 -2.08196 2.82705
      vertex -2.4183 -2.4183 2.78433
    endloop
  endfacet
  facet normal -0.751831 -0.659356 0
    outer loop
      vertex -2.71327 -2.08196 2.82705
      vertex -2.4183 -2.4183 4.5
      vertex -2.71327 -2.08196 4.5
    endloop
  endfacet
  facet normal -0.751831 -0.659356 -0
    outer loop
      vertex -2.4183 -2.4183 0.715432
      vertex -2.71327 -2.08196 0
      vertex -2.4183 -2.4183 0
    endloop
  endfacet
  facet normal -0.751831 -0.659356 0
    outer loop
      vertex -2.71327 -2.08196 0
      vertex -2.4183 -2.4183 0.715432
      vertex -2.71327 -2.08196 0.757498
    endloop
  endfacet
  facet normal -0.751795 -0.659397 0
    outer loop
      vertex -2.71327 -2.08196 0.826352
      vertex -2.69079 -2.10759 2.75255
      vertex -2.71327 -2.08196 2.75582
    endloop
  endfacet
  facet normal -0.751875 -0.659306 2.1529e-06
    outer loop
      vertex -2.71327 -2.08196 0.826352
      vertex -2.61914 -2.1893 2.7439
      vertex -2.69079 -2.10759 2.75255
    endloop
  endfacet
  facet normal -0.751831 -0.659356 -0
    outer loop
      vertex -2.4183 -2.4183 2.71581
      vertex -2.71327 -2.08196 0.826352
      vertex -2.4183 -2.4183 0.784149
    endloop
  endfacet
  facet normal -0.75182 -0.659369 -4.07356e-06
    outer loop
      vertex -2.71327 -2.08196 0.826352
      vertex -2.4183 -2.4183 2.71581
      vertex -2.61914 -2.1893 2.7439
    endloop
  endfacet
  facet normal 0.980787 -0.19508 0
    outer loop
      vertex 3.30347 -0.88516 4.11799
      vertex 3.39074 -0.446399 4.5
      vertex 3.30347 -0.88516 4.5
    endloop
  endfacet
  facet normal 0.980787 -0.19508 0
    outer loop
      vertex 3.39074 -0.446399 4.5
      vertex 3.30347 -0.88516 4.11799
      vertex 3.39074 -0.446399 4.07582
    endloop
  endfacet
  facet normal 0.980792 -0.195056 0
    outer loop
      vertex 3.38455 -0.477524 0.0086703
      vertex 3.39074 -0.446399 0
      vertex 3.39074 -0.446399 0.00624283
    endloop
  endfacet
  facet normal 0.980787 -0.195081 0
    outer loop
      vertex 3.30347 -0.88516 0
      vertex 3.38455 -0.477524 0.0086703
      vertex 3.30347 -0.88516 0.0485708
    endloop
  endfacet
  facet normal 0.980787 -0.19508 -8.97618e-05
    outer loop
      vertex 3.38455 -0.477524 0.0086703
      vertex 3.30347 -0.88516 0
      vertex 3.39074 -0.446399 0
    endloop
  endfacet
  facet normal 0.980786 -0.195088 0
    outer loop
      vertex 3.39074 -0.446399 2.00641
      vertex 3.33999 -0.701539 0.101867
      vertex 3.39074 -0.446399 0.0768584
    endloop
  endfacet
  facet normal 0.980792 -0.195056 -4.51704e-06
    outer loop
      vertex 3.39074 -0.446399 2.00641
      vertex 3.32025 -0.800797 0.109756
      vertex 3.33999 -0.701539 0.101867
    endloop
  endfacet
  facet normal 0.980787 -0.19508 5.85375e-08
    outer loop
      vertex 3.30347 -0.88516 2.04906
      vertex 3.32025 -0.800797 0.109756
      vertex 3.39074 -0.446399 2.00641
    endloop
  endfacet
  facet normal 0.980787 -0.195081 0
    outer loop
      vertex 3.32025 -0.800797 0.109756
      vertex 3.30347 -0.88516 2.04906
      vertex 3.30347 -0.88516 0.117523
    endloop
  endfacet
  facet normal 0.980788 -0.195075 0
    outer loop
      vertex 3.39074 -0.446399 4.00708
      vertex 3.37132 -0.544038 2.08537
      vertex 3.39074 -0.446399 2.07741
    endloop
  endfacet
  facet normal 0.980787 -0.19508 0
    outer loop
      vertex 3.30347 -0.88516 2.11756
      vertex 3.39074 -0.446399 4.00708
      vertex 3.30347 -0.88516 4.04917
    endloop
  endfacet
  facet normal 0.980787 -0.195081 3.22983e-07
    outer loop
      vertex 3.39074 -0.446399 4.00708
      vertex 3.30347 -0.88516 2.11756
      vertex 3.37132 -0.544038 2.08537
    endloop
  endfacet
  facet normal 0.0653864 -0.99786 3.49222e-06
    outer loop
      vertex 0 -3.42 0
      vertex 0.283678 -3.40141 0.439024
      vertex 0.183413 -3.40798 0.446918
    endloop
  endfacet
  facet normal 0.0653949 -0.997859 0
    outer loop
      vertex 0 -3.42 0
      vertex 0.183413 -3.40798 0.446918
      vertex 0 -3.42 0.464586
    endloop
  endfacet
  facet normal 0.0654064 -0.997859 -9.47488e-06
    outer loop
      vertex 0.283678 -3.40141 0.439024
      vertex 0 -3.42 0
      vertex 0.446399 -3.39074 0
    endloop
  endfacet
  facet normal 0.0654318 -0.997857 0
    outer loop
      vertex 0.283678 -3.40141 0.439024
      vertex 0.446399 -3.39074 0
      vertex 0.446399 -3.39074 0.424182
    endloop
  endfacet
  facet normal 0.0653855 -0.99786 0
    outer loop
      vertex 0.446399 -3.39074 4.5
      vertex 0.368567 -3.39584 4.5
      vertex 0.446399 -3.39074 4.49376
    endloop
  endfacet
  facet normal 0.0653984 -0.997859 0
    outer loop
      vertex 0 -3.42 0.535809
      vertex 0.434705 -3.39151 2.42348
      vertex 0 -3.42 2.46529
    endloop
  endfacet
  facet normal 0.0654062 -0.997859 -1.80826e-06
    outer loop
      vertex 0.446399 -3.39074 0.492923
      vertex 0.434705 -3.39151 2.42348
      vertex 0 -3.42 0.535809
    endloop
  endfacet
  facet normal 0.0657035 -0.997839 0
    outer loop
      vertex 0.434705 -3.39151 2.42348
      vertex 0.446399 -3.39074 0.492923
      vertex 0.446399 -3.39074 2.42259
    endloop
  endfacet
  facet normal 0.0654064 -0.997859 0
    outer loop
      vertex 0 -3.42 2.53417
      vertex 0.446399 -3.39074 4.42314
      vertex 0 -3.42 4.46575
    endloop
  endfacet
  facet normal 0.0654028 -0.997859 8.4743e-07
    outer loop
      vertex 0.107868 -3.41293 2.52439
      vertex 0.446399 -3.39074 4.42314
      vertex 0 -3.42 2.53417
    endloop
  endfacet
  facet normal 0.0653715 -0.997861 6.4597e-06
    outer loop
      vertex 0.208309 -3.40635 2.51653
      vertex 0.446399 -3.39074 4.42314
      vertex 0.107868 -3.41293 2.52439
    endloop
  endfacet
  facet normal 0.065423 -0.997858 0
    outer loop
      vertex 0.446399 -3.39074 4.42314
      vertex 0.208309 -3.40635 2.51653
      vertex 0.446399 -3.39074 2.49359
    endloop
  endfacet
  facet normal -0.946926 -0.321451 0
    outer loop
      vertex -3.30347 -0.88516 0
      vertex -3.28877 -0.928463 0.878048
      vertex -3.30347 -0.88516 0.881717
    endloop
  endfacet
  facet normal -0.94693 -0.32144 -0
    outer loop
      vertex -3.15967 -1.30878 0.84071
      vertex -3.30347 -0.88516 0
      vertex -3.15967 -1.30878 0
    endloop
  endfacet
  facet normal -0.94693 -0.321439 6.84616e-07
    outer loop
      vertex -3.30347 -0.88516 0
      vertex -3.15967 -1.30878 0.84071
      vertex -3.28877 -0.928463 0.878048
    endloop
  endfacet
  facet normal -0.94693 -0.32144 -0
    outer loop
      vertex -3.15967 -1.30878 4.5
      vertex -3.30347 -0.88516 2.95254
      vertex -3.15967 -1.30878 2.90964
    endloop
  endfacet
  facet normal -0.94693 -0.32144 0
    outer loop
      vertex -3.30347 -0.88516 2.95254
      vertex -3.15967 -1.30878 4.5
      vertex -3.30347 -0.88516 4.5
    endloop
  endfacet
  facet normal -0.94692 -0.321468 0
    outer loop
      vertex -3.30347 -0.88516 0.951767
      vertex -3.23728 -1.08013 2.86152
      vertex -3.30347 -0.88516 2.88132
    endloop
  endfacet
  facet normal -0.946935 -0.321426 4.80976e-06
    outer loop
      vertex -3.30347 -0.88516 0.951767
      vertex -3.20503 -1.17514 2.85366
      vertex -3.23728 -1.08013 2.86152
    endloop
  endfacet
  facet normal -0.94693 -0.32144 -0
    outer loop
      vertex -3.15967 -1.30878 2.84084
      vertex -3.30347 -0.88516 0.951767
      vertex -3.15967 -1.30878 0.909215
    endloop
  endfacet
  facet normal -0.94694 -0.32141 7.4496e-06
    outer loop
      vertex -3.30347 -0.88516 0.951767
      vertex -3.15967 -1.30878 2.84084
      vertex -3.20503 -1.17514 2.85366
    endloop
  endfacet
  facet normal 0.831465 -0.555577 0
    outer loop
      vertex 2.71327 -2.08196 0
      vertex 2.96181 -1.71 0.131123
      vertex 2.71327 -2.08196 0.173911
    endloop
  endfacet
  facet normal 0.831465 -0.555577 0
    outer loop
      vertex 2.96181 -1.71 0.131123
      vertex 2.71327 -2.08196 0
      vertex 2.96181 -1.71 0
    endloop
  endfacet
  facet normal 0.831465 -0.555577 0
    outer loop
      vertex 2.71327 -2.08196 4.2434
      vertex 2.96181 -1.71 4.5
      vertex 2.71327 -2.08196 4.5
    endloop
  endfacet
  facet normal 0.831465 -0.555577 0
    outer loop
      vertex 2.96181 -1.71 4.5
      vertex 2.71327 -2.08196 4.2434
      vertex 2.96181 -1.71 4.20087
    endloop
  endfacet
  facet normal 0.831454 -0.555593 0
    outer loop
      vertex 2.96181 -1.71 2.13185
      vertex 2.91013 -1.78734 0.211276
      vertex 2.96181 -1.71 0.202342
    endloop
  endfacet
  facet normal 0.831458 -0.555588 -3.03344e-07
    outer loop
      vertex 2.96181 -1.71 2.13185
      vertex 2.85237 -1.87378 0.219512
      vertex 2.91013 -1.78734 0.211276
    endloop
  endfacet
  facet normal 0.831465 -0.555577 0
    outer loop
      vertex 2.71327 -2.08196 0.242491
      vertex 2.96181 -1.71 2.13185
      vertex 2.71327 -2.08196 2.17418
    endloop
  endfacet
  facet normal 0.831472 -0.555567 -2.94044e-06
    outer loop
      vertex 2.96181 -1.71 2.13185
      vertex 2.71327 -2.08196 0.242491
      vertex 2.85237 -1.87378 0.219512
    endloop
  endfacet
  facet normal 0.831468 -0.555573 -1.09724e-06
    outer loop
      vertex 2.71327 -2.08196 2.24279
      vertex 2.96181 -1.71 4.13236
      vertex 2.73271 -2.05287 4.17073
    endloop
  endfacet
  facet normal 0.831434 -0.555623 0
    outer loop
      vertex 2.71327 -2.08196 2.24279
      vertex 2.73271 -2.05287 4.17073
      vertex 2.71327 -2.08196 4.17354
    endloop
  endfacet
  facet normal 0.831465 -0.555577 0
    outer loop
      vertex 2.96181 -1.71 4.13236
      vertex 2.71327 -2.08196 2.24279
      vertex 2.96181 -1.71 2.20088
    endloop
  endfacet
  facet normal 0.442289 0.896873 -0
    outer loop
      vertex 1.71 2.96181 3.70195
      vertex 1.30878 3.15967 4.5
      vertex 1.71 2.96181 4.5
    endloop
  endfacet
  facet normal 0.442289 0.896873 0
    outer loop
      vertex 1.30878 3.15967 4.5
      vertex 1.71 2.96181 3.70195
      vertex 1.30878 3.15967 3.65929
    endloop
  endfacet
  facet normal 0.442289 0.896873 -0
    outer loop
      vertex 1.71 2.96181 0
      vertex 1.30878 3.15967 1.59036
      vertex 1.71 2.96181 1.63251
    endloop
  endfacet
  facet normal 0.442289 0.896873 0
    outer loop
      vertex 1.30878 3.15967 1.59036
      vertex 1.71 2.96181 0
      vertex 1.30878 3.15967 0
    endloop
  endfacet
  facet normal 0.442277 0.896879 -0
    outer loop
      vertex 1.71 2.96181 1.70128
      vertex 1.61104 3.01061 3.62195
      vertex 1.71 2.96181 3.63076
    endloop
  endfacet
  facet normal 0.442293 0.896871 1.05972e-06
    outer loop
      vertex 1.61104 3.01061 3.62195
      vertex 1.71 2.96181 1.70128
      vertex 1.30878 3.15967 3.59078
    endloop
  endfacet
  facet normal 0.442289 0.896873 0
    outer loop
      vertex 1.30878 3.15967 3.59078
      vertex 1.71 2.96181 1.70128
      vertex 1.30878 3.15967 1.65916
    endloop
  endfacet
  facet normal -0.442307 0.896864 1.56666e-07
    outer loop
      vertex -1.30878 3.15967 0
      vertex -1.5343 3.04845 1.31707
      vertex -1.44352 3.09322 1.32505
    endloop
  endfacet
  facet normal -0.442308 0.896863 0
    outer loop
      vertex -1.30878 3.15967 0
      vertex -1.44352 3.09322 1.32505
      vertex -1.30878 3.15967 1.33949
    endloop
  endfacet
  facet normal -0.442289 0.896873 3.90565e-06
    outer loop
      vertex -1.71 2.96181 0
      vertex -1.5343 3.04845 1.31707
      vertex -1.30878 3.15967 0
    endloop
  endfacet
  facet normal -0.442265 0.896884 0
    outer loop
      vertex -1.5343 3.04845 1.31707
      vertex -1.71 2.96181 0
      vertex -1.71 2.96181 1.29919
    endloop
  endfacet
  facet normal -0.442297 0.896869 0
    outer loop
      vertex -1.376 3.12652 3.40244
      vertex -1.30878 3.15967 4.5
      vertex -1.30878 3.15967 3.4092
    endloop
  endfacet
  facet normal -0.442324 0.896855 2.07044e-06
    outer loop
      vertex -1.4671 3.08159 3.39453
      vertex -1.30878 3.15967 4.5
      vertex -1.376 3.12652 3.40244
    endloop
  endfacet
  facet normal -0.442289 0.896873 -4.17037e-06
    outer loop
      vertex -1.30878 3.15967 4.5
      vertex -1.4671 3.08159 3.39453
      vertex -1.71 2.96181 4.5
    endloop
  endfacet
  facet normal -0.442274 0.89688 0
    outer loop
      vertex -1.71 2.96181 4.5
      vertex -1.4671 3.08159 3.39453
      vertex -1.71 2.96181 3.36849
    endloop
  endfacet
  facet normal -0.442305 0.896865 0
    outer loop
      vertex -1.30878 3.15967 1.41071
      vertex -1.67251 2.98029 3.30127
      vertex -1.30878 3.15967 3.34021
    endloop
  endfacet
  facet normal -0.442137 0.896948 4.01629e-05
    outer loop
      vertex -1.30878 3.15967 1.41071
      vertex -1.71 2.96181 3.29807
      vertex -1.67251 2.98029 3.30127
    endloop
  endfacet
  facet normal -0.442289 0.896873 0
    outer loop
      vertex -1.71 2.96181 3.29807
      vertex -1.30878 3.15967 1.41071
      vertex -1.71 2.96181 1.36786
    endloop
  endfacet
  facet normal 0.442314 -0.89686 0
    outer loop
      vertex 1.49427 -3.06819 4.39024
      vertex 1.30878 -3.15967 4.5
      vertex 1.30878 -3.15967 4.40915
    endloop
  endfacet
  facet normal 0.442289 -0.896873 -5.20186e-05
    outer loop
      vertex 1.30878 -3.15967 4.5
      vertex 1.49427 -3.06819 4.39024
      vertex 1.71 -2.96181 4.5
    endloop
  endfacet
  facet normal 0.442283 -0.896875 -3.79839e-05
    outer loop
      vertex 1.5854 -3.02325 4.38223
      vertex 1.71 -2.96181 4.5
      vertex 1.49427 -3.06819 4.39024
    endloop
  endfacet
  facet normal 0.442254 -0.89689 0
    outer loop
      vertex 1.71 -2.96181 4.5
      vertex 1.5854 -3.02325 4.38223
      vertex 1.71 -2.96181 4.36888
    endloop
  endfacet
  facet normal 0.442313 -0.896861 2.97322e-06
    outer loop
      vertex 1.30878 -3.15967 0
      vertex 1.41742 -3.10609 0.329268
      vertex 1.31774 -3.15525 0.338132
    endloop
  endfacet
  facet normal 0.442403 -0.896816 0
    outer loop
      vertex 1.30878 -3.15967 0
      vertex 1.31774 -3.15525 0.338132
      vertex 1.30878 -3.15967 0.33909
    endloop
  endfacet
  facet normal 0.442289 -0.896873 1.26083e-05
    outer loop
      vertex 1.71 -2.96181 0
      vertex 1.41742 -3.10609 0.329268
      vertex 1.30878 -3.15967 0
    endloop
  endfacet
  facet normal 0.442278 -0.896878 0
    outer loop
      vertex 1.41742 -3.10609 0.329268
      vertex 1.71 -2.96181 0
      vertex 1.71 -2.96181 0.299127
    endloop
  endfacet
  facet normal 0.442305 -0.896865 -2.56078e-06
    outer loop
      vertex 1.30878 -3.15967 0.410317
      vertex 1.65271 -2.99006 2.30488
      vertex 1.56122 -3.03518 2.31281
    endloop
  endfacet
  facet normal 0.44229 -0.896872 0
    outer loop
      vertex 1.30878 -3.15967 0.410317
      vertex 1.56122 -3.03518 2.31281
      vertex 1.30878 -3.15967 2.33987
    endloop
  endfacet
  facet normal 0.44226 -0.896887 7.58276e-06
    outer loop
      vertex 1.65271 -2.99006 2.30488
      vertex 1.30878 -3.15967 0.410317
      vertex 1.71 -2.96181 2.29912
    endloop
  endfacet
  facet normal 0.442289 -0.896873 0
    outer loop
      vertex 1.71 -2.96181 2.29912
      vertex 1.30878 -3.15967 0.410317
      vertex 1.71 -2.96181 0.367636
    endloop
  endfacet
  facet normal 0.442289 -0.896873 0
    outer loop
      vertex 1.30878 -3.15967 2.41011
      vertex 1.71 -2.96181 4.29766
      vertex 1.30878 -3.15967 4.3405
    endloop
  endfacet
  facet normal 0.442351 -0.896842 -1.63217e-05
    outer loop
      vertex 1.35533 -3.13671 2.40612
      vertex 1.71 -2.96181 4.29766
      vertex 1.30878 -3.15967 2.41011
    endloop
  endfacet
  facet normal 0.442281 -0.896877 0
    outer loop
      vertex 1.71 -2.96181 4.29766
      vertex 1.35533 -3.13671 2.40612
      vertex 1.71 -2.96181 2.36815
    endloop
  endfacet
  facet normal 0.32144 -0.94693 0
    outer loop
      vertex 0.88516 -3.30347 4.45143
      vertex 1.30878 -3.15967 4.5
      vertex 0.88516 -3.30347 4.5
    endloop
  endfacet
  facet normal 0.32144 -0.94693 0
    outer loop
      vertex 1.30878 -3.15967 4.5
      vertex 0.88516 -3.30347 4.45143
      vertex 1.30878 -3.15967 4.40915
    endloop
  endfacet
  facet normal 0.32144 -0.94693 0
    outer loop
      vertex 0.88516 -3.30347 0
      vertex 1.30878 -3.15967 0.33909
      vertex 0.88516 -3.30347 0.382005
    endloop
  endfacet
  facet normal 0.32144 -0.94693 0
    outer loop
      vertex 1.30878 -3.15967 0.33909
      vertex 0.88516 -3.30347 0
      vertex 1.30878 -3.15967 0
    endloop
  endfacet
  facet normal 0.32144 -0.94693 0
    outer loop
      vertex 0.88516 -3.30347 0.450829
      vertex 1.30878 -3.15967 2.33987
      vertex 0.88516 -3.30347 2.38244
    endloop
  endfacet
  facet normal 0.321456 -0.946925 -3.93715e-06
    outer loop
      vertex 1.00838 -3.26164 0.439024
      vertex 1.30878 -3.15967 2.33987
      vertex 0.88516 -3.30347 0.450829
    endloop
  endfacet
  facet normal 0.321482 -0.946916 -8.58521e-06
    outer loop
      vertex 1.10343 -3.22937 0.431164
      vertex 1.30878 -3.15967 2.33987
      vertex 1.00838 -3.26164 0.439024
    endloop
  endfacet
  facet normal 0.321411 -0.94694 0
    outer loop
      vertex 1.30878 -3.15967 2.33987
      vertex 1.10343 -3.22937 0.431164
      vertex 1.30878 -3.15967 0.410317
    endloop
  endfacet
  facet normal 0.32144 -0.94693 0
    outer loop
      vertex 0.88516 -3.30347 2.45094
      vertex 1.30878 -3.15967 4.3405
      vertex 0.88516 -3.30347 4.38248
    endloop
  endfacet
  facet normal 0.321449 -0.946927 -2.27994e-06
    outer loop
      vertex 1.2553 -3.17782 2.41463
      vertex 1.30878 -3.15967 4.3405
      vertex 0.88516 -3.30347 2.45094
    endloop
  endfacet
  facet normal 0.321376 -0.946952 0
    outer loop
      vertex 1.30878 -3.15967 4.3405
      vertex 1.2553 -3.17782 2.41463
      vertex 1.30878 -3.15967 2.41011
    endloop
  endfacet
  facet normal -0.19508 -0.980787 0
    outer loop
      vertex -0.88516 -3.30347 2.61907
      vertex -0.446399 -3.39074 4.5
      vertex -0.88516 -3.30347 4.5
    endloop
  endfacet
  facet normal -0.19508 -0.980787 -0
    outer loop
      vertex -0.446399 -3.39074 4.5
      vertex -0.88516 -3.30347 2.61907
      vertex -0.446399 -3.39074 2.57621
    endloop
  endfacet
  facet normal -0.192954 -0.981208 0
    outer loop
      vertex -0.88516 -3.30347 0
      vertex -0.882414 -3.30401 0.54878
      vertex -0.88516 -3.30347 0.549006
    endloop
  endfacet
  facet normal -0.195092 -0.980785 1.11131e-05
    outer loop
      vertex -0.882414 -3.30401 0.54878
      vertex -0.88516 -3.30347 0
      vertex -0.446399 -3.39074 0.507316
    endloop
  endfacet
  facet normal -0.19508 -0.980787 -0
    outer loop
      vertex -0.446399 -3.39074 0.507316
      vertex -0.88516 -3.30347 0
      vertex -0.446399 -3.39074 0
    endloop
  endfacet
  facet normal -0.195132 -0.980777 5.72264e-06
    outer loop
      vertex -0.88516 -3.30347 0.618316
      vertex -0.627812 -3.35466 2.52439
      vertex -0.726778 -3.33497 2.53233
    endloop
  endfacet
  facet normal -0.195066 -0.98079 0
    outer loop
      vertex -0.88516 -3.30347 0.618316
      vertex -0.726778 -3.33497 2.53233
      vertex -0.88516 -3.30347 2.54786
    endloop
  endfacet
  facet normal -0.195063 -0.980791 -3.96551e-06
    outer loop
      vertex -0.627812 -3.35466 2.52439
      vertex -0.88516 -3.30347 0.618316
      vertex -0.446399 -3.39074 2.50752
    endloop
  endfacet
  facet normal -0.19508 -0.980787 -0
    outer loop
      vertex -0.446399 -3.39074 2.50752
      vertex -0.88516 -3.30347 0.618316
      vertex -0.446399 -3.39074 0.575848
    endloop
  endfacet
  facet normal -0.94693 0.32144 0
    outer loop
      vertex -3.30347 0.88516 4.5
      vertex -3.15967 1.30878 3.16051
      vertex -3.30347 0.88516 3.11774
    endloop
  endfacet
  facet normal -0.94693 0.32144 0
    outer loop
      vertex -3.15967 1.30878 3.16051
      vertex -3.30347 0.88516 4.5
      vertex -3.15967 1.30878 4.5
    endloop
  endfacet
  facet normal -0.94693 0.32144 0
    outer loop
      vertex -3.30347 0.88516 1.04885
      vertex -3.15967 1.30878 0
      vertex -3.30347 0.88516 0
    endloop
  endfacet
  facet normal -0.94693 0.32144 0
    outer loop
      vertex -3.15967 1.30878 0
      vertex -3.30347 0.88516 1.04885
      vertex -3.15967 1.30878 1.0908
    endloop
  endfacet
  facet normal -0.946924 0.321458 0
    outer loop
      vertex -3.15967 1.30878 1.15979
      vertex -3.18583 1.23172 3.08148
      vertex -3.15967 1.30878 3.08929
    endloop
  endfacet
  facet normal -0.946951 0.321379 -3.51182e-06
    outer loop
      vertex -3.15967 1.30878 1.15979
      vertex -3.21949 1.13254 3.07317
      vertex -3.18583 1.23172 3.08148
    endloop
  endfacet
  facet normal -0.94693 0.32144 0
    outer loop
      vertex -3.30347 0.88516 3.04917
      vertex -3.15967 1.30878 1.15979
      vertex -3.30347 0.88516 1.11748
    endloop
  endfacet
  facet normal -0.946924 0.321459 4.68662e-06
    outer loop
      vertex -3.15967 1.30878 1.15979
      vertex -3.30347 0.88516 3.04917
      vertex -3.21949 1.13254 3.07317
    endloop
  endfacet
  facet normal -0.19508 0.980787 0
    outer loop
      vertex -0.446399 3.39074 0
      vertex -0.88516 3.30347 1.38226
      vertex -0.446399 3.39074 1.42409
    endloop
  endfacet
  facet normal -0.19508 0.980787 0
    outer loop
      vertex -0.88516 3.30347 1.38226
      vertex -0.446399 3.39074 0
      vertex -0.88516 3.30347 0
    endloop
  endfacet
  facet normal -0.19508 0.980787 0
    outer loop
      vertex -0.446399 3.39074 3.49398
      vertex -0.88516 3.30347 4.5
      vertex -0.446399 3.39074 4.5
    endloop
  endfacet
  facet normal -0.19508 0.980787 0
    outer loop
      vertex -0.88516 3.30347 4.5
      vertex -0.446399 3.39074 3.49398
      vertex -0.88516 3.30347 3.45115
    endloop
  endfacet
  facet normal -0.195121 0.980779 -3.39455e-06
    outer loop
      vertex -0.446399 3.39074 1.49323
      vertex -0.67162 3.34594 3.40244
      vertex -0.571492 3.36586 3.4105
    endloop
  endfacet
  facet normal -0.195071 0.980789 0
    outer loop
      vertex -0.446399 3.39074 1.49323
      vertex -0.571492 3.36586 3.4105
      vertex -0.446399 3.39074 3.42276
    endloop
  endfacet
  facet normal -0.195065 0.98079 3.4649e-06
    outer loop
      vertex -0.67162 3.34594 3.40244
      vertex -0.446399 3.39074 1.49323
      vertex -0.88516 3.30347 3.38252
    endloop
  endfacet
  facet normal -0.19508 0.980787 0
    outer loop
      vertex -0.88516 3.30347 3.38252
      vertex -0.446399 3.39074 1.49323
      vertex -0.88516 3.30347 1.45083
    endloop
  endfacet
  facet normal -0.555577 0.831465 0
    outer loop
      vertex -1.71 2.96181 0
      vertex -2.08196 2.71327 1.25693
      vertex -1.71 2.96181 1.29919
    endloop
  endfacet
  facet normal -0.555577 0.831465 0
    outer loop
      vertex -2.08196 2.71327 1.25693
      vertex -1.71 2.96181 0
      vertex -2.08196 2.71327 0
    endloop
  endfacet
  facet normal -0.555577 0.831465 0
    outer loop
      vertex -1.71 2.96181 3.36849
      vertex -2.08196 2.71327 4.5
      vertex -1.71 2.96181 4.5
    endloop
  endfacet
  facet normal -0.555577 0.831465 0
    outer loop
      vertex -2.08196 2.71327 4.5
      vertex -1.71 2.96181 3.36849
      vertex -2.08196 2.71327 3.3259
    endloop
  endfacet
  facet normal -0.555661 0.831409 0
    outer loop
      vertex -1.71 2.96181 1.36786
      vertex -1.7659 2.92445 3.29268
      vertex -1.71 2.96181 3.29807
    endloop
  endfacet
  facet normal -0.555562 0.831475 4.14095e-06
    outer loop
      vertex -1.7659 2.92445 3.29268
      vertex -1.71 2.96181 1.36786
      vertex -2.08196 2.71327 3.2574
    endloop
  endfacet
  facet normal -0.555577 0.831465 0
    outer loop
      vertex -2.08196 2.71327 3.2574
      vertex -1.71 2.96181 1.36786
      vertex -2.08196 2.71327 1.32585
    endloop
  endfacet
  facet normal 0.555577 -0.831465 0
    outer loop
      vertex 1.71 -2.96181 0
      vertex 2.08196 -2.71327 0.256595
      vertex 1.71 -2.96181 0.299127
    endloop
  endfacet
  facet normal 0.555577 -0.831465 0
    outer loop
      vertex 2.08196 -2.71327 0.256595
      vertex 1.71 -2.96181 0
      vertex 2.08196 -2.71327 0
    endloop
  endfacet
  facet normal 0.555577 -0.831465 0
    outer loop
      vertex 1.71 -2.96181 4.36888
      vertex 2.08196 -2.71327 4.5
      vertex 1.71 -2.96181 4.5
    endloop
  endfacet
  facet normal 0.555577 -0.831465 0
    outer loop
      vertex 2.08196 -2.71327 4.5
      vertex 1.71 -2.96181 4.36888
      vertex 2.08196 -2.71327 4.32609
    endloop
  endfacet
  facet normal 0.555577 -0.831465 0
    outer loop
      vertex 1.71 -2.96181 0.367636
      vertex 2.08196 -2.71327 2.25721
      vertex 1.71 -2.96181 2.29912
    endloop
  endfacet
  facet normal 0.555573 -0.831468 1.09724e-06
    outer loop
      vertex 2.05287 -2.73271 0.329268
      vertex 2.08196 -2.71327 2.25721
      vertex 1.71 -2.96181 0.367636
    endloop
  endfacet
  facet normal 0.555623 -0.831434 0
    outer loop
      vertex 2.08196 -2.71327 2.25721
      vertex 2.05287 -2.73271 0.329268
      vertex 2.08196 -2.71327 0.326458
    endloop
  endfacet
  facet normal 0.555588 -0.831458 3.03345e-07
    outer loop
      vertex 1.71 -2.96181 2.36815
      vertex 1.87378 -2.85237 4.28049
      vertex 1.78734 -2.91013 4.28872
    endloop
  endfacet
  facet normal 0.555593 -0.831454 0
    outer loop
      vertex 1.71 -2.96181 2.36815
      vertex 1.78734 -2.91013 4.28872
      vertex 1.71 -2.96181 4.29766
    endloop
  endfacet
  facet normal 0.555567 -0.831472 2.94044e-06
    outer loop
      vertex 1.87378 -2.85237 4.28049
      vertex 1.71 -2.96181 2.36815
      vertex 2.08196 -2.71327 4.25751
    endloop
  endfacet
  facet normal 0.555577 -0.831465 0
    outer loop
      vertex 2.08196 -2.71327 4.25751
      vertex 1.71 -2.96181 2.36815
      vertex 2.08196 -2.71327 2.32582
    endloop
  endfacet
  facet normal 0.19508 -0.980787 0
    outer loop
      vertex 0.446399 -3.39074 0
      vertex 0.88516 -3.30347 0.382005
      vertex 0.446399 -3.39074 0.424182
    endloop
  endfacet
  facet normal 0.19508 -0.980787 0
    outer loop
      vertex 0.88516 -3.30347 0.382005
      vertex 0.446399 -3.39074 0
      vertex 0.88516 -3.30347 0
    endloop
  endfacet
  facet normal 0.195056 -0.980792 0
    outer loop
      vertex 0.477524 -3.38455 4.49133
      vertex 0.446399 -3.39074 4.5
      vertex 0.446399 -3.39074 4.49376
    endloop
  endfacet
  facet normal 0.19508 -0.980787 8.97649e-05
    outer loop
      vertex 0.446399 -3.39074 4.5
      vertex 0.477524 -3.38455 4.49133
      vertex 0.88516 -3.30347 4.5
    endloop
  endfacet
  facet normal 0.195081 -0.980787 0
    outer loop
      vertex 0.88516 -3.30347 4.5
      vertex 0.477524 -3.38455 4.49133
      vertex 0.88516 -3.30347 4.45143
    endloop
  endfacet
  facet normal 0.195075 -0.980788 0
    outer loop
      vertex 0.446399 -3.39074 0.492923
      vertex 0.544038 -3.37132 2.41463
      vertex 0.446399 -3.39074 2.42259
    endloop
  endfacet
  facet normal 0.195081 -0.980787 -3.22983e-07
    outer loop
      vertex 0.544038 -3.37132 2.41463
      vertex 0.446399 -3.39074 0.492923
      vertex 0.88516 -3.30347 2.38244
    endloop
  endfacet
  facet normal 0.19508 -0.980787 0
    outer loop
      vertex 0.88516 -3.30347 2.38244
      vertex 0.446399 -3.39074 0.492923
      vertex 0.88516 -3.30347 0.450829
    endloop
  endfacet
  facet normal 0.195056 -0.980792 4.51704e-06
    outer loop
      vertex 0.446399 -3.39074 2.49359
      vertex 0.800797 -3.32025 4.39024
      vertex 0.701539 -3.33999 4.39813
    endloop
  endfacet
  facet normal 0.195088 -0.980786 0
    outer loop
      vertex 0.446399 -3.39074 2.49359
      vertex 0.701539 -3.33999 4.39813
      vertex 0.446399 -3.39074 4.42314
    endloop
  endfacet
  facet normal 0.195081 -0.980787 -3.04739e-07
    outer loop
      vertex 0.800797 -3.32025 4.39024
      vertex 0.446399 -3.39074 2.49359
      vertex 0.88516 -3.30347 4.38248
    endloop
  endfacet
  facet normal 0.19508 -0.980787 0
    outer loop
      vertex 0.88516 -3.30347 4.38248
      vertex 0.446399 -3.39074 2.49359
      vertex 0.88516 -3.30347 2.45094
    endloop
  endfacet
  facet normal -0.896884 0.442265 0
    outer loop
      vertex -3.04845 1.5343 3.18293
      vertex -2.96181 1.71 4.5
      vertex -2.96181 1.71 3.20081
    endloop
  endfacet
  facet normal -0.896864 0.442307 -1.56666e-07
    outer loop
      vertex -3.15967 1.30878 4.5
      vertex -3.04845 1.5343 3.18293
      vertex -3.09322 1.44352 3.17495
    endloop
  endfacet
  facet normal -0.896863 0.442308 0
    outer loop
      vertex -3.15967 1.30878 4.5
      vertex -3.09322 1.44352 3.17495
      vertex -3.15967 1.30878 3.16051
    endloop
  endfacet
  facet normal -0.896873 0.442289 -3.90565e-06
    outer loop
      vertex -3.04845 1.5343 3.18293
      vertex -3.15967 1.30878 4.5
      vertex -2.96181 1.71 4.5
    endloop
  endfacet
  facet normal -0.89688 0.442274 0
    outer loop
      vertex -2.96181 1.71 0
      vertex -3.08159 1.4671 1.10547
      vertex -2.96181 1.71 1.13151
    endloop
  endfacet
  facet normal -0.896873 0.442289 4.17037e-06
    outer loop
      vertex -3.15967 1.30878 0
      vertex -3.08159 1.4671 1.10547
      vertex -2.96181 1.71 0
    endloop
  endfacet
  facet normal -0.896855 0.442324 -2.07044e-06
    outer loop
      vertex -3.08159 1.4671 1.10547
      vertex -3.15967 1.30878 0
      vertex -3.12652 1.376 1.09756
    endloop
  endfacet
  facet normal -0.896869 0.442297 0
    outer loop
      vertex -3.12652 1.376 1.09756
      vertex -3.15967 1.30878 0
      vertex -3.15967 1.30878 1.0908
    endloop
  endfacet
  facet normal -0.896949 0.442134 0
    outer loop
      vertex -2.98029 1.67251 1.19873
      vertex -2.96181 1.71 3.13214
      vertex -2.96181 1.71 1.20193
    endloop
  endfacet
  facet normal -0.896865 0.442305 0
    outer loop
      vertex -3.15967 1.30878 3.08929
      vertex -2.98029 1.67251 1.19873
      vertex -3.15967 1.30878 1.15979
    endloop
  endfacet
  facet normal -0.896872 0.442289 -3.73733e-06
    outer loop
      vertex -2.98029 1.67251 1.19873
      vertex -3.15967 1.30878 3.08929
      vertex -2.96181 1.71 3.13214
    endloop
  endfacet
  facet normal -0.831465 0.555577 0
    outer loop
      vertex -2.96181 1.71 4.5
      vertex -2.71327 2.08196 3.24307
      vertex -2.96181 1.71 3.20081
    endloop
  endfacet
  facet normal -0.831465 0.555577 0
    outer loop
      vertex -2.71327 2.08196 3.24307
      vertex -2.96181 1.71 4.5
      vertex -2.71327 2.08196 4.5
    endloop
  endfacet
  facet normal -0.831465 0.555577 0
    outer loop
      vertex -2.96181 1.71 1.13151
      vertex -2.71327 2.08196 0
      vertex -2.96181 1.71 0
    endloop
  endfacet
  facet normal -0.831465 0.555577 0
    outer loop
      vertex -2.71327 2.08196 0
      vertex -2.96181 1.71 1.13151
      vertex -2.71327 2.08196 1.1741
    endloop
  endfacet
  facet normal -0.831475 0.555562 -4.14096e-06
    outer loop
      vertex -2.96181 1.71 3.13214
      vertex -2.71327 2.08196 1.24259
      vertex -2.92445 1.7659 1.20732
    endloop
  endfacet
  facet normal -0.831409 0.555661 0
    outer loop
      vertex -2.96181 1.71 3.13214
      vertex -2.92445 1.7659 1.20732
      vertex -2.96181 1.71 1.20193
    endloop
  endfacet
  facet normal -0.831465 0.555577 0
    outer loop
      vertex -2.71327 2.08196 1.24259
      vertex -2.96181 1.71 3.13214
      vertex -2.71327 2.08196 3.17415
    endloop
  endfacet
  facet normal -0.0654064 -0.997859 0
    outer loop
      vertex -0.446399 -3.39074 0
      vertex 0 -3.42 0.464586
      vertex -0.446399 -3.39074 0.507316
    endloop
  endfacet
  facet normal -0.0654064 -0.997859 -0
    outer loop
      vertex 0 -3.42 0.464586
      vertex -0.446399 -3.39074 0
      vertex 0 -3.42 0
    endloop
  endfacet
  facet normal -0.0653855 -0.99786 0
    outer loop
      vertex -0.446399 -3.39074 2.57621
      vertex -0.368567 -3.39584 4.5
      vertex -0.446399 -3.39074 4.5
    endloop
  endfacet
  facet normal -0.0654107 -0.997858 1.02269e-06
    outer loop
      vertex -0.368567 -3.39584 4.5
      vertex -0.446399 -3.39074 2.57621
      vertex 0 -3.42 4.46575
    endloop
  endfacet
  facet normal -0.0654064 -0.997859 -0
    outer loop
      vertex 0 -3.42 4.46575
      vertex -0.446399 -3.39074 2.57621
      vertex 0 -3.42 2.53417
    endloop
  endfacet
  facet normal -0.0654064 -0.997859 0
    outer loop
      vertex -0.446399 -3.39074 0.575848
      vertex 0 -3.42 2.46529
      vertex -0.446399 -3.39074 2.50752
    endloop
  endfacet
  facet normal -0.0653908 -0.99786 -3.69886e-06
    outer loop
      vertex -0.153254 -3.40995 0.54878
      vertex 0 -3.42 2.46529
      vertex -0.446399 -3.39074 0.575848
    endloop
  endfacet
  facet normal -0.0654499 -0.997856 1.04859e-06
    outer loop
      vertex -0.0459216 -3.41699 0.540226
      vertex 0 -3.42 2.46529
      vertex -0.153254 -3.40995 0.54878
    endloop
  endfacet
  facet normal -0.0654061 -0.997859 -0
    outer loop
      vertex 0 -3.42 2.46529
      vertex -0.0459216 -3.41699 0.540226
      vertex 0 -3.42 0.535809
    endloop
  endfacet
  facet normal -0.659346 0.75184 0
    outer loop
      vertex -2.08196 2.71327 0
      vertex -2.40198 2.43262 1.21607
      vertex -2.08196 2.71327 1.25693
    endloop
  endfacet
  facet normal -0.659356 0.751831 -4.5557e-06
    outer loop
      vertex -2.4183 2.4183 0
      vertex -2.40198 2.43262 1.21607
      vertex -2.08196 2.71327 0
    endloop
  endfacet
  facet normal -0.659547 0.751663 0
    outer loop
      vertex -2.40198 2.43262 1.21607
      vertex -2.4183 2.4183 0
      vertex -2.4183 2.4183 1.21442
    endloop
  endfacet
  facet normal -0.659356 0.751831 0
    outer loop
      vertex -2.08196 2.71327 3.3259
      vertex -2.4183 2.4183 4.5
      vertex -2.08196 2.71327 4.5
    endloop
  endfacet
  facet normal -0.659342 0.751843 6.98776e-06
    outer loop
      vertex -2.35156 2.47684 3.29268
      vertex -2.4183 2.4183 4.5
      vertex -2.08196 2.71327 3.3259
    endloop
  endfacet
  facet normal -0.659413 0.751781 0
    outer loop
      vertex -2.4183 2.4183 4.5
      vertex -2.35156 2.47684 3.29268
      vertex -2.4183 2.4183 3.28558
    endloop
  endfacet
  facet normal -0.659356 0.751831 0
    outer loop
      vertex -2.08196 2.71327 1.32585
      vertex -2.4183 2.4183 3.21478
      vertex -2.08196 2.71327 3.2574
    endloop
  endfacet
  facet normal -0.659336 0.751848 6.1437e-06
    outer loop
      vertex -2.15494 2.64927 1.31707
      vertex -2.4183 2.4183 3.21478
      vertex -2.08196 2.71327 1.32585
    endloop
  endfacet
  facet normal -0.65936 0.751827 2.23438e-07
    outer loop
      vertex -2.2308 2.58274 1.3092
      vertex -2.4183 2.4183 3.21478
      vertex -2.15494 2.64927 1.31707
    endloop
  endfacet
  facet normal -0.659361 0.751826 0
    outer loop
      vertex -2.4183 2.4183 3.21478
      vertex -2.2308 2.58274 1.3092
      vertex -2.4183 2.4183 1.28522
    endloop
  endfacet
  facet normal -0.659356 -0.751831 0
    outer loop
      vertex -2.4183 -2.4183 2.78433
      vertex -2.08196 -2.71327 4.5
      vertex -2.4183 -2.4183 4.5
    endloop
  endfacet
  facet normal -0.659354 -0.751832 -4.03855e-07
    outer loop
      vertex -2.09213 -2.70435 2.7439
      vertex -2.08196 -2.71327 4.5
      vertex -2.4183 -2.4183 2.78433
    endloop
  endfacet
  facet normal -0.659394 -0.751798 -0
    outer loop
      vertex -2.08196 -2.71327 4.5
      vertex -2.09213 -2.70435 2.7439
      vertex -2.08196 -2.71327 2.74281
    endloop
  endfacet
  facet normal -0.659356 -0.751831 0
    outer loop
      vertex -2.4183 -2.4183 0
      vertex -2.08196 -2.71327 0.672557
      vertex -2.4183 -2.4183 0.715432
    endloop
  endfacet
  facet normal -0.659356 -0.751831 -0
    outer loop
      vertex -2.08196 -2.71327 0.672557
      vertex -2.4183 -2.4183 0
      vertex -2.08196 -2.71327 0
    endloop
  endfacet
  facet normal -0.659356 -0.751831 0
    outer loop
      vertex -2.4183 -2.4183 0.784149
      vertex -2.08196 -2.71327 2.67332
      vertex -2.4183 -2.4183 2.71581
    endloop
  endfacet
  facet normal -0.659394 -0.751797 1.21776e-05
    outer loop
      vertex -2.28747 -2.53305 0.768292
      vertex -2.08196 -2.71327 2.67332
      vertex -2.4183 -2.4183 0.784149
    endloop
  endfacet
  facet normal -0.659348 -0.751838 3.34719e-06
    outer loop
      vertex -2.21179 -2.59942 0.760376
      vertex -2.08196 -2.71327 2.67332
      vertex -2.28747 -2.53305 0.768292
    endloop
  endfacet
  facet normal -0.65932 -0.751862 -0
    outer loop
      vertex -2.08196 -2.71327 2.67332
      vertex -2.21179 -2.59942 0.760376
      vertex -2.08196 -2.71327 0.743778
    endloop
  endfacet
  facet normal 0 0 -1
    outer loop
      vertex 3.39584 -0.368567 0
      vertex 4.21999 0.199997 0
      vertex 4.21999 -0.199997 0
    endloop
  endfacet
  facet normal 0 0 -1
    outer loop
      vertex 3.39584 -0.368567 0
      vertex 3.39584 0.368567 0
      vertex 4.21999 0.199997 0
    endloop
  endfacet
  facet normal 0 0 -1
    outer loop
      vertex 3.30347 -0.88516 0
      vertex 3.39584 -0.368567 0
      vertex 3.39074 -0.446399 0
    endloop
  endfacet
  facet normal 0 0 -1
    outer loop
      vertex 3.15967 -1.30878 0
      vertex 3.39584 -0.368567 0
      vertex 3.30347 -0.88516 0
    endloop
  endfacet
  facet normal -0 0 -1
    outer loop
      vertex 3.39584 -0.368567 0
      vertex 3.15967 -1.30878 0
      vertex 3.39584 0.368567 0
    endloop
  endfacet
  facet normal 0 0 -1
    outer loop
      vertex 3.39584 0.368567 0
      vertex 3.30347 0.88516 0
      vertex 3.39074 0.446399 0
    endloop
  endfacet
  facet normal 0 0 -1
    outer loop
      vertex 3.15967 1.30878 0
      vertex 3.39584 0.368567 0
      vertex 3.15967 -1.30878 0
    endloop
  endfacet
  facet normal 0 0 -1
    outer loop
      vertex 3.39584 0.368567 0
      vertex 3.15967 1.30878 0
      vertex 3.30347 0.88516 0
    endloop
  endfacet
  facet normal 0 0 -1
    outer loop
      vertex 2.96181 -1.71 0
      vertex 3.15967 1.30878 0
      vertex 3.15967 -1.30878 0
    endloop
  endfacet
  facet normal 0 0 -1
    outer loop
      vertex 2.96181 -1.71 0
      vertex 2.96181 1.71 0
      vertex 3.15967 1.30878 0
    endloop
  endfacet
  facet normal 0 0 -1
    outer loop
      vertex 2.71327 -2.08196 0
      vertex 2.96181 1.71 0
      vertex 2.96181 -1.71 0
    endloop
  endfacet
  facet normal 0 0 -1
    outer loop
      vertex 2.71327 -2.08196 0
      vertex 2.71327 2.08196 0
      vertex 2.96181 1.71 0
    endloop
  endfacet
  facet normal 0 0 -1
    outer loop
      vertex 2.4183 -2.4183 0
      vertex 2.71327 2.08196 0
      vertex 2.71327 -2.08196 0
    endloop
  endfacet
  facet normal 0 0 -1
    outer loop
      vertex 2.4183 -2.4183 0
      vertex 2.4183 2.4183 0
      vertex 2.71327 2.08196 0
    endloop
  endfacet
  facet normal 0 0 -1
    outer loop
      vertex 2.08196 -2.71327 0
      vertex 2.4183 2.4183 0
      vertex 2.4183 -2.4183 0
    endloop
  endfacet
  facet normal 0 0 -1
    outer loop
      vertex 2.08196 -2.71327 0
      vertex 2.08196 2.71327 0
      vertex 2.4183 2.4183 0
    endloop
  endfacet
  facet normal 0 0 -1
    outer loop
      vertex 1.71 -2.96181 0
      vertex 2.08196 2.71327 0
      vertex 2.08196 -2.71327 0
    endloop
  endfacet
  facet normal 0 0 -1
    outer loop
      vertex 1.71 -2.96181 0
      vertex 1.71 2.96181 0
      vertex 2.08196 2.71327 0
    endloop
  endfacet
  facet normal 0 0 -1
    outer loop
      vertex 1.30878 -3.15967 0
      vertex 1.71 2.96181 0
      vertex 1.71 -2.96181 0
    endloop
  endfacet
  facet normal 0 0 -1
    outer loop
      vertex 1.30878 -3.15967 0
      vertex 1.30878 3.15967 0
      vertex 1.71 2.96181 0
    endloop
  endfacet
  facet normal 0 0 -1
    outer loop
      vertex 0.88516 -3.30347 0
      vertex 1.30878 3.15967 0
      vertex 1.30878 -3.15967 0
    endloop
  endfacet
  facet normal 0 0 -1
    outer loop
      vertex 0.88516 -3.30347 0
      vertex 0.88516 3.30347 0
      vertex 1.30878 3.15967 0
    endloop
  endfacet
  facet normal 0 0 -1
    outer loop
      vertex 0.446399 -3.39074 0
      vertex 0.88516 3.30347 0
      vertex 0.88516 -3.30347 0
    endloop
  endfacet
  facet normal 0 0 -1
    outer loop
      vertex 0.446399 -3.39074 0
      vertex 0.446399 3.39074 0
      vertex 0.88516 3.30347 0
    endloop
  endfacet
  facet normal 0 0 -1
    outer loop
      vertex 0 -3.42 0
      vertex 0.446399 3.39074 0
      vertex 0.446399 -3.39074 0
    endloop
  endfacet
  facet normal 0 0 -1
    outer loop
      vertex 0 -3.42 0
      vertex 0 3.42 0
      vertex 0.446399 3.39074 0
    endloop
  endfacet
  facet normal 0 0 -1
    outer loop
      vertex -0.446399 -3.39074 0
      vertex 0 3.42 0
      vertex 0 -3.42 0
    endloop
  endfacet
  facet normal 0 0 -1
    outer loop
      vertex -0.446399 -3.39074 0
      vertex -0.446399 3.39074 0
      vertex 0 3.42 0
    endloop
  endfacet
  facet normal 0 0 -1
    outer loop
      vertex -0.88516 -3.30347 0
      vertex -0.446399 3.39074 0
      vertex -0.446399 -3.39074 0
    endloop
  endfacet
  facet normal 0 0 -1
    outer loop
      vertex -0.88516 -3.30347 0
      vertex -0.88516 3.30347 0
      vertex -0.446399 3.39074 0
    endloop
  endfacet
  facet normal 0 0 -1
    outer loop
      vertex -1.30878 -3.15967 0
      vertex -0.88516 3.30347 0
      vertex -0.88516 -3.30347 0
    endloop
  endfacet
  facet normal 0 0 -1
    outer loop
      vertex -1.30878 -3.15967 0
      vertex -1.30878 3.15967 0
      vertex -0.88516 3.30347 0
    endloop
  endfacet
  facet normal 0 0 -1
    outer loop
      vertex -1.71 -2.96181 0
      vertex -1.30878 3.15967 0
      vertex -1.30878 -3.15967 0
    endloop
  endfacet
  facet normal 0 0 -1
    outer loop
      vertex -1.71 -2.96181 0
      vertex -1.71 2.96181 0
      vertex -1.30878 3.15967 0
    endloop
  endfacet
  facet normal 0 0 -1
    outer loop
      vertex -2.08196 -2.71327 0
      vertex -1.71 2.96181 0
      vertex -1.71 -2.96181 0
    endloop
  endfacet
  facet normal 0 0 -1
    outer loop
      vertex -2.08196 -2.71327 0
      vertex -2.08196 2.71327 0
      vertex -1.71 2.96181 0
    endloop
  endfacet
  facet normal 0 0 -1
    outer loop
      vertex -2.4183 -2.4183 0
      vertex -2.08196 2.71327 0
      vertex -2.08196 -2.71327 0
    endloop
  endfacet
  facet normal 0 0 -1
    outer loop
      vertex -2.4183 -2.4183 0
      vertex -2.4183 2.4183 0
      vertex -2.08196 2.71327 0
    endloop
  endfacet
  facet normal 0 0 -1
    outer loop
      vertex -2.71327 -2.08196 0
      vertex -2.4183 2.4183 0
      vertex -2.4183 -2.4183 0
    endloop
  endfacet
  facet normal 0 0 -1
    outer loop
      vertex -2.71327 -2.08196 0
      vertex -2.71327 2.08196 0
      vertex -2.4183 2.4183 0
    endloop
  endfacet
  facet normal 0 0 -1
    outer loop
      vertex -2.96181 -1.71 0
      vertex -2.71327 2.08196 0
      vertex -2.71327 -2.08196 0
    endloop
  endfacet
  facet normal 0 0 -1
    outer loop
      vertex -2.96181 -1.71 0
      vertex -2.96181 1.71 0
      vertex -2.71327 2.08196 0
    endloop
  endfacet
  facet normal 0 0 -1
    outer loop
      vertex -3.15967 -1.30878 0
      vertex -2.96181 1.71 0
      vertex -2.96181 -1.71 0
    endloop
  endfacet
  facet normal 0 0 -1
    outer loop
      vertex -3.15967 -1.30878 0
      vertex -3.15967 1.30878 0
      vertex -2.96181 1.71 0
    endloop
  endfacet
  facet normal 0 0 -1
    outer loop
      vertex -3.30347 -0.88516 0
      vertex -3.15967 1.30878 0
      vertex -3.15967 -1.30878 0
    endloop
  endfacet
  facet normal 0 0 -1
    outer loop
      vertex -3.30347 -0.88516 0
      vertex -3.30347 0.88516 0
      vertex -3.15967 1.30878 0
    endloop
  endfacet
  facet normal 0 0 -1
    outer loop
      vertex -3.39074 -0.446399 0
      vertex -3.30347 0.88516 0
      vertex -3.30347 -0.88516 0
    endloop
  endfacet
  facet normal 0 0 -1
    outer loop
      vertex -3.39074 -0.446399 0
      vertex -3.39074 0.446399 0
      vertex -3.30347 0.88516 0
    endloop
  endfacet
  facet normal 0 -0 -1
    outer loop
      vertex -3.39074 0.446399 0
      vertex -3.39074 -0.446399 0
      vertex -3.42 0 0
    endloop
  endfacet
  facet normal -0.751663 0.659547 0
    outer loop
      vertex -2.43262 2.40198 3.28393
      vertex -2.4183 2.4183 4.5
      vertex -2.4183 2.4183 3.28558
    endloop
  endfacet
  facet normal -0.75184 0.659346 0
    outer loop
      vertex -2.71327 2.08196 4.5
      vertex -2.43262 2.40198 3.28393
      vertex -2.71327 2.08196 3.24307
    endloop
  endfacet
  facet normal -0.751831 0.659356 4.5557e-06
    outer loop
      vertex -2.43262 2.40198 3.28393
      vertex -2.71327 2.08196 4.5
      vertex -2.4183 2.4183 4.5
    endloop
  endfacet
  facet normal -0.751781 0.659413 0
    outer loop
      vertex -2.4183 2.4183 0
      vertex -2.47684 2.35156 1.20732
      vertex -2.4183 2.4183 1.21442
    endloop
  endfacet
  facet normal -0.751831 0.659356 0
    outer loop
      vertex -2.71327 2.08196 1.1741
      vertex -2.4183 2.4183 0
      vertex -2.71327 2.08196 0
    endloop
  endfacet
  facet normal -0.751843 0.659342 -6.98776e-06
    outer loop
      vertex -2.4183 2.4183 0
      vertex -2.71327 2.08196 1.1741
      vertex -2.47684 2.35156 1.20732
    endloop
  endfacet
  facet normal -0.751826 0.659361 0
    outer loop
      vertex -2.4183 2.4183 1.28522
      vertex -2.58274 2.2308 3.1908
      vertex -2.4183 2.4183 3.21478
    endloop
  endfacet
  facet normal -0.751827 0.65936 -2.23438e-07
    outer loop
      vertex -2.4183 2.4183 1.28522
      vertex -2.64927 2.15494 3.18293
      vertex -2.58274 2.2308 3.1908
    endloop
  endfacet
  facet normal -0.751831 0.659356 0
    outer loop
      vertex -2.71327 2.08196 3.17415
      vertex -2.4183 2.4183 1.28522
      vertex -2.71327 2.08196 1.24259
    endloop
  endfacet
  facet normal -0.751848 0.659336 -6.1437e-06
    outer loop
      vertex -2.4183 2.4183 1.28522
      vertex -2.71327 2.08196 3.17415
      vertex -2.64927 2.15494 3.18293
    endloop
  endfacet
  facet normal 0.751831 -0.659356 0
    outer loop
      vertex 2.4183 -2.4183 0
      vertex 2.71327 -2.08196 0.173911
      vertex 2.4183 -2.4183 0.215767
    endloop
  endfacet
  facet normal 0.751831 -0.659356 0
    outer loop
      vertex 2.71327 -2.08196 0.173911
      vertex 2.4183 -2.4183 0
      vertex 2.71327 -2.08196 0
    endloop
  endfacet
  facet normal 0.751841 -0.659344 0
    outer loop
      vertex 2.71327 -2.08196 4.5
      vertex 2.51375 -2.30947 4.27249
      vertex 2.71327 -2.08196 4.2434
    endloop
  endfacet
  facet normal 0.751831 -0.659356 2.03175e-05
    outer loop
      vertex 2.4183 -2.4183 4.5
      vertex 2.51375 -2.30947 4.27249
      vertex 2.71327 -2.08196 4.5
    endloop
  endfacet
  facet normal 0.751819 -0.659369 8.96637e-06
    outer loop
      vertex 2.51375 -2.30947 4.27249
      vertex 2.4183 -2.4183 4.5
      vertex 2.44578 -2.38697 4.28049
    endloop
  endfacet
  facet normal 0.751788 -0.659405 0
    outer loop
      vertex 2.44578 -2.38697 4.28049
      vertex 2.4183 -2.4183 4.5
      vertex 2.4183 -2.4183 4.28423
    endloop
  endfacet
  facet normal 0.751847 -0.659338 -5.66882e-06
    outer loop
      vertex 2.4183 -2.4183 0.284869
      vertex 2.71327 -2.08196 2.17418
      vertex 2.56253 -2.25385 2.19512
    endloop
  endfacet
  facet normal 0.751828 -0.65936 -2.30153e-06
    outer loop
      vertex 2.4183 -2.4183 0.284869
      vertex 2.56253 -2.25385 2.19512
      vertex 2.49486 -2.33101 2.20324
    endloop
  endfacet
  facet normal 0.751803 -0.659388 0
    outer loop
      vertex 2.4183 -2.4183 0.284869
      vertex 2.49486 -2.33101 2.20324
      vertex 2.4183 -2.4183 2.21439
    endloop
  endfacet
  facet normal 0.751831 -0.659356 0
    outer loop
      vertex 2.71327 -2.08196 2.17418
      vertex 2.4183 -2.4183 0.284869
      vertex 2.71327 -2.08196 0.242491
    endloop
  endfacet
  facet normal 0.75183 -0.659357 3.85264e-07
    outer loop
      vertex 2.4183 -2.4183 2.28561
      vertex 2.71327 -2.08196 4.17354
      vertex 2.66564 -2.13627 4.1791
    endloop
  endfacet
  facet normal 0.751831 -0.659355 0
    outer loop
      vertex 2.4183 -2.4183 2.28561
      vertex 2.66564 -2.13627 4.1791
      vertex 2.4183 -2.4183 4.21513
    endloop
  endfacet
  facet normal 0.751831 -0.659356 0
    outer loop
      vertex 2.71327 -2.08196 4.17354
      vertex 2.4183 -2.4183 2.28561
      vertex 2.71327 -2.08196 2.24279
    endloop
  endfacet
  facet normal 0.896816 -0.442403 0
    outer loop
      vertex 3.15967 -1.30878 4.5
      vertex 3.15525 -1.31774 4.16187
      vertex 3.15967 -1.30878 4.16091
    endloop
  endfacet
  facet normal 0.896861 -0.442313 -2.97324e-06
    outer loop
      vertex 3.15967 -1.30878 4.5
      vertex 3.10609 -1.41742 4.17073
      vertex 3.15525 -1.31774 4.16187
    endloop
  endfacet
  facet normal 0.896873 -0.442289 -1.26082e-05
    outer loop
      vertex 2.96181 -1.71 4.5
      vertex 3.10609 -1.41742 4.17073
      vertex 3.15967 -1.30878 4.5
    endloop
  endfacet
  facet normal 0.896878 -0.442278 0
    outer loop
      vertex 3.10609 -1.41742 4.17073
      vertex 2.96181 -1.71 4.5
      vertex 2.96181 -1.71 4.20087
    endloop
  endfacet
  facet normal 0.89686 -0.442314 0
    outer loop
      vertex 3.06819 -1.49427 0.109756
      vertex 3.15967 -1.30878 0
      vertex 3.15967 -1.30878 0.0908514
    endloop
  endfacet
  facet normal 0.896875 -0.442283 3.79802e-05
    outer loop
      vertex 2.96181 -1.71 0
      vertex 3.06819 -1.49427 0.109756
      vertex 3.02325 -1.5854 0.117773
    endloop
  endfacet
  facet normal 0.89689 -0.442254 0
    outer loop
      vertex 2.96181 -1.71 0
      vertex 3.02325 -1.5854 0.117773
      vertex 2.96181 -1.71 0.131123
    endloop
  endfacet
  facet normal 0.896873 -0.442289 5.20205e-05
    outer loop
      vertex 3.06819 -1.49427 0.109756
      vertex 2.96181 -1.71 0
      vertex 3.15967 -1.30878 0
    endloop
  endfacet
  facet normal 0.896842 -0.442352 0
    outer loop
      vertex 3.13671 -1.35533 2.09387
      vertex 3.15967 -1.30878 0.159501
      vertex 3.15967 -1.30878 2.08989
    endloop
  endfacet
  facet normal 0.896877 -0.442281 0
    outer loop
      vertex 2.96181 -1.71 0.202342
      vertex 3.13671 -1.35533 2.09387
      vertex 2.96181 -1.71 2.13185
    endloop
  endfacet
  facet normal 0.896873 -0.442289 1.8864e-06
    outer loop
      vertex 3.13671 -1.35533 2.09387
      vertex 2.96181 -1.71 0.202342
      vertex 3.15967 -1.30878 0.159501
    endloop
  endfacet
  facet normal 0.896872 -0.44229 0
    outer loop
      vertex 3.15967 -1.30878 4.08968
      vertex 3.03518 -1.56122 2.18719
      vertex 3.15967 -1.30878 2.16013
    endloop
  endfacet
  facet normal 0.896865 -0.442305 2.56079e-06
    outer loop
      vertex 3.15967 -1.30878 4.08968
      vertex 2.99006 -1.65271 2.19512
      vertex 3.03518 -1.56122 2.18719
    endloop
  endfacet
  facet normal 0.896873 -0.442289 0
    outer loop
      vertex 2.96181 -1.71 2.20088
      vertex 3.15967 -1.30878 4.08968
      vertex 2.96181 -1.71 4.13236
    endloop
  endfacet
  facet normal 0.896887 -0.44226 -7.58277e-06
    outer loop
      vertex 3.15967 -1.30878 4.08968
      vertex 2.96181 -1.71 2.20088
      vertex 2.99006 -1.65271 2.19512
    endloop
  endfacet
  facet normal -0.555596 -0.831453 0
    outer loop
      vertex -2.00486 -2.76479 2.73567
      vertex -2.08196 -2.71327 4.5
      vertex -2.08196 -2.71327 2.74281
    endloop
  endfacet
  facet normal -0.555577 -0.831465 1.19754e-06
    outer loop
      vertex -2.08196 -2.71327 4.5
      vertex -2.00486 -2.76479 2.73567
      vertex -1.71 -2.96181 4.5
    endloop
  endfacet
  facet normal -0.555572 -0.831469 -0
    outer loop
      vertex -1.71 -2.96181 4.5
      vertex -2.00486 -2.76479 2.73567
      vertex -1.71 -2.96181 2.70159
    endloop
  endfacet
  facet normal -0.555588 -0.831458 5.25232e-06
    outer loop
      vertex -2.08196 -2.71327 0
      vertex -1.94526 -2.80461 0.658536
      vertex -2.03384 -2.74542 0.667001
    endloop
  endfacet
  facet normal -0.555537 -0.831492 0
    outer loop
      vertex -2.08196 -2.71327 0
      vertex -2.03384 -2.74542 0.667001
      vertex -2.08196 -2.71327 0.672557
    endloop
  endfacet
  facet normal -0.555577 -0.831465 2.00815e-06
    outer loop
      vertex -1.71 -2.96181 0
      vertex -1.94526 -2.80461 0.658536
      vertex -2.08196 -2.71327 0
    endloop
  endfacet
  facet normal -0.555581 -0.831463 0
    outer loop
      vertex -1.94526 -2.80461 0.658536
      vertex -1.71 -2.96181 0
      vertex -1.71 -2.96181 0.632492
    endloop
  endfacet
  facet normal -0.555584 -0.831461 4.28291e-06
    outer loop
      vertex -2.08196 -2.71327 0.743778
      vertex -1.72614 -2.95102 2.63415
      vertex -1.81294 -2.89302 2.64222
    endloop
  endfacet
  facet normal -0.555563 -0.831474 0
    outer loop
      vertex -2.08196 -2.71327 0.743778
      vertex -1.81294 -2.89302 2.64222
      vertex -2.08196 -2.71327 2.67332
    endloop
  endfacet
  facet normal -0.555766 -0.831339 5.37531e-05
    outer loop
      vertex -1.72614 -2.95102 2.63415
      vertex -2.08196 -2.71327 0.743778
      vertex -1.71 -2.96181 2.63241
    endloop
  endfacet
  facet normal -0.555577 -0.831465 -0
    outer loop
      vertex -1.71 -2.96181 2.63241
      vertex -2.08196 -2.71327 0.743778
      vertex -1.71 -2.96181 0.701034
    endloop
  endfacet
  facet normal -0.980787 0.19508 0
    outer loop
      vertex -3.39074 0.446399 1.00602
      vertex -3.30347 0.88516 0
      vertex -3.39074 0.446399 0
    endloop
  endfacet
  facet normal -0.980787 0.19508 0
    outer loop
      vertex -3.30347 0.88516 0
      vertex -3.39074 0.446399 1.00602
      vertex -3.30347 0.88516 1.04885
    endloop
  endfacet
  facet normal -0.980787 0.19508 0
    outer loop
      vertex -3.39074 0.446399 4.5
      vertex -3.30347 0.88516 3.11774
      vertex -3.39074 0.446399 3.07591
    endloop
  endfacet
  facet normal -0.980787 0.19508 0
    outer loop
      vertex -3.30347 0.88516 3.11774
      vertex -3.39074 0.446399 4.5
      vertex -3.30347 0.88516 4.5
    endloop
  endfacet
  facet normal -0.98079 0.195065 -3.4649e-06
    outer loop
      vertex -3.39074 0.446399 3.00677
      vertex -3.30347 0.88516 1.11748
      vertex -3.34594 0.67162 1.09756
    endloop
  endfacet
  facet normal -0.980779 0.195121 3.39455e-06
    outer loop
      vertex -3.39074 0.446399 3.00677
      vertex -3.34594 0.67162 1.09756
      vertex -3.36586 0.571492 1.0895
    endloop
  endfacet
  facet normal -0.980789 0.195071 0
    outer loop
      vertex -3.39074 0.446399 3.00677
      vertex -3.36586 0.571492 1.0895
      vertex -3.39074 0.446399 1.07724
    endloop
  endfacet
  facet normal -0.980787 0.19508 0
    outer loop
      vertex -3.30347 0.88516 1.11748
      vertex -3.39074 0.446399 3.00677
      vertex -3.30347 0.88516 3.04917
    endloop
  endfacet
  facet normal 0.0654064 0.997859 -0
    outer loop
      vertex 0.446399 3.39074 0
      vertex 0 3.42 1.46496
      vertex 0.446399 3.39074 1.50747
    endloop
  endfacet
  facet normal 0.0654064 0.997859 0
    outer loop
      vertex 0 3.42 1.46496
      vertex 0.446399 3.39074 0
      vertex 0 3.42 0
    endloop
  endfacet
  facet normal 0.0654064 0.997859 -0
    outer loop
      vertex 0.446399 3.39074 3.57651
      vertex 0 3.42 4.5
      vertex 0.446399 3.39074 4.5
    endloop
  endfacet
  facet normal 0.0654064 0.997859 0
    outer loop
      vertex 0 3.42 4.5
      vertex 0.446399 3.39074 3.57651
      vertex 0 3.42 3.53415
    endloop
  endfacet
  facet normal 0.0654064 0.997859 -0
    outer loop
      vertex 0.446399 3.39074 1.57598
      vertex 0 3.42 3.46556
      vertex 0.446399 3.39074 3.50745
    endloop
  endfacet
  facet normal 0.0653975 0.997859 -2.10909e-06
    outer loop
      vertex 0.0241986 3.41841 1.53658
      vertex 0 3.42 3.46556
      vertex 0.446399 3.39074 1.57598
    endloop
  endfacet
  facet normal 0.0655649 0.997848 0
    outer loop
      vertex 0 3.42 3.46556
      vertex 0.0241986 3.41841 1.53658
      vertex 0 3.42 1.53464
    endloop
  endfacet
  facet normal 0.555528 0.831498 -8.48219e-06
    outer loop
      vertex 2.08196 2.71327 0
      vertex 1.83647 2.8773 1.64634
      vertex 1.91993 2.82154 1.65422
    endloop
  endfacet
  facet normal 0.555588 0.831458 -0
    outer loop
      vertex 2.08196 2.71327 0
      vertex 1.91993 2.82154 1.65422
      vertex 2.08196 2.71327 1.67295
    endloop
  endfacet
  facet normal 0.555577 0.831465 2.01738e-06
    outer loop
      vertex 1.71 2.96181 0
      vertex 1.83647 2.8773 1.64634
      vertex 2.08196 2.71327 0
    endloop
  endfacet
  facet normal 0.555595 0.831453 0
    outer loop
      vertex 1.83647 2.8773 1.64634
      vertex 1.71 2.96181 0
      vertex 1.71 2.96181 1.63251
    endloop
  endfacet
  facet normal 0.555591 0.831456 0
    outer loop
      vertex 1.98292 2.77945 3.73171
      vertex 2.08196 2.71327 4.5
      vertex 2.08196 2.71327 3.7425
    endloop
  endfacet
  facet normal 0.555526 0.831499 1.21449e-05
    outer loop
      vertex 1.89937 2.83527 3.72385
      vertex 2.08196 2.71327 4.5
      vertex 1.98292 2.77945 3.73171
    endloop
  endfacet
  facet normal 0.555577 0.831465 -5.18008e-06
    outer loop
      vertex 2.08196 2.71327 4.5
      vertex 1.89937 2.83527 3.72385
      vertex 1.71 2.96181 4.5
    endloop
  endfacet
  facet normal 0.555592 0.831455 0
    outer loop
      vertex 1.71 2.96181 4.5
      vertex 1.89937 2.83527 3.72385
      vertex 1.71 2.96181 3.70195
    endloop
  endfacet
  facet normal 0.555565 0.831473 -0
    outer loop
      vertex 2.08196 2.71327 1.74417
      vertex 1.71147 2.96082 3.63089
      vertex 2.08196 2.71327 3.67365
    endloop
  endfacet
  facet normal 0.558549 0.829471 0.000848567
    outer loop
      vertex 2.08196 2.71327 1.74417
      vertex 1.71 2.96181 3.63076
      vertex 1.71147 2.96082 3.63089
    endloop
  endfacet
  facet normal 0.555577 0.831465 0
    outer loop
      vertex 1.71 2.96181 3.63076
      vertex 2.08196 2.71327 1.74417
      vertex 1.71 2.96181 1.70128
    endloop
  endfacet
  facet normal -0.32144 0.94693 0
    outer loop
      vertex -0.88516 3.30347 0
      vertex -1.30878 3.15967 1.33949
      vertex -0.88516 3.30347 1.38226
    endloop
  endfacet
  facet normal -0.32144 0.94693 0
    outer loop
      vertex -1.30878 3.15967 1.33949
      vertex -0.88516 3.30347 0
      vertex -1.30878 3.15967 0
    endloop
  endfacet
  facet normal -0.32144 0.94693 0
    outer loop
      vertex -0.88516 3.30347 3.45115
      vertex -1.30878 3.15967 4.5
      vertex -0.88516 3.30347 4.5
    endloop
  endfacet
  facet normal -0.32144 0.94693 0
    outer loop
      vertex -1.30878 3.15967 4.5
      vertex -0.88516 3.30347 3.45115
      vertex -1.30878 3.15967 3.4092
    endloop
  endfacet
  facet normal -0.32144 0.94693 0
    outer loop
      vertex -0.88516 3.30347 1.45083
      vertex -1.30878 3.15967 3.34021
      vertex -0.88516 3.30347 3.38252
    endloop
  endfacet
  facet normal -0.321459 0.946924 -4.68662e-06
    outer loop
      vertex -1.13254 3.21949 1.42683
      vertex -1.30878 3.15967 3.34021
      vertex -0.88516 3.30347 1.45083
    endloop
  endfacet
  facet normal -0.321379 0.946951 3.51182e-06
    outer loop
      vertex -1.23172 3.18583 1.41852
      vertex -1.30878 3.15967 3.34021
      vertex -1.13254 3.21949 1.42683
    endloop
  endfacet
  facet normal -0.321458 0.946924 0
    outer loop
      vertex -1.30878 3.15967 3.34021
      vertex -1.23172 3.18583 1.41852
      vertex -1.30878 3.15967 1.41071
    endloop
  endfacet
  facet normal -0.0653752 0.997861 -2.02573e-06
    outer loop
      vertex -0.446399 3.39074 0
      vertex -0.415916 3.39274 1.42683
      vertex -0.312429 3.39952 1.43486
    endloop
  endfacet
  facet normal -0.0654105 0.997858 0
    outer loop
      vertex 0 3.42 0
      vertex -0.312429 3.39952 1.43486
      vertex 0 3.42 1.46496
    endloop
  endfacet
  facet normal -0.0654064 0.997859 9.01986e-07
    outer loop
      vertex -0.446399 3.39074 0
      vertex -0.312429 3.39952 1.43486
      vertex 0 3.42 0
    endloop
  endfacet
  facet normal -0.0654696 0.997855 0
    outer loop
      vertex -0.415916 3.39274 1.42683
      vertex -0.446399 3.39074 0
      vertex -0.446399 3.39074 1.42409
    endloop
  endfacet
  facet normal -0.0653847 0.99786 0
    outer loop
      vertex -0.238993 3.40434 3.51219
      vertex 0 3.42 4.5
      vertex 0 3.42 3.53415
    endloop
  endfacet
  facet normal -0.0654064 0.997859 5.26549e-06
    outer loop
      vertex 0 3.42 4.5
      vertex -0.238993 3.40434 3.51219
      vertex -0.446399 3.39074 4.5
    endloop
  endfacet
  facet normal -0.0654662 0.997855 -7.34209e-06
    outer loop
      vertex -0.34203 3.39758 3.50402
      vertex -0.446399 3.39074 4.5
      vertex -0.238993 3.40434 3.51219
    endloop
  endfacet
  facet normal -0.0653964 0.997859 0
    outer loop
      vertex -0.446399 3.39074 4.5
      vertex -0.34203 3.39758 3.50402
      vertex -0.446399 3.39074 3.49398
    endloop
  endfacet
  facet normal -0.065362 0.997862 0
    outer loop
      vertex -0.0822875 3.41461 1.52829
      vertex 0 3.42 3.46556
      vertex 0 3.42 1.53464
    endloop
  endfacet
  facet normal -0.0654066 0.997859 1.90198e-06
    outer loop
      vertex 0 3.42 3.46556
      vertex -0.0822875 3.41461 1.52829
      vertex -0.446399 3.39074 3.42276
    endloop
  endfacet
  facet normal -0.0654164 0.997858 0
    outer loop
      vertex -0.446399 3.39074 3.42276
      vertex -0.0822875 3.41461 1.52829
      vertex -0.446399 3.39074 1.49323
    endloop
  endfacet
  facet normal -0.997859 0.0653964 0
    outer loop
      vertex -3.39074 0.446399 0
      vertex -3.39758 0.34203 0.995976
      vertex -3.39074 0.446399 1.00602
    endloop
  endfacet
  facet normal -0.997855 0.0654662 7.34211e-06
    outer loop
      vertex -3.39074 0.446399 0
      vertex -3.40434 0.238993 0.987804
      vertex -3.39758 0.34203 0.995976
    endloop
  endfacet
  facet normal -0.997859 0.0654064 -5.26552e-06
    outer loop
      vertex -3.42 0 0
      vertex -3.40434 0.238993 0.987804
      vertex -3.39074 0.446399 0
    endloop
  endfacet
  facet normal -0.99786 0.0653847 0
    outer loop
      vertex -3.40434 0.238993 0.987804
      vertex -3.42 0 0
      vertex -3.42 0 0.965845
    endloop
  endfacet
  facet normal -0.997855 0.0654696 0
    outer loop
      vertex -3.39274 0.415916 3.07317
      vertex -3.39074 0.446399 4.5
      vertex -3.39074 0.446399 3.07591
    endloop
  endfacet
  facet normal -0.997861 0.0653752 2.02573e-06
    outer loop
      vertex -3.39952 0.312429 3.06514
      vertex -3.39074 0.446399 4.5
      vertex -3.39274 0.415916 3.07317
    endloop
  endfacet
  facet normal -0.997858 0.0654105 0
    outer loop
      vertex -3.42 0 4.5
      vertex -3.39952 0.312429 3.06514
      vertex -3.42 0 3.03504
    endloop
  endfacet
  facet normal -0.997859 0.0654064 -9.01986e-07
    outer loop
      vertex -3.39952 0.312429 3.06514
      vertex -3.42 0 4.5
      vertex -3.39074 0.446399 4.5
    endloop
  endfacet
  facet normal -0.997858 0.0654164 0
    outer loop
      vertex -3.39074 0.446399 1.07724
      vertex -3.41461 0.0822875 2.97171
      vertex -3.39074 0.446399 3.00677
    endloop
  endfacet
  facet normal -0.997859 0.0654066 -1.90198e-06
    outer loop
      vertex -3.42 0 1.03444
      vertex -3.41461 0.0822875 2.97171
      vertex -3.39074 0.446399 1.07724
    endloop
  endfacet
  facet normal -0.997862 0.065362 0
    outer loop
      vertex -3.41461 0.0822875 2.97171
      vertex -3.42 0 1.03444
      vertex -3.42 0 2.96536
    endloop
  endfacet
  facet normal 0.659356 0.751831 -0
    outer loop
      vertex 2.4183 2.4183 0
      vertex 2.08196 2.71327 1.67295
      vertex 2.4183 2.4183 1.71567
    endloop
  endfacet
  facet normal 0.659356 0.751831 0
    outer loop
      vertex 2.08196 2.71327 1.67295
      vertex 2.4183 2.4183 0
      vertex 2.08196 2.71327 0
    endloop
  endfacet
  facet normal 0.659356 0.751831 -0
    outer loop
      vertex 2.4183 2.4183 3.78457
      vertex 2.08196 2.71327 4.5
      vertex 2.4183 2.4183 4.5
    endloop
  endfacet
  facet normal 0.659356 0.751831 0
    outer loop
      vertex 2.08196 2.71327 4.5
      vertex 2.4183 2.4183 3.78457
      vertex 2.08196 2.71327 3.7425
    endloop
  endfacet
  facet normal 0.659356 0.751831 -0
    outer loop
      vertex 2.4183 2.4183 1.78419
      vertex 2.08196 2.71327 3.67365
      vertex 2.4183 2.4183 3.71585
    endloop
  endfacet
  facet normal 0.659369 0.75182 4.07356e-06
    outer loop
      vertex 2.1893 2.61914 1.7561
      vertex 2.08196 2.71327 3.67365
      vertex 2.4183 2.4183 1.78419
    endloop
  endfacet
  facet normal 0.659306 0.751875 -2.1529e-06
    outer loop
      vertex 2.10759 2.69079 1.74745
      vertex 2.08196 2.71327 3.67365
      vertex 2.1893 2.61914 1.7561
    endloop
  endfacet
  facet normal 0.659397 0.751795 0
    outer loop
      vertex 2.08196 2.71327 3.67365
      vertex 2.10759 2.69079 1.74745
      vertex 2.08196 2.71327 1.74417
    endloop
  endfacet
  facet normal -0.896873 -0.442289 -0
    outer loop
      vertex -2.96181 -1.71 4.5
      vertex -3.15967 -1.30878 2.90964
      vertex -2.96181 -1.71 2.86749
    endloop
  endfacet
  facet normal -0.896873 -0.442289 0
    outer loop
      vertex -3.15967 -1.30878 2.90964
      vertex -2.96181 -1.71 4.5
      vertex -3.15967 -1.30878 4.5
    endloop
  endfacet
  facet normal -0.896873 -0.442289 -0
    outer loop
      vertex -2.96181 -1.71 0.798047
      vertex -3.15967 -1.30878 0
      vertex -2.96181 -1.71 0
    endloop
  endfacet
  facet normal -0.896873 -0.442289 0
    outer loop
      vertex -3.15967 -1.30878 0
      vertex -2.96181 -1.71 0.798047
      vertex -3.15967 -1.30878 0.84071
    endloop
  endfacet
  facet normal -0.896871 -0.442293 -1.05972e-06
    outer loop
      vertex -2.96181 -1.71 2.79872
      vertex -3.15967 -1.30878 0.909215
      vertex -3.01061 -1.61104 0.878048
    endloop
  endfacet
  facet normal -0.896879 -0.442277 -0
    outer loop
      vertex -2.96181 -1.71 2.79872
      vertex -3.01061 -1.61104 0.878048
      vertex -2.96181 -1.71 0.86924
    endloop
  endfacet
  facet normal -0.896873 -0.442289 0
    outer loop
      vertex -3.15967 -1.30878 0.909215
      vertex -2.96181 -1.71 2.79872
      vertex -3.15967 -1.30878 2.84084
    endloop
  endfacet
  facet normal 0 0 1
    outer loop
      vertex 3.39074 0.446399 4.5
      vertex 3.39074 -0.446399 4.5
      vertex 3.42 0 4.5
    endloop
  endfacet
  facet normal 0 0 1
    outer loop
      vertex 3.30347 0.88516 4.5
      vertex 3.39074 -0.446399 4.5
      vertex 3.39074 0.446399 4.5
    endloop
  endfacet
  facet normal 0 0 1
    outer loop
      vertex 3.30347 0.88516 4.5
      vertex 3.30347 -0.88516 4.5
      vertex 3.39074 -0.446399 4.5
    endloop
  endfacet
  facet normal 0 0 1
    outer loop
      vertex 3.15967 1.30878 4.5
      vertex 3.30347 -0.88516 4.5
      vertex 3.30347 0.88516 4.5
    endloop
  endfacet
  facet normal 0 0 1
    outer loop
      vertex 3.15967 1.30878 4.5
      vertex 3.15967 -1.30878 4.5
      vertex 3.30347 -0.88516 4.5
    endloop
  endfacet
  facet normal 0 0 1
    outer loop
      vertex 2.96181 1.71 4.5
      vertex 3.15967 -1.30878 4.5
      vertex 3.15967 1.30878 4.5
    endloop
  endfacet
  facet normal 0 0 1
    outer loop
      vertex 2.96181 1.71 4.5
      vertex 2.96181 -1.71 4.5
      vertex 3.15967 -1.30878 4.5
    endloop
  endfacet
  facet normal 0 0 1
    outer loop
      vertex 2.71327 2.08196 4.5
      vertex 2.96181 -1.71 4.5
      vertex 2.96181 1.71 4.5
    endloop
  endfacet
  facet normal 0 0 1
    outer loop
      vertex 2.71327 2.08196 4.5
      vertex 2.71327 -2.08196 4.5
      vertex 2.96181 -1.71 4.5
    endloop
  endfacet
  facet normal 0 0 1
    outer loop
      vertex 2.4183 2.4183 4.5
      vertex 2.71327 -2.08196 4.5
      vertex 2.71327 2.08196 4.5
    endloop
  endfacet
  facet normal 0 0 1
    outer loop
      vertex 2.4183 2.4183 4.5
      vertex 2.4183 -2.4183 4.5
      vertex 2.71327 -2.08196 4.5
    endloop
  endfacet
  facet normal 0 0 1
    outer loop
      vertex 2.08196 2.71327 4.5
      vertex 2.4183 -2.4183 4.5
      vertex 2.4183 2.4183 4.5
    endloop
  endfacet
  facet normal 0 0 1
    outer loop
      vertex 2.08196 2.71327 4.5
      vertex 2.08196 -2.71327 4.5
      vertex 2.4183 -2.4183 4.5
    endloop
  endfacet
  facet normal 0 0 1
    outer loop
      vertex 1.71 2.96181 4.5
      vertex 2.08196 -2.71327 4.5
      vertex 2.08196 2.71327 4.5
    endloop
  endfacet
  facet normal 0 0 1
    outer loop
      vertex 1.71 2.96181 4.5
      vertex 1.71 -2.96181 4.5
      vertex 2.08196 -2.71327 4.5
    endloop
  endfacet
  facet normal 0 0 1
    outer loop
      vertex 1.30878 3.15967 4.5
      vertex 1.71 -2.96181 4.5
      vertex 1.71 2.96181 4.5
    endloop
  endfacet
  facet normal 0 0 1
    outer loop
      vertex 1.30878 3.15967 4.5
      vertex 1.30878 -3.15967 4.5
      vertex 1.71 -2.96181 4.5
    endloop
  endfacet
  facet normal 0 0 1
    outer loop
      vertex 0.88516 3.30347 4.5
      vertex 1.30878 -3.15967 4.5
      vertex 1.30878 3.15967 4.5
    endloop
  endfacet
  facet normal 0 0 1
    outer loop
      vertex 0.88516 3.30347 4.5
      vertex 0.88516 -3.30347 4.5
      vertex 1.30878 -3.15967 4.5
    endloop
  endfacet
  facet normal 0 0 1
    outer loop
      vertex 0.446399 3.39074 4.5
      vertex 0.88516 -3.30347 4.5
      vertex 0.88516 3.30347 4.5
    endloop
  endfacet
  facet normal 0 0 1
    outer loop
      vertex 0.368567 -3.39584 4.5
      vertex 0.88516 -3.30347 4.5
      vertex 0.446399 3.39074 4.5
    endloop
  endfacet
  facet normal 0 0 1
    outer loop
      vertex 0.88516 -3.30347 4.5
      vertex 0.368567 -3.39584 4.5
      vertex 0.446399 -3.39074 4.5
    endloop
  endfacet
  facet normal 0 0 1
    outer loop
      vertex -0.368567 -3.39584 4.5
      vertex 0.368567 -3.39584 4.5
      vertex 0.446399 3.39074 4.5
    endloop
  endfacet
  facet normal 0 0 1
    outer loop
      vertex -0.368567 -3.39584 4.5
      vertex 0.446399 3.39074 4.5
      vertex 0 3.42 4.5
    endloop
  endfacet
  facet normal 0 0 1
    outer loop
      vertex 0.368567 -3.39584 4.5
      vertex -0.368567 -3.39584 4.5
      vertex 0.199997 -4.21999 4.5
    endloop
  endfacet
  facet normal 0 0 1
    outer loop
      vertex 0.199997 -4.21999 4.5
      vertex -0.368567 -3.39584 4.5
      vertex -0.199997 -4.21999 4.5
    endloop
  endfacet
  facet normal -0 0 1
    outer loop
      vertex -0.446399 3.39074 4.5
      vertex -0.368567 -3.39584 4.5
      vertex 0 3.42 4.5
    endloop
  endfacet
  facet normal -0 0 1
    outer loop
      vertex -0.88516 3.30347 4.5
      vertex -0.368567 -3.39584 4.5
      vertex -0.446399 3.39074 4.5
    endloop
  endfacet
  facet normal -0 0 1
    outer loop
      vertex -0.88516 -3.30347 4.5
      vertex -0.368567 -3.39584 4.5
      vertex -0.88516 3.30347 4.5
    endloop
  endfacet
  facet normal 0 0 1
    outer loop
      vertex -0.368567 -3.39584 4.5
      vertex -0.88516 -3.30347 4.5
      vertex -0.446399 -3.39074 4.5
    endloop
  endfacet
  facet normal -0 0 1
    outer loop
      vertex -1.30878 3.15967 4.5
      vertex -0.88516 -3.30347 4.5
      vertex -0.88516 3.30347 4.5
    endloop
  endfacet
  facet normal 0 0 1
    outer loop
      vertex -1.30878 3.15967 4.5
      vertex -1.30878 -3.15967 4.5
      vertex -0.88516 -3.30347 4.5
    endloop
  endfacet
  facet normal -0 0 1
    outer loop
      vertex -1.71 2.96181 4.5
      vertex -1.30878 -3.15967 4.5
      vertex -1.30878 3.15967 4.5
    endloop
  endfacet
  facet normal 0 0 1
    outer loop
      vertex -1.71 2.96181 4.5
      vertex -1.71 -2.96181 4.5
      vertex -1.30878 -3.15967 4.5
    endloop
  endfacet
  facet normal -0 0 1
    outer loop
      vertex -2.08196 2.71327 4.5
      vertex -1.71 -2.96181 4.5
      vertex -1.71 2.96181 4.5
    endloop
  endfacet
  facet normal 0 0 1
    outer loop
      vertex -2.08196 2.71327 4.5
      vertex -2.08196 -2.71327 4.5
      vertex -1.71 -2.96181 4.5
    endloop
  endfacet
  facet normal -0 0 1
    outer loop
      vertex -2.4183 2.4183 4.5
      vertex -2.08196 -2.71327 4.5
      vertex -2.08196 2.71327 4.5
    endloop
  endfacet
  facet normal 0 0 1
    outer loop
      vertex -2.4183 2.4183 4.5
      vertex -2.4183 -2.4183 4.5
      vertex -2.08196 -2.71327 4.5
    endloop
  endfacet
  facet normal -0 0 1
    outer loop
      vertex -2.71327 2.08196 4.5
      vertex -2.4183 -2.4183 4.5
      vertex -2.4183 2.4183 4.5
    endloop
  endfacet
  facet normal 0 0 1
    outer loop
      vertex -2.71327 2.08196 4.5
      vertex -2.71327 -2.08196 4.5
      vertex -2.4183 -2.4183 4.5
    endloop
  endfacet
  facet normal -0 0 1
    outer loop
      vertex -2.96181 1.71 4.5
      vertex -2.71327 -2.08196 4.5
      vertex -2.71327 2.08196 4.5
    endloop
  endfacet
  facet normal 0 0 1
    outer loop
      vertex -2.96181 1.71 4.5
      vertex -2.96181 -1.71 4.5
      vertex -2.71327 -2.08196 4.5
    endloop
  endfacet
  facet normal -0 0 1
    outer loop
      vertex -3.15967 1.30878 4.5
      vertex -2.96181 -1.71 4.5
      vertex -2.96181 1.71 4.5
    endloop
  endfacet
  facet normal 0 0 1
    outer loop
      vertex -3.15967 1.30878 4.5
      vertex -3.15967 -1.30878 4.5
      vertex -2.96181 -1.71 4.5
    endloop
  endfacet
  facet normal -0 0 1
    outer loop
      vertex -3.30347 0.88516 4.5
      vertex -3.15967 -1.30878 4.5
      vertex -3.15967 1.30878 4.5
    endloop
  endfacet
  facet normal 0 0 1
    outer loop
      vertex -3.30347 0.88516 4.5
      vertex -3.30347 -0.88516 4.5
      vertex -3.15967 -1.30878 4.5
    endloop
  endfacet
  facet normal -0 0 1
    outer loop
      vertex -3.39074 0.446399 4.5
      vertex -3.30347 -0.88516 4.5
      vertex -3.30347 0.88516 4.5
    endloop
  endfacet
  facet normal 0 0 1
    outer loop
      vertex -3.39074 0.446399 4.5
      vertex -3.39074 -0.446399 4.5
      vertex -3.30347 -0.88516 4.5
    endloop
  endfacet
  facet normal 0 -0 1
    outer loop
      vertex -3.39074 -0.446399 4.5
      vertex -3.39074 0.446399 4.5
      vertex -3.42 0 4.5
    endloop
  endfacet
  facet normal -0.442289 -0.896873 0
    outer loop
      vertex -1.71 -2.96181 2.70159
      vertex -1.30878 -3.15967 4.5
      vertex -1.71 -2.96181 4.5
    endloop
  endfacet
  facet normal -0.442289 -0.896873 -0
    outer loop
      vertex -1.30878 -3.15967 4.5
      vertex -1.71 -2.96181 2.70159
      vertex -1.30878 -3.15967 2.65917
    endloop
  endfacet
  facet normal -0.442289 -0.896873 0
    outer loop
      vertex -1.71 -2.96181 0
      vertex -1.30878 -3.15967 0.590046
      vertex -1.71 -2.96181 0.632492
    endloop
  endfacet
  facet normal -0.442289 -0.896873 -0
    outer loop
      vertex -1.30878 -3.15967 0.590046
      vertex -1.71 -2.96181 0
      vertex -1.30878 -3.15967 0
    endloop
  endfacet
  facet normal -0.442289 -0.896873 0
    outer loop
      vertex -1.71 -2.96181 0.701034
      vertex -1.30878 -3.15967 2.59061
      vertex -1.71 -2.96181 2.63241
    endloop
  endfacet
  facet normal -0.442289 -0.896873 -0
    outer loop
      vertex -1.30878 -3.15967 2.59061
      vertex -1.71 -2.96181 0.701034
      vertex -1.30878 -3.15967 0.659275
    endloop
  endfacet
  facet normal 0.659369 -0.751819 -8.96622e-06
    outer loop
      vertex 2.4183 -2.4183 0
      vertex 2.38697 -2.44578 0.219512
      vertex 2.30947 -2.51375 0.227508
    endloop
  endfacet
  facet normal 0.659344 -0.751841 0
    outer loop
      vertex 2.08196 -2.71327 0
      vertex 2.30947 -2.51375 0.227508
      vertex 2.08196 -2.71327 0.256595
    endloop
  endfacet
  facet normal 0.659356 -0.751831 -2.03177e-05
    outer loop
      vertex 2.4183 -2.4183 0
      vertex 2.30947 -2.51375 0.227508
      vertex 2.08196 -2.71327 0
    endloop
  endfacet
  facet normal 0.659405 -0.751788 0
    outer loop
      vertex 2.38697 -2.44578 0.219512
      vertex 2.4183 -2.4183 0
      vertex 2.4183 -2.4183 0.215767
    endloop
  endfacet
  facet normal 0.659356 -0.751831 0
    outer loop
      vertex 2.08196 -2.71327 4.32609
      vertex 2.4183 -2.4183 4.5
      vertex 2.08196 -2.71327 4.5
    endloop
  endfacet
  facet normal 0.659356 -0.751831 0
    outer loop
      vertex 2.4183 -2.4183 4.5
      vertex 2.08196 -2.71327 4.32609
      vertex 2.4183 -2.4183 4.28423
    endloop
  endfacet
  facet normal 0.659356 -0.751831 0
    outer loop
      vertex 2.08196 -2.71327 0.326458
      vertex 2.4183 -2.4183 2.21439
      vertex 2.08196 -2.71327 2.25721
    endloop
  endfacet
  facet normal 0.659357 -0.75183 -3.8527e-07
    outer loop
      vertex 2.13627 -2.66564 0.320903
      vertex 2.4183 -2.4183 2.21439
      vertex 2.08196 -2.71327 0.326458
    endloop
  endfacet
  facet normal 0.659355 -0.751831 0
    outer loop
      vertex 2.4183 -2.4183 2.21439
      vertex 2.13627 -2.66564 0.320903
      vertex 2.4183 -2.4183 0.284869
    endloop
  endfacet
  facet normal 0.659356 -0.751831 0
    outer loop
      vertex 2.08196 -2.71327 2.32582
      vertex 2.4183 -2.4183 4.21513
      vertex 2.08196 -2.71327 4.25751
    endloop
  endfacet
  facet normal 0.659338 -0.751847 5.66882e-06
    outer loop
      vertex 2.25385 -2.56253 2.30488
      vertex 2.4183 -2.4183 4.21513
      vertex 2.08196 -2.71327 2.32582
    endloop
  endfacet
  facet normal 0.65936 -0.751828 2.30153e-06
    outer loop
      vertex 2.33101 -2.49486 2.29676
      vertex 2.4183 -2.4183 4.21513
      vertex 2.25385 -2.56253 2.30488
    endloop
  endfacet
  facet normal 0.659388 -0.751803 0
    outer loop
      vertex 2.4183 -2.4183 4.21513
      vertex 2.33101 -2.49486 2.29676
      vertex 2.4183 -2.4183 2.28561
    endloop
  endfacet
  facet normal -0.831453 -0.555595 0
    outer loop
      vertex -2.8773 -1.83647 2.85366
      vertex -2.96181 -1.71 4.5
      vertex -2.96181 -1.71 2.86749
    endloop
  endfacet
  facet normal -0.831498 -0.555528 8.48219e-06
    outer loop
      vertex -2.71327 -2.08196 4.5
      vertex -2.8773 -1.83647 2.85366
      vertex -2.82154 -1.91993 2.84578
    endloop
  endfacet
  facet normal -0.831458 -0.555588 -0
    outer loop
      vertex -2.71327 -2.08196 4.5
      vertex -2.82154 -1.91993 2.84578
      vertex -2.71327 -2.08196 2.82705
    endloop
  endfacet
  facet normal -0.831465 -0.555577 -2.01738e-06
    outer loop
      vertex -2.8773 -1.83647 2.85366
      vertex -2.71327 -2.08196 4.5
      vertex -2.96181 -1.71 4.5
    endloop
  endfacet
  facet normal -0.831455 -0.555592 0
    outer loop
      vertex -2.96181 -1.71 0
      vertex -2.83527 -1.89937 0.776152
      vertex -2.96181 -1.71 0.798047
    endloop
  endfacet
  facet normal -0.831465 -0.555577 5.18007e-06
    outer loop
      vertex -2.71327 -2.08196 0
      vertex -2.83527 -1.89937 0.776152
      vertex -2.96181 -1.71 0
    endloop
  endfacet
  facet normal -0.831499 -0.555526 -1.21449e-05
    outer loop
      vertex -2.83527 -1.89937 0.776152
      vertex -2.71327 -2.08196 0
      vertex -2.77945 -1.98292 0.768292
    endloop
  endfacet
  facet normal -0.831456 -0.555591 0
    outer loop
      vertex -2.77945 -1.98292 0.768292
      vertex -2.71327 -2.08196 0
      vertex -2.71327 -2.08196 0.757498
    endloop
  endfacet
  facet normal -0.829472 -0.558547 -0.000848125
    outer loop
      vertex -2.71327 -2.08196 2.75582
      vertex -2.96181 -1.71 0.86924
      vertex -2.96082 -1.71147 0.869106
    endloop
  endfacet
  facet normal -0.831473 -0.555565 -0
    outer loop
      vertex -2.71327 -2.08196 2.75582
      vertex -2.96082 -1.71147 0.869106
      vertex -2.71327 -2.08196 0.826352
    endloop
  endfacet
  facet normal -0.831465 -0.555577 0
    outer loop
      vertex -2.96181 -1.71 0.86924
      vertex -2.71327 -2.08196 2.75582
      vertex -2.96181 -1.71 2.79872
    endloop
  endfacet
  facet normal 0.518946 -0 0.854807
    outer loop
      vertex 4.21999 -0.199997 0
      vertex 4.21999 0.199997 0
      vertex 4.0392 -1.2382 0.109756
    endloop
  endfacet
  facet normal 0.488389 -0.175415 -0.854813
    outer loop
      vertex 4.21999 -0.199997 0
      vertex 4.0392 -1.2382 0.109756
      vertex 3.90399 -1.61465 0.109756
    endloop
  endfacet
  facet normal 0.0191766 0.0937559 0.995411
    outer loop
      vertex 4.21999 0.199997 0
      vertex 3.39584 0.368567 0
      vertex 3.42 0 0.0342492
    endloop
  endfacet
  facet normal 0.0191766 0.0937559 0.995411
    outer loop
      vertex 3.39074 -0.446399 0.0768584
      vertex 4.21999 0.199997 0
      vertex 3.42 0 0.0342492
    endloop
  endfacet
  facet normal 0.0191776 0.0937547 0.995411
    outer loop
      vertex 4.21999 0.199997 0
      vertex 3.39074 -0.446399 0.0768584
      vertex 3.33999 -0.701539 0.101867
    endloop
  endfacet
  facet normal 0.0429819 0.0706505 0.996575
    outer loop
      vertex 3.33999 -0.701539 0.101867
      vertex 4.0392 -1.2382 0.109756
      vertex 4.21999 0.199997 0
    endloop
  endfacet
  facet normal 0.0429878 0.0706582 0.996574
    outer loop
      vertex 4.0392 -1.2382 0.109756
      vertex 3.33999 -0.701539 0.101867
      vertex 3.32025 -0.800797 0.109756
    endloop
  endfacet
  facet normal 0.0165721 -0.0810211 -0.996575
    outer loop
      vertex 3.38455 -0.477524 0.0086703
      vertex 4.21999 -0.199997 0
      vertex 3.90399 -1.61465 0.109756
    endloop
  endfacet
  facet normal 0.0165717 -0.0810202 -0.996575
    outer loop
      vertex 4.21999 -0.199997 0
      vertex 3.39074 -0.446399 0.00624283
      vertex 3.39584 -0.368567 0
    endloop
  endfacet
  facet normal 0.0165715 -0.0810195 -0.996575
    outer loop
      vertex 4.21999 -0.199997 0
      vertex 3.38455 -0.477524 0.0086703
      vertex 3.39074 -0.446399 0.00624283
    endloop
  endfacet
  facet normal -0.0136428 -0.0947198 -0.99541
    outer loop
      vertex 3.90399 -1.61465 0.109756
      vertex 3.30347 -0.88516 0.0485708
      vertex 3.38455 -0.477524 0.0086703
    endloop
  endfacet
  facet normal -0.0136418 -0.094719 -0.995411
    outer loop
      vertex 3.90399 -1.61465 0.109756
      vertex 3.15967 -1.30878 0.0908514
      vertex 3.30347 -0.88516 0.0485708
    endloop
  endfacet
  facet normal -0.0136426 -0.094721 -0.99541
    outer loop
      vertex 3.15967 -1.30878 0.0908514
      vertex 3.90399 -1.61465 0.109756
      vertex 3.06819 -1.49427 0.109756
    endloop
  endfacet
  facet normal 0.488445 -0.175435 0.854777
    outer loop
      vertex 3.90399 -1.61465 0.109756
      vertex 4.0392 -1.2382 0.109756
      vertex 3.38292 -2.53064 0.219512
    endloop
  endfacet
  facet normal 0.400367 -0.330177 -0.854804
    outer loop
      vertex 3.90399 -1.61465 0.109756
      vertex 3.38292 -2.53064 0.219512
      vertex 3.12843 -2.83923 0.219512
    endloop
  endfacet
  facet normal 0.0497367 0.0817512 0.995411
    outer loop
      vertex 3.30347 -0.88516 0.117523
      vertex 4.0392 -1.2382 0.109756
      vertex 3.32025 -0.800797 0.109756
    endloop
  endfacet
  facet normal 0.0497384 0.0817548 0.995411
    outer loop
      vertex 3.15967 -1.30878 0.159501
      vertex 4.0392 -1.2382 0.109756
      vertex 3.30347 -0.88516 0.117523
    endloop
  endfacet
  facet normal 0.0497381 0.0817586 0.99541
    outer loop
      vertex 2.96181 -1.71 0.202342
      vertex 4.0392 -1.2382 0.109756
      vertex 3.15967 -1.30878 0.159501
    endloop
  endfacet
  facet normal 0.0497436 0.0817462 0.995411
    outer loop
      vertex 4.0392 -1.2382 0.109756
      vertex 2.96181 -1.71 0.202342
      vertex 2.91013 -1.78734 0.211276
    endloop
  endfacet
  facet normal 0.0643337 0.051963 0.996575
    outer loop
      vertex 2.91013 -1.78734 0.211276
      vertex 3.38292 -2.53064 0.219512
      vertex 4.0392 -1.2382 0.109756
    endloop
  endfacet
  facet normal 0.0643354 0.0519641 0.996574
    outer loop
      vertex 3.38292 -2.53064 0.219512
      vertex 2.91013 -1.78734 0.211276
      vertex 2.85237 -1.87378 0.219512
    endloop
  endfacet
  facet normal -0.0117898 -0.0818536 -0.996575
    outer loop
      vertex 3.02325 -1.5854 0.117773
      vertex 3.90399 -1.61465 0.109756
      vertex 3.12843 -2.83923 0.219512
    endloop
  endfacet
  facet normal -0.0117899 -0.0818577 -0.996574
    outer loop
      vertex 3.90399 -1.61465 0.109756
      vertex 3.02325 -1.5854 0.117773
      vertex 3.06819 -1.49427 0.109756
    endloop
  endfacet
  facet normal -0.0448555 -0.084533 -0.995411
    outer loop
      vertex 3.12843 -2.83923 0.219512
      vertex 2.96181 -1.71 0.131123
      vertex 3.02325 -1.5854 0.117773
    endloop
  endfacet
  facet normal -0.0448567 -0.0845331 -0.99541
    outer loop
      vertex 3.12843 -2.83923 0.219512
      vertex 2.71327 -2.08196 0.173911
      vertex 2.96181 -1.71 0.131123
    endloop
  endfacet
  facet normal -0.044858 -0.0845339 -0.99541
    outer loop
      vertex 3.12843 -2.83923 0.219512
      vertex 2.4183 -2.4183 0.215767
      vertex 2.71327 -2.08196 0.173911
    endloop
  endfacet
  facet normal -0.0448506 -0.0845214 -0.995412
    outer loop
      vertex 2.4183 -2.4183 0.215767
      vertex 3.12843 -2.83923 0.219512
      vertex 2.38697 -2.44578 0.219512
    endloop
  endfacet
  facet normal 0.400355 -0.330167 0.854813
    outer loop
      vertex 3.12843 -2.83923 0.219512
      vertex 3.38292 -2.53064 0.219512
      vertex 2.3284 -3.52517 0.329268
    endloop
  endfacet
  facet normal 0.265189 -0.446073 -0.854806
    outer loop
      vertex 3.12843 -2.83923 0.219512
      vertex 2.3284 -3.52517 0.329268
      vertex 1.98458 -3.72957 0.329268
    endloop
  endfacet
  facet normal 0.0744464 0.0601308 0.99541
    outer loop
      vertex 2.71327 -2.08196 0.242491
      vertex 3.38292 -2.53064 0.219512
      vertex 2.85237 -1.87378 0.219512
    endloop
  endfacet
  facet normal 0.074446 0.0601302 0.995411
    outer loop
      vertex 2.4183 -2.4183 0.284869
      vertex 3.38292 -2.53064 0.219512
      vertex 2.71327 -2.08196 0.242491
    endloop
  endfacet
  facet normal 0.074446 0.0601303 0.995411
    outer loop
      vertex 3.38292 -2.53064 0.219512
      vertex 2.4183 -2.4183 0.284869
      vertex 2.13627 -2.66564 0.320903
    endloop
  endfacet
  facet normal 0.0781111 0.0271588 0.996575
    outer loop
      vertex 2.13627 -2.66564 0.320903
      vertex 2.3284 -3.52517 0.329268
      vertex 3.38292 -2.53064 0.219512
    endloop
  endfacet
  facet normal 0.0781139 0.0271595 0.996574
    outer loop
      vertex 2.08196 -2.71327 0.326458
      vertex 2.3284 -3.52517 0.329268
      vertex 2.13627 -2.66564 0.320903
    endloop
  endfacet
  facet normal 0.0781156 0.02716 0.996574
    outer loop
      vertex 2.3284 -3.52517 0.329268
      vertex 2.08196 -2.71327 0.326458
      vertex 2.05287 -2.73271 0.329268
    endloop
  endfacet
  facet normal -0.0387597 -0.0730431 -0.996575
    outer loop
      vertex 3.12843 -2.83923 0.219512
      vertex 2.30947 -2.51375 0.227508
      vertex 2.38697 -2.44578 0.219512
    endloop
  endfacet
  facet normal -0.0387631 -0.0730517 -0.996575
    outer loop
      vertex 2.30947 -2.51375 0.227508
      vertex 3.12843 -2.83923 0.219512
      vertex 1.98458 -3.72957 0.329268
    endloop
  endfacet
  facet normal -0.0707887 -0.0643964 -0.995411
    outer loop
      vertex 1.98458 -3.72957 0.329268
      vertex 2.08196 -2.71327 0.256595
      vertex 2.30947 -2.51375 0.227508
    endloop
  endfacet
  facet normal -0.070792 -0.0643961 -0.99541
    outer loop
      vertex 1.98458 -3.72957 0.329268
      vertex 1.71 -2.96181 0.299127
      vertex 2.08196 -2.71327 0.256595
    endloop
  endfacet
  facet normal -0.0707899 -0.0643953 -0.99541
    outer loop
      vertex 1.71 -2.96181 0.299127
      vertex 1.98458 -3.72957 0.329268
      vertex 1.41742 -3.10609 0.329268
    endloop
  endfacet
  facet normal 0.265205 -0.4461 0.854787
    outer loop
      vertex 1.98458 -3.72957 0.329268
      vertex 2.3284 -3.52517 0.329268
      vertex 0.999786 -4.10472 0.439024
    endloop
  endfacet
  facet normal 0.0987901 -0.509423 -0.854826
    outer loop
      vertex 1.98458 -3.72957 0.329268
      vertex 0.999786 -4.10472 0.439024
      vertex 0.607109 -4.18087 0.439024
    endloop
  endfacet
  facet normal 0.0903896 0.0314275 0.99541
    outer loop
      vertex 1.71 -2.96181 0.367636
      vertex 2.3284 -3.52517 0.329268
      vertex 2.05287 -2.73271 0.329268
    endloop
  endfacet
  facet normal 0.0903908 0.0314289 0.99541
    outer loop
      vertex 1.30878 -3.15967 0.410317
      vertex 2.3284 -3.52517 0.329268
      vertex 1.71 -2.96181 0.367636
    endloop
  endfacet
  facet normal 0.0903883 0.0314217 0.995411
    outer loop
      vertex 2.3284 -3.52517 0.329268
      vertex 1.30878 -3.15967 0.410317
      vertex 1.10343 -3.22937 0.431164
    endloop
  endfacet
  facet normal 0.0826962 -0.00084297 0.996574
    outer loop
      vertex 0.999786 -4.10472 0.439024
      vertex 1.10343 -3.22937 0.431164
      vertex 1.00838 -3.26164 0.439024
    endloop
  endfacet
  facet normal 0.082694 -0.000842706 0.996575
    outer loop
      vertex 1.10343 -3.22937 0.431164
      vertex 0.999786 -4.10472 0.439024
      vertex 2.3284 -3.52517 0.329268
    endloop
  endfacet
  facet normal -0.0611751 -0.055649 -0.996575
    outer loop
      vertex 1.98458 -3.72957 0.329268
      vertex 1.31774 -3.15525 0.338132
      vertex 1.41742 -3.10609 0.329268
    endloop
  endfacet
  facet normal -0.0611744 -0.0556483 -0.996575
    outer loop
      vertex 1.31774 -3.15525 0.338132
      vertex 1.98458 -3.72957 0.329268
      vertex 0.607109 -4.18087 0.439024
    endloop
  endfacet
  facet normal -0.0883088 -0.0367334 -0.995416
    outer loop
      vertex 0.607109 -4.18087 0.439024
      vertex 1.30878 -3.15967 0.33909
      vertex 1.31774 -3.15525 0.338132
    endloop
  endfacet
  facet normal -0.0883903 -0.0366769 -0.99541
    outer loop
      vertex 0.607109 -4.18087 0.439024
      vertex 0.88516 -3.30347 0.382005
      vertex 1.30878 -3.15967 0.33909
    endloop
  endfacet
  facet normal -0.0883913 -0.0366766 -0.99541
    outer loop
      vertex 0.607109 -4.18087 0.439024
      vertex 0.446399 -3.39074 0.424182
      vertex 0.88516 -3.30347 0.382005
    endloop
  endfacet
  facet normal -0.0883878 -0.0366759 -0.995411
    outer loop
      vertex 0.446399 -3.39074 0.424182
      vertex 0.607109 -4.18087 0.439024
      vertex 0.283678 -3.40141 0.439024
    endloop
  endfacet
  facet normal 0.0988047 -0.509499 0.85478
    outer loop
      vertex 0.607109 -4.18087 0.439024
      vertex 0.999786 -4.10472 0.439024
      vertex -0.446525 -4.20106 0.54878
    endloop
  endfacet
  facet normal -0.0792174 -0.512857 -0.854812
    outer loop
      vertex 0.607109 -4.18087 0.439024
      vertex -0.446525 -4.20106 0.54878
      vertex -0.84183 -4.14 0.54878
    endloop
  endfacet
  facet normal 0.0956957 -0.000975481 0.99541
    outer loop
      vertex 0.88516 -3.30347 0.450829
      vertex 0.999786 -4.10472 0.439024
      vertex 1.00838 -3.26164 0.439024
    endloop
  endfacet
  facet normal 0.0956922 -0.00097599 0.99541
    outer loop
      vertex 0.446399 -3.39074 0.492923
      vertex 0.999786 -4.10472 0.439024
      vertex 0.88516 -3.30347 0.450829
    endloop
  endfacet
  facet normal 0.0956939 -0.000974584 0.99541
    outer loop
      vertex 0 -3.42 0.535809
      vertex 0.999786 -4.10472 0.439024
      vertex 0.446399 -3.39074 0.492923
    endloop
  endfacet
  facet normal 0.095679 -0.000996574 0.995412
    outer loop
      vertex 0.999786 -4.10472 0.439024
      vertex 0 -3.42 0.535809
      vertex -0.0459216 -3.41699 0.540226
    endloop
  endfacet
  facet normal 0.077538 -0.028744 0.996575
    outer loop
      vertex -0.446525 -4.20106 0.54878
      vertex -0.0459216 -3.41699 0.540226
      vertex -0.153254 -3.40995 0.54878
    endloop
  endfacet
  facet normal 0.0775417 -0.0287459 0.996575
    outer loop
      vertex -0.0459216 -3.41699 0.540226
      vertex -0.446525 -4.20106 0.54878
      vertex 0.999786 -4.10472 0.439024
    endloop
  endfacet
  facet normal -0.0763848 -0.0316953 -0.996575
    outer loop
      vertex 0.607109 -4.18087 0.439024
      vertex 0.183413 -3.40798 0.446918
      vertex 0.283678 -3.40141 0.439024
    endloop
  endfacet
  facet normal -0.0763838 -0.0316947 -0.996575
    outer loop
      vertex 0.183413 -3.40798 0.446918
      vertex 0.607109 -4.18087 0.439024
      vertex -0.84183 -4.14 0.54878
    endloop
  endfacet
  facet normal -0.0955827 -0.00464341 -0.995411
    outer loop
      vertex -0.84183 -4.14 0.54878
      vertex 0 -3.42 0.464586
      vertex 0.183413 -3.40798 0.446918
    endloop
  endfacet
  facet normal -0.0955863 -0.00463913 -0.99541
    outer loop
      vertex -0.84183 -4.14 0.54878
      vertex -0.446399 -3.39074 0.507316
      vertex 0 -3.42 0.464586
    endloop
  endfacet
  facet normal -0.0955842 -0.00464023 -0.995411
    outer loop
      vertex -0.446399 -3.39074 0.507316
      vertex -0.84183 -4.14 0.54878
      vertex -0.882414 -3.30401 0.54878
    endloop
  endfacet
  facet normal -0.0792204 -0.512876 0.8548
    outer loop
      vertex -0.84183 -4.14 0.54878
      vertex -0.446525 -4.20106 0.54878
      vertex -1.84027 -3.80285 0.658536
    endloop
  endfacet
  facet normal -0.247923 -0.455936 -0.854784
    outer loop
      vertex -0.84183 -4.14 0.54878
      vertex -1.84027 -3.80285 0.658536
      vertex -2.19167 -3.61177 0.658536
    endloop
  endfacet
  facet normal 0.0897329 -0.0332647 0.99541
    outer loop
      vertex -0.446399 -3.39074 0.575848
      vertex -0.446525 -4.20106 0.54878
      vertex -0.153254 -3.40995 0.54878
    endloop
  endfacet
  facet normal 0.0897301 -0.0332647 0.99541
    outer loop
      vertex -0.88516 -3.30347 0.618316
      vertex -0.446525 -4.20106 0.54878
      vertex -0.446399 -3.39074 0.575848
    endloop
  endfacet
  facet normal 0.0897278 -0.0332659 0.995411
    outer loop
      vertex -0.446525 -4.20106 0.54878
      vertex -0.88516 -3.30347 0.618316
      vertex -1.20139 -3.19612 0.650409
    endloop
  endfacet
  facet normal 0.0632605 -0.0532637 0.996575
    outer loop
      vertex -1.84027 -3.80285 0.658536
      vertex -1.20139 -3.19612 0.650409
      vertex -1.30096 -3.16232 0.658536
    endloop
  endfacet
  facet normal 0.063261 -0.0532643 0.996575
    outer loop
      vertex -1.20139 -3.19612 0.650409
      vertex -1.84027 -3.80285 0.658536
      vertex -0.446525 -4.20106 0.54878
    endloop
  endfacet
  facet normal -0.0828087 -0.00402004 -0.996557
    outer loop
      vertex -0.84183 -4.14 0.54878
      vertex -0.88516 -3.30347 0.549006
      vertex -0.882414 -3.30401 0.54878
    endloop
  endfacet
  facet normal -0.0825954 -0.00400898 -0.996575
    outer loop
      vertex -0.84183 -4.14 0.54878
      vertex -0.982739 -3.27034 0.55696
      vertex -0.88516 -3.30347 0.549006
    endloop
  endfacet
  facet normal -0.082601 -0.0040099 -0.996575
    outer loop
      vertex -0.982739 -3.27034 0.55696
      vertex -0.84183 -4.14 0.54878
      vertex -2.19167 -3.61177 0.658536
    endloop
  endfacet
  facet normal -0.0915251 0.0279408 -0.995411
    outer loop
      vertex -1.71 -2.96181 0.632492
      vertex -2.19167 -3.61177 0.658536
      vertex -1.94526 -2.80461 0.658536
    endloop
  endfacet
  facet normal -0.0915271 0.0279423 -0.99541
    outer loop
      vertex -1.30878 -3.15967 0.590046
      vertex -2.19167 -3.61177 0.658536
      vertex -1.71 -2.96181 0.632492
    endloop
  endfacet
  facet normal -0.0915275 0.027943 -0.99541
    outer loop
      vertex -2.19167 -3.61177 0.658536
      vertex -1.30878 -3.15967 0.590046
      vertex -0.982739 -3.27034 0.55696
    endloop
  endfacet
  facet normal -0.247892 -0.455878 0.854825
    outer loop
      vertex -2.19167 -3.61177 0.658536
      vertex -1.84027 -3.80285 0.658536
      vertex -3.01738 -2.95697 0.768292
    endloop
  endfacet
  facet normal -0.387458 -0.345314 -0.854772
    outer loop
      vertex -2.19167 -3.61177 0.658536
      vertex -3.01738 -2.95697 0.768292
      vertex -3.28351 -2.65836 0.768292
    endloop
  endfacet
  facet normal 0.0731861 -0.0616208 0.995413
    outer loop
      vertex -1.30878 -3.15967 0.659275
      vertex -1.84027 -3.80285 0.658536
      vertex -1.30096 -3.16232 0.658536
    endloop
  endfacet
  facet normal 0.0732061 -0.0616374 0.99541
    outer loop
      vertex -1.71 -2.96181 0.701034
      vertex -1.84027 -3.80285 0.658536
      vertex -1.30878 -3.15967 0.659275
    endloop
  endfacet
  facet normal 0.073203 -0.0616369 0.995411
    outer loop
      vertex -2.08196 -2.71327 0.743778
      vertex -1.84027 -3.80285 0.658536
      vertex -1.71 -2.96181 0.701034
    endloop
  endfacet
  facet normal 0.0732079 -0.0616358 0.99541
    outer loop
      vertex -1.84027 -3.80285 0.658536
      vertex -2.08196 -2.71327 0.743778
      vertex -2.21179 -2.59942 0.760376
    endloop
  endfacet
  facet normal 0.04153 -0.0715067 0.996575
    outer loop
      vertex -3.01738 -2.95697 0.768292
      vertex -2.21179 -2.59942 0.760376
      vertex -2.28747 -2.53305 0.768292
    endloop
  endfacet
  facet normal 0.0415327 -0.071513 0.996575
    outer loop
      vertex -2.21179 -2.59942 0.760376
      vertex -3.01738 -2.95697 0.768292
      vertex -1.84027 -3.80285 0.658536
    endloop
  endfacet
  facet normal -0.0791002 0.0241477 -0.996574
    outer loop
      vertex -2.19167 -3.61177 0.658536
      vertex -2.03384 -2.74542 0.667001
      vertex -1.94526 -2.80461 0.658536
    endloop
  endfacet
  facet normal -0.0790943 0.0241467 -0.996575
    outer loop
      vertex -2.03384 -2.74542 0.667001
      vertex -2.19167 -3.61177 0.658536
      vertex -3.28351 -2.65836 0.768292
    endloop
  endfacet
  facet normal -0.0766966 0.0572363 -0.99541
    outer loop
      vertex -2.71327 -2.08196 0.757498
      vertex -3.28351 -2.65836 0.768292
      vertex -2.77945 -1.98292 0.768292
    endloop
  endfacet
  facet normal -0.0766948 0.0572345 -0.995411
    outer loop
      vertex -2.4183 -2.4183 0.715432
      vertex -3.28351 -2.65836 0.768292
      vertex -2.71327 -2.08196 0.757498
    endloop
  endfacet
  facet normal -0.076695 0.0572351 -0.99541
    outer loop
      vertex -2.08196 -2.71327 0.672557
      vertex -3.28351 -2.65836 0.768292
      vertex -2.4183 -2.4183 0.715432
    endloop
  endfacet
  facet normal -0.0766953 0.0572294 -0.995411
    outer loop
      vertex -3.28351 -2.65836 0.768292
      vertex -2.08196 -2.71327 0.672557
      vertex -2.03384 -2.74542 0.667001
    endloop
  endfacet
  facet normal -0.387378 -0.345243 0.854837
    outer loop
      vertex -3.28351 -2.65836 0.768292
      vertex -3.01738 -2.95697 0.768292
      vertex -3.83928 -1.763 0.878048
    endloop
  endfacet
  facet normal -0.481364 -0.194012 -0.85478
    outer loop
      vertex -3.28351 -2.65836 0.768292
      vertex -3.83928 -1.763 0.878048
      vertex -3.98881 -1.392 0.878048
    endloop
  endfacet
  facet normal 0.0480629 -0.0827552 0.99541
    outer loop
      vertex -2.4183 -2.4183 0.784149
      vertex -3.01738 -2.95697 0.768292
      vertex -2.28747 -2.53305 0.768292
    endloop
  endfacet
  facet normal 0.0480604 -0.0827524 0.995411
    outer loop
      vertex -2.71327 -2.08196 0.826352
      vertex -3.01738 -2.95697 0.768292
      vertex -2.4183 -2.4183 0.784149
    endloop
  endfacet
  facet normal 0.0480643 -0.0827538 0.99541
    outer loop
      vertex -3.01738 -2.95697 0.768292
      vertex -2.71327 -2.08196 0.826352
      vertex -2.96082 -1.71147 0.869106
    endloop
  endfacet
  facet normal 0.0148858 -0.080823 0.996617
    outer loop
      vertex -3.83928 -1.763 0.878048
      vertex -2.96082 -1.71147 0.869106
      vertex -2.96181 -1.71 0.86924
    endloop
  endfacet
  facet normal 0.0149169 -0.0813448 0.996574
    outer loop
      vertex -3.83928 -1.763 0.878048
      vertex -2.96181 -1.71 0.86924
      vertex -3.01061 -1.61104 0.878048
    endloop
  endfacet
  facet normal 0.0149158 -0.0813427 0.996575
    outer loop
      vertex -2.96082 -1.71147 0.869106
      vertex -3.83928 -1.763 0.878048
      vertex -3.01738 -2.95697 0.768292
    endloop
  endfacet
  facet normal -0.066286 0.0494672 -0.996574
    outer loop
      vertex -3.28351 -2.65836 0.768292
      vertex -2.83527 -1.89937 0.776152
      vertex -2.77945 -1.98292 0.768292
    endloop
  endfacet
  facet normal -0.0662758 0.0494612 -0.996575
    outer loop
      vertex -2.83527 -1.89937 0.776152
      vertex -3.28351 -2.65836 0.768292
      vertex -3.98881 -1.392 0.878048
    endloop
  endfacet
  facet normal -0.052834 0.0797907 -0.99541
    outer loop
      vertex -3.15967 -1.30878 0.84071
      vertex -3.98881 -1.392 0.878048
      vertex -3.28877 -0.928463 0.878048
    endloop
  endfacet
  facet normal -0.052834 0.0797903 -0.995411
    outer loop
      vertex -2.96181 -1.71 0.798047
      vertex -3.98881 -1.392 0.878048
      vertex -3.15967 -1.30878 0.84071
    endloop
  endfacet
  facet normal -0.0528361 0.0797837 -0.995411
    outer loop
      vertex -3.98881 -1.392 0.878048
      vertex -2.96181 -1.71 0.798047
      vertex -2.83527 -1.89937 0.776152
    endloop
  endfacet
  facet normal -0.481318 -0.193993 0.85481
    outer loop
      vertex -3.98881 -1.392 0.878048
      vertex -3.83928 -1.763 0.878048
      vertex -4.20923 -0.361486 0.987804
    endloop
  endfacet
  facet normal -0.518568 -0.0198761 -0.854806
    outer loop
      vertex -3.98881 -1.392 0.878048
      vertex -4.20923 -0.361486 0.987804
      vertex -4.22455 0.0382128 0.987804
    endloop
  endfacet
  facet normal 0.017261 -0.0941277 0.99541
    outer loop
      vertex -3.15967 -1.30878 0.909215
      vertex -3.83928 -1.763 0.878048
      vertex -3.01061 -1.61104 0.878048
    endloop
  endfacet
  facet normal 0.0172612 -0.0941281 0.99541
    outer loop
      vertex -3.30347 -0.88516 0.951767
      vertex -3.83928 -1.763 0.878048
      vertex -3.15967 -1.30878 0.909215
    endloop
  endfacet
  facet normal 0.0172603 -0.0941275 0.995411
    outer loop
      vertex -3.83928 -1.763 0.878048
      vertex -3.30347 -0.88516 0.951767
      vertex -3.36044 -0.59871 0.979842
    endloop
  endfacet
  facet normal -0.0134562 -0.0815946 0.996575
    outer loop
      vertex -4.20923 -0.361486 0.987804
      vertex -3.36044 -0.59871 0.979842
      vertex -3.38044 -0.498166 0.987804
    endloop
  endfacet
  facet normal -0.0134566 -0.0815963 0.996575
    outer loop
      vertex -3.36044 -0.59871 0.979842
      vertex -4.20923 -0.361486 0.987804
      vertex -3.83928 -1.763 0.878048
    endloop
  endfacet
  facet normal -0.0456502 0.0689416 -0.996576
    outer loop
      vertex -3.98881 -1.392 0.878048
      vertex -3.30347 -0.88516 0.881717
      vertex -3.28877 -0.928463 0.878048
    endloop
  endfacet
  facet normal -0.0456685 0.0689663 -0.996573
    outer loop
      vertex -3.98881 -1.392 0.878048
      vertex -3.31557 -0.824303 0.886483
      vertex -3.30347 -0.88516 0.881717
    endloop
  endfacet
  facet normal -0.0456569 0.0689526 -0.996575
    outer loop
      vertex -3.31557 -0.824303 0.886483
      vertex -3.98881 -1.392 0.878048
      vertex -4.22455 0.0382128 0.987804
    endloop
  endfacet
  facet normal -0.0227534 0.0929524 -0.995411
    outer loop
      vertex -3.39074 -0.446399 0.923491
      vertex -4.22455 0.0382128 0.987804
      vertex -3.42 0 0.965845
    endloop
  endfacet
  facet normal -0.0227522 0.0929545 -0.99541
    outer loop
      vertex -4.22455 0.0382128 0.987804
      vertex -3.39074 -0.446399 0.923491
      vertex -3.31557 -0.824303 0.886483
    endloop
  endfacet
  facet normal -0.0227535 0.0929506 -0.995411
    outer loop
      vertex -3.40434 0.238993 0.987804
      vertex -3.42 0 0.965845
      vertex -4.22455 0.0382128 0.987804
    endloop
  endfacet
  facet normal -0.518572 -0.0198763 0.854803
    outer loop
      vertex -4.20923 -0.361486 0.987804
      vertex -4.08366 1.08258 1.09756
      vertex -4.22455 0.0382128 0.987804
    endloop
  endfacet
  facet normal -0.494804 0.156583 -0.854781
    outer loop
      vertex -4.08366 1.08258 1.09756
      vertex -3.96298 1.46393 1.09756
      vertex -4.22455 0.0382128 0.987804
    endloop
  endfacet
  facet normal -0.0155739 -0.0944175 0.995411
    outer loop
      vertex -3.39074 0.446399 1.07724
      vertex -4.20923 -0.361486 0.987804
      vertex -3.42 0 1.03444
    endloop
  endfacet
  facet normal -0.0155219 -0.0944697 0.995407
    outer loop
      vertex -4.20923 -0.361486 0.987804
      vertex -3.39074 0.446399 1.07724
      vertex -3.36586 0.571492 1.0895
    endloop
  endfacet
  facet normal -0.0155737 -0.0944347 0.995409
    outer loop
      vertex -3.39074 -0.446399 0.992554
      vertex -4.20923 -0.361486 0.987804
      vertex -3.38044 -0.498166 0.987804
    endloop
  endfacet
  facet normal -0.0155723 -0.0944209 0.995411
    outer loop
      vertex -4.20923 -0.361486 0.987804
      vertex -3.39074 -0.446399 0.992554
      vertex -3.42 0 1.03444
    endloop
  endfacet
  facet normal -0.0402302 -0.0722178 0.996577
    outer loop
      vertex -4.08366 1.08258 1.09756
      vertex -3.36586 0.571492 1.0895
      vertex -3.34594 0.67162 1.09756
    endloop
  endfacet
  facet normal -0.0402493 -0.0722446 0.996574
    outer loop
      vertex -3.36586 0.571492 1.0895
      vertex -4.08366 1.08258 1.09756
      vertex -4.20923 -0.361486 0.987804
    endloop
  endfacet
  facet normal -0.019664 0.0803297 -0.996574
    outer loop
      vertex -4.22455 0.0382128 0.987804
      vertex -3.39758 0.34203 0.995976
      vertex -3.40434 0.238993 0.987804
    endloop
  endfacet
  facet normal -0.0196629 0.0803268 -0.996575
    outer loop
      vertex -3.39758 0.34203 0.995976
      vertex -4.22455 0.0382128 0.987804
      vertex -3.96298 1.46393 1.09756
    endloop
  endfacet
  facet normal 0.0100044 0.09517 -0.995411
    outer loop
      vertex -3.15967 1.30878 1.0908
      vertex -3.96298 1.46393 1.09756
      vertex -3.12652 1.376 1.09756
    endloop
  endfacet
  facet normal 0.0100057 0.0951764 -0.99541
    outer loop
      vertex -3.30347 0.88516 1.04885
      vertex -3.96298 1.46393 1.09756
      vertex -3.15967 1.30878 1.0908
    endloop
  endfacet
  facet normal 0.0100065 0.0951774 -0.99541
    outer loop
      vertex -3.39074 0.446399 1.00602
      vertex -3.96298 1.46393 1.09756
      vertex -3.30347 0.88516 1.04885
    endloop
  endfacet
  facet normal 0.00994373 0.0951425 -0.995414
    outer loop
      vertex -3.96298 1.46393 1.09756
      vertex -3.39074 0.446399 1.00602
      vertex -3.39758 0.34203 0.995976
    endloop
  endfacet
  facet normal -0.494758 0.156568 0.854811
    outer loop
      vertex -3.47737 2.39921 1.20732
      vertex -3.96298 1.46393 1.09756
      vertex -4.08366 1.08258 1.09756
    endloop
  endfacet
  facet normal -0.412706 0.314599 -0.854811
    outer loop
      vertex -3.47737 2.39921 1.20732
      vertex -3.23488 2.71732 1.20732
      vertex -3.96298 1.46393 1.09756
    endloop
  endfacet
  facet normal -0.046568 -0.0835949 0.995411
    outer loop
      vertex -3.30347 0.88516 1.11748
      vertex -4.08366 1.08258 1.09756
      vertex -3.34594 0.67162 1.09756
    endloop
  endfacet
  facet normal -0.0465717 -0.0836098 0.99541
    outer loop
      vertex -3.15967 1.30878 1.15979
      vertex -4.08366 1.08258 1.09756
      vertex -3.30347 0.88516 1.11748
    endloop
  endfacet
  facet normal -0.046575 -0.0835968 0.995411
    outer loop
      vertex -4.08366 1.08258 1.09756
      vertex -3.15967 1.30878 1.15979
      vertex -2.98029 1.67251 1.19873
    endloop
  endfacet
  facet normal -0.0623404 -0.0544271 0.99657
    outer loop
      vertex -3.47737 2.39921 1.20732
      vertex -2.96181 1.71 1.20193
      vertex -2.92445 1.7659 1.20732
    endloop
  endfacet
  facet normal -0.0622656 -0.0543713 0.996578
    outer loop
      vertex -3.47737 2.39921 1.20732
      vertex -2.98029 1.67251 1.19873
      vertex -2.96181 1.71 1.20193
    endloop
  endfacet
  facet normal -0.0622963 -0.0543922 0.996574
    outer loop
      vertex -2.98029 1.67251 1.19873
      vertex -3.47737 2.39921 1.20732
      vertex -4.08366 1.08258 1.09756
    endloop
  endfacet
  facet normal 0.00864783 0.082265 -0.996573
    outer loop
      vertex -3.96298 1.46393 1.09756
      vertex -3.08159 1.4671 1.10547
      vertex -3.12652 1.376 1.09756
    endloop
  endfacet
  facet normal 0.00864791 0.0822469 -0.996574
    outer loop
      vertex -3.08159 1.4671 1.10547
      vertex -3.96298 1.46393 1.09756
      vertex -3.23488 2.71732 1.20732
    endloop
  endfacet
  facet normal 0.0415851 0.0861854 -0.995411
    outer loop
      vertex -2.71327 2.08196 1.1741
      vertex -3.23488 2.71732 1.20732
      vertex -2.47684 2.35156 1.20732
    endloop
  endfacet
  facet normal 0.0415877 0.0861875 -0.995411
    outer loop
      vertex -2.96181 1.71 1.13151
      vertex -3.23488 2.71732 1.20732
      vertex -2.71327 2.08196 1.1741
    endloop
  endfacet
  facet normal 0.0416101 0.0861935 -0.995409
    outer loop
      vertex -3.23488 2.71732 1.20732
      vertex -2.96181 1.71 1.13151
      vertex -3.08159 1.4671 1.10547
    endloop
  endfacet
  facet normal -0.412724 0.314613 0.854797
    outer loop
      vertex -2.46172 3.4334 1.31707
      vertex -3.23488 2.71732 1.20732
      vertex -3.47737 2.39921 1.20732
    endloop
  endfacet
  facet normal -0.282063 0.435561 -0.854826
    outer loop
      vertex -2.46172 3.4334 1.31707
      vertex -2.12598 3.65082 1.31707
      vertex -3.23488 2.71732 1.20732
    endloop
  endfacet
  facet normal -0.0720729 -0.0629243 0.995412
    outer loop
      vertex -2.71327 2.08196 1.24259
      vertex -3.47737 2.39921 1.20732
      vertex -2.92445 1.7659 1.20732
    endloop
  endfacet
  facet normal -0.0720828 -0.0629484 0.99541
    outer loop
      vertex -2.4183 2.4183 1.28522
      vertex -3.47737 2.39921 1.20732
      vertex -2.71327 2.08196 1.24259
    endloop
  endfacet
  facet normal -0.0720824 -0.062968 0.995409
    outer loop
      vertex -3.47737 2.39921 1.20732
      vertex -2.4183 2.4183 1.28522
      vertex -2.2308 2.58274 1.3092
    endloop
  endfacet
  facet normal -0.0769766 -0.030116 0.996578
    outer loop
      vertex -2.46172 3.4334 1.31707
      vertex -2.2308 2.58274 1.3092
      vertex -2.15494 2.64927 1.31707
    endloop
  endfacet
  facet normal -0.077013 -0.0301259 0.996575
    outer loop
      vertex -2.2308 2.58274 1.3092
      vertex -2.46172 3.4334 1.31707
      vertex -3.47737 2.39921 1.20732
    endloop
  endfacet
  facet normal 0.0357825 0.074053 -0.996612
    outer loop
      vertex -3.23488 2.71732 1.20732
      vertex -2.40198 2.43262 1.21607
      vertex -2.4183 2.4183 1.21442
    endloop
  endfacet
  facet normal 0.0359428 0.0744918 -0.996574
    outer loop
      vertex -3.23488 2.71732 1.20732
      vertex -2.4183 2.4183 1.21442
      vertex -2.47684 2.35156 1.20732
    endloop
  endfacet
  facet normal 0.0359297 0.0744848 -0.996575
    outer loop
      vertex -2.40198 2.43262 1.21607
      vertex -3.23488 2.71732 1.20732
      vertex -2.12598 3.65082 1.31707
    endloop
  endfacet
  facet normal 0.0682433 0.0670322 -0.995414
    outer loop
      vertex -1.71 2.96181 1.29919
      vertex -2.12598 3.65082 1.31707
      vertex -1.5343 3.04845 1.31707
    endloop
  endfacet
  facet normal 0.0682856 0.0670576 -0.99541
    outer loop
      vertex -2.08196 2.71327 1.25693
      vertex -2.12598 3.65082 1.31707
      vertex -1.71 2.96181 1.29919
    endloop
  endfacet
  facet normal 0.0682855 0.0670576 -0.99541
    outer loop
      vertex -2.12598 3.65082 1.31707
      vertex -2.08196 2.71327 1.25693
      vertex -2.40198 2.43262 1.21607
    endloop
  endfacet
  facet normal -0.282095 0.435612 0.854789
    outer loop
      vertex -1.15627 4.06341 1.42683
      vertex -2.12598 3.65082 1.31707
      vertex -2.46172 3.4334 1.31707
    endloop
  endfacet
  facet normal -0.118251 0.505323 -0.854789
    outer loop
      vertex -1.15627 4.06341 1.42683
      vertex -0.766802 4.15455 1.42683
      vertex -2.12598 3.65082 1.31707
    endloop
  endfacet
  facet normal -0.0891629 -0.0348837 0.995406
    outer loop
      vertex -2.08196 2.71327 1.32585
      vertex -2.46172 3.4334 1.31707
      vertex -2.15494 2.64927 1.31707
    endloop
  endfacet
  facet normal -0.0891274 -0.034865 0.99541
    outer loop
      vertex -1.71 2.96181 1.36786
      vertex -2.46172 3.4334 1.31707
      vertex -2.08196 2.71327 1.32585
    endloop
  endfacet
  facet normal -0.0891208 -0.0348544 0.995411
    outer loop
      vertex -1.30878 3.15967 1.41071
      vertex -2.46172 3.4334 1.31707
      vertex -1.71 2.96181 1.36786
    endloop
  endfacet
  facet normal -0.0890932 -0.0347358 0.995417
    outer loop
      vertex -2.46172 3.4334 1.31707
      vertex -1.30878 3.15967 1.41071
      vertex -1.23172 3.18583 1.41852
    endloop
  endfacet
  facet normal -0.0827104 -0.00232572 0.996571
    outer loop
      vertex -1.15627 4.06341 1.42683
      vertex -1.23172 3.18583 1.41852
      vertex -1.13254 3.21949 1.42683
    endloop
  endfacet
  facet normal -0.082666 -0.00232957 0.996575
    outer loop
      vertex -1.23172 3.18583 1.41852
      vertex -1.15627 4.06341 1.42683
      vertex -2.46172 3.4334 1.31707
    endloop
  endfacet
  facet normal 0.0590154 0.0579681 -0.996573
    outer loop
      vertex -2.12598 3.65082 1.31707
      vertex -1.44352 3.09322 1.32505
      vertex -1.5343 3.04845 1.31707
    endloop
  endfacet
  facet normal 0.0590009 0.0579503 -0.996574
    outer loop
      vertex -1.44352 3.09322 1.32505
      vertex -2.12598 3.65082 1.31707
      vertex -0.766802 4.15455 1.42683
    endloop
  endfacet
  facet normal 0.0868497 0.0400026 -0.995418
    outer loop
      vertex -0.446399 3.39074 1.42409
      vertex -0.766802 4.15455 1.42683
      vertex -0.415916 3.39274 1.42683
    endloop
  endfacet
  facet normal 0.0869353 0.0400384 -0.995409
    outer loop
      vertex -0.88516 3.30347 1.38226
      vertex -0.766802 4.15455 1.42683
      vertex -0.446399 3.39074 1.42409
    endloop
  endfacet
  facet normal 0.0869072 0.0400424 -0.995411
    outer loop
      vertex -1.30878 3.15967 1.33949
      vertex -0.766802 4.15455 1.42683
      vertex -0.88516 3.30347 1.38226
    endloop
  endfacet
  facet normal 0.0869379 0.0400256 -0.995409
    outer loop
      vertex -0.766802 4.15455 1.42683
      vertex -1.30878 3.15967 1.33949
      vertex -1.44352 3.09322 1.32505
    endloop
  endfacet
  facet normal -0.118242 0.505282 0.854815
    outer loop
      vertex 0.285285 4.21508 1.53658
      vertex -0.766802 4.15455 1.42683
      vertex -1.15627 4.06341 1.42683
    endloop
  endfacet
  facet normal 0.059511 0.515521 -0.854808
    outer loop
      vertex 0.285285 4.21508 1.53658
      vertex 0.682639 4.16921 1.53658
      vertex -0.766802 4.15455 1.42683
    endloop
  endfacet
  facet normal -0.0956584 -0.0026898 0.995411
    outer loop
      vertex -0.88516 3.30347 1.45083
      vertex -1.15627 4.06341 1.42683
      vertex -1.13254 3.21949 1.42683
    endloop
  endfacet
  facet normal -0.0956573 -0.00268943 0.995411
    outer loop
      vertex -0.446399 3.39074 1.49323
      vertex -1.15627 4.06341 1.42683
      vertex -0.88516 3.30347 1.45083
    endloop
  endfacet
  facet normal -0.09567 -0.00270289 0.995409
    outer loop
      vertex -1.15627 4.06341 1.42683
      vertex -0.446399 3.39074 1.49323
      vertex -0.0822875 3.41461 1.52829
    endloop
  endfacet
  facet normal -0.0782137 0.0256324 0.996607
    outer loop
      vertex 0.285285 4.21508 1.53658
      vertex 0 3.42 1.53464
      vertex 0.0241986 3.41841 1.53658
    endloop
  endfacet
  facet normal -0.0785919 0.0257682 0.996574
    outer loop
      vertex 0.285285 4.21508 1.53658
      vertex -0.0822875 3.41461 1.52829
      vertex 0 3.42 1.53464
    endloop
  endfacet
  facet normal -0.078583 0.025764 0.996575
    outer loop
      vertex -0.0822875 3.41461 1.52829
      vertex 0.285285 4.21508 1.53658
      vertex -1.15627 4.06341 1.42683
    endloop
  endfacet
  facet normal 0.0750637 0.034574 -0.996579
    outer loop
      vertex -0.766802 4.15455 1.42683
      vertex -0.312429 3.39952 1.43486
      vertex -0.415916 3.39274 1.42683
    endloop
  endfacet
  facet normal 0.0751095 0.0346016 -0.996575
    outer loop
      vertex -0.312429 3.39952 1.43486
      vertex -0.766802 4.15455 1.42683
      vertex 0.682639 4.16921 1.53658
    endloop
  endfacet
  facet normal 0.0953181 0.00829642 -0.995412
    outer loop
      vertex 0.446399 3.39074 1.50747
      vertex 0.682639 4.16921 1.53658
      vertex 0.755752 3.32921 1.53658
    endloop
  endfacet
  facet normal 0.0953351 0.00829118 -0.995411
    outer loop
      vertex 0 3.42 1.46496
      vertex 0.682639 4.16921 1.53658
      vertex 0.446399 3.39074 1.50747
    endloop
  endfacet
  facet normal 0.0953574 0.0082707 -0.995409
    outer loop
      vertex 0.682639 4.16921 1.53658
      vertex 0 3.42 1.46496
      vertex -0.312429 3.39952 1.43486
    endloop
  endfacet
  facet normal 0.0595116 0.515526 0.854805
    outer loop
      vertex 1.69326 3.87055 1.64634
      vertex 0.682639 4.16921 1.53658
      vertex 0.285285 4.21508 1.53658
    endloop
  endfacet
  facet normal 0.230273 0.46506 -0.854806
    outer loop
      vertex 1.69326 3.87055 1.64634
      vertex 2.05172 3.69306 1.64634
      vertex 0.682639 4.16921 1.53658
    endloop
  endfacet
  facet normal -0.0909778 0.0297799 0.995408
    outer loop
      vertex 0.285285 4.21508 1.53658
      vertex 0.88516 3.30347 1.61868
      vertex 1.08013 3.23728 1.63848
    endloop
  endfacet
  facet normal -0.0909452 0.0298015 0.99541
    outer loop
      vertex 0.285285 4.21508 1.53658
      vertex 0.446399 3.39074 1.57598
      vertex 0.88516 3.30347 1.61868
    endloop
  endfacet
  facet normal -0.0909391 0.0298028 0.99541
    outer loop
      vertex 0.446399 3.39074 1.57598
      vertex 0.285285 4.21508 1.53658
      vertex 0.0241986 3.41841 1.53658
    endloop
  endfacet
  facet normal -0.0652122 0.050769 0.996579
    outer loop
      vertex 1.69326 3.87055 1.64634
      vertex 1.08013 3.23728 1.63848
      vertex 1.17514 3.20503 1.64634
    endloop
  endfacet
  facet normal -0.0652555 0.0508109 0.996574
    outer loop
      vertex 1.08013 3.23728 1.63848
      vertex 1.69326 3.87055 1.64634
      vertex 0.285285 4.21508 1.53658
    endloop
  endfacet
  facet normal 0.082446 0.00717604 -0.99657
    outer loop
      vertex 0.682639 4.16921 1.53658
      vertex 0.863505 3.30777 1.54534
      vertex 0.755752 3.32921 1.53658
    endloop
  endfacet
  facet normal 0.0823874 0.00716369 -0.996575
    outer loop
      vertex 0.863505 3.30777 1.54534
      vertex 0.682639 4.16921 1.53658
      vertex 2.05172 3.69306 1.64634
    endloop
  endfacet
  facet normal 0.0925361 -0.024417 -0.99541
    outer loop
      vertex 1.71 2.96181 1.63251
      vertex 2.05172 3.69306 1.64634
      vertex 1.83647 2.8773 1.64634
    endloop
  endfacet
  facet normal 0.0925322 -0.0244151 -0.99541
    outer loop
      vertex 1.30878 3.15967 1.59036
      vertex 2.05172 3.69306 1.64634
      vertex 1.71 2.96181 1.63251
    endloop
  endfacet
  facet normal 0.0925222 -0.0244012 -0.995412
    outer loop
      vertex 0.88516 3.30347 1.54746
      vertex 2.05172 3.69306 1.64634
      vertex 1.30878 3.15967 1.59036
    endloop
  endfacet
  facet normal 0.092573 -0.0245552 -0.995403
    outer loop
      vertex 2.05172 3.69306 1.64634
      vertex 0.88516 3.30347 1.54746
      vertex 0.863505 3.30777 1.54534
    endloop
  endfacet
  facet normal 0.2303 0.465116 0.854768
    outer loop
      vertex 2.90191 3.07038 1.7561
      vertex 2.05172 3.69306 1.64634
      vertex 1.69326 3.87055 1.64634
    endloop
  endfacet
  facet normal 0.373885 0.35981 -0.854838
    outer loop
      vertex 2.90191 3.07038 1.7561
      vertex 3.17927 2.78217 1.7561
      vertex 2.05172 3.69306 1.64634
    endloop
  endfacet
  facet normal -0.0759587 0.0586318 0.995386
    outer loop
      vertex 1.69326 3.87055 1.64634
      vertex 2.08196 2.71327 1.74417
      vertex 2.10759 2.69079 1.74745
    endloop
  endfacet
  facet normal -0.0754966 0.0587892 0.995412
    outer loop
      vertex 1.69326 3.87055 1.64634
      vertex 1.71 2.96181 1.70128
      vertex 2.08196 2.71327 1.74417
    endloop
  endfacet
  facet normal -0.0755065 0.058789 0.995411
    outer loop
      vertex 1.69326 3.87055 1.64634
      vertex 1.30878 3.15967 1.65916
      vertex 1.71 2.96181 1.70128
    endloop
  endfacet
  facet normal -0.0755304 0.0588018 0.995408
    outer loop
      vertex 1.30878 3.15967 1.65916
      vertex 1.69326 3.87055 1.64634
      vertex 1.17514 3.20503 1.64634
    endloop
  endfacet
  facet normal -0.0442385 0.0698625 0.996575
    outer loop
      vertex 2.90191 3.07038 1.7561
      vertex 2.10759 2.69079 1.74745
      vertex 2.1893 2.61914 1.7561
    endloop
  endfacet
  facet normal -0.0442431 0.0698722 0.996574
    outer loop
      vertex 2.10759 2.69079 1.74745
      vertex 2.90191 3.07038 1.7561
      vertex 1.69326 3.87055 1.64634
    endloop
  endfacet
  facet normal 0.0799627 -0.0211025 -0.996574
    outer loop
      vertex 1.91993 2.82154 1.65422
      vertex 2.05172 3.69306 1.64634
      vertex 3.17927 2.78217 1.7561
    endloop
  endfacet
  facet normal 0.0799913 -0.0211068 -0.996572
    outer loop
      vertex 2.05172 3.69306 1.64634
      vertex 1.91993 2.82154 1.65422
      vertex 1.83647 2.8773 1.64634
    endloop
  endfacet
  facet normal 0.0788278 -0.0542532 -0.995411
    outer loop
      vertex 2.4183 2.4183 1.71567
      vertex 3.17927 2.78217 1.7561
      vertex 2.70435 2.09213 1.7561
    endloop
  endfacet
  facet normal 0.078836 -0.0542706 -0.995409
    outer loop
      vertex 2.08196 2.71327 1.67295
      vertex 3.17927 2.78217 1.7561
      vertex 2.4183 2.4183 1.71567
    endloop
  endfacet
  facet normal 0.0788332 -0.054223 -0.995412
    outer loop
      vertex 3.17927 2.78217 1.7561
      vertex 2.08196 2.71327 1.67295
      vertex 1.91993 2.82154 1.65422
    endloop
  endfacet
  facet normal 0.37396 0.359882 0.854774
    outer loop
      vertex 3.76894 1.90876 1.86585
      vertex 3.17927 2.78217 1.7561
      vertex 2.90191 3.07038 1.7561
    endloop
  endfacet
  facet normal 0.473509 0.212268 -0.854828
    outer loop
      vertex 3.76894 1.90876 1.86585
      vertex 3.93256 1.54377 1.86585
      vertex 3.17927 2.78217 1.7561
    endloop
  endfacet
  facet normal -0.0511726 0.0808456 0.995412
    outer loop
      vertex 2.90191 3.07038 1.7561
      vertex 2.71327 2.08196 1.82668
      vertex 2.89302 1.81294 1.85777
    endloop
  endfacet
  facet normal -0.0511978 0.0808503 0.99541
    outer loop
      vertex 2.90191 3.07038 1.7561
      vertex 2.4183 2.4183 1.78419
      vertex 2.71327 2.08196 1.82668
    endloop
  endfacet
  facet normal -0.0511947 0.080848 0.995411
    outer loop
      vertex 2.4183 2.4183 1.78419
      vertex 2.90191 3.07038 1.7561
      vertex 2.1893 2.61914 1.7561
    endloop
  endfacet
  facet normal -0.0180216 0.0807052 0.996575
    outer loop
      vertex 2.89302 1.81294 1.85777
      vertex 3.76894 1.90876 1.86585
      vertex 2.90191 3.07038 1.7561
    endloop
  endfacet
  facet normal -0.0180238 0.080725 0.996573
    outer loop
      vertex 3.76894 1.90876 1.86585
      vertex 2.89302 1.81294 1.85777
      vertex 2.95102 1.72614 1.86585
    endloop
  endfacet
  facet normal 0.0681273 -0.0468786 -0.996575
    outer loop
      vertex 2.76479 2.00486 1.76433
      vertex 3.17927 2.78217 1.7561
      vertex 3.93256 1.54377 1.86585
    endloop
  endfacet
  facet normal 0.0681407 -0.0468857 -0.996573
    outer loop
      vertex 2.71327 2.08196 1.75718
      vertex 3.17927 2.78217 1.7561
      vertex 2.76479 2.00486 1.76433
    endloop
  endfacet
  facet normal 0.0676124 -0.0465342 -0.996626
    outer loop
      vertex 3.17927 2.78217 1.7561
      vertex 2.71327 2.08196 1.75718
      vertex 2.70435 2.09213 1.7561
    endloop
  endfacet
  facet normal 0.055848 -0.0777021 -0.995411
    outer loop
      vertex 3.15967 1.30878 1.84083
      vertex 3.93256 1.54377 1.86585
      vertex 3.24713 1.05112 1.86585
    endloop
  endfacet
  facet normal 0.0558478 -0.0777013 -0.995411
    outer loop
      vertex 2.96181 1.71 1.79841
      vertex 3.93256 1.54377 1.86585
      vertex 3.15967 1.30878 1.84083
    endloop
  endfacet
  facet normal 0.0558414 -0.0777374 -0.995409
    outer loop
      vertex 3.93256 1.54377 1.86585
      vertex 2.96181 1.71 1.79841
      vertex 2.76479 2.00486 1.76433
    endloop
  endfacet
  facet normal 0.473571 0.212295 0.854787
    outer loop
      vertex 4.19229 0.522447 1.97561
      vertex 3.93256 1.54377 1.86585
      vertex 3.76894 1.90876 1.86585
    endloop
  endfacet
  facet normal 0.517448 0.0397278 -0.854792
    outer loop
      vertex 4.19229 0.522447 1.97561
      vertex 4.22291 0.123626 1.97561
      vertex 3.93256 1.54377 1.86585
    endloop
  endfacet
  facet normal -0.0208493 0.0933946 0.995411
    outer loop
      vertex 3.76894 1.90876 1.86585
      vertex 3.30347 0.88516 1.95214
      vertex 3.33497 0.726778 1.96766
    endloop
  endfacet
  facet normal -0.0208547 0.093397 0.995411
    outer loop
      vertex 3.76894 1.90876 1.86585
      vertex 3.15967 1.30878 1.90938
      vertex 3.30347 0.88516 1.95214
    endloop
  endfacet
  facet normal -0.0208533 0.0933956 0.995411
    outer loop
      vertex 3.76894 1.90876 1.86585
      vertex 2.96181 1.71 1.86759
      vertex 3.15967 1.30878 1.90938
    endloop
  endfacet
  facet normal -0.0208481 0.0933747 0.995413
    outer loop
      vertex 2.96181 1.71 1.86759
      vertex 3.76894 1.90876 1.86585
      vertex 2.95102 1.72614 1.86585
    endloop
  endfacet
  facet normal 0.0103149 0.0820528 0.996575
    outer loop
      vertex 3.33497 0.726778 1.96766
      vertex 4.19229 0.522447 1.97561
      vertex 3.76894 1.90876 1.86585
    endloop
  endfacet
  facet normal 0.0103286 0.08211 0.99657
    outer loop
      vertex 4.19229 0.522447 1.97561
      vertex 3.33497 0.726778 1.96766
      vertex 3.35466 0.627812 1.97561
    endloop
  endfacet
  facet normal 0.048257 -0.067157 -0.996575
    outer loop
      vertex 3.28107 0.951126 1.87424
      vertex 3.93256 1.54377 1.86585
      vertex 4.22291 0.123626 1.97561
    endloop
  endfacet
  facet normal 0.0483131 -0.0672186 -0.996568
    outer loop
      vertex 3.93256 1.54377 1.86585
      vertex 3.28107 0.951126 1.87424
      vertex 3.24713 1.05112 1.86585
    endloop
  endfacet
  facet normal 0.0263129 -0.0920667 -0.995405
    outer loop
      vertex 4.22291 0.123626 1.97561
      vertex 3.41293 -0.107868 1.97561
      vertex 3.42 0 1.96582
    endloop
  endfacet
  facet normal 0.0263023 -0.0919974 -0.995412
    outer loop
      vertex 3.39074 0.446399 1.92379
      vertex 4.22291 0.123626 1.97561
      vertex 3.42 0 1.96582
    endloop
  endfacet
  facet normal 0.0262897 -0.0920293 -0.995409
    outer loop
      vertex 3.30347 0.88516 1.88092
      vertex 4.22291 0.123626 1.97561
      vertex 3.39074 0.446399 1.92379
    endloop
  endfacet
  facet normal 0.0264712 -0.0918122 -0.995424
    outer loop
      vertex 4.22291 0.123626 1.97561
      vertex 3.30347 0.88516 1.88092
      vertex 3.28107 0.951126 1.87424
    endloop
  endfacet
  facet normal 0.517445 0.0397275 0.854794
    outer loop
      vertex 4.22291 0.123626 1.97561
      vertex 4.19229 0.522447 1.97561
      vertex 4.12213 -0.92537 2.08537
    endloop
  endfacet
  facet normal 0.500427 -0.137517 -0.854788
    outer loop
      vertex 4.22291 0.123626 1.97561
      vertex 4.12213 -0.92537 2.08537
      vertex 4.01614 -1.31107 2.08537
    endloop
  endfacet
  facet normal 0.0119416 0.09495 0.99541
    outer loop
      vertex 4.19229 0.522447 1.97561
      vertex 3.39074 0.446399 1.99248
      vertex 3.42 0 2.03471
    endloop
  endfacet
  facet normal 0.0119425 0.0949407 0.995411
    outer loop
      vertex 3.39074 0.446399 1.99248
      vertex 4.19229 0.522447 1.97561
      vertex 3.35466 0.627812 1.97561
    endloop
  endfacet
  facet normal 0.0119373 0.0949563 0.99541
    outer loop
      vertex 4.19229 0.522447 1.97561
      vertex 3.42 0 2.03471
      vertex 3.39151 -0.434705 2.07652
    endloop
  endfacet
  facet normal 0.0374478 0.0737363 0.996574
    outer loop
      vertex 3.39151 -0.434705 2.07652
      vertex 4.12213 -0.92537 2.08537
      vertex 4.19229 0.522447 1.97561
    endloop
  endfacet
  facet normal 0.0372205 0.0733984 0.996608
    outer loop
      vertex 3.39074 -0.446399 2.07741
      vertex 4.12213 -0.92537 2.08537
      vertex 3.39151 -0.434705 2.07652
    endloop
  endfacet
  facet normal 0.037478 0.0737909 0.996569
    outer loop
      vertex 4.12213 -0.92537 2.08537
      vertex 3.39074 -0.446399 2.07741
      vertex 3.37132 -0.544038 2.08537
    endloop
  endfacet
  facet normal 0.0227316 -0.079518 -0.996574
    outer loop
      vertex 3.40635 -0.208309 1.98347
      vertex 4.22291 0.123626 1.97561
      vertex 4.01614 -1.31107 2.08537
    endloop
  endfacet
  facet normal 0.0227142 -0.0794751 -0.996578
    outer loop
      vertex 4.22291 0.123626 1.97561
      vertex 3.40635 -0.208309 1.98347
      vertex 3.41293 -0.107868 1.97561
    endloop
  endfacet
  facet normal -0.00634986 -0.0954916 -0.99541
    outer loop
      vertex 4.01614 -1.31107 2.08537
      vertex 3.39074 -0.446399 2.00641
      vertex 3.40635 -0.208309 1.98347
    endloop
  endfacet
  facet normal -0.00635509 -0.0954953 -0.99541
    outer loop
      vertex 4.01614 -1.31107 2.08537
      vertex 3.30347 -0.88516 2.04906
      vertex 3.39074 -0.446399 2.00641
    endloop
  endfacet
  facet normal -0.00635264 -0.0954912 -0.99541
    outer loop
      vertex 3.30347 -0.88516 2.04906
      vertex 4.01614 -1.31107 2.08537
      vertex 3.17782 -1.2553 2.08537
    endloop
  endfacet
  facet normal 0.500366 -0.1375 0.854826
    outer loop
      vertex 4.01614 -1.31107 2.08537
      vertex 4.12213 -0.92537 2.08537
      vertex 3.56671 -2.26425 2.19512
    endloop
  endfacet
  facet normal 0.424487 -0.29857 -0.85479
    outer loop
      vertex 4.01614 -1.31107 2.08537
      vertex 3.56671 -2.26425 2.19512
      vertex 3.33659 -2.59142 2.19512
    endloop
  endfacet
  facet normal 0.0433303 0.0853136 0.995412
    outer loop
      vertex 3.30347 -0.88516 2.11756
      vertex 4.12213 -0.92537 2.08537
      vertex 3.37132 -0.544038 2.08537
    endloop
  endfacet
  facet normal 0.0433306 0.085321 0.995411
    outer loop
      vertex 3.15967 -1.30878 2.16013
      vertex 4.12213 -0.92537 2.08537
      vertex 3.30347 -0.88516 2.11756
    endloop
  endfacet
  facet normal 0.0433244 0.0853365 0.99541
    outer loop
      vertex 4.12213 -0.92537 2.08537
      vertex 3.15967 -1.30878 2.16013
      vertex 3.03518 -1.56122 2.18719
    endloop
  endfacet
  facet normal 0.0601673 0.056731 0.996575
    outer loop
      vertex 3.03518 -1.56122 2.18719
      vertex 3.56671 -2.26425 2.19512
      vertex 4.12213 -0.92537 2.08537
    endloop
  endfacet
  facet normal 0.060148 0.0567164 0.996577
    outer loop
      vertex 3.56671 -2.26425 2.19512
      vertex 3.03518 -1.56122 2.18719
      vertex 2.99006 -1.65271 2.19512
    endloop
  endfacet
  facet normal -0.00547933 -0.082517 -0.996575
    outer loop
      vertex 3.13671 -1.35533 2.09387
      vertex 4.01614 -1.31107 2.08537
      vertex 3.33659 -2.59142 2.19512
    endloop
  endfacet
  facet normal -0.0054797 -0.0823694 -0.996587
    outer loop
      vertex 4.01614 -1.31107 2.08537
      vertex 3.15967 -1.30878 2.08989
      vertex 3.17782 -1.2553 2.08537
    endloop
  endfacet
  facet normal -0.00548 -0.0825038 -0.996576
    outer loop
      vertex 4.01614 -1.31107 2.08537
      vertex 3.13671 -1.35533 2.09387
      vertex 3.15967 -1.30878 2.08989
    endloop
  endfacet
  facet normal -0.0382666 -0.0877233 -0.99541
    outer loop
      vertex 3.33659 -2.59142 2.19512
      vertex 2.96181 -1.71 2.13185
      vertex 3.13671 -1.35533 2.09387
    endloop
  endfacet
  facet normal -0.0382551 -0.0877185 -0.99541
    outer loop
      vertex 3.33659 -2.59142 2.19512
      vertex 2.71327 -2.08196 2.17418
      vertex 2.96181 -1.71 2.13185
    endloop
  endfacet
  facet normal -0.0382534 -0.0877164 -0.995411
    outer loop
      vertex 2.71327 -2.08196 2.17418
      vertex 3.33659 -2.59142 2.19512
      vertex 2.56253 -2.25385 2.19512
    endloop
  endfacet
  facet normal 0.42446 -0.29855 0.854811
    outer loop
      vertex 3.33659 -2.59142 2.19512
      vertex 3.56671 -2.26425 2.19512
      vertex 2.59142 -3.33659 2.30488
    endloop
  endfacet
  facet normal 0.29855 -0.42446 -0.854811
    outer loop
      vertex 3.33659 -2.59142 2.19512
      vertex 2.59142 -3.33659 2.30488
      vertex 2.26425 -3.56671 2.30488
    endloop
  endfacet
  facet normal 0.0696902 0.0657142 0.995402
    outer loop
      vertex 2.96181 -1.71 2.20088
      vertex 3.56671 -2.26425 2.19512
      vertex 2.99006 -1.65271 2.19512
    endloop
  endfacet
  facet normal 0.0696198 0.0656372 0.995412
    outer loop
      vertex 2.71327 -2.08196 2.24279
      vertex 3.56671 -2.26425 2.19512
      vertex 2.96181 -1.71 2.20088
    endloop
  endfacet
  facet normal 0.0696257 0.0656655 0.99541
    outer loop
      vertex 2.4183 -2.4183 2.28561
      vertex 3.56671 -2.26425 2.19512
      vertex 2.71327 -2.08196 2.24279
    endloop
  endfacet
  facet normal 0.0696388 0.0655709 0.995415
    outer loop
      vertex 3.56671 -2.26425 2.19512
      vertex 2.4183 -2.4183 2.28561
      vertex 2.33101 -2.49486 2.29676
    endloop
  endfacet
  facet normal 0.0758006 0.0330646 0.996575
    outer loop
      vertex 2.33101 -2.49486 2.29676
      vertex 2.59142 -3.33659 2.30488
      vertex 3.56671 -2.26425 2.19512
    endloop
  endfacet
  facet normal 0.0758607 0.0330831 0.996569
    outer loop
      vertex 2.59142 -3.33659 2.30488
      vertex 2.33101 -2.49486 2.29676
      vertex 2.25385 -2.56253 2.30488
    endloop
  endfacet
  facet normal -0.0330831 -0.0758607 -0.996569
    outer loop
      vertex 3.33659 -2.59142 2.19512
      vertex 2.49486 -2.33101 2.20324
      vertex 2.56253 -2.25385 2.19512
    endloop
  endfacet
  facet normal -0.0330646 -0.0758006 -0.996575
    outer loop
      vertex 2.49486 -2.33101 2.20324
      vertex 3.33659 -2.59142 2.19512
      vertex 2.26425 -3.56671 2.30488
    endloop
  endfacet
  facet normal -0.0655709 -0.0696388 -0.995415
    outer loop
      vertex 2.26425 -3.56671 2.30488
      vertex 2.4183 -2.4183 2.21439
      vertex 2.49486 -2.33101 2.20324
    endloop
  endfacet
  facet normal -0.0656655 -0.0696257 -0.99541
    outer loop
      vertex 2.26425 -3.56671 2.30488
      vertex 2.08196 -2.71327 2.25721
      vertex 2.4183 -2.4183 2.21439
    endloop
  endfacet
  facet normal -0.0656372 -0.0696198 -0.995412
    outer loop
      vertex 2.26425 -3.56671 2.30488
      vertex 1.71 -2.96181 2.29912
      vertex 2.08196 -2.71327 2.25721
    endloop
  endfacet
  facet normal -0.0657142 -0.0696902 -0.995402
    outer loop
      vertex 1.71 -2.96181 2.29912
      vertex 2.26425 -3.56671 2.30488
      vertex 1.65271 -2.99006 2.30488
    endloop
  endfacet
  facet normal 0.29857 -0.424487 0.85479
    outer loop
      vertex 2.26425 -3.56671 2.30488
      vertex 2.59142 -3.33659 2.30488
      vertex 1.31107 -4.01614 2.41463
    endloop
  endfacet
  facet normal 0.1375 -0.500366 -0.854826
    outer loop
      vertex 2.26425 -3.56671 2.30488
      vertex 1.31107 -4.01614 2.41463
      vertex 0.92537 -4.12213 2.41463
    endloop
  endfacet
  facet normal 0.0877164 0.0382534 0.995411
    outer loop
      vertex 2.08196 -2.71327 2.32582
      vertex 2.59142 -3.33659 2.30488
      vertex 2.25385 -2.56253 2.30488
    endloop
  endfacet
  facet normal 0.0877185 0.0382551 0.99541
    outer loop
      vertex 1.71 -2.96181 2.36815
      vertex 2.59142 -3.33659 2.30488
      vertex 2.08196 -2.71327 2.32582
    endloop
  endfacet
  facet normal 0.0877105 0.0382361 0.995412
    outer loop
      vertex 2.59142 -3.33659 2.30488
      vertex 1.71 -2.96181 2.36815
      vertex 1.35533 -3.13671 2.40612
    endloop
  endfacet
  facet normal 0.0825108 0.00549097 0.996575
    outer loop
      vertex 1.35533 -3.13671 2.40612
      vertex 1.31107 -4.01614 2.41463
      vertex 2.59142 -3.33659 2.30488
    endloop
  endfacet
  facet normal 0.0827161 0.00548048 0.996558
    outer loop
      vertex 1.30878 -3.15967 2.41011
      vertex 1.31107 -4.01614 2.41463
      vertex 1.35533 -3.13671 2.40612
    endloop
  endfacet
  facet normal 0.0823694 0.0054797 0.996587
    outer loop
      vertex 1.31107 -4.01614 2.41463
      vertex 1.30878 -3.15967 2.41011
      vertex 1.2553 -3.17782 2.41463
    endloop
  endfacet
  facet normal -0.0567164 -0.060148 -0.996577
    outer loop
      vertex 2.26425 -3.56671 2.30488
      vertex 1.56122 -3.03518 2.31281
      vertex 1.65271 -2.99006 2.30488
    endloop
  endfacet
  facet normal -0.056731 -0.0601673 -0.996575
    outer loop
      vertex 1.56122 -3.03518 2.31281
      vertex 2.26425 -3.56671 2.30488
      vertex 0.92537 -4.12213 2.41463
    endloop
  endfacet
  facet normal -0.0853365 -0.0433244 -0.99541
    outer loop
      vertex 0.92537 -4.12213 2.41463
      vertex 1.30878 -3.15967 2.33987
      vertex 1.56122 -3.03518 2.31281
    endloop
  endfacet
  facet normal -0.085321 -0.0433306 -0.995411
    outer loop
      vertex 0.92537 -4.12213 2.41463
      vertex 0.88516 -3.30347 2.38244
      vertex 1.30878 -3.15967 2.33987
    endloop
  endfacet
  facet normal -0.0853136 -0.0433303 -0.995412
    outer loop
      vertex 0.88516 -3.30347 2.38244
      vertex 0.92537 -4.12213 2.41463
      vertex 0.544038 -3.37132 2.41463
    endloop
  endfacet
  facet normal 0.137517 -0.500427 0.854788
    outer loop
      vertex 0.92537 -4.12213 2.41463
      vertex 1.31107 -4.01614 2.41463
      vertex -0.123626 -4.22291 2.52439
    endloop
  endfacet
  facet normal -0.0397275 -0.517445 -0.854794
    outer loop
      vertex 0.92537 -4.12213 2.41463
      vertex -0.123626 -4.22291 2.52439
      vertex -0.522447 -4.19229 2.52439
    endloop
  endfacet
  facet normal 0.0954912 0.00635264 0.99541
    outer loop
      vertex 0.88516 -3.30347 2.45094
      vertex 1.31107 -4.01614 2.41463
      vertex 1.2553 -3.17782 2.41463
    endloop
  endfacet
  facet normal 0.0954953 0.00635509 0.99541
    outer loop
      vertex 0.446399 -3.39074 2.49359
      vertex 1.31107 -4.01614 2.41463
      vertex 0.88516 -3.30347 2.45094
    endloop
  endfacet
  facet normal 0.0954916 0.00634986 0.99541
    outer loop
      vertex 1.31107 -4.01614 2.41463
      vertex 0.446399 -3.39074 2.49359
      vertex 0.208309 -3.40635 2.51653
    endloop
  endfacet
  facet normal 0.0794751 -0.0227142 0.996578
    outer loop
      vertex -0.123626 -4.22291 2.52439
      vertex 0.208309 -3.40635 2.51653
      vertex 0.107868 -3.41293 2.52439
    endloop
  endfacet
  facet normal 0.079518 -0.0227316 0.996574
    outer loop
      vertex 0.208309 -3.40635 2.51653
      vertex -0.123626 -4.22291 2.52439
      vertex 1.31107 -4.01614 2.41463
    endloop
  endfacet
  facet normal -0.0737909 -0.037478 -0.996569
    outer loop
      vertex 0.92537 -4.12213 2.41463
      vertex 0.446399 -3.39074 2.42259
      vertex 0.544038 -3.37132 2.41463
    endloop
  endfacet
  facet normal -0.0733984 -0.0372205 -0.996608
    outer loop
      vertex 0.92537 -4.12213 2.41463
      vertex 0.434705 -3.39151 2.42348
      vertex 0.446399 -3.39074 2.42259
    endloop
  endfacet
  facet normal -0.0737363 -0.0374478 -0.996574
    outer loop
      vertex 0.434705 -3.39151 2.42348
      vertex 0.92537 -4.12213 2.41463
      vertex -0.522447 -4.19229 2.52439
    endloop
  endfacet
  facet normal -0.0949563 -0.0119373 -0.99541
    outer loop
      vertex -0.522447 -4.19229 2.52439
      vertex 0 -3.42 2.46529
      vertex 0.434705 -3.39151 2.42348
    endloop
  endfacet
  facet normal -0.09495 -0.0119416 -0.99541
    outer loop
      vertex -0.522447 -4.19229 2.52439
      vertex -0.446399 -3.39074 2.50752
      vertex 0 -3.42 2.46529
    endloop
  endfacet
  facet normal -0.0949407 -0.0119425 -0.995411
    outer loop
      vertex -0.446399 -3.39074 2.50752
      vertex -0.522447 -4.19229 2.52439
      vertex -0.627812 -3.35466 2.52439
    endloop
  endfacet
  facet normal -0.0397278 -0.517448 0.854792
    outer loop
      vertex -0.522447 -4.19229 2.52439
      vertex -0.123626 -4.22291 2.52439
      vertex -1.54377 -3.93256 2.63415
    endloop
  endfacet
  facet normal -0.212295 -0.473571 -0.854787
    outer loop
      vertex -0.522447 -4.19229 2.52439
      vertex -1.54377 -3.93256 2.63415
      vertex -1.90876 -3.76894 2.63415
    endloop
  endfacet
  facet normal 0.0919735 -0.0262862 0.995414
    outer loop
      vertex 0 -3.42 2.53417
      vertex -0.123626 -4.22291 2.52439
      vertex 0.107868 -3.41293 2.52439
    endloop
  endfacet
  facet normal 0.0920201 -0.0262933 0.99541
    outer loop
      vertex -0.446399 -3.39074 2.57621
      vertex -0.123626 -4.22291 2.52439
      vertex 0 -3.42 2.53417
    endloop
  endfacet
  facet normal 0.0920049 -0.0262993 0.995411
    outer loop
      vertex -0.88516 -3.30347 2.61907
      vertex -0.123626 -4.22291 2.52439
      vertex -0.446399 -3.39074 2.57621
    endloop
  endfacet
  facet normal 0.0920259 -0.0262818 0.99541
    outer loop
      vertex -0.123626 -4.22291 2.52439
      vertex -0.88516 -3.30347 2.61907
      vertex -0.951126 -3.28107 2.62576
    endloop
  endfacet
  facet normal 0.0672186 -0.0483131 0.996568
    outer loop
      vertex -1.54377 -3.93256 2.63415
      vertex -0.951126 -3.28107 2.62576
      vertex -1.05112 -3.24713 2.63415
    endloop
  endfacet
  facet normal 0.067157 -0.048257 0.996575
    outer loop
      vertex -0.951126 -3.28107 2.62576
      vertex -1.54377 -3.93256 2.63415
      vertex -0.123626 -4.22291 2.52439
    endloop
  endfacet
  facet normal -0.0820074 -0.0103157 -0.996578
    outer loop
      vertex -0.522447 -4.19229 2.52439
      vertex -0.726778 -3.33497 2.53233
      vertex -0.627812 -3.35466 2.52439
    endloop
  endfacet
  facet normal -0.0820566 -0.0103274 -0.996574
    outer loop
      vertex -0.726778 -3.33497 2.53233
      vertex -0.522447 -4.19229 2.52439
      vertex -1.90876 -3.76894 2.63415
    endloop
  endfacet
  facet normal -0.0933747 0.0208481 -0.995413
    outer loop
      vertex -1.71 -2.96181 2.63241
      vertex -1.90876 -3.76894 2.63415
      vertex -1.72614 -2.95102 2.63415
    endloop
  endfacet
  facet normal -0.0934175 0.0208587 -0.995409
    outer loop
      vertex -1.30878 -3.15967 2.59061
      vertex -1.90876 -3.76894 2.63415
      vertex -1.71 -2.96181 2.63241
    endloop
  endfacet
  facet normal -0.0933838 0.0208251 -0.995412
    outer loop
      vertex -0.88516 -3.30347 2.54786
      vertex -1.90876 -3.76894 2.63415
      vertex -1.30878 -3.15967 2.59061
    endloop
  endfacet
  facet normal -0.0934378 0.0209453 -0.995405
    outer loop
      vertex -1.90876 -3.76894 2.63415
      vertex -0.88516 -3.30347 2.54786
      vertex -0.726778 -3.33497 2.53233
    endloop
  endfacet
  facet normal -0.212268 -0.473509 0.854828
    outer loop
      vertex -1.90876 -3.76894 2.63415
      vertex -1.54377 -3.93256 2.63415
      vertex -2.78217 -3.17927 2.7439
    endloop
  endfacet
  facet normal -0.359882 -0.37396 -0.854774
    outer loop
      vertex -1.90876 -3.76894 2.63415
      vertex -2.78217 -3.17927 2.7439
      vertex -3.07038 -2.90191 2.7439
    endloop
  endfacet
  facet normal 0.0777021 -0.055848 0.995411
    outer loop
      vertex -1.30878 -3.15967 2.65917
      vertex -1.54377 -3.93256 2.63415
      vertex -1.05112 -3.24713 2.63415
    endloop
  endfacet
  facet normal 0.0777013 -0.0558478 0.995411
    outer loop
      vertex -1.71 -2.96181 2.70159
      vertex -1.54377 -3.93256 2.63415
      vertex -1.30878 -3.15967 2.65917
    endloop
  endfacet
  facet normal 0.0777374 -0.0558414 0.995409
    outer loop
      vertex -1.54377 -3.93256 2.63415
      vertex -1.71 -2.96181 2.70159
      vertex -2.00486 -2.76479 2.73567
    endloop
  endfacet
  facet normal 0.0468288 -0.0680338 0.996583
    outer loop
      vertex -2.78217 -3.17927 2.7439
      vertex -2.00486 -2.76479 2.73567
      vertex -2.08196 -2.71327 2.74281
    endloop
  endfacet
  facet normal 0.0469622 -0.0682342 0.996563
    outer loop
      vertex -2.78217 -3.17927 2.7439
      vertex -2.08196 -2.71327 2.74281
      vertex -2.09213 -2.70435 2.7439
    endloop
  endfacet
  facet normal 0.0468786 -0.0681273 0.996575
    outer loop
      vertex -2.00486 -2.76479 2.73567
      vertex -2.78217 -3.17927 2.7439
      vertex -1.54377 -3.93256 2.63415
    endloop
  endfacet
  facet normal -0.0806258 0.0180016 -0.996582
    outer loop
      vertex -1.90876 -3.76894 2.63415
      vertex -1.81294 -2.89302 2.64222
      vertex -1.72614 -2.95102 2.63415
    endloop
  endfacet
  facet normal -0.0807131 0.0180111 -0.996575
    outer loop
      vertex -1.81294 -2.89302 2.64222
      vertex -1.90876 -3.76894 2.63415
      vertex -3.07038 -2.90191 2.7439
    endloop
  endfacet
  facet normal -0.080848 0.0511947 -0.995411
    outer loop
      vertex -2.4183 -2.4183 2.71581
      vertex -3.07038 -2.90191 2.7439
      vertex -2.61914 -2.1893 2.7439
    endloop
  endfacet
  facet normal -0.0808503 0.0511978 -0.99541
    outer loop
      vertex -2.08196 -2.71327 2.67332
      vertex -3.07038 -2.90191 2.7439
      vertex -2.4183 -2.4183 2.71581
    endloop
  endfacet
  facet normal -0.0808536 0.0512156 -0.995409
    outer loop
      vertex -3.07038 -2.90191 2.7439
      vertex -2.08196 -2.71327 2.67332
      vertex -1.81294 -2.89302 2.64222
    endloop
  endfacet
  facet normal -0.35981 -0.373885 0.854838
    outer loop
      vertex -3.07038 -2.90191 2.7439
      vertex -2.78217 -3.17927 2.7439
      vertex -3.69306 -2.05172 2.85366
    endloop
  endfacet
  facet normal -0.465116 -0.2303 -0.854768
    outer loop
      vertex -3.07038 -2.90191 2.7439
      vertex -3.69306 -2.05172 2.85366
      vertex -3.87055 -1.69326 2.85366
    endloop
  endfacet
  facet normal 0.0542532 -0.0788278 0.995411
    outer loop
      vertex -2.4183 -2.4183 2.78433
      vertex -2.78217 -3.17927 2.7439
      vertex -2.09213 -2.70435 2.7439
    endloop
  endfacet
  facet normal 0.0542706 -0.078836 0.995409
    outer loop
      vertex -2.71327 -2.08196 2.82705
      vertex -2.78217 -3.17927 2.7439
      vertex -2.4183 -2.4183 2.78433
    endloop
  endfacet
  facet normal 0.054223 -0.0788332 0.995412
    outer loop
      vertex -2.78217 -3.17927 2.7439
      vertex -2.71327 -2.08196 2.82705
      vertex -2.82154 -1.91993 2.84578
    endloop
  endfacet
  facet normal 0.0211068 -0.0799913 0.996572
    outer loop
      vertex -3.69306 -2.05172 2.85366
      vertex -2.82154 -1.91993 2.84578
      vertex -2.8773 -1.83647 2.85366
    endloop
  endfacet
  facet normal 0.0211025 -0.0799627 0.996574
    outer loop
      vertex -2.82154 -1.91993 2.84578
      vertex -3.69306 -2.05172 2.85366
      vertex -2.78217 -3.17927 2.7439
    endloop
  endfacet
  facet normal -0.0698625 0.0442385 -0.996575
    outer loop
      vertex -3.07038 -2.90191 2.7439
      vertex -2.69079 -2.10759 2.75255
      vertex -2.61914 -2.1893 2.7439
    endloop
  endfacet
  facet normal -0.0698722 0.0442431 -0.996574
    outer loop
      vertex -2.69079 -2.10759 2.75255
      vertex -3.07038 -2.90191 2.7439
      vertex -3.87055 -1.69326 2.85366
    endloop
  endfacet
  facet normal -0.0588018 0.0755304 -0.995408
    outer loop
      vertex -3.15967 -1.30878 2.84084
      vertex -3.87055 -1.69326 2.85366
      vertex -3.20503 -1.17514 2.85366
    endloop
  endfacet
  facet normal -0.058789 0.0755065 -0.995411
    outer loop
      vertex -2.96181 -1.71 2.79872
      vertex -3.87055 -1.69326 2.85366
      vertex -3.15967 -1.30878 2.84084
    endloop
  endfacet
  facet normal -0.0587886 0.0755236 -0.99541
    outer loop
      vertex -2.71327 -2.08196 2.75582
      vertex -3.87055 -1.69326 2.85366
      vertex -2.96181 -1.71 2.79872
    endloop
  endfacet
  facet normal -0.0588307 0.0753998 -0.995416
    outer loop
      vertex -3.87055 -1.69326 2.85366
      vertex -2.71327 -2.08196 2.75582
      vertex -2.69079 -2.10759 2.75255
    endloop
  endfacet
  facet normal -0.465029 -0.230257 0.854827
    outer loop
      vertex -3.87055 -1.69326 2.85366
      vertex -3.69306 -2.05172 2.85366
      vertex -4.16921 -0.682639 2.96341
    endloop
  endfacet
  facet normal -0.515492 -0.0595077 -0.854826
    outer loop
      vertex -3.87055 -1.69326 2.85366
      vertex -4.16921 -0.682639 2.96341
      vertex -4.21508 -0.285285 2.96341
    endloop
  endfacet
  facet normal 0.024417 -0.0925361 0.99541
    outer loop
      vertex -2.96181 -1.71 2.86749
      vertex -3.69306 -2.05172 2.85366
      vertex -2.8773 -1.83647 2.85366
    endloop
  endfacet
  facet normal 0.0244151 -0.0925322 0.99541
    outer loop
      vertex -3.15967 -1.30878 2.90964
      vertex -3.69306 -2.05172 2.85366
      vertex -2.96181 -1.71 2.86749
    endloop
  endfacet
  facet normal 0.0244012 -0.0925222 0.995412
    outer loop
      vertex -3.30347 -0.88516 2.95254
      vertex -3.69306 -2.05172 2.85366
      vertex -3.15967 -1.30878 2.90964
    endloop
  endfacet
  facet normal 0.0245552 -0.092573 0.995403
    outer loop
      vertex -3.69306 -2.05172 2.85366
      vertex -3.30347 -0.88516 2.95254
      vertex -3.30777 -0.863505 2.95466
    endloop
  endfacet
  facet normal -0.00716791 -0.0823525 0.996577
    outer loop
      vertex -4.16921 -0.682639 2.96341
      vertex -3.30777 -0.863505 2.95466
      vertex -3.32921 -0.755752 2.96341
    endloop
  endfacet
  facet normal -0.00717452 -0.0823839 0.996575
    outer loop
      vertex -3.30777 -0.863505 2.95466
      vertex -4.16921 -0.682639 2.96341
      vertex -3.69306 -2.05172 2.85366
    endloop
  endfacet
  facet normal -0.050769 0.0652122 -0.996579
    outer loop
      vertex -3.87055 -1.69326 2.85366
      vertex -3.23728 -1.08013 2.86152
      vertex -3.20503 -1.17514 2.85366
    endloop
  endfacet
  facet normal -0.0508054 0.0652498 -0.996575
    outer loop
      vertex -3.23728 -1.08013 2.86152
      vertex -3.87055 -1.69326 2.85366
      vertex -4.21508 -0.285285 2.96341
    endloop
  endfacet
  facet normal -0.0298028 0.0909391 -0.99541
    outer loop
      vertex -3.39074 -0.446399 2.92401
      vertex -4.21508 -0.285285 2.96341
      vertex -3.41841 -0.0241986 2.96341
    endloop
  endfacet
  facet normal -0.0298062 0.0909218 -0.995412
    outer loop
      vertex -3.30347 -0.88516 2.88132
      vertex -4.21508 -0.285285 2.96341
      vertex -3.39074 -0.446399 2.92401
    endloop
  endfacet
  facet normal -0.0297659 0.0909825 -0.995408
    outer loop
      vertex -4.21508 -0.285285 2.96341
      vertex -3.30347 -0.88516 2.88132
      vertex -3.23728 -1.08013 2.86152
    endloop
  endfacet
  facet normal -0.515555 -0.0595149 0.854787
    outer loop
      vertex -4.16921 -0.682639 2.96341
      vertex -4.15455 0.766802 3.07317
      vertex -4.21508 -0.285285 2.96341
    endloop
  endfacet
  facet normal -0.505316 0.11825 -0.854794
    outer loop
      vertex -4.15455 0.766802 3.07317
      vertex -4.06341 1.15627 3.07317
      vertex -4.21508 -0.285285 2.96341
    endloop
  endfacet
  facet normal -0.00828483 -0.0953565 0.995409
    outer loop
      vertex -3.39952 0.312429 3.06514
      vertex -4.16921 -0.682639 2.96341
      vertex -3.42 0 3.03504
    endloop
  endfacet
  facet normal -0.00829924 -0.0953505 0.995409
    outer loop
      vertex -3.39074 -0.446399 2.99253
      vertex -4.16921 -0.682639 2.96341
      vertex -3.32921 -0.755752 2.96341
    endloop
  endfacet
  facet normal -0.00830371 -0.0953359 0.995411
    outer loop
      vertex -4.16921 -0.682639 2.96341
      vertex -3.39074 -0.446399 2.99253
      vertex -3.42 0 3.03504
    endloop
  endfacet
  facet normal -0.034574 -0.0750637 0.996579
    outer loop
      vertex -4.15455 0.766802 3.07317
      vertex -3.39952 0.312429 3.06514
      vertex -3.39274 0.415916 3.07317
    endloop
  endfacet
  facet normal -0.0346057 -0.0751163 0.996574
    outer loop
      vertex -3.39952 0.312429 3.06514
      vertex -4.15455 0.766802 3.07317
      vertex -4.16921 -0.682639 2.96341
    endloop
  endfacet
  facet normal -0.0257636 0.0786141 -0.996572
    outer loop
      vertex -4.21508 -0.285285 2.96341
      vertex -3.42 0 2.96536
      vertex -3.41841 -0.0241986 2.96341
    endloop
  endfacet
  facet normal -0.0257545 0.0785889 -0.996574
    outer loop
      vertex -3.42 0 2.96536
      vertex -4.21508 -0.285285 2.96341
      vertex -4.06341 1.15627 3.07317
    endloop
  endfacet
  facet normal -0.025751 0.0785909 -0.996574
    outer loop
      vertex -3.41461 0.0822875 2.97171
      vertex -3.42 0 2.96536
      vertex -4.06341 1.15627 3.07317
    endloop
  endfacet
  facet normal 0.0026898 0.0956584 -0.995411
    outer loop
      vertex -3.30347 0.88516 3.04917
      vertex -4.06341 1.15627 3.07317
      vertex -3.21949 1.13254 3.07317
    endloop
  endfacet
  facet normal 0.00268943 0.0956573 -0.995411
    outer loop
      vertex -3.39074 0.446399 3.00677
      vertex -4.06341 1.15627 3.07317
      vertex -3.30347 0.88516 3.04917
    endloop
  endfacet
  facet normal 0.00270289 0.09567 -0.995409
    outer loop
      vertex -4.06341 1.15627 3.07317
      vertex -3.39074 0.446399 3.00677
      vertex -3.41461 0.0822875 2.97171
    endloop
  endfacet
  facet normal -0.505323 0.118251 0.854789
    outer loop
      vertex -3.65082 2.12598 3.18293
      vertex -4.06341 1.15627 3.07317
      vertex -4.15455 0.766802 3.07317
    endloop
  endfacet
  facet normal -0.435612 0.282095 -0.854789
    outer loop
      vertex -3.65082 2.12598 3.18293
      vertex -3.4334 2.46172 3.18293
      vertex -4.06341 1.15627 3.07317
    endloop
  endfacet
  facet normal -0.0400026 -0.0868497 0.995418
    outer loop
      vertex -3.39074 0.446399 3.07591
      vertex -4.15455 0.766802 3.07317
      vertex -3.39274 0.415916 3.07317
    endloop
  endfacet
  facet normal -0.0400384 -0.0869353 0.995409
    outer loop
      vertex -3.30347 0.88516 3.11774
      vertex -4.15455 0.766802 3.07317
      vertex -3.39074 0.446399 3.07591
    endloop
  endfacet
  facet normal -0.0400424 -0.0869072 0.995411
    outer loop
      vertex -3.15967 1.30878 3.16051
      vertex -4.15455 0.766802 3.07317
      vertex -3.30347 0.88516 3.11774
    endloop
  endfacet
  facet normal -0.0400256 -0.0869379 0.995409
    outer loop
      vertex -4.15455 0.766802 3.07317
      vertex -3.15967 1.30878 3.16051
      vertex -3.09322 1.44352 3.17495
    endloop
  endfacet
  facet normal -0.0579681 -0.0590154 0.996573
    outer loop
      vertex -3.65082 2.12598 3.18293
      vertex -3.09322 1.44352 3.17495
      vertex -3.04845 1.5343 3.18293
    endloop
  endfacet
  facet normal -0.0579503 -0.0590009 0.996574
    outer loop
      vertex -3.09322 1.44352 3.17495
      vertex -3.65082 2.12598 3.18293
      vertex -4.15455 0.766802 3.07317
    endloop
  endfacet
  facet normal 0.00232572 0.0827104 -0.996571
    outer loop
      vertex -4.06341 1.15627 3.07317
      vertex -3.18583 1.23172 3.08148
      vertex -3.21949 1.13254 3.07317
    endloop
  endfacet
  facet normal 0.00232957 0.082666 -0.996575
    outer loop
      vertex -3.18583 1.23172 3.08148
      vertex -4.06341 1.15627 3.07317
      vertex -3.4334 2.46172 3.18293
    endloop
  endfacet
  facet normal 0.0348837 0.0891629 -0.995406
    outer loop
      vertex -2.71327 2.08196 3.17415
      vertex -3.4334 2.46172 3.18293
      vertex -2.64927 2.15494 3.18293
    endloop
  endfacet
  facet normal 0.034865 0.0891274 -0.99541
    outer loop
      vertex -2.96181 1.71 3.13214
      vertex -3.4334 2.46172 3.18293
      vertex -2.71327 2.08196 3.17415
    endloop
  endfacet
  facet normal 0.0348544 0.0891208 -0.995411
    outer loop
      vertex -3.15967 1.30878 3.08929
      vertex -3.4334 2.46172 3.18293
      vertex -2.96181 1.71 3.13214
    endloop
  endfacet
  facet normal 0.0347358 0.0890932 -0.995417
    outer loop
      vertex -3.4334 2.46172 3.18293
      vertex -3.15967 1.30878 3.08929
      vertex -3.18583 1.23172 3.08148
    endloop
  endfacet
  facet normal -0.435561 0.282063 0.854826
    outer loop
      vertex -2.71732 3.23488 3.29268
      vertex -3.4334 2.46172 3.18293
      vertex -3.65082 2.12598 3.18293
    endloop
  endfacet
  facet normal -0.314613 0.412724 -0.854797
    outer loop
      vertex -2.71732 3.23488 3.29268
      vertex -2.39921 3.47737 3.29268
      vertex -3.4334 2.46172 3.18293
    endloop
  endfacet
  facet normal -0.0670322 -0.0682433 0.995414
    outer loop
      vertex -2.96181 1.71 3.20081
      vertex -3.65082 2.12598 3.18293
      vertex -3.04845 1.5343 3.18293
    endloop
  endfacet
  facet normal -0.0670576 -0.0682856 0.99541
    outer loop
      vertex -2.71327 2.08196 3.24307
      vertex -3.65082 2.12598 3.18293
      vertex -2.96181 1.71 3.20081
    endloop
  endfacet
  facet normal -0.0670576 -0.0682855 0.99541
    outer loop
      vertex -3.65082 2.12598 3.18293
      vertex -2.71327 2.08196 3.24307
      vertex -2.43262 2.40198 3.28393
    endloop
  endfacet
  facet normal -0.0744918 -0.0359428 0.996574
    outer loop
      vertex -2.71732 3.23488 3.29268
      vertex -2.4183 2.4183 3.28558
      vertex -2.35156 2.47684 3.29268
    endloop
  endfacet
  facet normal -0.074053 -0.0357825 0.996612
    outer loop
      vertex -2.71732 3.23488 3.29268
      vertex -2.43262 2.40198 3.28393
      vertex -2.4183 2.4183 3.28558
    endloop
  endfacet
  facet normal -0.0744848 -0.0359297 0.996575
    outer loop
      vertex -2.43262 2.40198 3.28393
      vertex -2.71732 3.23488 3.29268
      vertex -3.65082 2.12598 3.18293
    endloop
  endfacet
  facet normal 0.030116 0.0769766 -0.996578
    outer loop
      vertex -3.4334 2.46172 3.18293
      vertex -2.58274 2.2308 3.1908
      vertex -2.64927 2.15494 3.18293
    endloop
  endfacet
  facet normal 0.0301259 0.077013 -0.996575
    outer loop
      vertex -2.58274 2.2308 3.1908
      vertex -3.4334 2.46172 3.18293
      vertex -2.39921 3.47737 3.29268
    endloop
  endfacet
  facet normal 0.0629419 0.0720932 -0.99541
    outer loop
      vertex -2.08196 2.71327 3.2574
      vertex -2.39921 3.47737 3.29268
      vertex -1.7659 2.92445 3.29268
    endloop
  endfacet
  facet normal 0.0629184 0.0720835 -0.995412
    outer loop
      vertex -2.4183 2.4183 3.21478
      vertex -2.39921 3.47737 3.29268
      vertex -2.08196 2.71327 3.2574
    endloop
  endfacet
  facet normal 0.062968 0.0720824 -0.995409
    outer loop
      vertex -2.39921 3.47737 3.29268
      vertex -2.4183 2.4183 3.21478
      vertex -2.58274 2.2308 3.1908
    endloop
  endfacet
  facet normal -0.314599 0.412706 0.854811
    outer loop
      vertex -1.46393 3.96298 3.40244
      vertex -2.39921 3.47737 3.29268
      vertex -2.71732 3.23488 3.29268
    endloop
  endfacet
  facet normal -0.156568 0.494758 -0.854811
    outer loop
      vertex -1.46393 3.96298 3.40244
      vertex -1.08258 4.08366 3.40244
      vertex -2.39921 3.47737 3.29268
    endloop
  endfacet
  facet normal -0.0861854 -0.0415851 0.995411
    outer loop
      vertex -2.08196 2.71327 3.3259
      vertex -2.71732 3.23488 3.29268
      vertex -2.35156 2.47684 3.29268
    endloop
  endfacet
  facet normal -0.0861875 -0.0415877 0.995411
    outer loop
      vertex -1.71 2.96181 3.36849
      vertex -2.71732 3.23488 3.29268
      vertex -2.08196 2.71327 3.3259
    endloop
  endfacet
  facet normal -0.0861935 -0.0416101 0.995409
    outer loop
      vertex -2.71732 3.23488 3.29268
      vertex -1.71 2.96181 3.36849
      vertex -1.4671 3.08159 3.39453
    endloop
  endfacet
  facet normal -0.082265 -0.00864783 0.996573
    outer loop
      vertex -1.46393 3.96298 3.40244
      vertex -1.4671 3.08159 3.39453
      vertex -1.376 3.12652 3.40244
    endloop
  endfacet
  facet normal -0.0822469 -0.00864791 0.996574
    outer loop
      vertex -1.4671 3.08159 3.39453
      vertex -1.46393 3.96298 3.40244
      vertex -2.71732 3.23488 3.29268
    endloop
  endfacet
  facet normal 0.0543713 0.0622656 -0.996578
    outer loop
      vertex -2.39921 3.47737 3.29268
      vertex -1.67251 2.98029 3.30127
      vertex -1.71 2.96181 3.29807
    endloop
  endfacet
  facet normal 0.0544271 0.0623404 -0.99657
    outer loop
      vertex -2.39921 3.47737 3.29268
      vertex -1.71 2.96181 3.29807
      vertex -1.7659 2.92445 3.29268
    endloop
  endfacet
  facet normal 0.0543922 0.0622963 -0.996574
    outer loop
      vertex -1.67251 2.98029 3.30127
      vertex -2.39921 3.47737 3.29268
      vertex -1.08258 4.08366 3.40244
    endloop
  endfacet
  facet normal 0.0835949 0.046568 -0.995411
    outer loop
      vertex -0.88516 3.30347 3.38252
      vertex -1.08258 4.08366 3.40244
      vertex -0.67162 3.34594 3.40244
    endloop
  endfacet
  facet normal 0.0836098 0.0465717 -0.99541
    outer loop
      vertex -1.30878 3.15967 3.34021
      vertex -1.08258 4.08366 3.40244
      vertex -0.88516 3.30347 3.38252
    endloop
  endfacet
  facet normal 0.0835968 0.046575 -0.995411
    outer loop
      vertex -1.08258 4.08366 3.40244
      vertex -1.30878 3.15967 3.34021
      vertex -1.67251 2.98029 3.30127
    endloop
  endfacet
  facet normal -0.156577 0.494785 0.854793
    outer loop
      vertex -0.0382128 4.22455 3.51219
      vertex -1.08258 4.08366 3.40244
      vertex -1.46393 3.96298 3.40244
    endloop
  endfacet
  facet normal 0.0198755 0.518551 -0.854815
    outer loop
      vertex -0.0382128 4.22455 3.51219
      vertex 0.361486 4.20923 3.51219
      vertex -1.08258 4.08366 3.40244
    endloop
  endfacet
  facet normal -0.09517 -0.0100044 0.995411
    outer loop
      vertex -1.30878 3.15967 3.4092
      vertex -1.46393 3.96298 3.40244
      vertex -1.376 3.12652 3.40244
    endloop
  endfacet
  facet normal -0.0951764 -0.0100057 0.99541
    outer loop
      vertex -0.88516 3.30347 3.45115
      vertex -1.46393 3.96298 3.40244
      vertex -1.30878 3.15967 3.4092
    endloop
  endfacet
  facet normal -0.0951774 -0.0100065 0.99541
    outer loop
      vertex -0.446399 3.39074 3.49398
      vertex -1.46393 3.96298 3.40244
      vertex -0.88516 3.30347 3.45115
    endloop
  endfacet
  facet normal -0.0951087 -0.00988301 0.995418
    outer loop
      vertex -1.46393 3.96298 3.40244
      vertex -0.446399 3.39074 3.49398
      vertex -0.34203 3.39758 3.50402
    endloop
  endfacet
  facet normal -0.0803102 0.0196592 0.996576
    outer loop
      vertex -0.0382128 4.22455 3.51219
      vertex -0.34203 3.39758 3.50402
      vertex -0.238993 3.40434 3.51219
    endloop
  endfacet
  facet normal -0.0803228 0.0196639 0.996575
    outer loop
      vertex -0.34203 3.39758 3.50402
      vertex -0.0382128 4.22455 3.51219
      vertex -1.46393 3.96298 3.40244
    endloop
  endfacet
  facet normal 0.0722178 0.0402302 -0.996577
    outer loop
      vertex -1.08258 4.08366 3.40244
      vertex -0.571492 3.36586 3.4105
      vertex -0.67162 3.34594 3.40244
    endloop
  endfacet
  facet normal 0.0722407 0.0402465 -0.996575
    outer loop
      vertex -0.571492 3.36586 3.4105
      vertex -1.08258 4.08366 3.40244
      vertex 0.361486 4.20923 3.51219
    endloop
  endfacet
  facet normal 0.0942377 0.0155412 -0.995428
    outer loop
      vertex 0.446399 3.39074 3.50745
      vertex 0.361486 4.20923 3.51219
      vertex 0.498166 3.38044 3.51219
    endloop
  endfacet
  facet normal 0.0944291 0.015561 -0.99541
    outer loop
      vertex 0 3.42 3.46556
      vertex 0.361486 4.20923 3.51219
      vertex 0.446399 3.39074 3.50745
    endloop
  endfacet
  facet normal 0.0944181 0.0155661 -0.995411
    outer loop
      vertex -0.446399 3.39074 3.42276
      vertex 0.361486 4.20923 3.51219
      vertex 0 3.42 3.46556
    endloop
  endfacet
  facet normal 0.0944715 0.0155128 -0.995407
    outer loop
      vertex 0.361486 4.20923 3.51219
      vertex -0.446399 3.39074 3.42276
      vertex -0.571492 3.36586 3.4105
    endloop
  endfacet
  facet normal 0.0198766 0.518581 0.854797
    outer loop
      vertex 1.392 3.98881 3.62195
      vertex 0.361486 4.20923 3.51219
      vertex -0.0382128 4.22455 3.51219
    endloop
  endfacet
  facet normal 0.193998 0.48133 -0.854802
    outer loop
      vertex 1.392 3.98881 3.62195
      vertex 1.763 3.83928 3.62195
      vertex 0.361486 4.20923 3.51219
    endloop
  endfacet
  facet normal -0.0929585 0.0227582 0.99541
    outer loop
      vertex -0.0382128 4.22455 3.51219
      vertex 0.446399 3.39074 3.57651
      vertex 0.824303 3.31557 3.61352
    endloop
  endfacet
  facet normal -0.0929656 0.022754 0.995409
    outer loop
      vertex -0.0382128 4.22455 3.51219
      vertex 0 3.42 3.53415
      vertex 0.446399 3.39074 3.57651
    endloop
  endfacet
  facet normal -0.0929548 0.0227545 0.99541
    outer loop
      vertex 0 3.42 3.53415
      vertex -0.0382128 4.22455 3.51219
      vertex -0.238993 3.40434 3.51219
    endloop
  endfacet
  facet normal -0.0689603 0.0456626 0.996574
    outer loop
      vertex 1.392 3.98881 3.62195
      vertex 0.88516 3.30347 3.61828
      vertex 0.928463 3.28877 3.62195
    endloop
  endfacet
  facet normal -0.0688815 0.0456043 0.996582
    outer loop
      vertex 1.392 3.98881 3.62195
      vertex 0.824303 3.31557 3.61352
      vertex 0.88516 3.30347 3.61828
    endloop
  endfacet
  facet normal -0.0689539 0.0456655 0.996574
    outer loop
      vertex 0.824303 3.31557 3.61352
      vertex 1.392 3.98881 3.62195
      vertex -0.0382128 4.22455 3.51219
    endloop
  endfacet
  facet normal 0.0816761 0.0134696 -0.996568
    outer loop
      vertex 0.361486 4.20923 3.51219
      vertex 0.59871 3.36044 3.52016
      vertex 0.498166 3.38044 3.51219
    endloop
  endfacet
  facet normal 0.0815967 0.0134474 -0.996575
    outer loop
      vertex 0.59871 3.36044 3.52016
      vertex 0.361486 4.20923 3.51219
      vertex 1.763 3.83928 3.62195
    endloop
  endfacet
  facet normal 0.0941367 -0.0172626 -0.99541
    outer loop
      vertex 1.30878 3.15967 3.59078
      vertex 1.763 3.83928 3.62195
      vertex 1.61104 3.01061 3.62195
    endloop
  endfacet
  facet normal 0.0941255 -0.0172551 -0.995411
    outer loop
      vertex 0.88516 3.30347 3.54823
      vertex 1.763 3.83928 3.62195
      vertex 1.30878 3.15967 3.59078
    endloop
  endfacet
  facet normal 0.0941149 -0.0172375 -0.995412
    outer loop
      vertex 1.763 3.83928 3.62195
      vertex 0.88516 3.30347 3.54823
      vertex 0.59871 3.36044 3.52016
    endloop
  endfacet
  facet normal 0.194017 0.481376 0.854771
    outer loop
      vertex 2.65836 3.28351 3.73171
      vertex 1.763 3.83928 3.62195
      vertex 1.392 3.98881 3.62195
    endloop
  endfacet
  facet normal 0.345252 0.387389 -0.854828
    outer loop
      vertex 2.65836 3.28351 3.73171
      vertex 2.95697 3.01738 3.73171
      vertex 1.763 3.83928 3.62195
    endloop
  endfacet
  facet normal -0.0798175 0.0528245 0.995409
    outer loop
      vertex 1.392 3.98881 3.62195
      vertex 1.71 2.96181 3.70195
      vertex 1.89937 2.83527 3.72385
    endloop
  endfacet
  facet normal -0.0797821 0.0528356 0.995411
    outer loop
      vertex 1.392 3.98881 3.62195
      vertex 1.30878 3.15967 3.65929
      vertex 1.71 2.96181 3.70195
    endloop
  endfacet
  facet normal -0.0797949 0.0528368 0.99541
    outer loop
      vertex 1.30878 3.15967 3.65929
      vertex 1.392 3.98881 3.62195
      vertex 0.928463 3.28877 3.62195
    endloop
  endfacet
  facet normal -0.0494672 0.066286 0.996574
    outer loop
      vertex 2.65836 3.28351 3.73171
      vertex 1.89937 2.83527 3.72385
      vertex 1.98292 2.77945 3.73171
    endloop
  endfacet
  facet normal -0.0494628 0.0662786 0.996574
    outer loop
      vertex 1.89937 2.83527 3.72385
      vertex 2.65836 3.28351 3.73171
      vertex 1.392 3.98881 3.62195
    endloop
  endfacet
  facet normal 0.0813474 -0.0149138 -0.996574
    outer loop
      vertex 1.71147 2.96082 3.63089
      vertex 1.763 3.83928 3.62195
      vertex 2.95697 3.01738 3.73171
    endloop
  endfacet
  facet normal 0.078232 -0.0147337 -0.996826
    outer loop
      vertex 1.71 2.96181 3.63076
      vertex 1.763 3.83928 3.62195
      vertex 1.71147 2.96082 3.63089
    endloop
  endfacet
  facet normal 0.0813632 -0.0149202 -0.996573
    outer loop
      vertex 1.763 3.83928 3.62195
      vertex 1.71 2.96181 3.63076
      vertex 1.61104 3.01061 3.62195
    endloop
  endfacet
  facet normal 0.0827707 -0.0480719 -0.995409
    outer loop
      vertex 2.4183 2.4183 3.71585
      vertex 2.95697 3.01738 3.73171
      vertex 2.53305 2.28747 3.73171
    endloop
  endfacet
  facet normal 0.0827499 -0.0480532 -0.995411
    outer loop
      vertex 2.08196 2.71327 3.67365
      vertex 2.95697 3.01738 3.73171
      vertex 2.4183 2.4183 3.71585
    endloop
  endfacet
  facet normal 0.0827592 -0.0480802 -0.995409
    outer loop
      vertex 2.95697 3.01738 3.73171
      vertex 2.08196 2.71327 3.67365
      vertex 1.71147 2.96082 3.63089
    endloop
  endfacet
  facet normal 0.3453 0.387442 0.854784
    outer loop
      vertex 3.61177 2.19167 3.84146
      vertex 2.95697 3.01738 3.73171
      vertex 2.65836 3.28351 3.73171
    endloop
  endfacet
  facet normal 0.455859 0.247882 -0.854837
    outer loop
      vertex 3.61177 2.19167 3.84146
      vertex 3.80285 1.84027 3.84146
      vertex 2.95697 3.01738 3.73171
    endloop
  endfacet
  facet normal -0.0573686 0.0766842 0.995404
    outer loop
      vertex 2.65836 3.28351 3.73171
      vertex 2.71327 2.08196 3.82744
      vertex 2.74542 2.03384 3.833
    endloop
  endfacet
  facet normal -0.0572223 0.0766915 0.995411
    outer loop
      vertex 2.65836 3.28351 3.73171
      vertex 2.4183 2.4183 3.78457
      vertex 2.71327 2.08196 3.82744
    endloop
  endfacet
  facet normal -0.057244 0.0766974 0.99541
    outer loop
      vertex 2.65836 3.28351 3.73171
      vertex 2.08196 2.71327 3.7425
      vertex 2.4183 2.4183 3.78457
    endloop
  endfacet
  facet normal -0.0572153 0.0766684 0.995414
    outer loop
      vertex 2.08196 2.71327 3.7425
      vertex 2.65836 3.28351 3.73171
      vertex 1.98292 2.77945 3.73171
    endloop
  endfacet
  facet normal -0.0241336 0.0790538 0.996578
    outer loop
      vertex 3.61177 2.19167 3.84146
      vertex 2.74542 2.03384 3.833
      vertex 2.80461 1.94526 3.84146
    endloop
  endfacet
  facet normal -0.0241408 0.079094 0.996575
    outer loop
      vertex 2.74542 2.03384 3.833
      vertex 3.61177 2.19167 3.84146
      vertex 2.65836 3.28351 3.73171
    endloop
  endfacet
  facet normal 0.071515 -0.0415262 -0.996575
    outer loop
      vertex 2.59942 2.21179 3.73962
      vertex 2.95697 3.01738 3.73171
      vertex 3.80285 1.84027 3.84146
    endloop
  endfacet
  facet normal 0.0714529 -0.0414987 -0.99658
    outer loop
      vertex 2.95697 3.01738 3.73171
      vertex 2.59942 2.21179 3.73962
      vertex 2.53305 2.28747 3.73171
    endloop
  endfacet
  facet normal 0.0617034 -0.0732842 -0.9954
    outer loop
      vertex 3.15967 1.30878 3.84072
      vertex 3.80285 1.84027 3.84146
      vertex 3.16232 1.30096 3.84146
    endloop
  endfacet
  facet normal 0.0616255 -0.0731899 -0.995412
    outer loop
      vertex 2.96181 1.71 3.79897
      vertex 3.80285 1.84027 3.84146
      vertex 3.15967 1.30878 3.84072
    endloop
  endfacet
  facet normal 0.0616305 -0.0732232 -0.995409
    outer loop
      vertex 2.71327 2.08196 3.75622
      vertex 3.80285 1.84027 3.84146
      vertex 2.96181 1.71 3.79897
    endloop
  endfacet
  facet normal 0.0616292 -0.0732289 -0.995409
    outer loop
      vertex 3.80285 1.84027 3.84146
      vertex 2.71327 2.08196 3.75622
      vertex 2.59942 2.21179 3.73962
    endloop
  endfacet
  facet normal 0.455948 0.24793 0.854776
    outer loop
      vertex 4.14 0.84183 3.95122
      vertex 3.80285 1.84027 3.84146
      vertex 3.61177 2.19167 3.84146
    endloop
  endfacet
  facet normal 0.51289 0.0792225 -0.854791
    outer loop
      vertex 4.14 0.84183 3.95122
      vertex 4.20106 0.446525 3.95122
      vertex 3.80285 1.84027 3.84146
    endloop
  endfacet
  facet normal -0.0279573 0.0915347 0.995409
    outer loop
      vertex 3.61177 2.19167 3.84146
      vertex 3.15967 1.30878 3.90995
      vertex 3.27034 0.982739 3.94304
    endloop
  endfacet
  facet normal -0.0279276 0.0915197 0.995412
    outer loop
      vertex 3.61177 2.19167 3.84146
      vertex 2.96181 1.71 3.86751
      vertex 3.15967 1.30878 3.90995
    endloop
  endfacet
  facet normal -0.0279472 0.0915459 0.995409
    outer loop
      vertex 2.96181 1.71 3.86751
      vertex 3.61177 2.19167 3.84146
      vertex 2.80461 1.94526 3.84146
    endloop
  endfacet
  facet normal 0.00401041 0.0826042 0.996574
    outer loop
      vertex 3.27034 0.982739 3.94304
      vertex 4.14 0.84183 3.95122
      vertex 3.61177 2.19167 3.84146
    endloop
  endfacet
  facet normal 0.00409068 0.084264 0.996435
    outer loop
      vertex 4.14 0.84183 3.95122
      vertex 3.30347 0.88516 3.95099
      vertex 3.30401 0.882414 3.95122
    endloop
  endfacet
  facet normal 0.00400199 0.0825525 0.996579
    outer loop
      vertex 4.14 0.84183 3.95122
      vertex 3.27034 0.982739 3.94304
      vertex 3.30347 0.88516 3.95099
    endloop
  endfacet
  facet normal 0.0532628 -0.0632643 -0.996574
    outer loop
      vertex 3.19612 1.20139 3.84959
      vertex 3.80285 1.84027 3.84146
      vertex 4.20106 0.446525 3.95122
    endloop
  endfacet
  facet normal 0.0532833 -0.0632837 -0.996572
    outer loop
      vertex 3.80285 1.84027 3.84146
      vertex 3.19612 1.20139 3.84959
      vertex 3.16232 1.30096 3.84146
    endloop
  endfacet
  facet normal 0.0332672 -0.0897395 -0.99541
    outer loop
      vertex 3.39074 0.446399 3.92415
      vertex 4.20106 0.446525 3.95122
      vertex 3.40995 0.153254 3.95122
    endloop
  endfacet
  facet normal 0.0332672 -0.0897341 -0.99541
    outer loop
      vertex 3.30347 0.88516 3.88168
      vertex 4.20106 0.446525 3.95122
      vertex 3.39074 0.446399 3.92415
    endloop
  endfacet
  facet normal 0.0332768 -0.0897147 -0.995411
    outer loop
      vertex 4.20106 0.446525 3.95122
      vertex 3.30347 0.88516 3.88168
      vertex 3.19612 1.20139 3.84959
    endloop
  endfacet
  facet normal 0.51287 0.0792195 0.854803
    outer loop
      vertex 4.18087 -0.607109 4.06098
      vertex 4.20106 0.446525 3.95122
      vertex 4.14 0.84183 3.95122
    endloop
  endfacet
  facet normal 0.509512 -0.0988073 -0.854771
    outer loop
      vertex 4.20106 0.446525 3.95122
      vertex 4.18087 -0.607109 4.06098
      vertex 4.10472 -0.999786 4.06098
    endloop
  endfacet
  facet normal 0.00463399 0.095586 0.99541
    outer loop
      vertex 4.14 0.84183 3.95122
      vertex 3.39074 0.446399 3.99268
      vertex 3.42 0 4.03541
    endloop
  endfacet
  facet normal 0.00463979 0.0955751 0.995411
    outer loop
      vertex 3.39074 0.446399 3.99268
      vertex 4.14 0.84183 3.95122
      vertex 3.30401 0.882414 3.95122
    endloop
  endfacet
  facet normal 0.00462368 0.0955947 0.99541
    outer loop
      vertex 4.14 0.84183 3.95122
      vertex 3.42 0 4.03541
      vertex 3.40798 -0.183413 4.05308
    endloop
  endfacet
  facet normal 0.0316884 0.0763863 0.996575
    outer loop
      vertex 3.40798 -0.183413 4.05308
      vertex 4.18087 -0.607109 4.06098
      vertex 4.14 0.84183 3.95122
    endloop
  endfacet
  facet normal 0.0317192 0.0764425 0.996569
    outer loop
      vertex 4.18087 -0.607109 4.06098
      vertex 3.40798 -0.183413 4.05308
      vertex 3.40141 -0.283678 4.06098
    endloop
  endfacet
  facet normal 0.0287526 -0.0775449 -0.996574
    outer loop
      vertex 3.41699 0.0459216 3.95977
      vertex 4.20106 0.446525 3.95122
      vertex 4.10472 -0.999786 4.06098
    endloop
  endfacet
  facet normal 0.0287306 -0.077502 -0.996578
    outer loop
      vertex 4.20106 0.446525 3.95122
      vertex 3.41699 0.0459216 3.95977
      vertex 3.40995 0.153254 3.95122
    endloop
  endfacet
  facet normal 0.000969331 -0.0957024 -0.99541
    outer loop
      vertex 4.10472 -0.999786 4.06098
      vertex 3.39074 -0.446399 4.00708
      vertex 3.42 0 3.96419
    endloop
  endfacet
  facet normal 0.000983293 -0.0956846 -0.995411
    outer loop
      vertex 4.10472 -0.999786 4.06098
      vertex 3.30347 -0.88516 4.04917
      vertex 3.39074 -0.446399 4.00708
    endloop
  endfacet
  facet normal 0.000975891 -0.0957358 -0.995406
    outer loop
      vertex 3.30347 -0.88516 4.04917
      vertex 4.10472 -0.999786 4.06098
      vertex 3.26164 -1.00838 4.06098
    endloop
  endfacet
  facet normal 0.000899606 -0.0957498 -0.995405
    outer loop
      vertex 4.10472 -0.999786 4.06098
      vertex 3.42 0 3.96419
      vertex 3.41699 0.0459216 3.95977
    endloop
  endfacet
  facet normal 0.509403 -0.0987862 0.854839
    outer loop
      vertex 4.10472 -0.999786 4.06098
      vertex 4.18087 -0.607109 4.06098
      vertex 3.72957 -1.98458 4.17073
    endloop
  endfacet
  facet normal 0.446082 -0.265195 -0.8548
    outer loop
      vertex 4.10472 -0.999786 4.06098
      vertex 3.72957 -1.98458 4.17073
      vertex 3.52517 -2.3284 4.17073
    endloop
  endfacet
  facet normal 0.036671 0.088376 0.995412
    outer loop
      vertex 3.39074 -0.446399 4.07582
      vertex 4.18087 -0.607109 4.06098
      vertex 3.40141 -0.283678 4.06098
    endloop
  endfacet
  facet normal 0.0366711 0.0883767 0.995412
    outer loop
      vertex 3.30347 -0.88516 4.11799
      vertex 4.18087 -0.607109 4.06098
      vertex 3.39074 -0.446399 4.07582
    endloop
  endfacet
  facet normal 0.0366612 0.0884073 0.99541
    outer loop
      vertex 3.15967 -1.30878 4.16091
      vertex 4.18087 -0.607109 4.06098
      vertex 3.30347 -0.88516 4.11799
    endloop
  endfacet
  facet normal 0.0364958 0.0886459 0.995394
    outer loop
      vertex 4.18087 -0.607109 4.06098
      vertex 3.15967 -1.30878 4.16091
      vertex 3.15525 -1.31774 4.16187
    endloop
  endfacet
  facet normal 0.0556497 0.0611696 0.996575
    outer loop
      vertex 3.15525 -1.31774 4.16187
      vertex 3.72957 -1.98458 4.17073
      vertex 4.18087 -0.607109 4.06098
    endloop
  endfacet
  facet normal 0.0556241 0.0611477 0.996578
    outer loop
      vertex 3.72957 -1.98458 4.17073
      vertex 3.15525 -1.31774 4.16187
      vertex 3.10609 -1.41742 4.17073
    endloop
  endfacet
  facet normal 0.000854149 -0.0826945 -0.996575
    outer loop
      vertex 3.22937 -1.10343 4.06883
      vertex 4.10472 -0.999786 4.06098
      vertex 3.52517 -2.3284 4.17073
    endloop
  endfacet
  facet normal 0.000841905 -0.0825917 -0.996583
    outer loop
      vertex 4.10472 -0.999786 4.06098
      vertex 3.22937 -1.10343 4.06883
      vertex 3.26164 -1.00838 4.06098
    endloop
  endfacet
  facet normal -0.0314411 -0.0903961 -0.995409
    outer loop
      vertex 3.52517 -2.3284 4.17073
      vertex 3.15967 -1.30878 4.08968
      vertex 3.22937 -1.10343 4.06883
    endloop
  endfacet
  facet normal -0.0314248 -0.0903903 -0.995411
    outer loop
      vertex 3.52517 -2.3284 4.17073
      vertex 2.96181 -1.71 4.13236
      vertex 3.15967 -1.30878 4.08968
    endloop
  endfacet
  facet normal -0.0314291 -0.0903942 -0.99541
    outer loop
      vertex 2.96181 -1.71 4.13236
      vertex 3.52517 -2.3284 4.17073
      vertex 2.73271 -2.05287 4.17073
    endloop
  endfacet
  facet normal 0.446085 -0.265196 0.854798
    outer loop
      vertex 3.52517 -2.3284 4.17073
      vertex 3.72957 -1.98458 4.17073
      vertex 2.83923 -3.12843 4.28049
    endloop
  endfacet
  facet normal 0.330176 -0.400365 -0.854805
    outer loop
      vertex 3.52517 -2.3284 4.17073
      vertex 2.83923 -3.12843 4.28049
      vertex 2.53064 -3.38292 4.28049
    endloop
  endfacet
  facet normal 0.0643932 0.0707876 0.995411
    outer loop
      vertex 2.96181 -1.71 4.20087
      vertex 3.72957 -1.98458 4.17073
      vertex 3.10609 -1.41742 4.17073
    endloop
  endfacet
  facet normal 0.0643935 0.0707884 0.995411
    outer loop
      vertex 2.71327 -2.08196 4.2434
      vertex 3.72957 -1.98458 4.17073
      vertex 2.96181 -1.71 4.20087
    endloop
  endfacet
  facet normal 0.0643918 0.0708058 0.99541
    outer loop
      vertex 3.72957 -1.98458 4.17073
      vertex 2.71327 -2.08196 4.2434
      vertex 2.51375 -2.30947 4.27249
    endloop
  endfacet
  facet normal 0.0730505 0.0387675 0.996574
    outer loop
      vertex 2.51375 -2.30947 4.27249
      vertex 2.83923 -3.12843 4.28049
      vertex 3.72957 -1.98458 4.17073
    endloop
  endfacet
  facet normal 0.0730794 0.038779 0.996572
    outer loop
      vertex 2.83923 -3.12843 4.28049
      vertex 2.51375 -2.30947 4.27249
      vertex 2.44578 -2.38697 4.28049
    endloop
  endfacet
  facet normal -0.02716 -0.0781156 -0.996574
    outer loop
      vertex 3.52517 -2.3284 4.17073
      vertex 2.71327 -2.08196 4.17354
      vertex 2.73271 -2.05287 4.17073
    endloop
  endfacet
  facet normal -0.0271813 -0.0781859 -0.996568
    outer loop
      vertex 3.52517 -2.3284 4.17073
      vertex 2.66564 -2.13627 4.1791
      vertex 2.71327 -2.08196 4.17354
    endloop
  endfacet
  facet normal -0.0271643 -0.0781097 -0.996575
    outer loop
      vertex 2.66564 -2.13627 4.1791
      vertex 3.52517 -2.3284 4.17073
      vertex 2.53064 -3.38292 4.28049
    endloop
  endfacet
  facet normal -0.060113 -0.0744471 -0.995411
    outer loop
      vertex 2.53064 -3.38292 4.28049
      vertex 2.4183 -2.4183 4.21513
      vertex 2.66564 -2.13627 4.1791
    endloop
  endfacet
  facet normal -0.060133 -0.0744494 -0.99541
    outer loop
      vertex 2.53064 -3.38292 4.28049
      vertex 2.08196 -2.71327 4.25751
      vertex 2.4183 -2.4183 4.21513
    endloop
  endfacet
  facet normal -0.0601334 -0.0744496 -0.99541
    outer loop
      vertex 2.08196 -2.71327 4.25751
      vertex 2.53064 -3.38292 4.28049
      vertex 1.87378 -2.85237 4.28049
    endloop
  endfacet
  facet normal 0.330164 -0.400351 0.854816
    outer loop
      vertex 2.53064 -3.38292 4.28049
      vertex 2.83923 -3.12843 4.28049
      vertex 1.61465 -3.90399 4.39024
    endloop
  endfacet
  facet normal 0.175428 -0.488425 -0.85479
    outer loop
      vertex 2.53064 -3.38292 4.28049
      vertex 1.61465 -3.90399 4.39024
      vertex 1.2382 -4.0392 4.39024
    endloop
  endfacet
  facet normal 0.0844096 0.0447913 0.995424
    outer loop
      vertex 2.4183 -2.4183 4.28423
      vertex 2.83923 -3.12843 4.28049
      vertex 2.44578 -2.38697 4.28049
    endloop
  endfacet
  facet normal 0.0845376 0.0448672 0.99541
    outer loop
      vertex 2.08196 -2.71327 4.32609
      vertex 2.83923 -3.12843 4.28049
      vertex 2.4183 -2.4183 4.28423
    endloop
  endfacet
  facet normal 0.0845348 0.0448621 0.99541
    outer loop
      vertex 1.71 -2.96181 4.36888
      vertex 2.83923 -3.12843 4.28049
      vertex 2.08196 -2.71327 4.32609
    endloop
  endfacet
  facet normal 0.0845337 0.0448541 0.995411
    outer loop
      vertex 2.83923 -3.12843 4.28049
      vertex 1.71 -2.96181 4.36888
      vertex 1.5854 -3.02325 4.38223
    endloop
  endfacet
  facet normal 0.0818538 0.0117819 0.996575
    outer loop
      vertex 1.5854 -3.02325 4.38223
      vertex 1.61465 -3.90399 4.39024
      vertex 2.83923 -3.12843 4.28049
    endloop
  endfacet
  facet normal 0.0817868 0.0117797 0.99658
    outer loop
      vertex 1.61465 -3.90399 4.39024
      vertex 1.5854 -3.02325 4.38223
      vertex 1.49427 -3.06819 4.39024
    endloop
  endfacet
  facet normal -0.0519265 -0.0642888 -0.996579
    outer loop
      vertex 2.53064 -3.38292 4.28049
      vertex 1.78734 -2.91013 4.28872
      vertex 1.87378 -2.85237 4.28049
    endloop
  endfacet
  facet normal -0.0519569 -0.0643367 -0.996575
    outer loop
      vertex 1.78734 -2.91013 4.28872
      vertex 2.53064 -3.38292 4.28049
      vertex 1.2382 -4.0392 4.39024
    endloop
  endfacet
  facet normal -0.0818601 -0.0496876 -0.995404
    outer loop
      vertex 1.2382 -4.0392 4.39024
      vertex 1.71 -2.96181 4.29766
      vertex 1.78734 -2.91013 4.28872
    endloop
  endfacet
  facet normal -0.081759 -0.0497324 -0.995411
    outer loop
      vertex 1.2382 -4.0392 4.39024
      vertex 1.30878 -3.15967 4.3405
      vertex 1.71 -2.96181 4.29766
    endloop
  endfacet
  facet normal -0.0817616 -0.0497322 -0.99541
    outer loop
      vertex 1.2382 -4.0392 4.39024
      vertex 0.88516 -3.30347 4.38248
      vertex 1.30878 -3.15967 4.3405
    endloop
  endfacet
  facet normal -0.0816782 -0.0496923 -0.995419
    outer loop
      vertex 0.88516 -3.30347 4.38248
      vertex 1.2382 -4.0392 4.39024
      vertex 0.800797 -3.32025 4.39024
    endloop
  endfacet
  facet normal 0.17542 -0.488402 0.854805
    outer loop
      vertex 1.2382 -4.0392 4.39024
      vertex 1.61465 -3.90399 4.39024
      vertex 0.199997 -4.21999 4.5
    endloop
  endfacet
  facet normal 0 -0.51896 -0.854799
    outer loop
      vertex 1.2382 -4.0392 4.39024
      vertex 0.199997 -4.21999 4.5
      vertex -0.199997 -4.21999 4.5
    endloop
  endfacet
  facet normal 0.0947479 0.0136465 0.995408
    outer loop
      vertex 1.30878 -3.15967 4.40915
      vertex 1.61465 -3.90399 4.39024
      vertex 1.49427 -3.06819 4.39024
    endloop
  endfacet
  facet normal 0.0947199 0.013635 0.995411
    outer loop
      vertex 0.88516 -3.30347 4.45143
      vertex 1.61465 -3.90399 4.39024
      vertex 1.30878 -3.15967 4.40915
    endloop
  endfacet
  facet normal 0.0947201 0.0136352 0.995411
    outer loop
      vertex 1.61465 -3.90399 4.39024
      vertex 0.88516 -3.30347 4.45143
      vertex 0.477524 -3.38455 4.49133
    endloop
  endfacet
  facet normal 0.0811057 -0.0166006 0.996567
    outer loop
      vertex 0.199997 -4.21999 4.5
      vertex 0.477524 -3.38455 4.49133
      vertex 0.446399 -3.39074 4.49376
    endloop
  endfacet
  facet normal 0.0809837 -0.0165642 0.996578
    outer loop
      vertex 0.199997 -4.21999 4.5
      vertex 0.446399 -3.39074 4.49376
      vertex 0.368567 -3.39584 4.5
    endloop
  endfacet
  facet normal 0.0810243 -0.0165734 0.996574
    outer loop
      vertex 0.477524 -3.38455 4.49133
      vertex 0.199997 -4.21999 4.5
      vertex 1.61465 -3.90399 4.39024
    endloop
  endfacet
  facet normal -0.0706671 -0.0429933 -0.996573
    outer loop
      vertex 1.2382 -4.0392 4.39024
      vertex 0.701539 -3.33999 4.39813
      vertex 0.800797 -3.32025 4.39024
    endloop
  endfacet
  facet normal -0.0706532 -0.0429826 -0.996574
    outer loop
      vertex 0.701539 -3.33999 4.39813
      vertex 1.2382 -4.0392 4.39024
      vertex -0.199997 -4.21999 4.5
    endloop
  endfacet
  facet normal -0.0937606 -0.0191748 -0.99541
    outer loop
      vertex -0.199997 -4.21999 4.5
      vertex 0.446399 -3.39074 4.42314
      vertex 0.701539 -3.33999 4.39813
    endloop
  endfacet
  facet normal -0.0937576 -0.0191772 -0.99541
    outer loop
      vertex -0.199997 -4.21999 4.5
      vertex 0 -3.42 4.46575
      vertex 0.446399 -3.39074 4.42314
    endloop
  endfacet
  facet normal -0.093758 -0.0191771 -0.99541
    outer loop
      vertex 0 -3.42 4.46575
      vertex -0.199997 -4.21999 4.5
      vertex -0.368567 -3.39584 4.5
    endloop
  endfacet
endsolid OpenSCAD_Model
