solid OpenSCAD_Model
  facet normal 0.980784 0.195097 -0
    outer loop
      vertex 3.2222 0.42421 0
      vertex 3.13926 0.841162 1.888
      vertex 3.2222 0.42421 1.93089
    endloop
  endfacet
  facet normal 0.980784 0.195097 0
    outer loop
      vertex 3.13926 0.841162 1.888
      vertex 3.2222 0.42421 0
      vertex 3.13926 0.841162 0
    endloop
  endfacet
  facet normal 0.98079 0.195069 0
    outer loop
      vertex 3.13926 0.841162 4.5
      vertex 3.15395 0.767302 3.95122
      vertex 3.13926 0.841162 3.94487
    endloop
  endfacet
  facet normal 0.980784 0.195097 -3.95854e-06
    outer loop
      vertex 3.2222 0.42421 4.5
      vertex 3.15395 0.767302 3.95122
      vertex 3.13926 0.841162 4.5
    endloop
  endfacet
  facet normal 0.980783 0.195103 0
    outer loop
      vertex 3.15395 0.767302 3.95122
      vertex 3.2222 0.42421 4.5
      vertex 3.2222 0.42421 3.98557
    endloop
  endfacet
  facet normal 0.98079 0.195069 0
    outer loop
      vertex 3.13926 0.841162 3.88878
      vertex 3.17942 0.639241 1.9659
      vertex 3.13926 0.841162 1.94506
    endloop
  endfacet
  facet normal 0.980774 0.195147 -8.51765e-06
    outer loop
      vertex 3.13926 0.841162 3.88878
      vertex 3.2024 0.523748 1.97561
      vertex 3.17942 0.639241 1.9659
    endloop
  endfacet
  facet normal 0.980784 0.195097 -0
    outer loop
      vertex 3.2222 0.42421 1.98536
      vertex 3.13926 0.841162 3.88878
      vertex 3.2222 0.42421 3.93127
    endloop
  endfacet
  facet normal 0.980784 0.195097 1.62782e-07
    outer loop
      vertex 3.13926 0.841162 3.88878
      vertex 3.2222 0.42421 1.98536
      vertex 3.2024 0.523748 1.97561
    endloop
  endfacet
  facet normal 0.997862 0.0653561 0
    outer loop
      vertex 3.2222 0.42421 1.93089
      vertex 3.23182 0.277331 0
      vertex 3.2222 0.42421 0
    endloop
  endfacet
  facet normal 0.99786 0.0653933 -0
    outer loop
      vertex 3.25 0 0.0271342
      vertex 3.2222 0.42421 1.93089
      vertex 3.25 0 1.97295
    endloop
  endfacet
  facet normal 0.997858 0.0654126 -4.32081e-06
    outer loop
      vertex 3.2222 0.42421 1.93089
      vertex 3.25 0 0.0271342
      vertex 3.23182 0.277331 0
    endloop
  endfacet
  facet normal 0.99786 0.0653933 -0
    outer loop
      vertex 3.25 0 4.02833
      vertex 3.2222 0.42421 4.5
      vertex 3.25 0 4.5
    endloop
  endfacet
  facet normal 0.99786 0.0653933 0
    outer loop
      vertex 3.2222 0.42421 4.5
      vertex 3.25 0 4.02833
      vertex 3.2222 0.42421 3.98557
    endloop
  endfacet
  facet normal 0.997862 0.0653606 7.31974e-06
    outer loop
      vertex 3.25 0 2.02761
      vertex 3.2222 0.42421 3.93127
      vertex 3.23564 0.219019 3.95122
    endloop
  endfacet
  facet normal 0.997859 0.0654042 2.33569e-06
    outer loop
      vertex 3.25 0 2.02761
      vertex 3.23564 0.219019 3.95122
      vertex 3.24351 0.0989476 3.96125
    endloop
  endfacet
  facet normal 0.997856 0.0654496 -0
    outer loop
      vertex 3.25 0 2.02761
      vertex 3.24351 0.0989476 3.96125
      vertex 3.25 0 3.97127
    endloop
  endfacet
  facet normal 0.99786 0.0653933 0
    outer loop
      vertex 3.2222 0.42421 3.93127
      vertex 3.25 0 2.02761
      vertex 3.2222 0.42421 1.98536
    endloop
  endfacet
  facet normal 0.946933 0.321431 0
    outer loop
      vertex 3.06204 1.06864 1.86585
      vertex 3.00261 1.24372 0
      vertex 3.00261 1.24372 1.84795
    endloop
  endfacet
  facet normal 0.94693 0.321441 6.30483e-07
    outer loop
      vertex 3.13926 0.841162 0
      vertex 3.06204 1.06864 1.86585
      vertex 3.10037 0.955724 1.87577
    endloop
  endfacet
  facet normal 0.946927 0.32145 -0
    outer loop
      vertex 3.13926 0.841162 0
      vertex 3.10037 0.955724 1.87577
      vertex 3.13926 0.841162 1.888
    endloop
  endfacet
  facet normal 0.94693 0.321439 8.3214e-07
    outer loop
      vertex 3.06204 1.06864 1.86585
      vertex 3.13926 0.841162 0
      vertex 3.00261 1.24372 0
    endloop
  endfacet
  facet normal 0.946931 0.321437 0
    outer loop
      vertex 3.00261 1.24372 4.5
      vertex 3.12333 0.888087 3.94086
      vertex 3.00261 1.24372 3.90286
    endloop
  endfacet
  facet normal 0.94693 0.321439 -1.88342e-06
    outer loop
      vertex 3.13926 0.841162 4.5
      vertex 3.12333 0.888087 3.94086
      vertex 3.00261 1.24372 4.5
    endloop
  endfacet
  facet normal 0.946923 0.32146 0
    outer loop
      vertex 3.12333 0.888087 3.94086
      vertex 3.13926 0.841162 4.5
      vertex 3.13926 0.841162 3.94487
    endloop
  endfacet
  facet normal 0.946963 0.321344 2.25057e-05
    outer loop
      vertex 3.13926 0.841162 1.94506
      vertex 3.00261 1.24372 3.84696
      vertex 3.02163 1.18767 3.85175
    endloop
  endfacet
  facet normal 0.946925 0.321455 -0
    outer loop
      vertex 3.13926 0.841162 1.94506
      vertex 3.02163 1.18767 3.85175
      vertex 3.13926 0.841162 3.88878
    endloop
  endfacet
  facet normal 0.94693 0.321439 0
    outer loop
      vertex 3.00261 1.24372 3.84696
      vertex 3.13926 0.841162 1.94506
      vertex 3.00261 1.24372 1.90227
    endloop
  endfacet
  facet normal 0.896869 0.442295 -0
    outer loop
      vertex 3.00261 1.24372 0
      vertex 2.81458 1.625 1.8055
      vertex 3.00261 1.24372 1.84795
    endloop
  endfacet
  facet normal 0.896869 0.442295 0
    outer loop
      vertex 2.81458 1.625 1.8055
      vertex 3.00261 1.24372 0
      vertex 2.81458 1.625 0
    endloop
  endfacet
  facet normal 0.896869 0.442295 -0
    outer loop
      vertex 3.00261 1.24372 3.90286
      vertex 2.81458 1.625 4.5
      vertex 3.00261 1.24372 4.5
    endloop
  endfacet
  facet normal 0.896869 0.442295 0
    outer loop
      vertex 2.81458 1.625 4.5
      vertex 3.00261 1.24372 3.90286
      vertex 2.81458 1.625 3.86039
    endloop
  endfacet
  facet normal 0.896894 0.442246 0
    outer loop
      vertex 2.81458 1.625 3.80608
      vertex 2.83883 1.57582 1.86585
      vertex 2.81458 1.625 1.86122
    endloop
  endfacet
  facet normal 0.896869 0.442296 -2.74656e-07
    outer loop
      vertex 3.00261 1.24372 1.90227
      vertex 2.81458 1.625 3.80608
      vertex 2.97383 1.30208 3.84146
    endloop
  endfacet
  facet normal 0.896873 0.442289 -0
    outer loop
      vertex 3.00261 1.24372 1.90227
      vertex 2.97383 1.30208 3.84146
      vertex 3.00261 1.24372 3.84696
    endloop
  endfacet
  facet normal 0.896866 0.442302 -1.7703e-06
    outer loop
      vertex 2.81458 1.625 3.80608
      vertex 3.00261 1.24372 1.90227
      vertex 2.83883 1.57582 1.86585
    endloop
  endfacet
  facet normal 0.831434 0.555624 0
    outer loop
      vertex 2.6006 1.94525 1.76654
      vertex 2.5784 1.97847 0
      vertex 2.5784 1.97847 1.76331
    endloop
  endfacet
  facet normal 0.831475 0.555563 -0
    outer loop
      vertex 2.81458 1.625 0
      vertex 2.6006 1.94525 1.76654
      vertex 2.81458 1.625 1.8055
    endloop
  endfacet
  facet normal 0.831471 0.555568 -1.51056e-06
    outer loop
      vertex 2.6006 1.94525 1.76654
      vertex 2.81458 1.625 0
      vertex 2.5784 1.97847 0
    endloop
  endfacet
  facet normal 0.831449 0.555601 0
    outer loop
      vertex 2.5784 1.97847 4.5
      vertex 2.63957 1.88693 3.83149
      vertex 2.5784 1.97847 3.82036
    endloop
  endfacet
  facet normal 0.831471 0.555568 6.66274e-06
    outer loop
      vertex 2.5784 1.97847 4.5
      vertex 2.7061 1.78736 3.84146
      vertex 2.63957 1.88693 3.83149
    endloop
  endfacet
  facet normal 0.831471 0.555568 6.28387e-06
    outer loop
      vertex 2.81458 1.625 4.5
      vertex 2.7061 1.78736 3.84146
      vertex 2.5784 1.97847 4.5
    endloop
  endfacet
  facet normal 0.831483 0.555551 0
    outer loop
      vertex 2.7061 1.78736 3.84146
      vertex 2.81458 1.625 4.5
      vertex 2.81458 1.625 3.86039
    endloop
  endfacet
  facet normal 0.831471 0.555568 0
    outer loop
      vertex 2.5784 1.97847 3.76331
      vertex 2.77632 1.68226 1.85564
      vertex 2.5784 1.97847 1.81958
    endloop
  endfacet
  facet normal 0.831471 0.555568 -0
    outer loop
      vertex 2.81458 1.625 1.86122
      vertex 2.5784 1.97847 3.76331
      vertex 2.81458 1.625 3.80608
    endloop
  endfacet
  facet normal 0.831469 0.555571 -7.15348e-07
    outer loop
      vertex 2.5784 1.97847 3.76331
      vertex 2.81458 1.625 1.86122
      vertex 2.77632 1.68226 1.85564
    endloop
  endfacet
  facet normal -0.442313 0.896861 -6.17857e-06
    outer loop
      vertex -1.24372 3.00261 0
      vertex -1.52459 2.8641 1.31707
      vertex -1.41903 2.91616 1.32679
    endloop
  endfacet
  facet normal -0.442275 0.896879 0
    outer loop
      vertex -1.24372 3.00261 0
      vertex -1.41903 2.91616 1.32679
      vertex -1.24372 3.00261 1.34657
    endloop
  endfacet
  facet normal -0.442295 0.896869 -1.59542e-06
    outer loop
      vertex -1.52459 2.8641 1.31707
      vertex -1.24372 3.00261 0
      vertex -1.625 2.81458 0
    endloop
  endfacet
  facet normal -0.442312 0.896861 0
    outer loop
      vertex -1.52459 2.8641 1.31707
      vertex -1.625 2.81458 0
      vertex -1.625 2.81458 1.30631
    endloop
  endfacet
  facet normal -0.44232 0.896857 0
    outer loop
      vertex -1.34942 2.95048 3.39251
      vertex -1.24372 3.00261 4.5
      vertex -1.24372 3.00261 3.40212
    endloop
  endfacet
  facet normal -0.442295 0.896869 -2.87881e-06
    outer loop
      vertex -1.24372 3.00261 4.5
      vertex -1.34942 2.95048 3.39251
      vertex -1.625 2.81458 4.5
    endloop
  endfacet
  facet normal -0.442286 0.896874 0
    outer loop
      vertex -1.625 2.81458 4.5
      vertex -1.34942 2.95048 3.39251
      vertex -1.625 2.81458 3.3614
    endloop
  endfacet
  facet normal -0.442295 0.896869 0
    outer loop
      vertex -1.24372 3.00261 1.40363
      vertex -1.625 2.81458 3.30433
      vertex -1.24372 3.00261 3.34731
    endloop
  endfacet
  facet normal -0.442295 0.896869 0
    outer loop
      vertex -1.625 2.81458 3.30433
      vertex -1.24372 3.00261 1.40363
      vertex -1.625 2.81458 1.36075
    endloop
  endfacet
  facet normal 0.659335 0.751849 -0
    outer loop
      vertex 2.2981 2.2981 0
      vertex 1.97847 2.5784 1.68004
      vertex 2.2981 2.2981 1.72278
    endloop
  endfacet
  facet normal 0.659335 0.751849 0
    outer loop
      vertex 1.97847 2.5784 1.68004
      vertex 2.2981 2.2981 0
      vertex 1.97847 2.5784 0
    endloop
  endfacet
  facet normal 0.659335 0.751849 -0
    outer loop
      vertex 2.2981 2.2981 3.77746
      vertex 1.97847 2.5784 4.5
      vertex 2.2981 2.2981 4.5
    endloop
  endfacet
  facet normal 0.659335 0.751849 0
    outer loop
      vertex 1.97847 2.5784 4.5
      vertex 2.2981 2.2981 3.77746
      vertex 1.97847 2.5784 3.73537
    endloop
  endfacet
  facet normal 0.659335 0.751849 -0
    outer loop
      vertex 2.2981 2.2981 1.77707
      vertex 1.97847 2.5784 3.68075
      vertex 2.2981 2.2981 3.72298
    endloop
  endfacet
  facet normal 0.65934 0.751845 1.40756e-06
    outer loop
      vertex 2.13571 2.44051 1.7561
      vertex 1.97847 2.5784 3.68075
      vertex 2.2981 2.2981 1.77707
    endloop
  endfacet
  facet normal 0.6593 0.75188 -4.30733e-06
    outer loop
      vertex 2.04475 2.52027 1.74601
      vertex 1.97847 2.5784 3.68075
      vertex 2.13571 2.44051 1.7561
    endloop
  endfacet
  facet normal 0.659371 0.751817 0
    outer loop
      vertex 1.97847 2.5784 3.68075
      vertex 2.04475 2.52027 1.74601
      vertex 1.97847 2.5784 1.7371
    endloop
  endfacet
  facet normal -0.0653897 0.99786 0
    outer loop
      vertex 0 3.25 0
      vertex -0.345796 3.22734 1.43698
      vertex 0 3.25 1.47205
    endloop
  endfacet
  facet normal -0.0653933 0.99786 -8.67916e-07
    outer loop
      vertex -0.42421 3.2222 0
      vertex -0.345796 3.22734 1.43698
      vertex 0 3.25 0
    endloop
  endfacet
  facet normal -0.0654091 0.997859 0
    outer loop
      vertex -0.345796 3.22734 1.43698
      vertex -0.42421 3.2222 0
      vertex -0.42421 3.2222 1.4306
    endloop
  endfacet
  facet normal -0.0653876 0.99786 0
    outer loop
      vertex -0.15337 3.23995 3.51219
      vertex 0 3.25 4.5
      vertex 0 3.25 3.52703
    endloop
  endfacet
  facet normal -0.0653933 0.99786 8.9418e-07
    outer loop
      vertex 0 3.25 4.5
      vertex -0.15337 3.23995 3.51219
      vertex -0.42421 3.2222 4.5
    endloop
  endfacet
  facet normal -0.0654132 0.997858 -4.59595e-06
    outer loop
      vertex -0.271288 3.23222 3.5024
      vertex -0.42421 3.2222 4.5
      vertex -0.15337 3.23995 3.51219
    endloop
  endfacet
  facet normal -0.0653834 0.99786 0
    outer loop
      vertex -0.42421 3.2222 4.5
      vertex -0.271288 3.23222 3.5024
      vertex -0.42421 3.2222 3.48689
    endloop
  endfacet
  facet normal -0.0654629 0.997855 0
    outer loop
      vertex -0.0303337 3.24801 1.52606
      vertex 0 3.25 3.47267
      vertex 0 3.25 1.52852
    endloop
  endfacet
  facet normal -0.0653932 0.99786 -1.09053e-06
    outer loop
      vertex 0 3.25 3.47267
      vertex -0.0303337 3.24801 1.52606
      vertex -0.42421 3.2222 3.42984
    endloop
  endfacet
  facet normal -0.065388 0.99786 0
    outer loop
      vertex -0.42421 3.2222 3.42984
      vertex -0.0303337 3.24801 1.52606
      vertex -0.42421 3.2222 1.48613
    endloop
  endfacet
  facet normal 0.0653561 -0.997862 -0.000172982
    outer loop
      vertex 0.40357 -3.22355 4.48939
      vertex 0.42421 -3.2222 4.5
      vertex 0.277331 -3.23182 4.5
    endloop
  endfacet
  facet normal 0.0652675 -0.997868 0
    outer loop
      vertex 0.42421 -3.2222 4.5
      vertex 0.40357 -3.22355 4.48939
      vertex 0.42421 -3.2222 4.4873
    endloop
  endfacet
  facet normal 0.0653944 -0.997859 1.23926e-05
    outer loop
      vertex 0.42421 -3.2222 0
      vertex 0.343864 -3.22746 0.439024
      vertex 0.226062 -3.23518 0.448741
    endloop
  endfacet
  facet normal 0.0654168 -0.997858 0
    outer loop
      vertex 0 -3.25 0
      vertex 0.226062 -3.23518 0.448741
      vertex 0 -3.25 0.471672
    endloop
  endfacet
  facet normal 0.0653933 -0.99786 1.18919e-05
    outer loop
      vertex 0.42421 -3.2222 0
      vertex 0.226062 -3.23518 0.448741
      vertex 0 -3.25 0
    endloop
  endfacet
  facet normal 0.065327 -0.997864 0
    outer loop
      vertex 0.343864 -3.22746 0.439024
      vertex 0.42421 -3.2222 0
      vertex 0.42421 -3.2222 0.431308
    endloop
  endfacet
  facet normal 0.0653933 -0.99786 0
    outer loop
      vertex 0 -3.25 0.528731
      vertex 0.42421 -3.2222 2.42943
      vertex 0 -3.25 2.47239
    endloop
  endfacet
  facet normal 0.0653933 -0.99786 0
    outer loop
      vertex 0.42421 -3.2222 2.42943
      vertex 0 -3.25 0.528731
      vertex 0.42421 -3.2222 0.485819
    endloop
  endfacet
  facet normal 0.0653933 -0.99786 0
    outer loop
      vertex 0 -3.25 2.52705
      vertex 0.42421 -3.2222 4.43023
      vertex 0 -3.25 4.47287
    endloop
  endfacet
  facet normal 0.0653191 -0.997864 1.66194e-05
    outer loop
      vertex 0.0278044 -3.24818 2.52439
      vertex 0.42421 -3.2222 4.43023
      vertex 0 -3.25 2.52705
    endloop
  endfacet
  facet normal 0.0653831 -0.99786 3.24683e-06
    outer loop
      vertex 0.147457 -3.24034 2.51458
      vertex 0.42421 -3.2222 4.43023
      vertex 0.0278044 -3.24818 2.52439
    endloop
  endfacet
  facet normal 0.0654055 -0.997859 0
    outer loop
      vertex 0.42421 -3.2222 4.43023
      vertex 0.147457 -3.24034 2.51458
      vertex 0.42421 -3.2222 2.4865
    endloop
  endfacet
  facet normal 0.442295 0.896869 -0
    outer loop
      vertex 1.625 2.81458 0
      vertex 1.24372 3.00261 1.59747
      vertex 1.625 2.81458 1.63964
    endloop
  endfacet
  facet normal 0.442295 0.896869 0
    outer loop
      vertex 1.24372 3.00261 1.59747
      vertex 1.625 2.81458 0
      vertex 1.24372 3.00261 0
    endloop
  endfacet
  facet normal 0.442295 0.896869 -0
    outer loop
      vertex 1.625 2.81458 3.69486
      vertex 1.24372 3.00261 4.5
      vertex 1.625 2.81458 4.5
    endloop
  endfacet
  facet normal 0.442295 0.896869 0
    outer loop
      vertex 1.24372 3.00261 4.5
      vertex 1.625 2.81458 3.69486
      vertex 1.24372 3.00261 3.65218
    endloop
  endfacet
  facet normal 0.442279 0.896877 -9.90015e-07
    outer loop
      vertex 1.625 2.81458 1.69418
      vertex 1.46525 2.89336 3.62195
      vertex 1.57591 2.83879 3.63227
    endloop
  endfacet
  facet normal 0.442311 0.896862 -0
    outer loop
      vertex 1.625 2.81458 1.69418
      vertex 1.57591 2.83879 3.63227
      vertex 1.625 2.81458 3.6378
    endloop
  endfacet
  facet normal 0.4423 0.896867 1.15329e-06
    outer loop
      vertex 1.46525 2.89336 3.62195
      vertex 1.625 2.81458 1.69418
      vertex 1.24372 3.00261 3.5979
    endloop
  endfacet
  facet normal 0.442295 0.896869 0
    outer loop
      vertex 1.24372 3.00261 3.5979
      vertex 1.625 2.81458 1.69418
      vertex 1.24372 3.00261 1.65203
    endloop
  endfacet
  facet normal 0 0 -1
    outer loop
      vertex 3.23182 -0.277331 0
      vertex 4 0.119995 0
      vertex 4 -0.119995 0
    endloop
  endfacet
  facet normal 0 0 -1
    outer loop
      vertex 3.23182 -0.277331 0
      vertex 3.23182 0.277331 0
      vertex 4 0.119995 0
    endloop
  endfacet
  facet normal 0 0 -1
    outer loop
      vertex 3.13926 -0.841162 0
      vertex 3.23182 -0.277331 0
      vertex 3.2222 -0.42421 0
    endloop
  endfacet
  facet normal 0 0 -1
    outer loop
      vertex 3.00261 -1.24372 0
      vertex 3.23182 -0.277331 0
      vertex 3.13926 -0.841162 0
    endloop
  endfacet
  facet normal -0 0 -1
    outer loop
      vertex 3.23182 -0.277331 0
      vertex 3.00261 -1.24372 0
      vertex 3.23182 0.277331 0
    endloop
  endfacet
  facet normal 0 0 -1
    outer loop
      vertex 3.23182 0.277331 0
      vertex 3.13926 0.841162 0
      vertex 3.2222 0.42421 0
    endloop
  endfacet
  facet normal 0 0 -1
    outer loop
      vertex 2.81458 -1.625 0
      vertex 3.23182 0.277331 0
      vertex 3.00261 -1.24372 0
    endloop
  endfacet
  facet normal 0 0 -1
    outer loop
      vertex 3.23182 0.277331 0
      vertex 3.00261 1.24372 0
      vertex 3.13926 0.841162 0
    endloop
  endfacet
  facet normal -0 0 -1
    outer loop
      vertex 3.23182 0.277331 0
      vertex 2.81458 -1.625 0
      vertex 3.00261 1.24372 0
    endloop
  endfacet
  facet normal 0 0 -1
    outer loop
      vertex 2.81458 -1.625 0
      vertex 2.81458 1.625 0
      vertex 3.00261 1.24372 0
    endloop
  endfacet
  facet normal 0 0 -1
    outer loop
      vertex 2.5784 -1.97847 0
      vertex 2.81458 1.625 0
      vertex 2.81458 -1.625 0
    endloop
  endfacet
  facet normal 0 0 -1
    outer loop
      vertex 2.5784 -1.97847 0
      vertex 2.5784 1.97847 0
      vertex 2.81458 1.625 0
    endloop
  endfacet
  facet normal 0 0 -1
    outer loop
      vertex 2.2981 -2.2981 0
      vertex 2.5784 1.97847 0
      vertex 2.5784 -1.97847 0
    endloop
  endfacet
  facet normal 0 0 -1
    outer loop
      vertex 2.2981 -2.2981 0
      vertex 2.2981 2.2981 0
      vertex 2.5784 1.97847 0
    endloop
  endfacet
  facet normal 0 0 -1
    outer loop
      vertex 1.97847 -2.5784 0
      vertex 2.2981 2.2981 0
      vertex 2.2981 -2.2981 0
    endloop
  endfacet
  facet normal 0 0 -1
    outer loop
      vertex 1.97847 -2.5784 0
      vertex 1.97847 2.5784 0
      vertex 2.2981 2.2981 0
    endloop
  endfacet
  facet normal 0 0 -1
    outer loop
      vertex 1.625 -2.81458 0
      vertex 1.97847 2.5784 0
      vertex 1.97847 -2.5784 0
    endloop
  endfacet
  facet normal 0 0 -1
    outer loop
      vertex 1.625 -2.81458 0
      vertex 1.625 2.81458 0
      vertex 1.97847 2.5784 0
    endloop
  endfacet
  facet normal 0 0 -1
    outer loop
      vertex 1.24372 -3.00261 0
      vertex 1.625 2.81458 0
      vertex 1.625 -2.81458 0
    endloop
  endfacet
  facet normal 0 0 -1
    outer loop
      vertex 1.24372 -3.00261 0
      vertex 1.24372 3.00261 0
      vertex 1.625 2.81458 0
    endloop
  endfacet
  facet normal 0 0 -1
    outer loop
      vertex 0.841162 -3.13926 0
      vertex 1.24372 3.00261 0
      vertex 1.24372 -3.00261 0
    endloop
  endfacet
  facet normal 0 0 -1
    outer loop
      vertex 0.841162 -3.13926 0
      vertex 0.841162 3.13926 0
      vertex 1.24372 3.00261 0
    endloop
  endfacet
  facet normal 0 0 -1
    outer loop
      vertex 0.42421 -3.2222 0
      vertex 0.841162 3.13926 0
      vertex 0.841162 -3.13926 0
    endloop
  endfacet
  facet normal 0 0 -1
    outer loop
      vertex 0.42421 -3.2222 0
      vertex 0.42421 3.2222 0
      vertex 0.841162 3.13926 0
    endloop
  endfacet
  facet normal 0 0 -1
    outer loop
      vertex 0 -3.25 0
      vertex 0.42421 3.2222 0
      vertex 0.42421 -3.2222 0
    endloop
  endfacet
  facet normal 0 0 -1
    outer loop
      vertex 0 -3.25 0
      vertex 0 3.25 0
      vertex 0.42421 3.2222 0
    endloop
  endfacet
  facet normal 0 0 -1
    outer loop
      vertex -0.42421 -3.2222 0
      vertex 0 3.25 0
      vertex 0 -3.25 0
    endloop
  endfacet
  facet normal 0 0 -1
    outer loop
      vertex -0.42421 -3.2222 0
      vertex -0.42421 3.2222 0
      vertex 0 3.25 0
    endloop
  endfacet
  facet normal 0 0 -1
    outer loop
      vertex -0.841162 -3.13926 0
      vertex -0.42421 3.2222 0
      vertex -0.42421 -3.2222 0
    endloop
  endfacet
  facet normal 0 0 -1
    outer loop
      vertex -0.841162 -3.13926 0
      vertex -0.841162 3.13926 0
      vertex -0.42421 3.2222 0
    endloop
  endfacet
  facet normal 0 0 -1
    outer loop
      vertex -1.24372 -3.00261 0
      vertex -0.841162 3.13926 0
      vertex -0.841162 -3.13926 0
    endloop
  endfacet
  facet normal 0 0 -1
    outer loop
      vertex -1.24372 -3.00261 0
      vertex -1.24372 3.00261 0
      vertex -0.841162 3.13926 0
    endloop
  endfacet
  facet normal 0 0 -1
    outer loop
      vertex -1.625 -2.81458 0
      vertex -1.24372 3.00261 0
      vertex -1.24372 -3.00261 0
    endloop
  endfacet
  facet normal 0 0 -1
    outer loop
      vertex -1.625 -2.81458 0
      vertex -1.625 2.81458 0
      vertex -1.24372 3.00261 0
    endloop
  endfacet
  facet normal 0 0 -1
    outer loop
      vertex -1.97847 -2.5784 0
      vertex -1.625 2.81458 0
      vertex -1.625 -2.81458 0
    endloop
  endfacet
  facet normal 0 0 -1
    outer loop
      vertex -1.97847 -2.5784 0
      vertex -1.97847 2.5784 0
      vertex -1.625 2.81458 0
    endloop
  endfacet
  facet normal 0 0 -1
    outer loop
      vertex -2.2981 -2.2981 0
      vertex -1.97847 2.5784 0
      vertex -1.97847 -2.5784 0
    endloop
  endfacet
  facet normal 0 0 -1
    outer loop
      vertex -2.2981 -2.2981 0
      vertex -2.2981 2.2981 0
      vertex -1.97847 2.5784 0
    endloop
  endfacet
  facet normal 0 0 -1
    outer loop
      vertex -2.5784 -1.97847 0
      vertex -2.2981 2.2981 0
      vertex -2.2981 -2.2981 0
    endloop
  endfacet
  facet normal 0 0 -1
    outer loop
      vertex -2.5784 -1.97847 0
      vertex -2.5784 1.97847 0
      vertex -2.2981 2.2981 0
    endloop
  endfacet
  facet normal 0 0 -1
    outer loop
      vertex -2.81458 -1.625 0
      vertex -2.5784 1.97847 0
      vertex -2.5784 -1.97847 0
    endloop
  endfacet
  facet normal 0 0 -1
    outer loop
      vertex -2.81458 -1.625 0
      vertex -2.81458 1.625 0
      vertex -2.5784 1.97847 0
    endloop
  endfacet
  facet normal 0 0 -1
    outer loop
      vertex -3.00261 -1.24372 0
      vertex -2.81458 1.625 0
      vertex -2.81458 -1.625 0
    endloop
  endfacet
  facet normal 0 0 -1
    outer loop
      vertex -3.00261 -1.24372 0
      vertex -3.00261 1.24372 0
      vertex -2.81458 1.625 0
    endloop
  endfacet
  facet normal 0 0 -1
    outer loop
      vertex -3.13926 -0.841162 0
      vertex -3.00261 1.24372 0
      vertex -3.00261 -1.24372 0
    endloop
  endfacet
  facet normal 0 0 -1
    outer loop
      vertex -3.13926 -0.841162 0
      vertex -3.13926 0.841162 0
      vertex -3.00261 1.24372 0
    endloop
  endfacet
  facet normal 0 0 -1
    outer loop
      vertex -3.2222 -0.42421 0
      vertex -3.13926 0.841162 0
      vertex -3.13926 -0.841162 0
    endloop
  endfacet
  facet normal 0 0 -1
    outer loop
      vertex -3.2222 -0.42421 0
      vertex -3.2222 0.42421 0
      vertex -3.13926 0.841162 0
    endloop
  endfacet
  facet normal 0 -0 -1
    outer loop
      vertex -3.2222 0.42421 0
      vertex -3.2222 -0.42421 0
      vertex -3.25 0 0
    endloop
  endfacet
  facet normal 0.751843 0.659342 -2.28769e-06
    outer loop
      vertex 2.5784 1.97847 0
      vertex 2.2981 2.2981 1.72278
      vertex 2.52199 2.0428 1.7561
    endloop
  endfacet
  facet normal 0.751874 0.659307 -0
    outer loop
      vertex 2.5784 1.97847 0
      vertex 2.52199 2.0428 1.7561
      vertex 2.5784 1.97847 1.76331
    endloop
  endfacet
  facet normal 0.751849 0.659335 0
    outer loop
      vertex 2.2981 2.2981 1.72278
      vertex 2.5784 1.97847 0
      vertex 2.2981 2.2981 0
    endloop
  endfacet
  facet normal 0.751849 0.659335 -0
    outer loop
      vertex 2.5784 1.97847 3.82036
      vertex 2.2981 2.2981 4.5
      vertex 2.5784 1.97847 4.5
    endloop
  endfacet
  facet normal 0.751849 0.659335 0
    outer loop
      vertex 2.2981 2.2981 4.5
      vertex 2.5784 1.97847 3.82036
      vertex 2.2981 2.2981 3.77746
    endloop
  endfacet
  facet normal 0.751901 0.659276 1.76841e-05
    outer loop
      vertex 2.5784 1.97847 1.81958
      vertex 2.2981 2.2981 3.72298
      vertex 2.3581 2.22967 3.73171
    endloop
  endfacet
  facet normal 0.75183 0.659357 -1.21593e-06
    outer loop
      vertex 2.5784 1.97847 1.81958
      vertex 2.3581 2.22967 3.73171
      vertex 2.43582 2.14105 3.74142
    endloop
  endfacet
  facet normal 0.751837 0.659349 -0
    outer loop
      vertex 2.5784 1.97847 1.81958
      vertex 2.43582 2.14105 3.74142
      vertex 2.5784 1.97847 3.76331
    endloop
  endfacet
  facet normal 0.751849 0.659335 0
    outer loop
      vertex 2.2981 2.2981 3.72298
      vertex 2.5784 1.97847 1.81958
      vertex 2.2981 2.2981 1.77707
    endloop
  endfacet
  facet normal 0.980784 -0.195097 0
    outer loop
      vertex 3.13926 -0.841162 0
      vertex 3.2222 -0.42421 0.0126966
      vertex 3.13926 -0.841162 0.0556701
    endloop
  endfacet
  facet normal 0.980784 -0.195097 0
    outer loop
      vertex 3.2222 -0.42421 0.0126966
      vertex 3.13926 -0.841162 0
      vertex 3.2222 -0.42421 0
    endloop
  endfacet
  facet normal 0.980784 -0.195097 0
    outer loop
      vertex 3.13926 -0.841162 4.11089
      vertex 3.2222 -0.42421 4.5
      vertex 3.13926 -0.841162 4.5
    endloop
  endfacet
  facet normal 0.980784 -0.195097 0
    outer loop
      vertex 3.2222 -0.42421 4.5
      vertex 3.13926 -0.841162 4.11089
      vertex 3.2222 -0.42421 4.06869
    endloop
  endfacet
  facet normal 0.980783 -0.195099 0
    outer loop
      vertex 3.2222 -0.42421 2.0135
      vertex 3.16419 -0.715832 0.0998676
      vertex 3.2222 -0.42421 0.0697686
    endloop
  endfacet
  facet normal 0.980788 -0.195079 -3.1959e-06
    outer loop
      vertex 3.2222 -0.42421 2.0135
      vertex 3.14057 -0.834585 0.109756
      vertex 3.16419 -0.715832 0.0998676
    endloop
  endfacet
  facet normal 0.980784 -0.195097 8.59237e-07
    outer loop
      vertex 3.13926 -0.841162 2.05617
      vertex 3.14057 -0.834585 0.109756
      vertex 3.2222 -0.42421 2.0135
    endloop
  endfacet
  facet normal 0.980735 -0.195342 0
    outer loop
      vertex 3.14057 -0.834585 0.109756
      vertex 3.13926 -0.841162 2.05617
      vertex 3.13926 -0.841162 0.110393
    endloop
  endfacet
  facet normal 0.980775 -0.195142 0
    outer loop
      vertex 3.2222 -0.42421 4.01418
      vertex 3.21372 -0.46683 2.07496
      vertex 3.2222 -0.42421 2.07057
    endloop
  endfacet
  facet normal 0.980785 -0.195094 -1.10962e-06
    outer loop
      vertex 3.2222 -0.42421 4.01418
      vertex 3.18946 -0.588791 2.08537
      vertex 3.21372 -0.46683 2.07496
    endloop
  endfacet
  facet normal 0.980784 -0.195097 0
    outer loop
      vertex 3.13926 -0.841162 2.11044
      vertex 3.2222 -0.42421 4.01418
      vertex 3.13926 -0.841162 4.0563
    endloop
  endfacet
  facet normal 0.980785 -0.195092 -1.31931e-06
    outer loop
      vertex 3.2222 -0.42421 4.01418
      vertex 3.13926 -0.841162 2.11044
      vertex 3.18946 -0.588791 2.08537
    endloop
  endfacet
  facet normal 0.555568 -0.831471 0
    outer loop
      vertex 1.625 -2.81458 4.36179
      vertex 1.97847 -2.5784 4.5
      vertex 1.625 -2.81458 4.5
    endloop
  endfacet
  facet normal 0.555568 -0.831471 0
    outer loop
      vertex 1.97847 -2.5784 4.5
      vertex 1.625 -2.81458 4.36179
      vertex 1.97847 -2.5784 4.31898
    endloop
  endfacet
  facet normal 0.555568 -0.831471 0
    outer loop
      vertex 1.625 -2.81458 0
      vertex 1.97847 -2.5784 0.263688
      vertex 1.625 -2.81458 0.306244
    endloop
  endfacet
  facet normal 0.555568 -0.831471 0
    outer loop
      vertex 1.97847 -2.5784 0.263688
      vertex 1.625 -2.81458 0
      vertex 1.97847 -2.5784 0
    endloop
  endfacet
  facet normal 0.555527 -0.831498 0
    outer loop
      vertex 1.625 -2.81458 0.360523
      vertex 1.6366 -2.80683 2.30488
      vertex 1.625 -2.81458 2.30606
    endloop
  endfacet
  facet normal 0.55557 -0.83147 -3.69368e-07
    outer loop
      vertex 1.6366 -2.80683 2.30488
      vertex 1.625 -2.81458 0.360523
      vertex 1.97847 -2.5784 2.26431
    endloop
  endfacet
  facet normal 0.555561 -0.831476 2.0508e-06
    outer loop
      vertex 1.89028 -2.63733 0.329268
      vertex 1.97847 -2.5784 2.26431
      vertex 1.625 -2.81458 0.360523
    endloop
  endfacet
  facet normal 0.555592 -0.831455 0
    outer loop
      vertex 1.97847 -2.5784 2.26431
      vertex 1.89028 -2.63733 0.329268
      vertex 1.97847 -2.5784 0.320342
    endloop
  endfacet
  facet normal 0.555577 -0.831465 -2.23111e-07
    outer loop
      vertex 1.625 -2.81458 2.36105
      vertex 1.84202 -2.66957 4.28049
      vertex 1.74353 -2.73538 4.29032
    endloop
  endfacet
  facet normal 0.555574 -0.831467 0
    outer loop
      vertex 1.625 -2.81458 2.36105
      vertex 1.74353 -2.73538 4.29032
      vertex 1.625 -2.81458 4.30474
    endloop
  endfacet
  facet normal 0.555558 -0.831478 2.82361e-06
    outer loop
      vertex 1.84202 -2.66957 4.28049
      vertex 1.625 -2.81458 2.36105
      vertex 1.97847 -2.5784 4.26463
    endloop
  endfacet
  facet normal 0.555568 -0.831471 0
    outer loop
      vertex 1.97847 -2.5784 4.26463
      vertex 1.625 -2.81458 2.36105
      vertex 1.97847 -2.5784 2.31869
    endloop
  endfacet
  facet normal -0.99786 0.0653834 0
    outer loop
      vertex -3.2222 0.42421 0
      vertex -3.23222 0.271288 0.997603
      vertex -3.2222 0.42421 1.0131
    endloop
  endfacet
  facet normal -0.997858 0.0654132 4.59588e-06
    outer loop
      vertex -3.2222 0.42421 0
      vertex -3.23995 0.15337 0.987804
      vertex -3.23222 0.271288 0.997603
    endloop
  endfacet
  facet normal -0.99786 0.0653933 -8.94186e-07
    outer loop
      vertex -3.25 0 0
      vertex -3.23995 0.15337 0.987804
      vertex -3.2222 0.42421 0
    endloop
  endfacet
  facet normal -0.99786 0.0653876 0
    outer loop
      vertex -3.23995 0.15337 0.987804
      vertex -3.25 0 0
      vertex -3.25 0 0.972967
    endloop
  endfacet
  facet normal -0.997859 0.0654091 0
    outer loop
      vertex -3.22734 0.345796 3.06302
      vertex -3.2222 0.42421 4.5
      vertex -3.2222 0.42421 3.0694
    endloop
  endfacet
  facet normal -0.99786 0.0653897 0
    outer loop
      vertex -3.25 0 4.5
      vertex -3.22734 0.345796 3.06302
      vertex -3.25 0 3.02795
    endloop
  endfacet
  facet normal -0.99786 0.0653933 8.67916e-07
    outer loop
      vertex -3.22734 0.345796 3.06302
      vertex -3.25 0 4.5
      vertex -3.2222 0.42421 4.5
    endloop
  endfacet
  facet normal -0.99786 0.065388 0
    outer loop
      vertex -3.2222 0.42421 1.07016
      vertex -3.24801 0.0303337 2.97394
      vertex -3.2222 0.42421 3.01387
    endloop
  endfacet
  facet normal -0.99786 0.0653932 1.09053e-06
    outer loop
      vertex -3.25 0 1.02733
      vertex -3.24801 0.0303337 2.97394
      vertex -3.2222 0.42421 1.07016
    endloop
  endfacet
  facet normal -0.997855 0.0654629 0
    outer loop
      vertex -3.24801 0.0303337 2.97394
      vertex -3.25 0 1.02733
      vertex -3.25 0 2.97148
    endloop
  endfacet
  facet normal -0.659335 0.751849 0
    outer loop
      vertex -1.97847 2.5784 3.31879
      vertex -2.2981 2.2981 4.5
      vertex -1.97847 2.5784 4.5
    endloop
  endfacet
  facet normal -0.659335 0.751849 1.71744e-07
    outer loop
      vertex -2.17969 2.40194 3.29268
      vertex -2.2981 2.2981 4.5
      vertex -1.97847 2.5784 3.31879
    endloop
  endfacet
  facet normal -0.659334 0.75185 2.75105e-07
    outer loop
      vertex -2.27396 2.31927 3.28218
      vertex -2.2981 2.2981 4.5
      vertex -2.17969 2.40194 3.29268
    endloop
  endfacet
  facet normal -0.659342 0.751843 0
    outer loop
      vertex -2.2981 2.2981 4.5
      vertex -2.27396 2.31927 3.28218
      vertex -2.2981 2.2981 3.27894
    endloop
  endfacet
  facet normal -0.659335 0.751849 0
    outer loop
      vertex -1.97847 2.5784 0
      vertex -2.2981 2.2981 1.22106
      vertex -1.97847 2.5784 1.26403
    endloop
  endfacet
  facet normal -0.659335 0.751849 0
    outer loop
      vertex -2.2981 2.2981 1.22106
      vertex -1.97847 2.5784 0
      vertex -2.2981 2.2981 0
    endloop
  endfacet
  facet normal -0.659335 0.751849 0
    outer loop
      vertex -1.97847 2.5784 1.31872
      vertex -2.2981 2.2981 3.22187
      vertex -1.97847 2.5784 3.26452
    endloop
  endfacet
  facet normal -0.659043 0.752105 8.68774e-05
    outer loop
      vertex -1.99148 2.567 1.31707
      vertex -2.2981 2.2981 3.22187
      vertex -1.97847 2.5784 1.31872
    endloop
  endfacet
  facet normal -0.659397 0.751795 -1.38889e-05
    outer loop
      vertex -2.08204 2.48757 1.30722
      vertex -2.2981 2.2981 3.22187
      vertex -1.99148 2.567 1.31707
    endloop
  endfacet
  facet normal -0.659327 0.751856 0
    outer loop
      vertex -2.2981 2.2981 3.22187
      vertex -2.08204 2.48757 1.30722
      vertex -2.2981 2.2981 1.27813
    endloop
  endfacet
  facet normal -0.659335 -0.751849 0
    outer loop
      vertex -2.2981 -2.2981 0
      vertex -1.97847 -2.5784 0.679636
      vertex -2.2981 -2.2981 0.722537
    endloop
  endfacet
  facet normal -0.659335 -0.751849 -0
    outer loop
      vertex -1.97847 -2.5784 0.679636
      vertex -2.2981 -2.2981 0
      vertex -1.97847 -2.5784 0
    endloop
  endfacet
  facet normal -0.659335 -0.751849 0
    outer loop
      vertex -2.2981 -2.2981 2.77722
      vertex -1.97847 -2.5784 4.5
      vertex -2.2981 -2.2981 4.5
    endloop
  endfacet
  facet normal -0.659342 -0.751843 2.28769e-06
    outer loop
      vertex -2.0428 -2.52199 2.7439
      vertex -1.97847 -2.5784 4.5
      vertex -2.2981 -2.2981 2.77722
    endloop
  endfacet
  facet normal -0.659307 -0.751874 -0
    outer loop
      vertex -1.97847 -2.5784 4.5
      vertex -2.0428 -2.52199 2.7439
      vertex -1.97847 -2.5784 2.73669
    endloop
  endfacet
  facet normal -0.659335 -0.751849 0
    outer loop
      vertex -2.2981 -2.2981 0.777023
      vertex -1.97847 -2.5784 2.68041
      vertex -2.2981 -2.2981 2.72293
    endloop
  endfacet
  facet normal -0.659276 -0.751901 -1.76842e-05
    outer loop
      vertex -2.22967 -2.3581 0.768292
      vertex -1.97847 -2.5784 2.68041
      vertex -2.2981 -2.2981 0.777023
    endloop
  endfacet
  facet normal -0.659357 -0.75183 1.21593e-06
    outer loop
      vertex -2.14105 -2.43582 0.75858
      vertex -1.97847 -2.5784 2.68041
      vertex -2.22967 -2.3581 0.768292
    endloop
  endfacet
  facet normal -0.659349 -0.751837 -0
    outer loop
      vertex -1.97847 -2.5784 2.68041
      vertex -2.14105 -2.43582 0.75858
      vertex -1.97847 -2.5784 0.736694
    endloop
  endfacet
  facet normal 0.831471 -0.555568 0
    outer loop
      vertex 2.5784 -1.97847 4.23631
      vertex 2.81458 -1.625 4.5
      vertex 2.5784 -1.97847 4.5
    endloop
  endfacet
  facet normal 0.831471 -0.555568 0
    outer loop
      vertex 2.81458 -1.625 4.5
      vertex 2.5784 -1.97847 4.23631
      vertex 2.81458 -1.625 4.19376
    endloop
  endfacet
  facet normal 0.831471 -0.555568 0
    outer loop
      vertex 2.5784 -1.97847 0
      vertex 2.81458 -1.625 0.138206
      vertex 2.5784 -1.97847 0.18102
    endloop
  endfacet
  facet normal 0.831471 -0.555568 0
    outer loop
      vertex 2.81458 -1.625 0.138206
      vertex 2.5784 -1.97847 0
      vertex 2.81458 -1.625 0
    endloop
  endfacet
  facet normal 0.831467 -0.555574 0
    outer loop
      vertex 2.81458 -1.625 2.13895
      vertex 2.73538 -1.74353 0.20968
      vertex 2.81458 -1.625 0.195262
    endloop
  endfacet
  facet normal 0.831465 -0.555577 2.23111e-07
    outer loop
      vertex 2.81458 -1.625 2.13895
      vertex 2.66957 -1.84202 0.219512
      vertex 2.73538 -1.74353 0.20968
    endloop
  endfacet
  facet normal 0.831471 -0.555568 0
    outer loop
      vertex 2.5784 -1.97847 0.23537
      vertex 2.81458 -1.625 2.13895
      vertex 2.5784 -1.97847 2.1813
    endloop
  endfacet
  facet normal 0.831478 -0.555558 -2.82362e-06
    outer loop
      vertex 2.81458 -1.625 2.13895
      vertex 2.5784 -1.97847 0.23537
      vertex 2.66957 -1.84202 0.219512
    endloop
  endfacet
  facet normal 0.831498 -0.555527 0
    outer loop
      vertex 2.81458 -1.625 4.13948
      vertex 2.80683 -1.6366 2.19512
      vertex 2.81458 -1.625 2.19394
    endloop
  endfacet
  facet normal 0.831476 -0.555561 -2.0508e-06
    outer loop
      vertex 2.5784 -1.97847 2.23569
      vertex 2.81458 -1.625 4.13948
      vertex 2.63733 -1.89028 4.17073
    endloop
  endfacet
  facet normal 0.831455 -0.555592 0
    outer loop
      vertex 2.5784 -1.97847 2.23569
      vertex 2.63733 -1.89028 4.17073
      vertex 2.5784 -1.97847 4.17966
    endloop
  endfacet
  facet normal 0.83147 -0.55557 3.69368e-07
    outer loop
      vertex 2.81458 -1.625 4.13948
      vertex 2.5784 -1.97847 2.23569
      vertex 2.80683 -1.6366 2.19512
    endloop
  endfacet
  facet normal -0.195069 -0.98079 0
    outer loop
      vertex -0.841162 -3.13926 0
      vertex -0.767302 -3.15395 0.54878
      vertex -0.841162 -3.13926 0.555133
    endloop
  endfacet
  facet normal -0.195097 -0.980784 3.95854e-06
    outer loop
      vertex -0.42421 -3.2222 0
      vertex -0.767302 -3.15395 0.54878
      vertex -0.841162 -3.13926 0
    endloop
  endfacet
  facet normal -0.195103 -0.980783 0
    outer loop
      vertex -0.767302 -3.15395 0.54878
      vertex -0.42421 -3.2222 0
      vertex -0.42421 -3.2222 0.514427
    endloop
  endfacet
  facet normal -0.195097 -0.980784 0
    outer loop
      vertex -0.841162 -3.13926 2.612
      vertex -0.42421 -3.2222 4.5
      vertex -0.841162 -3.13926 4.5
    endloop
  endfacet
  facet normal -0.195097 -0.980784 -0
    outer loop
      vertex -0.42421 -3.2222 4.5
      vertex -0.841162 -3.13926 2.612
      vertex -0.42421 -3.2222 2.56911
    endloop
  endfacet
  facet normal -0.195147 -0.980774 8.51765e-06
    outer loop
      vertex -0.841162 -3.13926 0.611221
      vertex -0.523748 -3.2024 2.52439
      vertex -0.639241 -3.17942 2.5341
    endloop
  endfacet
  facet normal -0.195069 -0.98079 0
    outer loop
      vertex -0.841162 -3.13926 0.611221
      vertex -0.639241 -3.17942 2.5341
      vertex -0.841162 -3.13926 2.55494
    endloop
  endfacet
  facet normal -0.195097 -0.980784 -1.62782e-07
    outer loop
      vertex -0.523748 -3.2024 2.52439
      vertex -0.841162 -3.13926 0.611221
      vertex -0.42421 -3.2222 2.51464
    endloop
  endfacet
  facet normal -0.195097 -0.980784 -0
    outer loop
      vertex -0.42421 -3.2222 2.51464
      vertex -0.841162 -3.13926 0.611221
      vertex -0.42421 -3.2222 0.568728
    endloop
  endfacet
  facet normal 0.751839 -0.659347 0
    outer loop
      vertex 2.5784 -1.97847 4.5
      vertex 2.35634 -2.23168 4.2704
      vertex 2.5784 -1.97847 4.23631
    endloop
  endfacet
  facet normal 0.751849 -0.659335 -2.33053e-05
    outer loop
      vertex 2.2981 -2.2981 4.5
      vertex 2.35634 -2.23168 4.2704
      vertex 2.5784 -1.97847 4.5
    endloop
  endfacet
  facet normal 0.751889 -0.65929 0
    outer loop
      vertex 2.35634 -2.23168 4.2704
      vertex 2.2981 -2.2981 4.5
      vertex 2.2981 -2.2981 4.27758
    endloop
  endfacet
  facet normal 0.75185 -0.659334 -2.95191e-06
    outer loop
      vertex 2.2981 -2.2981 0
      vertex 2.5784 -1.97847 0.18102
      vertex 2.32077 -2.27225 0.219512
    endloop
  endfacet
  facet normal 0.751838 -0.659348 0
    outer loop
      vertex 2.2981 -2.2981 0
      vertex 2.32077 -2.27225 0.219512
      vertex 2.2981 -2.2981 0.222421
    endloop
  endfacet
  facet normal 0.751849 -0.659335 0
    outer loop
      vertex 2.5784 -1.97847 0.18102
      vertex 2.2981 -2.2981 0
      vertex 2.5784 -1.97847 0
    endloop
  endfacet
  facet normal 0.751863 -0.65932 -4.56858e-06
    outer loop
      vertex 2.2981 -2.2981 0.277772
      vertex 2.5784 -1.97847 2.1813
      vertex 2.48393 -2.0862 2.19512
    endloop
  endfacet
  facet normal 0.751841 -0.659344 2.56001e-07
    outer loop
      vertex 2.2981 -2.2981 0.277772
      vertex 2.48393 -2.0862 2.19512
      vertex 2.40616 -2.17488 2.20489
    endloop
  endfacet
  facet normal 0.751843 -0.659342 0
    outer loop
      vertex 2.2981 -2.2981 0.277772
      vertex 2.40616 -2.17488 2.20489
      vertex 2.2981 -2.2981 2.22147
    endloop
  endfacet
  facet normal 0.751849 -0.659335 0
    outer loop
      vertex 2.5784 -1.97847 2.1813
      vertex 2.2981 -2.2981 0.277772
      vertex 2.5784 -1.97847 0.23537
    endloop
  endfacet
  facet normal 0.751806 -0.659385 1.47245e-05
    outer loop
      vertex 2.2981 -2.2981 2.27853
      vertex 2.5784 -1.97847 4.17966
      vertex 2.56463 -1.99417 4.18134
    endloop
  endfacet
  facet normal 0.751851 -0.659333 0
    outer loop
      vertex 2.2981 -2.2981 2.27853
      vertex 2.56463 -1.99417 4.18134
      vertex 2.2981 -2.2981 4.22223
    endloop
  endfacet
  facet normal 0.751849 -0.659335 0
    outer loop
      vertex 2.5784 -1.97847 4.17966
      vertex 2.2981 -2.2981 2.27853
      vertex 2.5784 -1.97847 2.23569
    endloop
  endfacet
  facet normal -0.980784 0.195097 0
    outer loop
      vertex -3.2222 0.42421 1.0131
      vertex -3.13926 0.841162 0
      vertex -3.2222 0.42421 0
    endloop
  endfacet
  facet normal -0.980784 0.195097 0
    outer loop
      vertex -3.13926 0.841162 0
      vertex -3.2222 0.42421 1.0131
      vertex -3.13926 0.841162 1.05596
    endloop
  endfacet
  facet normal -0.980788 0.195078 -6.16721e-06
    outer loop
      vertex -3.2222 0.42421 4.5
      vertex -3.13926 0.841162 3.11063
      vertex -3.21349 0.467956 3.07317
    endloop
  endfacet
  facet normal -0.980749 0.195271 0
    outer loop
      vertex -3.2222 0.42421 4.5
      vertex -3.21349 0.467956 3.07317
      vertex -3.2222 0.42421 3.0694
    endloop
  endfacet
  facet normal -0.980784 0.195097 0
    outer loop
      vertex -3.13926 0.841162 3.11063
      vertex -3.2222 0.42421 4.5
      vertex -3.13926 0.841162 4.5
    endloop
  endfacet
  facet normal -0.980782 0.195105 1.85704e-06
    outer loop
      vertex -3.2222 0.42421 3.01387
      vertex -3.13926 0.841162 1.11036
      vertex -3.16518 0.710864 1.09756
    endloop
  endfacet
  facet normal -0.980788 0.195075 -2.92152e-06
    outer loop
      vertex -3.2222 0.42421 3.01387
      vertex -3.16518 0.710864 1.09756
      vertex -3.18816 0.595326 1.08781
    endloop
  endfacet
  facet normal -0.980782 0.195106 0
    outer loop
      vertex -3.2222 0.42421 3.01387
      vertex -3.18816 0.595326 1.08781
      vertex -3.2222 0.42421 1.07016
    endloop
  endfacet
  facet normal -0.980784 0.195097 0
    outer loop
      vertex -3.13926 0.841162 1.11036
      vertex -3.2222 0.42421 3.01387
      vertex -3.13926 0.841162 3.05629
    endloop
  endfacet
  facet normal 0.94693 -0.321439 0
    outer loop
      vertex 3.00261 -1.24372 4.15383
      vertex 3.13926 -0.841162 4.5
      vertex 3.00261 -1.24372 4.5
    endloop
  endfacet
  facet normal 0.94693 -0.321439 0
    outer loop
      vertex 3.13926 -0.841162 4.5
      vertex 3.00261 -1.24372 4.15383
      vertex 3.13926 -0.841162 4.11089
    endloop
  endfacet
  facet normal 0.94693 -0.321439 0
    outer loop
      vertex 3.00261 -1.24372 0
      vertex 3.13926 -0.841162 0.0556701
      vertex 3.00261 -1.24372 0.0979752
    endloop
  endfacet
  facet normal 0.94693 -0.321439 0
    outer loop
      vertex 3.13926 -0.841162 0.0556701
      vertex 3.00261 -1.24372 0
      vertex 3.13926 -0.841162 0
    endloop
  endfacet
  facet normal 0.94693 -0.321441 3.86437e-07
    outer loop
      vertex 3.00261 -1.24372 0.152395
      vertex 3.13926 -0.841162 2.05617
      vertex 3.04331 -1.12382 2.08537
    endloop
  endfacet
  facet normal 0.946931 -0.321435 0
    outer loop
      vertex 3.00261 -1.24372 0.152395
      vertex 3.04331 -1.12382 2.08537
      vertex 3.00261 -1.24372 2.096
    endloop
  endfacet
  facet normal 0.94693 -0.321439 0
    outer loop
      vertex 3.13926 -0.841162 2.05617
      vertex 3.00261 -1.24372 0.152395
      vertex 3.13926 -0.841162 0.110393
    endloop
  endfacet
  facet normal 0.946927 -0.321449 2.23115e-06
    outer loop
      vertex 3.00261 -1.24372 2.15304
      vertex 3.13926 -0.841162 4.0563
      vertex 3.12352 -0.887529 4.06098
    endloop
  endfacet
  facet normal 0.946922 -0.321464 5.44079e-06
    outer loop
      vertex 3.00261 -1.24372 2.15304
      vertex 3.12352 -0.887529 4.06098
      vertex 3.08527 -1.0002 4.07074
    endloop
  endfacet
  facet normal 0.946935 -0.321426 0
    outer loop
      vertex 3.00261 -1.24372 2.15304
      vertex 3.08527 -1.0002 4.07074
      vertex 3.00261 -1.24372 4.09677
    endloop
  endfacet
  facet normal 0.94693 -0.321439 0
    outer loop
      vertex 3.13926 -0.841162 4.0563
      vertex 3.00261 -1.24372 2.15304
      vertex 3.13926 -0.841162 2.11044
    endloop
  endfacet
  facet normal 0.55552 0.831503 -9.81923e-06
    outer loop
      vertex 1.97847 2.5784 0
      vertex 1.68321 2.77568 1.64634
      vertex 1.78158 2.70996 1.65607
    endloop
  endfacet
  facet normal 0.555577 0.831465 -0
    outer loop
      vertex 1.97847 2.5784 0
      vertex 1.78158 2.70996 1.65607
      vertex 1.97847 2.5784 1.68004
    endloop
  endfacet
  facet normal 0.555568 0.831471 2.77932e-06
    outer loop
      vertex 1.68321 2.77568 1.64634
      vertex 1.97847 2.5784 0
      vertex 1.625 2.81458 0
    endloop
  endfacet
  facet normal 0.555623 0.831434 0
    outer loop
      vertex 1.68321 2.77568 1.64634
      vertex 1.625 2.81458 0
      vertex 1.625 2.81458 1.63964
    endloop
  endfacet
  facet normal 0.555541 0.831489 0
    outer loop
      vertex 1.94653 2.59974 3.73171
      vertex 1.97847 2.5784 4.5
      vertex 1.97847 2.5784 3.73537
    endloop
  endfacet
  facet normal 0.555608 0.831444 -4.05375e-06
    outer loop
      vertex 1.84724 2.66609 3.72192
      vertex 1.97847 2.5784 4.5
      vertex 1.94653 2.59974 3.73171
    endloop
  endfacet
  facet normal 0.555568 0.831471 5.69243e-06
    outer loop
      vertex 1.97847 2.5784 4.5
      vertex 1.84724 2.66609 3.72192
      vertex 1.625 2.81458 4.5
    endloop
  endfacet
  facet normal 0.555555 0.83148 0
    outer loop
      vertex 1.625 2.81458 4.5
      vertex 1.84724 2.66609 3.72192
      vertex 1.625 2.81458 3.69486
    endloop
  endfacet
  facet normal 0.555568 0.831471 -0
    outer loop
      vertex 1.97847 2.5784 1.7371
      vertex 1.625 2.81458 3.6378
      vertex 1.97847 2.5784 3.68075
    endloop
  endfacet
  facet normal 0.555568 0.831471 0
    outer loop
      vertex 1.625 2.81458 3.6378
      vertex 1.97847 2.5784 1.7371
      vertex 1.625 2.81458 1.69418
    endloop
  endfacet
  facet normal -0.321437 -0.946931 0
    outer loop
      vertex -1.24372 -3.00261 0
      vertex -0.888087 -3.12333 0.559141
      vertex -1.24372 -3.00261 0.597141
    endloop
  endfacet
  facet normal -0.321439 -0.94693 1.88341e-06
    outer loop
      vertex -0.841162 -3.13926 0
      vertex -0.888087 -3.12333 0.559141
      vertex -1.24372 -3.00261 0
    endloop
  endfacet
  facet normal -0.32146 -0.946923 0
    outer loop
      vertex -0.888087 -3.12333 0.559141
      vertex -0.841162 -3.13926 0
      vertex -0.841162 -3.13926 0.555133
    endloop
  endfacet
  facet normal -0.321431 -0.946933 0
    outer loop
      vertex -1.06864 -3.06204 2.63415
      vertex -1.24372 -3.00261 4.5
      vertex -1.24372 -3.00261 2.65205
    endloop
  endfacet
  facet normal -0.321439 -0.94693 -8.3214e-07
    outer loop
      vertex -1.24372 -3.00261 4.5
      vertex -1.06864 -3.06204 2.63415
      vertex -0.841162 -3.13926 4.5
    endloop
  endfacet
  facet normal -0.321441 -0.94693 -6.30483e-07
    outer loop
      vertex -0.955724 -3.10037 2.62423
      vertex -0.841162 -3.13926 4.5
      vertex -1.06864 -3.06204 2.63415
    endloop
  endfacet
  facet normal -0.32145 -0.946927 -0
    outer loop
      vertex -0.841162 -3.13926 4.5
      vertex -0.955724 -3.10037 2.62423
      vertex -0.841162 -3.13926 2.612
    endloop
  endfacet
  facet normal -0.321439 -0.94693 0
    outer loop
      vertex -1.24372 -3.00261 0.653043
      vertex -0.841162 -3.13926 2.55494
      vertex -1.24372 -3.00261 2.59772
    endloop
  endfacet
  facet normal -0.321344 -0.946963 -2.25055e-05
    outer loop
      vertex -1.18767 -3.02163 0.64825
      vertex -0.841162 -3.13926 2.55494
      vertex -1.24372 -3.00261 0.653043
    endloop
  endfacet
  facet normal -0.321455 -0.946925 -0
    outer loop
      vertex -0.841162 -3.13926 2.55494
      vertex -1.18767 -3.02163 0.64825
      vertex -0.841162 -3.13926 0.611221
    endloop
  endfacet
  facet normal 0.321439 0.94693 -0
    outer loop
      vertex 1.24372 3.00261 0
      vertex 0.841162 3.13926 1.55453
      vertex 1.24372 3.00261 1.59747
    endloop
  endfacet
  facet normal 0.321439 0.94693 0
    outer loop
      vertex 0.841162 3.13926 1.55453
      vertex 1.24372 3.00261 0
      vertex 0.841162 3.13926 0
    endloop
  endfacet
  facet normal 0.321429 0.946934 0
    outer loop
      vertex 0.951328 3.10186 3.62195
      vertex 1.24372 3.00261 4.5
      vertex 1.24372 3.00261 3.65218
    endloop
  endfacet
  facet normal 0.321439 0.94693 -3.9791e-06
    outer loop
      vertex 1.24372 3.00261 4.5
      vertex 0.951328 3.10186 3.62195
      vertex 0.841162 3.13926 4.5
    endloop
  endfacet
  facet normal 0.321468 0.94692 0
    outer loop
      vertex 0.841162 3.13926 4.5
      vertex 0.951328 3.10186 3.62195
      vertex 0.841162 3.13926 3.61217
    endloop
  endfacet
  facet normal 0.321439 0.94693 -0
    outer loop
      vertex 1.24372 3.00261 1.65203
      vertex 0.841162 3.13926 3.55532
      vertex 1.24372 3.00261 3.5979
    endloop
  endfacet
  facet normal 0.321368 0.946954 -1.68778e-05
    outer loop
      vertex 1.18738 3.02173 1.64634
      vertex 0.841162 3.13926 3.55532
      vertex 1.24372 3.00261 1.65203
    endloop
  endfacet
  facet normal 0.321484 0.946915 6.51384e-06
    outer loop
      vertex 1.07507 3.05986 1.6366
      vertex 0.841162 3.13926 3.55532
      vertex 1.18738 3.02173 1.64634
    endloop
  endfacet
  facet normal 0.321436 0.946931 0
    outer loop
      vertex 0.841162 3.13926 3.55532
      vertex 1.07507 3.05986 1.6366
      vertex 0.841162 3.13926 1.6116
    endloop
  endfacet
  facet normal -0.751849 0.659335 0
    outer loop
      vertex -2.5784 1.97847 4.5
      vertex -2.2981 2.2981 3.27894
      vertex -2.5784 1.97847 3.23597
    endloop
  endfacet
  facet normal -0.751849 0.659335 0
    outer loop
      vertex -2.2981 2.2981 3.27894
      vertex -2.5784 1.97847 4.5
      vertex -2.2981 2.2981 4.5
    endloop
  endfacet
  facet normal -0.751843 0.659342 0
    outer loop
      vertex -2.2981 2.2981 0
      vertex -2.31927 2.27396 1.21782
      vertex -2.2981 2.2981 1.22106
    endloop
  endfacet
  facet normal -0.75185 0.659334 -2.75105e-07
    outer loop
      vertex -2.2981 2.2981 0
      vertex -2.40194 2.17969 1.20732
      vertex -2.31927 2.27396 1.21782
    endloop
  endfacet
  facet normal -0.751849 0.659335 0
    outer loop
      vertex -2.5784 1.97847 1.18121
      vertex -2.2981 2.2981 0
      vertex -2.5784 1.97847 0
    endloop
  endfacet
  facet normal -0.751849 0.659335 -1.71744e-07
    outer loop
      vertex -2.2981 2.2981 0
      vertex -2.5784 1.97847 1.18121
      vertex -2.40194 2.17969 1.20732
    endloop
  endfacet
  facet normal -0.751856 0.659327 0
    outer loop
      vertex -2.2981 2.2981 1.27813
      vertex -2.48757 2.08204 3.19278
      vertex -2.2981 2.2981 3.22187
    endloop
  endfacet
  facet normal -0.751795 0.659397 1.38889e-05
    outer loop
      vertex -2.2981 2.2981 1.27813
      vertex -2.567 1.99148 3.18293
      vertex -2.48757 2.08204 3.19278
    endloop
  endfacet
  facet normal -0.751849 0.659335 0
    outer loop
      vertex -2.5784 1.97847 3.18128
      vertex -2.2981 2.2981 1.27813
      vertex -2.5784 1.97847 1.23548
    endloop
  endfacet
  facet normal -0.752105 0.659043 -8.68774e-05
    outer loop
      vertex -2.2981 2.2981 1.27813
      vertex -2.5784 1.97847 3.18128
      vertex -2.567 1.99148 3.18293
    endloop
  endfacet
  facet normal 0.896881 -0.442273 0
    outer loop
      vertex 2.94847 -1.35351 0.109756
      vertex 3.00261 -1.24372 0
      vertex 3.00261 -1.24372 0.0979752
    endloop
  endfacet
  facet normal 0.89684 -0.442355 -0.000102784
    outer loop
      vertex 2.8964 -1.45908 0.119487
      vertex 3.00261 -1.24372 0
      vertex 2.94847 -1.35351 0.109756
    endloop
  endfacet
  facet normal 0.896879 -0.442277 0
    outer loop
      vertex 2.81458 -1.625 0
      vertex 2.8964 -1.45908 0.119487
      vertex 2.81458 -1.625 0.138206
    endloop
  endfacet
  facet normal 0.896869 -0.442295 3.16556e-05
    outer loop
      vertex 2.8964 -1.45908 0.119487
      vertex 2.81458 -1.625 0
      vertex 3.00261 -1.24372 0
    endloop
  endfacet
  facet normal 0.89684 -0.442354 0
    outer loop
      vertex 3.00261 -1.24372 4.5
      vertex 2.97344 -1.30286 4.16049
      vertex 3.00261 -1.24372 4.15383
    endloop
  endfacet
  facet normal 0.896894 -0.442246 -2.35254e-05
    outer loop
      vertex 3.00261 -1.24372 4.5
      vertex 2.91926 -1.41274 4.17073
      vertex 2.97344 -1.30286 4.16049
    endloop
  endfacet
  facet normal 0.896869 -0.442295 8.16258e-06
    outer loop
      vertex 2.81458 -1.625 4.5
      vertex 2.91926 -1.41274 4.17073
      vertex 3.00261 -1.24372 4.5
    endloop
  endfacet
  facet normal 0.896864 -0.442306 0
    outer loop
      vertex 2.91926 -1.41274 4.17073
      vertex 2.81458 -1.625 4.5
      vertex 2.81458 -1.625 4.19376
    endloop
  endfacet
  facet normal 0.896479 -0.443087 0
    outer loop
      vertex 3.00175 -1.24546 2.09616
      vertex 3.00261 -1.24372 0.152395
      vertex 3.00261 -1.24372 2.096
    endloop
  endfacet
  facet normal 0.896871 -0.442292 0
    outer loop
      vertex 2.81458 -1.625 0.195262
      vertex 3.00175 -1.24546 2.09616
      vertex 2.81458 -1.625 2.13895
    endloop
  endfacet
  facet normal 0.89687 -0.442295 8.81809e-07
    outer loop
      vertex 3.00175 -1.24546 2.09616
      vertex 2.81458 -1.625 0.195262
      vertex 3.00261 -1.24372 0.152395
    endloop
  endfacet
  facet normal 0.896873 -0.442288 0
    outer loop
      vertex 3.00261 -1.24372 4.09677
      vertex 2.86234 -1.52816 2.18514
      vertex 3.00261 -1.24372 2.15304
    endloop
  endfacet
  facet normal 0.896869 -0.442295 0
    outer loop
      vertex 2.81458 -1.625 2.19394
      vertex 3.00261 -1.24372 4.09677
      vertex 2.81458 -1.625 4.13948
    endloop
  endfacet
  facet normal 0.896859 -0.442317 5.29439e-06
    outer loop
      vertex 3.00261 -1.24372 4.09677
      vertex 2.81458 -1.625 2.19394
      vertex 2.86234 -1.52816 2.18514
    endloop
  endfacet
  facet normal -0.99786 -0.0653933 -0
    outer loop
      vertex -3.2222 -0.42421 0.930588
      vertex -3.25 0 0
      vertex -3.2222 -0.42421 0
    endloop
  endfacet
  facet normal -0.99786 -0.0653933 0
    outer loop
      vertex -3.25 0 0
      vertex -3.2222 -0.42421 0.930588
      vertex -3.25 0 0.972967
    endloop
  endfacet
  facet normal -0.99786 -0.0653933 -0
    outer loop
      vertex -3.2222 -0.42421 4.5
      vertex -3.25 0 3.02795
      vertex -3.2222 -0.42421 2.98541
    endloop
  endfacet
  facet normal -0.99786 -0.0653933 0
    outer loop
      vertex -3.25 0 3.02795
      vertex -3.2222 -0.42421 4.5
      vertex -3.25 0 4.5
    endloop
  endfacet
  facet normal -0.997856 -0.0654421 0
    outer loop
      vertex -3.25 0 1.02733
      vertex -3.24373 -0.0956045 2.96341
      vertex -3.25 0 2.97148
    endloop
  endfacet
  facet normal -0.99786 -0.0653938 -1.14851e-07
    outer loop
      vertex -3.2222 -0.42421 2.93113
      vertex -3.25 0 1.02733
      vertex -3.22378 -0.400097 0.987804
    endloop
  endfacet
  facet normal -0.99786 -0.0653846 -0
    outer loop
      vertex -3.2222 -0.42421 2.93113
      vertex -3.22378 -0.400097 0.987804
      vertex -3.2222 -0.42421 0.985758
    endloop
  endfacet
  facet normal -0.99786 -0.0653794 3.10865e-06
    outer loop
      vertex -3.25 0 1.02733
      vertex -3.2222 -0.42421 2.93113
      vertex -3.24373 -0.0956045 2.96341
    endloop
  endfacet
  facet normal -0.751849 -0.659335 -0
    outer loop
      vertex -2.2981 -2.2981 0.722537
      vertex -2.5784 -1.97847 0
      vertex -2.2981 -2.2981 0
    endloop
  endfacet
  facet normal -0.751849 -0.659335 0
    outer loop
      vertex -2.5784 -1.97847 0
      vertex -2.2981 -2.2981 0.722537
      vertex -2.5784 -1.97847 0.764627
    endloop
  endfacet
  facet normal -0.751849 -0.659335 -0
    outer loop
      vertex -2.2981 -2.2981 4.5
      vertex -2.5784 -1.97847 2.81996
      vertex -2.2981 -2.2981 2.77722
    endloop
  endfacet
  facet normal -0.751849 -0.659335 0
    outer loop
      vertex -2.5784 -1.97847 2.81996
      vertex -2.2981 -2.2981 4.5
      vertex -2.5784 -1.97847 4.5
    endloop
  endfacet
  facet normal -0.751817 -0.659371 0
    outer loop
      vertex -2.5784 -1.97847 0.819251
      vertex -2.52027 -2.04475 2.75399
      vertex -2.5784 -1.97847 2.7629
    endloop
  endfacet
  facet normal -0.75188 -0.6593 4.30734e-06
    outer loop
      vertex -2.5784 -1.97847 0.819251
      vertex -2.44051 -2.13571 2.7439
      vertex -2.52027 -2.04475 2.75399
    endloop
  endfacet
  facet normal -0.751849 -0.659335 -0
    outer loop
      vertex -2.2981 -2.2981 2.72293
      vertex -2.5784 -1.97847 0.819251
      vertex -2.2981 -2.2981 0.777023
    endloop
  endfacet
  facet normal -0.751845 -0.65934 -1.40756e-06
    outer loop
      vertex -2.5784 -1.97847 0.819251
      vertex -2.2981 -2.2981 2.72293
      vertex -2.44051 -2.13571 2.7439
    endloop
  endfacet
  facet normal -0.321439 0.94693 0
    outer loop
      vertex -0.841162 3.13926 3.44404
      vertex -1.24372 3.00261 4.5
      vertex -0.841162 3.13926 4.5
    endloop
  endfacet
  facet normal -0.32145 0.946927 -4.40497e-06
    outer loop
      vertex -1.24017 3.00381 3.40244
      vertex -1.24372 3.00261 4.5
      vertex -0.841162 3.13926 3.44404
    endloop
  endfacet
  facet normal -0.320228 0.947341 0
    outer loop
      vertex -1.24372 3.00261 4.5
      vertex -1.24017 3.00381 3.40244
      vertex -1.24372 3.00261 3.40212
    endloop
  endfacet
  facet normal -0.321439 0.94693 0
    outer loop
      vertex -0.841162 3.13926 0
      vertex -1.24372 3.00261 1.34657
      vertex -0.841162 3.13926 1.38937
    endloop
  endfacet
  facet normal -0.321439 0.94693 0
    outer loop
      vertex -1.24372 3.00261 1.34657
      vertex -0.841162 3.13926 0
      vertex -1.24372 3.00261 0
    endloop
  endfacet
  facet normal -0.321439 0.94693 0
    outer loop
      vertex -0.841162 3.13926 1.44371
      vertex -1.24372 3.00261 3.34731
      vertex -0.841162 3.13926 3.38964
    endloop
  endfacet
  facet normal -0.321436 0.946931 8.67774e-07
    outer loop
      vertex -1.0064 3.08317 1.42683
      vertex -1.24372 3.00261 3.34731
      vertex -0.841162 3.13926 1.44371
    endloop
  endfacet
  facet normal -0.321474 0.946918 -4.39051e-06
    outer loop
      vertex -1.11892 3.04497 1.41696
      vertex -1.24372 3.00261 3.34731
      vertex -1.0064 3.08317 1.42683
    endloop
  endfacet
  facet normal -0.321413 0.946939 0
    outer loop
      vertex -1.24372 3.00261 3.34731
      vertex -1.11892 3.04497 1.41696
      vertex -1.24372 3.00261 1.40363
    endloop
  endfacet
  facet normal -0.94692 -0.321468 0
    outer loop
      vertex -3.13926 -0.841162 0
      vertex -3.10186 -0.951328 0.878048
      vertex -3.13926 -0.841162 0.887829
    endloop
  endfacet
  facet normal -0.94693 -0.321439 3.97911e-06
    outer loop
      vertex -3.00261 -1.24372 0
      vertex -3.10186 -0.951328 0.878048
      vertex -3.13926 -0.841162 0
    endloop
  endfacet
  facet normal -0.946934 -0.321429 0
    outer loop
      vertex -3.10186 -0.951328 0.878048
      vertex -3.00261 -1.24372 0
      vertex -3.00261 -1.24372 0.847824
    endloop
  endfacet
  facet normal -0.94693 -0.321439 -0
    outer loop
      vertex -3.00261 -1.24372 4.5
      vertex -3.13926 -0.841162 2.94547
      vertex -3.00261 -1.24372 2.90253
    endloop
  endfacet
  facet normal -0.94693 -0.321439 0
    outer loop
      vertex -3.13926 -0.841162 2.94547
      vertex -3.00261 -1.24372 4.5
      vertex -3.13926 -0.841162 4.5
    endloop
  endfacet
  facet normal -0.946931 -0.321436 0
    outer loop
      vertex -3.13926 -0.841162 0.944675
      vertex -3.05986 -1.07507 2.8634
      vertex -3.13926 -0.841162 2.8884
    endloop
  endfacet
  facet normal -0.946915 -0.321484 -6.51382e-06
    outer loop
      vertex -3.13926 -0.841162 0.944675
      vertex -3.02173 -1.18738 2.85366
      vertex -3.05986 -1.07507 2.8634
    endloop
  endfacet
  facet normal -0.94693 -0.321439 -0
    outer loop
      vertex -3.00261 -1.24372 2.84797
      vertex -3.13926 -0.841162 0.944675
      vertex -3.00261 -1.24372 0.902098
    endloop
  endfacet
  facet normal -0.946954 -0.321368 1.68778e-05
    outer loop
      vertex -3.13926 -0.841162 0.944675
      vertex -3.00261 -1.24372 2.84797
      vertex -3.02173 -1.18738 2.85366
    endloop
  endfacet
  facet normal -0.896861 0.442312 0
    outer loop
      vertex -2.8641 1.52459 3.18293
      vertex -2.81458 1.625 4.5
      vertex -2.81458 1.625 3.19369
    endloop
  endfacet
  facet normal -0.896861 0.442313 6.17857e-06
    outer loop
      vertex -3.00261 1.24372 4.5
      vertex -2.8641 1.52459 3.18293
      vertex -2.91616 1.41903 3.17321
    endloop
  endfacet
  facet normal -0.896879 0.442275 0
    outer loop
      vertex -3.00261 1.24372 4.5
      vertex -2.91616 1.41903 3.17321
      vertex -3.00261 1.24372 3.15343
    endloop
  endfacet
  facet normal -0.896869 0.442295 1.59542e-06
    outer loop
      vertex -2.8641 1.52459 3.18293
      vertex -3.00261 1.24372 4.5
      vertex -2.81458 1.625 4.5
    endloop
  endfacet
  facet normal -0.896874 0.442286 0
    outer loop
      vertex -2.81458 1.625 0
      vertex -2.95048 1.34942 1.10749
      vertex -2.81458 1.625 1.1386
    endloop
  endfacet
  facet normal -0.896869 0.442295 2.87881e-06
    outer loop
      vertex -3.00261 1.24372 0
      vertex -2.95048 1.34942 1.10749
      vertex -2.81458 1.625 0
    endloop
  endfacet
  facet normal -0.896857 0.44232 0
    outer loop
      vertex -2.95048 1.34942 1.10749
      vertex -3.00261 1.24372 0
      vertex -3.00261 1.24372 1.09788
    endloop
  endfacet
  facet normal -0.896869 0.442295 0
    outer loop
      vertex -3.00261 1.24372 3.09637
      vertex -2.81458 1.625 1.19567
      vertex -3.00261 1.24372 1.15269
    endloop
  endfacet
  facet normal -0.896869 0.442295 0
    outer loop
      vertex -2.81458 1.625 1.19567
      vertex -3.00261 1.24372 3.09637
      vertex -2.81458 1.625 3.13925
    endloop
  endfacet
  facet normal 0.0653933 0.99786 -0
    outer loop
      vertex 0.42421 3.2222 3.56941
      vertex 0 3.25 4.5
      vertex 0.42421 3.2222 4.5
    endloop
  endfacet
  facet normal 0.0653933 0.99786 0
    outer loop
      vertex 0 3.25 4.5
      vertex 0.42421 3.2222 3.56941
      vertex 0 3.25 3.52703
    endloop
  endfacet
  facet normal 0.0653933 0.99786 -0
    outer loop
      vertex 0.42421 3.2222 0
      vertex 0 3.25 1.47205
      vertex 0.42421 3.2222 1.51459
    endloop
  endfacet
  facet normal 0.0653933 0.99786 0
    outer loop
      vertex 0 3.25 1.47205
      vertex 0.42421 3.2222 0
      vertex 0 3.25 0
    endloop
  endfacet
  facet normal 0.0653846 0.99786 -0
    outer loop
      vertex 0.42421 3.2222 1.56887
      vertex 0.400097 3.22378 3.51219
      vertex 0.42421 3.2222 3.51424
    endloop
  endfacet
  facet normal 0.0653938 0.99786 1.14851e-07
    outer loop
      vertex 0.400097 3.22378 3.51219
      vertex 0.42421 3.2222 1.56887
      vertex 0 3.25 3.47267
    endloop
  endfacet
  facet normal 0.0653794 0.99786 -3.10863e-06
    outer loop
      vertex 0.0956045 3.24373 1.53658
      vertex 0 3.25 3.47267
      vertex 0.42421 3.2222 1.56887
    endloop
  endfacet
  facet normal 0.0654421 0.997856 0
    outer loop
      vertex 0 3.25 3.47267
      vertex 0.0956045 3.24373 1.53658
      vertex 0 3.25 1.52852
    endloop
  endfacet
  facet normal 0.997862 -0.0653561 0.000172996
    outer loop
      vertex 3.22355 -0.40357 0.0106091
      vertex 3.2222 -0.42421 0
      vertex 3.23182 -0.277331 0
    endloop
  endfacet
  facet normal 0.997868 -0.0652675 0
    outer loop
      vertex 3.2222 -0.42421 0
      vertex 3.22355 -0.40357 0.0106091
      vertex 3.2222 -0.42421 0.0126966
    endloop
  endfacet
  facet normal 0.997858 -0.0654168 0
    outer loop
      vertex 3.25 0 4.5
      vertex 3.23518 -0.226062 4.05126
      vertex 3.25 0 4.02833
    endloop
  endfacet
  facet normal 0.99786 -0.0653933 -1.18919e-05
    outer loop
      vertex 3.2222 -0.42421 4.5
      vertex 3.23518 -0.226062 4.05126
      vertex 3.25 0 4.5
    endloop
  endfacet
  facet normal 0.997859 -0.0653944 -1.23928e-05
    outer loop
      vertex 3.23518 -0.226062 4.05126
      vertex 3.2222 -0.42421 4.5
      vertex 3.22746 -0.343864 4.06098
    endloop
  endfacet
  facet normal 0.997864 -0.065327 0
    outer loop
      vertex 3.22746 -0.343864 4.06098
      vertex 3.2222 -0.42421 4.5
      vertex 3.2222 -0.42421 4.06869
    endloop
  endfacet
  facet normal 0.997865 -0.0653175 0
    outer loop
      vertex 3.24818 -0.0278044 1.97561
      vertex 3.25 0 0.0271342
      vertex 3.25 0 1.97295
    endloop
  endfacet
  facet normal 0.99786 -0.0653831 -3.24683e-06
    outer loop
      vertex 3.2222 -0.42421 0.0697686
      vertex 3.24818 -0.0278044 1.97561
      vertex 3.24034 -0.147457 1.98542
    endloop
  endfacet
  facet normal 0.997859 -0.0654055 0
    outer loop
      vertex 3.2222 -0.42421 0.0697686
      vertex 3.24034 -0.147457 1.98542
      vertex 3.2222 -0.42421 2.0135
    endloop
  endfacet
  facet normal 0.99786 -0.0653934 -1.08822e-06
    outer loop
      vertex 3.24818 -0.0278044 1.97561
      vertex 3.2222 -0.42421 0.0697686
      vertex 3.25 0 0.0271342
    endloop
  endfacet
  facet normal 0.99786 -0.0653933 0
    outer loop
      vertex 3.2222 -0.42421 2.07057
      vertex 3.25 0 3.97127
      vertex 3.2222 -0.42421 4.01418
    endloop
  endfacet
  facet normal 0.99786 -0.0653933 0
    outer loop
      vertex 3.25 0 3.97127
      vertex 3.2222 -0.42421 2.07057
      vertex 3.25 0 2.02761
    endloop
  endfacet
  facet normal 0.321439 -0.94693 0
    outer loop
      vertex 0.841162 -3.13926 4.44433
      vertex 1.24372 -3.00261 4.5
      vertex 0.841162 -3.13926 4.5
    endloop
  endfacet
  facet normal 0.321439 -0.94693 0
    outer loop
      vertex 1.24372 -3.00261 4.5
      vertex 0.841162 -3.13926 4.44433
      vertex 1.24372 -3.00261 4.40202
    endloop
  endfacet
  facet normal 0.321439 -0.94693 0
    outer loop
      vertex 0.841162 -3.13926 0
      vertex 1.24372 -3.00261 0.346166
      vertex 0.841162 -3.13926 0.389107
    endloop
  endfacet
  facet normal 0.321439 -0.94693 0
    outer loop
      vertex 1.24372 -3.00261 0.346166
      vertex 0.841162 -3.13926 0
      vertex 1.24372 -3.00261 0
    endloop
  endfacet
  facet normal 0.321439 -0.94693 0
    outer loop
      vertex 0.841162 -3.13926 0.443701
      vertex 1.24372 -3.00261 2.34696
      vertex 0.841162 -3.13926 2.38956
    endloop
  endfacet
  facet normal 0.321449 -0.946927 -2.23118e-06
    outer loop
      vertex 0.887529 -3.12352 0.439024
      vertex 1.24372 -3.00261 2.34696
      vertex 0.841162 -3.13926 0.443701
    endloop
  endfacet
  facet normal 0.321464 -0.946922 -5.4408e-06
    outer loop
      vertex 1.0002 -3.08527 0.429263
      vertex 1.24372 -3.00261 2.34696
      vertex 0.887529 -3.12352 0.439024
    endloop
  endfacet
  facet normal 0.321426 -0.946935 0
    outer loop
      vertex 1.24372 -3.00261 2.34696
      vertex 1.0002 -3.08527 0.429263
      vertex 1.24372 -3.00261 0.403229
    endloop
  endfacet
  facet normal 0.321439 -0.94693 0
    outer loop
      vertex 0.841162 -3.13926 2.44383
      vertex 1.24372 -3.00261 4.3476
      vertex 0.841162 -3.13926 4.38961
    endloop
  endfacet
  facet normal 0.321441 -0.94693 -3.86438e-07
    outer loop
      vertex 1.12382 -3.04331 2.41463
      vertex 1.24372 -3.00261 4.3476
      vertex 0.841162 -3.13926 2.44383
    endloop
  endfacet
  facet normal 0.321435 -0.946931 0
    outer loop
      vertex 1.24372 -3.00261 4.3476
      vertex 1.12382 -3.04331 2.41463
      vertex 1.24372 -3.00261 2.404
    endloop
  endfacet
  facet normal -0.195271 0.980749 0
    outer loop
      vertex -0.42421 3.2222 0
      vertex -0.467956 3.21349 1.42683
      vertex -0.42421 3.2222 1.4306
    endloop
  endfacet
  facet normal -0.195078 0.980788 6.16721e-06
    outer loop
      vertex -0.467956 3.21349 1.42683
      vertex -0.42421 3.2222 0
      vertex -0.841162 3.13926 1.38937
    endloop
  endfacet
  facet normal -0.195097 0.980784 0
    outer loop
      vertex -0.841162 3.13926 1.38937
      vertex -0.42421 3.2222 0
      vertex -0.841162 3.13926 0
    endloop
  endfacet
  facet normal -0.195097 0.980784 0
    outer loop
      vertex -0.42421 3.2222 3.48689
      vertex -0.841162 3.13926 4.5
      vertex -0.42421 3.2222 4.5
    endloop
  endfacet
  facet normal -0.195097 0.980784 0
    outer loop
      vertex -0.841162 3.13926 4.5
      vertex -0.42421 3.2222 3.48689
      vertex -0.841162 3.13926 3.44404
    endloop
  endfacet
  facet normal -0.195075 0.980788 2.92152e-06
    outer loop
      vertex -0.42421 3.2222 1.48613
      vertex -0.710864 3.16518 3.40244
      vertex -0.595326 3.18816 3.41219
    endloop
  endfacet
  facet normal -0.195106 0.980782 0
    outer loop
      vertex -0.42421 3.2222 1.48613
      vertex -0.595326 3.18816 3.41219
      vertex -0.42421 3.2222 3.42984
    endloop
  endfacet
  facet normal -0.195105 0.980782 -1.85704e-06
    outer loop
      vertex -0.710864 3.16518 3.40244
      vertex -0.42421 3.2222 1.48613
      vertex -0.841162 3.13926 3.38964
    endloop
  endfacet
  facet normal -0.195097 0.980784 0
    outer loop
      vertex -0.841162 3.13926 3.38964
      vertex -0.42421 3.2222 1.48613
      vertex -0.841162 3.13926 1.44371
    endloop
  endfacet
  facet normal -0.555568 0.831471 0
    outer loop
      vertex -1.625 2.81458 3.3614
      vertex -1.97847 2.5784 4.5
      vertex -1.625 2.81458 4.5
    endloop
  endfacet
  facet normal -0.555568 0.831471 0
    outer loop
      vertex -1.97847 2.5784 4.5
      vertex -1.625 2.81458 3.3614
      vertex -1.97847 2.5784 3.31879
    endloop
  endfacet
  facet normal -0.555568 0.831471 0
    outer loop
      vertex -1.625 2.81458 0
      vertex -1.97847 2.5784 1.26403
      vertex -1.625 2.81458 1.30631
    endloop
  endfacet
  facet normal -0.555568 0.831471 0
    outer loop
      vertex -1.97847 2.5784 1.26403
      vertex -1.625 2.81458 0
      vertex -1.97847 2.5784 0
    endloop
  endfacet
  facet normal -0.555603 0.831448 -2.27793e-06
    outer loop
      vertex -1.625 2.81458 1.36075
      vertex -1.73883 2.73852 3.29268
      vertex -1.63264 2.80948 3.3034
    endloop
  endfacet
  facet normal -0.555203 0.831715 0
    outer loop
      vertex -1.625 2.81458 1.36075
      vertex -1.63264 2.80948 3.3034
      vertex -1.625 2.81458 3.30433
    endloop
  endfacet
  facet normal -0.555565 0.831473 9.96684e-07
    outer loop
      vertex -1.73883 2.73852 3.29268
      vertex -1.625 2.81458 1.36075
      vertex -1.97847 2.5784 3.26452
    endloop
  endfacet
  facet normal -0.555568 0.831471 0
    outer loop
      vertex -1.97847 2.5784 3.26452
      vertex -1.625 2.81458 1.36075
      vertex -1.97847 2.5784 1.31872
    endloop
  endfacet
  facet normal -0.0653933 -0.99786 0
    outer loop
      vertex -0.42421 -3.2222 0
      vertex 0 -3.25 0.471672
      vertex -0.42421 -3.2222 0.514427
    endloop
  endfacet
  facet normal -0.0653933 -0.99786 -0
    outer loop
      vertex 0 -3.25 0.471672
      vertex -0.42421 -3.2222 0
      vertex 0 -3.25 0
    endloop
  endfacet
  facet normal -0.0653561 -0.997862 0
    outer loop
      vertex -0.42421 -3.2222 2.56911
      vertex -0.277331 -3.23182 4.5
      vertex -0.42421 -3.2222 4.5
    endloop
  endfacet
  facet normal -0.0654126 -0.997858 4.32082e-06
    outer loop
      vertex -0.277331 -3.23182 4.5
      vertex -0.42421 -3.2222 2.56911
      vertex 0 -3.25 4.47287
    endloop
  endfacet
  facet normal -0.0653933 -0.99786 -0
    outer loop
      vertex 0 -3.25 4.47287
      vertex -0.42421 -3.2222 2.56911
      vertex 0 -3.25 2.52705
    endloop
  endfacet
  facet normal -0.0653933 -0.99786 0
    outer loop
      vertex -0.42421 -3.2222 0.568728
      vertex 0 -3.25 2.47239
      vertex -0.42421 -3.2222 2.51464
    endloop
  endfacet
  facet normal -0.0653606 -0.997862 -7.31975e-06
    outer loop
      vertex -0.219019 -3.23564 0.54878
      vertex 0 -3.25 2.47239
      vertex -0.42421 -3.2222 0.568728
    endloop
  endfacet
  facet normal -0.0654042 -0.997859 -2.33569e-06
    outer loop
      vertex -0.0989476 -3.24351 0.538754
      vertex 0 -3.25 2.47239
      vertex -0.219019 -3.23564 0.54878
    endloop
  endfacet
  facet normal -0.0654496 -0.997856 -0
    outer loop
      vertex 0 -3.25 2.47239
      vertex -0.0989476 -3.24351 0.538754
      vertex 0 -3.25 0.528731
    endloop
  endfacet
  facet normal -0.947341 0.320228 0
    outer loop
      vertex -3.00261 1.24372 0
      vertex -3.00381 1.24017 1.09756
      vertex -3.00261 1.24372 1.09788
    endloop
  endfacet
  facet normal -0.94693 0.321439 0
    outer loop
      vertex -3.13926 0.841162 1.05596
      vertex -3.00261 1.24372 0
      vertex -3.13926 0.841162 0
    endloop
  endfacet
  facet normal -0.946927 0.32145 4.40497e-06
    outer loop
      vertex -3.00261 1.24372 0
      vertex -3.13926 0.841162 1.05596
      vertex -3.00381 1.24017 1.09756
    endloop
  endfacet
  facet normal -0.94693 0.321439 0
    outer loop
      vertex -3.13926 0.841162 4.5
      vertex -3.00261 1.24372 3.15343
      vertex -3.13926 0.841162 3.11063
    endloop
  endfacet
  facet normal -0.94693 0.321439 0
    outer loop
      vertex -3.00261 1.24372 3.15343
      vertex -3.13926 0.841162 4.5
      vertex -3.00261 1.24372 4.5
    endloop
  endfacet
  facet normal -0.946939 0.321413 0
    outer loop
      vertex -3.00261 1.24372 1.15269
      vertex -3.04497 1.11892 3.08304
      vertex -3.00261 1.24372 3.09637
    endloop
  endfacet
  facet normal -0.946918 0.321474 4.39051e-06
    outer loop
      vertex -3.00261 1.24372 1.15269
      vertex -3.08317 1.0064 3.07317
      vertex -3.04497 1.11892 3.08304
    endloop
  endfacet
  facet normal -0.94693 0.321439 0
    outer loop
      vertex -3.13926 0.841162 3.05629
      vertex -3.00261 1.24372 1.15269
      vertex -3.13926 0.841162 1.11036
    endloop
  endfacet
  facet normal -0.946931 0.321436 -8.67774e-07
    outer loop
      vertex -3.00261 1.24372 1.15269
      vertex -3.13926 0.841162 3.05629
      vertex -3.08317 1.0064 3.07317
    endloop
  endfacet
  facet normal -0.980783 -0.195102 0
    outer loop
      vertex -3.2222 -0.42421 0
      vertex -3.14148 -0.829991 0.888746
      vertex -3.2222 -0.42421 0.930588
    endloop
  endfacet
  facet normal -0.980784 -0.195097 2.35374e-06
    outer loop
      vertex -3.13926 -0.841162 0
      vertex -3.14148 -0.829991 0.888746
      vertex -3.2222 -0.42421 0
    endloop
  endfacet
  facet normal -0.98082 -0.194917 0
    outer loop
      vertex -3.14148 -0.829991 0.888746
      vertex -3.13926 -0.841162 0
      vertex -3.13926 -0.841162 0.887829
    endloop
  endfacet
  facet normal -0.980781 -0.19511 0
    outer loop
      vertex -3.17804 -0.646194 2.96341
      vertex -3.2222 -0.42421 4.5
      vertex -3.2222 -0.42421 2.98541
    endloop
  endfacet
  facet normal -0.980791 -0.195062 2.70825e-06
    outer loop
      vertex -3.13926 -0.841162 4.5
      vertex -3.17804 -0.646194 2.96341
      vertex -3.1543 -0.765561 2.95325
    endloop
  endfacet
  facet normal -0.98078 -0.195116 -0
    outer loop
      vertex -3.13926 -0.841162 4.5
      vertex -3.1543 -0.765561 2.95325
      vertex -3.13926 -0.841162 2.94547
    endloop
  endfacet
  facet normal -0.980784 -0.195097 -1.90951e-06
    outer loop
      vertex -3.17804 -0.646194 2.96341
      vertex -3.13926 -0.841162 4.5
      vertex -3.2222 -0.42421 4.5
    endloop
  endfacet
  facet normal -0.980776 -0.195137 -9.14588e-06
    outer loop
      vertex -3.13926 -0.841162 2.8884
      vertex -3.2222 -0.42421 0.985758
      vertex -3.20305 -0.520459 0.977772
    endloop
  endfacet
  facet normal -0.980786 -0.195085 -0
    outer loop
      vertex -3.13926 -0.841162 2.8884
      vertex -3.20305 -0.520459 0.977772
      vertex -3.13926 -0.841162 0.944675
    endloop
  endfacet
  facet normal -0.980784 -0.195097 0
    outer loop
      vertex -3.2222 -0.42421 0.985758
      vertex -3.13926 -0.841162 2.8884
      vertex -3.2222 -0.42421 2.93113
    endloop
  endfacet
  facet normal -0.831471 0.555568 0
    outer loop
      vertex -2.81458 1.625 4.5
      vertex -2.5784 1.97847 3.23597
      vertex -2.81458 1.625 3.19369
    endloop
  endfacet
  facet normal -0.831471 0.555568 0
    outer loop
      vertex -2.5784 1.97847 3.23597
      vertex -2.81458 1.625 4.5
      vertex -2.5784 1.97847 4.5
    endloop
  endfacet
  facet normal -0.831471 0.555568 0
    outer loop
      vertex -2.81458 1.625 1.1386
      vertex -2.5784 1.97847 0
      vertex -2.81458 1.625 0
    endloop
  endfacet
  facet normal -0.831471 0.555568 0
    outer loop
      vertex -2.5784 1.97847 0
      vertex -2.81458 1.625 1.1386
      vertex -2.5784 1.97847 1.18121
    endloop
  endfacet
  facet normal -0.831473 0.555565 -9.96684e-07
    outer loop
      vertex -2.81458 1.625 3.13925
      vertex -2.5784 1.97847 1.23548
      vertex -2.73852 1.73883 1.20732
    endloop
  endfacet
  facet normal -0.831448 0.555603 2.27793e-06
    outer loop
      vertex -2.81458 1.625 3.13925
      vertex -2.73852 1.73883 1.20732
      vertex -2.80948 1.63264 1.1966
    endloop
  endfacet
  facet normal -0.831715 0.555203 0
    outer loop
      vertex -2.81458 1.625 3.13925
      vertex -2.80948 1.63264 1.1966
      vertex -2.81458 1.625 1.19567
    endloop
  endfacet
  facet normal -0.831471 0.555568 0
    outer loop
      vertex -2.5784 1.97847 1.23548
      vertex -2.81458 1.625 3.13925
      vertex -2.5784 1.97847 3.18128
    endloop
  endfacet
  facet normal 0.195097 -0.980784 0
    outer loop
      vertex 0.42421 -3.2222 4.4873
      vertex 0.841162 -3.13926 4.5
      vertex 0.42421 -3.2222 4.5
    endloop
  endfacet
  facet normal 0.195097 -0.980784 0
    outer loop
      vertex 0.841162 -3.13926 4.5
      vertex 0.42421 -3.2222 4.4873
      vertex 0.841162 -3.13926 4.44433
    endloop
  endfacet
  facet normal 0.195097 -0.980784 0
    outer loop
      vertex 0.42421 -3.2222 0
      vertex 0.841162 -3.13926 0.389107
      vertex 0.42421 -3.2222 0.431308
    endloop
  endfacet
  facet normal 0.195097 -0.980784 0
    outer loop
      vertex 0.841162 -3.13926 0.389107
      vertex 0.42421 -3.2222 0
      vertex 0.841162 -3.13926 0
    endloop
  endfacet
  facet normal 0.195094 -0.980785 1.10962e-06
    outer loop
      vertex 0.42421 -3.2222 0.485819
      vertex 0.588791 -3.18946 2.41463
      vertex 0.46683 -3.21372 2.42504
    endloop
  endfacet
  facet normal 0.195142 -0.980775 0
    outer loop
      vertex 0.42421 -3.2222 0.485819
      vertex 0.46683 -3.21372 2.42504
      vertex 0.42421 -3.2222 2.42943
    endloop
  endfacet
  facet normal 0.195092 -0.980785 1.31931e-06
    outer loop
      vertex 0.588791 -3.18946 2.41463
      vertex 0.42421 -3.2222 0.485819
      vertex 0.841162 -3.13926 2.38956
    endloop
  endfacet
  facet normal 0.195097 -0.980784 0
    outer loop
      vertex 0.841162 -3.13926 2.38956
      vertex 0.42421 -3.2222 0.485819
      vertex 0.841162 -3.13926 0.443701
    endloop
  endfacet
  facet normal 0.195079 -0.980788 3.1959e-06
    outer loop
      vertex 0.42421 -3.2222 2.4865
      vertex 0.834585 -3.14057 4.39024
      vertex 0.715832 -3.16419 4.40013
    endloop
  endfacet
  facet normal 0.195099 -0.980783 0
    outer loop
      vertex 0.42421 -3.2222 2.4865
      vertex 0.715832 -3.16419 4.40013
      vertex 0.42421 -3.2222 4.43023
    endloop
  endfacet
  facet normal 0.195097 -0.980784 -8.59239e-07
    outer loop
      vertex 0.841162 -3.13926 2.44383
      vertex 0.834585 -3.14057 4.39024
      vertex 0.42421 -3.2222 2.4865
    endloop
  endfacet
  facet normal 0.195342 -0.980735 0
    outer loop
      vertex 0.834585 -3.14057 4.39024
      vertex 0.841162 -3.13926 2.44383
      vertex 0.841162 -3.13926 4.38961
    endloop
  endfacet
  facet normal 0.194917 0.98082 0
    outer loop
      vertex 0.829991 3.14148 3.61125
      vertex 0.841162 3.13926 4.5
      vertex 0.841162 3.13926 3.61217
    endloop
  endfacet
  facet normal 0.195097 0.980784 -2.35373e-06
    outer loop
      vertex 0.841162 3.13926 4.5
      vertex 0.829991 3.14148 3.61125
      vertex 0.42421 3.2222 4.5
    endloop
  endfacet
  facet normal 0.195102 0.980783 0
    outer loop
      vertex 0.42421 3.2222 4.5
      vertex 0.829991 3.14148 3.61125
      vertex 0.42421 3.2222 3.56941
    endloop
  endfacet
  facet normal 0.195062 0.980791 -2.70823e-06
    outer loop
      vertex 0.841162 3.13926 0
      vertex 0.646194 3.17804 1.53658
      vertex 0.765561 3.1543 1.54675
    endloop
  endfacet
  facet normal 0.195116 0.98078 -0
    outer loop
      vertex 0.841162 3.13926 0
      vertex 0.765561 3.1543 1.54675
      vertex 0.841162 3.13926 1.55453
    endloop
  endfacet
  facet normal 0.195097 0.980784 1.90952e-06
    outer loop
      vertex 0.42421 3.2222 0
      vertex 0.646194 3.17804 1.53658
      vertex 0.841162 3.13926 0
    endloop
  endfacet
  facet normal 0.19511 0.980781 0
    outer loop
      vertex 0.646194 3.17804 1.53658
      vertex 0.42421 3.2222 0
      vertex 0.42421 3.2222 1.51459
    endloop
  endfacet
  facet normal 0.195085 0.980786 -0
    outer loop
      vertex 0.841162 3.13926 1.6116
      vertex 0.520459 3.20305 3.52223
      vertex 0.841162 3.13926 3.55532
    endloop
  endfacet
  facet normal 0.195137 0.980776 9.1458e-06
    outer loop
      vertex 0.841162 3.13926 1.6116
      vertex 0.42421 3.2222 3.51424
      vertex 0.520459 3.20305 3.52223
    endloop
  endfacet
  facet normal 0.195097 0.980784 0
    outer loop
      vertex 0.42421 3.2222 3.51424
      vertex 0.841162 3.13926 1.6116
      vertex 0.42421 3.2222 1.56887
    endloop
  endfacet
  facet normal 0.659335 -0.751849 0
    outer loop
      vertex 1.97847 -2.5784 4.31898
      vertex 2.2981 -2.2981 4.5
      vertex 1.97847 -2.5784 4.5
    endloop
  endfacet
  facet normal 0.659334 -0.75185 2.95194e-06
    outer loop
      vertex 2.27225 -2.32077 4.28049
      vertex 2.2981 -2.2981 4.5
      vertex 1.97847 -2.5784 4.31898
    endloop
  endfacet
  facet normal 0.659348 -0.751838 0
    outer loop
      vertex 2.2981 -2.2981 4.5
      vertex 2.27225 -2.32077 4.28049
      vertex 2.2981 -2.2981 4.27758
    endloop
  endfacet
  facet normal 0.659347 -0.751839 0
    outer loop
      vertex 1.97847 -2.5784 0
      vertex 2.23168 -2.35634 0.229601
      vertex 1.97847 -2.5784 0.263688
    endloop
  endfacet
  facet normal 0.659335 -0.751849 2.33052e-05
    outer loop
      vertex 2.2981 -2.2981 0
      vertex 2.23168 -2.35634 0.229601
      vertex 1.97847 -2.5784 0
    endloop
  endfacet
  facet normal 0.65929 -0.751889 0
    outer loop
      vertex 2.23168 -2.35634 0.229601
      vertex 2.2981 -2.2981 0
      vertex 2.2981 -2.2981 0.222421
    endloop
  endfacet
  facet normal 0.659335 -0.751849 0
    outer loop
      vertex 1.97847 -2.5784 0.320342
      vertex 2.2981 -2.2981 2.22147
      vertex 1.97847 -2.5784 2.26431
    endloop
  endfacet
  facet normal 0.659385 -0.751806 -1.47242e-05
    outer loop
      vertex 1.99417 -2.56463 0.31866
      vertex 2.2981 -2.2981 2.22147
      vertex 1.97847 -2.5784 0.320342
    endloop
  endfacet
  facet normal 0.659333 -0.751851 0
    outer loop
      vertex 2.2981 -2.2981 2.22147
      vertex 1.99417 -2.56463 0.31866
      vertex 2.2981 -2.2981 0.277772
    endloop
  endfacet
  facet normal 0.659335 -0.751849 0
    outer loop
      vertex 1.97847 -2.5784 2.31869
      vertex 2.2981 -2.2981 4.22223
      vertex 1.97847 -2.5784 4.26463
    endloop
  endfacet
  facet normal 0.65932 -0.751863 4.56862e-06
    outer loop
      vertex 2.0862 -2.48393 2.30488
      vertex 2.2981 -2.2981 4.22223
      vertex 1.97847 -2.5784 2.31869
    endloop
  endfacet
  facet normal 0.659344 -0.751841 -2.56e-07
    outer loop
      vertex 2.17488 -2.40616 2.29511
      vertex 2.2981 -2.2981 4.22223
      vertex 2.0862 -2.48393 2.30488
    endloop
  endfacet
  facet normal 0.659342 -0.751843 0
    outer loop
      vertex 2.2981 -2.2981 4.22223
      vertex 2.17488 -2.40616 2.29511
      vertex 2.2981 -2.2981 2.27853
    endloop
  endfacet
  facet normal -0.896869 -0.442295 -0
    outer loop
      vertex -2.81458 -1.625 0.805135
      vertex -3.00261 -1.24372 0
      vertex -2.81458 -1.625 0
    endloop
  endfacet
  facet normal -0.896869 -0.442295 0
    outer loop
      vertex -3.00261 -1.24372 0
      vertex -2.81458 -1.625 0.805135
      vertex -3.00261 -1.24372 0.847824
    endloop
  endfacet
  facet normal -0.896869 -0.442295 -0
    outer loop
      vertex -2.81458 -1.625 4.5
      vertex -3.00261 -1.24372 2.90253
      vertex -2.81458 -1.625 2.86036
    endloop
  endfacet
  facet normal -0.896869 -0.442295 0
    outer loop
      vertex -3.00261 -1.24372 2.90253
      vertex -2.81458 -1.625 4.5
      vertex -3.00261 -1.24372 4.5
    endloop
  endfacet
  facet normal -0.896867 -0.4423 -1.15329e-06
    outer loop
      vertex -2.81458 -1.625 2.80582
      vertex -3.00261 -1.24372 0.902098
      vertex -2.89336 -1.46525 0.878048
    endloop
  endfacet
  facet normal -0.896877 -0.442279 9.90014e-07
    outer loop
      vertex -2.81458 -1.625 2.80582
      vertex -2.89336 -1.46525 0.878048
      vertex -2.83879 -1.57591 0.867728
    endloop
  endfacet
  facet normal -0.896862 -0.442311 -0
    outer loop
      vertex -2.81458 -1.625 2.80582
      vertex -2.83879 -1.57591 0.867728
      vertex -2.81458 -1.625 0.8622
    endloop
  endfacet
  facet normal -0.896869 -0.442295 0
    outer loop
      vertex -3.00261 -1.24372 0.902098
      vertex -2.81458 -1.625 2.80582
      vertex -3.00261 -1.24372 2.84797
    endloop
  endfacet
  facet normal 0.442273 -0.896881 0
    outer loop
      vertex 1.35351 -2.94847 4.39024
      vertex 1.24372 -3.00261 4.5
      vertex 1.24372 -3.00261 4.40202
    endloop
  endfacet
  facet normal 0.442355 -0.89684 0.000102779
    outer loop
      vertex 1.45908 -2.8964 4.38051
      vertex 1.24372 -3.00261 4.5
      vertex 1.35351 -2.94847 4.39024
    endloop
  endfacet
  facet normal 0.442295 -0.896869 -3.16548e-05
    outer loop
      vertex 1.24372 -3.00261 4.5
      vertex 1.45908 -2.8964 4.38051
      vertex 1.625 -2.81458 4.5
    endloop
  endfacet
  facet normal 0.442277 -0.896879 0
    outer loop
      vertex 1.625 -2.81458 4.5
      vertex 1.45908 -2.8964 4.38051
      vertex 1.625 -2.81458 4.36179
    endloop
  endfacet
  facet normal 0.442246 -0.896894 2.3526e-05
    outer loop
      vertex 1.24372 -3.00261 0
      vertex 1.41274 -2.91926 0.329268
      vertex 1.30286 -2.97344 0.339504
    endloop
  endfacet
  facet normal 0.442354 -0.89684 0
    outer loop
      vertex 1.24372 -3.00261 0
      vertex 1.30286 -2.97344 0.339504
      vertex 1.24372 -3.00261 0.346166
    endloop
  endfacet
  facet normal 0.442295 -0.896869 -8.16263e-06
    outer loop
      vertex 1.41274 -2.91926 0.329268
      vertex 1.24372 -3.00261 0
      vertex 1.625 -2.81458 0
    endloop
  endfacet
  facet normal 0.442306 -0.896864 0
    outer loop
      vertex 1.41274 -2.91926 0.329268
      vertex 1.625 -2.81458 0
      vertex 1.625 -2.81458 0.306244
    endloop
  endfacet
  facet normal 0.442288 -0.896873 0
    outer loop
      vertex 1.24372 -3.00261 0.403229
      vertex 1.52816 -2.86234 2.31486
      vertex 1.24372 -3.00261 2.34696
    endloop
  endfacet
  facet normal 0.442317 -0.896859 -5.29438e-06
    outer loop
      vertex 1.24372 -3.00261 0.403229
      vertex 1.625 -2.81458 2.30606
      vertex 1.52816 -2.86234 2.31486
    endloop
  endfacet
  facet normal 0.442295 -0.896869 0
    outer loop
      vertex 1.625 -2.81458 2.30606
      vertex 1.24372 -3.00261 0.403229
      vertex 1.625 -2.81458 0.360523
    endloop
  endfacet
  facet normal 0.442295 -0.896869 0
    outer loop
      vertex 1.24372 -3.00261 2.404
      vertex 1.625 -2.81458 4.30474
      vertex 1.24372 -3.00261 4.3476
    endloop
  endfacet
  facet normal 0.443073 -0.896486 -0.00019392
    outer loop
      vertex 1.24546 -3.00175 2.40384
      vertex 1.625 -2.81458 4.30474
      vertex 1.24372 -3.00261 2.404
    endloop
  endfacet
  facet normal 0.442292 -0.896871 0
    outer loop
      vertex 1.625 -2.81458 4.30474
      vertex 1.24546 -3.00175 2.40384
      vertex 1.625 -2.81458 2.36105
    endloop
  endfacet
  facet normal -0.555568 -0.831471 -6.6628e-06
    outer loop
      vertex -1.97847 -2.5784 0
      vertex -1.78736 -2.7061 0.658536
      vertex -1.88693 -2.63957 0.668505
    endloop
  endfacet
  facet normal -0.555601 -0.831449 0
    outer loop
      vertex -1.97847 -2.5784 0
      vertex -1.88693 -2.63957 0.668505
      vertex -1.97847 -2.5784 0.679636
    endloop
  endfacet
  facet normal -0.555568 -0.831471 -6.28391e-06
    outer loop
      vertex -1.78736 -2.7061 0.658536
      vertex -1.97847 -2.5784 0
      vertex -1.625 -2.81458 0
    endloop
  endfacet
  facet normal -0.555551 -0.831483 0
    outer loop
      vertex -1.78736 -2.7061 0.658536
      vertex -1.625 -2.81458 0
      vertex -1.625 -2.81458 0.639612
    endloop
  endfacet
  facet normal -0.555624 -0.831434 0
    outer loop
      vertex -1.94525 -2.6006 2.73346
      vertex -1.97847 -2.5784 4.5
      vertex -1.97847 -2.5784 2.73669
    endloop
  endfacet
  facet normal -0.555568 -0.831471 1.51056e-06
    outer loop
      vertex -1.97847 -2.5784 4.5
      vertex -1.94525 -2.6006 2.73346
      vertex -1.625 -2.81458 4.5
    endloop
  endfacet
  facet normal -0.555563 -0.831475 -0
    outer loop
      vertex -1.625 -2.81458 4.5
      vertex -1.94525 -2.6006 2.73346
      vertex -1.625 -2.81458 2.6945
    endloop
  endfacet
  facet normal -0.555568 -0.831471 0
    outer loop
      vertex -1.97847 -2.5784 0.736694
      vertex -1.68226 -2.77632 2.64436
      vertex -1.97847 -2.5784 2.68041
    endloop
  endfacet
  facet normal -0.555571 -0.831469 7.1535e-07
    outer loop
      vertex -1.97847 -2.5784 0.736694
      vertex -1.625 -2.81458 2.63878
      vertex -1.68226 -2.77632 2.64436
    endloop
  endfacet
  facet normal -0.555568 -0.831471 -0
    outer loop
      vertex -1.625 -2.81458 2.63878
      vertex -1.97847 -2.5784 0.736694
      vertex -1.625 -2.81458 0.693923
    endloop
  endfacet
  facet normal -0.442295 -0.896869 0
    outer loop
      vertex -1.625 -2.81458 2.6945
      vertex -1.24372 -3.00261 4.5
      vertex -1.625 -2.81458 4.5
    endloop
  endfacet
  facet normal -0.442295 -0.896869 -0
    outer loop
      vertex -1.24372 -3.00261 4.5
      vertex -1.625 -2.81458 2.6945
      vertex -1.24372 -3.00261 2.65205
    endloop
  endfacet
  facet normal -0.442295 -0.896869 0
    outer loop
      vertex -1.625 -2.81458 0
      vertex -1.24372 -3.00261 0.597141
      vertex -1.625 -2.81458 0.639612
    endloop
  endfacet
  facet normal -0.442295 -0.896869 -0
    outer loop
      vertex -1.24372 -3.00261 0.597141
      vertex -1.625 -2.81458 0
      vertex -1.24372 -3.00261 0
    endloop
  endfacet
  facet normal -0.442246 -0.896894 0
    outer loop
      vertex -1.625 -2.81458 0.693923
      vertex -1.57582 -2.83883 2.63415
      vertex -1.625 -2.81458 2.63878
    endloop
  endfacet
  facet normal -0.442302 -0.896866 1.7703e-06
    outer loop
      vertex -1.57582 -2.83883 2.63415
      vertex -1.625 -2.81458 0.693923
      vertex -1.24372 -3.00261 2.59772
    endloop
  endfacet
  facet normal -0.442296 -0.896869 2.74657e-07
    outer loop
      vertex -1.30208 -2.97383 0.658536
      vertex -1.24372 -3.00261 2.59772
      vertex -1.625 -2.81458 0.693923
    endloop
  endfacet
  facet normal -0.442289 -0.896873 -0
    outer loop
      vertex -1.24372 -3.00261 2.59772
      vertex -1.30208 -2.97383 0.658536
      vertex -1.24372 -3.00261 0.653043
    endloop
  endfacet
  facet normal -0.831434 -0.555623 0
    outer loop
      vertex -2.77568 -1.68321 2.85366
      vertex -2.81458 -1.625 4.5
      vertex -2.81458 -1.625 2.86036
    endloop
  endfacet
  facet normal -0.831503 -0.55552 9.81923e-06
    outer loop
      vertex -2.5784 -1.97847 4.5
      vertex -2.77568 -1.68321 2.85366
      vertex -2.70996 -1.78158 2.84393
    endloop
  endfacet
  facet normal -0.831465 -0.555577 -0
    outer loop
      vertex -2.5784 -1.97847 4.5
      vertex -2.70996 -1.78158 2.84393
      vertex -2.5784 -1.97847 2.81996
    endloop
  endfacet
  facet normal -0.831471 -0.555568 -2.77932e-06
    outer loop
      vertex -2.77568 -1.68321 2.85366
      vertex -2.5784 -1.97847 4.5
      vertex -2.81458 -1.625 4.5
    endloop
  endfacet
  facet normal -0.83148 -0.555555 0
    outer loop
      vertex -2.81458 -1.625 0
      vertex -2.66609 -1.84724 0.778078
      vertex -2.81458 -1.625 0.805135
    endloop
  endfacet
  facet normal -0.831471 -0.555568 -5.69244e-06
    outer loop
      vertex -2.5784 -1.97847 0
      vertex -2.66609 -1.84724 0.778078
      vertex -2.81458 -1.625 0
    endloop
  endfacet
  facet normal -0.831444 -0.555608 4.05373e-06
    outer loop
      vertex -2.66609 -1.84724 0.778078
      vertex -2.5784 -1.97847 0
      vertex -2.59974 -1.94653 0.768292
    endloop
  endfacet
  facet normal -0.831489 -0.555541 0
    outer loop
      vertex -2.59974 -1.94653 0.768292
      vertex -2.5784 -1.97847 0
      vertex -2.5784 -1.97847 0.764627
    endloop
  endfacet
  facet normal -0.831471 -0.555568 -0
    outer loop
      vertex -2.5784 -1.97847 2.7629
      vertex -2.81458 -1.625 0.8622
      vertex -2.5784 -1.97847 0.819251
    endloop
  endfacet
  facet normal -0.831471 -0.555568 0
    outer loop
      vertex -2.81458 -1.625 0.8622
      vertex -2.5784 -1.97847 2.7629
      vertex -2.81458 -1.625 2.80582
    endloop
  endfacet
  facet normal 0 0 1
    outer loop
      vertex 3.2222 0.42421 4.5
      vertex 3.2222 -0.42421 4.5
      vertex 3.25 0 4.5
    endloop
  endfacet
  facet normal 0 0 1
    outer loop
      vertex 3.13926 0.841162 4.5
      vertex 3.2222 -0.42421 4.5
      vertex 3.2222 0.42421 4.5
    endloop
  endfacet
  facet normal 0 0 1
    outer loop
      vertex 3.13926 0.841162 4.5
      vertex 3.13926 -0.841162 4.5
      vertex 3.2222 -0.42421 4.5
    endloop
  endfacet
  facet normal 0 0 1
    outer loop
      vertex 3.00261 1.24372 4.5
      vertex 3.13926 -0.841162 4.5
      vertex 3.13926 0.841162 4.5
    endloop
  endfacet
  facet normal 0 0 1
    outer loop
      vertex 3.00261 1.24372 4.5
      vertex 3.00261 -1.24372 4.5
      vertex 3.13926 -0.841162 4.5
    endloop
  endfacet
  facet normal 0 0 1
    outer loop
      vertex 2.81458 1.625 4.5
      vertex 3.00261 -1.24372 4.5
      vertex 3.00261 1.24372 4.5
    endloop
  endfacet
  facet normal 0 0 1
    outer loop
      vertex 2.81458 1.625 4.5
      vertex 2.81458 -1.625 4.5
      vertex 3.00261 -1.24372 4.5
    endloop
  endfacet
  facet normal 0 0 1
    outer loop
      vertex 2.5784 1.97847 4.5
      vertex 2.81458 -1.625 4.5
      vertex 2.81458 1.625 4.5
    endloop
  endfacet
  facet normal 0 0 1
    outer loop
      vertex 2.5784 1.97847 4.5
      vertex 2.5784 -1.97847 4.5
      vertex 2.81458 -1.625 4.5
    endloop
  endfacet
  facet normal 0 0 1
    outer loop
      vertex 2.2981 2.2981 4.5
      vertex 2.5784 -1.97847 4.5
      vertex 2.5784 1.97847 4.5
    endloop
  endfacet
  facet normal 0 0 1
    outer loop
      vertex 2.2981 2.2981 4.5
      vertex 2.2981 -2.2981 4.5
      vertex 2.5784 -1.97847 4.5
    endloop
  endfacet
  facet normal 0 0 1
    outer loop
      vertex 1.97847 2.5784 4.5
      vertex 2.2981 -2.2981 4.5
      vertex 2.2981 2.2981 4.5
    endloop
  endfacet
  facet normal 0 0 1
    outer loop
      vertex 1.97847 2.5784 4.5
      vertex 1.97847 -2.5784 4.5
      vertex 2.2981 -2.2981 4.5
    endloop
  endfacet
  facet normal 0 0 1
    outer loop
      vertex 1.625 2.81458 4.5
      vertex 1.97847 -2.5784 4.5
      vertex 1.97847 2.5784 4.5
    endloop
  endfacet
  facet normal 0 0 1
    outer loop
      vertex 1.625 2.81458 4.5
      vertex 1.625 -2.81458 4.5
      vertex 1.97847 -2.5784 4.5
    endloop
  endfacet
  facet normal 0 0 1
    outer loop
      vertex 1.24372 3.00261 4.5
      vertex 1.625 -2.81458 4.5
      vertex 1.625 2.81458 4.5
    endloop
  endfacet
  facet normal 0 0 1
    outer loop
      vertex 1.24372 3.00261 4.5
      vertex 1.24372 -3.00261 4.5
      vertex 1.625 -2.81458 4.5
    endloop
  endfacet
  facet normal 0 0 1
    outer loop
      vertex 0.841162 3.13926 4.5
      vertex 1.24372 -3.00261 4.5
      vertex 1.24372 3.00261 4.5
    endloop
  endfacet
  facet normal 0 0 1
    outer loop
      vertex 0.277331 -3.23182 4.5
      vertex 1.24372 -3.00261 4.5
      vertex 0.841162 3.13926 4.5
    endloop
  endfacet
  facet normal 0 0 1
    outer loop
      vertex 0.277331 -3.23182 4.5
      vertex 0.841162 3.13926 4.5
      vertex 0.42421 3.2222 4.5
    endloop
  endfacet
  facet normal 0 0 1
    outer loop
      vertex 1.24372 -3.00261 4.5
      vertex 0.277331 -3.23182 4.5
      vertex 0.841162 -3.13926 4.5
    endloop
  endfacet
  facet normal 0 0 1
    outer loop
      vertex 0.841162 -3.13926 4.5
      vertex 0.277331 -3.23182 4.5
      vertex 0.42421 -3.2222 4.5
    endloop
  endfacet
  facet normal 0 0 1
    outer loop
      vertex -0.277331 -3.23182 4.5
      vertex 0.277331 -3.23182 4.5
      vertex 0.42421 3.2222 4.5
    endloop
  endfacet
  facet normal 0 0 1
    outer loop
      vertex -0.277331 -3.23182 4.5
      vertex 0.42421 3.2222 4.5
      vertex 0 3.25 4.5
    endloop
  endfacet
  facet normal 0 0 1
    outer loop
      vertex 0.277331 -3.23182 4.5
      vertex -0.277331 -3.23182 4.5
      vertex 0.119995 -4 4.5
    endloop
  endfacet
  facet normal 0 0 1
    outer loop
      vertex 0.119995 -4 4.5
      vertex -0.277331 -3.23182 4.5
      vertex -0.119995 -4 4.5
    endloop
  endfacet
  facet normal -0 0 1
    outer loop
      vertex -0.42421 3.2222 4.5
      vertex -0.277331 -3.23182 4.5
      vertex 0 3.25 4.5
    endloop
  endfacet
  facet normal -0 0 1
    outer loop
      vertex -0.841162 3.13926 4.5
      vertex -0.277331 -3.23182 4.5
      vertex -0.42421 3.2222 4.5
    endloop
  endfacet
  facet normal -0 0 1
    outer loop
      vertex -1.24372 3.00261 4.5
      vertex -0.277331 -3.23182 4.5
      vertex -0.841162 3.13926 4.5
    endloop
  endfacet
  facet normal 0 0 1
    outer loop
      vertex -0.277331 -3.23182 4.5
      vertex -0.841162 -3.13926 4.5
      vertex -0.42421 -3.2222 4.5
    endloop
  endfacet
  facet normal -0 0 1
    outer loop
      vertex -1.24372 -3.00261 4.5
      vertex -0.277331 -3.23182 4.5
      vertex -1.24372 3.00261 4.5
    endloop
  endfacet
  facet normal 0 0 1
    outer loop
      vertex -0.277331 -3.23182 4.5
      vertex -1.24372 -3.00261 4.5
      vertex -0.841162 -3.13926 4.5
    endloop
  endfacet
  facet normal -0 0 1
    outer loop
      vertex -1.625 2.81458 4.5
      vertex -1.24372 -3.00261 4.5
      vertex -1.24372 3.00261 4.5
    endloop
  endfacet
  facet normal 0 0 1
    outer loop
      vertex -1.625 2.81458 4.5
      vertex -1.625 -2.81458 4.5
      vertex -1.24372 -3.00261 4.5
    endloop
  endfacet
  facet normal -0 0 1
    outer loop
      vertex -1.97847 2.5784 4.5
      vertex -1.625 -2.81458 4.5
      vertex -1.625 2.81458 4.5
    endloop
  endfacet
  facet normal 0 0 1
    outer loop
      vertex -1.97847 2.5784 4.5
      vertex -1.97847 -2.5784 4.5
      vertex -1.625 -2.81458 4.5
    endloop
  endfacet
  facet normal -0 0 1
    outer loop
      vertex -2.2981 2.2981 4.5
      vertex -1.97847 -2.5784 4.5
      vertex -1.97847 2.5784 4.5
    endloop
  endfacet
  facet normal 0 0 1
    outer loop
      vertex -2.2981 2.2981 4.5
      vertex -2.2981 -2.2981 4.5
      vertex -1.97847 -2.5784 4.5
    endloop
  endfacet
  facet normal -0 0 1
    outer loop
      vertex -2.5784 1.97847 4.5
      vertex -2.2981 -2.2981 4.5
      vertex -2.2981 2.2981 4.5
    endloop
  endfacet
  facet normal 0 0 1
    outer loop
      vertex -2.5784 1.97847 4.5
      vertex -2.5784 -1.97847 4.5
      vertex -2.2981 -2.2981 4.5
    endloop
  endfacet
  facet normal -0 0 1
    outer loop
      vertex -2.81458 1.625 4.5
      vertex -2.5784 -1.97847 4.5
      vertex -2.5784 1.97847 4.5
    endloop
  endfacet
  facet normal 0 0 1
    outer loop
      vertex -2.81458 1.625 4.5
      vertex -2.81458 -1.625 4.5
      vertex -2.5784 -1.97847 4.5
    endloop
  endfacet
  facet normal -0 0 1
    outer loop
      vertex -3.00261 1.24372 4.5
      vertex -2.81458 -1.625 4.5
      vertex -2.81458 1.625 4.5
    endloop
  endfacet
  facet normal 0 0 1
    outer loop
      vertex -3.00261 1.24372 4.5
      vertex -3.00261 -1.24372 4.5
      vertex -2.81458 -1.625 4.5
    endloop
  endfacet
  facet normal -0 0 1
    outer loop
      vertex -3.13926 0.841162 4.5
      vertex -3.00261 -1.24372 4.5
      vertex -3.00261 1.24372 4.5
    endloop
  endfacet
  facet normal 0 0 1
    outer loop
      vertex -3.13926 0.841162 4.5
      vertex -3.13926 -0.841162 4.5
      vertex -3.00261 -1.24372 4.5
    endloop
  endfacet
  facet normal -0 0 1
    outer loop
      vertex -3.2222 0.42421 4.5
      vertex -3.13926 -0.841162 4.5
      vertex -3.13926 0.841162 4.5
    endloop
  endfacet
  facet normal 0 0 1
    outer loop
      vertex -3.2222 0.42421 4.5
      vertex -3.2222 -0.42421 4.5
      vertex -3.13926 -0.841162 4.5
    endloop
  endfacet
  facet normal 0 -0 1
    outer loop
      vertex -3.2222 -0.42421 4.5
      vertex -3.2222 0.42421 4.5
      vertex -3.25 0 4.5
    endloop
  endfacet
  facet normal 0.490723 -0 0.871316
    outer loop
      vertex 4 -0.119995 0
      vertex 4 0.119995 0
      vertex 3.80512 -1.23913 0.109756
    endloop
  endfacet
  facet normal 0.461868 -0.165877 -0.8713
    outer loop
      vertex 4 -0.119995 0
      vertex 3.80512 -1.23913 0.109756
      vertex 3.724 -1.465 0.109756
    endloop
  endfacet
  facet normal 0.0202088 0.0986677 0.994915
    outer loop
      vertex 4 0.119995 0
      vertex 3.23182 0.277331 0
      vertex 3.25 0 0.0271342
    endloop
  endfacet
  facet normal 0.0202088 0.0986677 0.994915
    outer loop
      vertex 3.2222 -0.42421 0.0697686
      vertex 4 0.119995 0
      vertex 3.25 0 0.0271342
    endloop
  endfacet
  facet normal 0.0202089 0.0986676 0.994915
    outer loop
      vertex 4 0.119995 0
      vertex 3.2222 -0.42421 0.0697686
      vertex 3.16419 -0.715832 0.0998676
    endloop
  endfacet
  facet normal 0.0450425 0.0739929 0.996241
    outer loop
      vertex 3.16419 -0.715832 0.0998676
      vertex 3.80512 -1.23913 0.109756
      vertex 4 0.119995 0
    endloop
  endfacet
  facet normal 0.0450452 0.0739961 0.996241
    outer loop
      vertex 3.80512 -1.23913 0.109756
      vertex 3.16419 -0.715832 0.0998676
      vertex 3.14057 -0.834585 0.109756
    endloop
  endfacet
  facet normal 0.0173813 -0.0848626 -0.996241
    outer loop
      vertex 3.22355 -0.40357 0.0106091
      vertex 4 -0.119995 0
      vertex 3.724 -1.465 0.109756
    endloop
  endfacet
  facet normal 0.0173813 -0.0848626 -0.996241
    outer loop
      vertex 4 -0.119995 0
      vertex 3.22355 -0.40357 0.0106091
      vertex 3.23182 -0.277331 0
    endloop
  endfacet
  facet normal -0.014324 -0.0996875 -0.994916
    outer loop
      vertex 3.724 -1.465 0.109756
      vertex 3.2222 -0.42421 0.0126966
      vertex 3.22355 -0.40357 0.0106091
    endloop
  endfacet
  facet normal -0.0143314 -0.099691 -0.994915
    outer loop
      vertex 3.724 -1.465 0.109756
      vertex 3.13926 -0.841162 0.0556701
      vertex 3.2222 -0.42421 0.0126966
    endloop
  endfacet
  facet normal -0.0143318 -0.0996913 -0.994915
    outer loop
      vertex 3.724 -1.465 0.109756
      vertex 3.00261 -1.24372 0.0979752
      vertex 3.13926 -0.841162 0.0556701
    endloop
  endfacet
  facet normal -0.0143314 -0.0996903 -0.994915
    outer loop
      vertex 3.00261 -1.24372 0.0979752
      vertex 3.724 -1.465 0.109756
      vertex 2.94847 -1.35351 0.109756
    endloop
  endfacet
  facet normal 0.461812 -0.165857 0.871333
    outer loop
      vertex 3.724 -1.465 0.109756
      vertex 3.80512 -1.23913 0.109756
      vertex 3.1623 -2.45239 0.219512
    endloop
  endfacet
  facet normal 0.37861 -0.312233 -0.871301
    outer loop
      vertex 3.724 -1.465 0.109756
      vertex 3.1623 -2.45239 0.219512
      vertex 3.00961 -2.63754 0.219512
    endloop
  endfacet
  facet normal 0.0523165 0.0859409 0.994926
    outer loop
      vertex 3.13926 -0.841162 0.110393
      vertex 3.80512 -1.23913 0.109756
      vertex 3.14057 -0.834585 0.109756
    endloop
  endfacet
  facet normal 0.0523698 0.0860301 0.994915
    outer loop
      vertex 3.00261 -1.24372 0.152395
      vertex 3.80512 -1.23913 0.109756
      vertex 3.13926 -0.841162 0.110393
    endloop
  endfacet
  facet normal 0.0523698 0.0860311 0.994915
    outer loop
      vertex 2.81458 -1.625 0.195262
      vertex 3.80512 -1.23913 0.109756
      vertex 3.00261 -1.24372 0.152395
    endloop
  endfacet
  facet normal 0.052371 0.086028 0.994915
    outer loop
      vertex 3.80512 -1.23913 0.109756
      vertex 2.81458 -1.625 0.195262
      vertex 2.73538 -1.74353 0.20968
    endloop
  endfacet
  facet normal 0.0674024 0.054412 0.996241
    outer loop
      vertex 2.73538 -1.74353 0.20968
      vertex 3.1623 -2.45239 0.219512
      vertex 3.80512 -1.23913 0.109756
    endloop
  endfacet
  facet normal 0.0674044 0.0544132 0.996241
    outer loop
      vertex 3.1623 -2.45239 0.219512
      vertex 2.73538 -1.74353 0.20968
      vertex 2.66957 -1.84202 0.219512
    endloop
  endfacet
  facet normal -0.0123272 -0.0857429 -0.996241
    outer loop
      vertex 2.8964 -1.45908 0.119487
      vertex 3.724 -1.465 0.109756
      vertex 3.00961 -2.63754 0.219512
    endloop
  endfacet
  facet normal -0.0123273 -0.0857491 -0.99624
    outer loop
      vertex 3.724 -1.465 0.109756
      vertex 2.8964 -1.45908 0.119487
      vertex 2.94847 -1.35351 0.109756
    endloop
  endfacet
  facet normal -0.0471824 -0.0889788 -0.994915
    outer loop
      vertex 3.00961 -2.63754 0.219512
      vertex 2.81458 -1.625 0.138206
      vertex 2.8964 -1.45908 0.119487
    endloop
  endfacet
  facet normal -0.0471871 -0.0889797 -0.994915
    outer loop
      vertex 3.00961 -2.63754 0.219512
      vertex 2.5784 -1.97847 0.18102
      vertex 2.81458 -1.625 0.138206
    endloop
  endfacet
  facet normal -0.0471849 -0.0889782 -0.994915
    outer loop
      vertex 2.5784 -1.97847 0.18102
      vertex 3.00961 -2.63754 0.219512
      vertex 2.32077 -2.27225 0.219512
    endloop
  endfacet
  facet normal 0.378587 -0.312214 0.871317
    outer loop
      vertex 3.00961 -2.63754 0.219512
      vertex 3.1623 -2.45239 0.219512
      vertex 2.14722 -3.37696 0.329268
    endloop
  endfacet
  facet normal 0.250761 -0.421799 -0.871324
    outer loop
      vertex 3.00961 -2.63754 0.219512
      vertex 2.14722 -3.37696 0.329268
      vertex 1.94093 -3.4996 0.329268
    endloop
  endfacet
  facet normal 0.0783691 0.0632646 0.994915
    outer loop
      vertex 2.5784 -1.97847 0.23537
      vertex 3.1623 -2.45239 0.219512
      vertex 2.66957 -1.84202 0.219512
    endloop
  endfacet
  facet normal 0.0783666 0.0632614 0.994915
    outer loop
      vertex 2.2981 -2.2981 0.277772
      vertex 3.1623 -2.45239 0.219512
      vertex 2.5784 -1.97847 0.23537
    endloop
  endfacet
  facet normal 0.0783671 0.0632648 0.994915
    outer loop
      vertex 3.1623 -2.45239 0.219512
      vertex 2.2981 -2.2981 0.277772
      vertex 1.99417 -2.56463 0.31866
    endloop
  endfacet
  facet normal 0.0818271 0.0284266 0.996241
    outer loop
      vertex 1.99417 -2.56463 0.31866
      vertex 2.14722 -3.37696 0.329268
      vertex 3.1623 -2.45239 0.219512
    endloop
  endfacet
  facet normal 0.0818031 0.0284221 0.996243
    outer loop
      vertex 1.97847 -2.5784 0.320342
      vertex 2.14722 -3.37696 0.329268
      vertex 1.99417 -2.56463 0.31866
    endloop
  endfacet
  facet normal 0.081836 0.028429 0.99624
    outer loop
      vertex 2.14722 -3.37696 0.329268
      vertex 1.97847 -2.5784 0.320342
      vertex 1.89028 -2.63733 0.329268
    endloop
  endfacet
  facet normal -0.0405799 -0.076523 -0.996242
    outer loop
      vertex 3.00961 -2.63754 0.219512
      vertex 2.2981 -2.2981 0.222421
      vertex 2.32077 -2.27225 0.219512
    endloop
  endfacet
  facet normal -0.0405852 -0.076534 -0.996241
    outer loop
      vertex 3.00961 -2.63754 0.219512
      vertex 2.23168 -2.35634 0.229601
      vertex 2.2981 -2.2981 0.222421
    endloop
  endfacet
  facet normal -0.0405834 -0.0765292 -0.996241
    outer loop
      vertex 2.23168 -2.35634 0.229601
      vertex 3.00961 -2.63754 0.219512
      vertex 1.94093 -3.4996 0.329268
    endloop
  endfacet
  facet normal -0.0744823 -0.0677925 -0.994915
    outer loop
      vertex 1.94093 -3.4996 0.329268
      vertex 1.97847 -2.5784 0.263688
      vertex 2.23168 -2.35634 0.229601
    endloop
  endfacet
  facet normal -0.0744855 -0.0677924 -0.994915
    outer loop
      vertex 1.94093 -3.4996 0.329268
      vertex 1.625 -2.81458 0.306244
      vertex 1.97847 -2.5784 0.263688
    endloop
  endfacet
  facet normal -0.074486 -0.0677926 -0.994915
    outer loop
      vertex 1.625 -2.81458 0.306244
      vertex 1.94093 -3.4996 0.329268
      vertex 1.41274 -2.91926 0.329268
    endloop
  endfacet
  facet normal 0.250771 -0.421816 0.871312
    outer loop
      vertex 1.94093 -3.4996 0.329268
      vertex 2.14722 -3.37696 0.329268
      vertex 0.879364 -3.90399 0.439024
    endloop
  endfacet
  facet normal 0.0934222 -0.481731 -0.871325
    outer loop
      vertex 1.94093 -3.4996 0.329268
      vertex 0.879364 -3.90399 0.439024
      vertex 0.643764 -3.94968 0.439024
    endloop
  endfacet
  facet normal 0.0951373 0.0330497 0.994915
    outer loop
      vertex 1.625 -2.81458 0.360523
      vertex 2.14722 -3.37696 0.329268
      vertex 1.89028 -2.63733 0.329268
    endloop
  endfacet
  facet normal 0.0951383 0.0330507 0.994915
    outer loop
      vertex 1.24372 -3.00261 0.403229
      vertex 2.14722 -3.37696 0.329268
      vertex 1.625 -2.81458 0.360523
    endloop
  endfacet
  facet normal 0.0951418 0.0330593 0.994915
    outer loop
      vertex 2.14722 -3.37696 0.329268
      vertex 1.24372 -3.00261 0.403229
      vertex 1.0002 -3.08527 0.429263
    endloop
  endfacet
  facet normal 0.0866148 -0.000906133 0.996241
    outer loop
      vertex 0.879364 -3.90399 0.439024
      vertex 1.0002 -3.08527 0.429263
      vertex 0.887529 -3.12352 0.439024
    endloop
  endfacet
  facet normal 0.0866198 -0.000906875 0.996241
    outer loop
      vertex 1.0002 -3.08527 0.429263
      vertex 0.879364 -3.90399 0.439024
      vertex 2.14722 -3.37696 0.329268
    endloop
  endfacet
  facet normal -0.0640583 -0.058302 -0.996242
    outer loop
      vertex 1.94093 -3.4996 0.329268
      vertex 1.30286 -2.97344 0.339504
      vertex 1.41274 -2.91926 0.329268
    endloop
  endfacet
  facet normal -0.064063 -0.0583076 -0.996241
    outer loop
      vertex 1.30286 -2.97344 0.339504
      vertex 1.94093 -3.4996 0.329268
      vertex 0.643764 -3.94968 0.439024
    endloop
  endfacet
  facet normal -0.0930276 -0.0386173 -0.994914
    outer loop
      vertex 0.643764 -3.94968 0.439024
      vertex 1.24372 -3.00261 0.346166
      vertex 1.30286 -2.97344 0.339504
    endloop
  endfacet
  facet normal -0.0930168 -0.0386242 -0.994915
    outer loop
      vertex 0.643764 -3.94968 0.439024
      vertex 0.841162 -3.13926 0.389107
      vertex 1.24372 -3.00261 0.346166
    endloop
  endfacet
  facet normal -0.0930152 -0.0386246 -0.994915
    outer loop
      vertex 0.643764 -3.94968 0.439024
      vertex 0.42421 -3.2222 0.431308
      vertex 0.841162 -3.13926 0.389107
    endloop
  endfacet
  facet normal -0.0930176 -0.0386253 -0.994915
    outer loop
      vertex 0.42421 -3.2222 0.431308
      vertex 0.643764 -3.94968 0.439024
      vertex 0.343864 -3.22746 0.439024
    endloop
  endfacet
  facet normal 0.0934291 -0.481766 0.871305
    outer loop
      vertex 0.643764 -3.94968 0.439024
      vertex 0.879364 -3.90399 0.439024
      vertex -0.492008 -3.97144 0.54878
    endloop
  endfacet
  facet normal -0.0749124 -0.484921 -0.871344
    outer loop
      vertex 0.643764 -3.94968 0.439024
      vertex -0.492008 -3.97144 0.54878
      vertex -0.729185 -3.9348 0.54878
    endloop
  endfacet
  facet normal 0.100714 -0.00105363 0.994915
    outer loop
      vertex 0.841162 -3.13926 0.443701
      vertex 0.879364 -3.90399 0.439024
      vertex 0.887529 -3.12352 0.439024
    endloop
  endfacet
  facet normal 0.10071 -0.00105383 0.994915
    outer loop
      vertex 0.42421 -3.2222 0.485819
      vertex 0.879364 -3.90399 0.439024
      vertex 0.841162 -3.13926 0.443701
    endloop
  endfacet
  facet normal 0.100712 -0.00105247 0.994915
    outer loop
      vertex 0 -3.25 0.528731
      vertex 0.879364 -3.90399 0.439024
      vertex 0.42421 -3.2222 0.485819
    endloop
  endfacet
  facet normal 0.100712 -0.00105264 0.994915
    outer loop
      vertex 0.879364 -3.90399 0.439024
      vertex 0 -3.25 0.528731
      vertex -0.0989476 -3.24351 0.538754
    endloop
  endfacet
  facet normal 0.0812116 -0.0301303 0.996241
    outer loop
      vertex -0.492008 -3.97144 0.54878
      vertex -0.0989476 -3.24351 0.538754
      vertex -0.219019 -3.23564 0.54878
    endloop
  endfacet
  facet normal 0.0812149 -0.0301321 0.996241
    outer loop
      vertex -0.0989476 -3.24351 0.538754
      vertex -0.492008 -3.97144 0.54878
      vertex 0.879364 -3.90399 0.439024
    endloop
  endfacet
  facet normal -0.0799988 -0.0332193 -0.996241
    outer loop
      vertex 0.643764 -3.94968 0.439024
      vertex 0.226062 -3.23518 0.448741
      vertex 0.343864 -3.22746 0.439024
    endloop
  endfacet
  facet normal -0.0800013 -0.0332208 -0.996241
    outer loop
      vertex 0.226062 -3.23518 0.448741
      vertex 0.643764 -3.94968 0.439024
      vertex -0.729185 -3.9348 0.54878
    endloop
  endfacet
  facet normal -0.100599 -0.00490717 -0.994915
    outer loop
      vertex -0.729185 -3.9348 0.54878
      vertex 0 -3.25 0.471672
      vertex 0.226062 -3.23518 0.448741
    endloop
  endfacet
  facet normal -0.100597 -0.00491 -0.994915
    outer loop
      vertex -0.729185 -3.9348 0.54878
      vertex -0.42421 -3.2222 0.514427
      vertex 0 -3.25 0.471672
    endloop
  endfacet
  facet normal -0.100595 -0.00491054 -0.994915
    outer loop
      vertex -0.42421 -3.2222 0.514427
      vertex -0.729185 -3.9348 0.54878
      vertex -0.767302 -3.15395 0.54878
    endloop
  endfacet
  facet normal -0.0749283 -0.485024 0.871285
    outer loop
      vertex -0.729185 -3.9348 0.54878
      vertex -0.492008 -3.97144 0.54878
      vertex -1.80546 -3.57137 0.658536
    endloop
  endfacet
  facet normal -0.23443 -0.431115 -0.871311
    outer loop
      vertex -0.729185 -3.9348 0.54878
      vertex -1.80546 -3.57137 0.658536
      vertex -2.0163 -3.45672 0.658536
    endloop
  endfacet
  facet normal 0.0944277 -0.0350336 0.994915
    outer loop
      vertex -0.42421 -3.2222 0.568728
      vertex -0.492008 -3.97144 0.54878
      vertex -0.219019 -3.23564 0.54878
    endloop
  endfacet
  facet normal 0.0944264 -0.0350335 0.994915
    outer loop
      vertex -0.841162 -3.13926 0.611221
      vertex -0.492008 -3.97144 0.54878
      vertex -0.42421 -3.2222 0.568728
    endloop
  endfacet
  facet normal 0.0944272 -0.0350331 0.994915
    outer loop
      vertex -0.492008 -3.97144 0.54878
      vertex -0.841162 -3.13926 0.611221
      vertex -1.18767 -3.02163 0.64825
    endloop
  endfacet
  facet normal 0.066252 -0.0558127 0.996241
    outer loop
      vertex -1.80546 -3.57137 0.658536
      vertex -1.18767 -3.02163 0.64825
      vertex -1.24372 -3.00261 0.653043
    endloop
  endfacet
  facet normal 0.0662474 -0.0558081 0.996241
    outer loop
      vertex -1.80546 -3.57137 0.658536
      vertex -1.24372 -3.00261 0.653043
      vertex -1.30208 -2.97383 0.658536
    endloop
  endfacet
  facet normal 0.0662495 -0.0558099 0.996241
    outer loop
      vertex -1.18767 -3.02163 0.64825
      vertex -1.80546 -3.57137 0.658536
      vertex -0.492008 -3.97144 0.54878
    endloop
  endfacet
  facet normal -0.0865308 -0.00422398 -0.99624
    outer loop
      vertex -0.729185 -3.9348 0.54878
      vertex -0.841162 -3.13926 0.555133
      vertex -0.767302 -3.15395 0.54878
    endloop
  endfacet
  facet normal -0.0865255 -0.00422323 -0.996241
    outer loop
      vertex -0.729185 -3.9348 0.54878
      vertex -0.888087 -3.12333 0.559141
      vertex -0.841162 -3.13926 0.555133
    endloop
  endfacet
  facet normal -0.0865206 -0.00422228 -0.996241
    outer loop
      vertex -0.888087 -3.12333 0.559141
      vertex -0.729185 -3.9348 0.54878
      vertex -2.0163 -3.45672 0.658536
    endloop
  endfacet
  facet normal -0.0963321 0.0293814 -0.994916
    outer loop
      vertex -1.625 -2.81458 0.639612
      vertex -2.0163 -3.45672 0.658536
      vertex -1.78736 -2.7061 0.658536
    endloop
  endfacet
  facet normal -0.096334 0.0293826 -0.994915
    outer loop
      vertex -1.24372 -3.00261 0.597141
      vertex -2.0163 -3.45672 0.658536
      vertex -1.625 -2.81458 0.639612
    endloop
  endfacet
  facet normal -0.0963343 0.029383 -0.994915
    outer loop
      vertex -2.0163 -3.45672 0.658536
      vertex -1.24372 -3.00261 0.597141
      vertex -0.888087 -3.12333 0.559141
    endloop
  endfacet
  facet normal -0.23443 -0.431114 0.871311
    outer loop
      vertex -2.0163 -3.45672 0.658536
      vertex -1.80546 -3.57137 0.658536
      vertex -2.90638 -2.75089 0.768292
    endloop
  endfacet
  facet normal -0.366321 -0.326452 -0.871343
    outer loop
      vertex -2.0163 -3.45672 0.658536
      vertex -2.90638 -2.75089 0.768292
      vertex -3.06605 -2.57172 0.768292
    endloop
  endfacet
  facet normal 0.0770268 -0.064889 0.994915
    outer loop
      vertex -1.625 -2.81458 0.693923
      vertex -1.80546 -3.57137 0.658536
      vertex -1.30208 -2.97383 0.658536
    endloop
  endfacet
  facet normal 0.0770301 -0.0648897 0.994915
    outer loop
      vertex -1.97847 -2.5784 0.736694
      vertex -1.80546 -3.57137 0.658536
      vertex -1.625 -2.81458 0.693923
    endloop
  endfacet
  facet normal 0.0770241 -0.0648908 0.994915
    outer loop
      vertex -1.80546 -3.57137 0.658536
      vertex -1.97847 -2.5784 0.736694
      vertex -2.14105 -2.43582 0.75858
    endloop
  endfacet
  facet normal 0.0434818 -0.0749117 0.996242
    outer loop
      vertex -2.90638 -2.75089 0.768292
      vertex -2.14105 -2.43582 0.75858
      vertex -2.22967 -2.3581 0.768292
    endloop
  endfacet
  facet normal 0.043485 -0.0749195 0.996241
    outer loop
      vertex -2.14105 -2.43582 0.75858
      vertex -2.90638 -2.75089 0.768292
      vertex -1.80546 -3.57137 0.658536
    endloop
  endfacet
  facet normal -0.0828582 0.0252718 -0.996241
    outer loop
      vertex -2.0163 -3.45672 0.658536
      vertex -1.88693 -2.63957 0.668505
      vertex -1.78736 -2.7061 0.658536
    endloop
  endfacet
  facet normal -0.0828561 0.0252715 -0.996241
    outer loop
      vertex -1.88693 -2.63957 0.668505
      vertex -2.0163 -3.45672 0.658536
      vertex -3.06605 -2.57172 0.768292
    endloop
  endfacet
  facet normal -0.0807377 0.0602198 -0.994915
    outer loop
      vertex -2.5784 -1.97847 0.764627
      vertex -3.06605 -2.57172 0.768292
      vertex -2.59974 -1.94653 0.768292
    endloop
  endfacet
  facet normal -0.0807325 0.0602155 -0.994915
    outer loop
      vertex -2.2981 -2.2981 0.722537
      vertex -3.06605 -2.57172 0.768292
      vertex -2.5784 -1.97847 0.764627
    endloop
  endfacet
  facet normal -0.0807324 0.0602153 -0.994915
    outer loop
      vertex -1.97847 -2.5784 0.679636
      vertex -3.06605 -2.57172 0.768292
      vertex -2.2981 -2.2981 0.722537
    endloop
  endfacet
  facet normal -0.0807323 0.0602282 -0.994914
    outer loop
      vertex -3.06605 -2.57172 0.768292
      vertex -1.97847 -2.5784 0.679636
      vertex -1.88693 -2.63957 0.668505
    endloop
  endfacet
  facet normal -0.366377 -0.326502 0.8713
    outer loop
      vertex -3.06605 -2.57172 0.768292
      vertex -2.90638 -2.75089 0.768292
      vertex -3.66515 -1.60656 0.878048
    endloop
  endfacet
  facet normal -0.455215 -0.183485 -0.87127
    outer loop
      vertex -3.06605 -2.57172 0.768292
      vertex -3.66515 -1.60656 0.878048
      vertex -3.75487 -1.38397 0.878048
    endloop
  endfacet
  facet normal 0.0505624 -0.0871103 0.994915
    outer loop
      vertex -2.2981 -2.2981 0.777023
      vertex -2.90638 -2.75089 0.768292
      vertex -2.22967 -2.3581 0.768292
    endloop
  endfacet
  facet normal 0.050559 -0.0871057 0.994915
    outer loop
      vertex -2.5784 -1.97847 0.819251
      vertex -2.90638 -2.75089 0.768292
      vertex -2.2981 -2.2981 0.777023
    endloop
  endfacet
  facet normal 0.0505598 -0.0871061 0.994915
    outer loop
      vertex -2.81458 -1.625 0.8622
      vertex -2.90638 -2.75089 0.768292
      vertex -2.5784 -1.97847 0.819251
    endloop
  endfacet
  facet normal 0.0505527 -0.0871056 0.994916
    outer loop
      vertex -2.90638 -2.75089 0.768292
      vertex -2.81458 -1.625 0.8622
      vertex -2.83879 -1.57591 0.867728
    endloop
  endfacet
  facet normal 0.0156022 -0.0852141 0.99624
    outer loop
      vertex -3.66515 -1.60656 0.878048
      vertex -2.83879 -1.57591 0.867728
      vertex -2.89336 -1.46525 0.878048
    endloop
  endfacet
  facet normal 0.0156019 -0.0852072 0.996241
    outer loop
      vertex -2.83879 -1.57591 0.867728
      vertex -3.66515 -1.60656 0.878048
      vertex -2.90638 -2.75089 0.768292
    endloop
  endfacet
  facet normal -0.0694352 0.0517896 -0.996241
    outer loop
      vertex -3.06605 -2.57172 0.768292
      vertex -2.66609 -1.84724 0.778078
      vertex -2.59974 -1.94653 0.768292
    endloop
  endfacet
  facet normal -0.0694367 0.0517904 -0.996241
    outer loop
      vertex -2.66609 -1.84724 0.778078
      vertex -3.06605 -2.57172 0.768292
      vertex -3.75487 -1.38397 0.878048
    endloop
  endfacet
  facet normal -0.0556267 0.0839605 -0.994915
    outer loop
      vertex -3.00261 -1.24372 0.847824
      vertex -3.75487 -1.38397 0.878048
      vertex -3.10186 -0.951328 0.878048
    endloop
  endfacet
  facet normal -0.0556267 0.0839604 -0.994915
    outer loop
      vertex -2.81458 -1.625 0.805135
      vertex -3.75487 -1.38397 0.878048
      vertex -3.00261 -1.24372 0.847824
    endloop
  endfacet
  facet normal -0.0556267 0.0839606 -0.994915
    outer loop
      vertex -3.75487 -1.38397 0.878048
      vertex -2.81458 -1.625 0.805135
      vertex -2.66609 -1.84724 0.778078
    endloop
  endfacet
  facet normal -0.455076 -0.183429 0.871355
    outer loop
      vertex -3.75487 -1.38397 0.878048
      vertex -3.66515 -1.60656 0.878048
      vertex -3.99247 -0.273117 0.987804
    endloop
  endfacet
  facet normal -0.490349 -0.0187909 -0.871324
    outer loop
      vertex -3.75487 -1.38397 0.878048
      vertex -3.99247 -0.273117 0.987804
      vertex -4.00166 -0.0333033 0.987804
    endloop
  endfacet
  facet normal 0.0181384 -0.099066 0.994916
    outer loop
      vertex -3.00261 -1.24372 0.902098
      vertex -3.66515 -1.60656 0.878048
      vertex -2.89336 -1.46525 0.878048
    endloop
  endfacet
  facet normal 0.0181408 -0.0990704 0.994915
    outer loop
      vertex -3.13926 -0.841162 0.944675
      vertex -3.66515 -1.60656 0.878048
      vertex -3.00261 -1.24372 0.902098
    endloop
  endfacet
  facet normal 0.0181385 -0.0990688 0.994915
    outer loop
      vertex -3.66515 -1.60656 0.878048
      vertex -3.13926 -0.841162 0.944675
      vertex -3.20305 -0.520459 0.977772
    endloop
  endfacet
  facet normal -0.0141191 -0.0854696 0.996241
    outer loop
      vertex -3.99247 -0.273117 0.987804
      vertex -3.20305 -0.520459 0.977772
      vertex -3.2222 -0.42421 0.985758
    endloop
  endfacet
  facet normal -0.0141166 -0.0854566 0.996242
    outer loop
      vertex -3.99247 -0.273117 0.987804
      vertex -3.2222 -0.42421 0.985758
      vertex -3.22378 -0.400097 0.987804
    endloop
  endfacet
  facet normal -0.0141181 -0.0854664 0.996241
    outer loop
      vertex -3.20305 -0.520459 0.977772
      vertex -3.99247 -0.273117 0.987804
      vertex -3.66515 -1.60656 0.878048
    endloop
  endfacet
  facet normal -0.047841 0.0722091 -0.996241
    outer loop
      vertex -3.75487 -1.38397 0.878048
      vertex -3.13926 -0.841162 0.887829
      vertex -3.10186 -0.951328 0.878048
    endloop
  endfacet
  facet normal -0.0478877 0.0722619 -0.996235
    outer loop
      vertex -3.75487 -1.38397 0.878048
      vertex -3.14148 -0.829991 0.888746
      vertex -3.13926 -0.841162 0.887829
    endloop
  endfacet
  facet normal -0.0478437 0.0722133 -0.996241
    outer loop
      vertex -3.14148 -0.829991 0.888746
      vertex -3.75487 -1.38397 0.878048
      vertex -4.00166 -0.0333033 0.987804
    endloop
  endfacet
  facet normal -0.0239727 0.097822 -0.994915
    outer loop
      vertex -3.2222 -0.42421 0.930588
      vertex -4.00166 -0.0333033 0.987804
      vertex -3.25 0 0.972967
    endloop
  endfacet
  facet normal -0.0239729 0.0978216 -0.994915
    outer loop
      vertex -4.00166 -0.0333033 0.987804
      vertex -3.2222 -0.42421 0.930588
      vertex -3.14148 -0.829991 0.888746
    endloop
  endfacet
  facet normal -0.0239726 0.0978189 -0.994915
    outer loop
      vertex -3.23995 0.15337 0.987804
      vertex -3.25 0 0.972967
      vertex -4.00166 -0.0333033 0.987804
    endloop
  endfacet
  facet normal -0.490385 -0.0187922 0.871303
    outer loop
      vertex -3.99247 -0.273117 0.987804
      vertex -3.84979 1.09248 1.09756
      vertex -4.00166 -0.0333033 0.987804
    endloop
  endfacet
  facet normal -0.467866 0.148062 -0.871309
    outer loop
      vertex -3.84979 1.09248 1.09756
      vertex -3.77738 1.32129 1.09756
      vertex -4.00166 -0.0333033 0.987804
    endloop
  endfacet
  facet normal -0.01641 -0.0993753 0.994915
    outer loop
      vertex -3.2222 0.42421 1.07016
      vertex -3.99247 -0.273117 0.987804
      vertex -3.25 0 1.02733
    endloop
  endfacet
  facet normal -0.0164297 -0.0993537 0.994917
    outer loop
      vertex -3.99247 -0.273117 0.987804
      vertex -3.2222 0.42421 1.07016
      vertex -3.18816 0.595326 1.08781
    endloop
  endfacet
  facet normal -0.016414 -0.0993644 0.994916
    outer loop
      vertex -3.22378 -0.400097 0.987804
      vertex -3.25 0 1.02733
      vertex -3.99247 -0.273117 0.987804
    endloop
  endfacet
  facet normal -0.0421856 -0.0756799 0.996239
    outer loop
      vertex -3.84979 1.09248 1.09756
      vertex -3.18816 0.595326 1.08781
      vertex -3.16518 0.710864 1.09756
    endloop
  endfacet
  facet normal -0.0421734 -0.0756637 0.996241
    outer loop
      vertex -3.18816 0.595326 1.08781
      vertex -3.84979 1.09248 1.09756
      vertex -3.99247 -0.273117 0.987804
    endloop
  endfacet
  facet normal -0.0206202 0.0841395 -0.996241
    outer loop
      vertex -4.00166 -0.0333033 0.987804
      vertex -3.23222 0.271288 0.997603
      vertex -3.23995 0.15337 0.987804
    endloop
  endfacet
  facet normal -0.0206181 0.0841342 -0.996241
    outer loop
      vertex -3.23222 0.271288 0.997603
      vertex -4.00166 -0.0333033 0.987804
      vertex -3.77738 1.32129 1.09756
    endloop
  endfacet
  facet normal 0.0105035 0.100163 -0.994916
    outer loop
      vertex -3.13926 0.841162 1.05596
      vertex -3.77738 1.32129 1.09756
      vertex -3.00381 1.24017 1.09756
    endloop
  endfacet
  facet normal 0.0105158 0.100179 -0.994914
    outer loop
      vertex -3.2222 0.42421 1.0131
      vertex -3.77738 1.32129 1.09756
      vertex -3.13926 0.841162 1.05596
    endloop
  endfacet
  facet normal 0.0104512 0.100139 -0.994919
    outer loop
      vertex -3.77738 1.32129 1.09756
      vertex -3.2222 0.42421 1.0131
      vertex -3.23222 0.271288 0.997603
    endloop
  endfacet
  facet normal -0.467846 0.148056 0.87132
    outer loop
      vertex -3.25391 2.32947 1.20732
      vertex -3.77738 1.32129 1.09756
      vertex -3.84979 1.09248 1.09756
    endloop
  endfacet
  facet normal -0.390332 0.297525 -0.871275
    outer loop
      vertex -3.25391 2.32947 1.20732
      vertex -3.10843 2.52033 1.20732
      vertex -3.77738 1.32129 1.09756
    endloop
  endfacet
  facet normal -0.0490424 -0.0879808 0.994914
    outer loop
      vertex -3.13926 0.841162 1.11036
      vertex -3.84979 1.09248 1.09756
      vertex -3.16518 0.710864 1.09756
    endloop
  endfacet
  facet normal -0.049039 -0.0879714 0.994915
    outer loop
      vertex -3.00261 1.24372 1.15269
      vertex -3.84979 1.09248 1.09756
      vertex -3.13926 0.841162 1.11036
    endloop
  endfacet
  facet normal -0.0490396 -0.0879683 0.994915
    outer loop
      vertex -2.81458 1.625 1.19567
      vertex -3.84979 1.09248 1.09756
      vertex -3.00261 1.24372 1.15269
    endloop
  endfacet
  facet normal -0.0487207 -0.0885811 0.994877
    outer loop
      vertex -3.84979 1.09248 1.09756
      vertex -2.81458 1.625 1.19567
      vertex -2.80948 1.63264 1.1966
    endloop
  endfacet
  facet normal -0.065271 -0.0569552 0.996241
    outer loop
      vertex -3.25391 2.32947 1.20732
      vertex -2.80948 1.63264 1.1966
      vertex -2.73852 1.73883 1.20732
    endloop
  endfacet
  facet normal -0.0652715 -0.0569555 0.996241
    outer loop
      vertex -2.80948 1.63264 1.1966
      vertex -3.25391 2.32947 1.20732
      vertex -3.84979 1.09248 1.09756
    endloop
  endfacet
  facet normal 0.00903389 0.0861208 -0.996244
    outer loop
      vertex -3.77738 1.32129 1.09756
      vertex -2.95048 1.34942 1.10749
      vertex -3.00261 1.24372 1.09788
    endloop
  endfacet
  facet normal 0.0090942 0.0867234 -0.996191
    outer loop
      vertex -3.77738 1.32129 1.09756
      vertex -3.00261 1.24372 1.09788
      vertex -3.00381 1.24017 1.09756
    endloop
  endfacet
  facet normal 0.00903264 0.0861564 -0.996241
    outer loop
      vertex -2.95048 1.34942 1.10749
      vertex -3.77738 1.32129 1.09756
      vertex -3.10843 2.52033 1.20732
    endloop
  endfacet
  facet normal 0.043748 0.0907337 -0.994914
    outer loop
      vertex -2.5784 1.97847 1.18121
      vertex -3.10843 2.52033 1.20732
      vertex -2.40194 2.17969 1.20732
    endloop
  endfacet
  facet normal 0.0437296 0.0907158 -0.994916
    outer loop
      vertex -2.81458 1.625 1.1386
      vertex -3.10843 2.52033 1.20732
      vertex -2.5784 1.97847 1.18121
    endloop
  endfacet
  facet normal 0.0437716 0.0907293 -0.994913
    outer loop
      vertex -3.10843 2.52033 1.20732
      vertex -2.81458 1.625 1.1386
      vertex -2.95048 1.34942 1.10749
    endloop
  endfacet
  facet normal -0.390227 0.297444 0.871349
    outer loop
      vertex -2.27499 3.29224 1.31707
      vertex -3.10843 2.52033 1.20732
      vertex -3.25391 2.32947 1.20732
    endloop
  endfacet
  facet normal -0.26672 0.411867 -0.871336
    outer loop
      vertex -2.27499 3.29224 1.31707
      vertex -2.07355 3.42269 1.31707
      vertex -3.10843 2.52033 1.20732
    endloop
  endfacet
  facet normal -0.0758793 -0.066212 0.994916
    outer loop
      vertex -2.5784 1.97847 1.23548
      vertex -3.25391 2.32947 1.20732
      vertex -2.73852 1.73883 1.20732
    endloop
  endfacet
  facet normal -0.0758803 -0.0662138 0.994916
    outer loop
      vertex -2.2981 2.2981 1.27813
      vertex -3.25391 2.32947 1.20732
      vertex -2.5784 1.97847 1.23548
    endloop
  endfacet
  facet normal -0.0758805 -0.0662233 0.994915
    outer loop
      vertex -3.25391 2.32947 1.20732
      vertex -2.2981 2.2981 1.27813
      vertex -2.08204 2.48757 1.30722
    endloop
  endfacet
  facet normal -0.0806916 -0.0315439 0.99624
    outer loop
      vertex -2.27499 3.29224 1.31707
      vertex -2.08204 2.48757 1.30722
      vertex -1.99148 2.567 1.31707
    endloop
  endfacet
  facet normal -0.0806729 -0.0315394 0.996242
    outer loop
      vertex -2.08204 2.48757 1.30722
      vertex -2.27499 3.29224 1.31707
      vertex -3.25391 2.32947 1.20732
    endloop
  endfacet
  facet normal 0.0376027 0.0779883 -0.996245
    outer loop
      vertex -3.10843 2.52033 1.20732
      vertex -2.31927 2.27396 1.21782
      vertex -2.40194 2.17969 1.20732
    endloop
  endfacet
  facet normal 0.0376153 0.0780289 -0.996241
    outer loop
      vertex -2.31927 2.27396 1.21782
      vertex -3.10843 2.52033 1.20732
      vertex -2.07355 3.42269 1.31707
    endloop
  endfacet
  facet normal 0.071811 0.070573 -0.994918
    outer loop
      vertex -1.625 2.81458 1.30631
      vertex -2.07355 3.42269 1.31707
      vertex -1.52459 2.8641 1.31707
    endloop
  endfacet
  facet normal 0.0718376 0.0705926 -0.994915
    outer loop
      vertex -1.97847 2.5784 1.26403
      vertex -2.07355 3.42269 1.31707
      vertex -1.625 2.81458 1.30631
    endloop
  endfacet
  facet normal 0.0718459 0.0705935 -0.994914
    outer loop
      vertex -2.2981 2.2981 1.22106
      vertex -2.07355 3.42269 1.31707
      vertex -1.97847 2.5784 1.26403
    endloop
  endfacet
  facet normal 0.0717495 0.0706132 -0.99492
    outer loop
      vertex -2.07355 3.42269 1.31707
      vertex -2.2981 2.2981 1.22106
      vertex -2.31927 2.27396 1.21782
    endloop
  endfacet
  facet normal -0.266748 0.411911 0.871306
    outer loop
      vertex -1.02825 3.86744 1.42683
      vertex -2.07355 3.42269 1.31707
      vertex -2.27499 3.29224 1.31707
    endloop
  endfacet
  facet normal -0.11181 0.477819 -0.871313
    outer loop
      vertex -1.02825 3.86744 1.42683
      vertex -0.794575 3.92212 1.42683
      vertex -2.07355 3.42269 1.31707
    endloop
  endfacet
  facet normal -0.0939845 -0.0367403 0.994896
    outer loop
      vertex -1.97847 2.5784 1.31872
      vertex -2.27499 3.29224 1.31707
      vertex -1.99148 2.567 1.31707
    endloop
  endfacet
  facet normal -0.0938035 -0.0366651 0.994915
    outer loop
      vertex -1.625 2.81458 1.36075
      vertex -2.27499 3.29224 1.31707
      vertex -1.97847 2.5784 1.31872
    endloop
  endfacet
  facet normal -0.0938073 -0.0366703 0.994915
    outer loop
      vertex -1.24372 3.00261 1.40363
      vertex -2.27499 3.29224 1.31707
      vertex -1.625 2.81458 1.36075
    endloop
  endfacet
  facet normal -0.0938134 -0.0366923 0.994913
    outer loop
      vertex -2.27499 3.29224 1.31707
      vertex -1.24372 3.00261 1.40363
      vertex -1.11892 3.04497 1.41696
    endloop
  endfacet
  facet normal -0.0865694 -0.00241185 0.996243
    outer loop
      vertex -1.02825 3.86744 1.42683
      vertex -1.11892 3.04497 1.41696
      vertex -1.0064 3.08317 1.42683
    endloop
  endfacet
  facet normal -0.0865952 -0.00240897 0.996241
    outer loop
      vertex -1.11892 3.04497 1.41696
      vertex -1.02825 3.86744 1.42683
      vertex -2.27499 3.29224 1.31707
    endloop
  endfacet
  facet normal 0.0617873 0.0607221 -0.996241
    outer loop
      vertex -2.07355 3.42269 1.31707
      vertex -1.41903 2.91616 1.32679
      vertex -1.52459 2.8641 1.31707
    endloop
  endfacet
  facet normal 0.0617855 0.0607198 -0.996241
    outer loop
      vertex -1.41903 2.91616 1.32679
      vertex -2.07355 3.42269 1.31707
      vertex -0.794575 3.92212 1.42683
    endloop
  endfacet
  facet normal 0.0914769 0.0421632 -0.994914
    outer loop
      vertex -0.841162 3.13926 1.38937
      vertex -0.794575 3.92212 1.42683
      vertex -0.467956 3.21349 1.42683
    endloop
  endfacet
  facet normal 0.0914668 0.0421638 -0.994915
    outer loop
      vertex -1.24372 3.00261 1.34657
      vertex -0.794575 3.92212 1.42683
      vertex -0.841162 3.13926 1.38937
    endloop
  endfacet
  facet normal 0.0914617 0.0421663 -0.994915
    outer loop
      vertex -0.794575 3.92212 1.42683
      vertex -1.24372 3.00261 1.34657
      vertex -1.41903 2.91616 1.32679
    endloop
  endfacet
  facet normal -0.11181 0.47782 0.871313
    outer loop
      vertex 0.33953 3.98737 1.53658
      vertex -0.794575 3.92212 1.42683
      vertex -1.02825 3.86744 1.42683
    endloop
  endfacet
  facet normal 0.0562721 0.487486 -0.871316
    outer loop
      vertex 0.33953 3.98737 1.53658
      vertex 0.577936 3.95985 1.53658
      vertex -0.794575 3.92212 1.42683
    endloop
  endfacet
  facet normal -0.100684 -0.00280509 0.994915
    outer loop
      vertex -0.841162 3.13926 1.44371
      vertex -1.02825 3.86744 1.42683
      vertex -1.0064 3.08317 1.42683
    endloop
  endfacet
  facet normal -0.100664 -0.00279995 0.994917
    outer loop
      vertex -0.42421 3.2222 1.48613
      vertex -1.02825 3.86744 1.42683
      vertex -0.841162 3.13926 1.44371
    endloop
  endfacet
  facet normal -0.100677 -0.0028123 0.994915
    outer loop
      vertex -1.02825 3.86744 1.42683
      vertex -0.42421 3.2222 1.48613
      vertex -0.0303337 3.24801 1.52606
    endloop
  endfacet
  facet normal -0.0822207 0.0269697 0.996249
    outer loop
      vertex 0.33953 3.98737 1.53658
      vertex 0 3.25 1.52852
      vertex 0.0956045 3.24373 1.53658
    endloop
  endfacet
  facet normal -0.0825709 0.0271313 0.996216
    outer loop
      vertex 0.33953 3.98737 1.53658
      vertex -0.0303337 3.24801 1.52606
      vertex 0 3.25 1.52852
    endloop
  endfacet
  facet normal -0.0823052 0.026998 0.996241
    outer loop
      vertex -0.0303337 3.24801 1.52606
      vertex 0.33953 3.98737 1.53658
      vertex -1.02825 3.86744 1.42683
    endloop
  endfacet
  facet normal 0.0786798 0.0362676 -0.99624
    outer loop
      vertex -0.794575 3.92212 1.42683
      vertex -0.345796 3.22734 1.43698
      vertex -0.42421 3.2222 1.4306
    endloop
  endfacet
  facet normal 0.0786389 0.0362459 -0.996244
    outer loop
      vertex -0.794575 3.92212 1.42683
      vertex -0.42421 3.2222 1.4306
      vertex -0.467956 3.21349 1.42683
    endloop
  endfacet
  facet normal 0.0786656 0.0362584 -0.996241
    outer loop
      vertex -0.345796 3.22734 1.43698
      vertex -0.794575 3.92212 1.42683
      vertex 0.577936 3.95985 1.53658
    endloop
  endfacet
  facet normal 0.1003 0.00875695 -0.994919
    outer loop
      vertex 0.42421 3.2222 1.51459
      vertex 0.577936 3.95985 1.53658
      vertex 0.646194 3.17804 1.53658
    endloop
  endfacet
  facet normal 0.100344 0.00874767 -0.994914
    outer loop
      vertex 0 3.25 1.47205
      vertex 0.577936 3.95985 1.53658
      vertex 0.42421 3.2222 1.51459
    endloop
  endfacet
  facet normal 0.100328 0.00876026 -0.994916
    outer loop
      vertex 0.577936 3.95985 1.53658
      vertex 0 3.25 1.47205
      vertex -0.345796 3.22734 1.43698
    endloop
  endfacet
  facet normal 0.056271 0.487476 0.871321
    outer loop
      vertex 1.66734 3.63791 1.64634
      vertex 0.577936 3.95985 1.53658
      vertex 0.33953 3.98737 1.53658
    endloop
  endfacet
  facet normal 0.217747 0.439767 -0.871316
    outer loop
      vertex 1.66734 3.63791 1.64634
      vertex 1.88241 3.53142 1.64634
      vertex 0.577936 3.95985 1.53658
    endloop
  endfacet
  facet normal -0.0956711 0.0314193 0.994917
    outer loop
      vertex 0.33953 3.98737 1.53658
      vertex 0.841162 3.13926 1.6116
      vertex 1.07507 3.05986 1.6366
    endloop
  endfacet
  facet normal -0.095716 0.0313924 0.994914
    outer loop
      vertex 0.33953 3.98737 1.53658
      vertex 0.42421 3.2222 1.56887
      vertex 0.841162 3.13926 1.6116
    endloop
  endfacet
  facet normal -0.0957071 0.0313934 0.994914
    outer loop
      vertex 0.42421 3.2222 1.56887
      vertex 0.33953 3.98737 1.53658
      vertex 0.0956045 3.24373 1.53658
    endloop
  endfacet
  facet normal -0.0683287 0.0532232 0.996242
    outer loop
      vertex 1.66734 3.63791 1.64634
      vertex 1.07507 3.05986 1.6366
      vertex 1.18738 3.02173 1.64634
    endloop
  endfacet
  facet normal -0.0683408 0.0532356 0.996241
    outer loop
      vertex 1.07507 3.05986 1.6366
      vertex 1.66734 3.63791 1.64634
      vertex 0.33953 3.98737 1.53658
    endloop
  endfacet
  facet normal 0.0863784 0.0075415 -0.996234
    outer loop
      vertex 0.577936 3.95985 1.53658
      vertex 0.765561 3.1543 1.54675
      vertex 0.646194 3.17804 1.53658
    endloop
  endfacet
  facet normal 0.0862954 0.00752207 -0.996241
    outer loop
      vertex 0.765561 3.1543 1.54675
      vertex 0.577936 3.95985 1.53658
      vertex 1.88241 3.53142 1.64634
    endloop
  endfacet
  facet normal 0.0973652 -0.0256638 -0.994918
    outer loop
      vertex 1.625 2.81458 1.63964
      vertex 1.88241 3.53142 1.64634
      vertex 1.68321 2.77568 1.64634
    endloop
  endfacet
  facet normal 0.09738 -0.0256691 -0.994916
    outer loop
      vertex 1.24372 3.00261 1.59747
      vertex 1.88241 3.53142 1.64634
      vertex 1.625 2.81458 1.63964
    endloop
  endfacet
  facet normal 0.0974025 -0.0256965 -0.994913
    outer loop
      vertex 0.841162 3.13926 1.55453
      vertex 1.88241 3.53142 1.64634
      vertex 1.24372 3.00261 1.59747
    endloop
  endfacet
  facet normal 0.0973192 -0.0254722 -0.994927
    outer loop
      vertex 1.88241 3.53142 1.64634
      vertex 0.841162 3.13926 1.55453
      vertex 0.765561 3.1543 1.54675
    endloop
  endfacet
  facet normal 0.217763 0.439799 0.871296
    outer loop
      vertex 2.79888 2.86019 1.7561
      vertex 1.88241 3.53142 1.64634
      vertex 1.66734 3.63791 1.64634
    endloop
  endfacet
  facet normal 0.353549 0.340239 -0.871344
    outer loop
      vertex 2.79888 2.86019 1.7561
      vertex 2.96529 2.68727 1.7561
      vertex 1.88241 3.53142 1.64634
    endloop
  endfacet
  facet normal -0.0794651 0.0618913 0.994914
    outer loop
      vertex 1.66734 3.63791 1.64634
      vertex 1.97847 2.5784 1.7371
      vertex 2.04475 2.52027 1.74601
    endloop
  endfacet
  facet normal -0.0794501 0.0618958 0.994915
    outer loop
      vertex 1.66734 3.63791 1.64634
      vertex 1.625 2.81458 1.69418
      vertex 1.97847 2.5784 1.7371
    endloop
  endfacet
  facet normal -0.079462 0.0618964 0.994914
    outer loop
      vertex 1.66734 3.63791 1.64634
      vertex 1.24372 3.00261 1.65203
      vertex 1.625 2.81458 1.69418
    endloop
  endfacet
  facet normal -0.0794723 0.0619032 0.994913
    outer loop
      vertex 1.24372 3.00261 1.65203
      vertex 1.66734 3.63791 1.64634
      vertex 1.18738 3.02173 1.64634
    endloop
  endfacet
  facet normal -0.0463239 0.0732002 0.996241
    outer loop
      vertex 2.79888 2.86019 1.7561
      vertex 2.04475 2.52027 1.74601
      vertex 2.13571 2.44051 1.7561
    endloop
  endfacet
  facet normal -0.0463242 0.0732008 0.996241
    outer loop
      vertex 2.04475 2.52027 1.74601
      vertex 2.79888 2.86019 1.7561
      vertex 1.66734 3.63791 1.64634
    endloop
  endfacet
  facet normal 0.0837646 -0.0220819 -0.996241
    outer loop
      vertex 1.78158 2.70996 1.65607
      vertex 1.88241 3.53142 1.64634
      vertex 2.96529 2.68727 1.7561
    endloop
  endfacet
  facet normal 0.0837858 -0.0220845 -0.996239
    outer loop
      vertex 1.88241 3.53142 1.64634
      vertex 1.78158 2.70996 1.65607
      vertex 1.68321 2.77568 1.64634
    endloop
  endfacet
  facet normal 0.0829804 -0.0570783 -0.994915
    outer loop
      vertex 2.2981 2.2981 1.72278
      vertex 2.96529 2.68727 1.7561
      vertex 2.52199 2.0428 1.7561
    endloop
  endfacet
  facet normal 0.0829812 -0.0570795 -0.994915
    outer loop
      vertex 1.97847 2.5784 1.68004
      vertex 2.96529 2.68727 1.7561
      vertex 2.2981 2.2981 1.72278
    endloop
  endfacet
  facet normal 0.0829816 -0.0570832 -0.994915
    outer loop
      vertex 2.96529 2.68727 1.7561
      vertex 1.97847 2.5784 1.68004
      vertex 1.78158 2.70996 1.65607
    endloop
  endfacet
  facet normal 0.353619 0.340307 0.871289
    outer loop
      vertex 3.60093 1.74577 1.86585
      vertex 2.96529 2.68727 1.7561
      vertex 2.79888 2.86019 1.7561
    endloop
  endfacet
  facet normal 0.447747 0.200719 -0.871341
    outer loop
      vertex 3.60093 1.74577 1.86585
      vertex 3.6991 1.52678 1.86585
      vertex 2.96529 2.68727 1.7561
    endloop
  endfacet
  facet normal -0.0538963 0.0851065 0.994913
    outer loop
      vertex 2.79888 2.86019 1.7561
      vertex 2.5784 1.97847 1.81958
      vertex 2.77632 1.68226 1.85564
    endloop
  endfacet
  facet normal -0.0538521 0.0850957 0.994916
    outer loop
      vertex 2.79888 2.86019 1.7561
      vertex 2.2981 2.2981 1.77707
      vertex 2.5784 1.97847 1.81958
    endloop
  endfacet
  facet normal -0.0538517 0.0850953 0.994916
    outer loop
      vertex 2.2981 2.2981 1.77707
      vertex 2.79888 2.86019 1.7561
      vertex 2.13571 2.44051 1.7561
    endloop
  endfacet
  facet normal -0.0188435 0.084499 0.996245
    outer loop
      vertex 3.60093 1.74577 1.86585
      vertex 2.81458 1.625 1.86122
      vertex 2.83883 1.57582 1.86585
    endloop
  endfacet
  facet normal -0.0188468 0.0845475 0.996241
    outer loop
      vertex 2.77632 1.68226 1.85564
      vertex 3.60093 1.74577 1.86585
      vertex 2.79888 2.86019 1.7561
    endloop
  endfacet
  facet normal -0.0188427 0.0844941 0.996246
    outer loop
      vertex 3.60093 1.74577 1.86585
      vertex 2.77632 1.68226 1.85564
      vertex 2.81458 1.625 1.86122
    endloop
  endfacet
  facet normal 0.0713642 -0.0490911 -0.996242
    outer loop
      vertex 2.6006 1.94525 1.76654
      vertex 2.96529 2.68727 1.7561
      vertex 3.6991 1.52678 1.86585
    endloop
  endfacet
  facet normal 0.0714356 -0.0491261 -0.996235
    outer loop
      vertex 2.5784 1.97847 1.76331
      vertex 2.96529 2.68727 1.7561
      vertex 2.6006 1.94525 1.76654
    endloop
  endfacet
  facet normal 0.0713584 -0.0490841 -0.996242
    outer loop
      vertex 2.96529 2.68727 1.7561
      vertex 2.5784 1.97847 1.76331
      vertex 2.52199 2.0428 1.7561
    endloop
  endfacet
  facet normal 0.0587979 -0.0817606 -0.994916
    outer loop
      vertex 3.00261 1.24372 1.84795
      vertex 3.6991 1.52678 1.86585
      vertex 3.06204 1.06864 1.86585
    endloop
  endfacet
  facet normal 0.058802 -0.0817709 -0.994915
    outer loop
      vertex 2.81458 1.625 1.8055
      vertex 3.6991 1.52678 1.86585
      vertex 3.00261 1.24372 1.84795
    endloop
  endfacet
  facet normal 0.058805 -0.0817451 -0.994917
    outer loop
      vertex 3.6991 1.52678 1.86585
      vertex 2.81458 1.625 1.8055
      vertex 2.6006 1.94525 1.76654
    endloop
  endfacet
  facet normal 0.447816 0.200749 0.871298
    outer loop
      vertex 3.97908 0.425839 1.97561
      vertex 3.6991 1.52678 1.86585
      vertex 3.60093 1.74577 1.86585
    endloop
  endfacet
  facet normal 0.489284 0.0375625 -0.871315
    outer loop
      vertex 3.97908 0.425839 1.97561
      vertex 3.99745 0.186554 1.97561
      vertex 3.6991 1.52678 1.86585
    endloop
  endfacet
  facet normal -0.0219478 0.0983185 0.994913
    outer loop
      vertex 3.60093 1.74577 1.86585
      vertex 3.13926 0.841162 1.94506
      vertex 3.17942 0.639241 1.9659
    endloop
  endfacet
  facet normal -0.0219311 0.0983101 0.994914
    outer loop
      vertex 3.60093 1.74577 1.86585
      vertex 3.00261 1.24372 1.90227
      vertex 3.13926 0.841162 1.94506
    endloop
  endfacet
  facet normal -0.0219206 0.0982977 0.994916
    outer loop
      vertex 3.00261 1.24372 1.90227
      vertex 3.60093 1.74577 1.86585
      vertex 2.83883 1.57582 1.86585
    endloop
  endfacet
  facet normal 0.0108398 0.0859488 0.996241
    outer loop
      vertex 3.17942 0.639241 1.9659
      vertex 3.97908 0.425839 1.97561
      vertex 3.60093 1.74577 1.86585
    endloop
  endfacet
  facet normal 0.0108303 0.0859135 0.996244
    outer loop
      vertex 3.97908 0.425839 1.97561
      vertex 3.17942 0.639241 1.9659
      vertex 3.2024 0.523748 1.97561
    endloop
  endfacet
  facet normal 0.0505736 -0.0703305 -0.996241
    outer loop
      vertex 3.10037 0.955724 1.87577
      vertex 3.6991 1.52678 1.86585
      vertex 3.99745 0.186554 1.97561
    endloop
  endfacet
  facet normal 0.0505913 -0.070349 -0.996239
    outer loop
      vertex 3.6991 1.52678 1.86585
      vertex 3.10037 0.955724 1.87577
      vertex 3.06204 1.06864 1.86585
    endloop
  endfacet
  facet normal 0.0277497 -0.0969966 -0.994898
    outer loop
      vertex 3.99745 0.186554 1.97561
      vertex 3.24818 -0.0278044 1.97561
      vertex 3.25 0 1.97295
    endloop
  endfacet
  facet normal 0.027708 -0.0968291 -0.994915
    outer loop
      vertex 3.2222 0.42421 1.93089
      vertex 3.99745 0.186554 1.97561
      vertex 3.25 0 1.97295
    endloop
  endfacet
  facet normal 0.0277074 -0.096831 -0.994915
    outer loop
      vertex 3.13926 0.841162 1.888
      vertex 3.99745 0.186554 1.97561
      vertex 3.2222 0.42421 1.93089
    endloop
  endfacet
  facet normal 0.0277333 -0.0967973 -0.994918
    outer loop
      vertex 3.99745 0.186554 1.97561
      vertex 3.13926 0.841162 1.888
      vertex 3.10037 0.955724 1.87577
    endloop
  endfacet
  facet normal 0.489304 0.037564 0.871304
    outer loop
      vertex 3.99745 0.186554 1.97561
      vertex 3.97908 0.425839 1.97561
      vertex 3.88881 -0.94422 2.08537
    endloop
  endfacet
  facet normal 0.473222 -0.130038 -0.871293
    outer loop
      vertex 3.99745 0.186554 1.97561
      vertex 3.88881 -0.94422 2.08537
      vertex 3.82522 -1.17563 2.08537
    endloop
  endfacet
  facet normal 0.0126013 0.0999164 0.994916
    outer loop
      vertex 3.97908 0.425839 1.97561
      vertex 3.2222 0.42421 1.98536
      vertex 3.25 0 2.02761
    endloop
  endfacet
  facet normal 0.0126011 0.0999607 0.994912
    outer loop
      vertex 3.2222 0.42421 1.98536
      vertex 3.97908 0.425839 1.97561
      vertex 3.2024 0.523748 1.97561
    endloop
  endfacet
  facet normal 0.012593 0.0999303 0.994915
    outer loop
      vertex 3.2222 -0.42421 2.07057
      vertex 3.97908 0.425839 1.97561
      vertex 3.25 0 2.02761
    endloop
  endfacet
  facet normal 0.01253 0.0999859 0.99491
    outer loop
      vertex 3.97908 0.425839 1.97561
      vertex 3.2222 -0.42421 2.07057
      vertex 3.21372 -0.46683 2.07496
    endloop
  endfacet
  facet normal 0.0392483 0.0772262 0.996241
    outer loop
      vertex 3.21372 -0.46683 2.07496
      vertex 3.88881 -0.94422 2.08537
      vertex 3.97908 0.425839 1.97561
    endloop
  endfacet
  facet normal 0.0392489 0.077227 0.996241
    outer loop
      vertex 3.88881 -0.94422 2.08537
      vertex 3.21372 -0.46683 2.07496
      vertex 3.18946 -0.588791 2.08537
    endloop
  endfacet
  facet normal 0.023835 -0.0832872 -0.996241
    outer loop
      vertex 3.24034 -0.147457 1.98542
      vertex 3.99745 0.186554 1.97561
      vertex 3.82522 -1.17563 2.08537
    endloop
  endfacet
  facet normal 0.0238141 -0.0832399 -0.996245
    outer loop
      vertex 3.99745 0.186554 1.97561
      vertex 3.24034 -0.147457 1.98542
      vertex 3.24818 -0.0278044 1.97561
    endloop
  endfacet
  facet normal -0.00666682 -0.100509 -0.994914
    outer loop
      vertex 3.82522 -1.17563 2.08537
      vertex 3.2222 -0.42421 2.0135
      vertex 3.24034 -0.147457 1.98542
    endloop
  endfacet
  facet normal -0.00664882 -0.100495 -0.994915
    outer loop
      vertex 3.82522 -1.17563 2.08537
      vertex 3.13926 -0.841162 2.05617
      vertex 3.2222 -0.42421 2.0135
    endloop
  endfacet
  facet normal -0.00666045 -0.100519 -0.994913
    outer loop
      vertex 3.13926 -0.841162 2.05617
      vertex 3.82522 -1.17563 2.08537
      vertex 3.04331 -1.12382 2.08537
    endloop
  endfacet
  facet normal 0.473135 -0.130015 0.871343
    outer loop
      vertex 3.82522 -1.17563 2.08537
      vertex 3.88881 -0.94422 2.08537
      vertex 3.34075 -2.20313 2.19512
    endloop
  endfacet
  facet normal 0.401345 -0.282305 -0.871336
    outer loop
      vertex 3.82522 -1.17563 2.08537
      vertex 3.34075 -2.20313 2.19512
      vertex 3.20268 -2.39942 2.19512
    endloop
  endfacet
  facet normal 0.045618 0.089759 0.994918
    outer loop
      vertex 3.13926 -0.841162 2.11044
      vertex 3.88881 -0.94422 2.08537
      vertex 3.18946 -0.588791 2.08537
    endloop
  endfacet
  facet normal 0.0456233 0.0897981 0.994914
    outer loop
      vertex 3.00261 -1.24372 2.15304
      vertex 3.88881 -0.94422 2.08537
      vertex 3.13926 -0.841162 2.11044
    endloop
  endfacet
  facet normal 0.0456304 0.0897772 0.994916
    outer loop
      vertex 3.88881 -0.94422 2.08537
      vertex 3.00261 -1.24372 2.15304
      vertex 2.86234 -1.52816 2.18514
    endloop
  endfacet
  facet normal 0.0630353 0.0594089 0.996242
    outer loop
      vertex 2.86234 -1.52816 2.18514
      vertex 3.34075 -2.20313 2.19512
      vertex 3.88881 -0.94422 2.08537
    endloop
  endfacet
  facet normal 0.0630626 0.0594282 0.996239
    outer loop
      vertex 2.81458 -1.625 2.19394
      vertex 3.34075 -2.20313 2.19512
      vertex 2.86234 -1.52816 2.18514
    endloop
  endfacet
  facet normal 0.0629249 0.0593028 0.996255
    outer loop
      vertex 3.34075 -2.20313 2.19512
      vertex 2.81458 -1.625 2.19394
      vertex 2.80683 -1.6366 2.19512
    endloop
  endfacet
  facet normal -0.00572449 -0.0864313 -0.996241
    outer loop
      vertex 3.00175 -1.24546 2.09616
      vertex 3.82522 -1.17563 2.08537
      vertex 3.20268 -2.39942 2.19512
    endloop
  endfacet
  facet normal -0.00572371 -0.0863815 -0.996246
    outer loop
      vertex 3.82522 -1.17563 2.08537
      vertex 3.00261 -1.24372 2.096
      vertex 3.04331 -1.12382 2.08537
    endloop
  endfacet
  facet normal -0.00551551 -0.0888628 -0.996029
    outer loop
      vertex 3.82522 -1.17563 2.08537
      vertex 3.00175 -1.24546 2.09616
      vertex 3.00261 -1.24372 2.096
    endloop
  endfacet
  facet normal -0.040235 -0.0923266 -0.994916
    outer loop
      vertex 3.20268 -2.39942 2.19512
      vertex 2.81458 -1.625 2.13895
      vertex 3.00175 -1.24546 2.09616
    endloop
  endfacet
  facet normal -0.0402284 -0.0923234 -0.994916
    outer loop
      vertex 3.20268 -2.39942 2.19512
      vertex 2.5784 -1.97847 2.1813
      vertex 2.81458 -1.625 2.13895
    endloop
  endfacet
  facet normal -0.0402415 -0.0923428 -0.994914
    outer loop
      vertex 2.5784 -1.97847 2.1813
      vertex 3.20268 -2.39942 2.19512
      vertex 2.48393 -2.0862 2.19512
    endloop
  endfacet
  facet normal 0.401402 -0.282346 0.871296
    outer loop
      vertex 3.20268 -2.39942 2.19512
      vertex 3.34075 -2.20313 2.19512
      vertex 2.39942 -3.20268 2.30488
    endloop
  endfacet
  facet normal 0.282346 -0.401402 -0.871296
    outer loop
      vertex 3.20268 -2.39942 2.19512
      vertex 2.39942 -3.20268 2.30488
      vertex 2.20313 -3.34075 2.30488
    endloop
  endfacet
  facet normal 0.0733056 0.0690861 0.994914
    outer loop
      vertex 2.5784 -1.97847 2.23569
      vertex 3.34075 -2.20313 2.19512
      vertex 2.80683 -1.6366 2.19512
    endloop
  endfacet
  facet normal 0.0733003 0.0690677 0.994915
    outer loop
      vertex 2.2981 -2.2981 2.27853
      vertex 3.34075 -2.20313 2.19512
      vertex 2.5784 -1.97847 2.23569
    endloop
  endfacet
  facet normal 0.0733001 0.0690696 0.994915
    outer loop
      vertex 3.34075 -2.20313 2.19512
      vertex 2.2981 -2.2981 2.27853
      vertex 2.17488 -2.40616 2.29511
    endloop
  endfacet
  facet normal 0.0794152 0.034607 0.996241
    outer loop
      vertex 2.17488 -2.40616 2.29511
      vertex 2.39942 -3.20268 2.30488
      vertex 3.34075 -2.20313 2.19512
    endloop
  endfacet
  facet normal 0.0794093 0.0346053 0.996241
    outer loop
      vertex 2.39942 -3.20268 2.30488
      vertex 2.17488 -2.40616 2.29511
      vertex 2.0862 -2.48393 2.30488
    endloop
  endfacet
  facet normal -0.0346053 -0.0794093 -0.996241
    outer loop
      vertex 3.20268 -2.39942 2.19512
      vertex 2.40616 -2.17488 2.20489
      vertex 2.48393 -2.0862 2.19512
    endloop
  endfacet
  facet normal -0.034607 -0.0794152 -0.996241
    outer loop
      vertex 2.40616 -2.17488 2.20489
      vertex 3.20268 -2.39942 2.19512
      vertex 2.20313 -3.34075 2.30488
    endloop
  endfacet
  facet normal -0.0690696 -0.0733001 -0.994915
    outer loop
      vertex 2.20313 -3.34075 2.30488
      vertex 2.2981 -2.2981 2.22147
      vertex 2.40616 -2.17488 2.20489
    endloop
  endfacet
  facet normal -0.0690677 -0.0733003 -0.994915
    outer loop
      vertex 2.20313 -3.34075 2.30488
      vertex 1.97847 -2.5784 2.26431
      vertex 2.2981 -2.2981 2.22147
    endloop
  endfacet
  facet normal -0.0690861 -0.0733056 -0.994914
    outer loop
      vertex 1.97847 -2.5784 2.26431
      vertex 2.20313 -3.34075 2.30488
      vertex 1.6366 -2.80683 2.30488
    endloop
  endfacet
  facet normal 0.282305 -0.401345 0.871336
    outer loop
      vertex 2.20313 -3.34075 2.30488
      vertex 2.39942 -3.20268 2.30488
      vertex 1.17563 -3.82522 2.41463
    endloop
  endfacet
  facet normal 0.130015 -0.473135 -0.871343
    outer loop
      vertex 2.20313 -3.34075 2.30488
      vertex 1.17563 -3.82522 2.41463
      vertex 0.94422 -3.88881 2.41463
    endloop
  endfacet
  facet normal 0.0922767 0.0402127 0.994921
    outer loop
      vertex 1.97847 -2.5784 2.31869
      vertex 2.39942 -3.20268 2.30488
      vertex 2.0862 -2.48393 2.30488
    endloop
  endfacet
  facet normal 0.0923353 0.0402524 0.994914
    outer loop
      vertex 1.625 -2.81458 2.36105
      vertex 2.39942 -3.20268 2.30488
      vertex 1.97847 -2.5784 2.31869
    endloop
  endfacet
  facet normal 0.0923266 0.040235 0.994916
    outer loop
      vertex 2.39942 -3.20268 2.30488
      vertex 1.625 -2.81458 2.36105
      vertex 1.24546 -3.00175 2.40384
    endloop
  endfacet
  facet normal 0.0888628 0.00551551 0.996029
    outer loop
      vertex 1.17563 -3.82522 2.41463
      vertex 1.24546 -3.00175 2.40384
      vertex 1.24372 -3.00261 2.404
    endloop
  endfacet
  facet normal 0.0864313 0.00572449 0.996241
    outer loop
      vertex 1.24546 -3.00175 2.40384
      vertex 1.17563 -3.82522 2.41463
      vertex 2.39942 -3.20268 2.30488
    endloop
  endfacet
  facet normal 0.0863815 0.00572371 0.996246
    outer loop
      vertex 1.17563 -3.82522 2.41463
      vertex 1.24372 -3.00261 2.404
      vertex 1.12382 -3.04331 2.41463
    endloop
  endfacet
  facet normal -0.0593028 -0.0629249 -0.996255
    outer loop
      vertex 2.20313 -3.34075 2.30488
      vertex 1.625 -2.81458 2.30606
      vertex 1.6366 -2.80683 2.30488
    endloop
  endfacet
  facet normal -0.0594282 -0.0630626 -0.996239
    outer loop
      vertex 2.20313 -3.34075 2.30488
      vertex 1.52816 -2.86234 2.31486
      vertex 1.625 -2.81458 2.30606
    endloop
  endfacet
  facet normal -0.0594089 -0.0630353 -0.996242
    outer loop
      vertex 1.52816 -2.86234 2.31486
      vertex 2.20313 -3.34075 2.30488
      vertex 0.94422 -3.88881 2.41463
    endloop
  endfacet
  facet normal -0.0897772 -0.0456304 -0.994916
    outer loop
      vertex 0.94422 -3.88881 2.41463
      vertex 1.24372 -3.00261 2.34696
      vertex 1.52816 -2.86234 2.31486
    endloop
  endfacet
  facet normal -0.0897981 -0.0456233 -0.994914
    outer loop
      vertex 0.94422 -3.88881 2.41463
      vertex 0.841162 -3.13926 2.38956
      vertex 1.24372 -3.00261 2.34696
    endloop
  endfacet
  facet normal -0.089759 -0.045618 -0.994918
    outer loop
      vertex 0.841162 -3.13926 2.38956
      vertex 0.94422 -3.88881 2.41463
      vertex 0.588791 -3.18946 2.41463
    endloop
  endfacet
  facet normal 0.130038 -0.473222 0.871293
    outer loop
      vertex 0.94422 -3.88881 2.41463
      vertex 1.17563 -3.82522 2.41463
      vertex -0.186554 -3.99745 2.52439
    endloop
  endfacet
  facet normal -0.037564 -0.489304 -0.871304
    outer loop
      vertex 0.94422 -3.88881 2.41463
      vertex -0.186554 -3.99745 2.52439
      vertex -0.425839 -3.97908 2.52439
    endloop
  endfacet
  facet normal 0.100519 0.00666045 0.994913
    outer loop
      vertex 0.841162 -3.13926 2.44383
      vertex 1.17563 -3.82522 2.41463
      vertex 1.12382 -3.04331 2.41463
    endloop
  endfacet
  facet normal 0.100495 0.00664882 0.994915
    outer loop
      vertex 0.42421 -3.2222 2.4865
      vertex 1.17563 -3.82522 2.41463
      vertex 0.841162 -3.13926 2.44383
    endloop
  endfacet
  facet normal 0.100509 0.00666682 0.994914
    outer loop
      vertex 1.17563 -3.82522 2.41463
      vertex 0.42421 -3.2222 2.4865
      vertex 0.147457 -3.24034 2.51458
    endloop
  endfacet
  facet normal 0.0832399 -0.0238141 0.996245
    outer loop
      vertex -0.186554 -3.99745 2.52439
      vertex 0.147457 -3.24034 2.51458
      vertex 0.0278044 -3.24818 2.52439
    endloop
  endfacet
  facet normal 0.0832872 -0.023835 0.996241
    outer loop
      vertex 0.147457 -3.24034 2.51458
      vertex -0.186554 -3.99745 2.52439
      vertex 1.17563 -3.82522 2.41463
    endloop
  endfacet
  facet normal -0.077227 -0.0392489 -0.996241
    outer loop
      vertex 0.94422 -3.88881 2.41463
      vertex 0.46683 -3.21372 2.42504
      vertex 0.588791 -3.18946 2.41463
    endloop
  endfacet
  facet normal -0.0772262 -0.0392483 -0.996241
    outer loop
      vertex 0.46683 -3.21372 2.42504
      vertex 0.94422 -3.88881 2.41463
      vertex -0.425839 -3.97908 2.52439
    endloop
  endfacet
  facet normal -0.0999859 -0.01253 -0.99491
    outer loop
      vertex -0.425839 -3.97908 2.52439
      vertex 0.42421 -3.2222 2.42943
      vertex 0.46683 -3.21372 2.42504
    endloop
  endfacet
  facet normal -0.0999303 -0.012593 -0.994915
    outer loop
      vertex -0.425839 -3.97908 2.52439
      vertex 0 -3.25 2.47239
      vertex 0.42421 -3.2222 2.42943
    endloop
  endfacet
  facet normal -0.0999164 -0.0126013 -0.994916
    outer loop
      vertex -0.425839 -3.97908 2.52439
      vertex -0.42421 -3.2222 2.51464
      vertex 0 -3.25 2.47239
    endloop
  endfacet
  facet normal -0.0999607 -0.0126011 -0.994912
    outer loop
      vertex -0.42421 -3.2222 2.51464
      vertex -0.425839 -3.97908 2.52439
      vertex -0.523748 -3.2024 2.52439
    endloop
  endfacet
  facet normal -0.0375625 -0.489284 0.871315
    outer loop
      vertex -0.425839 -3.97908 2.52439
      vertex -0.186554 -3.99745 2.52439
      vertex -1.52678 -3.6991 2.63415
    endloop
  endfacet
  facet normal -0.200749 -0.447816 -0.871298
    outer loop
      vertex -0.425839 -3.97908 2.52439
      vertex -1.52678 -3.6991 2.63415
      vertex -1.74577 -3.60093 2.63415
    endloop
  endfacet
  facet normal 0.0969966 -0.0277497 0.994898
    outer loop
      vertex 0 -3.25 2.52705
      vertex -0.186554 -3.99745 2.52439
      vertex 0.0278044 -3.24818 2.52439
    endloop
  endfacet
  facet normal 0.0968291 -0.027708 0.994915
    outer loop
      vertex -0.42421 -3.2222 2.56911
      vertex -0.186554 -3.99745 2.52439
      vertex 0 -3.25 2.52705
    endloop
  endfacet
  facet normal 0.096831 -0.0277074 0.994915
    outer loop
      vertex -0.841162 -3.13926 2.612
      vertex -0.186554 -3.99745 2.52439
      vertex -0.42421 -3.2222 2.56911
    endloop
  endfacet
  facet normal 0.0967973 -0.0277333 0.994918
    outer loop
      vertex -0.186554 -3.99745 2.52439
      vertex -0.841162 -3.13926 2.612
      vertex -0.955724 -3.10037 2.62423
    endloop
  endfacet
  facet normal 0.070349 -0.0505913 0.996239
    outer loop
      vertex -1.52678 -3.6991 2.63415
      vertex -0.955724 -3.10037 2.62423
      vertex -1.06864 -3.06204 2.63415
    endloop
  endfacet
  facet normal 0.0703305 -0.0505736 0.996241
    outer loop
      vertex -0.955724 -3.10037 2.62423
      vertex -1.52678 -3.6991 2.63415
      vertex -0.186554 -3.99745 2.52439
    endloop
  endfacet
  facet normal -0.0859135 -0.0108303 -0.996244
    outer loop
      vertex -0.425839 -3.97908 2.52439
      vertex -0.639241 -3.17942 2.5341
      vertex -0.523748 -3.2024 2.52439
    endloop
  endfacet
  facet normal -0.0859488 -0.0108398 -0.996241
    outer loop
      vertex -0.639241 -3.17942 2.5341
      vertex -0.425839 -3.97908 2.52439
      vertex -1.74577 -3.60093 2.63415
    endloop
  endfacet
  facet normal -0.0983244 0.0219266 -0.994913
    outer loop
      vertex -1.24372 -3.00261 2.59772
      vertex -1.74577 -3.60093 2.63415
      vertex -1.57582 -2.83883 2.63415
    endloop
  endfacet
  facet normal -0.0982954 0.021902 -0.994916
    outer loop
      vertex -0.841162 -3.13926 2.55494
      vertex -1.74577 -3.60093 2.63415
      vertex -1.24372 -3.00261 2.59772
    endloop
  endfacet
  facet normal -0.0983185 0.0219478 -0.994913
    outer loop
      vertex -1.74577 -3.60093 2.63415
      vertex -0.841162 -3.13926 2.55494
      vertex -0.639241 -3.17942 2.5341
    endloop
  endfacet
  facet normal -0.200719 -0.447747 0.871341
    outer loop
      vertex -1.74577 -3.60093 2.63415
      vertex -1.52678 -3.6991 2.63415
      vertex -2.68727 -2.96529 2.7439
    endloop
  endfacet
  facet normal -0.340307 -0.353619 -0.871289
    outer loop
      vertex -1.74577 -3.60093 2.63415
      vertex -2.68727 -2.96529 2.7439
      vertex -2.86019 -2.79888 2.7439
    endloop
  endfacet
  facet normal 0.0817606 -0.0587979 0.994916
    outer loop
      vertex -1.24372 -3.00261 2.65205
      vertex -1.52678 -3.6991 2.63415
      vertex -1.06864 -3.06204 2.63415
    endloop
  endfacet
  facet normal 0.0817709 -0.058802 0.994915
    outer loop
      vertex -1.625 -2.81458 2.6945
      vertex -1.52678 -3.6991 2.63415
      vertex -1.24372 -3.00261 2.65205
    endloop
  endfacet
  facet normal 0.0817451 -0.058805 0.994917
    outer loop
      vertex -1.52678 -3.6991 2.63415
      vertex -1.625 -2.81458 2.6945
      vertex -1.94525 -2.6006 2.73346
    endloop
  endfacet
  facet normal 0.0491261 -0.0714356 0.996235
    outer loop
      vertex -2.68727 -2.96529 2.7439
      vertex -1.94525 -2.6006 2.73346
      vertex -1.97847 -2.5784 2.73669
    endloop
  endfacet
  facet normal 0.0490841 -0.0713584 0.996242
    outer loop
      vertex -2.68727 -2.96529 2.7439
      vertex -1.97847 -2.5784 2.73669
      vertex -2.0428 -2.52199 2.7439
    endloop
  endfacet
  facet normal 0.0490911 -0.0713642 0.996242
    outer loop
      vertex -1.94525 -2.6006 2.73346
      vertex -2.68727 -2.96529 2.7439
      vertex -1.52678 -3.6991 2.63415
    endloop
  endfacet
  facet normal -0.084499 0.0188435 -0.996245
    outer loop
      vertex -1.74577 -3.60093 2.63415
      vertex -1.625 -2.81458 2.63878
      vertex -1.57582 -2.83883 2.63415
    endloop
  endfacet
  facet normal -0.0844941 0.0188427 -0.996246
    outer loop
      vertex -1.74577 -3.60093 2.63415
      vertex -1.68226 -2.77632 2.64436
      vertex -1.625 -2.81458 2.63878
    endloop
  endfacet
  facet normal -0.0845475 0.0188468 -0.996241
    outer loop
      vertex -1.68226 -2.77632 2.64436
      vertex -1.74577 -3.60093 2.63415
      vertex -2.86019 -2.79888 2.7439
    endloop
  endfacet
  facet normal -0.0850953 0.0538517 -0.994916
    outer loop
      vertex -2.2981 -2.2981 2.72293
      vertex -2.86019 -2.79888 2.7439
      vertex -2.44051 -2.13571 2.7439
    endloop
  endfacet
  facet normal -0.0851112 0.0538696 -0.994914
    outer loop
      vertex -1.97847 -2.5784 2.68041
      vertex -2.86019 -2.79888 2.7439
      vertex -2.2981 -2.2981 2.72293
    endloop
  endfacet
  facet normal -0.0851058 0.0538476 -0.994916
    outer loop
      vertex -2.86019 -2.79888 2.7439
      vertex -1.97847 -2.5784 2.68041
      vertex -1.68226 -2.77632 2.64436
    endloop
  endfacet
  facet normal -0.340239 -0.353549 0.871344
    outer loop
      vertex -2.86019 -2.79888 2.7439
      vertex -2.68727 -2.96529 2.7439
      vertex -3.53142 -1.88241 2.85366
    endloop
  endfacet
  facet normal -0.439799 -0.217763 -0.871296
    outer loop
      vertex -2.86019 -2.79888 2.7439
      vertex -3.53142 -1.88241 2.85366
      vertex -3.63791 -1.66734 2.85366
    endloop
  endfacet
  facet normal 0.0570783 -0.0829804 0.994915
    outer loop
      vertex -2.2981 -2.2981 2.77722
      vertex -2.68727 -2.96529 2.7439
      vertex -2.0428 -2.52199 2.7439
    endloop
  endfacet
  facet normal 0.0570795 -0.0829812 0.994915
    outer loop
      vertex -2.5784 -1.97847 2.81996
      vertex -2.68727 -2.96529 2.7439
      vertex -2.2981 -2.2981 2.77722
    endloop
  endfacet
  facet normal 0.0570832 -0.0829816 0.994915
    outer loop
      vertex -2.68727 -2.96529 2.7439
      vertex -2.5784 -1.97847 2.81996
      vertex -2.70996 -1.78158 2.84393
    endloop
  endfacet
  facet normal 0.0220845 -0.0837858 0.996239
    outer loop
      vertex -3.53142 -1.88241 2.85366
      vertex -2.70996 -1.78158 2.84393
      vertex -2.77568 -1.68321 2.85366
    endloop
  endfacet
  facet normal 0.0220819 -0.0837646 0.996241
    outer loop
      vertex -2.70996 -1.78158 2.84393
      vertex -3.53142 -1.88241 2.85366
      vertex -2.68727 -2.96529 2.7439
    endloop
  endfacet
  facet normal -0.0732002 0.0463239 -0.996241
    outer loop
      vertex -2.86019 -2.79888 2.7439
      vertex -2.52027 -2.04475 2.75399
      vertex -2.44051 -2.13571 2.7439
    endloop
  endfacet
  facet normal -0.0732008 0.0463242 -0.996241
    outer loop
      vertex -2.52027 -2.04475 2.75399
      vertex -2.86019 -2.79888 2.7439
      vertex -3.63791 -1.66734 2.85366
    endloop
  endfacet
  facet normal -0.0619032 0.0794723 -0.994913
    outer loop
      vertex -3.00261 -1.24372 2.84797
      vertex -3.63791 -1.66734 2.85366
      vertex -3.02173 -1.18738 2.85366
    endloop
  endfacet
  facet normal -0.0618964 0.079462 -0.994914
    outer loop
      vertex -2.81458 -1.625 2.80582
      vertex -3.63791 -1.66734 2.85366
      vertex -3.00261 -1.24372 2.84797
    endloop
  endfacet
  facet normal -0.0618958 0.0794501 -0.994915
    outer loop
      vertex -2.5784 -1.97847 2.7629
      vertex -3.63791 -1.66734 2.85366
      vertex -2.81458 -1.625 2.80582
    endloop
  endfacet
  facet normal -0.0618913 0.0794651 -0.994914
    outer loop
      vertex -3.63791 -1.66734 2.85366
      vertex -2.5784 -1.97847 2.7629
      vertex -2.52027 -2.04475 2.75399
    endloop
  endfacet
  facet normal -0.439737 -0.217732 0.871335
    outer loop
      vertex -3.63791 -1.66734 2.85366
      vertex -3.53142 -1.88241 2.85366
      vertex -3.95985 -0.577936 2.96341
    endloop
  endfacet
  facet normal -0.487442 -0.0562671 -0.87134
    outer loop
      vertex -3.63791 -1.66734 2.85366
      vertex -3.95985 -0.577936 2.96341
      vertex -3.98737 -0.33953 2.96341
    endloop
  endfacet
  facet normal 0.0256638 -0.0973652 0.994918
    outer loop
      vertex -2.81458 -1.625 2.86036
      vertex -3.53142 -1.88241 2.85366
      vertex -2.77568 -1.68321 2.85366
    endloop
  endfacet
  facet normal 0.0256691 -0.09738 0.994916
    outer loop
      vertex -3.00261 -1.24372 2.90253
      vertex -3.53142 -1.88241 2.85366
      vertex -2.81458 -1.625 2.86036
    endloop
  endfacet
  facet normal 0.0256965 -0.0974025 0.994913
    outer loop
      vertex -3.13926 -0.841162 2.94547
      vertex -3.53142 -1.88241 2.85366
      vertex -3.00261 -1.24372 2.90253
    endloop
  endfacet
  facet normal 0.0254722 -0.0973192 0.994927
    outer loop
      vertex -3.53142 -1.88241 2.85366
      vertex -3.13926 -0.841162 2.94547
      vertex -3.1543 -0.765561 2.95325
    endloop
  endfacet
  facet normal -0.00753414 -0.0862941 0.996241
    outer loop
      vertex -3.95985 -0.577936 2.96341
      vertex -3.1543 -0.765561 2.95325
      vertex -3.17804 -0.646194 2.96341
    endloop
  endfacet
  facet normal -0.00753354 -0.0862916 0.996241
    outer loop
      vertex -3.1543 -0.765561 2.95325
      vertex -3.95985 -0.577936 2.96341
      vertex -3.53142 -1.88241 2.85366
    endloop
  endfacet
  facet normal -0.0532232 0.0683287 -0.996242
    outer loop
      vertex -3.63791 -1.66734 2.85366
      vertex -3.05986 -1.07507 2.8634
      vertex -3.02173 -1.18738 2.85366
    endloop
  endfacet
  facet normal -0.0532296 0.068335 -0.996241
    outer loop
      vertex -3.05986 -1.07507 2.8634
      vertex -3.63791 -1.66734 2.85366
      vertex -3.98737 -0.33953 2.96341
    endloop
  endfacet
  facet normal -0.0313838 0.0956778 -0.994917
    outer loop
      vertex -3.2222 -0.42421 2.93113
      vertex -3.98737 -0.33953 2.96341
      vertex -3.24373 -0.0956045 2.96341
    endloop
  endfacet
  facet normal -0.0313791 0.0957186 -0.994914
    outer loop
      vertex -3.13926 -0.841162 2.8884
      vertex -3.98737 -0.33953 2.96341
      vertex -3.2222 -0.42421 2.93113
    endloop
  endfacet
  facet normal -0.0314046 0.0956761 -0.994917
    outer loop
      vertex -3.98737 -0.33953 2.96341
      vertex -3.13926 -0.841162 2.8884
      vertex -3.05986 -1.07507 2.8634
    endloop
  endfacet
  facet normal -0.487519 -0.056276 0.871297
    outer loop
      vertex -3.95985 -0.577936 2.96341
      vertex -3.92212 0.794575 3.07317
      vertex -3.98737 -0.33953 2.96341
    endloop
  endfacet
  facet normal -0.477853 0.111818 -0.871294
    outer loop
      vertex -3.92212 0.794575 3.07317
      vertex -3.86744 1.02825 3.07317
      vertex -3.98737 -0.33953 2.96341
    endloop
  endfacet
  facet normal -0.00877507 -0.100328 0.994916
    outer loop
      vertex -3.22734 0.345796 3.06302
      vertex -3.95985 -0.577936 2.96341
      vertex -3.25 0 3.02795
    endloop
  endfacet
  facet normal -0.00876089 -0.100345 0.994914
    outer loop
      vertex -3.2222 -0.42421 2.98541
      vertex -3.95985 -0.577936 2.96341
      vertex -3.17804 -0.646194 2.96341
    endloop
  endfacet
  facet normal -0.00876097 -0.100345 0.994914
    outer loop
      vertex -3.95985 -0.577936 2.96341
      vertex -3.2222 -0.42421 2.98541
      vertex -3.25 0 3.02795
    endloop
  endfacet
  facet normal -0.0362459 -0.0786389 0.996244
    outer loop
      vertex -3.92212 0.794575 3.07317
      vertex -3.2222 0.42421 3.0694
      vertex -3.21349 0.467956 3.07317
    endloop
  endfacet
  facet normal -0.0362676 -0.0786798 0.99624
    outer loop
      vertex -3.92212 0.794575 3.07317
      vertex -3.22734 0.345796 3.06302
      vertex -3.2222 0.42421 3.0694
    endloop
  endfacet
  facet normal -0.036263 -0.0786727 0.996241
    outer loop
      vertex -3.22734 0.345796 3.06302
      vertex -3.92212 0.794575 3.07317
      vertex -3.95985 -0.577936 2.96341
    endloop
  endfacet
  facet normal -0.0270029 0.0823219 -0.99624
    outer loop
      vertex -3.98737 -0.33953 2.96341
      vertex -3.25 0 2.97148
      vertex -3.24373 -0.0956045 2.96341
    endloop
  endfacet
  facet normal -0.0269985 0.0823124 -0.996241
    outer loop
      vertex -3.25 0 2.97148
      vertex -3.98737 -0.33953 2.96341
      vertex -3.86744 1.02825 3.07317
    endloop
  endfacet
  facet normal -0.0266202 0.0825387 -0.996232
    outer loop
      vertex -3.24801 0.0303337 2.97394
      vertex -3.25 0 2.97148
      vertex -3.86744 1.02825 3.07317
    endloop
  endfacet
  facet normal 0.00280509 0.100684 -0.994915
    outer loop
      vertex -3.13926 0.841162 3.05629
      vertex -3.86744 1.02825 3.07317
      vertex -3.08317 1.0064 3.07317
    endloop
  endfacet
  facet normal 0.00279995 0.100664 -0.994917
    outer loop
      vertex -3.2222 0.42421 3.01387
      vertex -3.86744 1.02825 3.07317
      vertex -3.13926 0.841162 3.05629
    endloop
  endfacet
  facet normal 0.0028123 0.100677 -0.994915
    outer loop
      vertex -3.86744 1.02825 3.07317
      vertex -3.2222 0.42421 3.01387
      vertex -3.24801 0.0303337 2.97394
    endloop
  endfacet
  facet normal -0.477819 0.11181 0.871313
    outer loop
      vertex -3.42269 2.07355 3.18293
      vertex -3.86744 1.02825 3.07317
      vertex -3.92212 0.794575 3.07317
    endloop
  endfacet
  facet normal -0.411911 0.266748 -0.871306
    outer loop
      vertex -3.42269 2.07355 3.18293
      vertex -3.29224 2.27499 3.18293
      vertex -3.86744 1.02825 3.07317
    endloop
  endfacet
  facet normal -0.0421632 -0.0914769 0.994914
    outer loop
      vertex -3.13926 0.841162 3.11063
      vertex -3.92212 0.794575 3.07317
      vertex -3.21349 0.467956 3.07317
    endloop
  endfacet
  facet normal -0.0421638 -0.0914668 0.994915
    outer loop
      vertex -3.00261 1.24372 3.15343
      vertex -3.92212 0.794575 3.07317
      vertex -3.13926 0.841162 3.11063
    endloop
  endfacet
  facet normal -0.0421663 -0.0914617 0.994915
    outer loop
      vertex -3.92212 0.794575 3.07317
      vertex -3.00261 1.24372 3.15343
      vertex -2.91616 1.41903 3.17321
    endloop
  endfacet
  facet normal -0.0607221 -0.0617873 0.996241
    outer loop
      vertex -3.42269 2.07355 3.18293
      vertex -2.91616 1.41903 3.17321
      vertex -2.8641 1.52459 3.18293
    endloop
  endfacet
  facet normal -0.0607198 -0.0617855 0.996241
    outer loop
      vertex -2.91616 1.41903 3.17321
      vertex -3.42269 2.07355 3.18293
      vertex -3.92212 0.794575 3.07317
    endloop
  endfacet
  facet normal 0.00241185 0.0865694 -0.996243
    outer loop
      vertex -3.86744 1.02825 3.07317
      vertex -3.04497 1.11892 3.08304
      vertex -3.08317 1.0064 3.07317
    endloop
  endfacet
  facet normal 0.00240897 0.0865952 -0.996241
    outer loop
      vertex -3.04497 1.11892 3.08304
      vertex -3.86744 1.02825 3.07317
      vertex -3.29224 2.27499 3.18293
    endloop
  endfacet
  facet normal 0.0367403 0.0939845 -0.994896
    outer loop
      vertex -2.5784 1.97847 3.18128
      vertex -3.29224 2.27499 3.18293
      vertex -2.567 1.99148 3.18293
    endloop
  endfacet
  facet normal 0.0366651 0.0938035 -0.994915
    outer loop
      vertex -2.81458 1.625 3.13925
      vertex -3.29224 2.27499 3.18293
      vertex -2.5784 1.97847 3.18128
    endloop
  endfacet
  facet normal 0.0366703 0.0938073 -0.994915
    outer loop
      vertex -3.00261 1.24372 3.09637
      vertex -3.29224 2.27499 3.18293
      vertex -2.81458 1.625 3.13925
    endloop
  endfacet
  facet normal 0.0366923 0.0938134 -0.994913
    outer loop
      vertex -3.29224 2.27499 3.18293
      vertex -3.00261 1.24372 3.09637
      vertex -3.04497 1.11892 3.08304
    endloop
  endfacet
  facet normal -0.411867 0.26672 0.871336
    outer loop
      vertex -2.52033 3.10843 3.29268
      vertex -3.29224 2.27499 3.18293
      vertex -3.42269 2.07355 3.18293
    endloop
  endfacet
  facet normal -0.297444 0.390227 -0.871349
    outer loop
      vertex -2.52033 3.10843 3.29268
      vertex -2.32947 3.25391 3.29268
      vertex -3.29224 2.27499 3.18293
    endloop
  endfacet
  facet normal -0.070573 -0.071811 0.994918
    outer loop
      vertex -2.81458 1.625 3.19369
      vertex -3.42269 2.07355 3.18293
      vertex -2.8641 1.52459 3.18293
    endloop
  endfacet
  facet normal -0.0705926 -0.0718376 0.994915
    outer loop
      vertex -2.5784 1.97847 3.23597
      vertex -3.42269 2.07355 3.18293
      vertex -2.81458 1.625 3.19369
    endloop
  endfacet
  facet normal -0.0705935 -0.0718459 0.994914
    outer loop
      vertex -2.2981 2.2981 3.27894
      vertex -3.42269 2.07355 3.18293
      vertex -2.5784 1.97847 3.23597
    endloop
  endfacet
  facet normal -0.0706132 -0.0717495 0.99492
    outer loop
      vertex -3.42269 2.07355 3.18293
      vertex -2.2981 2.2981 3.27894
      vertex -2.27396 2.31927 3.28218
    endloop
  endfacet
  facet normal -0.0779883 -0.0376027 0.996245
    outer loop
      vertex -2.52033 3.10843 3.29268
      vertex -2.27396 2.31927 3.28218
      vertex -2.17969 2.40194 3.29268
    endloop
  endfacet
  facet normal -0.0780289 -0.0376153 0.996241
    outer loop
      vertex -2.27396 2.31927 3.28218
      vertex -2.52033 3.10843 3.29268
      vertex -3.42269 2.07355 3.18293
    endloop
  endfacet
  facet normal 0.0315439 0.0806916 -0.99624
    outer loop
      vertex -3.29224 2.27499 3.18293
      vertex -2.48757 2.08204 3.19278
      vertex -2.567 1.99148 3.18293
    endloop
  endfacet
  facet normal 0.0315394 0.0806729 -0.996242
    outer loop
      vertex -2.48757 2.08204 3.19278
      vertex -3.29224 2.27499 3.18293
      vertex -2.32947 3.25391 3.29268
    endloop
  endfacet
  facet normal 0.066212 0.0758793 -0.994916
    outer loop
      vertex -1.97847 2.5784 3.26452
      vertex -2.32947 3.25391 3.29268
      vertex -1.73883 2.73852 3.29268
    endloop
  endfacet
  facet normal 0.0662138 0.0758803 -0.994916
    outer loop
      vertex -2.2981 2.2981 3.22187
      vertex -2.32947 3.25391 3.29268
      vertex -1.97847 2.5784 3.26452
    endloop
  endfacet
  facet normal 0.0662233 0.0758805 -0.994915
    outer loop
      vertex -2.32947 3.25391 3.29268
      vertex -2.2981 2.2981 3.22187
      vertex -2.48757 2.08204 3.19278
    endloop
  endfacet
  facet normal -0.297525 0.390332 0.871275
    outer loop
      vertex -1.32129 3.77738 3.40244
      vertex -2.32947 3.25391 3.29268
      vertex -2.52033 3.10843 3.29268
    endloop
  endfacet
  facet normal -0.148056 0.467846 -0.87132
    outer loop
      vertex -1.32129 3.77738 3.40244
      vertex -1.09248 3.84979 3.40244
      vertex -2.32947 3.25391 3.29268
    endloop
  endfacet
  facet normal -0.0907337 -0.043748 0.994914
    outer loop
      vertex -1.97847 2.5784 3.31879
      vertex -2.52033 3.10843 3.29268
      vertex -2.17969 2.40194 3.29268
    endloop
  endfacet
  facet normal -0.0907158 -0.0437296 0.994916
    outer loop
      vertex -1.625 2.81458 3.3614
      vertex -2.52033 3.10843 3.29268
      vertex -1.97847 2.5784 3.31879
    endloop
  endfacet
  facet normal -0.0907293 -0.0437716 0.994913
    outer loop
      vertex -2.52033 3.10843 3.29268
      vertex -1.625 2.81458 3.3614
      vertex -1.34942 2.95048 3.39251
    endloop
  endfacet
  facet normal -0.0867234 -0.0090942 0.996191
    outer loop
      vertex -1.32129 3.77738 3.40244
      vertex -1.24372 3.00261 3.40212
      vertex -1.24017 3.00381 3.40244
    endloop
  endfacet
  facet normal -0.0861208 -0.00903389 0.996244
    outer loop
      vertex -1.32129 3.77738 3.40244
      vertex -1.34942 2.95048 3.39251
      vertex -1.24372 3.00261 3.40212
    endloop
  endfacet
  facet normal -0.0861564 -0.00903264 0.996241
    outer loop
      vertex -1.34942 2.95048 3.39251
      vertex -1.32129 3.77738 3.40244
      vertex -2.52033 3.10843 3.29268
    endloop
  endfacet
  facet normal 0.0569552 0.065271 -0.996241
    outer loop
      vertex -2.32947 3.25391 3.29268
      vertex -1.63264 2.80948 3.3034
      vertex -1.73883 2.73852 3.29268
    endloop
  endfacet
  facet normal 0.0569555 0.0652715 -0.996241
    outer loop
      vertex -1.63264 2.80948 3.3034
      vertex -2.32947 3.25391 3.29268
      vertex -1.09248 3.84979 3.40244
    endloop
  endfacet
  facet normal 0.0879808 0.0490424 -0.994914
    outer loop
      vertex -0.841162 3.13926 3.38964
      vertex -1.09248 3.84979 3.40244
      vertex -0.710864 3.16518 3.40244
    endloop
  endfacet
  facet normal 0.0879714 0.049039 -0.994915
    outer loop
      vertex -1.24372 3.00261 3.34731
      vertex -1.09248 3.84979 3.40244
      vertex -0.841162 3.13926 3.38964
    endloop
  endfacet
  facet normal 0.0879683 0.0490396 -0.994915
    outer loop
      vertex -1.625 2.81458 3.30433
      vertex -1.09248 3.84979 3.40244
      vertex -1.24372 3.00261 3.34731
    endloop
  endfacet
  facet normal 0.0885811 0.0487207 -0.994877
    outer loop
      vertex -1.09248 3.84979 3.40244
      vertex -1.625 2.81458 3.30433
      vertex -1.63264 2.80948 3.3034
    endloop
  endfacet
  facet normal -0.148056 0.467846 0.87132
    outer loop
      vertex 0.0333033 4.00166 3.51219
      vertex -1.09248 3.84979 3.40244
      vertex -1.32129 3.77738 3.40244
    endloop
  endfacet
  facet normal 0.0187915 0.490365 -0.871315
    outer loop
      vertex 0.0333033 4.00166 3.51219
      vertex 0.273117 3.99247 3.51219
      vertex -1.09248 3.84979 3.40244
    endloop
  endfacet
  facet normal -0.100163 -0.0105035 0.994916
    outer loop
      vertex -0.841162 3.13926 3.44404
      vertex -1.32129 3.77738 3.40244
      vertex -1.24017 3.00381 3.40244
    endloop
  endfacet
  facet normal -0.100158 -0.0105002 0.994916
    outer loop
      vertex -0.42421 3.2222 3.48689
      vertex -1.32129 3.77738 3.40244
      vertex -0.841162 3.13926 3.44404
    endloop
  endfacet
  facet normal -0.100214 -0.0105909 0.99491
    outer loop
      vertex -1.32129 3.77738 3.40244
      vertex -0.42421 3.2222 3.48689
      vertex -0.271288 3.23222 3.5024
    endloop
  endfacet
  facet normal -0.0840628 0.0206014 0.996247
    outer loop
      vertex 0.0333033 4.00166 3.51219
      vertex -0.271288 3.23222 3.5024
      vertex -0.15337 3.23995 3.51219
    endloop
  endfacet
  facet normal -0.0841316 0.0206287 0.996241
    outer loop
      vertex -0.271288 3.23222 3.5024
      vertex 0.0333033 4.00166 3.51219
      vertex -1.32129 3.77738 3.40244
    endloop
  endfacet
  facet normal 0.0756799 0.0421856 -0.996239
    outer loop
      vertex -1.09248 3.84979 3.40244
      vertex -0.595326 3.18816 3.41219
      vertex -0.710864 3.16518 3.40244
    endloop
  endfacet
  facet normal 0.0756597 0.0421703 -0.996242
    outer loop
      vertex -0.595326 3.18816 3.41219
      vertex -1.09248 3.84979 3.40244
      vertex 0.273117 3.99247 3.51219
    endloop
  endfacet
  facet normal 0.0993495 0.0164116 -0.994917
    outer loop
      vertex 0 3.25 3.47267
      vertex 0.273117 3.99247 3.51219
      vertex 0.400097 3.22378 3.51219
    endloop
  endfacet
  facet normal 0.0993759 0.0164017 -0.994915
    outer loop
      vertex -0.42421 3.2222 3.42984
      vertex 0.273117 3.99247 3.51219
      vertex 0 3.25 3.47267
    endloop
  endfacet
  facet normal 0.0993556 0.0164203 -0.994917
    outer loop
      vertex 0.273117 3.99247 3.51219
      vertex -0.42421 3.2222 3.42984
      vertex -0.595326 3.18816 3.41219
    endloop
  endfacet
  facet normal 0.0187914 0.490362 0.871316
    outer loop
      vertex 1.38397 3.75487 3.62195
      vertex 0.273117 3.99247 3.51219
      vertex 0.0333033 4.00166 3.51219
    endloop
  endfacet
  facet normal 0.183434 0.455089 -0.871347
    outer loop
      vertex 1.38397 3.75487 3.62195
      vertex 1.60656 3.66515 3.62195
      vertex 0.273117 3.99247 3.51219
    endloop
  endfacet
  facet normal -0.0978151 0.0239814 0.994916
    outer loop
      vertex 0.0333033 4.00166 3.51219
      vertex 0.42421 3.2222 3.56941
      vertex 0.829991 3.14148 3.61125
    endloop
  endfacet
  facet normal -0.097824 0.0239768 0.994915
    outer loop
      vertex 0.0333033 4.00166 3.51219
      vertex 0 3.25 3.52703
      vertex 0.42421 3.2222 3.56941
    endloop
  endfacet
  facet normal -0.0978385 0.0239774 0.994913
    outer loop
      vertex 0 3.25 3.52703
      vertex 0.0333033 4.00166 3.51219
      vertex -0.15337 3.23995 3.51219
    endloop
  endfacet
  facet normal -0.0722017 0.0478362 0.996242
    outer loop
      vertex 1.38397 3.75487 3.62195
      vertex 0.841162 3.13926 3.61217
      vertex 0.951328 3.10186 3.62195
    endloop
  endfacet
  facet normal -0.0724873 0.0480885 0.996209
    outer loop
      vertex 1.38397 3.75487 3.62195
      vertex 0.829991 3.14148 3.61125
      vertex 0.841162 3.13926 3.61217
    endloop
  endfacet
  facet normal -0.0722163 0.0478432 0.996241
    outer loop
      vertex 0.829991 3.14148 3.61125
      vertex 1.38397 3.75487 3.62195
      vertex 0.0333033 4.00166 3.51219
    endloop
  endfacet
  facet normal 0.0855113 0.0141221 -0.996237
    outer loop
      vertex 0.273117 3.99247 3.51219
      vertex 0.520459 3.20305 3.52223
      vertex 0.42421 3.2222 3.51424
    endloop
  endfacet
  facet normal 0.0856224 0.014144 -0.996227
    outer loop
      vertex 0.273117 3.99247 3.51219
      vertex 0.42421 3.2222 3.51424
      vertex 0.400097 3.22378 3.51219
    endloop
  endfacet
  facet normal 0.085467 0.0141082 -0.996241
    outer loop
      vertex 0.520459 3.20305 3.52223
      vertex 0.273117 3.99247 3.51219
      vertex 1.60656 3.66515 3.62195
    endloop
  endfacet
  facet normal 0.099066 -0.0181384 -0.994916
    outer loop
      vertex 1.24372 3.00261 3.5979
      vertex 1.60656 3.66515 3.62195
      vertex 1.46525 2.89336 3.62195
    endloop
  endfacet
  facet normal 0.0990765 -0.0181442 -0.994914
    outer loop
      vertex 0.841162 3.13926 3.55532
      vertex 1.60656 3.66515 3.62195
      vertex 1.24372 3.00261 3.5979
    endloop
  endfacet
  facet normal 0.099053 -0.0181096 -0.994917
    outer loop
      vertex 1.60656 3.66515 3.62195
      vertex 0.841162 3.13926 3.55532
      vertex 0.520459 3.20305 3.52223
    endloop
  endfacet
  facet normal 0.18349 0.455228 0.871263
    outer loop
      vertex 2.57172 3.06605 3.73171
      vertex 1.60656 3.66515 3.62195
      vertex 1.38397 3.75487 3.62195
    endloop
  endfacet
  facet normal 0.326511 0.366387 -0.871293
    outer loop
      vertex 2.57172 3.06605 3.73171
      vertex 2.75089 2.90638 3.73171
      vertex 1.60656 3.66515 3.62195
    endloop
  endfacet
  facet normal -0.0839793 0.0556186 0.994914
    outer loop
      vertex 1.38397 3.75487 3.62195
      vertex 1.625 2.81458 3.69486
      vertex 1.84724 2.66609 3.72192
    endloop
  endfacet
  facet normal -0.0839355 0.0556301 0.994917
    outer loop
      vertex 1.38397 3.75487 3.62195
      vertex 1.24372 3.00261 3.65218
      vertex 1.625 2.81458 3.69486
    endloop
  endfacet
  facet normal -0.0839769 0.0556377 0.994913
    outer loop
      vertex 1.24372 3.00261 3.65218
      vertex 1.38397 3.75487 3.62195
      vertex 0.951328 3.10186 3.62195
    endloop
  endfacet
  facet normal -0.0518106 0.0694634 0.996238
    outer loop
      vertex 2.57172 3.06605 3.73171
      vertex 1.84724 2.66609 3.72192
      vertex 1.94653 2.59974 3.73171
    endloop
  endfacet
  facet normal -0.0517949 0.0694348 0.996241
    outer loop
      vertex 1.84724 2.66609 3.72192
      vertex 2.57172 3.06605 3.73171
      vertex 1.38397 3.75487 3.62195
    endloop
  endfacet
  facet normal 0.0852106 -0.015602 -0.996241
    outer loop
      vertex 1.57591 2.83879 3.63227
      vertex 1.60656 3.66515 3.62195
      vertex 2.75089 2.90638 3.73171
    endloop
  endfacet
  facet normal 0.0852141 -0.0156022 -0.99624
    outer loop
      vertex 1.60656 3.66515 3.62195
      vertex 1.57591 2.83879 3.63227
      vertex 1.46525 2.89336 3.62195
    endloop
  endfacet
  facet normal 0.0871004 -0.0505566 -0.994916
    outer loop
      vertex 2.2981 2.2981 3.72298
      vertex 2.75089 2.90638 3.73171
      vertex 2.3581 2.22967 3.73171
    endloop
  endfacet
  facet normal 0.0871086 -0.0505627 -0.994915
    outer loop
      vertex 1.97847 2.5784 3.68075
      vertex 2.75089 2.90638 3.73171
      vertex 2.2981 2.2981 3.72298
    endloop
  endfacet
  facet normal 0.087108 -0.0505612 -0.994915
    outer loop
      vertex 1.625 2.81458 3.6378
      vertex 2.75089 2.90638 3.73171
      vertex 1.97847 2.5784 3.68075
    endloop
  endfacet
  facet normal 0.0871125 -0.05062 -0.994912
    outer loop
      vertex 2.75089 2.90638 3.73171
      vertex 1.625 2.81458 3.6378
      vertex 1.57591 2.83879 3.63227
    endloop
  endfacet
  facet normal 0.326439 0.366306 0.871354
    outer loop
      vertex 3.45672 2.0163 3.84146
      vertex 2.75089 2.90638 3.73171
      vertex 2.57172 3.06605 3.73171
    endloop
  endfacet
  facet normal 0.431096 0.23442 -0.871323
    outer loop
      vertex 3.45672 2.0163 3.84146
      vertex 3.57137 1.80546 3.84146
      vertex 2.75089 2.90638 3.73171
    endloop
  endfacet
  facet normal -0.0602201 0.0807269 0.994915
    outer loop
      vertex 2.57172 3.06605 3.73171
      vertex 2.5784 1.97847 3.82036
      vertex 2.63957 1.88693 3.83149
    endloop
  endfacet
  facet normal -0.0602181 0.0807269 0.994916
    outer loop
      vertex 2.57172 3.06605 3.73171
      vertex 2.2981 2.2981 3.77746
      vertex 2.5784 1.97847 3.82036
    endloop
  endfacet
  facet normal -0.0602198 0.0807276 0.994915
    outer loop
      vertex 2.57172 3.06605 3.73171
      vertex 1.97847 2.5784 3.73537
      vertex 2.2981 2.2981 3.77746
    endloop
  endfacet
  facet normal -0.0601384 0.0806287 0.994928
    outer loop
      vertex 1.97847 2.5784 3.73537
      vertex 2.57172 3.06605 3.73171
      vertex 1.94653 2.59974 3.73171
    endloop
  endfacet
  facet normal -0.0252744 0.0828664 0.99624
    outer loop
      vertex 3.45672 2.0163 3.84146
      vertex 2.63957 1.88693 3.83149
      vertex 2.7061 1.78736 3.84146
    endloop
  endfacet
  facet normal -0.0252718 0.0828502 0.996242
    outer loop
      vertex 2.63957 1.88693 3.83149
      vertex 3.45672 2.0163 3.84146
      vertex 2.57172 3.06605 3.73171
    endloop
  endfacet
  facet normal 0.0749171 -0.0434814 -0.996241
    outer loop
      vertex 2.43582 2.14105 3.74142
      vertex 2.75089 2.90638 3.73171
      vertex 3.57137 1.80546 3.84146
    endloop
  endfacet
  facet normal 0.0748964 -0.0434729 -0.996243
    outer loop
      vertex 2.75089 2.90638 3.73171
      vertex 2.43582 2.14105 3.74142
      vertex 2.3581 2.22967 3.73171
    endloop
  endfacet
  facet normal 0.0648763 -0.0770117 -0.994917
    outer loop
      vertex 2.81458 1.625 3.80608
      vertex 3.57137 1.80546 3.84146
      vertex 2.97383 1.30208 3.84146
    endloop
  endfacet
  facet normal 0.0648813 -0.077033 -0.994915
    outer loop
      vertex 2.5784 1.97847 3.76331
      vertex 3.57137 1.80546 3.84146
      vertex 2.81458 1.625 3.80608
    endloop
  endfacet
  facet normal 0.0648762 -0.0770612 -0.994913
    outer loop
      vertex 3.57137 1.80546 3.84146
      vertex 2.5784 1.97847 3.76331
      vertex 2.43582 2.14105 3.74142
    endloop
  endfacet
  facet normal 0.431127 0.234437 0.871303
    outer loop
      vertex 3.9348 0.729185 3.95122
      vertex 3.57137 1.80546 3.84146
      vertex 3.45672 2.0163 3.84146
    endloop
  endfacet
  facet normal 0.485037 0.0749304 -0.871277
    outer loop
      vertex 3.9348 0.729185 3.95122
      vertex 3.97144 0.492008 3.95122
      vertex 3.57137 1.80546 3.84146
    endloop
  endfacet
  facet normal -0.0293761 0.0963367 0.994915
    outer loop
      vertex 3.45672 2.0163 3.84146
      vertex 3.00261 1.24372 3.90286
      vertex 3.12333 0.888087 3.94086
    endloop
  endfacet
  facet normal -0.0293742 0.0963356 0.994915
    outer loop
      vertex 3.45672 2.0163 3.84146
      vertex 2.81458 1.625 3.86039
      vertex 3.00261 1.24372 3.90286
    endloop
  endfacet
  facet normal -0.0293906 0.0963624 0.994912
    outer loop
      vertex 2.81458 1.625 3.86039
      vertex 3.45672 2.0163 3.84146
      vertex 2.7061 1.78736 3.84146
    endloop
  endfacet
  facet normal 0.00422425 0.0865245 0.996241
    outer loop
      vertex 3.12333 0.888087 3.94086
      vertex 3.9348 0.729185 3.95122
      vertex 3.45672 2.0163 3.84146
    endloop
  endfacet
  facet normal 0.004222 0.0864902 0.996244
    outer loop
      vertex 3.9348 0.729185 3.95122
      vertex 3.13926 0.841162 3.94487
      vertex 3.15395 0.767302 3.95122
    endloop
  endfacet
  facet normal 0.00423343 0.0865711 0.996237
    outer loop
      vertex 3.9348 0.729185 3.95122
      vertex 3.12333 0.888087 3.94086
      vertex 3.13926 0.841162 3.94487
    endloop
  endfacet
  facet normal 0.0558071 -0.0662534 -0.996241
    outer loop
      vertex 3.02163 1.18767 3.85175
      vertex 3.57137 1.80546 3.84146
      vertex 3.97144 0.492008 3.95122
    endloop
  endfacet
  facet normal 0.0557644 -0.0662155 -0.996246
    outer loop
      vertex 3.00261 1.24372 3.84696
      vertex 3.57137 1.80546 3.84146
      vertex 3.02163 1.18767 3.85175
    endloop
  endfacet
  facet normal 0.0558787 -0.0663311 -0.996232
    outer loop
      vertex 3.57137 1.80546 3.84146
      vertex 3.00261 1.24372 3.84696
      vertex 2.97383 1.30208 3.84146
    endloop
  endfacet
  facet normal 0.0350371 -0.0944371 -0.994914
    outer loop
      vertex 3.2222 0.42421 3.93127
      vertex 3.97144 0.492008 3.95122
      vertex 3.23564 0.219019 3.95122
    endloop
  endfacet
  facet normal 0.0350355 -0.0944189 -0.994916
    outer loop
      vertex 3.13926 0.841162 3.88878
      vertex 3.97144 0.492008 3.95122
      vertex 3.2222 0.42421 3.93127
    endloop
  endfacet
  facet normal 0.0350303 -0.094431 -0.994915
    outer loop
      vertex 3.97144 0.492008 3.95122
      vertex 3.13926 0.841162 3.88878
      vertex 3.02163 1.18767 3.85175
    endloop
  endfacet
  facet normal 0.484934 0.0749144 0.871336
    outer loop
      vertex 3.94968 -0.643764 4.06098
      vertex 3.97144 0.492008 3.95122
      vertex 3.9348 0.729185 3.95122
    endloop
  endfacet
  facet normal 0.48178 -0.0934317 -0.871297
    outer loop
      vertex 3.97144 0.492008 3.95122
      vertex 3.94968 -0.643764 4.06098
      vertex 3.90399 -0.879364 4.06098
    endloop
  endfacet
  facet normal 0.00490104 0.100608 0.994914
    outer loop
      vertex 3.9348 0.729185 3.95122
      vertex 3.2222 0.42421 3.98557
      vertex 3.25 0 4.02833
    endloop
  endfacet
  facet normal 0.00491011 0.100587 0.994916
    outer loop
      vertex 3.2222 0.42421 3.98557
      vertex 3.9348 0.729185 3.95122
      vertex 3.15395 0.767302 3.95122
    endloop
  endfacet
  facet normal 0.00491533 0.100594 0.994915
    outer loop
      vertex 3.9348 0.729185 3.95122
      vertex 3.25 0 4.02833
      vertex 3.23518 -0.226062 4.05126
    endloop
  endfacet
  facet normal 0.0332183 0.0800042 0.996241
    outer loop
      vertex 3.23518 -0.226062 4.05126
      vertex 3.94968 -0.643764 4.06098
      vertex 3.9348 0.729185 3.95122
    endloop
  endfacet
  facet normal 0.0332295 0.0800234 0.996239
    outer loop
      vertex 3.94968 -0.643764 4.06098
      vertex 3.23518 -0.226062 4.05126
      vertex 3.22746 -0.343864 4.06098
    endloop
  endfacet
  facet normal 0.0301281 -0.0812176 -0.996241
    outer loop
      vertex 3.24351 0.0989476 3.96125
      vertex 3.97144 0.492008 3.95122
      vertex 3.90399 -0.879364 4.06098
    endloop
  endfacet
  facet normal 0.0301422 -0.0812438 -0.996238
    outer loop
      vertex 3.97144 0.492008 3.95122
      vertex 3.24351 0.0989476 3.96125
      vertex 3.23564 0.219019 3.95122
    endloop
  endfacet
  facet normal 0.00106246 -0.100708 -0.994915
    outer loop
      vertex 3.90399 -0.879364 4.06098
      vertex 3.2222 -0.42421 4.01418
      vertex 3.25 0 3.97127
    endloop
  endfacet
  facet normal 0.00105746 -0.100715 -0.994915
    outer loop
      vertex 3.90399 -0.879364 4.06098
      vertex 3.13926 -0.841162 4.0563
      vertex 3.2222 -0.42421 4.01418
    endloop
  endfacet
  facet normal 0.0010543 -0.100778 -0.994908
    outer loop
      vertex 3.13926 -0.841162 4.0563
      vertex 3.90399 -0.879364 4.06098
      vertex 3.12352 -0.887529 4.06098
    endloop
  endfacet
  facet normal 0.00110213 -0.100679 -0.994918
    outer loop
      vertex 3.90399 -0.879364 4.06098
      vertex 3.25 0 3.97127
      vertex 3.24351 0.0989476 3.96125
    endloop
  endfacet
  facet normal 0.481711 -0.0934183 0.871337
    outer loop
      vertex 3.90399 -0.879364 4.06098
      vertex 3.94968 -0.643764 4.06098
      vertex 3.4996 -1.94093 4.17073
    endloop
  endfacet
  facet normal 0.421799 -0.250761 -0.871324
    outer loop
      vertex 3.90399 -0.879364 4.06098
      vertex 3.4996 -1.94093 4.17073
      vertex 3.37696 -2.14722 4.17073
    endloop
  endfacet
  facet normal 0.0385956 0.092946 0.994923
    outer loop
      vertex 3.2222 -0.42421 4.06869
      vertex 3.94968 -0.643764 4.06098
      vertex 3.22746 -0.343864 4.06098
    endloop
  endfacet
  facet normal 0.0386162 0.0930146 0.994916
    outer loop
      vertex 3.13926 -0.841162 4.11089
      vertex 3.94968 -0.643764 4.06098
      vertex 3.2222 -0.42421 4.06869
    endloop
  endfacet
  facet normal 0.0386155 0.0930173 0.994915
    outer loop
      vertex 3.00261 -1.24372 4.15383
      vertex 3.94968 -0.643764 4.06098
      vertex 3.13926 -0.841162 4.11089
    endloop
  endfacet
  facet normal 0.0386362 0.092985 0.994918
    outer loop
      vertex 3.94968 -0.643764 4.06098
      vertex 3.00261 -1.24372 4.15383
      vertex 2.97344 -1.30286 4.16049
    endloop
  endfacet
  facet normal 0.0582984 0.0640616 0.996242
    outer loop
      vertex 2.97344 -1.30286 4.16049
      vertex 3.4996 -1.94093 4.17073
      vertex 3.94968 -0.643764 4.06098
    endloop
  endfacet
  facet normal 0.0583246 0.0640832 0.996239
    outer loop
      vertex 3.4996 -1.94093 4.17073
      vertex 2.97344 -1.30286 4.16049
      vertex 2.91926 -1.41274 4.17073
    endloop
  endfacet
  facet normal 0.00090743 -0.0866153 -0.996241
    outer loop
      vertex 3.08527 -1.0002 4.07074
      vertex 3.90399 -0.879364 4.06098
      vertex 3.37696 -2.14722 4.17073
    endloop
  endfacet
  facet normal 0.000906041 -0.086606 -0.996242
    outer loop
      vertex 3.90399 -0.879364 4.06098
      vertex 3.08527 -1.0002 4.07074
      vertex 3.12352 -0.887529 4.06098
    endloop
  endfacet
  facet normal -0.0330391 -0.0951325 -0.994916
    outer loop
      vertex 3.37696 -2.14722 4.17073
      vertex 3.00261 -1.24372 4.09677
      vertex 3.08527 -1.0002 4.07074
    endloop
  endfacet
  facet normal -0.0330634 -0.0951424 -0.994914
    outer loop
      vertex 3.37696 -2.14722 4.17073
      vertex 2.81458 -1.625 4.13948
      vertex 3.00261 -1.24372 4.09677
    endloop
  endfacet
  facet normal -0.0330445 -0.0951222 -0.994917
    outer loop
      vertex 2.81458 -1.625 4.13948
      vertex 3.37696 -2.14722 4.17073
      vertex 2.63733 -1.89028 4.17073
    endloop
  endfacet
  facet normal 0.42181 -0.250767 0.871316
    outer loop
      vertex 3.37696 -2.14722 4.17073
      vertex 3.4996 -1.94093 4.17073
      vertex 2.63754 -3.00961 4.28049
    endloop
  endfacet
  facet normal 0.312223 -0.378598 -0.87131
    outer loop
      vertex 3.37696 -2.14722 4.17073
      vertex 2.63754 -3.00961 4.28049
      vertex 2.45239 -3.1623 4.28049
    endloop
  endfacet
  facet normal 0.0678101 0.0745052 0.994912
    outer loop
      vertex 2.81458 -1.625 4.19376
      vertex 3.4996 -1.94093 4.17073
      vertex 2.91926 -1.41274 4.17073
    endloop
  endfacet
  facet normal 0.0677932 0.0744683 0.994916
    outer loop
      vertex 2.5784 -1.97847 4.23631
      vertex 3.4996 -1.94093 4.17073
      vertex 2.81458 -1.625 4.19376
    endloop
  endfacet
  facet normal 0.067792 0.0744945 0.994914
    outer loop
      vertex 3.4996 -1.94093 4.17073
      vertex 2.5784 -1.97847 4.23631
      vertex 2.35634 -2.23168 4.2704
    endloop
  endfacet
  facet normal 0.0765312 0.0405855 0.996241
    outer loop
      vertex 2.35634 -2.23168 4.2704
      vertex 2.63754 -3.00961 4.28049
      vertex 3.4996 -1.94093 4.17073
    endloop
  endfacet
  facet normal 0.076533 0.0405861 0.996241
    outer loop
      vertex 2.2981 -2.2981 4.27758
      vertex 2.63754 -3.00961 4.28049
      vertex 2.35634 -2.23168 4.2704
    endloop
  endfacet
  facet normal 0.0765491 0.0405938 0.996239
    outer loop
      vertex 2.63754 -3.00961 4.28049
      vertex 2.2981 -2.2981 4.27758
      vertex 2.27225 -2.32077 4.28049
    endloop
  endfacet
  facet normal -0.0284417 -0.0818724 -0.996237
    outer loop
      vertex 3.37696 -2.14722 4.17073
      vertex 2.5784 -1.97847 4.17966
      vertex 2.63733 -1.89028 4.17073
    endloop
  endfacet
  facet normal -0.0284039 -0.0816931 -0.996253
    outer loop
      vertex 3.37696 -2.14722 4.17073
      vertex 2.56463 -1.99417 4.18134
      vertex 2.5784 -1.97847 4.17966
    endloop
  endfacet
  facet normal -0.0284293 -0.0818285 -0.996241
    outer loop
      vertex 2.56463 -1.99417 4.18134
      vertex 3.37696 -2.14722 4.17073
      vertex 2.45239 -3.1623 4.28049
    endloop
  endfacet
  facet normal -0.063271 -0.0783682 -0.994915
    outer loop
      vertex 2.45239 -3.1623 4.28049
      vertex 2.2981 -2.2981 4.22223
      vertex 2.56463 -1.99417 4.18134
    endloop
  endfacet
  facet normal -0.0632561 -0.0783656 -0.994916
    outer loop
      vertex 2.45239 -3.1623 4.28049
      vertex 1.97847 -2.5784 4.26463
      vertex 2.2981 -2.2981 4.22223
    endloop
  endfacet
  facet normal -0.0632725 -0.0783789 -0.994914
    outer loop
      vertex 1.97847 -2.5784 4.26463
      vertex 2.45239 -3.1623 4.28049
      vertex 1.84202 -2.66957 4.28049
    endloop
  endfacet
  facet normal 0.31222 -0.378594 0.871312
    outer loop
      vertex 2.45239 -3.1623 4.28049
      vertex 2.63754 -3.00961 4.28049
      vertex 1.465 -3.724 4.39024
    endloop
  endfacet
  facet normal 0.16585 -0.461793 -0.871344
    outer loop
      vertex 2.45239 -3.1623 4.28049
      vertex 1.465 -3.724 4.39024
      vertex 1.23913 -3.80512 4.39024
    endloop
  endfacet
  facet normal 0.0889737 0.0471825 0.994916
    outer loop
      vertex 1.97847 -2.5784 4.31898
      vertex 2.63754 -3.00961 4.28049
      vertex 2.27225 -2.32077 4.28049
    endloop
  endfacet
  facet normal 0.0889726 0.0471809 0.994916
    outer loop
      vertex 1.625 -2.81458 4.36179
      vertex 2.63754 -3.00961 4.28049
      vertex 1.97847 -2.5784 4.31898
    endloop
  endfacet
  facet normal 0.0889762 0.0471997 0.994915
    outer loop
      vertex 2.63754 -3.00961 4.28049
      vertex 1.625 -2.81458 4.36179
      vertex 1.45908 -2.8964 4.38051
    endloop
  endfacet
  facet normal 0.0857386 0.012326 0.996241
    outer loop
      vertex 1.45908 -2.8964 4.38051
      vertex 1.465 -3.724 4.39024
      vertex 2.63754 -3.00961 4.28049
    endloop
  endfacet
  facet normal 0.0857404 0.012326 0.996241
    outer loop
      vertex 1.465 -3.724 4.39024
      vertex 1.45908 -2.8964 4.38051
      vertex 1.35351 -2.94847 4.39024
    endloop
  endfacet
  facet normal -0.0544022 -0.0673908 -0.996242
    outer loop
      vertex 2.45239 -3.1623 4.28049
      vertex 1.74353 -2.73538 4.29032
      vertex 1.84202 -2.66957 4.28049
    endloop
  endfacet
  facet normal -0.054408 -0.0674005 -0.996241
    outer loop
      vertex 1.74353 -2.73538 4.29032
      vertex 2.45239 -3.1623 4.28049
      vertex 1.23913 -3.80512 4.39024
    endloop
  endfacet
  facet normal -0.0860561 -0.0523539 -0.994914
    outer loop
      vertex 1.23913 -3.80512 4.39024
      vertex 1.625 -2.81458 4.30474
      vertex 1.74353 -2.73538 4.29032
    endloop
  endfacet
  facet normal -0.0860123 -0.0523712 -0.994917
    outer loop
      vertex 1.23913 -3.80512 4.39024
      vertex 1.24372 -3.00261 4.3476
      vertex 1.625 -2.81458 4.30474
    endloop
  endfacet
  facet normal -0.0860493 -0.0523709 -0.994913
    outer loop
      vertex 1.23913 -3.80512 4.39024
      vertex 0.841162 -3.13926 4.38961
      vertex 1.24372 -3.00261 4.3476
    endloop
  endfacet
  facet normal -0.0850059 -0.0517473 -0.995036
    outer loop
      vertex 0.841162 -3.13926 4.38961
      vertex 1.23913 -3.80512 4.39024
      vertex 0.834585 -3.14057 4.39024
    endloop
  endfacet
  facet normal 0.165882 -0.461881 0.871292
    outer loop
      vertex 1.23913 -3.80512 4.39024
      vertex 1.465 -3.724 4.39024
      vertex 0.119995 -4 4.5
    endloop
  endfacet
  facet normal 0 -0.490737 -0.871308
    outer loop
      vertex 1.23913 -3.80512 4.39024
      vertex 0.119995 -4 4.5
      vertex -0.119995 -4 4.5
    endloop
  endfacet
  facet normal 0.0996836 0.0143305 0.994916
    outer loop
      vertex 1.24372 -3.00261 4.40202
      vertex 1.465 -3.724 4.39024
      vertex 1.35351 -2.94847 4.39024
    endloop
  endfacet
  facet normal 0.0997019 0.0143361 0.994914
    outer loop
      vertex 0.841162 -3.13926 4.44433
      vertex 1.465 -3.724 4.39024
      vertex 1.24372 -3.00261 4.40202
    endloop
  endfacet
  facet normal 0.0996853 0.0143183 0.994916
    outer loop
      vertex 0.42421 -3.2222 4.4873
      vertex 1.465 -3.724 4.39024
      vertex 0.841162 -3.13926 4.44433
    endloop
  endfacet
  facet normal 0.0997923 0.0145429 0.994902
    outer loop
      vertex 1.465 -3.724 4.39024
      vertex 0.42421 -3.2222 4.4873
      vertex 0.40357 -3.22355 4.48939
    endloop
  endfacet
  facet normal 0.0848697 -0.0173827 0.99624
    outer loop
      vertex 0.119995 -4 4.5
      vertex 0.40357 -3.22355 4.48939
      vertex 0.277331 -3.23182 4.5
    endloop
  endfacet
  facet normal 0.0848656 -0.0173812 0.996241
    outer loop
      vertex 0.40357 -3.22355 4.48939
      vertex 0.119995 -4 4.5
      vertex 1.465 -3.724 4.39024
    endloop
  endfacet
  facet normal -0.074008 -0.0450524 -0.996239
    outer loop
      vertex 1.23913 -3.80512 4.39024
      vertex 0.715832 -3.16419 4.40013
      vertex 0.834585 -3.14057 4.39024
    endloop
  endfacet
  facet normal -0.0739958 -0.0450424 -0.996241
    outer loop
      vertex 0.715832 -3.16419 4.40013
      vertex 1.23913 -3.80512 4.39024
      vertex -0.119995 -4 4.5
    endloop
  endfacet
  facet normal -0.0986711 -0.0202082 -0.994915
    outer loop
      vertex -0.119995 -4 4.5
      vertex 0.42421 -3.2222 4.43023
      vertex 0.715832 -3.16419 4.40013
    endloop
  endfacet
  facet normal -0.0986812 -0.020201 -0.994914
    outer loop
      vertex -0.119995 -4 4.5
      vertex 0 -3.25 4.47287
      vertex 0.42421 -3.2222 4.43023
    endloop
  endfacet
  facet normal -0.0986526 -0.0202057 -0.994917
    outer loop
      vertex 0 -3.25 4.47287
      vertex -0.119995 -4 4.5
      vertex -0.277331 -3.23182 4.5
    endloop
  endfacet
endsolid OpenSCAD_Model
